LSOA_code,population,pop_density,workplace_density,food_poi_density,shop_poi_density,night_poi_density,betweenness,intersection_density
E01000001,1475.0,11063.54256364563,24422.301415071302,105.00989551934836,67.50636140529537,30.002827291242387,0.0050395517230791,172.51625682081053
E01000002,1384.0,6118.715289436528,31964.09793542348,88.42074117682844,22.10518529420711,22.10518529420711,0.0018556455153794,114.94696346092648
E01000003,1613.0,28148.62996975393,15077.753436991568,34.90220703007307,122.15772460525574,17.451103515036536,0.0006920331180532,87.25551752288861
E01000005,1100.0,5767.050167090615,18040.38147723528,319.8091456295705,214.9536880461048,99.61268470429243,0.0065975948425361,204.46814216510117
E01000006,1845.0,12795.098064853417,2926.575275538288,0.0,0.0,0.0,0.0087351585486074,69.35012497105835
E01000007,2908.0,14676.875875978876,6298.741778962049,45.423618598284,40.376549865141335,10.094137466285334,0.0299133818114703,111.03551206254534
E01000008,1795.0,9280.07797818245,4642.623969029437,0.0,25.849799382123813,0.0,0.03486392843256,87.88931784642466
E01000009,1804.0,14028.918194335472,5552.465405075126,93.31874630378364,116.64843287972954,0.0,0.0343667570348315,171.08436812100905
E01000011,1701.0,18837.693336314445,4186.154074736543,22.14896335839441,55.37240839598602,0.0,0.0070234723097504,44.29792669029816
E01000012,2347.0,16722.06855350968,3398.562718374145,7.124869430553763,35.62434715276881,0.0,0.0147781013333522,99.74817196800232
E01000013,1871.0,8968.207469094628,3345.7021985184665,43.13942662846161,153.38462801230793,4.793269625384623,0.0170072639225181,95.86539245016014
E01000014,1751.0,5147.323066023305,1049.4542173445573,0.0,0.0,0.0,0.0068130617930942,44.09471498806359
E01000015,2418.0,8635.841742256898,1896.4565612648523,0.0,0.0,0.0,0.0023427192345296,53.57221921258823
E01000016,1851.0,9437.621390615335,2534.034484676295,0.0,10.197321869924728,0.0,0.0048453950032667,45.8879483870978
E01000017,1722.0,10709.633191294568,2127.000320222266,0.0,0.0,0.0,0.0066302709003196,93.289487672866
E01000018,1776.0,10236.22285399667,3123.8923349471825,0.0,0.0,0.0,0.0007964455326424,57.63638990900365
E01000019,1657.0,9113.5184902841,2557.505188884796,0.0,5.500011158892034,0.0,0.00062112270577,88.00017848950435
E01000020,2191.0,11628.62103448672,2611.26496986192,0.0,0.0,0.0,0.0004883792246452,58.38194034810597
E01000021,1693.0,9880.292468882855,2620.3492726098066,0.0,5.835967199576407,0.0,0.0086988574736982,105.047409529446
E01000022,1477.0,11507.327353954774,2220.4389274726545,0.0,0.0,0.0,0.0012670499676169,132.44723419070522
E01000024,1485.0,11607.8236690308,2126.14682692012,0.0,0.0,0.0,0.0061991858215308,117.250744061044
E01000025,1920.0,12750.856947413988,2483.760676215016,0.0,0.0,0.0,0.006328145352658,66.41071322800893
E01000027,2082.0,1404.9179311682606,452.1109576766256,0.6747924741442174,2.0243774224326523,0.6747924741442174,0.0251630366153231,37.11358605565884
E01000028,1817.0,12350.274032700663,2392.5682220751974,0.0,0.0,0.0,0.0017734099988644,108.75310093804956
E01000029,1819.0,7189.3316071159925,1490.037391909142,0.0,0.0,0.0,0.0044478750406803,86.9517840909764
E01000030,2563.0,9038.630948355873,1780.9241626686369,3.526582500333934,10.579747501001805,0.0,0.0064748055139324,88.16456245541472
E01000031,1770.0,2098.2670160909715,855.9032687105545,0.0,1.1854615910118482,1.1854615910118482,0.0161278237403065,36.74930929931555
E01000032,2078.0,5479.000520471935,2114.6094405286294,0.0,2.636670125347418,0.0,0.0131661379926745,87.01011408420038
E01000033,1543.0,10807.737060676764,1554.969298425303,0.0,0.0,0.0,0.0008809775645159,70.04366204922098
E01000034,1575.0,3058.582835049935,1481.7134623130796,0.0,0.0,0.0,0.0022431183064218,52.43284856939504
E01000035,1859.0,4713.748799263512,3093.476888166479,15.213820761474487,38.03455190368622,5.071273587158163,0.0091512470519228,81.14037734586412
E01000036,1470.0,3420.070575682817,1593.7063566957345,2.326578622913481,6.979735868740442,0.0,0.0026852815631083,74.45051588864438
E01000037,1696.0,7140.589629782979,2298.798312418341,0.0,0.0,0.0,0.0010692455831868,92.62557297224356
E01000038,1616.0,7611.544241833546,2063.0299368335973,0.0,4.71011401103561,0.0,0.002209849055742,89.49216615594817
E01000039,1752.0,1148.5161187692684,314.6619503477448,0.6555457298911349,0.0,0.0,0.0026102510051989,12.455368860453934
E01000040,1879.0,11099.02325119043,3301.9446500348326,47.25502182518544,82.69628819407451,5.90687772814818,0.0192589884017424,118.13755449230548
E01000041,1842.0,12145.648628438012,2235.274096113185,0.0,0.0,0.0,0.0136184925603963,72.53101782450969
E01000042,1882.0,8112.056428672135,1306.0324643398812,0.0,0.0,0.0,0.011054048729693,103.4481159251245
E01000043,1537.0,5793.176473203941,2306.716982173593,0.0,11.307436187125454,0.0,0.0355446548137516,71.61376247540626
E01000044,1988.0,11393.476628495811,2848.369157123953,0.0,5.73112506463572,0.0,0.0089831715811469,57.31125061202551
E01000045,1723.0,5751.254331432923,1902.620411443277,13.351722185566857,33.379305463917134,3.3379305463917137,0.0625543860593991,106.813777420196
E01000046,1956.0,12453.156407226634,2234.6921773704235,0.0,0.0,0.0,0.0080980157525316,44.566510633055934
E01000049,1973.0,9237.72868708411,1723.0026137085415,0.0,0.0,0.0,0.0105667363207182,56.184867804563154
E01000050,1839.0,13310.382653475788,4241.372612798701,21.71351166961793,65.14053500885377,0.0,0.0255186862041981,108.56755828269132
E01000051,1107.0,16824.711678651318,5365.061628332353,0.0,15.198474867797032,0.0,0.0280158914428707,182.3816983037792
E01000052,2368.0,11806.589976262509,2527.8467558974203,4.985891037273018,19.943564149092072,0.0,0.0117725801680838,114.67549378852202
E01000053,1617.0,9079.94967856604,2773.961126290429,50.537753312983526,89.84489477863738,5.615305923664836,0.0272337969561933,123.53673024654027
E01000054,1871.0,10939.447791727274,2835.72003152738,0.0,0.0,0.0,0.0063490165511293,76.00899049017289
E01000055,1705.0,11580.126900028808,2200.5637041696973,0.0,0.0,0.0,0.0083133326699614,61.12676952363141
E01000056,1702.0,6836.682658057385,2173.117108113423,4.016852325533129,0.0,0.0,0.0099673330324556,48.202227877633575
E01000057,1550.0,10583.310784790185,2546.8225307914445,20.483827325400355,13.655884883600235,0.0,0.0270201185961576,95.59119412768992
E01000058,2135.0,11719.99246415048,2047.5677700834328,0.0,0.0,0.0,0.0134163631516777,71.36295172964105
E01000059,1710.0,8168.429548153776,2245.123910896067,0.0,0.0,0.0,0.0042795493918665,42.99173443814439
E01000060,2180.0,3960.7460538415366,1896.797651472736,3.63371197600141,3.63371197600141,1.816855988000705,0.0016469967006029,59.95624756802402
E01000061,1925.0,3179.0426189500395,1307.948963225159,1.6514507111428778,0.0,0.0,0.006577212470532,33.02901420303644
E01000062,2218.0,9817.8558115951,2084.8557652215027,0.0,0.0,0.0,0.0040413838213231,185.9107050675504
E01000063,1778.0,9741.315499791534,2432.589472388887,0.0,0.0,0.0,0.0002972266943662,54.78805114711586
E01000064,2296.0,10969.732887721804,2986.098891474794,0.0,14.333274679079013,0.0,0.0034527760624944,148.1105049281705
E01000065,1982.0,8571.404907391196,4099.743618671469,0.0,0.0,0.0,0.0053070917269088,103.79097762547102
E01000066,2499.0,10165.09846951868,3258.2008299657714,0.0,0.0,0.0,0.0077598601455906,89.48866194290908
E01000067,2237.0,11641.967455887325,2071.3022116420007,0.0,0.0,0.0,0.0100668439356639,145.71975349545735
E01000068,1795.0,5253.262903256894,2183.2502093758453,0.0,0.0,0.0,0.0312393649092248,40.97252401195202
E01000069,2096.0,10729.108705873165,3040.596646607185,5.118849573412769,10.237699146825538,0.0,0.008992190361943,66.54504441443369
E01000070,2073.0,5237.255365102461,1859.440399766238,10.105654346555642,10.105654346555642,2.5264135866389106,0.0209807251435517,58.10751245778494
E01000071,2607.0,9633.37623742772,3491.96031621373,3.695196101813471,18.475980509067355,0.0,0.0175616631220552,77.59911809132535
E01000072,2150.0,4114.359105931751,903.2453479068776,9.568276990538957,22.96386477729349,1.9136553981077915,0.0143559276508374,44.01407413003998
E01000073,1848.0,6531.683301934347,1700.0755780467643,0.0,0.0,0.0,0.0067962864253082,38.87906725007387
E01000074,1759.0,10688.379278318687,2722.225080549614,0.0,0.0,0.0,0.0088358623550172,78.99313845052139
E01000075,2080.0,4029.759542081176,1007.439885520294,9.686921976156674,9.686921976156674,0.0,0.0147927007574093,48.43460985171572
E01000076,2161.0,11374.818672612904,2737.115090124345,0.0,0.0,0.0,0.0038741090652676,73.69156007443644
E01000077,1719.0,9878.218183960144,2689.357830188102,0.0,0.0,0.0,0.0067525633629069,74.70438412713824
E01000078,1899.0,11056.105534365612,2823.702571968048,0.0,5.822067158697005,0.0,0.0105316290911833,93.1530744832448
E01000079,1716.0,5537.111061028745,1271.3413508422643,0.0,0.0,0.0,0.0119179618152917,61.30833921697948
E01000080,1777.0,7627.819283141687,2867.407586459565,0.0,0.0,0.0,0.0093401741049755,38.6327369201904
E01000081,1976.0,10604.153810828931,2227.0869592581007,0.0,0.0,0.0,0.0098970597547333,75.13064436362086
E01000082,1913.0,11711.00325185786,2540.5469678625263,0.0,18.365399767680916,6.121799922560304,0.0043683247450667,85.70519886450091
E01000083,1919.0,10704.64284802076,1840.8192495293645,0.0,0.0,0.0,0.0145349560147563,83.67360220111459
E01000084,1438.0,9430.657934773892,2367.501748576756,19.67452976656584,91.81447224397392,0.0,0.0149111101730094,65.58176584922991
E01000085,1646.0,11385.527239355964,2600.8251773984457,41.50252942657095,110.6734118041892,6.917088237761824,0.0040216922617665,96.8392352706184
E01000086,1449.0,10417.538518460498,2465.987378766012,0.0,0.0,0.0,0.0075431867888179,79.08414329479737
E01000087,1636.0,4360.780627637314,1378.070650665337,18.658596817519072,34.65167980396399,2.665513831074153,0.0253865120308969,55.975790418988126
E01000088,1975.0,8803.154549807754,3302.8544412190104,4.457293442940635,4.457293442940635,0.0,0.0063327612226279,35.6583475221546
E01000089,1824.0,12084.118191737609,2040.5199578153415,0.0,0.0,0.0,0.000353039164741,33.12532397064362
E01000090,1707.0,878.3184860254554,1419.6137685672124,0.514539241959845,0.0,0.0,0.0126564895829379,29.84327601575793
E01000091,2091.0,8439.541207466174,1864.6905967715795,0.0,0.0,0.0,0.0050414939135626,88.79479026925205
E01000093,1809.0,6190.48931214418,2419.3896869463438,10.266151429758176,30.798454289274527,3.4220504765860587,0.0110866816875247,71.86305996527425
E01000094,2461.0,4100.039632734589,1539.38911850742,0.0,0.0,0.0,0.0100436437944588,73.30424369449997
E01000095,2250.0,979.3847056364696,1711.964465452549,1.3058462741819594,8.270359736485743,0.0,0.0136939936010444,38.74010611080936
E01000096,1658.0,2769.56453200118,1652.0502546134903,5.011274786491882,11.69297450181439,1.6704249288306272,0.0310468140223422,53.4535976904566
E01000097,1933.0,10654.736461023916,2590.649837910626,0.0,0.0,0.0,0.0155924211432877,82.68031392631939
E01000098,1936.0,11148.893660941403,2545.356920524845,0.0,17.27617819360755,0.0,0.00332335876969,97.898343038209
E01000099,2778.0,8952.400911306677,3280.6134369007186,0.0,0.0,0.0,0.0050130468465133,99.90080204595895
E01000100,1942.0,9221.034724273894,2440.58282609515,0.0,0.0,0.0,0.0033744514128217,66.47501856973152
E01000101,1699.0,10552.896985326488,2347.8487701314966,37.26744079573804,74.53488159147608,0.0,0.0053122972416852,136.64728283550826
E01000102,1784.0,7012.833181383491,1761.070215952805,0.0,0.0,0.0,0.0003387791652126,66.82632511884397
E01000103,1773.0,2539.247699292434,620.1321228390434,0.0,0.0,0.0,0.0083072766564756,40.10092246899092
E01000104,1915.0,8858.802020351603,1827.2724793936727,0.0,9.252012553892014,0.0,0.0159178351820367,111.02415057994804
E01000105,2332.0,10428.8546203422,3568.7075416093808,17.888258353931732,67.08096882724399,0.0,0.0147806943232993,120.7457438166484
E01000106,2207.0,9993.127169190477,2223.2104395435085,27.16754101275163,13.583770506375815,4.527923502125272,0.0101333106178706,126.78185798326192
E01000107,1786.0,3310.878896608329,1012.1723838455472,0.0,0.0,0.0,0.0006935152767656,40.78350262134572
E01000108,1915.0,8028.36536924496,1853.0221896638495,12.577073685501244,50.308294742004975,0.0,0.0031941185263874,58.69301049709099
E01000110,1573.0,8350.069561033844,2489.626588763429,0.0,5.308372257491318,0.0,0.0108407937704094,95.550700577455
E01000111,2155.0,7149.704385998693,3221.5141340161167,3.3177282533636627,13.270913013454653,0.0,0.0212953497864858,102.84957579256088
E01000112,1971.0,7134.077504603218,3293.764854991846,0.0,14.478087274689432,0.0,0.0332593545757442,79.6294799629383
E01000113,1993.0,12885.234920766685,3698.120609472425,0.0,6.465245820755988,0.0,0.0249716560639783,148.70065378798236
E01000114,2419.0,9441.434161702213,3180.970997018314,31.22425518545584,101.4788293527315,0.0,0.0113541702234241,120.99398877116148
E01000115,1395.0,4985.316202048186,1790.4253886925742,3.573703370643861,0.0,0.0,0.0155276400451654,107.21110105515956
E01000116,1745.0,7112.975394481478,2596.5417342605742,0.0,4.0762036644593005,4.0762036644593005,0.0154077489677326,158.9719428187793
E01000117,1736.0,5270.450204336627,1858.0158554458617,0.0,0.0,3.0359736200095777,0.0053794012974465,142.690760054733
E01000118,2049.0,7187.342207306955,2353.687955638344,0.0,0.0,0.0,0.0104730354810622,168.3711204214779
E01000119,1793.0,4476.694596693444,1820.13963245372,0.0,0.0,0.0,0.002730892196343,59.92229239061616
E01000120,1495.0,6153.023241244006,2070.214508592465,0.0,0.0,0.0,0.0138069265918997,86.43042674810079
E01000121,1477.0,3921.506847836632,1194.7718899976198,0.0,0.0,0.0,0.0004732512797802,71.68631335681074
E01000122,1511.0,6415.6316340787735,1982.8590159594885,0.0,0.0,0.0,0.000421611714794,123.13257265169648
E01000123,1762.0,3359.056653109267,1893.043845935018,0.0,7.625554263585168,0.0,0.000216963979277,59.0980455073279
E01000124,1867.0,7180.057370935137,3476.5783949252086,23.074635364547845,57.68658841136961,0.0,0.0051291420251907,76.91545116895088
E01000126,2274.0,14406.583857676793,3243.6987401629367,0.0,0.0,0.0,0.0014072082407208,88.69488737320964
E01000127,1557.0,7931.8891655514,1701.5099430277248,0.0,0.0,0.0,0.0046901484190148,40.75472914987353
E01000128,2049.0,8438.57453814075,2158.03467934883,0.0,0.0,0.0,0.0082209607604522,53.53902827233844
E01000129,1604.0,9256.890383351449,4132.128126234187,17.31338600377453,80.7958013509478,0.0,0.0245421322136633,190.4472459271921
E01000130,1939.0,10993.680901852596,2874.572572067698,0.0,0.0,0.0,0.0038254538360337,85.04652574962604
E01000131,2021.0,6047.545707211728,1618.8630517573206,2.9923531455773023,0.0,0.0,0.0124084902554121,68.82412230700174
E01000132,1617.0,10568.348759328415,2124.1269924438684,0.0,0.0,0.0,0.0047282794545198,117.6439564338243
E01000133,1645.0,10322.006118334208,2673.054471981989,0.0,0.0,0.0,0.0042162807833302,112.94596353711908
E01000134,1824.0,11378.824505244962,3655.6969079350592,0.0,0.0,0.0,0.012527256809185,168.43654685190606
E01000135,1699.0,5091.2875903534205,2394.313587223298,2.996637781255692,0.0,0.0,0.005227803714699,50.94284225081785
E01000136,1486.0,2856.712697026854,1218.812819592884,1.9224176965187445,0.0,0.0,0.0031818194988368,49.98286007949322
E01000137,1658.0,13417.242603404186,4280.893448251396,0.0,8.09242617816899,0.0,0.003470829716033,80.92426173320327
E01000138,1617.0,6244.643843924912,2069.9623378749247,0.0,0.0,0.0,0.0043985808520912,69.51366055844278
E01000139,1388.0,3929.9343399918976,1718.638432546889,5.662729596530111,5.662729596530111,0.0,0.0025169780011479,70.78411991418305
E01000140,1957.0,13564.624063970845,5919.360731032754,34.656678753119174,62.38202175561451,0.0,0.0062904677885924,173.28339366154782
E01000141,1864.0,5044.096859024581,3266.215079851217,40.59090820030511,102.83030077410626,5.412121093374014,0.0030014776434807,67.65151362651801
E01000142,2237.0,11198.74992890314,4535.5688134046695,0.0,0.0,0.0,0.0012483754580587,110.13522498346305
E01000143,1671.0,9749.848998326115,2853.1874088458826,5.834739077394444,29.173695386972216,0.0,0.000924804805559,81.68634703445088
E01000144,1660.0,8641.340556898956,5080.691797309266,62.46752209806474,67.67314893957014,5.205626841505395,0.0142812523368164,114.52379044423104
E01000145,1614.0,7691.690011573217,2587.724706495822,0.0,0.0,0.0,0.0064526470800453,52.42167910565609
E01000146,1872.0,8903.269001933515,6725.011949110037,66.58427672386175,166.46069180965438,0.0,0.0057967909619967,123.65651384139198
E01000147,1913.0,9402.250476923497,3214.360591692612,0.0,0.0,0.0,0.0072602521576041,117.95818678027366
E01000150,2255.0,4862.928695453381,3728.6047514141446,0.0,17.252075194513104,0.0,0.0099533529643008,94.88641351283134
E01000151,1721.0,12050.13558418654,4362.135077831617,0.0,0.0,7.001821954785902,0.0009440192123794,49.01275365411828
E01000152,2693.0,14915.947925640115,3904.843404224389,0.0,0.0,0.0,0.0010330141189264,110.77569934399035
E01000153,1929.0,11628.541428164574,2399.2532340121825,0.0,0.0,0.0,0.0018236864814757,102.4806657126994
E01000154,1915.0,14377.641240800882,6486.831348330006,0.0,7.507906653159729,0.0,0.0026517816124003,82.58697313518229
E01000156,2026.0,11346.484868364008,4469.14853156687,67.20524107619353,56.00436756349461,5.600436756349461,0.0200653291418684,128.81004531877753
E01000157,1582.0,12802.236824013682,4013.849219159789,0.0,0.0,0.0,0.0015395004074973,129.47900699187298
E01000158,1464.0,5420.934689635505,2577.1656721217973,0.0,0.0,0.0,0.0095276212659175,51.839539350664886
E01000159,1786.0,3597.187878160013,1252.7720381945849,2.01410295529676,0.0,0.0,0.0037860682534345,56.39488271443939
E01000160,1955.0,6468.1523783207,3725.3910884854777,13.234071362292994,56.24480328974522,0.0,0.0059076848922748,62.86183893310423
E01000161,2034.0,8505.427007373688,3587.8349913110246,25.08975518399318,29.271381047992044,0.0,0.015904246199205,133.81202756754922
E01000162,1651.0,8995.327259279868,4037.2728644012,81.72617134415384,179.79757695713846,0.0,0.0205642969927719,158.00393117051536
E01000163,1691.0,8590.051439697341,2560.2518779464576,0.0,15.239594511586056,0.0,0.004124939419452,71.1181076781475
E01000164,1712.0,3108.135852399305,1764.6659161986706,0.0,23.601498879200328,0.0,0.0159767325598857,67.17349676976299
E01000165,1812.0,9595.023171382623,2430.527392750896,0.0,0.0,0.0,0.0063746202221576,137.6769328400626
E01000166,1620.0,4322.955204931664,1206.157871993279,0.0,0.0,2.6684908672417675,0.0045398271460798,74.71774423796892
E01000167,1389.0,2316.57934354962,1205.8220773120051,0.0,0.0,0.0,0.0031323284995802,48.36630735969049
E01000168,1516.0,4851.930440578867,1414.6129648653423,0.0,0.0,0.0,0.0078619409734185,51.20770910466128
E01000169,1631.0,6868.953529183198,2181.556056478784,0.0,0.0,0.0,0.0035287512697721,88.4414616959523
E01000170,1906.0,6431.957969806439,2541.0620940525964,0.0,13.498337817012464,0.0,0.0182150434088571,60.74252014009147
E01000171,2289.0,6876.666112947425,3367.733819403261,12.01689141624714,12.01689141624714,9.012668562185354,0.0210127072922537,108.15202268128448
E01000172,1690.0,3097.846740813782,1268.4674228657616,0.0,0.0,0.0,0.0292583243220469,67.82268008361306
E01000173,1690.0,4604.569204392238,1659.279671878623,0.0,2.724597162362272,0.0,0.0503153041345765,111.70848358965118
E01000174,1759.0,9375.22497694976,5857.516912829895,10.65972140642383,21.31944281284766,5.329860703211915,0.0481323142109596,143.90623890034516
E01000175,2031.0,4039.076307766052,1268.7989583233586,3.9774262016406223,0.0,0.0,0.006906900010576,67.61624538728266
E01000176,1722.0,7759.613554214149,2185.48929953186,0.0,0.0,0.0,0.0063510288756715,76.60477952526982
E01000177,1663.0,9897.326172171086,4993.299253428467,17.85446693716973,23.805955916226303,0.0,0.0150395365539167,136.8842464362042
E01000178,1673.0,3985.319760833611,1908.0939201600247,2.3821397255431025,2.3821397255431025,0.0,0.020311894036066,88.13916979215927
E01000179,1789.0,12449.811709722117,6068.32633363761,0.0,6.959089832153222,0.0,0.0018339912781669,83.50907793577505
E01000180,1616.0,9511.519621766096,3160.696805005194,0.0,0.0,5.885841350102782,0.007173272191979,206.00444713019823
E01000181,1688.0,11613.308852637983,7161.999120613827,13.759844612130312,48.15945614245609,6.879922306065156,0.031512270453176,75.67914532105829
E01000182,1619.0,7469.576043795699,4392.239897278261,23.06848685545305,73.81915793744977,0.0,0.020749806695186,106.11503947131143
E01000183,1522.0,6668.297882497692,3058.128726664513,8.762546494740725,39.43145922633327,0.0,0.01092268646112,170.86965654482137
E01000184,1873.0,2743.2782214601903,732.3220025254112,0.0,1.4646440050508225,0.0,0.0128699474122254,95.2018602711696
E01000185,1474.0,12388.634784286907,3017.313356552917,0.0,8.404772580927347,0.0,0.0164718703698637,184.9049966696776
E01000186,1771.0,7089.200546938763,2401.761901842608,0.0,0.0,0.0,0.0031675384116905,88.06460301475866
E01000187,1737.0,8149.782003419968,2411.622308438609,0.0,9.383744390811708,0.0,0.0015610764561076,60.99433850359618
E01000188,1578.0,492.9359390772167,237.72132423178823,0.3123801895292881,0.3123801895292881,0.0,0.0137050154496434,17.180910413796155
E01000189,2469.0,15101.732854556149,5749.545922755277,0.0,0.0,0.0,0.0033423591363409,146.79691708901413
E01000190,1731.0,7072.972042100127,2063.460936603445,0.0,0.0,0.0,0.006432349375793,85.80728642119139
E01000191,1549.0,6005.359285365705,1888.0632485300828,0.0,11.63077976507238,0.0,0.0033168649721344,81.41545830663448
E01000192,1997.0,7034.250127579861,4512.205514987382,63.403356182492494,151.46357310262096,0.0,0.011482480820248,130.32912096355557
E01000193,1948.0,6422.7563094419365,4019.168347643594,16.485514141278074,46.15943959557861,0.0,0.0093628335345492,95.6159819621407
E01000194,1906.0,5747.64857335755,3552.324249430847,12.062221560036832,33.171109290101285,3.015555390009208,0.0243692323027768,72.37332931689573
E01000195,2019.0,6573.34814178806,2145.535624288426,9.767233494484488,6.511488996322992,0.0,0.0035561729052635,68.37063442029503
E01000196,2124.0,8627.777846747293,8006.285374735836,44.68246530801329,69.05471911238418,8.124084601456962,0.0162548926156361,162.481691931655
E01000197,1851.0,6635.534018961396,2581.082924717561,3.584837395441057,10.754512186323172,0.0,0.0152057751343054,71.69674786574434
E01000198,2193.0,6636.498868147583,2190.98275446368,0.0,0.0,0.0,0.0047402541810767,102.89145525839544
E01000199,1580.0,4721.593303348753,1592.7906523322058,0.0,20.91845134395017,0.0,0.0024098739418415,86.6621555158203
E01000200,1978.0,7185.666064240621,2139.7155267127027,0.0,0.0,0.0,0.0106815402981941,138.04616293070342
E01000201,1541.0,3919.8057091047194,1518.574956739466,0.0,7.63102993336415,0.0,0.007307551136174,63.59191607323311
E01000202,1673.0,7407.396121542496,3006.349053513063,8.855225488992822,8.855225488992822,0.0,0.0060192985927172,115.1179312878385
E01000203,1843.0,6089.180060659995,2352.4124813835683,0.0,0.0,0.0,0.0113092029365173,148.67775505445317
E01000204,1701.0,5283.464565119489,2497.298947887166,6.212186437530263,21.74265253135592,0.0,0.0074298440545703,80.75842363945449
E01000205,1506.0,3974.180355099317,1717.9225837779918,0.0,0.0,0.0,0.0157088425133321,58.05575548447827
E01000206,1501.0,1135.5763578189678,791.3476817312727,0.0,0.7565465408520772,0.7565465408520772,0.0112401319132247,41.610059721896015
E01000207,1579.0,4581.817879126966,2193.7012771500863,14.508606330357711,60.93614658750239,2.9017212660715423,0.0165563730070762,110.26540804448996
E01000208,1629.0,3998.318232989233,1867.845411482385,4.908923551859094,2.454461775929547,2.454461775929547,0.0262036770069914,98.17847097836984
E01000209,1483.0,3697.016205635851,1480.8008268022222,0.0,0.0,0.0,0.0065312991775002,57.337405717178754
E01000210,1548.0,3087.398556356262,1426.0271109785058,0.0,0.0,0.0,0.0206231331836154,139.6110457461703
E01000211,2128.0,7681.340611029102,6168.896195605608,18.048262713884167,61.36409322720617,0.0,0.0179594598540724,194.9212371931069
E01000212,1347.0,3903.1620086747353,1616.9000748630306,0.0,0.0,0.0,0.0079522569759261,84.03244111627262
E01000213,1351.0,3158.04273785175,1264.6196307755715,0.0,0.0,0.0,0.0081394377572591,46.75118780101191
E01000214,1627.0,4863.288127098425,2495.910009912222,2.9891137843260145,11.956455137304058,0.0,0.0062039401184642,59.78227565059559
E01000215,2146.0,9628.515469446447,2445.266044197724,4.486726686601328,8.973453373202656,0.0,0.0143240783813407,121.14162046561952
E01000216,1978.0,9999.116448079272,3553.781022750115,0.0,0.0,0.0,0.0051741446405085,90.9929706559652
E01000217,1785.0,8412.771862743253,2450.7794782221245,0.0,0.0,0.0,0.0049568380252874,94.26074910577148
E01000218,1844.0,12255.817364389415,4944.863405154949,19.93896534336673,186.0970098714228,0.0,0.0037501164308531,126.28011376539132
E01000219,2196.0,11450.057848431336,2799.9458399852588,0.0,0.0,0.0,0.0079000664033414,161.63560705258956
E01000220,1888.0,12446.350321661228,5860.596099553407,0.0,13.184693137352996,0.0,0.002621851670969,85.70050534139136
E01000221,1412.0,3349.2396568095337,2158.504311399912,4.743965519560246,30.8357758771416,0.0,0.00530114815498,101.99525860929458
E01000222,2038.0,4936.61322334521,1215.9861816090752,2.4222832302969626,0.0,0.0,0.0020796866698152,62.97936394996126
E01000223,2032.0,3712.998568218514,1796.1996026372042,3.654526149821372,25.5816830487496,0.0,0.0019982717742271,74.91778602635615
E01000224,1692.0,10405.991334528197,2872.102809234437,0.0,0.0,0.0,0.0007206527744069,79.9514700163322
E01000225,1870.0,6050.673017416806,1346.0320723237387,0.0,0.0,0.0,0.0107359636107979,64.7130803613843
E01000226,1735.0,9828.558409243746,2033.6901838147,0.0,0.0,0.0,0.0030071886260476,152.95162933176715
E01000227,1869.0,7318.673152143589,2361.241257754192,0.0,0.0,0.0,0.005271125086323,74.40063660095608
E01000228,1436.0,495.18680993182994,301.732909951498,0.0,0.0,0.6896752227462812,0.0058628940488179,14.483179668981428
E01000229,1670.0,5933.224782153744,1524.1637314634468,0.0,0.0,0.0,0.0010954608774032,39.0811212961172
E01000230,1960.0,7239.652665388821,2160.8146985981944,7.387400678968185,29.54960271587274,0.0,0.0037301729563506,92.34250843165178
E01000231,1787.0,4929.725500413425,1431.7445633545426,2.758660044999119,2.758660044999119,0.0,0.0010835481027285,82.7598013003138
E01000232,1871.0,6292.751748331578,1896.9064596787864,0.0,3.363309325671608,0.0,0.0032984669529622,107.62589835692616
E01000233,1938.0,7407.328876935579,3524.02333567317,7.644302246579544,7.644302246579544,3.822151123289772,0.0035368709212546,91.7316269038706
E01000234,1781.0,6468.799836752278,2720.455405798684,0.0,3.632116696660459,0.0,0.0029463984623817,87.17080066762222
E01000235,1862.0,5280.083805559941,2560.642146305385,2.835705588378056,0.0,0.0,0.0102633129520738,59.5498173201763
E01000236,1952.0,8565.180016640044,2571.309164831489,0.0,0.0,0.0,0.0120682096559032,136.02488747772017
E01000237,2100.0,6351.246218992832,3955.9190735441066,18.146417768550947,6.048805922850316,0.0,0.0044830267004392,99.80529766719664
E01000238,2096.0,9596.52725852732,2843.2459100884857,0.0,0.0,0.0,0.0141554236969499,132.77637897438674
E01000239,2058.0,4748.316757837081,2570.274474358848,11.536240908253356,2.307248181650672,0.0,0.0050678434439072,101.51891993158864
E01000240,1734.0,3952.0301367935294,1246.6900143172209,2.279140793998576,0.0,0.0,0.0023071615115521,59.25766060843925
E01000241,1788.0,5357.220784600825,2031.4293579191049,0.0,0.0,0.0,0.0003707742411693,53.9317528327378
E01000242,1601.0,5796.945136130412,1886.451227935006,0.0,0.0,0.0,0.0055295636678645,105.0040030273666
E01000243,2165.0,11630.437968503256,5748.0686495605,42.97621420232149,5.372026775290187,0.0,0.005933251400916,171.90485670626848
E01000244,1638.0,7387.078248559298,2976.478415170413,49.60797358617356,13.529447341683696,9.019631561122464,0.0023040209061631,72.15705244577117
E01000245,2057.0,11421.0988021309,5863.237887724953,5.552308605800145,27.761543029000727,0.0,0.0027091096697356,116.59848065176386
E01000246,1520.0,1407.0060318744756,466.5335789899577,0.0,0.9256618630753128,0.0,0.0135040627797252,33.32382705071131
E01000247,1696.0,6332.549325908153,2389.6412550596806,3.733814461030751,0.0,0.0,0.0153955122257255,78.41010363451612
E01000248,1703.0,6188.100346929306,4149.624542685418,36.33646709882153,174.41504207434335,7.2672934197643055,0.0164125805745151,130.8112814773398
E01000249,1613.0,1991.919949977072,1060.7930793740263,1.2349162740093442,1.2349162740093442,0.0,0.0050842496423906,25.933241738622957
E01000250,2610.0,4460.856181164536,3778.9092017451294,59.8199104753865,129.89466274655354,10.254841795780544,0.0258960056595559,102.54841789623671
E01000251,2262.0,9986.381709173918,4096.977111455966,17.659384101103303,79.46722845496487,4.414846025275826,0.0229128360860396,207.49776306352368
E01000252,1715.0,7533.092759052487,2578.382186334584,0.0,0.0,0.0,0.0039477579451458,114.20432164317587
E01000253,1984.0,597.7084617557771,244.3253843164996,0.0,0.3012643456430328,0.3012643456430328,0.0102431310350165,20.485975491428995
E01000254,1600.0,1050.0338633722256,460.702357554564,0.0,0.0,0.0,0.0213424259186153,27.563388896968007
E01000255,1700.0,1575.1803234796753,706.0514155832427,0.9265766608703973,2.779729982611192,0.0,0.0005554688063828,42.62252637443366
E01000256,1928.0,3468.476509193779,1268.296648849385,0.0,0.0,0.0,0.0018685302336451,34.181044416549895
E01000257,2090.0,3103.375835831922,1925.8748608009585,1.4848688209722114,13.363819388749905,0.0,0.0032708234023224,56.42501516303839
E01000258,1891.0,2383.645340639984,1270.6052371047613,1.2605210685563106,3.781563205668932,0.0,0.0014454189259951,39.07615310180301
E01000259,2643.0,2037.2273076988304,744.5938627457701,2.312403300452702,6.937209901358107,0.0,0.0018789975606303,42.394060482844814
E01000260,2166.0,2642.560180364185,1178.5379197746088,0.0,3.660055651473941,0.0,0.0018774344332398,61.00092748791582
E01000261,1768.0,1480.603918062272,1035.9202752505828,1.6748913100251943,0.0,0.8374456550125973,0.0015645272598032,46.89695665256387
E01000263,1525.0,3853.301067700772,1425.0897063496625,0.0,0.0,0.0,0.0009500018499208,50.53509593949618
E01000264,1823.0,4795.11604493325,3522.0298322356675,55.237211707952966,139.40820097721462,2.6303434146644267,0.0040945952820103,115.7351101757299
E01000265,1922.0,9196.211312744774,3287.095302734474,0.0,4.784709319846396,4.784709319846396,0.0013336152893297,143.54127950900872
E01000266,1436.0,2264.0584963310557,788.3212034578883,0.0,0.0,0.0,0.0012658282664981,25.22627849553169
E01000267,1527.0,5520.4552321672245,2190.828991940627,0.0,0.0,0.0,0.0145343917558763,72.3045871493328
E01000268,2075.0,8211.369292114005,3375.565304179878,15.829145623352298,59.35929608757112,7.914572811676149,0.0548242905935548,193.9070337696768
E01000269,1386.0,5075.772773666909,1940.9520707384288,3.6621737183743934,0.0,0.0,0.010880871570902,128.17608006621123
E01000270,1545.0,6161.485274234475,2029.900326592458,0.0,0.0,0.0,0.0206420591408733,127.61652340269391
E01000271,1638.0,4687.09859454538,1802.7302286713,0.0,14.307382767232545,0.0,0.0055981735435914,108.73610896560744
E01000272,1426.0,3022.101491653728,1097.7900229148886,0.0,0.0,0.0,0.0079626375917734,46.62428665952972
E01000273,1670.0,5071.408790717655,2945.668579039596,36.44126077162387,45.55157596452983,3.0367717309686557,0.0127234270446123,100.21346706184568
E01000274,1936.0,7270.120163012302,2301.9543697967674,0.0,0.0,0.0,0.0054674341001071,67.59409238416484
E01000275,1740.0,5247.343484391164,1972.277378615989,0.0,0.0,0.0,0.0039159871516408,96.50286862048516
E01000276,1538.0,3005.8068544893167,992.8152679327522,0.0,0.0,0.0,0.0022452278868178,25.40668991214104
E01000277,1652.0,8960.129510865223,3313.9462052897406,5.423807209966842,0.0,0.0,0.0012830272270026,178.9856378215347
E01000278,1476.0,5383.2231170098985,1798.0548758034415,7.294340266951082,18.235850667377704,0.0,0.0025837389573453,58.354722100616506
E01000279,1365.0,271.5296709739442,130.49338033619588,0.0,0.1989228358783474,0.1989228358783474,0.0063633543335779,10.741833130982933
E01000280,1337.0,1316.1811637257013,454.8060565753733,0.9844286938860892,1.9688573877721784,0.0,0.0053318963078837,23.626288639081505
E01000281,1789.0,6688.47988002026,6138.895451645202,26.170687065478937,41.12536538860976,3.738669580782705,0.0051668395024286,138.3307744059375
E01000282,1808.0,3425.567922713999,1201.2223799782496,5.684017570874999,18.94672523625,0.0,0.0104923431182238,34.104105404766464
E01000283,1371.0,4126.662921593161,1501.972864970815,0.0,3.0099656612641583,0.0,0.0026501906112908,54.17938187022818
E01000284,1806.0,6469.106157207298,3635.737956569993,7.164015677970429,3.5820078389852146,0.0,0.0021164654478612,114.62425077873532
E01000285,1513.0,7345.532756750195,2009.9474958985995,0.0,0.0,0.0,0.0080024652247972,87.38902150844154
E01000286,1715.0,6408.196622677791,1916.854150107118,0.0,3.7365577974797617,0.0,0.0032750735463363,89.677387085742
E01000287,1631.0,5891.405371912282,1499.0393803455531,7.224286170340015,21.67285851102005,0.0,0.0060847787268118,115.58857865611952
E01000288,1548.0,4618.179063170402,1676.6257322362826,0.0,0.0,0.0,0.0270392651602832,62.64971593567545
E01000289,1583.0,5504.055722988646,1362.9752643155714,0.0,0.0,0.0,0.0056786322853178,76.49350968606622
E01000290,1621.0,791.6482485645142,227.09218728099884,0.4883702952279545,0.0,0.4883702952279545,0.009433098841472,19.046441502456453
E01000291,1561.0,6407.607036082529,2072.9286055231755,0.0,0.0,0.0,0.0032581786066791,73.88656411296643
E01000292,1545.0,5393.422781192734,2813.6561564021645,6.981777063032666,17.454442657581666,0.0,0.0110283901682649,101.23576735320432
E01000293,1772.0,6457.368044741998,2467.064427929082,10.932338676199771,51.01758048893226,0.0,0.011360702314664,58.30580623805845
E01000294,1811.0,5533.8679526248125,13280.060807348114,6.111394757178148,12.222789514356297,3.0556973785890738,0.0072826652551078,73.33673704208431
E01000295,1615.0,7928.818276819541,3657.566325839355,0.0,0.0,0.0,0.0019104971819296,122.7371249543314
E01000296,1785.0,8017.754646661458,5682.05021177969,13.47521789354867,13.47521789354867,4.4917392978495565,0.0112964882393124,157.21087533028407
E01000297,1421.0,6135.219362827586,2806.3987233201487,0.0,0.0,0.0,0.0059743893865152,103.62087587579258
E01000298,1711.0,6388.681465482131,4021.3968079042975,48.54053714276312,74.6777494504048,3.73388747252024,0.0104228780514275,130.68606145980618
E01000299,2219.0,13371.762251627872,7791.657769875997,144.62473818795354,361.5618454698839,6.026030757831398,0.0070087620863474,120.52061508440885
E01000300,1667.0,9803.932781082229,4205.046153853505,0.0,0.0,0.0,0.0047338298177922,82.33656799808713
E01000301,1495.0,5176.262005037257,1945.859027980561,6.92476522413011,27.69906089652044,0.0,0.0067772366202911,86.5595652496872
E01000302,1800.0,8266.265483237155,6126.221197021314,0.0,9.18473942581906,4.59236971290953,0.0067828083348849,110.21687304361826
E01000303,1502.0,7075.625844916222,2345.979807435605,0.0,0.0,0.0,0.0031206242539281,122.48087340733184
E01000304,1557.0,8798.841166238035,3079.8769657031016,0.0,0.0,0.0,0.0049602681834004,107.37185745536895
E01000305,1621.0,2352.0407261557384,1311.6871168690857,13.058831915732044,37.72551442322591,1.4509813239702272,0.0145991828740169,50.78434630845364
E01000306,1971.0,13601.73330468022,3802.412506787824,0.0,0.0,0.0,0.001171737450507,62.108371216985375
E01000307,1653.0,3311.805238263758,5289.271523905821,24.042143290481,80.14047763493667,0.0,0.001693600743074,124.21774025962058
E01000308,2110.0,4000.643702943968,1359.4604431330922,0.0,0.0,0.0,0.0069419131597415,22.75247602204626
E01000309,2051.0,7119.283779221861,2422.8474294962743,0.0,3.471128122487499,0.0,0.0053389274781768,72.89369052849095
E01000310,2193.0,7070.479231076532,3114.492903429061,6.448225472938014,0.0,3.224112736469007,0.0024544810347762,119.29217117776112
E01000311,1771.0,5225.461443210531,1705.430103995306,2.95057111417873,0.0,0.0,0.0050976591172802,59.01142224808988
E01000312,1768.0,12023.986069087254,3652.081741572317,0.0,0.0,0.0,0.0014354588676838,61.20807384429083
E01000313,1901.0,8752.06662473887,3761.408959711551,23.01963867632528,64.45498829371078,0.0,0.0161242992231894,92.0785546501132
E01000314,2166.0,8791.813108942102,3770.8191958482057,4.059008822226271,20.295044111131357,0.0,0.0003556163169271,97.4162116750377
E01000315,1699.0,3349.372798724996,1344.4804289172732,0.0,0.0,0.0,0.0089801498145847,55.198609951700135
E01000316,2287.0,5639.685464788946,3030.683618813124,14.795851678501826,2.465975279750304,0.0,0.0126745556998412,86.30913473937656
E01000317,1584.0,9280.35996483408,3480.134986812779,0.0,23.43525243644969,0.0,0.0124280998484759,140.6115145344079
E01000318,1926.0,7090.268001688381,2878.8107878090937,7.362687436851901,29.45074974740761,0.0,0.0129621427058337,77.30821804061495
E01000319,1402.0,8802.568832210849,3283.697217722022,0.0,0.0,0.0,0.0025201391087807,43.95005833698093
E01000320,1934.0,8146.410444590531,2737.935258006125,0.0,0.0,0.0,0.0039775707791824,160.06390729492816
E01000321,1961.0,11089.707483921382,6209.331370395552,50.89615877373403,152.6884763212021,11.31025750527423,0.0028838229484076,118.75770373422974
E01000322,1859.0,9289.347950492393,3382.941668899058,9.99391925819515,59.96351554917091,4.996959629097575,0.0027919931181634,164.89966766119232
E01000323,2367.0,11063.693476475504,6272.698202547582,93.48283461322777,233.70708653306937,18.69656692264555,0.0091661444004958,158.92081874713404
E01000324,1831.0,6713.2624960352205,2870.827162422489,7.332891858039563,21.99867557411869,3.6664459290197815,0.0185061591474101,128.3256074385987
E01000325,1647.0,4207.014290303822,1325.7075996767965,10.217399612152573,22.98914912734329,0.0,0.013082422072484,63.85874753753952
E01000326,1381.0,5080.458460783008,1563.5009745349591,14.715303289740792,7.357651644870396,0.0,0.0132852903461095,80.93416804503337
E01000327,1628.0,4211.9424483350285,1267.7222356782331,0.0,12.935941180390136,2.587188236078027,0.0189403810802765,62.09251762855623
E01000328,1635.0,2960.37831966789,1223.9851645844,0.0,1.8106289416928991,0.0,0.0064288316410098,47.07635245571602
E01000329,1695.0,3523.117564615883,2107.6349324604757,0.0,0.0,4.157070872703107,0.0174588210964383,37.41363783186997
E01000330,1656.0,6471.246594968676,5443.506344680776,19.538788028287065,50.80084887354637,3.907757605657413,0.0224268507959989,113.32497049607554
E01000331,1689.0,3167.664693487511,789.5718389332399,3.750935101820617,0.0,0.0,0.01407074596209,60.01496159305176
E01000332,1593.0,5712.098878000373,1638.6874998406597,0.0,0.0,0.0,0.0035619242828766,111.15823296408472
E01000333,1917.0,6623.933964510042,2760.8363263659485,41.4643753646951,214.23260605092463,13.821458454898366,0.0085777577755604,117.48239679612216
E01000334,1675.0,6230.274960517352,1476.6681548211277,0.0,3.7195671406073743,3.7195671406073743,0.0034022787831595,85.55004418263864
E01000335,2726.0,1950.2091494097983,1565.3182754617164,3.577052731859498,5.723284370975197,0.7154105463718996,0.0003566435691709,42.92463275654635
E01000336,1998.0,11031.246669987224,2644.628205667608,0.0,0.0,0.0,0.0003150267756394,121.46517847553744
E01000337,1736.0,6310.473131625866,1537.6325660586067,0.0,3.63506516798725,3.63506516798725,0.0005453226924489,76.33636848187837
E01000338,1854.0,10800.129381976589,2860.228439347629,0.0,5.825312503762992,5.825312503762992,0.001202866606097,163.1087500075897
E01000339,1619.0,6247.456985000535,1859.959398869832,3.8588369271158336,0.0,0.0,0.0078343346892961,115.76510774393522
E01000340,1584.0,6886.192923111685,1843.273863257168,4.3473440171159625,8.694688034231925,4.3473440171159625,0.0124940682418116,156.5043845224574
E01000341,1542.0,6473.114381705686,2082.1431474228407,0.0,0.0,0.0,0.0031519349309605,121.73820814318474
E01000342,1524.0,6831.397527767658,1923.0115088007385,0.0,0.0,0.0,0.0040275610735842,134.47632920596985
E01000343,1509.0,4894.67985608326,2114.8649875190763,12.974631825270404,51.89852730108162,3.2436579563176013,0.0195504518208621,116.7716863573122
E01000344,1592.0,7095.790915183145,2518.29263007442,8.9143101949537,49.02870607224535,4.45715509747685,0.0190749619314285,98.05741208544052
E01000345,1342.0,6391.10665125254,1957.3359416280136,0.0,0.0,0.0,0.0148947765565217,100.00986557074232
E01000346,1588.0,4521.441941005826,1511.8927397192028,0.0,2.847255630356314,0.0,0.0198571908062639,111.04296951715064
E01000347,1521.0,7739.267045334131,2717.139120452614,5.088275506465569,50.88275506465569,0.0,0.0160040685734386,218.79584664639555
E01000348,1515.0,5141.564870570671,1618.8293354866073,0.0,0.0,0.0,0.014029728674559,61.08789941562539
E01000349,1723.0,5222.607054544372,1454.9340604650602,0.0,0.0,3.031112625968875,0.0120946691270893,69.71559035542327
E01000350,1486.0,5625.863137006963,2180.68449994348,18.929552950898263,26.501374131257567,3.7859105901796526,0.0113452649370912,106.00549646120248
E01000351,1612.0,5182.621379586024,1572.1475524922864,0.0,0.0,0.0,0.0115689967069474,80.37564169459911
E01000352,1618.0,4681.826445449407,2517.422130742265,8.680765968076775,46.29741849640947,2.893588656025592,0.0187173880154907,133.10507809726542
E01000353,1637.0,4886.965504714043,1295.627995751921,0.0,0.0,0.0,0.0120103032867129,98.51549270545983
E01000354,1492.0,7274.398296320784,1808.848369929632,0.0,0.0,0.0,0.0191589098356056,87.76083730249046
E01000355,1441.0,3422.0520118016025,1185.013153288688,0.0,0.0,0.0,0.0112123432159151,54.619844708005
E01000356,1568.0,5017.362832660343,2038.3036507682643,28.798638707871863,95.99546235957288,3.199848745319096,0.0230136991184423,99.19531104536298
E01000357,1403.0,7053.252999248048,2247.187520074039,0.0,0.0,0.0,0.0042006199854121,20.10906057026388
E01000358,1658.0,5634.64969385822,2314.352497899546,10.195385453301965,30.586156359905896,6.796923635534644,0.0145821994987749,108.75077810334888
E01000359,1263.0,6106.63125763017,1977.5235030647184,0.0,4.835020789889287,0.0,0.0261242563250815,87.03037416585363
E01000360,1910.0,4301.279277901756,4819.234374193591,76.56727510401032,204.9300598372041,15.763850756708008,0.0209892921028996,137.37069936884686
E01000361,1591.0,5613.737017467412,2021.7921502255356,0.0,0.0,0.0,0.0149791085403776,56.45492911728206
E01000362,1864.0,4690.869982092779,4582.657852677548,17.615928044339835,62.91402872978513,5.0331222983828106,0.0113973254801117,88.07964016888327
E01000363,1559.0,3706.517070732571,1830.67231845034,0.0,0.0,2.3774965174679736,0.0115214529966241,78.45738502940023
E01000364,1698.0,3944.015395885773,1019.6836035299496,0.0,2.3227416936900904,0.0,0.0083438029143187,102.20063446101275
E01000365,1728.0,5062.931068870708,2827.3891675117093,8.789810883456092,58.59873922304061,0.0,0.0114184719183078,73.24842398488332
E01000366,1640.0,7048.938318773335,3309.5625033265046,4.298133121203253,4.298133121203253,0.0,0.0091949024115722,141.83839291469667
E01000367,2266.0,8638.798209094011,1883.303757851916,0.0,0.0,0.0,0.004393928278992,121.99538505078804
E01000368,1680.0,6947.849090735424,1741.0978971426268,0.0,0.0,0.0,0.002441284730941,70.30561575684325
E01000369,1727.0,6464.901091262436,2399.5376951356234,0.0,0.0,0.0,0.0070551647245507,71.12514224676215
E01000370,1558.0,4769.0705058026615,2050.883978746973,15.305104319007258,39.79327122941887,6.122041727602904,0.0100340230913663,76.52552154909857
E01000371,1620.0,7107.318148974109,1868.9614391746727,0.0,0.0,0.0,0.0041022006298264,52.64680107197456
E01000372,1689.0,7445.290172027967,1551.6531323587,0.0,0.0,0.0,0.0008984597724891,105.7945316882509
E01000373,1325.0,14767.37825501366,3020.3467978178883,0.0,0.0,0.0,0.0026488233381012,66.87114677475742
E01000374,1579.0,2128.229706987634,2048.7075076765063,0.0,4.043501659887841,0.0,0.0028625716871637,56.60902320443963
E01000375,2128.0,5003.446135649674,2205.466388740317,7.053730454393338,21.161191363180013,0.0,0.0021329726882243,86.99600888524455
E01000376,1614.0,2954.030857641784,1295.8202275157269,0.0,1.8302545586380323,0.0,0.0019211113314832,51.24712761115014
E01000377,1474.0,3427.25468289192,1257.9001244535473,0.0,0.0,2.3251388622061877,0.0132983856562318,58.12847152032506
E01000379,1712.0,5185.181369549881,1444.702986726223,0.0,0.0,0.0,0.0103452852202675,81.7756407090227
E01000380,1736.0,7799.43294969503,2542.9026782991864,0.0,0.0,0.0,0.0085018318094736,89.85521826074289
E01000381,1617.0,786.9532523777553,337.26567959046656,0.4866748623239056,1.4600245869717168,0.4866748623239056,0.0022029445771071,18.49364475719971
E01000382,1572.0,2702.428424276785,1117.416333193327,0.0,3.438204102133314,0.0,0.0052524812586541,27.50563280055766
E01000383,1593.0,569.5810667011559,176.6309145953365,1.0726573760850393,3.217972128255118,0.0,0.0099536640616614,17.16251800705812
E01000384,1719.0,5669.631997238545,1975.6309286479864,3.2982152398129987,0.0,0.0,0.0009229814398833,52.77144380539292
E01000385,2006.0,3404.437232637286,3519.8418845910924,8.485636173073992,27.154035753836776,1.6971272346147983,0.0075116358357129,61.09658040939823
E01000386,1537.0,2787.757705820032,1626.9477307225557,0.0,16.32389027480825,0.0,0.0090958569259465,65.29556106004796
E01000387,1558.0,5034.514988466231,1457.3596019244355,0.0,3.2313960131362207,0.0,0.0055606032538928,77.55350426876522
E01000388,1513.0,2851.6608001760865,1423.0032413304332,0.0,1.8847725050734212,0.0,0.0204380284734041,47.11931259856184
E01000389,1700.0,3819.88172228844,1474.024946953657,4.4939784968099294,0.0,0.0,0.0240023599466749,80.89161289405195
E01000390,1332.0,2472.87894833428,737.036743610142,1.856515726977688,0.0,1.856515726977688,0.0138523774930785,70.54759758278092
E01000391,1748.0,3734.322893592552,1021.170676851968,0.0,0.0,0.0,0.0188257039829632,23.499743595439483
E01000392,1957.0,8866.466254707475,5599.873424025774,13.591925786470323,18.12256771529377,18.12256771529377,0.0209704023537448,113.26604815252064
E01000393,1695.0,6083.029614269373,3021.776362958592,0.0,21.532848192103977,0.0,0.0228098098422941,93.30900877654264
E01000394,1628.0,6820.7284443026,3154.79638732178,20.94818318274754,41.89636636549508,4.189636636549508,0.0102683272082889,150.82691882522508
E01000395,1529.0,4819.432146022915,1531.879674929455,0.0,3.1520157920359155,3.1520157920359155,0.0085276641402129,91.4084579142261
E01000396,1452.0,6738.60500415421,1921.3377904406632,0.0,0.0,0.0,0.0203865214032906,111.38190082845055
E01000398,1593.0,6836.29921900907,1446.222747524204,0.0,0.0,0.0,0.0115904955831104,77.2463188124157
E01000399,1571.0,5331.809875185841,1717.311137392766,0.0,10.181686585332605,3.3938955284442014,0.0066621785783996,84.84738816014438
E01000400,1573.0,5585.232325757966,2023.892196873516,0.0,3.550688064690379,0.0,0.0363470070262557,92.31788962653978
E01000401,1816.0,6778.171508532903,2515.687002616287,0.0,11.197419892950832,0.0,0.0096093694133379,63.452046021949926
E01000402,1605.0,5081.392057266284,1218.9008984719744,0.0,0.0,0.0,0.0042148538367779,91.81331437526032
E01000403,2403.0,3845.261936131608,2531.504112759136,8.000961165483995,19.202306797161587,3.200384466193598,0.006277818217919,78.40941937470191
E01000404,2423.0,14313.353176712302,3077.6958337049564,11.81457133859868,35.44371401579604,5.90728566929934,0.0028770381518482,124.05299898077077
E01000405,1576.0,3989.6876146171007,4614.974950156709,0.0,2.5315276742494293,0.0,0.0009141930767367,68.35124716364562
E01000406,2144.0,5062.474302272999,1785.088886435815,0.0,9.44491474304664,0.0,0.0048389713640125,80.28177526777706
E01000407,1870.0,4286.390641981724,2113.396883372807,0.0,4.584375018162272,0.0,0.006359632567469,82.51875027730729
E01000408,1774.0,1636.1273508696313,2434.82311516112,0.0,0.0,0.9222814830155758,0.000138404073032,35.96897781602334
E01000409,1742.0,7706.65504544804,2105.836855128167,0.0,0.0,0.0,0.0336282096005243,44.24027003917405
E01000410,1658.0,5953.818572539038,2607.039978084042,10.77289247142166,3.590964157140553,3.590964157140553,0.0004025164113785,125.68374542443168
E01000411,1494.0,7881.593203688756,2115.4744810436355,0.0,0.0,0.0,0.0050498265112273,158.2649236737605
E01000412,1766.0,7296.930957737785,2441.9514133765747,12.395692453688197,8.263794969125465,4.1318974845627325,0.0084255594408928,99.16553956988932
E01000413,1347.0,6552.198654468365,2086.78041779282,0.0,4.864290018165081,4.864290018165081,0.0137841533404025,184.8430205792293
E01000414,1894.0,6476.578480038678,4236.790251725408,44.45381216499621,106.00524439345249,6.839048025384032,0.0256318529467425,133.36143641485913
E01000415,1465.0,6453.026181366334,1827.9903517181085,0.0,0.0,0.0,0.0124903333887843,57.26234833271127
E01000416,1631.0,9239.802787161832,2532.3064658867806,0.0,5.665115136212037,0.0,0.0,158.62322371844968
E01000417,1739.0,2358.720984422501,686.3213445185655,2.7127325870299037,6.781831467574758,0.0,0.00423589503361,51.5419191226435
E01000418,1946.0,3760.955371923826,894.8213449130171,0.0,1.932659492252737,0.0,7.45971752536304e-05,48.31648727734064
E01000419,1495.0,5582.573322262792,1553.4117070644293,7.468325514732833,37.34162757366416,0.0,0.0072779307913736,108.29071989866424
E01000420,1522.0,5567.142071805661,1832.5480801410224,0.0,0.0,0.0,0.0080980343657998,102.4178567127732
E01000421,1521.0,5355.702835345231,1577.4851217847884,0.0,0.0,0.0,0.0057172980088807,66.90227074984993
E01000422,1338.0,12701.11695669388,2325.690324656204,0.0,0.0,0.0,0.0,161.37443059310718
E01000423,1607.0,5537.049832941453,1622.868992728951,0.0,0.0,0.0,0.0026911196009158,72.35721619281765
E01000424,1727.0,4452.197432121612,1910.2943237997188,0.0,5.155990077732034,0.0,0.0042071976950766,85.07383623147362
E01000425,1800.0,5016.985762248165,1973.347733150945,0.0,0.0,0.0,0.0029290281685248,50.16985759236632
E01000426,1672.0,6452.605533654053,2971.594653656472,23.15528301550497,65.60663521059743,0.0,0.0022513853432206,104.19877350716288
E01000427,2011.0,4937.842868059133,1731.068732959567,2.4554166424958392,7.366249927487519,2.4554166424958392,0.0027130866422835,63.840832666616656
E01000428,1902.0,2151.09739238019,2624.972159681609,9.047728253965046,11.309660317456308,3.3928980952368923,0.0042230924776639,68.98892789507111
E01000429,1693.0,5432.1849709933895,1501.631758077322,0.0,6.417229735373172,0.0,0.0015080647835024,77.00675677830574
E01000430,2050.0,1359.8954309976868,746.2840779865354,0.0,0.0,0.0,0.0001519572088499,23.21772685675183
E01000431,1199.0,8147.51664067787,1909.46803672267,0.0,6.795259917162527,0.0,0.0016449857637444,142.7004581746422
E01000433,1957.0,6262.55121848235,1728.041726101415,6.400154541116351,6.400154541116351,0.0,0.002684775624327,60.80146810408945
E01000434,1593.0,1024.2867818434872,316.9952187375011,0.0,0.0,0.0,0.0003759423639182,17.36079290218225
E01000435,1490.0,8607.431113194869,1981.4421958562689,0.0,5.776799404828772,0.0,0.0044995730492615,86.65199102027013
E01000436,1757.0,6339.780916714841,2107.246474309315,7.216597514757929,39.691286331168605,3.608298757378965,0.0058774351142718,79.38257261452192
E01000437,1373.0,5150.491266159726,1406.7255825272375,0.0,0.0,0.0,0.0052378679052867,52.51775504952014
E01000438,1688.0,9064.4524656437,2684.968147406309,0.0,5.369936294812618,0.0,0.0034132577599481,225.53732424664057
E01000439,1424.0,5728.702704513231,2840.213559962318,16.09186152953155,140.80378838340104,0.0,0.0077637808304292,140.80378829898967
E01000440,1385.0,5766.710755132256,1715.4403112739997,0.0,0.0,0.0,0.0102257361057506,66.61904117453105
E01000441,1802.0,7562.984644915076,3739.5223743725487,8.393989616997864,29.378963659492527,16.787979233995728,0.0054073343647065,83.9398961194988
E01000442,1679.0,5437.448325003185,1408.749268240849,0.0,0.0,0.0,0.011570965282843,113.34764220413712
E01000443,1330.0,4879.140913715196,1518.770179156459,0.0,0.0,0.0,0.0181872099599361,132.06697202136246
E01000444,1642.0,1186.2569474865309,364.11297291913,0.0,3.612231874197719,0.0,0.0169982049001054,25.285623104201797
E01000445,1666.0,2816.862009360982,984.0418304010154,10.1447611381548,20.2895222763096,1.6907935230257995,0.0156719378261328,59.1777732703526
E01000446,1505.0,5459.542515488168,2238.2310512001327,7.255206000648728,3.627603000324364,3.627603000324364,0.0086660394210768,87.06247195547674
E01000447,1959.0,1980.282085035388,1474.850210345396,19.206411238219687,37.40195872705939,7.076046245659884,0.0285473210743854,52.56491493621381
E01000448,1346.0,2923.7650840870724,1138.2265260487563,0.0,0.0,0.0,0.0210862766446428,43.44376051016272
E01000449,1562.0,3434.3514372561594,1059.7678570790454,0.0,0.0,0.0,0.0091348556554957,63.76196646646336
E01000450,1801.0,7864.921061276599,1986.973394159274,0.0,0.0,0.0,0.0096706626110138,87.33948980073131
E01000451,1750.0,8418.98066718901,2578.613507207605,0.0,0.0,0.0,0.0089845937134944,57.7301531118269
E01000452,1420.0,8802.524232152546,2622.16038746516,0.0,0.0,0.0,0.0069484126984126,68.18856795461666
E01000453,1477.0,7059.28002247939,2136.4239472229438,0.0,4.779471917724706,0.0,0.0093347438307384,62.13313489319862
E01000454,1631.0,8013.392228767649,2918.427335308389,0.0,0.0,0.0,0.0172416779922441,127.74261055950804
E01000455,1792.0,6833.940733523254,1902.9779163103256,0.0,0.0,0.0,0.0085266123082898,68.64449393393352
E01000456,1422.0,8416.294119765007,2420.72031996054,0.0,0.0,0.0,0.0045750329597534,82.86084219824089
E01000457,2175.0,7258.445124766043,5913.547016591001,66.74432298635442,166.86080746588604,3.3372161493177206,0.0032984616508517,143.50029433450044
E01000458,1542.0,4611.046096228389,1641.6759447661382,0.0,0.0,0.0,0.0048183886628792,65.7866498419078
E01000459,1871.0,5912.187629519089,2085.539195875253,31.599078725382626,75.83778894091829,3.159907872538262,0.0022419354535992,120.07649908443416
E01000460,1261.0,2476.0842049795456,1178.1526748514889,0.0,0.0,0.0,0.0032292409568576,41.235343595090754
E01000461,1637.0,2985.6420151819725,1165.4399802695666,0.0,0.0,0.0,0.0238547205368349,47.42009306546481
E01000462,2054.0,4437.918203459137,4900.291375581948,23.76684529603238,49.69431289170407,10.803111498196536,0.0184650724407288,82.1036473370318
E01000463,1251.0,5317.428952685635,1615.2062366271311,0.0,0.0,0.0,0.0057710531153451,106.26356813564328
E01000464,1518.0,10409.976929391927,2345.330770653517,0.0,0.0,0.0,0.0,96.00769230841598
E01000465,1690.0,6367.678066419615,1944.2141315222016,3.767856844035275,7.53571368807055,0.0,0.0,56.51785262669048
E01000466,1713.0,724.7475574535638,1024.2929577320945,0.4230867235572468,1.2692601706717404,0.0,0.0,37.65471837400124
E01000467,1677.0,9595.589988181697,2437.5201758887315,0.0,0.0,0.0,0.0,85.8281751558951
E01000468,2932.0,10089.54053231196,2013.090454093621,0.0,0.0,0.0,0.0,82.58832627224734
E01000469,1738.0,4573.94642028918,1060.5871158668235,0.0,0.0,0.0,0.0,57.89805591831301
E01000470,1307.0,3665.353912121043,1124.5653548282617,0.0,2.80440238111786,2.80440238111786,0.0,44.870438070924784
E01000471,1721.0,12345.549768004876,2109.0015292233784,0.0,0.0,0.0,0.0015606723134472,35.86737292443443
E01000472,2404.0,5595.873741933556,3610.316212037831,13.966407009817528,18.621876013090034,0.0,0.0179548672170403,72.159769507413
E01000473,2704.0,15572.686573490835,4998.924536164958,11.518259299919258,51.83216684963666,5.759129649959629,0.0164559996194708,178.5330190414352
E01000474,2272.0,11575.469962123769,1645.6323933829124,0.0,0.0,0.0,0.0005902566907305,96.80190543496973
E01000475,2124.0,6790.130434524645,3423.8369563916644,0.0,12.787439613040764,0.0,0.0197450010789065,191.81159408086552
E01000476,2196.0,9640.1852088725,2695.3887605863915,0.0,0.0,0.0,0.0039928285993398,144.86617108462664
E01000477,2376.0,6265.506898556808,4986.562939886752,5.273995705855898,7.910993558783848,5.273995705855898,0.0047560228791308,150.30887752685902
E01000478,2528.0,13153.06587978784,3694.0968254150976,0.0,15.608859825697596,0.0,0.0056430344569047,109.2620187142764
E01000479,1759.0,5670.355076846525,1534.4451487088947,0.0,0.0,0.0,0.0114964392707619,119.2740976221224
E01000480,1688.0,5696.918567195314,1511.9783875020737,0.0,0.0,0.0,0.0067171274536276,97.87360091790042
E01000481,1635.0,6339.6091281142135,2128.712789807158,3.877436775605024,3.877436775605024,0.0,0.0136093542271609,100.81335610513938
E01000483,1852.0,8278.047051942256,2033.7534603853817,0.0,8.939575650045633,0.0,0.007686818142366,71.51660515733249
E01000484,1765.0,5791.687832623325,2523.4039338738457,0.0,0.0,0.0,0.0058422276687298,62.3467811635078
E01000485,1604.0,9115.31063389188,3119.8912331712227,0.0,0.0,0.0,0.0064070417744251,85.24292981688637
E01000486,1698.0,2273.8931637237997,578.5169886505779,0.0,0.0,0.0,0.0024880479096439,22.765714817497965
E01000487,1987.0,6471.436215080847,2152.802887855279,22.798215151266195,81.42219696880784,3.256887878752313,0.0171526227637984,107.4772999342302
E01000488,1647.0,10211.561811485875,3348.053052946189,0.0,0.0,6.200098246196646,0.0003740974597506,74.40117890971683
E01000489,1728.0,5404.841036087594,2574.180655497737,9.38340457654096,15.63900762756827,0.0,0.000494632683139,59.428228949090936
E01000490,1771.0,13354.172447365192,5361.274201059657,22.6214101310534,67.86423039316021,7.540470043684468,0.0033408972329884,75.40470039164319
E01000491,2066.0,5642.16888015569,2313.1253831035187,0.0,0.0,0.0,0.0016946859619416,46.4263653945506
E01000492,1273.0,7891.990259026195,2554.2026604232465,0.0,18.59856306133432,0.0,0.000708502997118,43.39664711702973
E01000493,1597.0,8695.040735826067,3185.096324645116,0.0,0.0,0.0,0.0004160890540741,103.44757287506036
E01000494,1761.0,7984.0855093704195,2634.158819389105,0.0,0.0,0.0,0.0013701507321923,163.2181023081551
E01000495,1591.0,9083.584230802942,3271.4605683532905,0.0,5.70935526763227,0.0,0.0026279644825208,74.2216184347877
E01000497,2070.0,6787.662132812716,5207.153365655359,13.116255329106698,13.116255329106698,0.0,0.001234454974072,101.65097873955447
E01000498,1683.0,5860.05986754915,1674.800235467107,0.0,3.4819131714492872,0.0,0.0023586482158648,69.63826338734191
E01000499,1896.0,3620.2343531595097,3093.238213142619,0.0,7.637625217636096,1.909406304409024,0.0036243216917004,72.55743952399541
E01000501,2031.0,12835.340648354237,2704.8379111253635,0.0,0.0,0.0,0.0005165333698351,94.7957211273023
E01000502,1882.0,5055.655146235981,1700.44086480732,2.686320481528152,0.0,0.0,0.0022015586784892,45.66744815858273
E01000503,2093.0,5185.8706587002935,1333.014053693625,0.0,0.0,0.0,0.0005235623883312,59.46531090974917
E01000504,1799.0,12174.013254712158,3857.247112387954,0.0,0.0,0.0,0.0002540361991395,87.97230251044193
E01000505,1677.0,10711.837904919588,3040.450114932453,0.0,0.0,0.0,0.0001438822581295,70.26250261381377
E01000506,1657.0,5572.072195017724,3641.855272905368,0.0,6.725494502133644,0.0,0.0041778277222273,90.794175724282
E01000507,1617.0,6790.07220656757,1784.6510128578957,0.0,0.0,0.0,0.0005353218118668,37.7926096613684
E01000508,2613.0,11347.687906154964,3912.846078624425,8.685562882629133,4.342781441314567,0.0,0.0030585200363472,125.94066172258005
E01000509,1438.0,11163.235975603558,2297.856640318952,0.0,7.76302919026673,0.0,0.0008027515314946,225.12784638273263
E01000510,1672.0,9334.886953197836,3896.9803189785225,0.0,78.16292903395318,11.166132719136169,0.0025232060746149,206.57345517998868
E01000511,1770.0,10714.141343452096,3256.614713433462,0.0,0.0,0.0,0.0029247812131109,102.90418233289245
E01000512,1703.0,11113.730521294034,3426.135363287944,6.525972120548464,19.577916361645396,0.0,0.003794636577684,65.2597211663123
E01000513,1678.0,9967.884467590393,2982.0488693268044,0.0,5.940336393081283,0.0,0.0045876644327924,118.80672779028936
E01000514,1570.0,9938.440779047349,3323.36395477698,0.0,0.0,0.0,0.0131557489617287,69.63238758207324
E01000515,1875.0,4934.361623151638,1852.6883107726685,0.0,0.0,2.63165953234754,0.0256086031498754,92.1080835769188
E01000516,2345.0,9467.452435976678,5111.213127482505,24.22375889802135,88.82044929274495,4.037293149670226,0.0096014797956318,117.0815012701665
E01000517,1623.0,7101.229425915827,3049.6345716964456,0.0,4.375372412763911,0.0,0.0042588791106705,78.75670338251943
E01000518,1915.0,3783.455837547345,1687.2434910002255,0.0,0.0,0.0,0.015484522381416,71.12501831327783
E01000519,2013.0,2748.5715200750333,999.4805527545576,0.0,1.3654105911947507,0.0,0.0093889489662921,73.7321718802748
E01000520,1677.0,6915.378577715281,2057.70656546209,0.0,0.0,0.0,0.0073291747329174,82.47320898716903
E01000521,2275.0,15812.330065913618,3454.3859528611288,6.950474754247744,27.801899016990976,6.950474754247744,0.0126198321079641,187.6628182521516
E01000522,2048.0,14095.45304925744,3042.0850819198185,0.0,6.882545434207734,0.0,0.0029501880561416,82.59054516078642
E01000523,2297.0,16709.933374152362,5150.471410056541,87.29612559417865,298.2617624467771,0.0,0.0043885046246977,130.9441883127604
E01000524,2423.0,15617.343849978542,4995.229667244478,77.34549162184999,341.6092546631708,6.445457635154165,0.009489513027993,96.68186446929607
E01000525,1851.0,11584.286051285884,3986.596550334473,0.0,6.258393328625545,0.0,0.01432903358472,118.90947317233858
E01000526,2197.0,15739.155713977085,4491.784539218766,0.0,7.163930684559436,0.0,0.0032219175568912,143.2786136052811
E01000527,1875.0,14683.089764668232,3735.378036131598,0.0,0.0,0.0,0.0024813870287129,109.63373684365207
E01000528,1725.0,16038.736904137815,3942.2750419445993,0.0,0.0,0.0,0.0037382296281506,111.57382187475548
E01000530,1819.0,10256.091592608347,3647.988598360418,0.0,0.0,5.638313135023831,0.0004405611719802,62.02144444814031
E01000531,1799.0,16840.076782831355,5887.942354864325,112.3295838765849,234.0199664095519,0.0,0.0036347828144209,102.96878515860804
E01000532,1509.0,14583.134989771555,5614.845214749685,9.664105361014949,48.32052680507474,0.0,0.0017604821369655,115.96926426239574
E01000533,2172.0,11754.68970543582,4751.66554391006,59.53111729272284,102.826475323794,0.0,0.0105520581443297,102.82647526209188
E01000534,1748.0,11385.462150771582,3601.922522526708,0.0,0.0,0.0,0.0007620150619646,58.62080051226318
E01000535,2053.0,10790.14739598826,3647.521818224965,21.02318050850124,73.58113177975434,5.25579512712531,0.0046178459524541,115.6274927272983
E01000536,1562.0,4649.890511312521,2831.015285696676,5.953765059299002,41.67635541509301,2.976882529649501,0.026657771373019,101.2140059471604
E01000538,1622.0,4089.3595784573126,1595.909132653193,0.0,0.0,0.0,0.0055610031980661,45.3813023230939
E01000539,1581.0,5605.8483530255335,1694.8738221038614,0.0,0.0,0.0,0.0135163091909166,70.91522263954768
E01000540,1456.0,3852.0825799421655,1275.208656272063,0.0,0.0,0.0,0.0114768551238759,55.55888333117758
E01000541,1411.0,5853.154973062573,2443.308489818466,8.29646346288104,4.14823173144052,0.0,0.038526137410306,124.4469518685885
E01000543,1625.0,8308.849916553616,3211.050921597336,5.11313841018684,15.33941523056052,15.33941523056052,0.0279226539804974,178.9598442491321
E01000544,1768.0,24337.03696617958,7777.3902069521855,123.88763161516756,123.88763161516756,0.0,0.0030673262823169,110.12233914720262
E01000545,1921.0,16682.662105433043,8015.667424942581,138.94981451688116,295.26835584837244,8.684363407305073,0.0059482597973317,86.84363402087612
E01000546,1640.0,17191.83723334664,7516.1873757985,115.3111033943982,241.1050343701053,10.482827581308928,0.0030797394286146,146.75958605015597
E01000547,1656.0,21635.74241013686,7120.458703819196,13.065061841870085,13.065061841870085,0.0,0.0024446132838389,91.4554328380546
E01000548,1984.0,18499.95987948118,10294.332513582269,102.57034207373636,270.4127200125777,18.649153104315705,0.0080001138296305,158.51780129181236
E01000549,1813.0,16197.486601646886,6861.37325431043,0.0,8.934079758216704,0.0,0.0008986154634205,89.3407975284307
E01000550,2021.0,14094.323344097482,5404.799896920113,27.895741403458647,69.73935350864662,6.973935350864662,0.0040474546675018,76.71328881352184
E01000551,2894.0,21246.48684084732,5484.148469285746,0.0,22.02469264773392,0.0,0.0020854398863254,95.44033474953856
E01000552,1512.0,17218.545783959857,4669.050113375359,0.0,11.387927105793556,11.387927105793556,0.0053253010188161,193.59476068265135
E01000553,2040.0,14206.746969704058,5146.463730691813,0.0,20.892274955447142,0.0,0.0021288795548068,83.56909977156519
E01000554,1970.0,9197.929041986818,3100.2156770960646,0.0,9.337999027397784,0.0,0.0004396590547168,93.37999021780324
E01000555,1586.0,7722.611547371936,2132.7262659198664,4.869238050045357,0.0,0.0,0.0001802468977983,82.77704680112312
E01000556,2089.0,21488.795398581027,8527.62632140913,164.58627399583364,514.33210623698,10.286642124739602,0.000441445938706,133.72634754100633
E01000557,1865.0,16008.111340959998,5089.978565785136,0.0,0.0,0.0,0.0005621110199053,94.4178148229669
E01000558,1389.0,8014.960347028672,3196.7516430913497,28.85154912537319,34.62185895044783,5.770309825074638,0.0017909108713993,63.47340803755355
E01000559,1379.0,12259.203458157184,4845.007893180323,44.44961369890205,44.44961369890205,0.0,0.0004122279958802,53.33953640654015
E01000560,1561.0,7419.320610493745,2728.1806729169825,0.0,0.0,0.0,0.000788011758665,57.03513598505484
E01000561,1937.0,16876.95568869071,5332.316407578066,26.138805919500324,17.425870613000217,0.0,0.0044778176244653,139.40696482024666
E01000562,1507.0,4884.16789267019,1338.5277635519496,3.240987320949031,3.240987320949031,0.0,0.0109131632501948,110.19356884626347
E01000563,1588.0,4162.668822338043,1344.7412505411942,0.0,0.0,0.0,0.0141666305639073,83.88249511011017
E01000564,1624.0,7830.3363221942,3240.1391678044965,0.0,14.464906999127216,0.0,0.01599115082684,110.89762025993927
E01000565,1535.0,8182.501758743699,1839.063913202981,0.0,0.0,0.0,0.006025157084223,85.28992056096993
E01000566,1550.0,7407.259187138213,2155.2734796124737,0.0,0.0,0.0,0.0006227326683338,62.12539959669064
E01000567,1400.0,6896.34003506436,1916.1973383143115,0.0,0.0,4.925957167903114,0.0030494020364982,83.74127180408196
E01000568,2218.0,2763.9882613492937,10991.15259923389,8.72313698351896,16.200111540820927,0.0,0.0369038765220949,51.0926594442141
E01000569,1456.0,3907.092948218747,1320.253935799192,0.0,0.0,0.0,0.0004157175054271,32.201315487967705
E01000570,1546.0,11725.952847611248,2882.1876339536057,0.0,7.584704299877909,0.0,0.0073964668191921,75.8470429532044
E01000571,1761.0,5000.385071271479,1891.1166709067604,0.0,0.0,0.0,0.0041612647692157,62.46931942189047
E01000572,1495.0,6900.240372747579,1776.9849789349953,0.0,0.0,0.0,0.0038546999354699,64.61763555890407
E01000573,1671.0,7136.142187038942,2220.702535763165,0.0,0.0,0.0,0.0029990858249085,119.57629031548652
E01000574,1655.0,7547.0982879739395,2143.2847101799102,13.680540703276025,27.36108140655205,4.560180234425341,0.0019350725160967,36.48144185348027
E01000575,2154.0,7868.722339841918,3510.6045350919608,47.48996769635327,142.4699030890598,14.612297752724082,0.0054754476923723,87.6737864637441
E01000576,1874.0,6417.2503916682535,2020.3723218165796,0.0,3.424359867485728,0.0,0.0130642843929515,47.941038116044496
E01000577,2585.0,7520.524716104114,3232.225516283045,0.0,0.0,2.909293894044145,0.0051796769588767,113.46246179957642
E01000578,2323.0,6972.831289874937,3418.878536017027,3.001649285352965,0.0,0.0,0.0109299238141462,90.04947850654061
E01000579,1587.0,14062.082960905647,5165.843961063637,0.0,0.0,0.0,0.0008477768626768,88.6079581128159
E01000580,2086.0,4673.524666813837,3468.176502506146,17.92339277780954,17.92339277780954,2.2404240972261924,0.0035688004873662,80.65526745177343
E01000581,1513.0,9209.198582171852,4680.683218565865,12.173428396790287,60.86714198395144,0.0,0.0019183062201832,85.21399872650261
E01000582,1851.0,9556.679788124347,4305.927035816157,0.0,5.1629820573335214,0.0,0.0021003008832796,51.62982054229041
E01000583,2049.0,10292.419541541532,7057.515595834971,60.277713274035335,165.76371150359716,15.069428318508834,0.0039458322600262,110.50914093615953
E01000584,1560.0,12566.673666244733,4495.002503695231,32.22224016985829,48.33336025478744,0.0,0.0002703864938086,0.0
E01000585,1504.0,15150.331138959333,5953.3548558011735,0.0,10.073358470052746,0.0,0.0002659549583552,60.44015078408293
E01000586,2380.0,15575.928561484889,9456.813769472968,229.05777296301304,353.4034211429344,39.26704679365938,0.0041366596455785,157.06818708015066
E01000587,1625.0,8251.647454803353,3955.7128414103454,0.0,5.077936895263602,0.0,0.0093741721479435,86.32492716759913
E01000589,2551.0,8730.97947631592,3689.531899438872,0.0,6.845142670573047,3.4225713352865235,0.0168171705077859,177.97370932782906
E01000590,1936.0,7218.583632640414,3635.39206705806,0.0,3.7286072482646766,0.0,0.0096531609420602,115.58682462675932
E01000591,2183.0,6824.752108689506,3498.349798270068,25.0105436873642,37.5158155310463,0.0,0.0288792621085144,112.54744652564445
E01000592,1831.0,9163.448546988377,2977.7454317084016,5.00461417093849,25.023070854692453,0.0,0.0104138311677567,85.07844085487592
E01000593,2121.0,11751.4588806994,3008.506446119648,0.0,0.0,0.0,0.0096852368620174,94.18896786992316
E01000594,1815.0,7576.024486443499,3364.3392485253225,29.21882722044325,41.74118174349035,0.0,0.0168978789926048,108.52707246809852
E01000595,1785.0,9397.98826086182,2237.616252586148,0.0,0.0,0.0,0.0134634473610255,78.97469122040418
E01000596,1848.0,9378.671961816686,2217.792016944747,0.0,5.075038940376995,0.0,0.0098199124720167,101.5007787465567
E01000599,1889.0,21106.41598000492,4480.504398084686,11.17332767602166,11.17332767602166,0.0,0.0113432671614035,145.25325970109802
E01000601,1385.0,1979.4178405786529,3574.3855734925705,4.287547669123436,8.575095338246872,0.0,0.00441669898576,60.02566733170391
E01000602,1453.0,11141.501857337718,2308.0468403707177,7.667929702228299,0.0,0.0,0.007708564963459,138.02273455705438
E01000603,1446.0,12005.135308970224,2200.111242653603,0.0,0.0,0.0,0.0054454331406904,166.0461314214643
E01000604,1736.0,10348.660129615118,1710.8671988476606,0.0,0.0,0.0,0.0050692779022748,71.53451698195173
E01000605,1762.0,10060.22987573801,1501.6120643127676,0.0,0.0,0.0,0.0101153488605901,119.90058300992634
E01000606,1872.0,8013.558000149357,1468.296150668392,0.0,8.56149358990316,0.0,0.0025295431610037,51.36896150864367
E01000607,2591.0,12981.895886869592,2324.816554036083,0.0,0.0,0.0,0.000158386750851,75.15570752078995
E01000608,2338.0,4144.598896082468,1905.664590799253,1.7727112472551187,12.408978730785831,1.7727112472551187,0.0067034394057857,77.99929483235157
E01000609,2059.0,8272.740678987533,1603.1197333249272,0.0,8.035687886340488,0.0,0.0006335481381371,84.37472275593571
E01000610,2186.0,7613.673579933035,1630.0087993635227,0.0,0.0,0.0,0.0052975494627531,94.03896913770924
E01000611,1928.0,15954.30670696251,3492.073355984533,0.0,8.275055345934911,0.0,0.008776371715455,41.37527670475163
E01000612,1766.0,6818.613695223357,2278.019297951178,0.0,0.0,3.8610496575443696,0.0096797756690121,73.35994344929681
E01000613,1755.0,7978.226413655646,1877.497156034064,0.0,0.0,0.0,0.0004618597864457,113.64994884418968
E01000615,3191.0,4780.52695690699,4690.639267338072,2.996256318963955,4.494384478445933,0.0,0.0035126177649888,85.39330503923463
E01000616,1939.0,11377.556032929768,2875.194665361313,0.0,0.0,5.867744215023088,0.0006216913268979,70.41293053797119
E01000617,2266.0,8283.314791425737,2222.5310649544786,14.621914901016304,32.899308527286685,3.655478725254077,0.0079797803994014,73.10957446120018
E01000618,1677.0,9318.697931156015,1983.765749208526,0.0,0.0,0.0,0.0014277550989205,55.56766801169565
E01000619,1696.0,8069.379175664387,2412.2495531025024,0.0,0.0,0.0,0.0007665676696327,180.79976915784567
E01000620,1750.0,3974.595722565826,1360.4473358953885,0.0,11.355987778759502,0.0,0.0240747998677989,61.32233396859254
E01000621,1811.0,8404.1338804313,2756.518787949305,9.281208040233352,23.20302010058338,4.640604020116676,0.0220811190560468,134.57751650260636
E01000622,1980.0,3149.2625034463613,696.6550386411648,1.590536617902203,3.1810732358044054,0.0,0.0050321023846535,47.716098508409495
E01000623,1882.0,9796.289121972275,2810.837473892152,0.0,0.0,5.205254581281762,0.0066882827555629,234.23645601698448
E01000624,1745.0,6614.797059412439,2092.4744852697227,0.0,0.0,0.0,0.0092266392361231,166.79144437814878
E01000625,1672.0,6213.390143464594,1627.6703844721842,0.0,0.0,0.0,0.0093795591970468,118.91655769829556
E01000626,1547.0,7627.459985968483,2090.5255553009933,4.930484800238192,0.0,0.0,0.0057516152418281,73.95727195910948
E01000627,2048.0,9089.013463472866,2840.3167073352706,0.0,4.43799485521136,0.0,0.0073498155951371,168.64380439679817
E01000628,1768.0,5047.863303099699,1621.711739909858,0.0,2.855126302658201,0.0,0.0062970014084449,91.3640416302121
E01000629,1977.0,11037.262454558251,2741.1714037370266,0.0,0.0,0.0,0.0087310728276527,189.8163496357362
E01000630,2728.0,9552.038677576096,3357.9197550569925,0.0,70.02960907313853,0.0,0.0005606444698517,73.53108948268707
E01000631,2073.0,8186.45307385686,5544.515251179466,0.0,0.0,0.0,0.0100436233796475,47.3890192124069
E01000632,2480.0,8697.557311426774,2746.0432963093403,10.521238683177549,3.507079561059183,0.0,0.0068325879019995,49.099113825380925
E01000633,2616.0,15707.115201617838,5097.607341809459,72.05098716338458,300.2124465141024,0.0,0.0193473259334006,144.1019742401235
E01000634,2642.0,15739.365404661972,3741.2269016380474,59.5736767776759,83.40314748874626,5.95736767776759,0.0087137999571904,107.2326181355067
E01000636,2599.0,12154.907572274067,3788.1781968226223,60.79792167740011,65.47468488335397,4.676763205953855,0.0182770367423254,84.18173765671574
E01000637,1508.0,21229.71869462683,5645.303180732997,0.0,0.0,0.0,0.0003529951380607,112.6245022914306
E01000638,2141.0,7412.693462352378,2212.382588717034,0.0,0.0,3.4622575723271267,0.0025355773450598,117.71675738847762
E01000639,1715.0,17715.157380110966,5929.154714975915,0.0,0.0,0.0,0.0001719283537031,113.6249160722307
E01000640,2215.0,17530.889319178314,7882.964226592145,0.0,23.74386815238598,0.0,0.0009715798928469,174.12169967958727
E01000641,1951.0,17871.360456839837,4882.3347634524,0.0,0.0,0.0,0.0016500139254932,91.60102740189308
E01000642,2214.0,13949.809690346116,8052.329170850198,113.41308691338308,233.12690087750968,18.90218115223051,0.0005734833150307,151.21744912730682
E01000643,2243.0,3908.099188955047,1817.27483463224,1.742353628602339,0.0,0.0,0.0028502448080206,88.86003500536592
E01000644,1912.0,15877.73880849307,5198.46469357566,33.21702679601061,74.73831029102386,8.304256699002652,0.0006563640094884,99.65108032822556
E01000645,1450.0,1862.049484024874,1068.431152212893,0.0,1.2841720579481888,0.0,0.004827987592316,59.071914630178085
E01000646,1828.0,5182.1163541099495,2420.966830639988,8.50456732074937,17.00913464149874,2.8348557735831235,0.0088450545878028,93.5502404720292
E01000647,1707.0,6733.877547541821,2773.237209093087,3.944860894869256,11.834582684607769,0.0,0.0055789873540728,118.34582677506651
E01000648,1888.0,4946.467176065919,2669.7299006415105,10.47980333912271,13.099754173903388,5.239901669561355,0.0097199553606275,60.25886916384163
E01000649,2068.0,2438.400178441659,861.9296568862925,0.0,1.1791103377377463,0.0,0.0050734062560038,63.671958199615965
E01000650,1805.0,2040.8399325046075,600.3800577063416,1.130659242384824,0.0,0.0,0.0036381275471995,61.05559905213277
E01000651,1681.0,5870.083547424267,2608.538018992223,0.0,0.0,0.0,0.0028367491788684,97.77652541901304
E01000652,1711.0,2917.982047048108,1499.0685092666783,11.937974476526447,25.58137387827096,1.705424925218064,0.0091394481548691,42.63562310486689
E01000653,1541.0,3094.420395512707,1375.521071334331,0.0,0.0,0.0,0.0056251264404811,78.31433832090507
E01000654,1299.0,1230.1038123038584,356.0577624528489,0.0,2.8408864025493266,0.0,0.0087395515715628,19.88620480591232
E01000655,1328.0,3530.9869083583644,1052.9147708658977,2.6588756840047925,7.976627052014377,0.0,0.0044576835005146,37.224259553731066
E01000656,1508.0,442.4895545085936,187.79397538826257,0.0,0.0,0.0,0.0802937910756362,9.683126850144436
E01000657,1573.0,5093.477752577531,1984.9344325047848,3.2380659584091105,6.476131916818221,3.2380659584091105,0.0174590153193719,74.47551699871964
E01000658,1330.0,613.9508515691052,531.7829932388039,0.4616171816309062,0.0,0.0,0.0111491539740441,18.46468725415525
E01000659,1464.0,2875.037390482431,818.9143386824958,0.0,11.782940124927997,0.0,0.0245366926999166,17.67441017677213
E01000661,2817.0,3008.682330764025,1460.0173042791705,1.068044845851624,4.272179383406496,0.0,0.0041691615972531,43.78983865364069
E01000662,1803.0,3467.91179920419,1377.1629773877985,1.923411979591897,0.0,0.0,0.0049124622716871,100.0174228787788
E01000663,1681.0,5360.066902879122,1584.743159268842,0.0,0.0,0.0,0.0055559880884041,89.28130469381905
E01000664,1663.0,2071.860684340214,799.8403844536485,0.0,0.0,0.0,0.0008325717867631,31.14643239771327
E01000665,1859.0,2218.454731705426,1099.083812749165,1.1933591886527306,3.580077565958192,1.1933591886527306,0.0027163878407408,56.08788183298933
E01000666,1891.0,635.862386317197,280.4385141134544,0.672514422334423,0.672514422334423,0.672514422334423,0.0024126990559373,20.8479470798536
E01000667,1659.0,1564.2314377071189,514.810346587153,0.9428760926504636,0.0,0.0,0.0021170147668159,40.543671959620994
E01000668,2222.0,3175.4515956876016,1743.4972757600694,5.716384510688752,11.432769021377505,1.429096127672188,0.0106583558489563,50.01836443850869
E01000669,1736.0,10073.82127156132,4044.61602896212,11.605784875070649,17.40867731260597,0.0,0.0037142873979324,92.84627894486644
E01000670,1941.0,4001.872064003819,2228.760278819232,2.0617578897495203,0.0,2.0617578897495203,0.0140448419958966,63.91449454391514
E01000671,2271.0,6556.614690400898,3444.315863341378,5.774209326641038,20.20973264324363,0.0,0.0280353128911582,72.17761653969245
E01000672,1674.0,5090.134879644679,1955.1712829220603,0.0,0.0,0.0,0.0025967201554287,100.3431606496701
E01000673,1670.0,3521.1804782400213,1307.2646086879122,0.0,0.0,0.0,0.010917423140764,37.95284345526549
E01000674,1716.0,8581.26865115703,4365.645415186531,0.0,10.001478614402131,0.0,0.0080400844816266,165.02439703847273
E01000676,2033.0,6227.103802083417,11069.726089881686,110.26843919085243,266.4820613778934,30.63012199745901,0.0249688606249641,137.83554890590366
E01000677,1902.0,4952.260122308297,3887.341936175756,23.433407518808973,57.28166282375527,2.6037119465343306,0.0369092437021865,59.88537473433557
E01000678,1850.0,6228.424499245487,3026.6776350387527,13.466863782152403,23.567011618766703,6.7334318910762025,0.009308650451269,124.56848991003778
E01000679,1792.0,6133.17468969043,3528.6289648832776,20.53518311280278,44.492896744406025,0.0,0.005280094123732,75.29567136837768
E01000680,1642.0,198.9404255529682,128.91145724016943,0.1211573846242193,0.4846295384968775,0.3634721538726581,0.0362707939149589,11.87342368604524
E01000681,1755.0,5582.843260708507,1759.152320895615,0.0,0.0,0.0,0.006595411056605,69.98435992130328
E01000682,1605.0,5588.910651581429,1640.110228594924,10.446561965572764,45.26843518414865,0.0,0.0055215206198681,107.94780691285412
E01000683,1705.0,6664.120611803919,4287.706927360058,0.0,0.0,0.0,0.0064155569685077,105.5315286867312
E01000684,2092.0,5109.883682653335,1670.7267872537673,0.0,0.0,0.0,0.0026594755749787,80.60523968748775
E01000685,1627.0,1472.8346707640594,580.2624609463811,2.715736946706932,3.6209825956092425,0.9052456489023106,0.0053608614379961,28.062615099134263
E01000686,1494.0,3366.9121486510144,1726.2749035252189,2.25362258945851,0.0,2.25362258945851,0.0088240528128587,92.398526112311
E01000687,1565.0,2724.563825325448,1580.7692992942534,1.7409353516456536,3.481870703291307,3.481870703291307,0.0103992379468049,55.70993121921243
E01000688,1388.0,1502.9088688630056,481.84037942654,0.0,0.0,0.0,0.0285082157660699,19.490172639273165
E01000689,1636.0,1181.664313023465,401.592517140004,0.7222886998920934,1.4445773997841869,0.0,0.0026692190882325,31.780702776190747
E01000690,1391.0,4184.040075559293,1606.2382461169393,0.0,3.00793679048116,0.0,0.0029424774464281,72.19048292817924
E01000691,1535.0,6306.596989308974,2070.7002492584515,0.0,28.75972568414516,4.108532240592166,0.0003523276887708,152.01569281050945
E01000692,1670.0,4737.632030068017,2913.501853221469,28.369054072263577,19.858337850584505,5.673810814452716,0.0054066317926507,119.15002703201324
E01000693,1511.0,566.2116326386293,447.04862854922885,0.0,0.7494528559081791,0.7494528559081791,0.0258573563301394,29.60338779060776
E01000694,2298.0,2242.849354052614,897.9205420924304,0.0,0.0,0.0,0.0015355912660702,41.968025311755525
E01000695,1518.0,2009.647612205162,806.2420262404108,0.0,0.0,0.0,0.0022914540902382,43.68799154347343
E01000696,1635.0,800.5664027700697,527.835218462468,0.9792861195964154,0.9792861195964154,0.9792861195964154,0.0097378807838376,34.27501416529533
E01000697,1784.0,3487.41110021874,1522.8101160708509,9.774134249491985,7.819307399593587,5.86448054969519,0.0059418468721732,76.2382471002099
E01000698,1193.0,1053.5411467332608,338.22821391352795,0.0,0.0,0.0,0.0215970637617403,27.37617395566931
E01000699,1452.0,10629.014862024997,4238.429480105009,7.320258169438703,14.640516338877406,0.0,0.0310948771400903,73.20258165039654
E01000700,1519.0,7575.169781089395,2827.597936720005,0.0,0.0,0.0,0.0008321576451731,84.7780685988129
E01000701,1440.0,10883.834711515428,4406.441414453815,0.0,0.0,0.0,0.0079251245100912,22.674655635392064
E01000702,1434.0,10309.511187880786,4248.898962369278,7.1893383458025,0.0,7.1893383458025,0.0248033251601639,28.757353365952927
E01000703,1731.0,7298.788316120263,4102.669573417109,8.43303098338563,37.948639425235335,4.216515491692815,0.0250973481722471,96.97985625078708
E01000704,1470.0,4451.533903368755,1795.754833127668,0.0,3.028254356033167,3.028254356033167,0.0380147048700827,157.4692264191396
E01000705,1356.0,9017.024285886047,3098.7708829077424,0.0,6.649722924694726,0.0,0.0109031261350835,53.19778336573728
E01000706,1375.0,4615.008321524003,1688.2539532556896,0.0,0.0,0.0,0.0161954638379655,43.6328059227702
E01000707,1509.0,9706.125708877258,4438.1886939200185,0.0,6.432157527420316,0.0,0.0040145071107104,109.34667790061224
E01000708,1690.0,7141.601348753026,2810.156743740096,0.0,0.0,4.225799614646761,0.0181133625927544,122.54818875130547
E01000709,1372.0,5457.942929260149,3214.298751342712,0.0,0.0,0.0,0.0114597368219042,147.18942293105854
E01000710,2359.0,4328.177174171648,2194.361975544422,0.0,0.0,0.0,0.0023898140137287,78.89428502651921
E01000711,1880.0,6744.617919934669,3264.6820782662494,0.0,7.17512544673901,0.0,0.0053277502272154,182.96569878215263
E01000712,1794.0,4997.981246887489,2331.834060002692,0.0,0.0,0.0,0.0066763196540839,153.2268497290505
E01000713,1849.0,4422.212611178081,2279.269128422234,2.3916779941471504,0.0,0.0,0.0114662530065742,107.6255096721178
E01000714,2167.0,6622.471026969512,6191.567282252068,143.63458157248135,259.76466880129607,33.61660419781479,0.0290029993741498,192.53146029003372
E01000715,1759.0,5799.3089470275045,2654.032804068869,16.484675801669994,46.15709224467599,6.593870320667998,0.020411949296077,154.95595244259027
E01000716,1651.0,4111.54158807826,1763.1565380735362,0.0,0.0,0.0,0.0128656601505426,89.6520273058859
E01000717,1704.0,5508.744023345137,2317.93982672445,0.0,0.0,0.0,0.0251276236165373,158.40871888595225
E01000718,2057.0,6093.968322044917,1712.354735120059,0.0,0.0,0.0,0.0004515423564472,82.9514404058314
E01000719,2116.0,6080.383746463666,3180.9947104609064,31.608800194281816,80.45876413089917,0.0,0.0188263458349279,86.20581865993755
E01000720,1802.0,239.6822351745665,83.66266699489586,0.5320360381233441,0.266018019061672,0.133009009530836,0.0440168374154168,11.571783822236457
E01000721,1604.0,5924.574926888875,1547.6289865127424,7.387250532280393,14.774501064560786,0.0,0.0066100485738234,107.1151326540938
E01000722,1848.0,3193.7390271156555,2884.388764207808,13.825710074093749,55.30284029637499,0.0,0.0250556857304627,89.86711542770723
E01000723,1241.0,2972.422426066308,756.8779102634594,0.0,0.0,0.0,0.0122436424510336,55.08921495447623
E01000724,1675.0,4061.4457486574497,819.5633809231152,0.0,0.0,0.0,0.0101538315839778,67.89282441443407
E01000725,1752.0,5151.021344741257,1570.0030811026436,5.880161352444357,2.9400806762221787,5.880161352444357,0.0284043142276781,70.56193618696486
E01000726,1304.0,4654.663074059689,1502.770823757001,0.0,7.139053794570076,0.0,0.0370187433826264,78.52959169305578
E01000727,1691.0,4358.214856058519,1997.4077548464531,15.4638019730048,36.082204603677866,0.0,0.0341884915677317,92.78281178221911
E01000728,1627.0,595.8956406840338,529.9698783465254,3.296288116875417,6.958830468959214,0.3662542352083797,0.0242158462063997,15.016423634529476
E01000729,1959.0,7480.60699061766,2359.8852068411,34.367260293802424,84.00885849596148,0.0,0.0046616394948335,64.9159360715491
E01000730,1808.0,4902.201709239906,2207.075327058232,13.556973753428943,24.4025527561721,0.0,0.0157016581294709,92.18742146797744
E01000731,1381.0,5914.109472632809,1404.654530791862,0.0,0.0,0.0,0.0050968463442071,64.23724984519853
E01000732,1515.0,4275.128543460244,1216.2246879414952,0.0,0.0,0.0,0.0107889802325272,59.25920749758215
E01000733,1670.0,4491.152100214564,1618.9662061851302,0.0,0.0,0.0,0.0106175014911743,72.61144109757944
E01000734,1388.0,4335.479612436106,1240.0471225771862,0.0,0.0,0.0,0.0276293385145279,43.72962142481073
E01000735,1548.0,3024.41326836738,1064.7966610208152,1.953755341322597,5.861266023967791,0.0,0.0129671314207621,48.84388350371973
E01000736,1636.0,4102.013252878512,947.7756782323212,0.0,0.0,0.0,0.0038783925162535,42.62483206418983
E01000737,1404.0,3865.278603884237,1092.9598331496024,0.0,0.0,0.0,0.0017508887921137,60.56704361430887
E01000738,1688.0,3280.527956186927,1970.648902590962,1.9434407323382268,9.717203661691132,0.0,0.0136398949309397,77.73762924687581
E01000739,1677.0,7330.73313417243,1521.225480436497,0.0,0.0,0.0,0.0040493750652332,69.9414013574029
E01000741,1819.0,13491.823557302636,5926.31502049742,0.0,22.25149569648593,7.417165232161976,0.0089937427614824,96.42314796023804
E01000742,2119.0,7955.532221646467,3183.714640847666,11.26314141809316,0.0,0.0,0.0126556107709478,112.63141411333262
E01000743,1867.0,5986.910009239552,2706.4553014451963,16.033502970646897,28.860305347164417,3.20670059412938,0.0260633431747119,86.58091598945006
E01000744,1559.0,7384.794493105457,1814.2246894543875,0.0,9.473758169474609,0.0,0.0041564864953173,94.73758163766736
E01000745,1883.0,3987.5105109193473,2316.694901192653,0.0,0.0,2.117637021199866,0.0028210270220351,146.11695437508124
E01000746,2021.0,11342.673868192538,5124.127284344278,28.062033320614887,61.73647330535275,16.837219992368933,0.0035620483069771,129.08535319751726
E01000747,2029.0,204.150421513533,90.95711239439814,0.2012325495451286,0.3018488243176929,0.4024650990902572,0.0291787354115279,9.55854609765514
E01000748,1687.0,170.70828337788814,88.54164075616605,0.202380893156951,0.0,0.202380893156951,0.0232393811731889,6.374998130618141
E01000749,1652.0,179.2784501675061,76.07396705049744,0.1085220642660448,0.2170441285320897,0.1085220642660448,0.0293789596781824,6.402801787852725
E01000750,1456.0,4640.4453277677685,1115.4916653287903,0.0,0.0,0.0,0.0068017211333442,54.18102371202169
E01000751,2264.0,1230.0895083662697,2755.2049014687955,0.0,0.0,0.0,0.0090977301013172,29.339590729638488
E01000752,1747.0,1262.4289168635387,413.342495962189,3.6131337059631914,8.671520894311657,1.445253482385276,0.0054592170615534,33.240830074905624
E01000753,1935.0,2234.415336392362,644.3430272387277,0.0,0.0,0.0,0.0079535808602674,49.653674112212734
E01000754,1770.0,4599.939541602795,1790.597934556116,10.395343596842473,10.395343596842473,0.0,0.0215933700608466,80.56391282718396
E01000755,1640.0,4770.874652245159,1533.0798425202431,0.0,0.0,0.0,0.0237470477556396,61.09046807133284
E01000756,1708.0,1693.75562059303,1253.458492054795,6.9416213958730735,18.841543788798344,3.9666407976417566,0.0024653845923543,50.57467013957556
E01000757,1571.0,2909.3776208742584,1331.535652074215,0.0,0.0,0.0,0.0066870176271927,61.11359734641366
E01000758,1451.0,4763.237756403916,1693.8874447308208,0.0,13.130910424269928,0.0,0.0188701474750862,108.33001093522635
E01000759,1646.0,358.4991770679206,118.91892507842324,0.0,0.0,0.0,0.0042176613626274,9.1476096159273
E01000760,1629.0,3215.1266738779887,1513.8134799658794,15.789449595472014,51.31571118528405,1.9736811994340016,0.0102083708395771,61.18411714574297
E01000761,1545.0,2633.3596572919987,738.0224800048127,0.0,0.0,0.0,0.0077151062114497,39.20211785202081
E01000762,1748.0,5412.904889173477,1935.3921943555051,6.193255021937617,27.86964759871928,0.0,0.0119308647804851,120.76847285509945
E01000763,1475.0,1737.8635624182896,618.561606962442,2.3564251693807314,0.0,1.1782125846903655,0.006298350714955,22.386039095673613
E01000764,1817.0,3648.8790555523815,1327.4127989653955,2.008188803275939,0.0,0.0,0.0031634657125023,118.4831393222412
E01000765,1786.0,773.4967915249159,653.0980748149906,7.362511453484642,16.02428963405481,2.1654445451425417,0.0034821245157615,26.418423434885906
E01000766,1815.0,4900.096485933329,1536.173498895903,0.0,0.0,0.0,0.0054419628185232,62.09488656131605
E01000767,1631.0,5201.751194835214,1792.3875974846048,0.0,6.378603549767277,0.0,0.0035028183123518,79.73254432425738
E01000768,1502.0,3161.000216221939,1132.235763200668,0.0,0.0,0.0,0.0056883676313001,54.71771343036251
E01000769,1389.0,1159.843131299535,1432.894754002881,0.0,0.0,0.0,0.0300500295620301,37.5759113586467
E01000770,1522.0,2217.5755996240123,1186.0095519671129,7.285070958028949,13.113127724452108,2.91402838321158,0.0255594470029884,56.82355343853772
E01000771,1666.0,4488.750223907113,2955.677668443039,21.554622923923716,64.66386877177113,0.0,0.0125805541828933,102.3844588271457
E01000772,1580.0,4762.836169588629,1606.7035939181892,0.0,0.0,0.0,0.0200841589038595,141.67930369399178
E01000773,1586.0,5142.6091146314375,1562.8862504743713,0.0,0.0,0.0,0.0286942297245458,139.42761147305885
E01000774,1504.0,3990.877299328375,1921.1404020703085,10.61403537055419,13.267544213192735,0.0,0.0171745770469005,145.94298625755036
E01000775,2284.0,2063.1327865843155,1261.004102483233,0.903298067681399,2.7098942030441973,0.0,0.0200797811866975,63.23086469976092
E01000777,1631.0,6628.213512454456,2527.742982677297,8.127790941084557,4.063895470542279,0.0,0.0344054169612692,117.8529685749066
E01000778,1626.0,7881.329704077877,2680.4276299846656,4.847066238670281,9.69413247734056,0.0,0.0172721940399033,213.27091437386272
E01000779,1400.0,1207.4267148752629,770.1657545597212,6.899581227858644,17.24895306964661,0.0,0.0072919264624818,29.32322020080486
E01000780,1612.0,7711.31753664488,1961.3152543575688,0.0,0.0,0.0,0.0021611361214414,71.755436092066
E01000781,1572.0,9105.376181026675,2363.227405762648,0.0,0.0,0.0,0.0002766855068853,63.71446433282885
E01000782,1545.0,5475.784407286819,1750.833331520834,10.632591082110329,17.720985136850548,0.0,0.0006410494603878,42.53036430293968
E01000783,1624.0,8605.979796160973,1897.1310141783424,0.0,0.0,0.0,0.0005538485442671,100.68572415567832
E01000784,1557.0,6927.485600366016,2166.7857979307964,0.0,0.0,0.0,0.0004484127835671,75.6372865352901
E01000785,1577.0,7496.879797293242,2234.326889491328,0.0,4.753886998917718,0.0,0.0004912248604701,66.55441794488391
E01000786,1461.0,1545.066283792697,566.8415661279162,0.0,1.0575402353132766,0.0,0.0073244097559539,38.07144844841272
E01000787,1482.0,4273.350996066463,1081.3135111504207,0.0,0.0,0.0,0.0079533762969926,83.62157814546984
E01000788,1617.0,4335.591719238276,1386.209597307476,13.406282372412727,32.17507769379055,0.0,0.0191532753080322,104.56900244203966
E01000789,1873.0,13158.114346035236,2107.5463448000914,7.025154482666971,14.050308965333942,0.0,0.0146678837476303,140.50308956905997
E01000790,2297.0,4452.633840882643,6414.351493025975,91.10744036634054,211.29172340278976,1.9384561780072451,0.0479008510725888,87.2305279580052
E01000791,1512.0,3760.356469088494,1121.640719284994,0.0,0.0,0.0,0.0123709158084649,57.20118964094852
E01000792,1509.0,4795.072465733697,1808.0823280334484,3.177649082659839,15.888245413299195,0.0,0.0131751286303525,63.55298161511153
E01000793,1560.0,3311.0181863177286,1014.5299314486374,0.0,0.0,0.0,0.0098721638723444,33.95916086495554
E01000794,1545.0,3362.764501938236,1360.3416269976683,0.0,0.0,0.0,0.0112450299111728,41.35438543594627
E01000795,1385.0,4805.788266956438,1308.1459759152183,3.4698832252393057,0.0,0.0,0.0024054146516833,76.33743090941329
E01000796,1537.0,15376.82736847774,3481.545819277979,0.0,0.0,0.0,0.0010642611470741,210.0932820717275
E01000797,1654.0,2516.7138142623053,1576.3697167930763,0.0,3.0431847814538155,0.0,0.0103736368566742,51.73414125366492
E01000798,1527.0,11466.91012330272,4047.586480982428,45.05662130963741,150.1887376987914,7.509436884939569,0.0025418392416641,105.13211632619878
E01000799,1803.0,8298.606429167956,5638.265599406959,115.0666448858563,262.3519503397524,18.410663181737007,0.0158565836681841,96.65598164626223
E01000800,1665.0,7195.428563430019,3738.16559001019,0.0,25.929472300648715,0.0,0.001521573004394,95.07473171207472
E01000801,1514.0,8062.322934825022,3221.7340657656127,5.325180273992748,21.300721095970992,0.0,0.0100775883307042,117.15396595746417
E01000802,1848.0,9879.828559277476,4191.442419087413,0.0,0.0,0.0,0.000434390947877,42.76982057733196
E01000803,1609.0,6250.368293406695,2521.124314742663,0.0,0.0,0.0,0.0002010584576755,31.07703313691628
E01000804,1470.0,2205.331512876448,2013.3026464491109,0.0,1.50022551896357,0.0,0.0012346559815934,40.50608898770062
E01000805,1696.0,10792.54454285649,4129.930075656759,19.09058586590181,12.727057243934542,12.727057243934542,0.0038343483744358,114.54351512663894
E01000806,1715.0,10462.560019056127,4447.350585359719,61.00618086913195,201.32039686813545,0.0,0.0096581052057215,122.01236166506024
E01000807,1665.0,2051.3803517642978,1561.0203637749942,43.122109496546805,89.94039980708332,4.928241085319635,0.0023834586995567,22.177084870624164
E01000808,1561.0,4645.002498933906,1478.9021409161764,0.0,0.0,0.0,0.0264435008216834,65.46448104756877
E01000809,1542.0,2810.5007985687257,944.124133371336,0.0,0.0,0.0,0.0032147976608797,40.09793614226565
E01000810,1542.0,4155.372043887584,1412.0719526569997,0.0,0.0,0.0,0.0110406565392996,53.89587602328896
E01000811,1367.0,4625.535038236654,1678.321418409203,0.0,0.0,0.0,0.0099603945115139,67.67425070167371
E01000812,1632.0,4263.221023941987,1421.073674647329,7.836803352834535,31.34721341133814,5.224535568556356,0.0142769280150117,80.98030126400324
E01000813,1563.0,2560.011180653985,1411.8551744873544,0.0,6.5515321321919,0.0,0.0278345292766934,45.86072489782067
E01000814,1521.0,3182.8699942191515,1083.975448392847,0.0,0.0,0.0,0.0108308223404172,33.481867111713655
E01000815,1510.0,3024.1875158075677,935.2950793921416,0.0,0.0,0.0,0.0216070361296205,28.03882463304875
E01000816,1525.0,5099.978004080552,1645.369952791889,0.0,0.0,0.0,0.0008723444431671,86.95044460754671
E01000818,1685.0,1303.868120872087,389.2259138270978,0.0,0.7738089738113277,0.0,0.0002300864165664,20.892842280361613
E01000819,1850.0,4651.590213476843,1883.2654431860296,12.571865441829306,20.11498470692689,0.0,0.0013203673240463,75.43119260573725
E01000820,1611.0,2742.321553396354,1462.2310455415693,3.4044960315286827,13.617984126114733,1.7022480157643414,0.0057384511059029,47.66294441278863
E01000822,1632.0,7468.28318846267,3001.9569679114657,0.0,9.15230782899837,0.0,0.0028898601365557,86.94692432317457
E01000823,1693.0,6975.910279320353,2867.8284432409723,8.240886331152218,49.44531798691331,12.361329496728327,0.0040535535431195,94.77019275150457
E01000824,1402.0,8303.151787640942,4347.013846026,11.844724376092644,65.14598406850953,0.0,0.0062881752676738,88.83543276736083
E01000825,1663.0,9535.98932563005,4598.835501596693,0.0,11.468417709717436,17.202626564576157,0.0125151268925269,137.62101243391342
E01000826,1636.0,3183.494027685878,996.3013093980252,0.0,0.0,0.0,0.0106692288158692,36.97211888129152
E01000827,1780.0,4749.842981670219,1598.4022168654276,5.336902226595751,29.352962246276636,0.0,0.0138400641923018,125.41720224981464
E01000828,1701.0,4916.164360266381,1638.7214534221268,2.8901612935134517,2.8901612935134517,0.0,0.0258895595813546,112.71629037936918
E01000829,1769.0,7983.993485639956,3123.1902159767383,0.0,0.0,0.0,0.0164811320512392,144.42498099877588
E01000830,1625.0,2748.52617911212,909.9735903768126,0.0,0.0,0.0,0.0166283249464091,43.97641883941351
E01000831,1702.0,4184.494511751286,1627.576596227586,0.0,0.0,0.0,0.0057921794870572,86.05012210543009
E01000832,1571.0,1816.8073305659293,681.1581907723312,5.782327595690417,10.408189672242752,1.1564655191380837,0.0350409872836662,23.12931036888516
E01000833,1447.0,4007.403451783355,1282.2583263135407,0.0,0.0,0.0,0.0201218069525825,36.002933546581644
E01000834,1369.0,6523.025173060982,2187.047884905033,4.764810206764778,0.0,0.0,0.0146618234883019,181.06278774849383
E01000835,1757.0,5247.409780218097,4220.028468667143,62.71804518188961,235.93931282710847,8.959720740269944,0.0267204207777452,104.5300752403509
E01000836,1388.0,6538.851906864298,2115.233794079301,0.0,4.710988405521828,0.0,0.0091159550411719,169.59558249738404
E01000837,1566.0,3229.495226775699,1295.0977026916596,2.062257488362515,2.062257488362515,0.0,0.0234102405469168,47.43192220384494
E01000838,1431.0,2627.743154866054,1248.682980649138,5.508895502863845,5.508895502863845,0.0,0.009123040359808,71.61564149418875
E01000839,1390.0,5184.9018759295,1607.6925960615931,0.0,0.0,0.0,0.0037953980317869,41.031597554683806
E01000840,1491.0,1862.7334237302969,540.9547769786844,0.0,0.0,0.0,0.0086934103570731,26.23568200864433
E01000841,1698.0,5030.596884454925,2263.472331992675,35.55192144491113,77.02916313064078,0.0,0.0109493195183784,130.35704521968032
E01000842,1432.0,13809.245103100298,6499.602792939666,0.0,0.0,0.0,0.0004320564935847,67.50329306123545
E01000843,1196.0,14149.074989901212,7086.367825209722,59.15165129557364,23.660660518229456,11.830330259114728,0.0086969836373914,141.96396302410494
E01000844,1635.0,14248.825412779626,8688.733294520665,0.0,0.0,8.714877928305581,0.0026877024736943,156.86780261531985
E01000845,1500.0,12666.254119445037,8081.070128205934,33.77667765185343,135.10671060741373,8.444169412963358,0.0043113291022026,168.8833881577216
E01000846,1453.0,17705.91843411708,5666.381329569472,24.371532600298806,24.371532600298806,0.0,0.0081195130770157,207.15802697842267
E01000847,1599.0,16179.510840610796,5413.407316902299,10.118518349350092,40.47407339740037,0.0,0.0071032697889902,172.01481183538974
E01000848,1485.0,14891.103949659397,8944.690049223018,40.11071770952026,20.05535885476013,10.027679427380065,0.0065261916957936,190.5259090060146
E01000849,1362.0,17239.419303297138,11100.56588031688,50.62971895241451,265.80602450017614,0.0,0.0152051679192245,227.8337351491358
E01000850,1424.0,7278.252462667496,21001.64281537973,332.2236025796259,403.77945544292993,61.33358816854632,0.004166953271914,153.33397032911844
E01000851,1479.0,10910.273193290042,18169.035074424188,494.2449654837274,295.0716211843149,51.6375337072551,0.01181249696228,339.33236415835853
E01000853,1405.0,24037.30688817316,13806.481607655329,496.1437008946773,650.1193322068184,34.2168069582536,0.0056541883370991,153.9756312192711
E01000855,1310.0,4071.600233938394,12031.423286698871,161.6207726448828,96.3508452306032,15.540458908161808,0.0106372439010383,111.8913040716862
E01000856,1591.0,13267.821615248764,9706.941772564149,158.44664405388215,175.12523816481712,25.01789116640245,0.0116648593967258,150.10734690821312
E01000857,1391.0,18404.89976043743,8084.395221874386,26.462832150161656,0.0,13.231416075080828,0.0011639555605296,105.85132853711688
E01000858,1932.0,8819.427280906504,4701.868581435662,118.68794477410408,141.51254953835488,27.389525717100945,0.0090313794459633,132.38270755315838
E01000859,1462.0,15350.305258812155,11307.98821049295,136.49382241077842,440.98004163482256,41.99809920331644,0.0002383511579513,178.49192150691877
E01000860,1120.0,5343.105582874719,2280.361132691174,9.54125996941914,28.62377990825742,4.7706299847095694,0.0132741739699375,76.33007970945151
E01000861,1366.0,12136.13900990062,12518.169740080508,168.80427612599692,186.5731472971545,26.65330675673636,0.0054430573397574,124.38209812328908
E01000862,1685.0,9932.68366863628,10734.37208343422,70.73721307040672,170.9482649201496,23.57907102346891,0.0129962933958561,94.31628403719886
E01000863,1476.0,9040.23672554184,15893.912129255474,379.7389410457955,924.8480660954052,153.12054074427238,0.0152106561658009,128.62125414792789
E01000866,1950.0,13762.944731831329,6881.472365915664,28.23168150119247,105.86880562947177,7.057920375298117,0.0047504872673427,91.75296482383128
E01000867,1736.0,21539.14736967063,8002.736205897209,99.25874363903516,198.51748727807032,49.62937181951758,0.0112426188892159,186.11014421132091
E01000868,1746.0,21023.13444647602,5514.659551252014,0.0,24.08148275655901,0.0,0.0126304903665696,48.16296548425361
E01000869,1946.0,17052.48592140743,7343.25961055469,35.05135852293408,26.28851889220056,8.76283963073352,0.0052804390124367,175.2567925097144
E01000870,1601.0,12536.245475529666,5817.882815939126,23.49077853003685,101.79337363015968,7.830259510012283,0.0063418630227793,117.45389257925036
E01000871,1657.0,5477.205106286992,3050.9718244435085,0.0,6.610989868783334,0.0,0.0008949007507222,115.69232263427809
E01000872,1740.0,11485.03099596114,4937.243209758007,59.40533273773003,191.41718326601895,6.600592526414447,0.0010914144994208,79.2071102695343
E01000873,1582.0,12736.845366206886,6875.642188837345,0.0,64.40882612494,16.102206531235,0.0018997336888464,88.5621358686256
E01000874,1480.0,17228.786784893156,8754.086258270037,34.92321645586451,69.84643291172902,0.0,0.0045831460674544,128.0517935944856
E01000875,1570.0,13586.893998807149,5322.254655583692,0.0,0.0,0.0,0.0032805139102137,112.50294387171591
E01000876,1924.0,16384.561800175597,6122.920963787034,0.0,0.0,0.0,0.0011777178498252,85.15884506432637
E01000877,1458.0,12973.199812482524,7830.18918723225,53.3876535493108,124.57119161505852,0.0,0.0010766372360888,106.7753070346242
E01000878,1714.0,9152.185954171751,3625.632592113546,5.339665084114206,5.339665084114206,0.0,0.0007634128760198,80.09497621358412
E01000879,1303.0,7246.385737612556,6517.854247491877,27.8065454244534,44.49047267912544,0.0,0.0029615702588284,94.5422543864419
E01000880,1412.0,7003.57541550029,3491.867629257935,4.960039246105021,0.0,0.0,0.0038062541968697,84.32066713314917
E01000881,1386.0,9421.857455082083,6641.525781829145,6.797876951718674,0.0,0.0,0.0045046783285469,95.17027726705668
E01000882,1452.0,12081.566581354284,9169.343231854284,33.28255256571428,33.28255256571428,0.0,0.0043544225186768,99.84765763723924
E01000883,1508.0,10785.691806869543,10327.94361347455,107.2847328269517,214.5694656539034,7.15231552179678,0.0072310129306634,42.91389310504337
E01000884,1471.0,5981.081603194304,2529.0501408476257,0.0,0.0,0.0,0.0045591001370932,77.25394316284766
E01000885,1280.0,4124.251468830889,2094.346449015686,0.0,0.0,0.0,0.001717488740916,109.5504295749542
E01000886,1330.0,13326.832389806408,6673.436369632382,30.06052418753325,70.14122310424425,10.02017472917775,0.0008600728685264,130.26227140151724
E01000887,1387.0,14183.44238473547,9929.432267900607,51.12992928888057,92.03387271998504,30.677957573328342,0.0004244789195787,184.06774532878367
E01000888,1470.0,15573.93831711248,6473.249191670562,10.59451586198128,52.9725793099064,0.0,0.0017548458337173,116.5396744119066
E01000889,1770.0,15508.034707341714,4888.973653500947,8.761601529571589,0.0,0.0,0.000389623586423,105.1392182915669
E01000890,1317.0,17414.584351218604,4085.8819776207656,0.0,0.0,13.222919021426426,0.0018055579469343,66.1145950674661
E01000891,1485.0,18902.493029950045,7370.062938950219,38.18685460595969,63.64475767659948,0.0,0.0007124921801913,101.83161222131056
E01000892,1791.0,14733.61044700306,5955.965362160925,0.0,32.90588597878964,0.0,0.0021833683496407,106.94412936678977
E01000893,1377.0,2575.2339784736887,1310.994204001493,0.0,3.7403543623437754,1.8701771811718872,0.0002050495492882,20.57194898052915
E01000894,1271.0,5693.295481495452,3682.052624539151,22.396913774569047,53.75259305896572,8.958765509827618,0.0012754034155363,116.4639515577919
E01000895,1552.0,16270.192609006634,14561.40305019988,209.667430528436,691.9025207438387,52.416857632109,0.0016964393469641,272.56765952398223
E01000896,1438.0,9829.199304953316,6425.206777924976,88.85924267343053,170.8831589873664,0.0,0.0014869078975224,88.85924262023039
E01000897,1560.0,7813.980391160637,5605.028242120995,0.0,10.017923578411072,5.008961789205536,0.0015445843879313,100.17923572394854
E01000898,1586.0,9191.665448060745,47807.09223269425,75.34152006607168,40.56851080480783,5.795501543543976,0.0032450589612728,104.31902772123276
E01000899,1560.0,1442.8884752443714,934.1777948697534,6.474499568404231,3.699714039088132,1.849857019544066,0.0083942729879374,54.570782043791
E01000900,1692.0,16680.593520325485,7561.474722275206,0.0,19.71701361740601,9.858506808703003,0.0033201932299827,118.30208163335428
E01000901,1971.0,18522.598238071267,5459.9845643426725,9.39756379404935,0.0,9.39756379404935,0.0035187014160221,159.7585844027331
E01000902,1414.0,17546.126391897218,7184.729265140374,24.817717668878668,24.817717668878668,0.0,0.012175355238495,148.90630592417466
E01000903,1411.0,13727.076966824336,6012.284596383728,0.0,48.643079258768026,19.45723170350721,0.0070733629393385,145.92923768864668
E01000904,2066.0,17830.85866117475,8155.934866800648,155.35114032001235,250.2879482933532,43.15309453333676,0.0075926456782765,138.08990242417778
E01000905,1874.0,21796.01665387648,5803.741894495391,23.26149055909976,46.522981118199525,23.26149055909976,0.0098596754297717,104.67670745328896
E01000906,1445.0,10219.815783646873,5559.013983353939,21.21761062348832,42.43522124697663,0.0,0.0077175505753028,148.52327427513472
E01000907,1483.0,14051.216415035193,4311.061003938646,0.0,9.474859349315706,0.0,0.0043309775412615,56.84915606175298
E01000908,1523.0,8804.800212704937,3318.421091328059,5.781221413463517,5.781221413463517,5.781221413463517,0.0063949966636075,104.06198537970675
E01000909,1549.0,6849.095592656557,3059.7638154411475,35.37299208602482,39.79461609677793,4.421624010753103,0.005904065079833,84.01085615392627
E01000910,1340.0,10330.662779278788,6252.363816414252,15.418899670565356,0.0,15.418899670565356,0.0008617597789314,115.6417474598338
E01000911,1438.0,16334.076150654608,5611.289025329191,0.0,11.35888466665828,11.35888466665828,0.0017796906414357,113.5888465983685
E01000912,1587.0,1758.0991625017034,1165.4192305934416,5.539064784189361,12.185942525216594,1.1078129568378725,0.0016824216192273,16.617194342592523
E01000913,1603.0,996.1635745257248,1295.0747905874057,4.971496317034186,12.428740792585463,1.86431111888782,0.0132067767926751,37.90765939462316
E01000914,1419.0,3165.444922488319,19452.2055842834,216.38347954994148,118.23014862007112,53.538180507202014,0.0144219824578412,158.38378390547808
E01000915,1530.0,20673.46669319405,83923.46511858057,54.04827893645504,189.16897627759263,27.02413946822752,0.0045204192319328,175.6569064380842
E01000916,1853.0,12546.67995219768,28167.398057821018,270.8403659405867,826.0631161187895,67.71009148514668,0.0048404309181473,169.27522861156257
E01000917,1653.0,22102.238897185474,15657.42392535039,147.08083960619493,120.33886876870496,40.11295625623498,0.0155592985416415,147.0808395178913
E01000918,1792.0,10757.89515101421,22038.07650634663,444.2434381557207,456.2500175653348,102.05592498171964,0.0148454742534849,252.1381674506324
E01000919,1440.0,9604.199733868056,21362.674824707905,626.9408159608314,1087.142053208676,133.39166297038966,0.0152330463972526,246.7745763470369
E01000920,1623.0,11930.979271933897,19840.85832097941,198.48209509686703,227.8868499260325,58.809509658330974,0.0036403279703013,169.0773401662483
E01000921,1875.0,15134.855151566862,11631.640679150853,290.5892189100838,379.38036913260936,40.35961373751164,0.0022781464126963,161.43845485336377
E01000922,1920.0,10095.405941788078,11294.235397375413,57.83826320816087,152.4826939124241,10.516047856029248,0.0007710212416547,73.61233494812224
E01000923,1447.0,16936.880514660963,7397.44884952711,23.409648257997183,35.11447238699578,11.704824128998592,0.0034742545680987,152.1627135856675
E01000924,1569.0,16165.409048155876,7428.463941185715,0.0,20.60600261077868,0.0,0.001180397950157,185.454023385812
E01000925,1495.0,17904.373648645003,6658.75033354289,0.0,47.90467865858194,0.0,0.0018175606403412,131.73786623178586
E01000926,1472.0,16046.785937469223,7729.056541892446,65.40809485381477,239.82968113065417,10.901349142302465,0.0021938422709453,174.4215861724609
E01000927,1535.0,14981.471671535948,8061.690945074068,97.59916398394756,263.5177427566584,9.759916398394754,0.0094028816153894,195.19832785038687
E01000928,1711.0,6703.469579321793,6562.426385367624,50.93226448345021,54.85013098217716,7.835732997453879,0.0026173654791366,66.60373043835453
E01000929,1915.0,19830.59572280919,6223.5968821975575,51.77701233109449,51.77701233109449,0.0,0.0029031623332274,72.48781721991827
E01000930,2085.0,17826.91583140091,9105.834705247948,59.85055674810857,196.6518293152139,25.650238606332245,0.0080394523720543,222.3020677881296
E01000931,2059.0,14042.06812636912,7665.509749411796,136.39697063010314,231.87485007117533,20.459545594515472,0.0039158337146073,129.57712202076817
E01000932,1760.0,26348.3963397493,12440.634862688448,14.97067973849392,29.94135947698784,0.0,0.0078260506129304,104.79475810657188
E01000933,1772.0,16432.082515306225,8651.880918047804,37.09273705486733,102.00502690088516,0.0,0.003008638188819,111.27821109792042
E01000934,1513.0,17097.746505446477,5435.569113760579,0.0,33.901678464203194,0.0,0.0060065065503778,90.40447585039796
E01000935,1598.0,25389.185382850406,6704.778617999294,0.0,0.0,0.0,0.0110206955450765,31.77620196195115
E01000937,1119.0,8816.289970880427,5349.652270087408,39.393610236284296,0.0,0.0,0.0024503121280013,126.05955268026273
E01000938,1365.0,16857.35172869949,12349.708226153474,296.3929974276834,259.3438727492229,61.74854113076737,0.005171084615053,172.895915062308
E01000939,1447.0,18787.12499096715,10620.503277547428,103.86800271440028,51.93400135720014,38.9505010179001,0.009161003429498,168.7855043091459
E01000941,1195.0,26402.85638787247,8174.942982019092,66.28332147583048,132.56664295166095,22.09444049194349,0.0010653108266326,154.66108335026945
E01000942,1013.0,13846.79355340144,29579.922260178395,177.69823908609942,54.67638125726136,82.01457188589204,0.0192498471019595,136.69095306080462
E01000943,1585.0,22661.865057482377,11981.478181810871,257.3587198956989,243.06101323482676,57.19082664348865,0.007804979120731,85.78623991372675
E01000944,1464.0,25430.86212732369,7921.088203592624,17.370807464018913,191.07888210420805,34.741614928037826,0.0017590515543291,138.96645962862348
E01000946,1551.0,3212.357059420661,8199.691552705608,22.782674180288375,24.85382637849641,8.284608792832138,0.0095395414465083,89.05954446952852
E01000947,1665.0,10651.395286896272,13722.067802037538,287.8755482944938,390.2312987992027,63.97234406544307,0.0102461814961194,159.93086006770892
E01000948,1531.0,7686.267444918775,3559.479829162254,25.102114451073728,20.08169156085898,15.061268670644235,0.010434336992871,165.6739552779599
E01000949,1600.0,26125.013244259942,6792.503443507585,0.0,16.328133277662463,16.328133277662463,0.002216434809616,114.29693287534154
E01000951,1539.0,31267.13611352812,5810.526919083199,0.0,0.0,0.0,0.0006003307071894,304.74791515394725
E01000952,1691.0,19827.439150817085,6953.087768441474,0.0,23.4505489660758,11.725274483037898,0.0077841792655,140.70329371215655
E01000954,1751.0,32480.3249310558,7197.239333666276,37.09917182302205,55.64875773453306,18.549585911511024,0.0117637214582108,185.49585900391543
E01000955,1348.0,21299.319028744398,7931.942249576919,31.60136354413115,63.2027270882623,15.800681772065577,0.0021356505669064,189.6081811511462
E01000956,1505.0,9400.491553161084,17864.057037900795,199.8775612632257,249.8469515790321,43.72321652633062,0.0092326654038196,124.9234757144774
E01000957,1320.0,11320.417541938708,5334.3179629438455,8.576073895408113,34.30429558163245,8.576073895408113,0.0042780718048337,137.21718224408306
E01000958,2940.0,12045.640686979188,11369.609832097703,8.194313392502849,12.291470088754274,4.0971566962514245,0.004812556341153,86.04029056966374
E01000959,1691.0,23180.08593210464,5990.359285824793,0.0,13.707915985869093,0.0,0.0036817677616782,137.07915977614397
E01000960,1867.0,16184.16728896333,10194.204998297202,69.34833332174968,286.0618749522174,0.0,0.0031277133820699,199.37645818069024
E01000961,1791.0,14757.819585680782,4952.233149633807,24.71996580516044,57.67992021204102,0.0,0.0069695813139226,181.2797491288435
E01000962,1543.0,16238.355067837783,10260.788199054983,31.57165599709226,84.19108265891269,10.523885332364086,0.0045967138948035,52.61942663021373
E01000963,1920.0,10027.918087886754,9745.882891664938,36.56011802875379,88.78885806983064,0.0,0.0110079817685961,182.8005900342233
E01000964,1730.0,13909.73348939921,5395.046919876803,0.0,0.0,0.0,0.0026300864075059,72.36277533478307
E01000965,1719.0,15856.2357175741,7674.454983724055,0.0,18.448209095490515,0.0,0.0072926250587392,138.36156813326306
E01000966,1615.0,12495.300005206263,6220.570405068629,0.0,0.0,0.0,0.004300914487164,15.474055724722364
E01000967,1539.0,4118.870561237148,1854.696100674037,0.0,0.0,0.0,0.0071198495110814,69.58455784790718
E01000968,1469.0,17758.034036034856,8764.176089942323,36.26555623424409,12.088518744748033,0.0,0.0024777854977111,132.97370611252322
E01000969,1830.0,10904.056581492989,8407.444719391586,47.66800691363054,41.70950604942672,0.0,0.0068616547177953,95.3360137699225
E01000970,1408.0,20586.24735821484,13158.822885222551,43.86274295074184,43.86274295074184,43.86274295074184,0.0018374381534258,175.4509716973202
E01000971,1323.0,16173.026534470868,7518.073559107774,12.224509852207762,24.449019704415523,0.0,0.0012017765102907,146.694118138983
E01000972,1959.0,13849.113813989006,9013.588623193458,106.04221909639362,155.52858800804398,0.0,0.0021542914607689,98.97273776367228
E01000973,2562.0,11039.109232049952,7798.902306795634,56.01421546317306,73.24935868261093,17.235143219437866,0.0034955352891052,77.55814444099096
E01000974,1590.0,13919.977328040966,6583.536446972835,26.264108166115037,43.77351361019172,17.509405444076688,0.0020505872997573,43.77351358372586
E01000975,2345.0,12550.872898409649,7273.618878012244,21.40873841946209,0.0,5.3521846048655215,0.0019723945309095,123.1002458381761
E01000976,2140.0,13074.58629288544,5205.396038102052,97.75391620848926,268.82326957334544,18.32885928909173,0.0010084834052664,116.08277542802648
E01000977,1943.0,11534.902912435002,3514.4943510867324,0.0,0.0,0.0,0.0094060470686968,178.09937579274157
E01000978,1731.0,11052.662544209665,3486.281773043603,0.0,0.0,0.0,0.0059814932306333,153.2431547671243
E01000979,1758.0,12950.89099001595,5215.7171905183695,0.0,7.366832189997697,14.733664379995394,0.0040779775735777,169.4371402680613
E01000980,1495.0,10175.900780250608,3471.377523697532,0.0,0.0,0.0,0.0018079962099709,61.25960332265671
E01000981,1730.0,10033.184525911513,3688.500207213712,0.0,11.599057255389033,0.0,0.0049138263924386,115.9905724842785
E01000982,1684.0,12355.583983994396,4086.7341324732056,0.0,7.337045121136815,0.0,0.0009650191528843,95.38158651741098
E01000983,1819.0,11652.996396593997,4567.667086735305,19.218795596361733,19.218795596361733,6.406265198787244,0.0046080272951078,160.15662987360443
E01000984,1902.0,11146.326260250364,4319.054917878295,0.0,5.8603187488172255,0.0,0.0025545608076564,87.90478117945702
E01000985,1454.0,3705.788820270295,1353.352038214255,2.548685571024962,5.097371142049924,0.0,0.0169997937215963,71.36319594583233
E01000986,1772.0,5476.2307681420125,1912.9722604288409,12.361694736212216,40.17550789268971,0.0,0.0073507720782906,77.2605920549514
E01000987,1358.0,8347.00192065296,2895.020548326616,30.7327022115352,67.61194486537744,0.0,0.0121901622158743,79.90502570202615
E01000989,1734.0,6648.096549860824,2047.337691825652,0.0,0.0,0.0,0.0045857742895248,141.85673137086215
E01000990,1436.0,8648.230816930163,2150.012814515368,0.0,0.0,0.0,0.0110098571328828,132.49378680951062
E01000991,1737.0,3903.006280901276,1069.563033799083,0.0,2.246981163443452,0.0,0.0052595486522313,85.3852841596269
E01000992,1876.0,3811.8416167551663,1548.306669492237,0.0,4.063797032788024,2.031898516394012,0.0189569876250073,56.89315842484732
E01000993,1652.0,10275.54598831758,4036.821638267621,74.64076989092675,217.702245515203,0.0,0.009359205768028,80.86083399993475
E01000994,1591.0,8945.018916939724,2383.8391079713656,0.0,11.244524094204555,0.0,0.0111596473229528,61.84488248102492
E01000995,1714.0,11901.95800049583,4367.75471546784,0.0,6.94396616131612,0.0,0.008258662455062,180.54312008585688
E01000996,1329.0,12774.876206675692,3191.315952307246,0.0,0.0,0.0,0.0017001295638204,86.5115769684972
E01000997,1499.0,14186.99468570143,3691.079337840933,0.0,0.0,0.0,0.0039347988689227,179.82181378692502
E01000998,1493.0,10517.54215166943,2881.228894864566,0.0,0.0,0.0,0.0091293726625923,77.49026362958989
E01000999,1324.0,13699.146137788588,2700.5114365278105,0.0,0.0,0.0,0.0020109141816941,51.73393553462816
E01001000,1338.0,9790.869902714914,4866.16478722378,21.952623100257657,87.81049240103063,7.317541033419219,0.0023914507890176,117.08065646454632
E01001001,1410.0,11612.881694067524,2989.6993297492986,0.0,8.236086307849307,0.0,0.0008933337974142,90.59694933196472
E01001002,1472.0,13712.949227463938,3717.029036520456,0.0,0.0,0.0,0.004742450650961,65.21103568927433
E01001003,1588.0,9972.491534405268,2122.608399640416,0.0,12.559813015623764,6.279906507811882,0.0016444409677199,87.91869105649747
E01001004,2180.0,14124.699515891096,3660.759278201133,0.0,19.4376598842538,0.0,0.0019571796178396,136.063619108224
E01001005,1733.0,18831.42928520828,4455.214083632656,65.19825488242911,184.72838883354916,0.0,0.0056052034734116,10.866375807206836
E01001006,1790.0,6150.1867337713575,2724.635798816026,3.435858510486792,27.486868083894336,0.0,0.0104064149604017,113.38333077803618
E01001007,1984.0,13115.018256201723,2710.26082915459,0.0,0.0,0.0,0.0005451080668468,237.97412144127375
E01001008,1668.0,9108.832772370968,1813.0290650042932,0.0,0.0,0.0,0.0105140476653614,125.60141105430594
E01001009,2049.0,17641.691155839995,3840.016718157461,8.609902955510002,17.219805911020003,0.0,0.0056521513165849,129.148544255033
E01001010,1700.0,2338.1309520552177,3857.916070891109,11.0029691861422,28.882794113623277,0.0,0.0081928893793268,81.14689769909887
E01001011,2311.0,18393.133375496516,4663.944681108159,63.67159974209091,286.5221988394091,15.917899935522728,0.0112357248721198,254.68639881478623
E01001012,2097.0,14545.146031344217,5555.871230856804,6.936168827536584,13.872337655073167,0.0,0.0008964298313384,48.5531817635663
E01001013,2194.0,11243.066690097528,4965.602380448725,92.24029189688036,307.4676396562678,5.124460660937797,0.0107198746049546,169.1072017095368
E01001015,1493.0,3642.238493162851,1085.596871706275,4.879087063848427,2.4395435319242136,0.0,0.0161306832038574,43.91178354827733
E01001016,1758.0,1677.0690883267882,1466.2429970183582,0.9539642140652947,5.723785284391769,0.0,0.0106759872627412,27.66496219130412
E01001017,1649.0,1227.6656084929505,405.7475783072517,0.0,0.0,0.0,0.0101506387663453,14.14532840956229
E01001018,1649.0,1734.9884886049056,691.2598162604141,5.260729195284735,8.417166712455575,1.052145839056947,0.018776681546294,26.303645960648005
E01001019,1460.0,2462.07739739142,851.6089627963473,0.0,1.6863543817749451,0.0,0.0172371087188271,35.41344199601415
E01001020,1653.0,4516.048415453755,1841.389372060394,8.196095127865256,2.7320317092884183,0.0,0.0233805884058836,71.03282439885223
E01001021,1357.0,661.8811132037941,136.08314707727234,0.4877532153307252,3.902025722645802,0.0,0.0091849392914564,12.68158359098733
E01001022,1482.0,1498.8471557327737,570.4114681736062,0.0,0.0,1.0113678513716422,0.0102771862983514,25.28419626912244
E01001023,2597.0,4577.5748604959645,3045.841108562582,59.92974403421748,137.48588337261657,3.525279060836322,0.018712307417469,107.52101129092216
E01001024,1340.0,4748.093987984852,1860.2607042477964,0.0,7.08670744475351,0.0,0.0331144549386712,56.693659523961095
E01001025,1349.0,5927.919882917318,1981.8323700487103,4.39430680720335,17.5772272288134,4.39430680720335,0.0156277280639055,87.88613609137508
E01001026,1881.0,6767.686199776309,1989.649371864061,0.0,7.1958385962533855,0.0,0.0326731192297162,82.75214380721947
E01001027,2910.0,2009.425975823193,798.9367195970565,2.071573170951745,6.214719512855236,0.0,0.0098159056374,51.09880485281693
E01001028,1656.0,1904.537933795912,994.8220487520916,0.0,0.0,0.0,0.0195872461457093,35.65258207260186
E01001029,1719.0,3453.4791701704694,1434.4293935437552,8.036019011449609,22.099052281486426,0.0,0.0112658692729629,36.162085529882496
E01001030,1454.0,3498.912729118922,1200.7960466508544,0.0,2.4064049031079247,0.0,0.0148308654980126,28.876858819945365
E01001031,1456.0,3598.465953942157,1211.0221960382255,0.0,0.0,0.0,0.0095806730609303,49.42947735963934
E01001032,1556.0,2386.7337581740035,901.9276669706388,0.0,12.271124720688965,0.0,0.0024511762442513,61.35562356660461
E01001033,1669.0,5601.097328646004,2587.445200950311,16.77980026556622,50.339400796698655,3.355960053113244,0.0104612185935664,63.76324097088528
E01001034,1612.0,5451.284510562041,3229.5140865922763,20.29014085817137,23.67183100119993,0.0,0.0040793846819567,71.01549296100745
E01001035,1860.0,8468.23332329818,3696.88465511727,0.0,0.0,0.0,0.0009351474242685,122.92596752244395
E01001036,1621.0,1927.4856199384585,954.8247703951772,0.0,0.0,1.1890719432069452,0.0047795390904884,51.13009352723978
E01001037,1536.0,9770.836766869392,5019.004042356738,31.80610926715297,108.14077150832009,6.361221853430593,0.00122985068935,165.39176808984286
E01001038,1903.0,9385.48121604982,3753.206098483401,0.0,4.93193968263259,0.0,0.0006007896657538,108.50267295278375
E01001039,1569.0,3412.654282285121,1222.3783981161491,0.0,0.0,0.0,0.0008209422185085,60.90141481619468
E01001040,1721.0,8967.409531776711,4710.365030055867,20.84232314184012,41.68464628368024,0.0,0.0020885479494971,104.211615646606
E01001041,1730.0,8740.050839410895,3208.053342789548,45.46847257496997,136.4054177249099,0.0,0.0008412847058563,95.98899760060212
E01001042,2172.0,10424.435223570476,5754.557013379836,43.19517357833071,163.18176685147156,23.99731865462817,0.008966636679867,201.57747657769565
E01001044,2081.0,4631.841114253284,2452.8058183119265,2.225776604638772,0.0,0.0,0.0011470044632204,97.93417054535244
E01001046,1926.0,9828.073355199487,3184.1732988808308,0.0,5.102841825129537,0.0,0.0021303581746856,173.49662195027028
E01001047,1734.0,9432.19430596879,4275.492920698655,10.879116846561464,21.75823369312293,5.439558423280732,0.0028668930751772,168.62631102072348
E01001049,1440.0,1037.329244290557,366.6670731554816,0.7203675307573312,0.0,0.0,0.0056932004127874,29.53506874332664
E01001050,1715.0,11120.85140533126,3320.044267947292,0.0,0.0,0.0,0.003575096233184,123.20476768186806
E01001051,1604.0,6368.685417607083,1214.973651987386,7.941004261355466,19.852510653388663,3.970502130677733,3.037667071688943e-05,47.64602553954264
E01001052,1466.0,9121.87327453183,1169.79002429194,0.0,0.0,0.0,0.0,18.666862078554157
E01001053,1600.0,7084.119866653291,1616.064844580282,0.0,0.0,0.0,0.0153136692793537,57.55847388196982
E01001054,1861.0,7343.998877905714,1700.8401485101358,0.0,0.0,0.0,0.0025152588396128,71.03276718050165
E01001055,1568.0,5366.494177675893,1009.6401673561152,6.845018083770272,6.845018083770272,3.422509041885136,0.0029350842007153,85.56272599577906
E01001056,1808.0,11428.810774896445,1763.6273264359004,0.0,0.0,0.0,0.0063657911205777,126.4248978766164
E01001057,1791.0,13134.781530614222,1268.7421578985263,0.0,0.0,0.0,0.0102350790626716,139.3416241940505
E01001058,1355.0,6909.802326307816,1795.0187593065325,0.0,0.0,0.0,0.0285019333485216,91.79073195489208
E01001059,1452.0,7849.198493185583,1908.2417824342365,0.0,0.0,5.405784086215967,0.0364479999360491,81.08676124462193
E01001060,1618.0,1069.8781626927107,306.8130206980332,0.0,0.0,0.0,0.0505945793960816,17.853343866112155
E01001061,1621.0,3563.248344090486,1382.6546628210465,2.1981791141829032,2.1981791141829032,0.0,0.0041600014937225,57.15265693445004
E01001062,1511.0,1216.6305726744065,929.1804638426636,0.8051823776799513,7.246641399119561,0.8051823776799513,0.0203913792968946,36.23320697383455
E01001063,1535.0,4800.849827451693,2020.4227938330905,25.02071571310329,50.04143142620658,6.255178928275822,0.0225022404014236,93.82768386774764
E01001064,1603.0,461.4612646987951,231.73818969590144,0.5757470551450967,0.8636205827176452,0.0,0.004243205387063,18.71177928098543
E01001065,1325.0,1130.9751222886168,556.5251167790024,1.7071322600582897,5.1213967801748685,0.8535661300291448,0.0045481883491695,36.70334356921064
E01001066,1453.0,8971.668025599385,1698.0101218443433,0.0,0.0,0.0,0.0043419538642807,166.7137209534261
E01001067,1654.0,2426.8647400413347,977.2018844422786,0.0,0.0,0.0,0.0175851893936273,35.21448230107964
E01001068,1836.0,2411.170225898877,858.8808974607111,0.0,1.3132735435179068,0.0,0.0033210488880617,72.23004485010823
E01001069,1369.0,3386.1423183998063,1449.4371063420645,0.0,0.0,0.0,0.0111324135553497,86.57047558275875
E01001070,1785.0,3356.515123081801,1009.7751378683064,1.8804006291774795,3.760801258354959,0.0,0.0081744602254684,52.651217585328446
E01001071,1897.0,2505.670608788117,1069.8962536206511,0.0,10.566876578969394,0.0,0.00201676772513,21.1337531452479
E01001072,1482.0,684.204070262015,252.99853610228357,0.0,0.0,0.4616761607705904,0.0111818864782194,20.775427222206467
E01001073,1439.0,4739.271803682836,1511.6926740030726,0.0,0.0,0.0,0.0125001671019954,46.108273253477925
E01001074,1948.0,4736.94528960311,1811.614086629526,4.86339352115309,17.021877324035813,0.0,0.0300064881647184,75.38259953259968
E01001075,1629.0,3656.424718375784,1836.0683975637764,15.712076751768258,42.64706546908527,2.2445823931097517,0.0082633122092831,44.891647835252265
E01001076,1667.0,4827.282812092824,2015.4702082883057,37.64527687894824,101.35266852024526,0.0,0.0364591872436654,86.87371582235781
E01001077,1332.0,7494.705877635729,1868.049813344641,0.0,0.0,0.0,0.0075606250936776,67.51987273104875
E01001078,1448.0,3829.597616409885,1012.939148539355,0.0,2.6447497350897,0.0,0.014717136808816,60.829243870500456
E01001079,1614.0,5498.9885238005,2408.788653238509,0.0,0.0,0.0,0.045105453270895,95.39757036809335
E01001080,1481.0,6773.3142546035815,1454.364573236961,0.0,0.0,0.0,0.0191450403838769,105.18989045394412
E01001081,1473.0,3177.547912160175,1160.570792085658,8.628779123313443,8.628779123313443,0.0,0.0563410674470212,56.08706426796165
E01001082,1551.0,2757.625836071508,856.979789159553,0.0,0.0,0.0,0.0238910938185673,44.44915916213071
E01001083,1615.0,5020.968991845727,1591.7870735758588,0.0,0.0,0.0,0.0031140239092991,71.5060599028486
E01001084,1931.0,3236.0973705827787,1240.140887742753,3.351732129034468,5.027598193551701,0.0,0.0013129223748847,43.57251765129121
E01001085,1709.0,9378.801724466852,3901.888839143319,32.92733197589298,76.83044127708364,0.0,0.0031887539778486,148.1729938027155
E01001086,1731.0,7693.4691917443215,2333.374538224014,0.0,0.0,0.0,0.0037131011530763,62.2233209820246
E01001087,2829.0,7554.285971396078,2953.354642758594,8.01090771091843,16.02181542183686,2.6703025703061427,0.0108975206164844,66.75756421759523
E01001088,1679.0,10766.9814282028,2738.23768305098,0.0,0.0,0.0,0.0043175694165386,153.90563080494306
E01001089,1786.0,11333.35534934499,3997.768124349017,0.0,12.691327378885768,0.0,0.0048316720981593,107.87628265579151
E01001090,2276.0,12580.702635061272,3957.7254335254265,0.0,5.527549488164004,0.0,0.0131528420909547,110.5509896969564
E01001091,1575.0,4928.336381348409,1445.645338528867,0.0,0.0,0.0,0.0017728326903268,103.260381261318
E01001092,1933.0,3298.667314775244,1687.729940151431,0.0,0.0,0.0,0.0249306942554649,68.26005820577313
E01001093,1793.0,4465.554121849408,1900.288786933128,0.0,0.0,0.0,0.0163839307028116,69.7353682859583
E01001094,1644.0,1403.473186497238,536.119927688726,0.0,0.0,0.0,0.017636279704197,29.02560116316721
E01001095,1530.0,6238.116110720284,2307.6952409592686,4.077200072366199,44.849200796028185,0.0,0.0127357762189004,159.01080272664768
E01001096,1478.0,3775.996422306264,1267.181478662995,0.0,0.0,0.0,0.0045651079723123,51.09602733478668
E01001097,2389.0,5443.091589746619,4604.641315562125,75.18711697850081,179.99340125156257,11.391987420984972,0.0268166235870216,161.7662212807255
E01001098,1470.0,3032.7105905644453,1048.0387619093458,0.0,0.0,0.0,0.0026770702209406,49.51364226521252
E01001099,1581.0,7348.144846684841,2388.960437189126,0.0,0.0,0.0,0.0059406144075492,106.89900782552108
E01001100,1512.0,6183.55747279444,2294.2961258185715,0.0,4.089654413223835,0.0,0.0041666479895345,49.07585292921499
E01001101,1431.0,2613.6659237968283,845.6515183214057,0.0,0.0,0.0,0.0055545901912079,29.22337858535756
E01001102,1516.0,2345.705889409732,1036.6905975623483,12.37839519477431,24.75679038954862,0.0,0.0231107501507438,63.439275335132585
E01001103,1633.0,2227.559812097728,878.4742920948787,0.0,1.3640905156752774,0.0,0.0066446864192915,39.55862493081552
E01001104,1674.0,986.5961566650652,472.67032117406353,1.178728980483949,2.946822451209872,0.0,0.0021938432649044,18.859663676428863
E01001105,1737.0,1750.217594018214,498.7666718704755,0.0,0.0,0.0,0.0062355484604844,23.175017062896966
E01001106,1503.0,3500.716059289556,1148.272133885397,16.3040668097318,18.633219211122057,2.329152401390257,0.0057987110589783,58.228809999745145
E01001107,1667.0,2185.405731967316,865.2476203349902,0.0,0.0,0.0,0.004073652361746,52.43924968579759
E01001108,1786.0,3315.252841817529,1074.7656189318866,0.0,0.0,0.0,0.0019507476858219,51.97484855269392
E01001109,2350.0,4946.496658852439,3254.163333866328,0.0,8.419568781025427,2.104892195256357,0.000657895303049,65.2516580137064
E01001110,2148.0,13973.672526290837,4026.8637308072753,0.0,39.03260482204144,0.0,0.004098145552948,162.63585332731674
E01001111,1752.0,8738.005856505704,4349.053143192336,0.0,9.974892530257652,0.0,0.0030897057757876,54.86190888345551
E01001112,2017.0,5639.575712882368,2281.5536845374377,0.0,0.0,2.796021672227252,0.0013412837927863,61.51247675214258
E01001113,2006.0,11374.24418022183,3617.531299591988,5.670111754846377,5.670111754846377,0.0,0.0002898449681299,130.41257028314686
E01001114,1510.0,8320.757799618279,3295.240506073994,11.020871257772557,16.531306886658832,16.531306886658832,0.0039730660378521,121.22958376266855
E01001115,1820.0,8235.89015235165,1896.0648207886493,0.0,27.151286216543905,0.0,0.0012294485491603,149.33207410122006
E01001116,1525.0,9868.55521003371,3442.669751959301,0.0,19.4135512328532,0.0,0.0057919201543531,135.89485854845415
E01001118,2153.0,11686.19784935758,4103.467521650873,0.0,16.283601276392357,10.85573418426157,0.0022280978900065,81.41800633311229
E01001119,1439.0,2074.523502724405,593.9566943172027,0.0,0.0,0.0,0.0152462159347335,31.71613414355636
E01001120,1347.0,4369.487133388311,1226.1812445588578,0.0,3.2438657263461845,0.0,0.0162930416354717,38.92638869282857
E01001121,1324.0,601.1956683687225,165.73747655180037,0.0,0.0,0.0,0.0121280863378767,14.07633361649559
E01001122,1440.0,1165.6287927909464,603.8604718208653,1.6189288788763143,0.0,0.0,0.0011528722283886,22.66500429065817
E01001123,1617.0,2173.965668034216,838.9329479612559,0.0,4.0333314805829605,0.0,0.0123440955200871,28.23332034710233
E01001124,1566.0,2612.262602024158,834.0557477727197,0.0,0.0,0.0,0.0039624749491092,30.026006901775457
E01001125,1645.0,4248.18236896759,3003.426197634837,20.659853466103783,49.06715198199648,2.582481683262973,0.0304599361629662,80.05693213312871
E01001126,1417.0,6362.285386707445,1593.9388230636152,0.0,0.0,0.0,0.0140085054678007,89.79937025947322
E01001127,1627.0,4944.674183685214,1318.985000442153,9.11740783715774,9.11740783715774,3.039135945719247,0.0047416554199669,103.3306220923655
E01001128,1602.0,7181.165590949856,1308.9265621456666,4.482625212827625,0.0,0.0,0.0067323107231139,67.23937815206021
E01001129,1392.0,4818.121629002228,1446.8210064101518,0.0,0.0,0.0,0.0081465435622715,72.68717970425261
E01001130,1764.0,12771.031002987693,1701.356171032941,0.0,0.0,0.0,0.0007589481640304,79.63794838362612
E01001131,1571.0,9719.321490384196,2530.364410927521,0.0,18.5601301535026,6.186710051167534,0.0037104018046415,92.80065071170525
E01001132,1619.0,3730.886875690981,1221.3527140927856,0.0,0.0,0.0,0.0123154448793765,89.87312419064604
E01001133,1586.0,3964.561274248906,1152.3724763106843,0.0,7.499170127835257,0.0,0.0255568358182454,67.4925311099767
E01001134,1612.0,4338.824918264952,1989.0766839936723,10.766314933659933,29.60736606756481,0.0,0.0082582403335225,99.58841307662507
E01001135,1679.0,3697.462532654535,1728.7123812589691,17.617451019199688,39.6392647931993,0.0,0.0186005026325324,99.09816192357928
E01001136,2039.0,7326.677027838463,3762.153432146577,7.186539507443318,14.373079014886637,7.186539507443318,0.0014633028153659,86.23847403751934
E01001137,2131.0,5965.854726263891,2480.406986142565,2.799556417768133,16.797338506608796,0.0,0.0029501616895588,125.98003872397852
E01001138,1514.0,5809.147649793566,2728.073962353518,0.0,0.0,0.0,0.0063104480362564,103.59774534358942
E01001139,1699.0,9296.298428804124,2883.5487180575474,0.0,0.0,0.0,0.0022839050744033,202.45028938161292
E01001140,1630.0,4607.3338817756185,2009.7020797193036,0.0,0.0,0.0,0.0061215672638427,79.14438565178907
E01001141,1274.0,8305.515723777471,2568.581785846408,0.0,0.0,0.0,0.0017198991850777,156.46183457689582
E01001142,1923.0,6130.245294873287,2247.437822613452,6.375710135073621,0.0,0.0,0.0106803529001865,92.44779690312538
E01001143,1934.0,8740.211086837986,2313.851125367657,0.0,0.0,0.0,0.0040157611780812,117.50025238968702
E01001144,1758.0,14574.3357471724,4858.111915724134,0.0,8.29029337154289,0.0,0.0006008578117637,99.48352039871672
E01001145,1827.0,13028.582309901522,4499.745723890454,0.0,7.131134269240023,14.262268538480043,0.010244993427783,128.36041676941028
E01001146,1530.0,11558.736447244062,2817.914179622245,0.0,0.0,0.0,0.0034737004990813,113.32094549330728
E01001147,1782.0,8891.985073876578,2968.984915239374,0.0,0.0,4.989890613847687,0.0034588914286849,84.82814038451725
E01001148,1762.0,12400.319844882612,2983.9589184053507,0.0,7.0376389585031855,0.0,0.0032114222415304,140.7527790858072
E01001149,1587.0,11265.677374573715,3073.748143157164,0.0,0.0,0.0,0.0034377975644302,106.48088249333918
E01001150,1704.0,6221.463270345423,1949.683912185713,0.0,0.0,0.0,0.0016973550163259,54.76640199481418
E01001151,1750.0,10559.57619013268,2498.094024408531,18.10213061165602,66.37447890940541,0.0,0.0071093027195371,120.68087067196896
E01001152,2062.0,11890.083879727845,4197.856966266669,23.06514816630038,74.96173154047622,0.0,0.0029473689421569,138.39088891483092
E01001153,1632.0,11633.47943829838,3050.937009553742,0.0,7.128357498957341,0.0,0.0014087136439452,71.28357494690523
E01001154,1961.0,11011.740117486048,3801.605333777693,0.0,5.615369769243268,0.0,0.0050456843839423,112.30739531729554
E01001155,1794.0,13184.00841938348,5357.381347675896,44.09367364342302,154.32785775198056,7.3489456072371695,0.0039949121793507,139.62996645365112
E01001156,1772.0,6353.638161488534,2137.002451606753,3.5855745832328068,0.0,0.0,0.0008735194184856,50.19804413515806
E01001157,1852.0,5509.212927073577,1656.9285099243964,5.949474003319197,20.82315901161719,2.9747370016595984,0.0059466738907221,92.21684699610104
E01001158,1534.0,7403.545331993612,2258.7087453539834,14.478902213807586,33.78410516555103,0.0,0.0024485274506064,111.0049169060764
E01001159,1944.0,4835.343445367183,1579.446032823128,2.4873165871230363,2.4873165871230363,0.0,0.0019770434469795,67.15754781198322
E01001160,1947.0,6110.031001957643,1835.833660064315,12.552708786764546,34.519949163602504,0.0,0.003010865503412,62.76354389610943
E01001161,1739.0,5887.603831648358,1675.8849319528106,0.0,0.0,0.0,0.0135041186250481,47.39876572378015
E01001162,1813.0,5772.65083898852,2566.330157873551,0.0,0.0,0.0,0.0005645889045165,92.33694110885143
E01001163,1975.0,7055.873109789108,2618.71138707616,14.290375918560215,35.725939796400546,3.5725939796400543,0.0006845724746932,100.03263136988134
E01001164,1981.0,10563.305804441115,7321.261418221935,186.63084460143315,362.5970695113559,37.32616892028664,0.0021410894205554,197.2954641744772
E01001165,1847.0,9923.014337913182,3647.930013775339,10.745007404345625,21.49001480869125,5.372503702172812,0.0134912369820745,128.94008877486274
E01001166,1968.0,11518.540363875998,3944.865957953467,17.558750554689023,81.9408359218821,5.852916851563007,0.0093518554692922,140.47000435328977
E01001167,2325.0,4081.9316076090895,1931.2364595139784,7.022678034596284,26.335042629736066,0.0,0.0140538368993872,80.76079734935693
E01001168,1817.0,8104.338081918697,3131.120161533806,4.460285130390037,4.460285130390037,0.0,0.0069764813986068,102.5865579375036
E01001169,1831.0,8030.94862626439,1925.4977864172952,0.0,0.0,0.0,0.0031211687502449,122.81079268166606
E01001170,1940.0,7640.087181757664,3115.1077117372747,11.81456780684175,39.3818926894725,0.0,0.0024113411059362,110.26929946436412
E01001171,1758.0,5927.52437871172,3479.638884431453,0.0,0.0,0.0,0.008345364902491,91.03706378226104
E01001172,2202.0,3163.585396221781,3879.055662942239,8.620123695427196,15.803560108283197,1.4366872825711994,0.0026366893078474,71.83436408542491
E01001173,2740.0,2677.830527308262,1205.023737288718,0.0,0.0,0.0,0.0039809357496215,54.72938300703407
E01001174,1691.0,7288.062471828186,1749.8245792798602,0.0,0.0,0.0,0.0059310244849558,81.8883423307686
E01001175,1639.0,11026.41133219472,2818.832427205362,6.727523692614229,0.0,0.0,0.0057833136098935,74.00276057438347
E01001176,1847.0,7301.889500750169,2328.5397487503246,0.0,11.86013454371982,0.0,0.0182462295155618,126.50810172376993
E01001177,1649.0,5647.272222249206,2256.854090031672,0.0,0.0,0.0,0.0454086579241475,123.2879320065884
E01001178,1626.0,8932.823295247768,28084.005341516968,27.468706319950083,65.92489516788021,0.0,0.0058521628230786,153.8247552993347
E01001179,1664.0,14907.045658136152,3072.7864547720555,0.0,0.0,0.0,0.0011875919994239,125.41985522146616
E01001180,1980.0,12900.309174617722,3029.6180637359803,0.0,6.515307663948344,0.0,0.0237589828224181,117.27553788065408
E01001181,2190.0,15232.107149129924,3804.549137248433,13.91060013619171,55.64240054476684,13.91060013619171,0.0048509271445511,111.28480102253776
E01001182,1358.0,10570.44647279927,3845.2139599137263,0.0,0.0,0.0,0.0126227958898299,163.4605123678345
E01001183,1821.0,13320.408478173997,4264.578881260538,29.259546355132333,21.94465976634925,0.0,0.0074857550246583,190.18705119424897
E01001184,1299.0,6978.647540528468,1665.420121296247,0.0,0.0,0.0,0.004045800837666,91.3294904678819
E01001185,1702.0,8578.941530979022,3024.303712448539,0.0,15.121518562242697,5.040506187414231,0.0090869250535383,126.01265460988373
E01001186,1683.0,9409.155789889235,3958.2188349623166,0.0,11.18140913831163,0.0,0.0163665610239781,111.8140913158823
E01001187,1985.0,12172.637563002318,3176.5371574988417,0.0,0.0,0.0,0.003810901423684,147.17546666846263
E01001188,1959.0,10386.594930855492,2947.9054525552087,0.0,0.0,0.0,0.004937287759099,148.45567018356994
E01001189,1218.0,10297.071070283611,3111.101932565164,0.0,8.454081338492294,0.0,0.0032129953393852,84.54081333406477
E01001190,1552.0,6194.266551783725,1967.637506462227,0.0,0.0,0.0,0.0004292428651442,55.8761157685707
E01001191,2072.0,13066.79383371635,4881.128584602536,0.0,50.45094144292027,6.3063676803650335,0.014039983074576,208.11013332726955
E01001192,1585.0,8469.703317680569,2527.551841806252,5.343661399167552,0.0,5.343661399167552,0.0014065455031161,117.56055071107336
E01001193,1682.0,9271.53105745228,2127.711645764911,0.0,5.512206336178526,0.0,0.0022218032952743,66.14647599454993
E01001194,1615.0,2973.541251028981,1246.4937628152447,0.0,1.841202013021041,0.0,0.0096637165052198,18.4120201191566
E01001195,1824.0,4418.755706107519,1165.2530124110287,4.845126870731928,0.0,0.0,0.0113566522948964,50.873832112134494
E01001196,1617.0,7010.351423777716,2306.43596626453,30.347841661375394,56.36027737112573,0.0,0.0169067679576896,104.04974277644187
E01001197,1854.0,4586.738041753218,1924.7476787939609,2.4739687388097185,14.843812432858307,0.0,0.0072158993228619,37.10953105987309
E01001198,1561.0,14400.975891775435,4926.406871369688,0.0,9.225481032527505,0.0,0.0028900740271256,36.90192410794816
E01001199,1663.0,15892.000311804595,5045.68620843826,0.0,19.112447759235835,0.0,0.0129551391277135,133.78713423431742
E01001200,1594.0,11791.170699738324,4726.824389669252,59.177770136704254,110.95831900632048,14.794442534176063,0.0070016772061646,110.9583189396812
E01001201,1595.0,12803.714519465686,4487.320637229666,0.0,0.0,0.0,0.0055598921051631,120.41110826142166
E01001202,2502.0,15474.494718765967,8269.14446002802,148.43640018000931,327.79705039752054,18.554550022501164,0.0125019726932395,154.6212500948105
E01001203,1688.0,18567.695938840367,7127.883275099856,153.99747816573765,230.99621724860648,10.99981986898126,0.0058463946077467,109.99819862373018
E01001204,1614.0,9576.1029349388,3144.569117421043,0.0,0.0,0.0,0.0047609028667587,100.86353766792372
E01001205,1781.0,7198.314871316754,2768.5826428141363,0.0,0.0,0.0,0.0050391439944476,92.95970911892894
E01001206,1578.0,10249.834071567402,3117.820249906434,0.0,0.0,0.0,0.0005752808332846,64.95458850073298
E01001207,1762.0,11085.378279695276,5272.160612023065,6.291361112199362,25.165444448797448,0.0,0.0086081106218593,75.49633330107864
E01001208,1360.0,2549.655027940534,1194.2134211750886,0.0,0.0,1.8747463440739225,0.0218656274012544,16.87271708653575
E01001209,1683.0,6113.94151549292,2993.3973908295698,39.960402062045226,39.960402062045226,3.6327638238222937,0.0026157386172522,83.5535678977883
E01001210,1888.0,8240.141727353737,1470.8303824778652,0.0,4.364481847115327,0.0,0.0155162201648762,48.00930028943767
E01001211,1737.0,9540.889577919834,3438.455311328622,0.0,16.478220341830458,0.0,0.0021439737944531,142.81124287676494
E01001212,1767.0,6183.078219779084,2393.449633462871,0.0,0.0,0.0,0.01303133696336,143.4670101066653
E01001213,2010.0,13426.86616795941,2017.3699416536028,6.680032919382791,0.0,0.0,0.0029757969828506,80.16039498443278
E01001214,1745.0,7463.870779789797,1124.9272292749092,0.0,4.277289845151746,0.0,0.0049370047058276,239.5282311847337
E01001215,2057.0,11821.979941251946,4425.340084960621,11.494389831066549,5.747194915533274,5.747194915533274,0.0012887620192307,103.44950841750126
E01001216,1751.0,12213.753674823149,1848.4550107527891,0.0,0.0,0.0,0.0013140752176565,167.4072461564913
E01001217,1450.0,7770.000461771598,2797.200166237775,0.0,0.0,0.0,0.0036496893090445,407.25519637245816
E01001218,2057.0,7468.382714162448,1434.1328012125264,0.0,3.630715952436776,0.0,0.0031011725853537,196.05866131400452
E01001219,2195.0,13349.725398701468,1842.8094741715463,0.0,0.0,0.0,0.0006755874465258,109.4738300829985
E01001220,1514.0,1613.0157883118832,511.3920597025786,1.065400124380372,6.392400746282232,0.0,0.0117316763570547,31.96200371218408
E01001223,1454.0,6473.549978957926,2836.073821592984,0.0,0.0,0.0,0.0060187534202809,84.59246872527186
E01001224,1560.0,6506.183053755418,3486.6468159868778,0.0,0.0,0.0,0.008758340213436,104.26575400403128
E01001225,1811.0,7763.679906907233,5547.322915261159,72.87827632105078,51.44348916780055,12.860872291950136,0.0312370302091698,124.32176541439092
E01001226,1513.0,6684.599770010357,4462.290659425287,0.0,0.0,0.0,0.014134538671737,92.78030078389509
E01001227,1521.0,8844.13354114865,3506.254125780826,0.0,0.0,0.0,0.0040604455248753,122.10835256576829
E01001228,1834.0,6848.451704334361,5309.977275661648,0.0,0.0,0.0,0.0124397088065758,100.82235327485546
E01001229,1518.0,7485.854729428877,1982.420027161007,0.0,0.0,0.0,0.0066055070751887,113.42204128670352
E01001230,1370.0,7107.975356462027,5452.906642074154,20.75321271959716,25.941515899496448,5.18830317989929,0.006553179719403,140.08418577312185
E01001231,2045.0,5140.684457744786,2013.5394868721637,7.541346392779637,30.16538557111855,0.0,0.0120322245270977,85.46859240021547
E01001232,1558.0,7316.397088856615,1944.1517296448255,0.0,0.0,0.0,0.0023200339102075,61.04824268168617
E01001233,1444.0,8433.35956492008,4835.749113402927,17.520830121025096,58.402767070083655,5.840276707008366,0.0074036852888114,116.80553406991028
E01001234,1370.0,4542.3317087552905,2125.2807484030227,3.315570590332329,6.631141180664658,0.0,0.0140513398691843,102.78268823871068
E01001235,1775.0,6515.545651382628,3942.363960329545,3.670729944440917,22.0243796666455,7.341459888881834,0.0248305688025072,135.81700786283847
E01001236,1476.0,10604.591290304208,4483.24184630747,0.0,0.0,7.184682446005561,0.0028885510722039,107.77023662531144
E01001237,1563.0,6443.686872481934,2844.621843897975,4.122640353475326,0.0,4.122640353475326,0.0039851842618729,148.41505263583767
E01001239,1481.0,3569.4392841526287,3747.790740619405,2.410154817118588,2.410154817118588,0.0,0.0116033141246424,53.02340594478471
E01001240,1825.0,9345.180049575229,3517.884215922292,10.241293205013948,10.241293205013948,0.0,0.0060301413363059,153.61939798295012
E01001241,1855.0,5234.995122158608,1902.0952627142328,2.822099796311918,0.0,0.0,0.0049457298426959,129.81659055239993
E01001242,1624.0,7860.483313104636,2178.0895879908167,0.0,4.840199084424037,0.0,0.0033234463708732,82.28338438588267
E01001243,2388.0,10872.9247606003,3774.5622389186137,9.106302144556366,22.76575536139092,0.0,0.0164608443656114,145.70083422541956
E01001244,2792.0,13187.302870392188,3910.847699385649,0.0,0.0,0.0,0.0110035985974224,113.35790426191625
E01001245,2170.0,19272.907281014577,8277.580454334371,26.644572277900338,35.52609637053378,0.0,0.0070358447089684,266.445722619011
E01001246,1827.0,1808.894794139549,3277.1985597164244,5.940541195860589,2.9702705979302944,1.980180398620196,0.0190210410553711,71.28649430753319
E01001247,2269.0,1986.579367762714,3964.403427602278,7.004246338519926,10.506369507779889,0.0,0.0147141041327287,133.08068035194785
E01001248,1593.0,2388.751588289807,1616.4935418558769,4.498590561751048,10.496711310752447,0.0,0.0050870556713993,38.98778484508073
E01001249,2436.0,15662.605598658927,8596.430084321422,96.44461575528896,173.60030835952014,6.429641050352597,0.020589382808527,147.88174406943293
E01001250,2181.0,8831.059345934864,2611.661292126542,28.343610922303554,20.245436373073968,4.049087274614793,0.0195999387479741,76.93265817142054
E01001251,1809.0,9615.023854635618,4671.976765187788,26.57552198627866,53.15104397255732,5.315104397255731,0.0039285712495419,90.35677469892693
E01001252,2466.0,12555.1442374507,6236.841723794447,76.36949049544221,254.56496831814067,25.456496831814068,0.0124430204904473,173.1041783524593
E01001253,2128.0,13083.60537074917,5164.581067400988,6.148310794524986,43.0381755616749,6.148310794524986,0.0030550563617014,116.81790502593957
E01001254,1747.0,8371.784031270518,3368.8403972428014,4.792091603474824,9.584183206949648,9.584183206949648,0.0091415443122408,100.63392361249542
E01001255,1589.0,9059.81867151439,3324.0240940798544,0.0,5.701585067032341,5.701585067032341,0.0027141492685506,62.71743569967824
E01001257,2233.0,13446.14767907988,2794.0047125360798,6.021561880465688,6.021561880465688,0.0,0.0037433802899228,162.58217067488494
E01001258,1874.0,9091.888237545738,2357.874964486248,0.0,4.8515945771321975,0.0,0.0006719995107482,208.61856669159468
E01001259,1599.0,6125.591147371426,1658.7748385314744,3.83088877259001,3.83088877259001,0.0,0.0050010546899496,118.75755187908511
E01001260,2039.0,7650.807932122251,1954.9146310130911,7.504470752449486,3.752235376224743,0.0,0.0132173720005942,93.80588434929402
E01001261,2319.0,5358.947318708812,4263.586805958499,18.487097261608668,67.01572757333142,0.0,0.0101167804172574,92.43548625252878
E01001262,1620.0,6269.335382283606,1737.6120905218145,0.0,7.73992022504149,3.869960112520745,0.0004018124321712,127.70868363651896
E01001263,1947.0,5939.8921230102405,1494.8881049178317,0.0,3.050792050852717,0.0,0.002264162573262,67.11742507847667
E01001264,1821.0,5922.247611456744,1300.878113444645,3.2521952836116115,3.2521952836116115,0.0,0.0005965871778182,94.31366316822404
E01001265,1723.0,3458.426356147816,3562.8013825666703,2.007212046516434,2.007212046516434,0.0,0.0011744605976367,90.32454203907052
E01001266,1833.0,2491.378952213673,3020.100399246471,6.795905488853445,21.746897564331025,0.0,0.0184375003311078,47.57133839342815
E01001267,2034.0,5306.207126845553,2016.567408579947,0.0,2.608754732962415,0.0,0.0097847046265571,112.17645345012107
E01001268,1963.0,6509.536982303143,1870.289790126833,3.316116649161051,26.52893319328841,0.0,0.0025034375242446,92.85126612065638
E01001269,2272.0,7890.164126329779,2684.4616503754046,3.472783506307121,17.363917531535606,0.0,0.0073416490750418,121.54742264776844
E01001270,1760.0,6218.291187872589,4956.967350332524,0.0,0.0,0.0,0.0019841341175775,120.12607969348676
E01001271,1920.0,5625.637545979043,4266.108472367441,11.720078220789674,8.790058665592255,5.860039110394837,0.0158403310200914,137.71091901158997
E01001272,1720.0,3123.14953725987,3883.963290813292,10.894707688115826,30.868338449661508,1.815784614685971,0.0132725073289585,50.8419691807152
E01001273,1675.0,4258.631982055372,2082.2803542109546,12.712334274792154,25.424668549584307,2.542466854958431,0.0104155381177779,83.90140616326
E01001274,1611.0,6050.31417767892,2099.395174005286,3.75562642934756,0.0,0.0,0.006584538826051,157.73630993792474
E01001275,1800.0,5205.320482719425,2116.830329639233,0.0,0.0,0.0,0.0240617902722296,57.83689421770061
E01001276,1778.0,4947.684573947801,6745.324750983954,0.0,5.565449464508212,0.0,0.0059038568262004,77.91629245643058
E01001277,2041.0,3718.32932174426,2707.2206624752425,3.643634808176639,9.109087020441596,1.8218174040883195,0.0249533547602212,100.19995716473488
E01001278,2081.0,4598.67105996338,1723.672958563881,11.049185631819748,19.88853413727555,4.4196742527279,0.0192945029983776,150.26892450269062
E01001279,1492.0,5895.135042984117,1817.534932823521,0.0,0.0,0.0,0.0071148040514082,173.85116738313104
E01001280,1816.0,4986.783286329644,1878.2818104898,0.0,2.746026038727777,0.0,0.0364531734116533,79.63475507528351
E01001281,1573.0,5445.579068809344,2502.9584658290883,0.0,0.0,0.0,0.0061373296305871,90.00957133128499
E01001282,1619.0,10880.21810742147,2439.4806503977725,0.0,0.0,0.0,0.0015822804163439,67.20332366199128
E01001283,1781.0,6885.968328958393,2718.0436469723472,0.0,3.866349426703197,0.0,0.0086764472268151,150.7876275507643
E01001284,1720.0,3628.9544884778575,1038.0497722855268,0.0,0.0,0.0,0.0099091253096046,94.94357667650536
E01001285,1769.0,8177.223290968534,2630.2091874285447,0.0,4.622511752949991,0.0,0.0038272617550827,115.56279375452308
E01001286,1669.0,7964.751485163239,2242.91983105256,0.0,0.0,0.0,0.0054653670674594,57.2660382052955
E01001287,1618.0,17685.201060155192,3224.434062265625,0.0,0.0,0.0,0.0001936740033095,142.093704353113
E01001288,1476.0,8554.743606762482,4178.841558587907,23.18358701019643,23.18358701019643,0.0,0.0054110151536993,57.95896749078624
E01001289,1337.0,11083.335643051432,3639.180514061016,0.0,0.0,0.0,0.0005381213288744,33.1588201538017
E01001290,2050.0,4051.088704858401,1499.8908912134275,7.904563326552978,37.546675801126646,0.0,0.0024465055630545,65.21264740493238
E01001291,1762.0,10751.592425884295,2117.368088411947,0.0,0.0,0.0,0.0004363222969428,298.9943408353722
E01001292,1675.0,8927.533531311165,1902.7638630913943,0.0,0.0,0.0,0.003726214059211,421.0597901789279
E01001293,1827.0,12664.823187382435,2654.968407645031,0.0,0.0,0.0,0.0008889349410125,464.4461702484088
E01001294,2029.0,6826.172570533157,1806.6311830341576,0.0,3.364303879020777,0.0,0.003919166145552,222.0440558819739
E01001295,1795.0,11094.665373724456,2126.2199936274164,0.0,0.0,0.0,0.0002688758444521,389.3949404600232
E01001296,1439.0,9100.937884701449,1827.7769622506733,0.0,0.0,0.0,0.003304336871309,246.6550224391764
E01001297,1836.0,7296.473903315664,1720.7915033418749,0.0,3.9741143264246537,0.0,0.0037596289890172,246.39508809058125
E01001298,2110.0,12008.485108558263,2754.552982247488,0.0,0.0,0.0,0.0044956862964685,147.9718543294094
E01001299,1755.0,7706.121979856943,3231.7411835753333,26.345716170451084,48.30047964582699,0.0,0.0026868472648287,74.6461957715573
E01001300,1615.0,11818.205596003132,5195.619797623668,36.58887181425119,29.271097451400944,7.317774362850236,0.0045991794112379,43.906646150761695
E01001301,1886.0,7551.308851146518,4460.31710507806,48.04650382489831,144.13951147469493,8.007750637483053,0.0056098964478205,168.16276328622274
E01001302,1602.0,4786.54493893437,2450.0417290425617,14.939278835625377,29.878557671250757,5.97571153425015,0.0053962606807778,71.70853836801331
E01001303,1725.0,10640.343953075757,4607.731555331936,37.00989201069828,123.3663067023276,0.0,0.0043677950035164,141.87125262260716
E01001304,1658.0,14278.96905478376,4995.055519767539,0.0,0.0,0.0,0.0044298285848554,68.89731747273156
E01001305,1728.0,11514.894006629114,4084.8553391572023,0.0,6.663711809391848,0.0,0.002261545128729,133.2742361077929
E01001306,1637.0,10560.45278847248,4689.950627501218,0.0,0.0,0.0,0.0012838142773829,70.96211399113973
E01001307,1883.0,3261.256132502637,1595.1231534970411,13.855575708986242,22.51531052710264,1.7319469636232805,0.0090339558336274,32.90699228909727
E01001308,1941.0,1748.648885311786,523.4234942638576,1.8018020456587185,3.603604091317437,0.0,0.0134279469523942,21.62162453493237
E01001309,1857.0,5532.394958176133,2025.8635280343403,0.0,0.0,2.979211070638736,0.0045299985440249,59.584221377054334
E01001310,2142.0,9168.80661630263,2302.902875616627,0.0,8.560977232775565,0.0,0.0032643739634866,128.41465841463207
E01001311,2518.0,7846.851826285902,1854.2004911199808,0.0,3.1163033464201355,0.0,0.0053216220617737,74.79128026919669
E01001312,1968.0,9439.281151092886,2599.6394227095248,14.38914809617818,67.14935778216484,4.7963826987260605,0.0130818673487647,119.9095673961271
E01001313,1725.0,10009.46054276117,2361.652429509447,0.0,0.0,0.0,0.0089912716128659,63.828444002559415
E01001314,1525.0,5258.413104773502,1389.6003155565386,3.448139740835084,10.34441922250525,3.448139740835084,0.0144538295991864,17.24069869383036
E01001315,1467.0,8824.519002242669,2291.848493424988,0.0,6.015350376443537,0.0,0.0030459696122314,204.52191267635317
E01001316,1726.0,9642.82892085792,2072.7054053524266,0.0,0.0,0.0,0.0011451007918223,100.5625263448179
E01001317,2181.0,6444.633266864493,1746.344915505234,0.0,0.0,0.0,0.0041309948100611,91.60184830486276
E01001318,1949.0,7676.702151076398,1614.9039927867232,0.0,3.938790226309081,0.0,0.0007011409870135,106.34733604666324
E01001319,1549.0,11062.8174990233,2463.9587070129364,0.0,0.0,0.0,0.0002331475705592,171.4058229937137
E01001320,1623.0,3507.7190811672026,516.5402713487132,0.0,2.1612563654757877,0.0,0.0012981001711054,30.25758909848266
E01001321,2263.0,6745.422949966221,1728.8313349449438,2.9807436809395584,0.0,0.0,0.0069160901470276,86.4415666952462
E01001322,2071.0,3789.1098867646415,2158.9327215752187,1.829604001334931,1.829604001334931,0.0,0.0009457832645761,36.59208000472961
E01001323,2015.0,5960.06235850574,2156.2706994296204,20.704931270243268,35.4941678918456,2.9578473243204666,0.0044486375514993,91.69326699882888
E01001324,1663.0,5224.0150895101615,1027.2116261394006,3.141319957612845,0.0,3.141319957612845,0.0060849927259501,40.8371594244672
E01001325,1983.0,2101.748202838712,510.8636579769336,1.0598831078359618,1.0598831078359618,0.0,0.0064313381653807,27.556960787187627
E01001326,1960.0,2669.475360148752,1105.92550634734,5.447908898262758,4.085931673697069,0.0,0.007371939091144,54.479088949955006
E01001327,1896.0,6792.318210483502,1798.3880494001678,7.164892627092302,35.82446313546151,0.0,0.0180889844607111,157.6276377014102
E01001328,1823.0,4779.275458453028,1145.6628498869848,7.864962356203557,23.59488706861067,0.0,0.0127934333755392,83.89293174916214
E01001329,1963.0,6457.233991194403,1486.841448812975,0.0,0.0,0.0,0.0096903160925206,49.34208344868755
E01001330,1858.0,6202.846701607879,1111.7050331729945,0.0,3.338453553072055,0.0,0.0038335314212973,66.76907102137203
E01001331,1796.0,12594.28349877999,2335.1316286713454,0.0,0.0,0.0,0.0107600849505104,91.1612947582972
E01001332,1594.0,11913.562010154845,2204.8311122934,0.0,0.0,0.0,0.0028084889401378,112.11005649005207
E01001333,2465.0,8886.497500045274,2837.190074050966,3.6050699797343913,7.2101399594687825,0.0,0.005738376247666,93.7318194168814
E01001334,1667.0,10592.02165261998,1594.839492985972,0.0,0.0,0.0,0.0014490589198036,114.37095958763328
E01001335,1800.0,3664.445928702418,1209.267156471798,4.071606587447131,2.035803293723565,2.035803293723565,0.005376467138963,42.75186914253131
E01001336,1841.0,7352.018043581123,1549.474742482062,7.986983208670422,3.993491604335211,3.993491604335211,0.0008122425384511,79.86983203870449
E01001337,2123.0,1737.3412503938623,2966.491772339968,1.6366851157737752,2.4550276736606627,0.0,0.0136899200240178,49.10055344373528
E01001338,1867.0,3397.6924974157782,4342.203695144107,0.0,3.6397348660051194,0.0,0.0026298831454957,36.39734863821702
E01001339,2184.0,3003.5332024540403,3044.790526663574,0.0,8.251464841906705,0.0,0.008061496398515,48.13354488226712
E01001340,1564.0,13029.80199012076,10755.418394658504,0.0,8.331075441253683,0.0,0.0069512465334866,149.95935785244686
E01001341,1792.0,7784.859509582667,4357.262325955031,0.0,0.0,0.0,0.0028609986679087,238.93262989417084
E01001342,1896.0,10161.905282392132,3055.003170339407,5.359654684805977,0.0,0.0,0.0029555324520006,80.39482022381041
E01001343,1439.0,4993.388319101824,3473.5105680478982,0.0,0.0,0.0,0.0040343810548378,100.6311752377753
E01001344,2289.0,4725.669347789973,2264.770325262385,2.0645126027916003,0.0,0.0,0.0046869162204983,97.03209227291356
E01001345,1758.0,9680.175440443169,2219.0618330481207,0.0,0.0,0.0,0.0012882409645076,82.59535353795066
E01001346,1958.0,8691.800566021559,2659.033983170028,0.0,0.0,0.0,0.001706452126597,177.56487356093578
E01001347,1972.0,2924.2468535593066,2724.0575405620925,4.448651399938093,1.4828837999793645,0.0,0.0086698565880806,66.72977095903838
E01001348,1672.0,4055.8593455148334,1292.9264540427073,7.277259591234751,12.12876598539125,2.42575319707825,0.0100053538270769,130.99067256364154
E01001349,1411.0,2083.553108460085,648.2493370758166,1.4766499705599467,0.0,0.0,0.0086808586077001,39.86954918117329
E01001350,1439.0,4813.470166931565,1920.0360499087687,0.0,0.0,0.0,0.0082996424654365,36.79511591694597
E01001351,1972.0,9760.4782050196,7909.353028205536,59.39439069991642,84.14205349154825,19.79813023330547,0.0219186453388155,143.5364441053209
E01001352,1584.0,9948.453071081649,4967.945946480798,37.68353436015776,50.244712480210346,6.280589060026293,0.0171470507292908,100.489424900166
E01001353,1415.0,7239.882028146994,3770.8784839182576,15.349573204551932,25.582622007586554,0.0,0.0073359859951686,71.63134157822982
E01001354,2056.0,7690.18749735425,4024.631199977224,14.961454275008268,29.922908550016537,0.0,0.016865778229965,93.50908916264896
E01001355,1957.0,13511.131849099533,6689.977905864817,55.23201573469405,82.84802360204108,0.0,0.0192675932258759,158.79204514191304
E01001356,1495.0,17901.62213923861,4298.784179255292,23.94865838025232,47.89731676050464,0.0,0.0010758007450296,167.64060856122427
E01001357,2750.0,24538.15958088994,8351.897224622902,8.922967120323614,8.922967120323614,0.0,0.0009656922754107,107.0756053794651
E01001358,1990.0,7604.995691858253,7547.671603728669,3.821605875305655,11.464817625916965,0.0,0.0059537682755736,114.64817619035044
E01001359,2464.0,18235.087202303603,5742.8683721540565,133.21086430254255,155.41267501963296,0.0,0.0252920236834504,118.40965708675311
E01001360,2213.0,15808.659988562047,2314.507833842794,0.0,0.0,0.0,0.0016382069467175,135.72731116256935
E01001361,2276.0,5904.3920695673605,4788.887416705337,64.85492167802461,223.10093057240465,2.594196867120984,0.0051953006663904,85.60849656359254
E01001362,2624.0,10641.541617716948,3313.315358869949,8.110931111064746,8.110931111064746,0.0,0.0055405780849043,85.1647766151191
E01001363,1994.0,14997.549655664192,2572.2978847728955,0.0,0.0,7.521338844365191,0.0098916809708195,233.1615040352192
E01001364,1834.0,15407.461158004602,2075.0506575938584,0.0,0.0,0.0,0.0011927661546349,84.01014803043677
E01001365,2577.0,5561.280652813486,850.2695293785462,2.158044490808493,4.316088981616986,0.0,0.003474056766302,34.528711832208195
E01001366,2050.0,12118.637611716233,2518.312011020056,0.0,5.911530542300602,5.911530542300602,0.0001660210947444,159.61132454627923
E01001367,2710.0,13100.730839147078,4708.528353258027,14.50265406547647,14.50265406547647,4.83421802182549,0.0057489018982472,135.3581045299306
E01001368,1764.0,13803.665264288606,2206.7083925903557,0.0,0.0,0.0,0.0004831237258448,305.18307538766004
E01001369,2064.0,13481.183816043458,3148.222189599296,0.0,6.531581306222606,0.0,0.0027435118073415,130.63162604602488
E01001370,2172.0,4837.486675300801,2775.0959472489862,2.2272038099911606,4.454407619982321,0.0,0.0057451204501494,97.99696758090946
E01001371,2309.0,11479.97969823708,2321.849510210791,0.0,9.943680985913453,9.943680985913453,0.006017814427798,89.49312881943156
E01001372,2555.0,19909.549060672794,3818.2696828687554,0.0,15.584774215790835,0.0,0.0008349154391707,93.50864523861988
E01001373,2078.0,13785.063339265644,4278.80936180286,0.0,0.0,0.0,0.0004603109656301,66.3381296005014
E01001374,1945.0,15032.112242694102,6577.032143204463,0.0,15.457184825392392,0.0,0.0025763545793818,193.2148102013874
E01001375,1698.0,12133.96754393991,5702.535983547732,0.0,21.438105201307263,0.0,0.0027142684309358,350.15571807869986
E01001376,1707.0,11006.171524067297,3720.3051958915225,6.44766931696971,19.34300795090913,0.0,0.0073378953146864,135.40105557502645
E01001377,1637.0,8485.792254517863,3861.890793900921,0.0,5.183746032081773,0.0,0.0012225269852918,114.04241263741314
E01001379,1736.0,13256.783102470585,5689.114868283748,7.636395796354023,15.272791592708046,7.636395796354023,0.0016531914805263,137.45512425177134
E01001380,2306.0,13080.224293026096,6052.298057527686,0.0,11.344513697333994,5.672256848666997,0.0067602801407039,147.47867797675462
E01001381,1877.0,6580.186138785087,6324.270535092327,38.5626252139776,56.09109122033106,0.0,0.0140758019978977,157.75619396251932
E01001382,1481.0,7098.3458466679285,2736.769398006338,0.0,0.0,0.0,0.0044296345497638,81.47999954152418
E01001383,1755.0,15195.22795661707,5324.823471976922,0.0,0.0,0.0,0.0022309376641402,121.21549359808222
E01001384,1748.0,16122.81472670998,7065.260915709293,92.23578218941635,193.69514259777435,9.223578218941636,0.0039731794908384,119.90651677432024
E01001385,1678.0,10630.46057088308,5213.867133394979,107.698349049471,190.05591008730173,19.00559100873017,0.0051036222921574,145.70953097935632
E01001386,1798.0,5841.16344755686,4031.637284993361,42.23310612805294,77.9688113133285,6.497400942777375,0.0120582346644749,81.21751173582746
E01001387,1535.0,6158.344527673302,6250.619396817592,12.035852497081372,8.023901664720913,0.0,0.0062633907184865,88.26291825895967
E01001388,1445.0,8198.90519897089,3597.305118441207,96.45770822318694,124.82762240647722,17.021948509974166,0.0170620226150207,204.26338199675567
E01001389,1827.0,12746.87614133192,6781.58927716181,90.70026811018882,258.1469169289989,0.0,0.0161412708938827,188.37747980785392
E01001390,1817.0,11943.521719510683,4778.72332971066,0.0,0.0,0.0,0.0044806989386642,78.87851433576785
E01001391,1781.0,13463.030581879551,5162.9701782278125,0.0,7.559253555238379,0.0,0.0038065890147443,98.27029615897057
E01001392,1866.0,11621.136901019312,3798.9783009763023,0.0,6.22783328028902,0.0,0.0018827795381901,130.78449880773178
E01001393,1970.0,11015.39111440107,3886.1405200552,11.18313818720921,22.36627637441842,0.0,0.0055532871567117,72.69039817315328
E01001394,1997.0,11590.705866988865,3726.205892141638,17.41217706608242,69.64870826432968,5.804059022027474,0.01021372095745,110.2771213522648
E01001395,1633.0,6772.9515550740825,1513.856287570141,0.0,0.0,0.0,0.0024008622768091,74.65592646542642
E01001396,1461.0,9917.56835878609,3869.277183099296,67.8820558438473,142.5523172720793,6.7882055843847295,0.0063252917909592,81.45846696390339
E01001397,2164.0,7118.387769460669,1585.5189024399456,0.0,13.15783321526926,0.0,0.0038165736483081,92.10483245157704
E01001398,1341.0,7620.080906056242,2318.413877457828,0.0,0.0,0.0,0.0128099450342291,90.91819121823372
E01001399,1482.0,6259.05025600318,2187.7112230834327,4.223380739543306,4.223380739543306,4.223380739543306,0.0117255713620909,152.04170653226865
E01001400,1562.0,6345.779570618929,2051.6124732154667,0.0,12.187796870586933,0.0,0.0057846019301651,154.3787602680908
E01001401,1389.0,9734.682114317617,2733.280075294362,0.0,0.0,0.0,0.005463243755789,105.12615667887222
E01001402,1852.0,5270.676412876121,2345.0525724675613,25.613438291514623,51.22687658302925,2.8459375879460693,0.0027367450908713,145.14281689816573
E01001403,1705.0,4581.268742086384,1397.2197923078709,0.0,0.0,2.6869611390535977,0.0084429544956647,110.1654066352276
E01001404,1480.0,2842.5600169081536,866.2125456929576,0.0,0.0,0.0,0.0010129440816283,96.03243294606357
E01001405,1802.0,6450.897066132908,2051.256392283105,0.0,0.0,0.0,0.0043633660232467,100.2359143969396
E01001406,1658.0,8136.393284990996,3680.515659676265,19.629416851606745,58.88825055482024,4.907354212901686,0.0145912865462814,98.14708419916909
E01001407,1593.0,1544.7417505999176,671.0365922254507,0.969706058129264,0.969706058129264,0.969706058129264,0.0201556921121392,36.8488301867954
E01001408,1670.0,11566.42183367587,4211.008667589777,6.926001098009502,34.63000549004751,6.926001098009502,0.0032649546307921,152.3720240650312
E01001409,2034.0,10739.526135454582,2735.0415625198984,0.0,0.0,0.0,0.010378987084765,179.52010245148963
E01001410,2188.0,13853.099107203088,2538.890649903308,0.0,0.0,0.0,0.0009267472563099,94.97097188448188
E01001411,1903.0,10325.767489907215,4422.228325945551,48.83442323130056,92.24279943690104,0.0,0.0056156069063009,168.20745769559056
E01001412,1756.0,122.54733849994912,138.59852748342766,0.2093633345671112,0.9072411164574822,0.2791511127561483,0.0103995288490966,8.793260046540382
E01001413,1635.0,3193.496411304131,1093.796935981843,0.0,0.0,1.9532088142532915,0.0029654025308485,68.36230845789002
E01001414,1673.0,4269.142905012601,627.7400804740585,0.0,0.0,0.0,0.0064079760031,122.4858692872466
E01001415,2051.0,1889.5637912800569,1215.1802246213529,19.34706953529068,38.694139070581365,0.0,0.0378868569236113,53.43476344635256
E01001416,1726.0,5264.709945270351,1656.2789688770567,0.0,0.0,0.0,0.0193865912059207,67.10522521801012
E01001417,1887.0,331.5189751781265,136.33212757722634,0.5270571942418545,0.1756857314139515,0.0,0.0258207210728161,9.662715221967344
E01001418,1740.0,2773.034336556877,1238.303264083157,3.187395789145836,7.968489472864589,0.0,0.0249594914771775,50.99833259568383
E01001419,1973.0,2957.686526543623,1203.7619264138516,16.489889402929474,35.977940515482494,1.4990808548117704,0.0267809364680463,73.45496184165209
E01001420,1783.0,5019.718489474745,1714.5308805889622,2.815321643003222,0.0,0.0,0.016761424748393,67.56771939153859
E01001421,1672.0,8764.367402753076,2919.70851874011,0.0,5.241846532747055,0.0,0.0261561995838588,172.98093547684755
E01001422,1677.0,1139.3341190563317,385.2131457990102,0.6793882641957852,2.717553056783141,0.0,0.0077666566155427,29.89308360667604
E01001423,1731.0,8992.429639114205,2514.347744269945,5.194933355929639,0.0,5.194933355929639,0.0032658521484301,109.093600408939
E01001424,1227.0,17630.75505950783,3218.654550390997,0.0,0.0,0.0,0.0002560694546972,100.58295463945484
E01001425,2023.0,5033.391678390168,1467.9689027435486,4.976165772012029,2.4880828860060147,2.4880828860060147,0.0078739500988797,67.17823788186814
E01001426,1822.0,5922.270977794438,1166.9019105533498,0.0,0.0,0.0,0.0012297014175089,65.00846294441259
E01001427,1744.0,1285.0165095532752,1937.103442440115,0.0,2.947285572369897,0.0,0.0102805535529945,61.892996982636994
E01001428,1723.0,10841.51522246957,2063.85199824145,6.292231701955641,6.292231701955641,6.292231701955641,0.0015175085290019,138.4290973600583
E01001429,2328.0,9540.24421805566,7610.065941979966,40.98043048992981,69.66673183288069,4.098043048992981,0.0032663752645852,147.52954967531545
E01001430,2013.0,17213.974977912254,3300.841699689086,0.0,0.0,0.0,0.0011207632406786,162.47666387672135
E01001431,1786.0,13392.59317797616,2279.590328166155,0.0,0.0,0.0,0.0017788964384675,112.47978586163732
E01001432,1867.0,12011.020942084771,3171.6300613003705,0.0,0.0,0.0,0.0083704719937036,141.53318723489713
E01001433,1822.0,5391.735554514783,2299.3295970680497,0.0,0.0,0.0,0.0147872759290197,62.1440431267124
E01001434,1591.0,8921.773501742186,1749.5872611838856,0.0,0.0,0.0,0.0009582146090833,157.0142412938868
E01001435,1517.0,9833.442314091812,1698.326886151651,0.0,0.0,0.0,0.0011917924263183,110.19678262324167
E01001436,1933.0,9913.179230098056,1876.9909975250328,0.0,0.0,0.0,0.0017407794951126,107.6962047114504
E01001437,2275.0,864.8557276706266,1817.5275753816552,0.3801563638112644,3.0412509104901155,0.0,0.0080356302379852,23.569694542151733
E01001438,1676.0,6059.835298443396,1301.6352669687485,3.615653519357635,0.0,0.0,0.0092066986778433,79.54437737815249
E01001439,2131.0,10183.049371632023,3550.448466974469,71.6779636670485,243.7050764679649,9.557061822273132,0.0325842814662325,210.2553599639775
E01001440,1677.0,5332.301132559519,1694.7623754646534,9.539000237136886,15.898333728561475,3.179666745712295,0.0458409291887778,117.64766952073802
E01001441,1646.0,4910.898439201355,1942.2812174484095,5.967069792468233,26.85181406610705,0.0,0.0367069575969201,68.62130257224099
E01001442,1732.0,15037.59874686596,2934.5891318941653,34.728865466203146,312.5597891958283,8.682216366550787,0.0250156924045035,86.82216361355597
E01001444,1908.0,5472.031518274779,3653.756894277814,0.0,0.0,0.0,0.0317056688595441,88.90617241328218
E01001445,2799.0,1966.6044726809112,1573.8456658825442,0.7026096722689928,2.1078290168069787,0.7026096722689928,0.0111966020237476,27.401777202043668
E01001446,1858.0,10276.044034303886,2383.732496654992,0.0,5.530701848387452,0.0,0.0445658695308619,116.14473874636892
E01001447,1991.0,10585.838306798194,1759.875680336616,0.0,5.316844955699746,0.0,0.0091286944451297,111.65374400274474
E01001448,1982.0,12594.072704673816,3367.7389169914845,0.0,0.0,0.0,0.0030447577550006,63.54224367864714
E01001449,1643.0,7025.135015212057,1496.5290659307486,0.0,0.0,4.27579733123071,0.0111876036096472,59.86116260132803
E01001450,2378.0,6617.931818943209,5209.742794390953,50.09368071529762,136.366130836088,2.782982261960979,0.0145841976178771,111.31929041174712
E01001451,1664.0,2689.879512524217,1256.0314791053586,3.233028260245453,9.69908478073636,0.0,0.0057565049484886,38.79633909965119
E01001452,1373.0,2174.01411977821,709.3651315809454,0.0,0.0,0.0,0.0028608870494407,34.83489483351123
E01001453,1660.0,3192.128317874079,923.025055770818,0.0,0.0,0.0,0.0091527939787064,55.76609708600889
E01001454,1701.0,4507.059916491276,1565.9449798038474,10.598612384459203,34.445490249492416,2.6496530961148013,0.0043603117808943,66.24132736309762
E01001455,1456.0,6135.191323915254,1862.4687947599875,8.4274606097737,4.21373030488685,0.0,0.0073184785631326,151.69429088495338
E01001456,1396.0,5297.8031180660255,2136.578191598261,0.0,22.769927441544525,0.0,0.0034520969380351,45.53985485579048
E01001457,1813.0,6780.894967007396,3332.4751327101985,7.480303328193487,11.22045499229023,0.0,0.0025057054669519,115.94470151741432
E01001458,1786.0,11023.113550992264,2499.642210611348,0.0,6.171956075583574,0.0,0.0033949686018354,154.29890179710588
E01001459,1720.0,7753.064348694026,1960.804064931338,0.0,0.0,0.0,0.0082413373764575,85.64431542850483
E01001460,2113.0,17384.383011503967,5018.681323718609,16.454692864651175,57.59142502627912,0.0,0.0009471194704819,98.72815712864526
E01001461,1576.0,5423.050818595994,1813.418643020361,0.0,0.0,0.0,0.0022684515533356,68.82044181903886
E01001462,1455.0,13277.243681798329,3394.5942609133867,0.0,0.0,0.0,0.0013507543346728,100.37778722499884
E01001463,1560.0,6088.9746842749655,1842.3051608831947,0.0,0.0,0.0,0.0004448900025787,81.96696685454708
E01001464,1315.0,6444.028348914357,1867.053080559977,4.9004017862466585,0.0,0.0,0.0002435397287853,122.5100445827106
E01001465,1561.0,6766.48805843307,2912.92759466177,13.004141047597187,30.34299577772677,0.0,0.0009538010325324,151.71497879756723
E01001466,1996.0,20192.07569325635,3945.345451087163,0.0,0.0,0.0,0.0007582644342572,121.39524457599089
E01001467,1999.0,18781.07913224704,3739.304399516919,0.0,0.0,9.395237184715876,0.0006157186323552,75.16189743275766
E01001468,1416.0,1796.6385474027304,3543.793405999877,1.2688125334765046,1.2688125334765046,0.0,0.0053289469451479,59.634189037598745
E01001469,1767.0,7822.394085257853,2151.490393568374,0.0,0.0,0.0,0.0051611084621533,137.23498386958224
E01001470,1649.0,869.5019863094989,257.317749738651,0.0,0.0,0.5272904707759242,0.019609133487962,22.14619975929317
E01001471,1908.0,5240.777689944143,1785.3802402849544,0.0,8.240216493622867,2.7467388312076224,0.0105568361735232,93.3891202050216
E01001472,1653.0,6561.868242285666,2433.4090940841584,19.84836128943033,47.63606709463279,0.0,0.00172400957771,130.9991844316678
E01001473,1596.0,1902.4258511331795,1000.0847676069784,0.0,0.0,0.0,0.0060687297863328,40.52786898477926
E01001474,1898.0,4956.072934557563,1425.7196113110797,0.0,0.0,0.0,0.0088311807172128,67.89141002171324
E01001475,1803.0,5381.28997080234,1507.2387328093075,0.0,0.0,0.0,0.0032978336638867,95.50819687314136
E01001476,1751.0,8714.18477420039,1721.934855438798,9.953380667276289,44.7902130027433,0.0,0.0258825480106014,144.3240195886719
E01001477,1979.0,1749.445146666476,457.0303895030663,0.0,1.7680092437255948,0.0,0.009269176125674,51.272268037278536
E01001478,1658.0,5284.544540259384,1676.520161746946,0.0,0.0,0.0,0.0095145101884163,60.55871303060077
E01001479,1793.0,7317.398123603722,2538.439282142507,44.892013028243696,118.3516707108243,4.081092093476699,0.0170674618197984,97.94621018446252
E01001480,1588.0,7973.064347054144,2435.098367960491,0.0,0.0,0.0,0.0119454744554218,135.56217710404758
E01001481,1796.0,10474.988539467566,1668.0661037236769,0.0,0.0,0.0,0.0034840472312209,198.30156465942372
E01001482,1923.0,11112.418740606336,2288.360801497717,5.778688892671003,23.11475557068401,0.0,0.0008018971140387,34.67213333522912
E01001483,1187.0,1035.3689850865412,362.8588860960414,0.0,0.0,0.0,0.0048548111954711,22.67868036738603
E01001484,1414.0,4284.93328273041,2754.599967469549,0.0,9.091089001549664,0.0,0.0113258829591776,72.72871196883929
E01001485,1858.0,14485.26994640929,2572.733628802511,0.0,7.796162511522761,0.0,0.0065379685673066,187.10790016414052
E01001486,2148.0,12121.16211192544,2460.34761675954,0.0,0.0,0.0,0.0005931919426448,95.93098499956795
E01001487,1941.0,14937.737579536397,3647.855544925426,0.0,15.391795548208547,0.0,0.0042178116674944,107.74256877287978
E01001488,1979.0,15007.366621771647,2692.074356103555,0.0,0.0,0.0,0.0052324350804184,151.66616081625023
E01001489,1888.0,10425.846960285826,3153.1560457220376,0.0,0.0,0.0,0.0013985137768268,82.83247050358078
E01001491,1950.0,13154.888801217952,3238.126474145957,13.492193642274822,20.238290463412238,6.746096821137411,0.012453773035905,148.41412997598223
E01001492,2038.0,13488.018690147295,2296.5370389995646,0.0,0.0,0.0,0.0041121127709604,92.6556729876548
E01001493,1911.0,8231.063875647062,2088.993186650353,4.307202446701759,17.228809786807037,0.0,0.0023665076260349,77.52964399420378
E01001494,1477.0,9066.718161920531,2068.709560302789,0.0,0.0,0.0,0.0003535268879006,251.68276534590348
E01001495,1846.0,11895.784072020328,5077.9403297681565,25.77634685161501,51.55269370323002,0.0,0.0008734476456892,128.88173418080254
E01001496,1901.0,7358.8093936947325,2237.44967362207,0.0,0.0,0.0,0.0008338718315694,89.03346446786482
E01001497,1457.0,7092.773581935289,1509.1007621138913,0.0,0.0,0.0,0.0005447970898644,170.38234400715774
E01001498,1837.0,9559.460203277324,6770.200176627,88.46533666614835,202.9498899988109,20.81537333321137,0.0028205859839958,119.6883965941242
E01001499,1540.0,7417.656854965323,1733.99770635553,19.26664118172811,4.816660295432028,0.0,0.0008422449593755,187.8497514092109
E01001500,1589.0,7138.016653756643,3153.485016322948,0.0,4.492143897895937,0.0,0.0019003631915012,85.35073400871381
E01001501,2220.0,7292.645670614659,3597.048202397771,6.5699510546078015,49.27463290955851,3.2849755273039007,0.0047947872020153,114.97414338663842
E01001502,1954.0,6984.244277232749,2695.046154060129,3.574331769310516,35.74331769310516,0.0,0.0204436071658118,103.65562124777593
E01001503,1888.0,10857.731052021449,2231.35574586034,11.501833741548143,63.2600855785148,0.0,0.0197346059890991,120.76925421357546
E01001504,2139.0,11941.27134420626,2785.738382776496,0.0,0.0,0.0,0.0039968438734737,89.32227274074967
E01001505,1959.0,10093.662958105066,3220.2855277262206,0.0,10.304913688723904,0.0,0.0288131728814659,87.59176630164143
E01001507,2583.0,9585.129494577475,4130.177749695985,51.95192137982371,141.01235803095008,3.710851527130265,0.0443480515659847,126.16895184678054
E01001508,2445.0,11852.247386947982,3790.78014584594,4.847544943537007,9.695089887074014,4.847544943537007,0.0133519338962387,111.49353363430328
E01001509,1773.0,11997.385100562204,1901.446820788483,0.0,0.0,0.0,0.0303835287392879,108.26743457050328
E01001511,1923.0,4966.213083530516,4178.540181566497,2.58253410480006,28.407875152800663,2.58253410480006,0.0210967561816467,95.55376182028536
E01001512,2277.0,11838.60793611433,6129.8720934030725,15.597638914511634,57.191342686542654,0.0,0.0041859075322909,103.9842593677472
E01001513,1982.0,2084.896455426975,2657.1384694291314,11.571070136073018,17.882562937567393,0.0,0.0108201495001232,42.07661865137768
E01001514,1765.0,12927.210139603994,3669.423388068896,7.324198379379033,21.9725951381371,0.0,0.0056254818788012,87.89038049992077
E01001515,2047.0,15662.687882957,4430.237559468541,0.0,0.0,0.0,0.0161409768761472,153.03065826624788
E01001516,2123.0,6530.685767037373,2937.731939482191,6.152318197868463,9.228477296802694,0.0,0.020192442722965,98.43709110667858
E01001517,2045.0,11253.811966778156,2074.6636241933325,0.0,0.0,0.0,0.0159973886606161,137.5771633255486
E01001518,1688.0,3021.179057465496,1322.6607366510673,5.369394059476592,1.7897980198255308,0.0,0.0142798358457364,85.91030490003993
E01001520,1857.0,5306.487838188561,2400.3499106507224,0.0,2.8575594174413363,0.0,0.0131263639594827,48.57851006736651
E01001521,1875.0,3902.9823619871095,1450.868643362675,0.0,0.0,0.0,0.0054368769694998,91.58998603955752
E01001522,1817.0,8872.071625050577,3925.781830787377,0.0,4.882813222372359,0.0,0.006026149554665,102.53907760836516
E01001523,1847.0,3565.393734564852,1299.1391355507012,7.721480746215163,1.9303701865537908,1.9303701865537908,0.0266817017207048,48.25925463489783
E01001524,1562.0,6094.160732443719,2477.4597087719344,0.0,0.0,0.0,0.0055016933852339,74.12871565107687
E01001525,1964.0,8327.705030285306,2616.188392915496,0.0,0.0,0.0,0.0058382069281816,186.56772969066984
E01001526,1608.0,5627.395786053464,1655.3222679124929,0.0,0.0,0.0,0.0120557421256777,90.99023031693496
E01001527,2054.0,5309.395265791268,1747.3959102604172,25.84905192692925,12.924525963464625,2.5849051926929247,0.0048338010565889,59.4528193962631
E01001528,1688.0,8366.232705136352,2800.3089327026296,4.9562989959338575,39.65039196747086,0.0,0.0133114046352726,118.95117583093548
E01001529,1791.0,10675.30798838154,3504.791232366469,11.921058613491391,35.763175840474176,0.0,0.0060105291000645,160.9342911856619
E01001530,1727.0,8372.510738647128,2312.500070836525,0.0,0.0,0.0,0.0083650801532104,150.28826447136296
E01001531,1435.0,6151.790818144126,2062.028838695,0.0,4.286962242609147,0.0,0.0040368310700803,98.60013152089256
E01001532,1663.0,5719.264825855441,2723.7869765950145,24.073874793137755,34.39124970448251,3.4391249704482507,0.0004366280421136,68.78249936777587
E01001533,1662.0,5069.710808927223,1534.3348597415122,0.0,0.0,0.0,0.0005802422188656,45.75551268847866
E01001534,1691.0,4174.315805512173,1782.292141679355,2.468548672686087,4.937097345372174,2.468548672686087,0.003688661665338,93.80484950577528
E01001535,1405.0,3521.01871605962,1250.5255084083633,0.0,0.0,0.0,0.0071910749348019,62.651578539999285
E01001536,1970.0,4534.715468401204,3577.1308821804423,25.32074627026053,39.13206241767536,13.811316147414834,0.0049178665465691,121.99995922879192
E01001537,1714.0,9260.51588270798,2442.096370469082,0.0,16.208604228777094,0.0,0.0170691854865783,145.87743797124722
E01001538,1677.0,6508.650857188051,1637.8358149870946,0.0,0.0,0.0,0.0159653695121056,73.74142290544883
E01001539,1654.0,7497.407702839983,3141.2959722298115,0.0,0.0,0.0,0.006198558142038,90.65789236194888
E01001540,1906.0,7266.800434242544,3694.4016898116606,41.938512474642174,57.18888064723933,3.812592043149289,0.0030855444086482,106.75257714401882
E01001541,1532.0,8592.440582225681,4301.828933790534,0.0,11.217285355386007,5.608642677693004,0.0007981628105253,50.47778406899104
E01001542,1566.0,8497.545096319032,3396.8475289244666,0.0,5.42627400786656,10.85254801573312,0.0075091592015717,151.93567212896647
E01001543,1617.0,7739.495082858375,2043.7627707980992,0.0,0.0,0.0,0.0088687981544801,47.86329671124735
E01001544,1695.0,5597.472635084937,4689.328107268796,0.0,13.209374950052949,0.0,0.011035927149114,122.1867182146416
E01001545,1885.0,5519.670912531711,805.2570296796927,0.0,0.0,0.0,0.0033377236691455,76.13339185136341
E01001546,1813.0,7518.144538383257,1401.6176800736575,0.0,0.0,0.0,0.0042755956184411,49.7615744105774
E01001547,2092.0,8265.672490928942,2248.1680914620306,19.75543138367338,82.9728118114282,3.951086276734676,0.0502674895430121,126.4347607795988
E01001548,1927.0,6482.956843049423,965.5467638584248,0.0,3.3642744385310968,0.0,0.0061277514550688,87.4711353492572
E01001549,2359.0,7361.33124257355,1026.6545056408215,24.96424329825706,46.80795618423199,3.1205304122821325,0.032466535435574,102.97750354352443
E01001550,1770.0,8024.53420937508,1681.9786393661889,0.0,0.0,0.0,0.0160420628174195,81.60543258861614
E01001551,1794.0,5874.0532787268885,1974.3891455252588,6.548554379851605,0.0,0.0,0.0186053796140339,114.59970157847896
E01001552,1945.0,6904.592083086293,2481.393247340524,10.64975642635418,31.949269279062538,0.0,0.0427095360652953,124.24715823287532
E01001553,1753.0,9086.210750699624,1648.268692939236,0.0,0.0,0.0,0.00190409377157,82.9317580853636
E01001554,1798.0,15230.368219346889,3430.6446767716848,0.0,33.88291038786849,8.470727596967123,0.0049938090827227,59.29509314314579
E01001555,2234.0,15721.548072827034,3856.494334784787,14.074796842280245,56.29918736912098,7.037398421140122,0.0092918170800887,182.97235883978396
E01001556,1590.0,7497.241499052485,2301.040158199756,0.0,0.0,0.0,0.0010715760482735,122.59640179782797
E01001557,1715.0,13571.063265119448,2239.4232676552792,0.0,0.0,0.0,0.0011703973719043,102.87103343474725
E01001558,2063.0,13786.78755399933,6930.149633299711,53.46306370915881,106.92612741831762,0.0,0.0139923977025904,180.43783991017227
E01001559,2129.0,2310.2434804358936,2049.812087620199,1.0851308033987288,9.76617723058856,0.0,0.0165023026730061,62.93758655931767
E01001560,1571.0,5844.0190291606095,1949.246321629637,0.0,3.719935728300834,0.0,0.0023186193815021,89.27845742563285
E01001562,2235.0,15907.694519089193,2697.5464083824622,0.0,0.0,0.0,0.0009235378458264,113.88058709275536
E01001563,1733.0,8762.03646627985,4125.690569235058,5.055993344650807,30.335960067904843,5.055993344650807,0.0038174337426042,85.95188680733764
E01001564,1659.0,7292.148581876759,3973.539673307167,4.395508488171645,0.0,0.0,0.0044381511628645,101.09669516721492
E01001565,1678.0,7533.500126730264,2487.222330279241,0.0,0.0,0.0,0.0053502904997032,49.38528089648498
E01001566,1781.0,9015.614154734134,3730.773516024176,5.062107891484635,15.186323674453904,0.0,0.0003760830764366,30.37264733071072
E01001567,1541.0,4929.799033202231,2089.006339183035,3.199090871643239,22.393636101502672,3.199090871643239,0.009955782747503,92.7736352217352
E01001568,1884.0,2108.488127950694,730.8082524160315,1.11915505729867,0.0,1.11915505729867,0.0092936549141653,24.621411245779424
E01001569,1770.0,5966.202437277186,3657.248386692512,67.41471680539193,175.27826369401902,13.482943361078386,0.0112545109517673,111.23428266214268
E01001570,1899.0,4639.908750514372,2365.1562245907908,0.0,4.886686414443783,2.4433432072218912,0.0030811129980624,75.74363937845455
E01001571,1809.0,12070.728796141952,3156.1385962272766,0.0,6.672597455025954,0.0,0.0002893265256503,153.46974137338552
E01001572,1733.0,10370.369560535815,2806.522402707039,0.0,0.0,0.0,0.0011518642467928,173.53763247261358
E01001573,1575.0,11387.094172020868,2805.2016119010136,0.0,7.229901061600551,0.0,0.0054990339401275,79.52891162989832
E01001574,1921.0,1908.363054592411,711.2899256055003,0.0,0.0,0.0,0.0118751513370386,59.605300992612285
E01001575,1816.0,8234.340364805734,1818.2656862814424,0.0,4.534328394716814,4.534328394716814,0.0,126.96119497577024
E01001576,1998.0,8309.055238963243,2224.897173596264,8.317372611574818,20.793431528937045,0.0,0.0,141.39533431195414
E01001577,2017.0,9655.415466346843,1708.9654543806762,0.0,0.0,0.0,0.0,134.03650614561465
E01001578,2306.0,8523.985467002689,2812.989132866022,14.785751026891049,36.96437756722762,3.696437756722762,0.0001008995866763,110.893132635247
E01001579,1734.0,6838.597899127427,2133.6109939030785,0.0,0.0,0.0,7.555312424021397e-05,63.10124931969048
E01001580,1639.0,5424.702694494369,3521.5885704344164,19.85858216410385,59.57574649231156,6.6195273880346175,0.0088361382207688,112.53196552902476
E01001581,1578.0,7644.947072085195,3735.268816589154,24.223533181512025,62.981186271931264,0.0,0.0034607447907628,116.27295920141346
E01001582,1533.0,4480.812637077637,1391.3025539784444,0.0,2.9229045251647987,0.0,0.0027392655796114,81.84132665551455
E01001583,1568.0,5413.0904542645785,2578.8128630967094,0.0,0.0,0.0,0.0065405592198597,93.2101034295396
E01001584,1502.0,4583.822022314422,3051.812265189362,6.103624530378724,18.31087359113617,0.0,0.0038921532173588,88.50255563745291
E01001585,1529.0,8361.109987772594,3543.492002666214,16.40505556789914,27.341759279831894,0.0,0.0009266354914574,103.89868520093673
E01001586,1426.0,6740.946003668199,2618.8527952539844,0.0,0.0,0.0,0.0026106548684719,99.27059326237534
E01001587,1981.0,7316.746789842034,3885.5212634597774,0.0,0.0,0.0,0.0071752627172582,81.25614804637628
E01001588,1692.0,3267.6112892174965,1060.2355778844003,1.9312123458732249,0.0,0.0,0.0016268251115579,100.42304192504872
E01001589,1853.0,8763.821308418339,3310.671838042545,23.647655986018183,42.56578077483272,4.729531197203636,0.001159219283088,132.42687344226707
E01001590,1704.0,11116.833044853283,4397.151098727179,6.523963054491364,19.57188916347409,0.0,0.0007476935466757,84.8115196573812
E01001591,2100.0,10347.19523059089,3340.6658887336303,34.4906507686363,59.1268298890908,4.9272358240909,0.0025623923043043,93.61748060143044
E01001592,1933.0,7903.683544790474,3773.97822650885,8.177634293626978,4.088817146813489,0.0,0.0031414411716705,61.33225716545114
E01001593,1793.0,9724.765886685129,4517.975450980876,0.0,10.847480074383856,0.0,0.0060469726073297,103.05106064483648
E01001594,2368.0,16056.87147291062,4977.087694728208,13.561546852120458,33.903867130301144,0.0,0.0020588226690632,155.95778870572155
E01001595,2222.0,5907.379103468727,1975.3297362183905,5.317172910412896,0.0,0.0,0.0035776519248797,55.83031552585894
E01001596,1737.0,5972.566841417774,1746.7265143582206,0.0,0.0,0.0,0.0032747125255165,68.76876036653935
E01001597,1556.0,4824.705505836297,1854.2248666388853,9.302131437987718,43.40994671060936,6.201420958658479,0.0014762730396967,80.61847241421012
E01001598,1609.0,3468.120993864839,1142.389140303521,0.0,2.15545120811985,0.0,0.0007722704736363,49.5753777570347
E01001599,1677.0,3650.721396916597,1456.3700742618985,4.353871671933926,10.884679179834816,0.0,0.0065132911052606,45.71565252784831
E01001600,1509.0,5001.647332217122,2091.4774464075576,23.201810023538677,46.40362004707735,3.314544289076953,0.015060745954605,89.4926957512345
E01001601,1507.0,6152.487116548859,2584.289545305526,0.0,12.247817750263156,0.0,0.0034540645813155,134.72599517218478
E01001602,2126.0,8277.369655694467,1779.284069921153,0.0,0.0,0.0,0.0011086438027562,163.5228247084044
E01001603,1756.0,8359.250750114812,2365.915502737507,0.0,0.0,0.0,0.0013134326994433,104.72865398182496
E01001604,1549.0,6403.214043297088,3120.998452349452,45.47150063025692,144.68204745990838,8.267545569137623,0.002565532563059,86.80922842385884
E01001605,1520.0,2278.5115380705133,673.0603161800399,0.0,0.0,0.0,0.0055293784820215,25.483352713119636
E01001606,1627.0,7624.668396211474,3027.372946498225,14.059007491477823,18.745343321970434,0.0,0.0105996615720829,65.60870158761104
E01001607,1610.0,7765.193517113675,2734.6985864617727,33.7617109439725,57.87721876109571,0.0,0.0005680917687285,120.57753901346784
E01001608,1444.0,3108.2373696575537,1304.4264861582255,4.305037908112956,12.915113724338866,2.152518954056478,0.0074140501295402,43.05037905529056
E01001609,1688.0,5026.242111906209,3984.07105789722,20.843421080179777,178.65789497296953,2.9776315828828253,0.0016195075449524,50.61973687865484
E01001610,1761.0,7930.012682072625,2598.3062564201614,0.0,9.006260854142674,0.0,0.0070085414703923,139.59704315543826
E01001611,1766.0,8673.385316005322,2431.1017731725,0.0,0.0,0.0,0.0013272260370139,98.2263342105682
E01001613,1753.0,2395.983141533451,850.1434763455827,0.0,5.467160619585741,0.0,0.0083373773393223,47.83765539264592
E01001614,1493.0,1677.7338306352506,836.057582044626,0.0,1.123733309199766,0.0,0.0088034602452173,50.56799888364764
E01001615,1991.0,2095.133422354027,2031.995298124373,29.464457973838652,71.55654079360816,6.313812422965427,0.0013883324693412,48.40589521368434
E01001617,1628.0,2341.040609283759,1005.1519569344888,11.50388505790545,27.321727012525443,1.4379856322381812,0.0085222210338744,31.63568389026011
E01001618,1906.0,5512.732956036379,1686.213700613436,0.0,0.0,2.8923048037966312,0.007994144054246,95.44605846795784
E01001619,1964.0,6153.967159505253,2782.445436680583,31.333845007664223,31.333845007664223,0.0,0.0167875983744739,90.868150467748
E01001620,1582.0,6001.894822520608,1809.6737233516624,0.0,3.793865248116693,0.0,0.0026965056382217,136.57914885012838
E01001621,1673.0,4554.140407614148,1464.5113803325833,2.722140112142348,5.444280224284696,0.0,0.001176214768362,73.49778298376938
E01001623,1806.0,6578.543753779866,1886.869138681047,0.0,0.0,0.0,0.0022214199353612,61.92427671494213
E01001624,1628.0,7303.34233433588,2431.4567231019946,0.0,0.0,0.0,0.0006571165709571,121.12422783106597
E01001625,1780.0,6726.840909082094,1617.465117464683,0.0,3.779124106225896,0.0,0.0017564831408725,162.50233647011274
E01001629,2141.0,10228.781453386697,2350.56537835883,0.0,0.0,0.0,0.0027416119620714,143.32715713107095
E01001631,2108.0,10921.08210509424,5165.236650274648,10.361557974472715,25.903894936181786,0.0,0.00013865145575,98.43480069844708
E01001632,2038.0,16786.35129780258,4876.113821540297,24.71003625780556,57.65675126821297,0.0,0.0078499012486303,123.5501812147772
E01001633,2043.0,17722.69540717131,4415.492884116592,0.0,8.674838672134758,0.0,0.0021860408211611,104.09806400286224
E01001634,1737.0,14829.719366130052,3568.694700657664,0.0,0.0,0.0,0.0039477654001724,68.30037700504192
E01001635,1644.0,7812.458001203987,2171.7112570256827,0.0,0.0,0.0,0.0065560960890556,95.042068084164
E01001636,1684.0,13900.642562739044,5489.2679953809175,8.254538338918673,8.254538338918673,8.254538338918673,0.0058620363616716,123.8180750092599
E01001637,1799.0,9728.305268560916,2579.433915010314,16.222854811385627,32.445709622771254,5.407618270461875,0.0066099294661593,70.29903747375083
E01001638,1763.0,16798.3199683009,5469.220454795643,0.0,19.056517264096318,0.0,0.0018802417699788,171.50865527423426
E01001641,1866.0,5064.136116971949,6383.091182807088,146.55056287057087,246.9648374300361,29.85289243659777,0.0122850949163471,86.8447779452812
E01001642,1732.0,1450.8005884673594,862.7740220100346,9.214091497194543,5.863512770941983,2.512934044689421,0.0092642292452397,51.09632554466104
E01001644,2629.0,13849.65228575727,7380.510784460227,94.82454969327917,115.89667184734118,15.804091615546524,0.0148696099663987,152.7728855252026
E01001645,1852.0,6523.092315047968,1961.8587578195024,0.0,0.0,0.0,0.0018741393869121,49.310633021563184
E01001646,2820.0,13241.653695271369,3794.0624772266897,0.0,4.695621877755804,0.0,0.0007747986548607,145.56427812315178
E01001647,1486.0,4234.405978497216,1208.201975022086,0.0,0.0,0.0,0.0052972454421775,51.29159324844326
E01001648,1721.0,4138.879832467287,1245.7523260999735,0.0,0.0,0.0,0.0016506612097171,81.7675271465787
E01001649,1576.0,4749.550224136502,1624.3702860466844,0.0,3.0136740000866133,0.0,0.0016368695765642,63.28715396386938
E01001650,1834.0,8771.681365017525,2295.7508479871385,0.0,0.0,0.0,0.001926921506226,81.30784248414669
E01001651,1875.0,6122.508828649999,1283.2778504850396,0.0,0.0,3.265338041946666,0.0010907235493749,75.10277491972903
E01001652,1706.0,6473.310432598551,2750.967211977696,15.177750135049356,68.2998756077221,3.794437533762339,0.0048741020629503,94.86093828715993
E01001653,1591.0,5977.06459703483,1281.0678991759123,0.0,0.0,0.0,0.003631773408569,48.83836562838775
E01001654,1606.0,5432.282323966841,1325.936905974472,0.0,0.0,0.0,0.001616288967094,40.5899052604904
E01001655,1575.0,3578.665504217884,1465.5487302987526,9.088674296426372,13.63301144463956,0.0,0.0020914125412708,54.53204574585946
E01001656,1341.0,4758.147983817023,1568.3082840023294,0.0,7.096417574671174,0.0,0.0004449558418282,95.80163720058091
E01001657,1569.0,3904.541319371023,1709.6366388832969,4.977108119019787,2.4885540595098936,0.0,0.009247523597,54.74818927635712
E01001658,1654.0,3792.428748756113,1327.5793503807674,0.0,0.0,0.0,0.0110127465031381,84.83667691650052
E01001659,1618.0,4285.491514652481,2296.3665903607543,2.648635052319209,7.945905156957628,0.0,0.0117661324995441,87.40495667396065
E01001660,1559.0,4682.531777630936,1090.2880277614045,3.0035482858440896,6.007096571688179,0.0,0.0067624183941409,66.07806224884412
E01001661,1664.0,3684.314579472771,1565.3908700043569,0.0,4.428262715712465,0.0,0.0076788623634746,59.7815466262824
E01001664,2076.0,13520.789124557676,7685.226959045307,143.28389245677693,293.0806891161346,19.538712607742305,0.0113361239596675,110.71937137716988
E01001665,1890.0,10039.72365364939,4435.539286136106,63.74427716602787,69.05630026319686,10.624046194337978,0.0041158426306517,143.42462353765185
E01001666,1984.0,4599.41925503675,5074.661667981575,16.227789710311114,90.41197124316191,2.318255672901588,0.003028527625954,95.04848253192684
E01001669,2495.0,4971.637057331636,1187.6135014708038,0.0,0.0,0.0,0.0060793496035387,83.69088428164663
E01001671,1670.0,8611.754954735838,2470.0782175559675,0.0,0.0,0.0,0.0074854949937006,92.8213108335863
E01001672,1933.0,5351.099626475104,1436.7411826904186,0.0,2.7682874425634267,0.0,0.0001034425440489,69.2071860225309
E01001673,2403.0,13720.403547118662,4841.823640431388,17.129093067563872,11.419395378375912,5.709697689187957,0.0067723984925844,91.35516297192726
E01001674,2195.0,10351.446041995883,2230.630513833282,0.0,0.0,0.0,0.0008681256896519,75.45473192371715
E01001675,2370.0,15085.409653499151,5168.503223055405,6.365151752531288,19.095455257593866,0.0,0.0042088157038412,89.11212448193619
E01001676,1802.0,13591.285389316288,2783.121147978752,0.0,0.0,7.54233373435976,0.0107743779884917,128.2196734070531
E01001677,2163.0,10629.28259461088,3248.245859934254,0.0,4.914138971156208,0.0,0.0048136099836118,108.11105730059764
E01001678,1774.0,6681.743037958241,2644.071934975584,0.0,0.0,0.0,0.0116950925246398,75.32968471188751
E01001679,1353.0,6344.747068862419,2668.2639188342323,0.0,4.689391772995136,0.0,0.0031067397780381,201.64384611768008
E01001680,1518.0,2485.754554214108,790.9219036135798,1.6375194691792545,0.0,0.0,0.0040008321262366,50.76310351405208
E01001681,1403.0,9012.294794194637,2884.1912776859526,0.0,0.0,0.0,0.0046488735007912,57.81229729080493
E01001682,1377.0,1569.2492433172397,1000.5815799800556,3.418843667357821,0.0,2.279229111571881,0.0084043766945261,49.00342586936591
E01001683,1551.0,11233.93812302402,4222.685961136688,28.972116371435256,50.7012036500117,0.0,0.0196565316836408,152.10361085872196
E01001684,1446.0,1228.766035237641,296.5693957800392,0.0,0.8497690423496825,0.0,0.0088200752970993,17.845149878628753
E01001685,1562.0,8885.644321664817,2457.489338642254,0.0,0.0,0.0,0.017043107079651,113.77265449844587
E01001686,1799.0,10420.507687762956,2820.8934096389994,0.0,0.0,0.0,0.0038949774794265,144.80972320052723
E01001687,1654.0,3996.246970803864,2766.4466635855047,0.0,2.416110623218781,0.0,0.0,62.81887616593546
E01001688,2670.0,7538.181173944697,3139.4971780623605,11.29315531677108,16.93973297515662,2.8232888291927702,0.0,101.6383977897731
E01001690,1714.0,12757.296570424332,2292.4430243236257,0.0,0.0,0.0,0.0,111.64495241637935
E01001692,1470.0,19220.208361521563,3059.543371834045,0.0,0.0,0.0,0.0,52.29988666669166
E01001693,1560.0,11335.97360206127,2034.6619285751,0.0,7.266649744911071,0.0,0.0,87.19979688643915
E01001694,1743.0,4549.447645415396,1106.6929441515365,0.0,0.0,0.0,0.0,57.422747067684654
E01001695,1549.0,15546.852179725778,3141.487883960083,0.0,0.0,0.0,0.0041195284892928,90.33032248785764
E01001696,2572.0,18326.025229189567,15568.571199758631,35.626021052079246,64.12683789374265,7.125204210415849,0.0050511162452592,192.38051356582807
E01001697,2643.0,17247.338446732818,4457.030707195806,0.0,0.0,6.525667214049497,0.0044271824600642,84.83367373176829
E01001698,1912.0,14968.858581912024,3977.081673436877,0.0,15.65780186392471,0.0,0.001475423168723,133.09131576344896
E01001699,1465.0,2139.5401485954144,1559.7466748804798,0.0,0.0,0.0,0.0040565213075944,65.71966322797874
E01001700,2366.0,17111.215641662708,5120.346861495011,7.232128335444931,7.232128335444931,7.232128335444931,0.0126817422436064,195.2674649401601
E01001701,1763.0,1852.290446103014,5718.670957537553,1.0506468781072116,3.151940634321635,0.0,0.0056523526899673,47.27910948644056
E01001702,1485.0,16837.49032747905,2902.62459517484,0.0,0.0,0.0,0.0015541524229668,113.3837731809662
E01001703,2079.0,23433.54710518861,4362.0888550784,0.0,0.0,11.271547429143151,0.0023793067632779,101.44392680125584
E01001704,1649.0,11651.204014665878,4055.6647085616814,0.0,0.0,14.131235918333388,0.012585526297817,155.4435950085481
E01001705,2248.0,12836.348771692934,3603.0854425881857,5.710119560361625,28.550597801808127,0.0,0.0036650233579938,74.23155424015216
E01001708,1697.0,9696.010204760549,2696.8278235986904,0.0,11.427236540672418,0.0,0.002920271619708,62.84980093609602
E01001710,1759.0,20087.35569340612,2672.223554438336,0.0,0.0,0.0,0.0026170680397239,216.97541668346832
E01001712,2121.0,12831.476714392022,2794.975125907173,12.099459419511572,24.198918839023143,6.049729709755786,0.0,127.04432382850914
E01001714,2051.0,13398.188246457745,7120.441340145754,6.532514990959408,6.532514990959408,0.0,0.0079176612640027,111.05275477959628
E01001715,1286.0,16733.713900134306,8236.734757997678,0.0,0.0,0.0,0.0007447627200121,130.12219199200027
E01001716,1788.0,21407.729495664134,7483.126921023538,0.0,11.97300307363766,0.0,0.005758174472596,131.70303373082007
E01001717,1126.0,11519.165403860854,4746.796400880494,10.23016465707003,20.46032931414006,0.0,0.0037273355544318,122.7619758112931
E01001718,1740.0,17222.29120106971,10293.783246616378,89.08081655725712,277.14031817813327,9.897868506361904,0.0155064878440499,128.6722905055367
E01001719,1640.0,26207.23743539948,10019.474312192364,47.940068479389296,79.9001141323155,15.9800228264631,0.0053315062281549,191.7602738021785
E01001720,1707.0,16833.38313551336,8628.711331912236,59.16830627596963,49.30692189664136,9.861384379328271,0.0074424067873799,88.75245936070591
E01001722,2303.0,21836.75728362365,6314.928506684043,18.96374926932145,28.445623903982177,0.0,0.0104483809172916,161.19186869219115
E01001723,1970.0,16856.37758414419,7392.847833858162,0.0,0.0,0.0,0.001363976844928,77.0088315564141
E01001724,2894.0,24651.548982306405,15520.083706206728,85.18157906809401,204.4357897634256,25.5544737204282,0.0060209505948321,144.8086843287403
E01001725,1830.0,20053.83482986218,5479.189844224639,0.0,10.95837968844928,0.0,0.0004726476773302,98.62541713675844
E01001726,1325.0,24688.360333433524,5533.919259645099,0.0,0.0,0.0,0.0119191893146304,279.4908715320818
E01001727,1988.0,18555.42119633861,5441.554606370932,0.0,9.333712875421838,0.0,0.0006266096764114,93.3371286983812
E01001728,1979.0,21164.79961376491,5604.019705716429,0.0,0.0,0.0,0.0183801480696979,117.64163497349006
E01001729,1985.0,15602.160234771807,29860.2552805532,31.44012137989281,78.60030344973204,0.0,0.0042946114329149,117.90045510370278
E01001730,2767.0,21037.086321990373,6705.7138185744525,83.6313514788197,76.02850134438154,15.205700268876308,0.017045747932391,144.45415246760015
E01001731,2666.0,15249.622905610684,10238.869092664338,91.52061758806111,177.32119657686843,40.04027019477674,0.014245767497185,188.761273662084
E01001732,1900.0,29910.99891785364,7934.286028735913,78.71315504698326,125.9410480751732,15.742631009396652,0.0159425786953444,141.6836789994837
E01001733,1872.0,12739.294841448303,15937.72890954697,108.88286189272054,210.96054491714605,6.805178868295034,0.006334540824795,142.90875614836136
E01001734,1835.0,13647.086900581831,8552.670264669812,111.55656866960626,312.35839227489754,0.0,0.0025293783738703,163.61630061708829
E01001735,1570.0,11686.862659890368,6409.16480902268,0.0,0.0,7.443861566809153,0.0041806745885292,104.21406187290968
E01001736,1549.0,17026.225653196547,8309.76539303847,32.97525949618441,43.9670126615792,21.9835063307896,0.0004609381641166,153.88454422297733
E01001737,1768.0,17892.019964905656,10251.479764960084,30.359762383889684,30.359762383889684,0.0,0.0001318532554045,70.83944551982745
E01001738,1740.0,19094.55790871238,9536.30507050061,43.89553542232731,43.89553542232731,10.973883855581828,0.0022764773197117,175.58214158400745
E01001739,1977.0,15910.930701594218,8844.771290365223,48.288105315915686,64.3841404212209,0.0,0.0005406785828714,120.72026321751132
E01001740,1545.0,18719.75099597777,5440.238315335936,12.116343686717007,72.69806212030204,0.0,0.0014221909307042,193.86149887154224
E01001741,1441.0,17092.785338176665,10829.78002342491,201.6497923310224,225.3732973111427,23.72350498012029,0.0009517023082594,130.47927731211485
E01001742,1753.0,13663.597231713537,7030.556019968972,0.0,7.794408004400191,0.0,4.024663135695542e-06,171.47697599412575
E01001744,2004.0,14595.267867609848,5433.168577463546,0.0,7.283067798208507,14.566135596417014,0.005050829056214,152.94442367040543
E01001745,2162.0,19371.56280897576,9175.060275851609,35.84007920254534,125.4402772089087,44.80009900318168,0.0008294025790041,143.3603167243651
E01001746,1686.0,33060.71692733221,6490.567795342207,39.21793229814023,0.0,19.608966149070117,0.0018459821787916,294.13449205962115
E01001747,2329.0,16438.000387813256,10368.15052370016,134.1013342071498,155.27522908196292,21.17389487481312,0.0012662951759873,190.56505375887943
E01001749,1488.0,14178.938747587852,6060.352851791582,0.0,9.52885668520689,9.52885668520689,0.0069656038410274,114.34628015380278
E01001750,2122.0,14398.007600711098,7572.184958715167,27.14044788069953,27.14044788069953,0.0,0.0028999301705815,74.6362316270825
E01001751,1478.0,9637.27250729627,5275.06999891927,0.0,19.561446225905826,13.040964150603882,0.0025467246017407,136.93012349918985
E01001753,1538.0,20192.57079673721,6105.0360341240585,13.129109750804428,0.0,0.0,0.0087992474522995,144.42020717201444
E01001755,1678.0,16372.206142226709,11503.474995044868,87.81278622171655,117.08371496228874,0.0,0.0045522231664209,156.11161985605372
E01001756,2037.0,12563.234444545791,7530.539644963384,30.837590683715742,49.34014509394519,24.670072546972595,0.0049607410081998,148.02043519307952
E01001757,1585.0,32139.354024124503,5312.625081590297,0.0,0.0,0.0,0.0018075495525468,81.1087798228236
E01001758,2614.0,20847.42953305764,8613.322071806524,15.95059642927134,47.85178928781402,0.0,0.0017734251613289,79.75298209856713
E01001759,1647.0,15828.73948789324,6679.401301812873,28.831948065379308,9.610649355126435,0.0,0.001684478601374,172.9916882885812
E01001760,1885.0,13097.690237656452,10130.733350930032,173.7094195975657,361.3155927629366,55.58701427122102,0.0050165238570661,138.967535594327
E01001761,1818.0,17041.48853527725,7358.398514957448,46.86878035004744,65.61629249006641,9.373756070009488,0.0031679796538284,112.4850727724833
E01001762,1675.0,11924.634343764425,11953.1110824958,42.71510809706659,85.43021619413318,28.47673873137773,0.0169184612932108,99.66858549973593
E01001763,1769.0,16100.593062370832,7954.730546360716,18.203044728514225,63.710656549799786,9.101522364257113,0.0112330258245352,91.01522358804569
E01001764,1752.0,16732.018980334942,5730.1434864160765,19.100478288053587,57.30143486416076,0.0,0.0016926030148131,133.7033479363597
E01001765,1801.0,14416.130167430236,3281.850843223985,8.004514251765817,16.009028503531635,0.0,0.000122500229989,136.0767421982219
E01001767,1608.0,15432.732425255364,5403.37584292212,9.59747041371602,9.59747041371602,9.59747041371602,0.0207179133460011,57.58482244769245
E01001768,1868.0,17997.66704205231,7775.223395576132,0.0,0.0,9.634725397244278,0.0047951601258315,115.61670469737692
E01001769,1521.0,12311.99503535264,5034.885543714229,0.0,0.0,0.0,0.0040362207174567,89.04138416020338
E01001770,1714.0,13359.95643151741,6110.971903331185,7.794607019555082,54.562249136885576,15.589214039110164,0.0035675473080271,194.86517537217077
E01001772,1789.0,26886.431807743807,8446.156889855796,30.057497828668318,0.0,0.0,0.0085138876715525,180.3449868635123
E01001773,2483.0,20354.798512628186,11927.60041718647,49.18598110179988,40.988317584833226,16.39532703393329,0.0021913617643068,131.16261619268963
E01001774,1987.0,11054.615437141772,6136.5077137228855,38.94429192752512,55.63470275360731,11.12694055072146,0.0152444118893915,105.7059351684666
E01001775,1634.0,12643.032613583062,4905.558553862706,38.68737029860178,23.212422179161067,15.474948119440713,0.0007189211792384,123.79958488118184
E01001776,1709.0,16713.427991735585,7344.519848913648,19.559307187519703,29.33896078127956,0.0,0.003499399034263,146.6948038186083
E01001777,2633.0,16814.60217523419,13123.436183101505,191.58300997228477,166.03860864264678,44.70270232686644,0.005203100250509,210.74131084273145
E01001780,1816.0,16623.77066276107,8403.425918730542,128.15682229000825,64.07841114500413,54.92435241000354,0.0021231147952916,173.92711586051857
E01001781,1602.0,10624.256105278791,2937.918511010303,0.0,6.631870228014228,6.631870228014228,0.0003373999344921,139.26927470467328
E01001783,1606.0,26151.69767313597,5894.716412002006,32.56749398896136,130.26997595584544,0.0,0.000752220744758,146.55372286263184
E01001784,1772.0,23047.507152211725,8519.253490236275,39.019481634669965,91.04545714756324,0.0,0.002436712747143,195.0974080559696
E01001785,1593.0,17524.967574748796,5687.638566318348,55.00617568973257,55.00617568973257,0.0,0.000401495922569,99.01111618201271
E01001786,2224.0,1971.861554963206,610.0003371468911,1.77325679403166,0.88662839701583,0.0,0.004756430149942,13.29942594725039
E01001787,1611.0,7311.325361909886,1692.8146244521338,0.0,0.0,0.0,0.0004531286340651,63.53727809141688
E01001788,1497.0,13295.780444306196,3348.369557450525,8.881616863263991,8.881616863263991,8.881616863263991,0.0026807630558929,97.69778543727875
E01001789,1773.0,18438.600816777365,5719.814128159927,0.0,0.0,0.0,0.0001274629402532,145.59526862947305
E01001790,1513.0,27267.28140114223,5478.687075973059,0.0,0.0,0.0,0.0001909407515924,180.2199694960197
E01001791,1459.0,13789.659231647174,4489.436692962582,0.0,9.45144566939491,0.0,0.0020120444752107,103.96590230072476
E01001792,1933.0,11120.13275116848,3537.962566978073,11.505569323505927,0.0,0.0,0.0287671721786674,97.7973391910654
E01001793,1582.0,10112.700532507732,4449.076846160166,6.392351790460007,19.17705537138002,0.0,0.0035992007524388,95.88527679930516
E01001794,1898.0,14722.086102499616,8260.812275638616,0.0,31.026524978924375,0.0,0.0004174828293348,147.37599356120475
E01001795,1308.0,12762.23373292427,5844.478597875869,68.29941600188829,195.14118857682368,9.757059428841185,0.001070543797546,117.08471307596494
E01001796,1476.0,16107.254796095973,7748.069718989254,109.12774252097542,360.12155031921884,21.825548504195083,0.0009679432995008,98.21496820982298
E01001798,2329.0,21926.725512318804,6091.280123001403,28.243957293669563,75.3172194497855,9.414652431223187,0.0197664477451575,131.80513395807145
E01001799,1506.0,13948.198550436024,5075.440109986017,0.0,0.0,0.0,0.0003475631362071,55.57051211974064
E01001800,1750.0,21556.54797047342,6294.512007378239,0.0,36.95408223509729,0.0,0.0036893035797166,12.318027404296876
E01001801,1722.0,11813.744595733857,3224.4250638762555,0.0,0.0,0.0,0.000628190117472,75.4652674072594
E01001802,1377.0,13292.894627995003,3716.604525619518,0.0,0.0,0.0,0.0035408615316175,115.84221891075543
E01001803,1804.0,11264.885806633089,5032.981130901479,0.0,0.0,0.0,0.0010705873547252,81.17711496566908
E01001804,1671.0,14904.407233466552,4076.190368458536,0.0,0.0,0.0,0.0011910650193325,98.11399130420811
E01001805,1227.0,8052.623251242232,4338.047244556737,39.37713081292045,72.19140649035415,6.562855135486742,0.0041163085057652,78.75426157856283
E01001806,1469.0,4502.138325058899,2559.0779451492035,18.388584037000268,21.453348043166976,6.129528012333422,0.0013337609696789,64.36004409088986
E01001807,1807.0,15429.575632595102,7855.677687873544,0.0,0.0,0.0,0.003926340863064,119.54292126556032
E01001808,1634.0,12459.001580512562,7891.717647387088,30.49939187395976,106.74787155885916,0.0,0.0100804746465353,228.74543891739208
E01001809,1884.0,16752.995807153813,9514.705686653177,8.89224830528334,17.78449661056668,0.0,0.0019498395626431,62.24573809954451
E01001811,1792.0,20772.68630564186,5251.131080611474,0.0,0.0,0.0,0.0006093977095516,208.65421499808423
E01001812,1792.0,7240.644877396384,2064.7151408200625,4.040538436047089,0.0,0.0,0.0038175917208078,56.56753807080313
E01001813,1955.0,20546.36687359392,4203.860229891339,52.54825287364174,52.54825287364174,10.509650574728347,0.0095959939817034,84.0772045473867
E01001814,1699.0,14965.925859552157,8843.902038252127,8.80866736877702,17.61733473755404,8.80866736877702,0.0159930846661804,79.27800627116795
E01001815,1772.0,16535.661565083745,4749.803463108141,0.0,9.331637452078862,0.0,0.0010741414499161,111.97964935786204
E01001816,1550.0,11456.956941033854,4915.404106959686,14.783170246495295,0.0,0.0,0.0006515167805454,162.6148726140597
E01001819,1587.0,11618.52331885031,4517.094447215274,0.0,7.321060692407251,7.321060692407251,0.0064195399201223,102.49484963216403
E01001820,1390.0,16519.238754374634,4040.677105386601,0.0,0.0,0.0,0.0047586134565289,178.26516630716665
E01001821,1350.0,19531.125157510756,4861.080039202677,0.0,0.0,0.0,0.0011106643791636,144.67500107984438
E01001822,1997.0,24261.880263053907,5175.543811748104,0.0,0.0,0.0,0.0003703048525268,145.7899664406368
E01001823,1632.0,10817.283119106532,3360.516263104787,6.6282372053348855,0.0,6.6282372053348855,0.0001554906424433,46.39766040949441
E01001824,1626.0,7538.31469984872,1256.38578330812,4.636109901505978,0.0,0.0,0.0127434917033184,115.9027474681823
E01001825,1350.0,12843.36444101257,5089.7777599568335,0.0,0.0,0.0,0.0004643987545768,104.6496361233346
E01001826,1573.0,14199.69834133487,4260.8122168531845,0.0,0.0,0.0,0.0090620726420715,117.35287878361532
E01001827,1647.0,9367.8373037243,2969.041331235024,0.0,0.0,0.0,0.0042666175330062,73.94164230432392
E01001828,2053.0,18773.159957140437,6035.209728062681,9.144257163731336,18.28851432746267,9.144257163731336,0.0007653623487364,109.73108589880486
E01001829,1756.0,15119.8986733592,9712.55450088222,120.5458891953467,266.92304036112483,25.83126197043144,0.0029775380576654,137.76673042617284
E01001830,1878.0,18335.279162412684,14957.213885418652,58.57916665307567,312.42222214973685,39.05277776871711,0.0026777241823425,146.4479165448483
E01001831,1679.0,15423.445098917373,11840.870001491656,202.0939798547839,395.0018697161685,55.116539960395606,0.0032956541970167,165.349619782583
E01001832,1660.0,16010.027174648982,6982.686550871002,57.8675681011409,144.66892025285225,0.0,0.0003127949976166,173.60270419909318
E01001833,2117.0,18659.92512831545,7545.061837429394,0.0,52.885947458617245,0.0,0.0004959536955048,88.14324571148771
E01001834,1988.0,20829.145317529747,9660.19717442778,52.38718641229815,167.6389965193541,10.477437282459633,0.0003405871178582,115.25181003787604
E01001835,1233.0,16691.574710113833,10247.787555195597,13.537367972517302,13.537367972517302,0.0,0.00013268173036,27.07473592872527
E01001836,1855.0,14155.695209687889,8104.230896328053,76.31102538915304,213.6708710896285,45.78661523349182,0.0131881850877641,190.7775633584618
E01001837,1446.0,12656.48917676614,8428.906692410645,0.0,8.752758766781563,0.0,0.0062861498088569,166.30241646950847
E01001838,1815.0,25566.13232588439,4901.936115376181,14.086023320046497,42.25806996013949,0.0,0.0026816694346792,281.7204662320891
E01001839,2354.0,22628.621500443136,13900.1642691762,57.67703016255685,221.09528228980125,0.0,0.0058632380019461,192.2567670930148
E01001840,1602.0,14774.032352969069,5321.233874945788,0.0,36.88896967033475,0.0,0.0072331887845527,166.00036341684037
E01001841,1368.0,10055.14402161144,3388.465931259411,0.0,14.70050295557228,0.0,0.0087060405087104,102.9035206270191
E01001842,1528.0,23343.94921682786,7562.339569587559,15.277453675934462,15.277453675934462,0.0,0.0031249967207306,152.77453666806022
E01001843,1205.0,16343.2486287708,5669.276287822568,0.0,0.0,0.0,0.0006914887249578,176.31720501799288
E01001844,1917.0,12370.108270447769,5123.560754687286,25.81138919237928,141.962640558086,6.452847298094819,0.0053117983337771,200.0382661210049
E01001845,1585.0,14443.688107169904,3535.741946739383,0.0,18.22547395226486,9.11273697613243,0.0055628039241757,91.12736970656856
E01001846,1210.0,2233.7267959687247,1068.865962699084,7.38422081311975,7.38422081311975,0.0,0.002924431011481,71.99615288472003
E01001847,1332.0,12504.65467689303,7453.975835925724,0.0,18.77575777311265,0.0,0.0052545303644831,159.59394097549497
E01001848,1970.0,13006.83272518999,6582.645800514934,26.40981263997968,39.61471895996952,6.602453159994919,0.0135744732610324,138.65151627663053
E01001849,2450.0,4942.510495075867,3770.4294348150174,62.53788789687832,62.53788789687832,10.086756112399728,0.0082662561998106,100.86756106350488
E01001850,1845.0,26120.564652599216,5294.900368602767,28.31497523316988,42.47246284975482,14.15748761658494,0.0197589274130696,99.1024132567051
E01001851,1465.0,14729.296712415888,8566.116586333335,30.16238234624414,50.27063724374023,0.0,0.0025482642489191,191.028421411578
E01001852,1629.0,21464.608050247152,10659.832972774677,26.353109945054825,131.7655497252741,0.0,0.0029354320658968,158.1186595748488
E01001853,1497.0,18522.357663379924,7213.449911656978,0.0,0.0,0.0,0.0002678747521009,49.49193761464713
E01001854,1760.0,26606.15932973949,12728.628497523096,30.23427196561305,136.05422384525875,15.117135982806529,0.0007778722924257,166.28849571180902
E01001855,1663.0,21918.239250214512,11492.90717148951,0.0,39.53981825053731,26.359878833691536,0.0005702864489172,118.61945468082274
E01001856,1645.0,19930.627911289528,10528.702525781518,157.50648197371663,230.2017813462012,24.231766457494867,0.0052322910498468,157.50648187913092
E01001857,1547.0,21800.41075838508,13500.189726265611,140.92056081696882,436.85373853260336,28.184112163393767,0.0016059713900995,197.28878502513663
E01001858,1755.0,14718.282794942066,7749.112992892576,41.93242961521956,92.25134515348304,25.159457769131738,0.0079133937687034,142.5702606057149
E01001859,2703.0,25114.67747481777,7841.948867460673,0.0,9.291408610735392,0.0,0.0096153011546569,55.7484516309317
E01001860,1710.0,18786.75506716273,7756.402969249643,197.75531649644984,527.3475106571996,21.97281294404998,0.0142823822730253,296.63297456631307
E01001861,1405.0,19506.61334158585,6566.995096491178,13.883710563406297,13.883710563406297,13.883710563406297,0.0152755294934911,97.18597388531968
E01001862,1759.0,19351.28317120177,6820.804756193916,0.0,0.0,0.0,0.0073079858491419,132.01557584703514
E01001863,1411.0,16656.49214222023,6882.1650736459205,0.0,0.0,0.0,0.0034907594927776,106.24268546430936
E01001864,1514.0,20606.346623765312,9336.82548474439,0.0,27.22106555319064,0.0,0.0056570893527642,149.71586045242725
E01001865,1585.0,13408.134231288455,6978.997312815759,0.0,16.918781364401838,0.0,0.003640598037901,143.80964151142587
E01001866,1505.0,9950.74322553056,8112.665739352821,79.34147422349947,198.35368555874868,13.223579037249912,0.0035408215147383,171.9065273808385
E01001867,1136.0,13131.149616146278,8657.773822617573,46.23644231037422,161.82754808630978,11.559110577593556,0.0028810297830045,115.5911057066332
E01001868,1261.0,21427.36313080616,5658.45513287744,16.992357756388706,67.96943102555483,16.992357756388706,0.00096174706335,101.95414647699008
E01001869,1353.0,5909.17041137388,5821.821255256011,4.367457805893481,4.367457805893481,4.367457805893481,0.0024082858405505,113.55390288507962
E01001870,1687.0,16626.747525239025,8318.301666450348,78.84646129336824,78.84646129336824,0.0,0.0009979090228746,128.1254995247006
E01001871,1515.0,11406.568472220948,9162.900218279136,45.17452860285524,30.11635240190349,7.529088100475874,0.0038063044618124,135.52358572720726
E01001872,1361.0,19196.96161688445,8195.02916929454,0.0,0.0,0.0,0.00043706811699,141.05041590987824
E01001873,1502.0,24285.03963085576,9248.363960618835,97.01081077572206,145.5162161635831,16.168468462620346,0.0003955747057169,258.69549524638853
E01001875,1835.0,10707.7710413412,2958.4958680980867,40.84708299149232,110.8706538340506,0.0,0.0036137893889234,140.047141600897
E01001876,2372.0,2645.606980405083,6593.941175444709,1.115348642666561,1.115348642666561,0.0,0.0004387803553883,40.15255111189051
E01001877,1360.0,1065.9390918046631,1440.5853314242436,5.48645120781812,8.621566183714188,0.0,0.0015642151401253,50.16183958422016
E01001878,1618.0,11944.135811868033,2908.522564818297,0.0,0.0,0.0,0.0044591209877799,81.20240658318944
E01001879,1451.0,18003.9108389193,7407.536024007459,0.0,0.0,0.0,0.0040244633055519,186.1189954669569
E01001880,1468.0,11582.159507760349,7148.117516369805,47.33852659847553,63.11803546463404,23.66926329923777,0.0123237564025143,110.45656199683825
E01001881,1876.0,16870.64997912056,11106.211473461562,125.90037297851164,296.7651648779203,44.96441892089702,0.0063859409007887,116.90748912410302
E01001882,1644.0,20587.820734191588,11157.997733676828,25.04601062553721,37.56901593830582,12.523005312768609,0.0059070818287653,200.3680848846893
E01001883,1869.0,13993.181642514945,8482.758052953146,0.0,22.46096571832254,14.97397714554836,0.0027351973986368,179.6877256389573
E01001884,1800.0,22077.91317713836,10805.911949477162,183.98260980948632,539.6823221078265,24.531014641264843,0.006305725192327,220.77913163876292
E01001885,1276.0,22104.27012456486,4400.066310062284,51.96928712671989,138.58476567125302,17.323095708906628,0.0018105538696724,225.20024408007603
E01001886,1523.0,15880.229808245702,6172.748553172328,10.426940123601906,20.85388024720381,0.0,0.0011815020300185,218.96574246387743
E01001887,1458.0,13391.66527472676,4050.5654226025385,0.0,0.0,0.0,0.0008344574517647,101.03451161425896
E01001888,1551.0,15946.72312949457,7875.686600382231,30.84472558896435,0.0,0.0,0.0015704132763436,123.37890228144228
E01001889,1389.0,9527.51297681187,5219.897318469281,6.85926060245635,0.0,0.0,0.0008381320430476,54.87408478665925
E01001890,1714.0,13153.877706841038,43613.46966626465,15.34874878277834,0.0,7.67437439138917,0.000510379392675,122.78999018823215
E01001891,2544.0,14504.364280480848,9036.72067003229,79.81961475107386,74.11821369742572,11.402802107296264,0.0006358738728808,136.8336252055173
E01001892,1330.0,18396.225779107444,5394.381995377371,0.0,0.0,13.831748706095825,0.0005053360373622,124.4857382800402
E01001893,1491.0,19218.596532833675,7746.731399217329,51.558944420747615,12.889736105186904,25.779472210373807,0.0001322846182215,335.1331385336736
E01001894,1374.0,8943.965400263649,8670.569077984848,123.67928864993402,240.84914105513468,26.03774497893348,0.0030545121037509,175.75477850233
E01001895,1458.0,16889.24473331517,7529.498680833237,46.335376497435306,150.58997361666474,0.0,0.003879051589643,196.92534999586127
E01001896,1398.0,16437.536936153443,8983.031630344229,23.515789608230964,141.0947376493858,0.0,0.0003939813898813,188.1263167531058
E01001897,1303.0,13782.88647747339,7901.624097216134,10.577810036433917,42.31124014573566,0.0,0.001080156150154,211.55620060130855
E01001898,2090.0,7308.780796899685,15533.781961640385,157.36609371315112,129.38989927525756,31.47321874263022,0.0038802771548785,157.36609361866812
E01001899,1599.0,12700.116372210356,10682.71202040208,31.770147272571247,135.0231259084278,23.827610454428434,0.0020392720427455,79.42536813365084
E01001900,1713.0,12788.39264532882,8316.561241620728,59.72395864718656,37.3274741544916,14.93098966179664,0.0006827907707476,149.30989652817678
E01001901,1651.0,19849.509176403077,8740.516760293782,0.0,0.0,0.0,0.0036618978396631,168.31806680998935
E01001902,1657.0,22795.31919791556,11679.677730253658,13.756982014433047,55.02792805773219,0.0,0.0026052102909026,165.08378407437218
E01001903,1436.0,13101.801344559486,7070.958246541505,36.49526836924648,63.86671964618134,18.24763418462324,0.0020740738100323,109.4858050421566
E01001904,1617.0,11691.554836802923,6210.912557089494,7.230398785901623,0.0,0.0,0.0016748581011593,93.9951841602599
E01001905,1658.0,18783.89238917536,8496.9356404593,22.6584950412248,45.3169900824496,0.0,0.0011530581038102,113.29247513809972
E01001906,1453.0,23458.2135551865,10687.775205460057,48.434026610846175,48.434026610846175,16.144675536948725,0.0020138207536741,145.30207974550254
E01001907,1247.0,18497.2534841164,7772.703148097027,0.0,0.0,0.0,0.006387589241109,163.16743240000378
E01001908,1379.0,30402.51014903378,15146.1381235578,176.37424306908648,286.6081449872655,22.04678038363581,8.617409082200662e-05,198.42102333401343
E01001909,1763.0,20520.613397256195,10138.090906982496,34.918797613028126,23.279198408685414,0.0,0.0014539271169823,139.67519036838888
E01001910,1335.0,16428.89536866035,8922.059282605807,12.306288665663182,110.75659799096864,12.306288665663182,0.0006546024389117,123.06288658295745
E01001911,1710.0,10857.877227862991,10527.696165963063,0.0,0.0,0.0,0.0023327800688955,38.09781481170289
E01001912,1454.0,15083.153854220142,4771.836845214075,155.6033753874155,228.21828390154272,51.86779179580516,0.0026654009374969,155.6033752942282
E01001913,1386.0,12670.525328576818,6947.762806434619,0.0,0.0,9.14179316636134,0.0009017387949605,82.27613844791416
E01001914,1504.0,22987.52846613004,11784.165191081289,106.9898266375733,382.1065237056189,15.284260948224755,0.0017419863297359,229.26391408655428
E01001915,1453.0,3528.632006819428,2987.073206048105,14.571088809990757,16.999603611655882,4.857029603330251,0.0092149829453946,50.99881080430814
E01001916,1224.0,3430.669172653761,2124.5483928689146,8.408502874151376,25.22550862245413,2.802834291383792,0.0015524542514291,64.46518866305158
E01001917,1495.0,13839.579106726074,5165.541900704448,0.0,0.0,9.257243549649548,0.0004926256928632,55.543461264526215
E01001918,1510.0,14363.151831111723,5716.724669204071,0.0,0.0,0.0,0.0018630452640336,85.60818967052698
E01001919,1546.0,10709.899212425144,4204.986301385552,0.0,6.927489788114583,0.0,0.0027956188403253,83.12987740744536
E01001920,1449.0,8849.444893994474,8983.804995904673,97.71643775287204,134.36010191019906,18.32183207866351,0.0080328449254328,140.467379185355
E01001921,1451.0,14319.598858535555,7559.48499354806,0.0,19.73755872989049,19.73755872989049,0.0058535414343417,226.9819252577971
E01001922,1625.0,8348.59069461828,6221.626665343223,25.68797136805625,113.02707401944748,5.137594273611249,0.0040881044554746,123.30226249252296
E01001923,1517.0,13594.579681997231,7429.074855883787,17.922979145678617,26.88446871851793,17.922979145678617,0.0039404327791007,241.96021832130543
E01001924,1545.0,16019.595830198949,8357.148374848124,10.36867044025822,51.8433522012911,0.0,0.0094450853491095,134.79271564231982
E01001925,1572.0,11099.096068473084,6898.102327543386,35.30246841117393,169.45184837363487,7.060493682234786,0.0144832168450891,120.0283925258776
E01001926,1356.0,14966.604801426834,8255.914742969964,66.22391505056122,231.78370267696425,0.0,0.0042719701990732,242.82102170587885
E01001927,1364.0,6826.070276628592,2472.198472620619,0.0,0.0,0.0,0.0085077850184369,65.05785450361375
E01001928,1806.0,9510.370985526686,4802.5793681065,26.329930746197917,21.063944596958333,10.531972298479166,0.0048749225634526,110.58570906758474
E01001929,1348.0,15640.223030986192,7553.25311066173,11.602539340494207,46.41015736197683,11.602539340494207,0.004107836887857,220.44824733694756
E01001930,1736.0,6855.417758708419,3435.606826080832,7.897946726622602,15.795893453245204,7.897946726622602,0.0066361648778399,86.87741394066494
E01001931,1296.0,19013.893479943643,8142.5238282166065,0.0,44.01364231468436,0.0,0.0014700976599573,161.38335505721392
E01001932,1592.0,8449.047367935695,9069.988663192276,148.60133561695946,191.05886007894787,21.228762230994207,0.0053811882701892,143.2941449732498
E01001933,1496.0,8407.105711663138,6187.315099292189,39.33806148505479,28.098615346467707,28.098615346467707,0.0037755074432359,162.9719689117192
E01001934,1961.0,10787.633824632348,6546.2948757330405,0.0,16.503264392604304,0.0,0.0110617378560721,71.51414565837163
E01001935,2038.0,19114.66775010563,8788.24518245779,18.758260795000616,84.41217357750278,9.379130397500308,0.0021019187954227,168.82434705379032
E01001937,1789.0,9148.352962704355,4556.278641570476,51.136685090577735,163.63739228984875,10.227337018115549,0.0144663316982957,122.72804414381864
E01001938,1575.0,15226.02670056982,6709.119066790765,9.667318540044327,58.00391124026598,0.0,0.0286597603419594,87.00586680784863
E01001940,1538.0,18227.426561978235,7110.8296080539285,130.36520948098868,213.32488824161783,23.70276536017976,0.0003483312867132,118.51382672947926
E01001941,1566.0,10950.348868010846,11292.984305132512,244.73959794404828,377.5982368279602,27.97023976503409,0.0006795509864522,132.85863880399015
E01001942,1838.0,19976.64117856573,9977.45190529017,206.5049958611256,380.4039397441787,0.0,0.0007561619082835,173.89894377860907
E01001943,2263.0,5111.960022399904,13221.520994744427,176.19658937127377,668.6434673576543,11.294653164825242,0.0009957385001526,112.94653158047409
E01001944,1680.0,25345.010648058163,7271.604245454782,15.086315861939385,165.9494744813332,0.0,0.0005639694330438,226.2947377934948
E01001945,1665.0,14495.48669998598,6573.028503597246,0.0,8.705998018009597,0.0,0.0002661244666145,69.64798410227371
E01001946,1877.0,15178.781825915408,11701.49030479467,24.260173403167943,16.173448935445293,8.086724467722647,0.0002466166955285,64.69379570289378
E01001947,1417.0,25779.440468140525,6131.031360454027,0.0,36.38594279201203,0.0,0.0026727079807012,109.1578283106814
E01001948,1873.0,16307.52878236169,11849.7312721806,60.94645033450712,104.47962914486936,0.0,0.0034642309079539,182.83935089382683
E01001949,1473.0,17872.87852639637,10070.936304758308,12.133658198503984,24.26731639700797,0.0,0.0020172340007101,182.00487286842804
E01001950,1486.0,13582.75998872964,9423.839534576218,36.56193805849163,219.37162835094975,0.0,0.0037796189811327,155.38823665523643
E01001951,1515.0,14641.095850129275,9374.166979950758,67.6486276903663,164.28952439088957,38.65635868020932,0.0091006164536528,193.28179328533116
E01001952,1647.0,17415.331218878273,13080.002864451986,116.31368755777838,222.0534035193951,10.573971596161671,0.0058936222229445,232.6273749758659
E01001953,1463.0,16438.732099252305,14854.411370616232,224.72634448738623,213.4900272630169,33.70895167310794,0.0091025326161471,146.07212382927258
E01001954,1526.0,17747.73592804776,5908.158487187589,34.89069972748577,116.30233242495255,23.26046648499051,0.0073047783587642,127.93256559034523
E01001955,2108.0,9642.574736118491,3796.649445435649,18.297105761135654,4.574276440283914,0.0,0.002029616565495,114.3569109385384
E01001956,1575.0,11785.029171631106,4886.110507349278,0.0,0.0,0.0,0.0048667196689396,127.2034893952108
E01001957,1626.0,21639.621981863984,5003.9962270484975,0.0,0.0,0.0,0.0002142346060281,173.0105077462602
E01001958,1725.0,37692.535699707005,7057.7907426118045,0.0,0.0,0.0,0.0008257015156611,152.9552172400758
E01001959,2019.0,10397.922039333022,2487.467233778033,0.0,0.0,0.0,0.0067849619186517,144.2009989728836
E01001960,1794.0,21649.55755259884,8266.414115680158,36.20327349932917,72.40654699865833,0.0,0.0014427302431843,120.6775782585754
E01001961,1575.0,22563.91622808257,5988.391735453024,42.97888805349061,114.6103681426416,0.0,0.0005763851576162,71.63148004610689
E01001962,1823.0,3540.667380016592,1279.9230956834524,0.0,0.0,0.0,0.003476850314061,60.20882540578501
E01001963,1800.0,3537.9607998013425,2346.8473305348903,5.896601333002237,21.620871554341537,1.9655337776674124,0.0087728280761915,37.34514175328208
E01001964,1628.0,2560.8084331801588,1005.133039804743,9.437868918354395,20.44871598976785,0.0,0.0089584569093394,42.47041010710301
E01001965,1636.0,13454.46946738171,5181.122105409828,0.0,8.22400334192036,0.0,0.0025021547907196,65.79202669597966
E01001966,1410.0,2750.539875275825,1527.427462653171,9.753687500978105,11.704425001173725,1.9507375001956209,0.0056355949984487,40.96548747950518
E01001967,1495.0,8470.651056283506,3257.942713955195,0.0,0.0,0.0,0.0060497679456148,84.98980987831766
E01001968,1648.0,11438.352250783524,4705.826957543221,0.0,6.940747724990002,0.0,0.0228041981521931,83.28897264995395
E01001969,1966.0,13508.181815080095,4720.305649521885,13.741792283906507,61.83806527757928,0.0,0.001530587945775,137.41792275698788
E01001970,1904.0,8857.118612772756,3414.4564400079844,37.214784087280485,41.86663209819055,4.651848010910061,0.0135278427790516,111.64435219488276
E01001971,1906.0,15133.618892202909,6367.871118335116,0.0,23.81996677681465,7.939988925604883,0.0013760270811306,142.91980057500072
E01001972,1713.0,8290.534492061495,3334.6049416406136,9.679549903165784,9.679549903165784,4.839774951582893,0.0135173384543616,67.75684928155435
E01001973,2548.0,6360.216479491836,3337.3663395135736,4.992320627544613,9.984641255089226,2.4961603137723065,0.0098794635314139,94.8540918664958
E01001974,2213.0,12513.036053288492,5654.331700537051,67.85198040644461,169.62995101611153,5.654331700537051,0.0089055290048971,124.39529733707838
E01001975,1822.0,15175.68751355776,5813.73758752103,16.65827388974507,49.97482166923522,0.0,0.0008631707893027,149.92446491780225
E01001976,1868.0,18414.77014836476,4702.272677071729,0.0,0.0,0.0,0.00079956968015,128.1541818978326
E01001977,1519.0,16964.797154283657,4791.242909274318,44.6735935596673,122.85238228908509,11.168398389916826,0.0025122612872306,122.85238221535847
E01001978,1927.0,14598.127146551871,4204.442431933726,30.302287797720545,7.575571949430136,7.575571949430136,0.0163925245345624,128.78472306324872
E01001979,2292.0,11701.639376737176,5820.18712455514,56.159700324654864,102.10854604482702,15.316281906724054,0.0200833156231451,76.58140948773013
E01001980,1816.0,16219.619687173996,4689.042035113627,8.931508638311671,8.931508638311671,0.0,0.001470446985715,107.17810359552963
E01001981,1803.0,18947.49111618842,7839.61640192821,42.03547668594214,21.01773834297107,0.0,0.002925814900943,84.07095332142737
E01001982,1801.0,17231.34838998919,4994.316412867494,0.0,9.567655963347692,0.0,0.0026762211314731,124.37952744868907
E01001983,1661.0,16448.787958074376,5357.492044141021,29.70882834089291,9.902942780297638,0.0,0.0011717733558278,108.93237051789755
E01001984,1749.0,8828.773382324345,4452.245925220167,5.047897874399282,5.047897874399282,0.0,0.0172137730883875,156.48483401248006
E01001985,1622.0,8575.842984768731,3965.402119960881,0.0,0.0,0.0,0.0028878757466631,68.73363670474906
E01001986,1565.0,11502.328885615048,5019.866216533595,0.0,0.0,0.0,0.0031578617632778,139.6448873456395
E01001987,1705.0,5642.683431718959,2525.142204341094,0.0,0.0,0.0,0.0068748481392985,62.88034318958936
E01001988,1667.0,9542.602611484926,4905.825097805988,5.724416683554245,17.173250050662734,0.0,0.0109644164354448,125.93716696244768
E01001989,1719.0,5992.89061740105,3472.3205671503465,0.0,13.94506251867609,0.0,0.017613135057373,97.61543757222236
E01001990,1950.0,12863.51445706189,13087.801375800404,323.23702994668344,1002.6944602427732,59.37006672490104,0.0255023239416864,211.09357045071687
E01001991,1660.0,13164.987992956816,7082.129082958094,15.86143131681544,118.9607348761158,0.0,0.0468316221416628,95.16858784393274
E01001992,1751.0,4305.855054021569,1812.3444744796668,7.377250235331073,17.21358388243917,2.459083411777024,0.0339943329267738,59.01800184718659
E01001993,1669.0,5936.648494203815,3119.497141651735,0.0,0.0,0.0,0.0097717791290316,46.2411206581228
E01001994,1809.0,5386.603017507968,2170.7206189957483,11.91067555004526,23.82135110009052,0.0,0.0262057636448283,92.3077354573563
E01001995,2683.0,6540.833528275342,2140.459127031588,0.0,0.0,0.0,0.0042132871460972,51.19549161809451
E01001996,1493.0,6143.074190784012,3550.8861531457483,8.229168373454804,16.45833674690961,0.0,0.0222978530806619,57.60417857959154
E01001997,1782.0,9185.94950563983,6438.412420058444,87.63251492473462,195.8844451258774,5.154853819102036,0.030771011724291,175.2650297443517
E01001998,1933.0,12459.45430160102,5034.057842498913,6.445656648526136,0.0,0.0,0.0092778232747274,32.22828322329685
E01001999,2436.0,16361.201255886772,7972.391580762561,100.74631315201216,355.9703064704429,20.14926263040243,0.0105587664233097,80.59705047315195
E01002000,1761.0,10721.137545973486,4255.57929848692,0.0,0.0,0.0,0.0147810968770293,54.79286647129393
E01002001,1596.0,15011.826563673574,6941.558899743796,0.0,9.405906368216526,0.0,0.002370481949938,47.02953181286699
E01002002,1691.0,2585.1475601609422,1371.3053586424396,30.57537031532753,39.747981409925785,4.586305547299129,0.0178440095539431,32.10413881183568
E01002003,2557.0,11585.851453971558,5609.418889329992,122.33789177052486,294.5171468549673,0.0,0.0162050662128998,154.05512287799374
E01002004,1810.0,15453.330766249044,6266.7098245451925,0.0,0.0,0.0,0.0019451561485329,8.53775179942551
E01002005,1458.0,15250.89078670574,9319.988814097953,73.22101200750355,261.50361431251264,20.92028914500101,0.0242047680038604,115.0615902283726
E01002006,1537.0,13996.494150200077,6875.311049707911,0.0,0.0,0.0,0.0210456574357605,218.55293389928684
E01002007,1439.0,8346.511043080252,4135.554116550535,29.00108076122395,127.60475534938536,5.80021615224479,0.0226595257029548,87.00324223135644
E01002008,1341.0,2051.4798112017606,1713.3910429127309,3.059626862344162,0.0,4.589440293516243,0.0252129038729658,45.89440290763195
E01002009,1414.0,6055.016591060364,4770.359605686878,21.410949756224767,98.49036887863392,12.84656985373486,0.0106960638172265,72.79722912749585
E01002010,1597.0,2713.6351017671363,1639.7356751441994,0.0,5.097623860551916,1.699207953517305,0.0149398290270316,47.57782266993768
E01002011,1748.0,2707.469032173838,1339.7944581409438,9.293371963983423,32.52680187394199,3.097790654661142,0.0229940051383104,34.075697180803274
E01002013,1361.0,11243.22462978426,5419.21774955068,16.522005333995974,41.30501333498994,0.0,0.026342631981655,123.9150399307376
E01002014,1734.0,10368.957749971549,6314.659390986133,65.77770198943888,143.51498615877574,23.91916435979596,0.0204514642506155,143.51498607278378
E01002015,1425.0,11908.841166471168,3927.8283145554014,25.07124456099193,58.4995706423145,0.0,0.0018189953377009,116.9991412143291
E01002016,1913.0,11192.861420774692,5897.754475766277,46.80757520449426,117.01893801123566,5.850946900561783,0.0177048073169135,87.76420345561084
E01002017,1571.0,11542.317241816394,6193.6177179193,66.12403257565089,66.12403257565089,0.0,0.0097308343371438,124.90095034562285
E01002018,1375.0,11393.37333156498,4457.916256277788,0.0,0.0,0.0,0.001776733124302,58.00262783496001
E01002019,1370.0,5450.196156342209,3063.2489345864974,3.9782453695928535,3.9782453695928535,3.9782453695928535,0.0243633577797504,75.58666197680671
E01002020,1546.0,5319.92203821501,2807.9278028353483,30.969791943036928,68.8217598734154,6.882175987341539,0.0212119542753086,120.4380797061726
E01002021,1429.0,7737.255269293951,3367.7906070684653,0.0,5.414454352200106,0.0,0.0193881076952594,97.46017828108673
E01002022,2168.0,10759.183023654305,8664.914003367348,114.14262432843589,426.7941605324124,9.925445593777033,0.0164302187906178,138.9562382293821
E01002023,1369.0,8274.920369885825,3251.940948866745,0.0,24.1779996198271,6.044499904956775,0.0057328338285744,60.44499901325528
E01002024,1271.0,7975.733287832308,4034.930372994629,18.825491631390182,62.751638771300605,12.550327754260122,0.0002661919489774,81.57713035376459
E01002025,1476.0,3672.631857114195,1577.5397001425472,0.0,0.0,0.0,0.0077313044475905,14.92939778418609
E01002026,1781.0,14951.10663863954,13582.757182099256,109.13216524554409,537.2660442857555,0.0,0.0106433693126445,100.73738324312176
E01002027,1430.0,12963.692413760042,3453.962803945857,0.0,0.0,0.0,0.000374614394022,90.65519165027516
E01002028,1660.0,13662.826892753288,5144.136631307714,8.230618610092343,74.07556749083108,8.230618610092343,0.00325408370701,156.38175349775324
E01002029,2109.0,8947.796731800974,8913.85535017252,55.15474514623644,67.88276325690639,16.970690814226597,0.0145213868936768,135.76552643234464
E01002030,1564.0,5591.085344083255,3092.256280455253,3.574862751971391,32.17376476774252,3.574862751971391,0.0123878046208105,46.4732157477293
E01002031,1869.0,13334.83101369625,6699.5218415520485,149.82956195164326,456.6234269002461,7.134741045316345,0.0124501545732824,128.42533873866782
E01002032,1844.0,17873.544336343097,5505.516910543861,0.0,9.692811462225109,0.0,0.0058761910351191,116.3137374767123
E01002033,1802.0,14601.519075104505,3759.76961756298,0.0,0.0,0.0,0.0034809811454419,121.54427635694611
E01002034,2489.0,8866.331446245766,6116.308193332254,32.05985657541659,71.24412572314797,7.124412572314798,0.0173116032511234,103.30398223657994
E01002036,1864.0,10939.03524001094,4143.218282965518,0.0,5.8685811373449255,5.8685811373449255,0.0018170546611182,82.16013587350837
E01002037,1717.0,2158.1624196868697,2361.7863637691485,3.770813779301461,31.42344816084551,0.0,0.0041709816744735,37.7081377703828
E01002038,1795.0,12637.315323498344,4498.743449423645,7.040287088299913,49.282009618099394,14.080574176599828,0.0090005059034989,126.72516751318528
E01002039,1672.0,22362.66809731425,3276.826365934205,40.124404480827,13.374801493609,13.374801493609,0.0019712443917281,147.12281634154144
E01002040,2267.0,15291.73762436797,3622.2598607347154,6.745362869152171,20.236088607456512,0.0,0.0005248006939513,107.92580584166272
E01002041,1867.0,14729.667308601798,4078.863416468736,7.889484364543009,15.778968729086015,7.889484364543009,0.0019333987785202,94.6738123178452
E01002042,1567.0,6553.3976385661335,6139.366773079186,8.364259908827227,8.364259908827227,0.0,0.0005231374756518,104.55324879758078
E01002043,1810.0,16543.471480691835,7284.611475199665,73.1203159367595,118.82051339723418,9.140039492094935,0.0004852062749223,173.66075024585223
E01002044,1780.0,19990.59703428594,7558.242586558672,56.15336245585938,190.9214323499219,11.230672491171877,0.0117436929626506,157.2294147818799
E01002045,2131.0,15799.43847141655,4871.061039756299,0.0,0.0,0.0,0.0013573651652973,96.38324730418772
E01002046,1618.0,9545.405800925046,3793.384381949817,0.0,23.5980365906676,0.0,0.0017782124369691,147.48772860303055
E01002047,1655.0,16161.913776389389,7695.219369060324,68.35854769469832,234.37216352467996,0.0,0.0129292559576519,146.4826021149711
E01002048,1905.0,15583.992336400908,5186.483538728701,8.18057340493486,16.36114680986972,8.18057340493486,0.0020306399317504,98.16688080023306
E01002049,1899.0,14886.82508212625,4005.880788292003,0.0,31.3571881666693,0.0,0.0006101938005166,133.26804962799582
E01002050,1990.0,18161.87164777913,3422.463250209636,0.0,0.0,0.0,0.0007705185395286,82.13911795578795
E01002051,1871.0,15047.621938227208,4841.618603320566,0.0,8.042555819469378,0.0,0.0237851793853611,112.59578140500592
E01002052,2205.0,10089.360931662422,3024.520442552772,4.575673891910395,0.0,0.0,0.0003780157337312,77.78645611570856
E01002053,2025.0,14042.4124368773,3002.6491778606774,0.0,6.934524660186321,0.0,0.0068029300538387,124.82144380839397
E01002054,1694.0,20794.52496274981,5106.56575236359,61.37699221590853,159.5801797613622,24.55079688636341,0.0014024423204654,135.0293827936572
E01002055,2103.0,22396.6490332413,4291.892325438062,0.0,0.0,0.0,0.0122309896035782,127.7982825659953
E01002056,2921.0,13823.963868687992,6668.252341999788,23.663067217884272,42.59352099219169,4.732613443576854,0.000608437640437,104.11749569636376
E01002057,1794.0,11307.796513753798,7330.528063264029,25.21247829153578,50.42495658307156,0.0,0.0001198285608028,50.42495655276029
E01002058,1574.0,10104.426585252571,4968.758689317338,38.51750921951425,64.19584869919042,0.0,0.0068219601569509,109.13294272305748
E01002059,1562.0,6676.279613528708,3047.495111681158,4.274186692399941,0.0,0.0,0.0003267556404217,42.74186689836318
E01002060,1708.0,13600.007554919215,6393.914558899374,7.962533697259495,63.70026957807596,0.0,0.004065584478651,71.66280323231786
E01002061,1544.0,9350.125952277642,4778.01125411079,12.111562114349278,30.278905285873197,0.0,0.0003328118543007,66.61359158896984
E01002062,1740.0,8816.141943321005,4575.273663689004,5.066748243287934,55.73423067616727,5.066748243287934,0.0061595072318793,96.26821656473052
E01002063,1502.0,10858.124914919834,4424.216010606484,0.0,0.0,0.0,0.005619670582679,101.20755573747932
E01002064,1478.0,15857.182539585336,6104.693413412758,42.91524367952729,160.93216379822735,0.0,0.0075483397741087,171.66097461475704
E01002065,1596.0,11737.604067501372,6317.41973307248,95.60705067513648,169.15093580985686,7.354388513472037,0.0095684195249621,95.60705061786852
E01002066,2611.0,13457.595940489426,6277.806149182735,20.616768962833284,20.616768962833284,5.154192240708321,0.0205228746449155,149.47157489080112
E01002067,1741.0,11632.853927843224,4657.150596040624,6.681708172224712,33.40854086112356,6.681708172224712,0.0014739192473919,200.4512450466527
E01002068,2245.0,7532.315025022914,7089.435032460319,30.196363129267805,83.87878647018834,3.355151458807534,0.0314067802454563,77.1684835062451
E01002069,2048.0,12437.209510142724,5611.319134458924,157.89426135923378,485.8284964899501,12.145712412248754,0.0118694294071374,115.3842678470928
E01002070,2550.0,15560.57099548191,6077.775965294111,6.102184704110553,18.30655411233166,0.0,0.0014699032920861,122.0436940089106
E01002071,1780.0,16359.424671287998,5450.077994423474,18.381376035155053,36.76275207031011,0.0,0.0239858565776885,183.8137602412048
E01002072,1875.0,10571.989354430676,4612.2065556929565,5.638394322363028,28.191971611815134,0.0,0.0147686158097399,107.12949206060304
E01002073,1647.0,14814.433598978309,4074.643849627914,26.984396355151745,44.973993925252906,0.0,0.0015138071937557,116.93238413562004
E01002074,2246.0,17171.990286475146,4495.605649353243,0.0,15.291175678072255,0.0,0.0044073267251545,91.74705401336628
E01002075,1972.0,5339.075488069322,2693.9047214142875,0.0,5.414883862139272,0.0,0.0063239087666245,59.56372244781824
E01002076,1855.0,16964.32248274082,4353.109165382551,0.0,18.290374644464496,0.0,0.0060025400012664,109.74224780097528
E01002077,2269.0,15714.896680230178,6731.987471654356,34.62956518340718,103.88869555022154,27.703652146725744,0.01233041570363,173.14782581312804
E01002078,2552.0,9041.422617929633,3011.4456211756224,3.542877201383085,10.628631604149255,0.0,0.0256584042657478,88.57192998142833
E01002079,1809.0,17572.55088556972,4235.285896135101,9.713958477374083,19.42791695474817,0.0,0.0009048914444845,67.99770930071828
E01002081,1930.0,13886.411964740888,4842.256607394103,14.390064212166722,93.5354173790837,21.585096318250084,0.0163941858558433,179.87580254408508
E01002082,1418.0,7303.684414456238,2735.018634750538,0.0,5.150694227402143,0.0,0.0003235460563636,41.20555379448263
E01002083,1393.0,8914.363815759667,4031.621826222965,12.798799448326871,0.0,0.0,0.0035675020170415,44.79579804226479
E01002084,1763.0,5808.346931547959,2790.5104089739766,13.178325426087255,16.47290678260907,0.0,0.0011615941084804,52.71330167267294
E01002085,2173.0,16790.24958613879,5941.878477561312,61.81408039075488,146.8084409280428,7.726760048844359,0.0081491814003091,108.1746406190012
E01002086,1497.0,6232.5397938259,2989.287623224446,8.326706471377287,0.0,0.0,0.0002295641727213,58.286945264688605
E01002087,1913.0,16976.124514798463,6158.614957276598,62.11859466993687,159.73352915126625,8.874084952848124,0.002421476029339,97.61493442290109
E01002088,1800.0,8467.797817697994,2653.2433162120383,14.11299636282999,70.56498181414996,4.70433212094333,0.0035758081795913,75.26931388989196
E01002089,1346.0,29252.193001019925,3542.4275328129625,0.0,0.0,0.0,0.0004510098455414,108.66342118737931
E01002090,1736.0,7572.173196424625,2556.0446388852706,0.0,43.61850919599439,0.0,0.002808465931342,78.51331650571917
E01002091,1843.0,8543.69363605299,1770.85782364202,0.0,0.0,0.0,0.002067632967016,111.25808309382772
E01002092,1597.0,7954.880877076853,2246.494223895843,0.0,0.0,0.0,0.0026226299142213,124.52850457586264
E01002093,1839.0,8234.49967585161,1826.9036801236848,4.477705098342365,35.82164078673892,0.0,0.002964792891801,89.5541019130886
E01002094,1443.0,5778.669099376347,1185.3680203848917,0.0,0.0,0.0,0.0031053681946612,88.10167713796208
E01002095,1589.0,5560.302822794,1648.1451413064658,3.4992465845147893,10.49773975354437,0.0,0.008425609930807,174.9623291209287
E01002096,1692.0,9187.077167800426,1884.1109794484323,0.0,0.0,0.0,0.002207588276507,119.45372196811716
E01002097,1598.0,14831.11252288728,2979.215969866593,27.843139905295267,111.37255962118108,0.0,0.0020530686162917,204.1830258499912
E01002098,1530.0,7797.497305885447,8322.426863079043,5.096403467898985,10.19280693579797,10.19280693579797,0.0174442859868102,112.12087622638734
E01002099,2020.0,12739.747494366928,3651.6404946725006,0.0,0.0,0.0,0.0039537955619136,81.98847392447944
E01002100,1785.0,12648.359145423472,4279.892954529847,14.171830975264394,49.60140841342538,0.0,0.0036370881612631,70.85915483374627
E01002101,1980.0,9724.75958825624,2937.0738554430463,0.0,0.0,0.0,0.0031849721885848,44.20345264731719
E01002102,1927.0,6052.139099429125,2829.7754689079616,6.281410585811235,6.281410585811235,0.0,0.0069534118292228,50.25128465632467
E01002103,1852.0,10708.877012004928,3498.31025500161,28.911655000013308,57.823310000026616,0.0,0.0041661740825792,144.55827491338587
E01002104,1454.0,8526.53931197216,3735.492119481613,5.864194850049628,5.864194850049628,0.0,0.0010663390631858,64.50614331187275
E01002105,2076.0,16651.05284823141,7018.146070425089,88.22812202820113,112.29033712680145,8.020738366200103,0.0067114135381736,152.3940288661007
E01002106,2029.0,7576.515167925946,2367.427607917718,0.0,0.0,3.734112946242458,0.0207301026697844,67.21403299198589
E01002107,1819.0,6433.819560844295,2776.5521469284067,0.0,0.0,0.0,0.0017407351909274,45.98111832919234
E01002108,1840.0,9240.621676358463,2681.7891169431628,0.0,0.0,0.0,0.0124247462900936,50.22076995008431
E01002109,1871.0,3685.883188595079,1871.5066965073888,0.0,0.0,0.0,0.0099423995631022,66.98023962429355
E01002110,1664.0,6770.322412323518,2632.4510821955023,4.068703372790576,12.206110118371726,0.0,0.0080731306935132,122.06110111035396
E01002111,2200.0,7910.405008944391,2358.7389481216,25.16947048300488,39.55202504472195,0.0,0.0245347815559371,107.8691591481042
E01002112,1994.0,2566.017630033597,969.0126757348536,0.0,6.434347116433291,0.0,0.0064835471488627,72.06468766073887
E01002113,1560.0,2524.9350172355785,1480.971500493945,0.0,0.0,0.0,0.0024029854090485,40.46370217504642
E01002114,2230.0,771.8589811113063,791.2419869149984,0.6922502072747142,0.0,0.0,0.0094077060231681,25.959382757234877
E01002115,1464.0,4211.468040046618,1343.412277801756,2.8766858197039737,0.0,0.0,0.001624660955149,46.02697308760132
E01002116,1590.0,5206.001156495283,1568.348776076252,0.0,0.0,0.0,0.0024196575812514,94.95222229412671
E01002118,1878.0,6932.198161326741,3252.005633721437,18.45633163292529,22.147597959510357,0.0,0.0224641019049467,99.66419075804494
E01002119,2508.0,10510.7192138497,4216.022140802551,4.190876879525399,20.954384397626995,4.190876879525399,0.0136665026406228,104.7719219251164
E01002120,1362.0,7938.608227648832,2348.9420820429364,0.0,0.0,0.0,0.0121025002816786,52.4577635873173
E01002121,1822.0,6492.0811114615335,2202.034098179598,0.0,3.5631619711643983,0.0,0.0183257358765343,64.13691544247247
E01002122,1859.0,9186.289222934314,2910.556402532712,0.0,0.0,0.0,0.0088948421622114,74.12282854292161
E01002123,1713.0,9941.156859955669,4166.812974575698,0.0,11.606721377648183,0.0,0.0171451912992648,116.06721370683309
E01002124,1793.0,10596.381811399298,3285.8830380022364,0.0,0.0,0.0,0.0027877666455122,130.01695466307706
E01002125,1970.0,11374.832535859565,4157.299200923292,17.322080003847052,17.322080003847052,0.0,0.0051054886355488,167.44677327007085
E01002127,1840.0,6773.113111337819,2388.9947876403503,3.681039734422728,7.362079468845455,0.0,0.0098192129131712,58.89663571543255
E01002128,2116.0,11276.099913356562,4705.4802568496425,0.0,101.25042455282356,0.0,0.0080637484058565,69.27660623139619
E01002129,2731.0,6643.473054455241,7621.384503701308,82.70892854319963,221.36801463032845,4.865231090776449,0.0133541433771321,150.82216372349458
E01002130,2908.0,8724.752820644686,5982.516205077546,90.00776637528907,150.0129439588151,9.000776637528906,0.0115839417452667,114.00983734036248
E01002131,1711.0,10444.357726768012,2722.4918446163256,0.0,0.0,0.0,0.0002637820501877,109.87635240752348
E01002132,2037.0,5093.7388066688745,2288.056459549347,2.500608152512948,27.506689677642424,5.001216305025896,0.019096340909634,105.02554234245216
E01002133,2042.0,5219.611255371158,2152.2589015781173,7.668380884482603,12.780634807471005,2.556126961494201,0.0108781643015276,89.4644435986926
E01002134,1491.0,1198.7260674194592,928.5906156066231,0.0,0.0,0.0,0.0116660606682701,24.119236754515946
E01002135,2015.0,4744.336093122831,2201.466127578088,21.190583046206196,80.05331373011228,2.354509227356244,0.0081620460666942,70.6352767782998
E01002136,2031.0,5490.109488427269,2730.18738715487,10.812623315464831,18.922090802063455,2.7031558288662083,0.0125490160494868,97.3136097806894
E01002137,1747.0,2914.178026408324,1641.4145266089245,11.676729355957796,13.344833549666053,1.6681041937082566,0.0277207000393113,56.71554255212279
E01002138,1610.0,11301.855303983566,2709.6373585948177,0.0,7.019785903095383,0.0,0.0039413179097041,407.1475821354076
E01002139,1503.0,6448.4534568610125,1789.0918772528555,0.0,0.0,0.0,0.0037328643877095,60.06543469190553
E01002140,1796.0,7039.104943029009,2226.1757280848983,11.757970394814604,62.70917543901122,0.0,0.0026646025225578,105.82173348988856
E01002141,1792.0,6199.754252619186,2241.875421706045,0.0,3.459684292756242,0.0,0.006313338836462,103.79052872034804
E01002142,1858.0,5153.776677899881,2069.277395970565,5.54766057900956,8.321490868514339,0.0,0.0041660699607324,94.3102297865676
E01002143,1631.0,8913.782469111304,1923.7593066383683,0.0,0.0,0.0,0.0033947264644726,76.51315419541574
E01002144,1620.0,547.9151393774831,255.69373170949208,0.0,0.3382192218379525,0.676438443675905,0.001539102225059,18.60205718991918
E01002145,1685.0,5334.832308882316,2070.611471815451,0.0,3.166072586873778,0.0,0.0041356388646128,79.15181462426068
E01002146,1462.0,1712.4248996921397,682.8616392069202,1.171289261075335,0.0,0.0,0.0006353237422437,19.9119174263119
E01002147,1356.0,2170.181202749515,691.3851619378985,0.0,1.6004286155969871,0.0,0.0003963679880904,41.61114398054892
E01002148,1464.0,4399.763604443616,1259.2219605613902,0.0,0.0,0.0,0.0012525538776825,153.27045334136483
E01002149,1321.0,4531.641548296449,1396.1984179838416,0.0,0.0,0.0,0.0026287750736955,75.47018471065815
E01002150,2400.0,5724.702452190769,3088.9540314946025,52.47643914508205,107.33817097857693,2.3852926884128203,0.0011098088364959,138.34697584497042
E01002151,1566.0,5148.602451359213,2531.5605923030616,3.287741028965015,0.0,3.287741028965015,0.0039915340880422,138.08512313355834
E01002152,1615.0,3488.652943276448,1209.6877078853315,0.0,0.0,0.0,0.0048316143020901,66.96485521776248
E01002153,1880.0,6431.341207181547,2377.543690952753,0.0,0.0,0.0,0.00135547792234,34.20926171983476
E01002155,1726.0,2320.618395265152,1247.7021267706032,0.0,0.0,0.0,0.0004739746110745,96.80447529482989
E01002156,1568.0,4105.5755132829545,1225.3886098319024,0.0,0.0,0.0,0.0020653251083182,26.183517288357493
E01002157,1698.0,6442.285859260422,3035.2347982381257,68.29278296035783,155.5557834097039,7.588086995595314,0.0020283898207635,87.26300039689237
E01002158,1407.0,4797.688700519848,1721.9849280472802,0.0,0.0,0.0,0.001317820669791,30.688840283391315
E01002159,1929.0,8313.458566833,3055.5946728276813,4.309724503283048,21.548622516415243,0.0,0.0014651316538661,77.57504101253673
E01002160,2475.0,8326.54645121494,3865.536110079178,3.3642611924100767,10.09278357723023,0.0,0.0033140122902247,67.285223807844
E01002161,2058.0,8670.435732648679,3774.883584282418,12.639119143802738,29.49127800220639,0.0,0.0040610177528171,105.32599280183288
E01002162,1927.0,10648.72785650276,2890.132158251657,0.0,5.52606531214466,0.0,0.0063303411696194,110.52130617639315
E01002163,1651.0,6736.125906466863,2007.373680182736,0.0,0.0,0.0,0.0063323592390481,61.20041704203411
E01002164,1924.0,7229.845222759744,2224.567760849152,0.0,0.0,0.0,0.0018421462531801,86.4274636298171
E01002165,1763.0,8487.464733479974,3032.956768061477,0.0,4.8142170921610745,0.0,0.0158169897336026,96.28434178539214
E01002166,1708.0,10046.95823955808,2558.7979122996285,0.0,0.0,0.0,0.0113769399740576,152.93964524124763
E01002167,1610.0,9650.525255808874,3134.922179371454,0.0,0.0,0.0,0.0229226345541682,95.90584099396234
E01002168,1548.0,8944.59184995809,2530.834128088917,0.0,0.0,0.0,0.004794198217515,80.89424148856817
E01002169,1667.0,8136.088770555359,1991.316267778396,0.0,0.0,0.0,0.0172216167004892,87.85218823171154
E01002170,1369.0,7994.724849894292,2084.8186788986577,0.0,0.0,0.0,0.0044209726504305,35.038969372264525
E01002171,1703.0,9099.423556042426,2687.61600040478,0.0,5.343172963031372,0.0,0.0435835826538128,122.89297807596148
E01002172,1613.0,4394.24856787865,4154.512750164253,0.0,0.0,0.0,0.0235458798876068,46.31260112150219
E01002173,1909.0,9563.282740238315,2569.9130674396315,0.0,0.0,0.0,0.0212706300475175,70.13407977106164
E01002174,1568.0,7572.070421465178,2260.031222733229,0.0,0.0,0.0,0.0176781833333921,72.43689812108357
E01002175,1420.0,6812.569680767221,2537.922085299901,0.0,14.392752846691312,4.797584282230438,0.0372233539576295,52.77342707276956
E01002176,1695.0,4379.382299613751,1671.6580223304406,10.33482548581416,49.09042105761727,0.0,0.0159982357758799,23.253357329068088
E01002177,1478.0,7505.097599936009,3244.761411609681,5.077873883583226,50.77873883583226,10.155747767166451,0.0012065110276278,30.467243283242745
E01002178,1638.0,7959.709973974444,2099.2641689602933,0.0,0.0,0.0,0.0008585358858535,58.31289354726503
E01002179,2632.0,10195.294585285368,4524.355651828765,92.96621202387874,182.05883188009585,3.873592167661614,0.0210905716232272,151.07009444793968
E01002181,2336.0,5782.840791641367,2616.6364369712865,0.0,14.85318696483228,0.0,0.0099723954972395,71.79040362017581
E01002182,2142.0,10650.864098469969,3823.769603979181,49.72392202833785,89.50305965100813,0.0,0.0059137757496054,84.53066739744298
E01002183,2107.0,11373.713455774448,3033.7099962720645,21.592241966349214,48.58254442428573,5.398060491587303,0.0142179379540518,107.96120976719396
E01002184,1928.0,9034.078268547522,2389.719873941513,0.0,4.685725243022574,0.0,0.00987526956445,93.71450480442576
E01002185,1855.0,10828.973149180309,2574.4351260315448,0.0,0.0,0.0,0.0065291638566207,75.89037781928992
E01002186,1935.0,6099.041690112314,2404.945121217414,9.45587858932142,18.91175717864284,0.0,0.0245183556495184,110.3185834760519
E01002187,1983.0,4107.851200680509,1421.0720744663786,0.0,0.0,0.0,0.0071936094118562,62.14600905019951
E01002188,1608.0,3308.929916677893,1310.8136548033692,0.0,0.0,2.0577922367399832,0.0026819782778159,55.56039035868032
E01002189,1734.0,3860.418255306724,3550.961428612586,28.94200537427186,109.0890971799478,6.67892431713966,0.0092128846366182,117.9943295319893
E01002190,1708.0,1257.8302375717503,405.7754454929944,0.0,0.0,0.0,0.0050345058807591,21.3566023815418
E01002191,2021.0,4127.209726694724,1543.874593459283,2.0421621606604274,0.0,0.0,0.009769798233505,49.011891826388265
E01002192,1683.0,3717.1436564136143,1601.2650926321276,17.66913205663037,30.92098109910315,0.0,0.0127512613495929,64.05060366683573
E01002193,2045.0,6070.712587099741,2143.30292806162,0.0,0.0,0.0,0.0132133966910511,62.33983582028238
E01002194,1838.0,4312.2936151433205,1358.4428744113072,0.0,0.0,0.0,0.0143511490683055,72.73182915621977
E01002195,1658.0,6063.690690155113,2095.593947803908,7.314464041200377,32.9150881854017,3.6572320206001887,0.0065448672774254,138.9748166993273
E01002196,1822.0,4872.145695906032,1845.104571995149,0.0,0.0,0.0,0.0083313386470964,34.762839741325934
E01002197,1416.0,7645.2917677288115,1970.7143327832036,0.0,0.0,0.0,0.0017078627234178,26.996086734231675
E01002198,1812.0,10384.200093257436,2894.051350493932,0.0,0.0,0.0,0.0046933260329689,143.26986875055923
E01002199,1570.0,9248.07033424364,2432.7726420653657,0.0,0.0,0.0,0.016752279274327,58.904906552302464
E01002200,2199.0,6325.951565647682,2269.7479696662217,0.0,0.0,0.0,0.0208618374682592,103.56264494162065
E01002201,1713.0,6437.0964644708665,1984.11379640433,3.757791281068807,0.0,0.0,0.0109347816734781,45.09349534573104
E01002202,2196.0,11285.34724294784,3915.953824738731,5.139047014092823,46.251423126835405,0.0,0.02823533470561,251.8133035392844
E01002203,1811.0,6518.99268056188,2706.947816555789,0.0,0.0,0.0,0.0165616925450581,100.79061013041532
E01002204,1881.0,10510.560196150032,4112.584957132602,83.81626950677857,111.75502600903808,5.587751300451904,0.0062384461398617,273.7998135579877
E01002206,1388.0,7936.325823416629,1984.0814558541567,0.0,5.717813993816015,0.0,0.0006200871235556,171.53441971167453
E01002207,1773.0,9989.536962832855,2253.702642489082,0.0,0.0,0.0,0.0026342708266598,157.75918487960743
E01002208,1360.0,4629.796295353755,1344.6834828417157,0.0,0.0,0.0,0.0053959406813529,91.915073455424
E01002209,1861.0,6812.931663126416,3411.9571789542283,32.948084346124524,87.86155825633206,7.321796521361005,0.0080617717876151,120.80964252989185
E01002210,1548.0,7460.8933019172755,2212.2416185917505,0.0,0.0,0.0,0.0023107470884204,125.31216132661092
E01002211,1486.0,8610.40446076423,2074.37738691359,0.0,0.0,0.0,0.0019898958143741,104.29830430735764
E01002212,1888.0,6858.600451175639,2459.360437206519,10.898199869452815,10.898199869452815,0.0,0.0014779230758554,148.94206479309057
E01002214,1909.0,10510.871096732271,2086.757540943704,0.0,0.0,0.0,0.0058416274886488,176.19061021125688
E01002215,1736.0,10247.24641836996,3264.2438187549465,29.51395857825449,70.83350058781078,5.902791715650898,0.0007404295388791,106.25025081793898
E01002216,1732.0,6433.415351221095,2039.2292308431763,0.0,0.0,0.0,0.0046170251122127,122.57662035966617
E01002217,2206.0,14798.477992072289,3682.848784065134,0.0,6.708285581175107,0.0,0.0022379331384663,201.24856731438305
E01002218,1817.0,5520.418628195353,1251.740492469172,0.0,3.03820507880867,0.0,0.0020042488656034,78.99333200151217
E01002219,1930.0,6617.016435938859,2921.087048404097,47.99908295499691,137.14023701427686,3.4285059253569217,0.0078520377470298,89.14115400572217
E01002220,1643.0,8735.127816530605,2121.3122329858256,0.0,0.0,0.0,0.0004460397948682,127.59772822329109
E01002221,1630.0,9480.30644930624,3507.1317723507127,46.529111407637984,151.21961207482343,5.816138925954748,0.0019777354677516,133.77119521690236
E01002222,1605.0,7669.229900418193,1777.5411357978617,0.0,0.0,0.0,0.0002237376037584,47.78336383683125
E01002223,1794.0,8845.922218755319,2371.732768796716,4.930837357165729,19.72334942866292,0.0,0.0005054093960977,29.58502412522744
E01002224,1624.0,8920.089846976905,1724.6971748465198,0.0,0.0,0.0,0.0005617678583065,76.89732622077668
E01002225,1751.0,857.9510769019181,388.0623945781377,0.489977770931992,0.489977770931992,0.0,0.0034171479825109,41.15813273359052
E01002226,2623.0,4332.197213353249,2680.5779936226927,8.25809609865278,21.47104985649723,1.651619219730556,0.0048993727125849,123.87144140551874
E01002227,2275.0,6932.498435342845,1892.343528944135,3.047252059491361,3.047252059491361,0.0,0.0033912531506637,88.37030967220144
E01002228,2251.0,5367.079304733827,1370.9776100497336,0.0,0.0,0.0,0.0034428454050953,102.52528208122251
E01002229,1828.0,2890.8556342038382,1162.3516909955256,0.0,1.581430872102756,0.0,0.0028804073447417,60.09437310383843
E01002230,1838.0,4370.246057065773,1248.3020565612246,0.0,0.0,0.0,0.003615790283454,52.30980043404521
E01002231,2056.0,9613.2942471219,2739.9758895006976,0.0,0.0,0.0,0.00765640417985,168.326163759089
E01002232,2153.0,9978.40489841893,3795.77966177664,55.61581922017054,69.51977402521318,9.269303203361757,0.0034495590449559,101.96233517586664
E01002233,2422.0,11785.887033956784,4428.223452064687,43.79561655888153,160.58392738256558,4.866179617653502,0.0062485667154771,121.6544903683112
E01002234,1962.0,11682.985975202091,3334.593346642799,0.0,29.77315488073928,0.0,0.0044925407437746,131.00188139653733
E01002235,1881.0,10939.403411765405,2221.6119634738884,0.0,5.815738124277194,0.0,0.0035292449449355,52.34164308709912
E01002236,2327.0,10798.480466270334,5072.0838631858505,0.0,13.921547657417706,0.0,0.0090487998215466,41.764642947185536
E01002237,2114.0,14440.35767061264,4562.989084186019,0.0,6.8308219823144,0.0,0.0164153468600661,88.80068571675795
E01002238,1886.0,5484.174138419333,2111.0871815972614,5.815667166934605,23.26266866773842,0.0,0.0020763583988123,69.78800596121881
E01002239,1936.0,5409.688868577673,1964.3653277944757,0.0,2.794260779224005,0.0,0.003665119709958,53.09095477344104
E01002240,1957.0,11520.997400599375,3579.3389982444664,0.0,5.88707072079682,0.0,0.0052281204377056,64.7577778899168
E01002241,1902.0,7851.055617527667,2352.8400115619197,0.0,0.0,0.0,0.0030316299460201,49.53347389790985
E01002242,1866.0,6871.906509922475,2154.375835104313,7.365387470442096,3.682693735221048,0.0,0.0032889890737968,77.33656839327338
E01002243,1972.0,8415.576615146092,4579.063746476551,8.535067561000094,72.5480742685008,4.267533780500047,0.0145359580815893,119.49094578248447
E01002244,1814.0,5427.161950792955,1573.697456514385,0.0,0.0,0.0,0.0208195831023809,62.82822541236978
E01002245,1647.0,6400.841849967268,2774.864044248105,11.6590926228912,27.2045494534128,0.0,0.0127455314705636,77.72728410596945
E01002246,1841.0,3375.809902817312,1692.489158229429,0.0,1.8336827283092405,0.0,0.0123344036346559,40.34101999860374
E01002247,2486.0,7586.98969512666,2530.013860522929,0.0,0.0,0.0,0.0066071782141643,76.29716100741297
E01002248,1754.0,3295.951587817085,15292.16306821861,0.0,1.879105808333572,0.0,0.0106106888515148,67.64780905945823
E01002250,1833.0,1705.4410672927236,748.9798467924945,0.0,0.9304097475683162,0.0,0.0175136970448646,19.538604687221472
E01002251,1596.0,4881.497114625935,1211.19853220042,0.0,0.0,0.0,0.0092140784669207,58.11306085352281
E01002252,1591.0,1373.2466543640903,384.95789305241,0.0,0.0,0.0,0.0099032646233905,33.66223726463481
E01002253,1583.0,1548.2075474754374,621.0434571363884,0.0,0.0,0.0,0.025331773302083,29.34063575260474
E01002254,1630.0,2894.8181360396748,1569.9504492386948,14.207696373200855,31.96731683970193,1.7759620466501072,0.0127292150145504,58.60674750427874
E01002255,1543.0,2591.357234700949,764.1396900770784,0.0,0.0,0.0,0.0021002099679522,36.94741356401825
E01002256,1518.0,5448.904445911089,1529.13919233078,0.0,10.768585861484366,0.0,0.0007650743612263,86.14868684027863
E01002257,1736.0,2304.1731379016933,865.3922153870416,0.0,1.3272886739065055,0.0,0.0077242001468353,29.20035080839306
E01002258,1839.0,6080.392643500394,1706.0808069854286,3.306358153072536,3.306358153072536,3.306358153072536,0.0073393153150308,132.2543260433847
E01002259,1548.0,819.6732084243199,340.4714941969236,0.0,0.0,0.0,0.0131754284872308,29.12275609577484
E01002260,1810.0,1623.76071973626,514.938482391499,0.0,0.0,0.0,0.0029824134945174,22.427634237033043
E01002261,1786.0,8603.249785680027,3102.179653963012,19.26819660846591,28.902294912698864,0.0,0.0035622379030127,67.43868808917894
E01002262,1758.0,7825.829164227834,2190.163793401646,0.0,0.0,0.0,0.005023421184099,120.1919154191304
E01002263,1608.0,1897.57681398602,671.4684124117198,0.0,0.0,1.1800850833246392,0.0117857611652293,23.601701652320436
E01002264,1673.0,8207.32784665449,1721.919948700374,0.0,0.0,0.0,0.0071903000838514,161.88990960967695
E01002265,1508.0,2932.9301328638417,1013.3001321101204,5.834741643628332,11.669483287256664,0.0,0.0201139431600892,62.23724416137137
E01002266,1543.0,4493.588587087578,1485.2431493290114,11.648965877090284,29.12241469272572,0.0,0.0030167800970769,84.45500255820915
E01002267,1798.0,8565.981854738624,2210.575962513193,0.0,0.0,0.0,0.0027950072676431,100.0476189330195
E01002268,1488.0,1765.0618214334054,1086.556873946908,0.0,0.0,0.0,0.0172036976573113,34.39972633791177
E01002269,1857.0,2393.7929750084472,685.7823708694098,0.0,1.2890646068973868,0.0,0.0263791823065273,39.96100278983
E01002270,1739.0,2565.4583815275714,730.2483604693202,0.0,0.0,0.0,0.0130535475438322,45.732725577724246
E01002271,1591.0,2919.3480013086937,838.5556483960233,0.0,0.0,0.0,0.0072892444617447,44.03793336851948
E01002272,1361.0,6095.341448264327,2319.9021823665844,17.91430256653733,40.307180774709,4.4785756416343325,0.0179094145798624,147.79299608514958
E01002273,1341.0,1621.8326327825928,805.4739250061199,2.418840615633994,7.256521846901982,0.0,0.0181616317892149,27.81666706307996
E01002274,1665.0,5404.812213017131,1941.1878098403872,3.2461334612715507,55.18426884161636,0.0,0.0141379849893053,68.16880264575245
E01002275,1318.0,3017.495640065603,819.6232466946022,2.289450409761459,0.0,0.0,0.005096570015357,64.10461143475003
E01002276,2074.0,473.877914759052,143.26010248501717,0.0,0.0,0.0,0.0028406652061719,11.652735601830882
E01002277,1621.0,1102.3397181116206,375.3803358406012,0.0,0.0,0.0,0.0071243274499958,34.00184199414176
E01002278,1726.0,7639.245408564607,1845.6346091375672,0.0,0.0,0.0,0.0101465398105498,92.94562774246016
E01002279,1746.0,4885.14686496877,1650.765550018084,0.0,0.0,0.0,0.0055642846857345,44.76652336344409
E01002280,1860.0,12100.596757666155,2355.062379717822,0.0,0.0,0.0,0.0066290671104904,123.60824637496025
E01002281,2463.0,6091.967732195027,1862.4651653848375,4.946786627848175,2.473393313924088,2.473393313924088,0.014062124761162,76.6751926856526
E01002282,1958.0,7117.631644677509,2497.3508375349584,14.540616230188986,54.5273108632087,3.6351540575472474,0.0109268083387008,112.68977571627173
E01002283,1699.0,7610.496898993181,1746.9651504457568,0.0,0.0,4.479397821655787,0.0144210856569332,98.5467520173109
E01002284,2068.0,7420.725236042546,2303.726112930036,0.0,3.5883584313551964,0.0,0.0073565752605492,75.35552701320618
E01002285,1365.0,2945.2627570154173,1620.4339417718522,2.157701653491148,4.315403306982296,0.0,0.0285551189714484,88.46576774000442
E01002286,1618.0,6897.2711520914345,1948.11675927428,0.0,0.0,0.0,0.0114510112224595,63.94256317628096
E01002287,1597.0,7218.89429048991,2716.690963421688,0.0,0.0,0.0,0.0165323816519861,63.28398247100641
E01002288,1598.0,4690.146517182237,1429.3500337094804,0.0,0.0,0.0,0.0168978040938203,73.37525835997506
E01002289,1664.0,6164.309037887617,2748.748381077291,18.522563214806546,25.93158850072916,3.704512642961309,0.0481570080054016,81.49927809633421
E01002290,1492.0,5354.075651920572,1672.2515105864522,0.0,0.0,0.0,0.0582719891641799,68.18192850230801
E01002291,1512.0,4918.4337852006765,1535.3840916764016,0.0,84.57624233810687,3.252932397619495,0.0309613420083509,107.34676905690358
E01002292,1705.0,4950.754969698856,1280.517854332666,0.0,0.0,0.0,0.0694145842233115,104.53206967867608
E01002294,1540.0,1248.8717913920425,453.3242411611374,0.0,0.0,0.8109557086961313,0.0340036858474782,24.3286712462814
E01002295,2002.0,7159.8175670998335,2142.223138208192,0.0,0.0,0.0,0.0154651937399282,96.56097612193636
E01002296,1696.0,418.0051819960252,165.62469475314205,0.9858612782925122,0.7393959587193841,0.0,0.0437045265479415,21.44248278998269
E01002297,1642.0,7744.124105720317,3041.9975932945217,0.0,0.0,0.0,0.0069132421436605,99.04178204774196
E01002298,1605.0,3527.024364375302,2162.362600962802,0.0,2.197522968458132,0.0,0.0144994091279316,76.91330384985655
E01002299,1817.0,5355.538919328114,3024.0962747554463,0.0,0.0,0.0,0.0104713721326744,88.42386762973894
E01002300,2001.0,5996.554003709442,2196.6387229980114,0.0,0.0,2.996778612548447,0.0170882514714497,104.88725137626186
E01002301,1637.0,5995.563103489682,1538.262983180004,0.0,0.0,0.0,0.0023572872785073,58.60049456203172
E01002302,1723.0,5949.276997753365,2486.0588731180637,0.0,3.45285954599731,0.0,0.007724054337468,113.944364949556
E01002303,2154.0,7698.708242259908,1661.9774060588936,0.0,0.0,3.5741449592664383,0.0052763124843004,114.37263862786315
E01002304,1541.0,290.41856254843066,190.34571588183968,0.1884611048335046,0.1884611048335046,0.1884611048335046,0.0064070847217697,10.365360759621812
E01002305,1714.0,618.437233495054,149.73830332581528,0.0,0.0,0.0,0.0013625279674413,12.628531598212303
E01002306,1839.0,10455.56808086217,2012.6542145868448,0.0,0.0,0.0,0.0006969336231155,108.02381371254168
E01002307,1898.0,7845.661644611816,1980.0168217961327,0.0,0.0,0.0,0.0005559057036072,86.80658294957604
E01002308,1855.0,4152.265853809017,919.989900763076,0.0,0.0,0.0,0.0033107641733014,47.0067832224226
E01002309,1787.0,6463.039151573188,1352.6450154943327,0.0,3.616697902391264,0.0,0.0098209415640557,79.56735380498235
E01002310,1875.0,6697.46891253783,3611.275237640398,3.571983420020176,10.715950260060527,0.0,0.0176161012410309,100.01553570052192
E01002311,1894.0,1994.3700373302972,565.4576082610189,0.0,0.0,0.0,0.0032201189965791,27.377835765278963
E01002312,1697.0,1947.487824239392,441.8284103312704,0.0,0.0,1.1476062606007025,0.0026345295413753,39.01861283699626
E01002313,2260.0,5826.489305348092,1405.0604740773051,0.0,0.0,0.0,0.0042110805696891,82.49896356607596
E01002314,1855.0,9741.792092097294,1769.8026603971905,0.0,0.0,0.0,0.0090265569277159,141.79427834416447
E01002315,1727.0,7945.500131752233,2691.440403633501,4.600752826723934,0.0,0.0,0.0063895565649844,55.20903388754636
E01002316,2074.0,8410.993601142487,3228.134477584098,0.0,0.0,0.0,0.0070659857003547,72.99801578090914
E01002317,1546.0,4050.426373484017,1165.8730505823985,0.0,0.0,0.0,0.0095797740081776,62.87854651049019
E01002318,1656.0,5685.284153541715,1857.330149194485,3.433142604795721,10.299427814387164,0.0,0.0007422586046201,48.06399643822056
E01002319,1861.0,4946.307266502981,2870.506097701892,13.2893800819532,37.21026422946896,2.6578760163906403,0.0054542668917283,77.07840442903766
E01002320,1499.0,7405.248577304825,2386.080762400421,0.0,0.0,0.0,0.0067676477449933,64.22163538834013
E01002321,1796.0,3882.357158888152,1776.8917508942432,23.77835676379157,71.33507029137472,2.161668796708325,0.0066654883342919,92.95175820265104
E01002322,1931.0,4447.414259058602,1241.4066730360364,0.0,0.0,0.0,0.0021082139015365,161.2216457520642
E01002323,1725.0,5925.779170866805,1693.5705108622228,0.0,3.4352343019517706,0.0,0.0037488068324541,41.22281159868121
E01002324,1541.0,3303.2805975639694,1082.5157052367324,0.0,0.0,0.0,0.0035623528190841,47.1591000018213
E01002325,2144.0,2853.4941477919683,854.4511394041249,0.0,1.330920777888045,0.0,0.0355870679846919,42.58946486688149
E01002326,1696.0,6148.96890386961,3114.3657360990537,3.625571287658968,14.502285150635872,3.625571287658968,0.0188997021566727,159.52513656133863
E01002327,1556.0,5506.060001084611,1362.360604381475,0.0,0.0,3.538598972419416,0.0039368684754266,70.77197940594102
E01002328,1794.0,6299.339377519314,2047.109730821494,0.0,0.0,0.0,0.0076883303801163,56.18139909680592
E01002329,1737.0,4560.065294308282,1504.2702438909876,2.625253479739944,10.501013918959774,0.0,0.0140800116342098,76.13235086679266
E01002330,1843.0,3827.573573731654,984.411217552254,0.0,2.0768169146672024,0.0,0.0034286063931881,43.61315518190739
E01002331,1663.0,5374.767695556917,1380.051597115336,0.0,0.0,0.0,0.0234110537546701,87.26321569021789
E01002332,1754.0,6276.11390036457,1438.4251926719255,0.0,3.578172121074441,0.0,0.0082351356691319,110.92333568662475
E01002333,1328.0,4860.925731886581,1903.3745335700469,0.0,3.660335641480859,0.0,0.004939878057135,73.20671278568967
E01002334,1732.0,1791.7944806174105,481.0533680641431,1.0345233721809528,0.0,0.0,0.0025633894636511,45.51902834862904
E01002335,1480.0,7146.6794617122505,1844.6159151176212,0.0,0.0,4.828837474129899,0.0050377190204194,115.89209930958909
E01002336,1634.0,6415.835820164312,1861.1420922630869,0.0,7.852920220519354,0.0,0.0046245279110864,133.49964366869432
E01002337,1322.0,1180.643363942548,601.0385657589522,4.465368244865916,3.572294595892733,0.8930736489731832,0.0086213210019897,34.829872289029225
E01002338,1410.0,5771.748665711101,2210.456935804252,4.093438770007873,4.093438770007873,0.0,0.0184658093686948,77.77533658349327
E01002339,1648.0,4134.610458867876,1475.212954984412,0.0,0.0,0.0,0.0036677954501051,55.19504250035172
E01002340,1478.0,6257.75289124028,3243.192635108292,0.0,8.467865888011206,0.0,0.0117172419742645,38.10539647318674
E01002341,1478.0,6022.592097275651,1528.059564599709,0.0,0.0,0.0,0.0043657879127536,122.2447650946813
E01002342,1723.0,9450.152695366887,2166.459846006919,21.938833883614368,82.27062706355389,0.0,0.0026681892682268,148.08712862555342
E01002343,1755.0,3700.192537466736,1191.230076164505,2.1083718162203624,8.43348726488145,0.0,0.0053939671271504,67.46789807855693
E01002344,1968.0,192.1459574153064,257.6591370015211,0.0976351409630622,0.7810811277044976,0.2929054228891866,0.0190520395853706,10.154054654062426
E01002345,1957.0,4395.10954811748,2407.540845979529,40.42512614517866,89.83361365595258,2.2458403413988144,0.0022339798348358,83.0960925819179
E01002346,1553.0,7372.349132932639,1775.4401646598883,4.747166215668151,28.482997294008907,0.0,0.0067259555638071,75.95465940503105
E01002347,1504.0,3314.742774067939,890.3963302682496,2.2039513125451724,4.407902625090345,0.0,0.0120980712676063,52.894831469249766
E01002348,1560.0,566.992225177962,151.1979267141232,0.0,0.0,0.0,0.0502121760359142,14.538262175320606
E01002349,1545.0,2650.6398063171387,699.9747838041376,0.0,0.0,0.0,0.001774754766487,51.46873407237149
E01002350,1723.0,6048.397442884487,3713.989840146133,7.020774745077755,42.12464847046653,3.5103873725388777,0.0046538739191339,108.82200848324791
E01002351,1768.0,9066.341166019236,4374.201931342991,35.89614715052865,117.94448349459412,0.0,0.0032664185133601,71.79229425786372
E01002352,1987.0,6915.5591787320045,3104.5187656914686,0.0,0.0,0.0,0.0061272483269342,87.01005504004269
E01002353,2045.0,4447.284680528886,4151.523938938701,15.222979346553643,28.27124735788534,2.174711335221949,0.0043199285023265,80.46431935493449
E01002354,1388.0,4509.35187771461,1907.0529915118705,6.497625184026816,9.746437776040224,0.0,0.0011378896820095,81.2203147515863
E01002355,1492.0,6553.209608809858,2301.5293800377785,4.392231641293471,26.35338984776082,0.0,0.0015725867872513,316.2406779828356
E01002356,2110.0,5725.346597351648,7079.350366109217,108.5373762531118,165.5194987859955,29.847778469605743,0.0114417040307734,89.54333535506716
E01002358,2109.0,9331.970139506897,3960.2244072350254,22.124158699637015,17.699326959709616,8.849663479854808,0.0019426191234762,137.16978385547742
E01002359,1313.0,5787.052131043319,2472.6094786864446,0.0,0.0,0.0,0.0051699371458746,61.70504934190449
E01002360,1484.0,3854.45860025281,1277.8932825636,2.59734407025122,7.792032210753659,0.0,0.0034391308347398,75.32297799204186
E01002361,1981.0,5429.158555376845,4960.513369627506,35.62799657743513,32.88738145609396,8.22184536402349,0.0088359024291171,106.88398966821492
E01002362,1507.0,4401.100723484477,2552.46319331482,23.363507490295834,20.44306905400885,0.0,0.0123352805439699,73.01096086341786
E01002363,1480.0,5989.067135712569,1671.273464222494,4.046666983589573,28.326668885127017,0.0,0.0034076213470061,89.02667358565378
E01002364,1355.0,5874.288908540638,2137.2874036240105,8.670537134377325,0.0,0.0,0.0044443559822468,47.68795421042128
E01002365,1343.0,5869.510428553404,2080.3328101201937,8.740894160168882,4.370447080084441,0.0,0.0043204156107167,39.334023697101095
E01002366,1548.0,5512.267680610901,2232.6820644334853,0.0,0.0,0.0,0.0088103717990791,46.291653620767214
E01002367,1743.0,4597.945283389455,2118.2731282626114,10.551796404795075,31.655389214385227,7.913847303596307,0.0159019367903923,81.7764220879564
E01002368,2487.0,1899.7361081116628,1552.940694728995,2.291599647903092,25.207596126934007,0.0,0.0104380180139657,59.58159080971428
E01002369,2045.0,4247.387971343262,1119.482697581427,4.153924666350378,18.692660998576702,0.0,0.0059494115863662,33.231397310874186
E01002370,2469.0,999.6410531426392,812.5879277672242,0.0,0.8097537895039604,0.4048768947519802,0.0055226866685358,41.2974432399055
E01002371,1707.0,6041.698667114046,1730.750233285746,10.6180995907101,24.775565711656892,0.0,0.0021720192227659,84.94479667478205
E01002372,1695.0,7738.2959309720145,2246.160234830815,0.0,4.565366330956941,0.0,0.002908362723597,91.30732656446888
E01002373,1701.0,5497.939511092974,2003.9520851720424,0.0,0.0,0.0,0.001674089933483,109.89414654020035
E01002374,1732.0,1787.9304121276768,576.0191512512954,8.258339086040078,10.322923857550098,0.0,0.0017526011858822,39.22711063515645
E01002375,1932.0,7392.603912909041,1920.852569503281,0.0,0.0,0.0,0.0088920358031727,149.22958200332482
E01002376,1455.0,4316.285117736569,1492.15904757491,0.0,0.0,0.0,0.0109427146080367,59.33037958965132
E01002377,1774.0,4057.1031029002847,2636.8883188523278,22.86980328579642,36.59168525727427,2.286980328579642,0.0378570231051971,89.19223276109824
E01002378,1706.0,7067.682413197368,2137.704645492287,0.0,0.0,0.0,0.0176443448414839,78.71393069759019
E01002379,1600.0,4447.534901719114,2240.4457067410035,47.25505833076559,111.18837254297785,5.559418627148893,0.0157589312311149,94.51011660471558
E01002380,2286.0,7536.551072991181,2344.0454124657613,0.0,0.0,3.2968289908097907,0.0052351088518068,79.1238957319945
E01002381,1561.0,4271.839988719016,1302.623853062301,0.0,0.0,0.0,0.0043497578632014,32.83925678017715
E01002382,1815.0,5734.736372886204,2148.55136835406,0.0,3.1596343652265584,0.0,0.0031805344724573,69.51195599315547
E01002383,1666.0,5724.728630212469,2147.632289245374,0.0,0.0,0.0,0.0190699772176147,89.3415031789712
E01002384,1639.0,3396.546714462699,1726.2497944767715,4.144657369692128,6.216986054538193,2.072328684846064,0.0073418814530766,64.24218919164656
E01002385,1575.0,158.50781510089934,98.12388553865196,0.2012797652074912,0.3019196478112368,0.1006398826037456,0.0658879483743766,6.944151895489735
E01002386,2057.0,3772.860722073324,3435.375854372064,71.53211869754965,157.73749251254537,7.336627558723041,0.003221692501817,84.37121687474938
E01002387,1607.0,1186.1076694429391,393.4009880604148,0.0,0.7380881577118475,0.0,0.0009861953808201,11.071322359029216
E01002388,1649.0,4513.3651156801125,1584.741298956207,0.0,0.0,0.0,0.055991554904703,60.21469526102795
E01002389,1593.0,1809.834492820238,740.7483297669775,0.0,0.0,1.1361170701947507,0.0887810643777045,36.35574622440484
E01002390,1488.0,4360.249726811373,1640.9541982623448,11.721101416159604,11.721101416159604,0.0,0.0298407453977254,64.4660577501902
E01002391,1739.0,201.6771052184493,95.329833519014,0.2319460669562384,0.0,0.2319460669562384,0.0064416656056733,7.770193238370639
E01002392,1760.0,3786.9442911675656,580.9516810313879,0.0,0.0,0.0,0.007657601151878,62.39851385112629
E01002393,2130.0,6489.1635197496935,2080.797504220207,0.0,3.0465556430749734,0.0,0.0049517133737619,57.88455718366821
E01002394,1746.0,5929.311654267252,1035.7617723662725,0.0,0.0,0.0,0.0007846426623022,37.35534258751227
E01002395,1386.0,8081.319377299534,1533.4682512480356,0.0,0.0,0.0,0.004201805550719,128.27491067395698
E01002396,1834.0,5319.400339598331,1621.3439421131227,5.800872780368954,8.701309170553431,0.0,0.0296251849651368,101.5152735955775
E01002397,1958.0,10790.171613036486,4667.658506762974,0.0,16.53243863080156,0.0,0.0274298673210339,176.34601195607414
E01002398,1855.0,11538.333960649426,2282.786287632528,0.0,0.0,0.0,0.0006532096744862,55.98113508545087
E01002399,1677.0,9550.642446739255,1799.6440150087092,0.0,0.0,0.0,0.0095767672044267,199.3276597705634
E01002400,1996.0,3296.4351596924166,830.7148724074576,0.0,0.0,0.0,0.0214340151668285,85.87907224501407
E01002401,2337.0,7012.981474532628,2337.660491510876,0.0,0.0,0.0,0.0369418100588313,114.03221902971512
E01002402,1638.0,8135.426454639908,2289.640778747862,0.0,0.0,0.0,0.0119848774715796,74.50024221386943
E01002403,2474.0,12089.056273992626,2218.444441549172,0.0,0.0,0.0,0.0039381672626353,83.0695054708126
E01002404,2025.0,9613.42182522856,1694.8106625217754,0.0,18.989475210328017,0.0,0.0082394376297096,113.93685119362124
E01002405,1959.0,1958.483595198786,1102.709242217591,2.999209181008861,0.0,0.0,0.0210517670826513,36.990246543575765
E01002408,1651.0,8016.615430970721,1845.132564366368,0.0,0.0,0.0,0.0123690067344584,111.6790761971916
E01002409,2009.0,8457.739481173136,1991.294561769484,0.0,0.0,0.0,0.0113225128685013,113.6679770307023
E01002410,1939.0,4789.691323909396,2233.0484563249584,12.350931727461052,51.87391325533642,2.4701863454922104,0.0203468267522384,98.80745376038178
E01002411,2129.0,4419.184154408291,1110.5042379560523,0.0,0.0,0.0,0.0177853566827789,47.74130365915524
E01002412,2323.0,3238.4638890913266,6566.149340344447,1.394086908778014,4.182260726334042,0.0,0.0240677834659155,54.36938940972808
E01002413,1634.0,5261.4300317022935,2366.6775234401384,16.099847098232235,38.63963303575736,0.0,0.0112131965450167,115.91889903773102
E01002414,2696.0,2923.5720759524056,1476.967792079813,3.253233022202232,2.168822014801488,3.253233022202232,0.0194226888216249,78.07759248598933
E01002415,1714.0,6383.961055655663,1776.6332692810684,0.0,0.0,0.0,0.0065107159142726,134.08552967653557
E01002416,1744.0,8423.270626498506,2385.949363239829,0.0,0.0,0.0,0.0062630566269834,169.04499526994812
E01002417,1780.0,5422.579425354906,2528.506136541894,6.092785871185288,6.092785871185288,3.046392935592644,0.0262197078956137,124.90211028440947
E01002418,1777.0,6359.181987721779,1739.2022768895804,0.0,0.0,0.0,0.0014398507034165,82.30792663463197
E01002419,1690.0,5761.734208549713,2543.345396200051,3.4093101825737944,0.0,0.0,0.0147186978014446,105.68861559638376
E01002420,1616.0,5609.69048744891,1648.8879836251438,0.0,0.0,0.0,0.0031769452281822,79.8408917906931
E01002421,1703.0,4942.322151311844,2339.1143006208727,8.70638077154171,8.70638077154171,2.902126923847237,0.0105271528122127,60.94466536414667
E01002422,1564.0,8004.703819174273,2850.7800685933958,15.354291213249883,66.53526192408283,5.118097071083295,0.0085534562433811,76.77145602016145
E01002423,1819.0,2699.82202273159,1176.997726237576,0.0,1.4842342071091752,0.0,0.0065432071086399,46.0112603927572
E01002424,1695.0,4590.822631005231,1121.298270935791,0.0,0.0,0.0,0.0178295690125477,48.75209870708135
E01002425,1693.0,4698.845572942693,1634.7430847390704,0.0,0.0,0.0,0.0138610207439994,69.38637876730884
E01002426,2053.0,9617.883418954569,2234.647048631919,0.0,0.0,0.0,0.0087721446896978,84.32630367137963
E01002427,1597.0,7779.550726962577,1851.1141366598488,0.0,0.0,0.0,0.0196468303327877,77.94164781248209
E01002428,1565.0,2671.018697637014,624.6599637924263,0.0,0.0,0.0,0.0003663847972358,13.653769692182722
E01002429,1573.0,4140.985129524373,868.7381390610574,0.0,0.0,0.0,0.0074018276494001,86.87381385397431
E01002430,1391.0,1514.5961883065588,503.0506391068513,0.0,0.0,0.0,0.0117978100331041,29.399063306780977
E01002431,1339.0,4812.2724182970505,1398.0388130825636,0.0,0.0,0.0,0.0152830498430392,46.721091411714845
E01002432,1503.0,4619.6515577511045,2726.3013517799263,15.368102321194623,9.220861392716774,6.147240928477849,0.0366426052202337,89.1349934094724
E01002433,2497.0,5408.164528247962,1812.828878711872,2.1658648491181265,0.0,0.0,0.0228160282226336,88.8004587605341
E01002434,1329.0,1622.6919051898624,601.9466585843508,2.441974274175865,0.0,0.0,0.030364298348308,26.8617169998088
E01002435,1536.0,4324.912051717868,1782.3368025634184,0.0,0.0,0.0,0.0216560380051394,61.94535487023128
E01002436,1679.0,3665.573641431656,1580.628538651887,0.0,2.1831885892981866,2.1831885892981866,0.0335738718328959,91.6939206954501
E01002437,1418.0,3242.4084626963063,910.0695120967064,0.0,0.0,0.0,0.0110540024869524,70.88481120110599
E01002438,1441.0,389.84832582019385,183.6967475585785,0.2705401289522511,0.0,0.0,0.0073889290326514,11.092145280382155
E01002439,1549.0,2210.612300514234,3102.563680644251,1.427122208208027,2.854244416416054,1.427122208208027,0.0136468694898742,61.36625491609664
E01002440,1584.0,886.8912349419264,247.47848853808804,0.0,0.0,0.0,0.0144974568129421,17.357088552206886
E01002441,1601.0,226.8751835579281,100.75468801354585,0.0,0.0,0.2834168439199601,0.0321877447463625,10.344714796869097
E01002442,1625.0,819.9195197537261,279.52948550373185,1.513697574929956,2.522829291549926,0.5045658583099853,0.0198938169950026,14.12784402419586
E01002443,2041.0,782.6090937950628,553.6930580304119,1.5337757840177615,0.0,0.0,0.0260601018201069,29.908627770396137
E01002444,1894.0,119.80724500258282,2014.4569822345577,3.4790910639609582,11.955422019793112,1.0120992186068245,0.0140409723794995,32.57694357935385
E01002445,1769.0,9313.177693249592,1584.661665160049,10.52931338976777,10.52931338976777,0.0,0.0073116849691146,157.93970075191226
E01002446,1965.0,1003.2719207796092,460.5349987497239,1.0211419041013834,0.5105709520506917,1.0211419041013834,0.0123072455365133,33.187111863368216
E01002447,2073.0,1109.7948134897658,1273.0786620736435,1.6060706418086337,2.141427522411512,0.5353568806028779,0.0069147226593302,50.85890362674432
E01002448,2153.0,2996.1735261477806,929.6070206533756,1.3916272764272088,5.566509105708835,2.7832545528544177,0.0012190366137923,76.53950015754934
E01002449,2146.0,5699.070386025072,2209.5184348428984,10.62268478289855,0.0,2.6556711957246373,0.0051261019419017,79.67013582390395
E01002450,1500.0,6954.11658824515,1886.883634277184,0.0,0.0,0.0,0.0030182408531756,139.08233168135024
E01002451,1504.0,7149.6094468263545,2353.0961942679824,0.0,0.0,0.0,0.0108954201226108,123.59697174589505
E01002452,1538.0,4568.306852133808,2616.825966664425,2.97029054104929,2.97029054104929,0.0,0.0080599781611093,74.25726348171196
E01002453,1784.0,6514.332594144541,1519.0371968408797,0.0,0.0,0.0,0.0045115873340607,175.27352260723214
E01002454,1920.0,1162.9327224358906,306.48122789195867,0.0,0.0,0.0,0.004438721523244,26.65054153980855
E01002455,1982.0,5539.937710766037,1201.9037414880909,0.0,0.0,0.0,0.0107809401174545,106.21474918395468
E01002456,1736.0,5534.311154453648,2799.03524977552,0.0,3.1879672548696125,0.0,0.0132816469191581,114.76682110645288
E01002457,1608.0,7112.493911206013,2220.442750886454,30.962349115946573,39.8087345776456,0.0,0.0123047952292266,84.04066183571345
E01002458,1437.0,1463.5575044716604,459.3350274994564,0.0,0.0,0.0,0.0183612210356396,50.92406066783116
E01002459,1669.0,3299.1679562929107,1191.9702082951617,0.0,0.0,0.0,0.0033702942222192,39.534666918068034
E01002460,1422.0,3748.4302180422224,2498.953478694815,2.6360268762603534,26.360268762603532,7.90808062878106,0.0268486449078104,137.07339748322366
E01002461,1512.0,599.290790796758,296.07818831030306,0.3963563431195489,0.3963563431195489,0.0,0.0145535140316097,17.43967908679264
E01002462,1498.0,3587.8379862165184,967.6145169769516,0.0,0.0,0.0,0.0273347104196486,64.66730678884458
E01002463,1489.0,2416.678268213328,822.8716467321404,0.0,0.0,0.0,0.001916547483554,45.44458795795361
E01002464,1617.0,2053.311396818116,805.0707641203991,0.0,0.0,0.0,0.003347762138506,33.015520275329195
E01002465,1714.0,5718.532980615856,2171.974895204739,0.0,0.0,3.336366966520336,0.011464457233837,143.4637794743835
E01002466,1724.0,7465.336261467151,2308.0186933654245,0.0,0.0,0.0,0.0100991780460428,207.85158952174345
E01002467,1604.0,4370.510943410805,1534.0384421074086,0.0,0.0,0.0,0.0164126618429697,62.66942122074864
E01002468,1714.0,8675.13308290156,2561.036954462188,0.0,0.0,0.0,0.0208333821851004,263.1895682847483
E01002469,1656.0,7091.61025619224,2089.7981914382926,0.0,0.0,0.0,0.0096395724161905,175.57730696227355
E01002470,1834.0,4797.3713551795545,2887.8396816348027,10.46318725230001,13.078984065375012,2.6157968130750024,0.0370713334899381,81.08970115665002
E01002471,1632.0,6118.375583930975,2373.119941561463,0.0,0.0,0.0,0.0078395030357239,56.23506967145119
E01002472,1673.0,3139.699523644494,2199.4786860199324,9.383441493259095,11.260129791910918,1.87668829865182,0.0102271735084732,86.32766168618068
E01002473,1682.0,432.744456556521,160.02797382767898,0.0,0.0,0.0,0.0182952848902461,8.7475098181293
E01002474,1741.0,1881.028176110958,764.9442554201943,8.643437914352479,22.689024525175256,0.0,0.0073547462241623,28.09117320479061
E01002475,1633.0,2174.955096212949,2432.007351919685,0.0,0.0,1.3318769725737594,0.0101245801827197,62.598217673409785
E01002476,1630.0,2598.6070273952378,1071.3275597604909,0.0,0.0,0.0,0.003476568534708,62.1752601273859
E01002477,1354.0,4297.455312131418,1704.3822028172615,0.0,3.173896094631772,0.0,0.0115662253703347,95.21688278184152
E01002478,1599.0,4348.21672085288,2860.740456746235,10.877340139719523,5.4386700698597625,0.0,0.0121010629259754,97.89606119862344
E01002479,1843.0,2358.6819932309804,1107.0319718636997,0.0,0.0,0.0,0.006152170104673,34.554755170405386
E01002480,1859.0,2918.800306958906,1077.082845924588,0.0,0.0,0.0,0.0251647801772987,56.52329800294372
E01002481,1642.0,4455.675915809596,1378.4916962431637,2.7135663311873297,0.0,0.0,0.0136323702137655,84.1205562162671
E01002482,1661.0,2615.53710672876,1078.6531716491272,0.0,0.0,0.0,0.0187556902712822,44.09093253733912
E01002483,1945.0,5396.562694024892,2782.906109052425,61.04081196326356,88.78663558292881,2.7745823619665253,0.021604226908857,74.91372372811877
E01002484,1428.0,6075.140476918068,2008.0296254238992,4.254300053864194,42.543000538641934,0.0,0.0138657407407407,80.83170097497117
E01002485,2031.0,6753.847981844361,2444.1547349362904,29.92842532575049,53.20608946800088,0.0,0.0261735605961069,103.08679828240751
E01002486,2245.0,2190.249691014884,1075.1247926496223,2.926837003583364,0.975612334527788,0.0,0.0123029683082874,73.17092504570444
E01002487,1922.0,9934.025719374376,2026.0864110274483,15.50576334969986,36.180114482633,5.168587783233287,0.0092370992586887,222.24927454571895
E01002488,1767.0,5890.645046480995,1983.5505391376296,0.0,0.0,0.0,0.0093529798250031,80.00876119457004
E01002489,1934.0,7045.612335783789,3205.862903562427,7.286052053550971,14.572104107101945,0.0,0.0225068361794905,112.93380676254942
E01002490,2138.0,6329.827216391745,1770.4568173069522,0.0,0.0,2.96063012927584,0.020644681444057,85.85827369748891
E01002491,1722.0,9114.245579152304,2323.550411874484,0.0,5.292825539577413,0.0,0.0066850931452777,121.73498733725452
E01002492,1702.0,6556.766661106944,1475.4651182161924,3.852389342601025,3.852389342601025,0.0,0.0176352070155261,104.01451218770926
E01002493,2000.0,11397.141497088212,1624.0926633350705,0.0,0.0,0.0,0.0014293106768075,96.8757026671414
E01002494,1800.0,677.3440970555663,363.5079987531539,0.0,0.0,0.0,0.0056209166168976,15.42839331255162
E01002495,1880.0,4171.256882443412,1564.2213309162794,2.218753660874156,4.437507321748311,2.218753660874156,0.0042497631551097,122.03145127482152
E01002496,1960.0,3328.087245129359,3321.2952303433804,1.6980036964945708,22.07404805442942,0.0,0.0023138355034928,110.37024020583144
E01002497,2481.0,3670.0518183262634,2816.5169939916177,11.834105016771504,29.58526254192876,1.4792631270964378,0.0035973524931333,100.58989258217365
E01002498,1414.0,3572.118831235553,2036.1582588230945,2.52625094146786,2.52625094146786,0.0,0.0059902800550067,53.05126973892546
E01002499,2056.0,899.9824056420562,769.9752196130237,0.0,0.0,0.4377346330943852,0.005750841410576,25.826343337064888
E01002501,1742.0,7856.205676661925,2611.218763942167,0.0,0.0,0.0,0.0048151254773595,81.17778535886336
E01002502,2007.0,10631.066797838535,1610.286151740366,0.0,0.0,0.0,0.0016343475673262,90.04889658929153
E01002503,1931.0,10063.688639398828,2512.013425266823,0.0,5.211646110512081,0.0,0.008451284086665,109.44456825496395
E01002505,1783.0,2538.611174263961,3511.057294298894,2.84757282587096,22.78058260696768,0.0,0.007802160632655,51.25631083487929
E01002506,2076.0,7305.949095004852,4765.055430942471,45.750162926330965,116.13502896684014,7.0384866040509175,0.0149754569012547,70.38486599816937
E01002507,1971.0,1795.8667651774465,1294.737023499316,0.0,3.6445799394773135,0.0,0.0034385284653449,33.712364419909015
E01002508,2188.0,6159.341673390043,1596.1365305357197,0.0,0.0,0.0,0.0122336690868748,126.67750234746563
E01002509,1492.0,3291.7318314593485,871.4705585968114,2.206254578726105,0.0,0.0,0.0046308184450573,33.093818660991346
E01002511,1625.0,6580.391711492463,2016.6369675835365,4.0494718224569,28.3463027571983,4.0494718224569,0.0166503897084911,101.23679550045485
E01002512,2057.0,1737.8636155024394,939.4770736211534,0.0,0.8448534834722603,0.0,0.0015269076054629,35.483846284535154
E01002513,1438.0,2548.148044746853,811.5798362267448,0.0,1.772008376040927,1.772008376040927,0.0057151740982746,58.47627637429292
E01002514,1960.0,6844.913232929674,5688.961049205326,31.43072402875871,55.87684271779326,10.476908009586236,0.003026611143375,73.33835602310045
E01002516,1467.0,2508.343245786244,1169.5342741089237,0.0,0.0,0.0,0.0024942063036765,56.42489915562157
E01002518,1319.0,5884.222719046749,1614.926932748236,22.30562061806956,22.30562061806956,0.0,0.0047367801339942,66.91686181401292
E01002519,1981.0,3112.3303868322514,897.0927061490235,0.0,1.5710905536760482,0.0,0.0038068108868544,42.41944492379809
E01002520,2036.0,3958.54419933119,3766.060959776285,1.9442751470192488,11.665650882115491,5.832825441057746,0.0031868361896244,91.3809318549905
E01002521,2056.0,3803.204779696899,4567.175389626285,36.996155444522365,120.23750519469768,9.249038861130591,0.0044830803402816,107.2888507247726
E01002523,1557.0,9259.950023174517,3181.806848040055,0.0,0.0,0.0,0.0041481676029548,89.20953774183508
E01002525,1802.0,3553.083041319639,1356.5600068967324,0.0,0.0,0.0,0.0088897783786775,78.86976779547244
E01002526,2963.0,9960.736672419936,2753.237709993901,0.0,6.7234132112183165,0.0,0.0118232720231521,114.29802452221082
E01002527,1603.0,1836.5393366802805,572.8444593513038,0.0,3.437066756107823,0.0,0.0032516080482528,36.662045376480926
E01002528,1888.0,5435.198259475396,1068.0394884880147,0.0,0.0,0.0,0.0084606436897086,80.60675379976664
E01002529,2534.0,9887.709801081564,3781.053984707197,50.72621444911616,124.86452787474744,7.804032992171716,0.0133417988502401,109.25646182487402
E01002530,1788.0,6682.36302086097,1158.5752441090049,0.0,7.4746789942516445,3.7373394971258223,0.0032988861647777,97.17082686671364
E01002531,1682.0,4868.316142977628,1655.5748119995262,2.8943615594397314,14.471807797198656,0.0,0.0070599684791174,57.88723115392588
E01002533,1457.0,1089.211665989136,385.746890631705,0.0,0.0,0.7475714934722966,0.0240562135294866,21.679573297683188
E01002534,1523.0,3767.538456871295,1142.8777196812464,0.0,0.0,0.0,0.0138261731292578,49.4752259305638
E01002535,2188.0,5312.647452485205,4739.619665105631,63.13017996554631,228.2398814138982,4.856167689657409,0.0248481859775187,104.40760526519855
E01002536,1330.0,3374.9297357276364,1342.359270827007,2.537541154682433,17.762788082777032,0.0,0.0282988838864072,93.8890226669178
E01002537,2483.0,5537.81450264889,2321.733748392064,6.6908753555967255,8.921167140795633,0.0,0.0138628630761529,86.98137957061435
E01002538,1688.0,1638.8167451384995,815.5249205665519,1.9417260013489333,5.8251780040468,2.9125890020234,0.0146755130475129,39.80538300375536
E01002539,1709.0,4593.037250172784,1491.594893999939,0.0,0.0,0.0,0.017826096478525,88.68942607645756
E01002540,1825.0,7975.769893613533,3382.6004918667804,0.0,4.370284873212895,0.0,0.0048397417528623,96.14626715293744
E01002541,2005.0,5240.439392165885,1270.251144435222,0.0,0.0,2.613685482377,0.0026614975450081,99.32004827052316
E01002542,2120.0,11789.403220831227,2302.270251615155,0.0,5.56103925510907,0.0,0.011175887710809,172.39221680476672
E01002543,1923.0,7268.129042922236,1398.443965616863,0.0,0.0,3.779578285450981,0.0050367800892117,98.26903536280106
E01002544,1694.0,2756.0635815716846,968.0388612958398,0.0,1.6269560694047729,0.0,0.0028637395177754,21.15042888957802
E01002545,1494.0,5162.790724165806,1009.0594989668108,6.911366431279526,3.455683215639763,0.0,0.0091946249039714,124.40459568822516
E01002546,1736.0,9152.429443286908,1608.0017167065132,0.0,0.0,0.0,0.0161262355187574,110.71487223134646
E01002547,1716.0,9515.490473330628,1730.089176969205,5.545157618491042,5.545157618491042,0.0,0.0124503147425406,99.81283707302414
E01002548,2120.0,1837.294316959544,1537.4340180595427,1.7332965254335315,31.199337457803573,0.0,0.0132906124243791,42.46576484761752
E01002549,1870.0,3120.4822358587467,1123.0398634935489,0.0,3.337414155998659,0.0,0.0347361387432364,66.74828307992308
E01002550,1845.0,7578.990607274578,1548.6609533563771,0.0,0.0,0.0,0.0010138556036162,61.617809778283736
E01002551,2136.0,6695.877883139427,2260.172262988542,0.0,0.0,0.0,0.0176475963544173,97.1780029273363
E01002552,1747.0,6642.583862163524,2049.4291366377447,3.8022804019253145,22.813682411551888,0.0,0.0098209901800327,98.85929039063328
E01002553,1759.0,9357.593686626917,1904.501728148059,15.959511688391558,21.27934891785541,0.0,0.015366058726641,117.0364189779464
E01002555,2068.0,2915.83060637541,1129.3908683301272,1.4099761152685737,0.0,0.0,0.0144806006104655,47.93918789034332
E01002556,1855.0,9279.727139094364,1740.886816390749,0.0,0.0,5.002548322961922,0.0065389814720762,45.022934879695335
E01002557,2077.0,6213.628800029657,1609.5003824824053,0.0,14.958181993330903,2.9916363986661807,0.0175461169327941,95.73236469984757
E01002558,2198.0,9311.24371523848,2283.330465201793,50.83481555180244,135.55950813813985,0.0,0.0176370956934431,173.68561969787714
E01002559,2576.0,1082.0865527565295,704.4484273962345,0.8401293111463739,0.4200646555731869,0.0,0.0325677785516187,35.705495702293874
E01002560,2011.0,5881.201282902542,1330.654691059501,2.924515804526376,11.698063218105505,0.0,0.0048299928064228,93.5845056887593
E01002561,1714.0,7127.122249729106,1301.5106558723514,0.0,0.0,0.0,0.0009244798697374,41.58181006684392
E01002562,1484.0,1551.3645037018998,538.3778432658211,7.31775709293349,5.22696935209535,1.04539387041907,0.0029688772645267,37.63417931248028
E01002563,1910.0,3786.175177061232,1583.850244226138,1.9822906686184456,1.9822906686184456,0.0,0.0052462544986565,103.07911470629652
E01002564,1895.0,7867.147178400148,3346.132256353836,4.151528854037017,41.51528854037017,4.151528854037017,0.0034024416132135,137.00045210090178
E01002565,2506.0,5530.626923649217,3864.376593499513,6.620862239005448,8.82781631867393,2.2069540796684826,0.0016135765192959,119.17552023059342
E01002567,1826.0,8361.201570130503,3937.9153068522633,4.578971287037516,9.157942574075031,13.736913861112546,0.0030927413091932,73.26354054865128
E01002569,2120.0,10341.418592039512,4702.418642795325,4.878027637754486,4.878027637754486,4.878027637754486,0.0054485243894836,160.9749119491896
E01002570,1620.0,11018.331333881248,9664.84495397855,163.2345382797222,346.87339384440963,13.602878189976847,0.0035799968050031,142.83022090902116
E01002571,1283.0,6434.238265946601,2607.7972706876326,0.0,0.0,0.0,0.0034510778985822,100.2998949660262
E01002572,1545.0,1707.790431871416,706.3288582303138,2.210731950642609,0.0,1.1053659753213048,0.0103516402463898,23.212685467808814
E01002573,1548.0,8558.017715041178,5395.7527712404335,16.585305649304612,38.69904651504409,5.52843521643487,0.0068976208524246,82.92652819676371
E01002574,1733.0,10719.978471182503,5090.907260117255,6.185792539632144,6.185792539632144,0.0,0.0060323072945768,74.22951043093272
E01002575,1619.0,7127.474461336975,4600.500810436775,13.207179360105576,26.41435872021115,4.402393120035192,0.0025212666107822,74.84068299566856
E01002576,1682.0,9162.349095177413,3698.712863035352,0.0,0.0,0.0,0.0047417125044556,141.62965299130633
E01002577,1662.0,4701.952023174238,2073.7249295948955,16.97455604034021,25.461834060510316,0.0,0.005064909089199,56.58185343381143
E01002578,1548.0,3089.4602162016367,1688.4259321101968,7.983101333854358,9.978876667317948,0.0,0.0071794240652882,69.85213662931035
E01002579,1726.0,4247.442066736715,1565.1061149736677,0.0,0.0,0.0,0.0198354543182415,100.89520546456438
E01002580,1451.0,12631.769199705115,4727.11969361811,43.52780565025884,52.23336678031061,0.0,0.000774329762278,87.05561124826282
E01002581,1881.0,10227.382605684194,5399.144565361193,16.311615001091216,16.311615001091216,16.311615001091216,0.0143537755313005,125.05571493338668
E01002582,1662.0,9519.2205072984,3671.372048843727,5.727569498976173,0.0,5.727569498976173,0.0108506605868779,91.64111192866166
E01002583,1809.0,4457.808934050748,1071.9441052029165,0.0,0.0,0.0,0.0052225659810487,98.56957283304084
E01002584,2125.0,6415.728084293335,1705.8288788826983,15.095830786572554,21.134163101201576,3.0191661573145105,0.0078783411737178,163.0349723970882
E01002585,1831.0,8957.984811501681,1541.1060707935717,0.0,0.0,4.892400224741498,0.0067011355932345,132.09480598872366
E01002586,1837.0,4362.379040988865,1800.0453527869136,0.0,2.374730016869279,0.0,0.0088325294872921,90.2397405869077
E01002587,2386.0,10365.648164449642,2246.035247703464,8.688724362489221,0.0,0.0,0.0141438089882511,125.9865031803704
E01002588,2026.0,14667.662397816695,3482.302869373066,0.0,21.719144715424527,0.0,0.0059346499196179,72.39714900791554
E01002589,2507.0,2542.52953182952,2488.77840889894,1.014172130765664,4.056688523062656,1.014172130765664,0.0124351445697951,61.86449993955279
E01002590,2666.0,7490.537087578047,2090.3824430450363,2.809653821297092,22.477230570376737,0.0,0.0180246145507796,53.38342257255342
E01002591,1906.0,5849.77947200038,1356.559562761893,0.0,0.0,0.0,0.000983007239588,89.00503913234266
E01002592,2151.0,1246.04103621653,2249.361851989208,2.3171381426620736,5.792845356655184,0.5792845356655184,0.0187631991409372,42.28777107820535
E01002593,2263.0,5098.692901287341,1669.5233936605916,4.50613601527825,4.50613601527825,0.0,0.0290839967601287,72.09817620125315
E01002594,2311.0,8531.003744028303,2026.6209673178444,3.691477171799352,14.76590868719741,0.0,0.020145845921007,169.80794980086787
E01002595,2259.0,8351.318821345361,1489.854575034166,3.6969096154693935,7.393819230938789,3.6969096154693935,0.0151936856275184,88.72583071805852
E01002596,2143.0,4663.0406075614255,2334.7842146119506,0.0,0.0,0.0,0.0120933952021147,54.39851382131856
E01002598,1927.0,8636.013443222342,3016.1064075187523,35.85267646381875,98.59486027550156,0.0,0.0143604378758158,125.48436754812045
E01002599,1579.0,8664.811792812925,1629.7967716690555,0.0,0.0,0.0,0.0006776419183001,115.23815550350965
E01002600,1655.0,10399.507134416932,1954.227624654783,0.0,0.0,0.0,0.0054773347501142,113.10642193782569
E01002601,1875.0,1200.4435818157858,679.2910081634926,0.6402365769684191,2.5609463078736763,0.0,0.0170687760134537,35.85324828870432
E01002602,1494.0,7068.191673861026,1982.310784034652,9.462103981072325,9.462103981072325,0.0,0.0042295297963468,66.2347278276696
E01002603,1947.0,8764.410831270754,2862.9508416477656,0.0,0.0,0.0,0.004583767348521,126.0418608773224
E01002604,1638.0,5476.654862158718,1069.920363791691,0.0,6.687002273698068,0.0,0.0007840754829498,73.55702496647658
E01002605,2354.0,7193.830094932741,2209.489871978068,9.16800776754385,21.392018124268983,0.0,0.0059968232083612,155.85613195472217
E01002606,1689.0,8231.012319216725,2665.697891421876,0.0,19.493220412591413,0.0,0.0091417797357517,97.4661020044851
E01002607,2447.0,7078.863249539123,3109.839801084821,26.03586810210548,52.07173620421096,0.0,0.0093383397046091,95.46484965038712
E01002608,1898.0,5409.28357337455,1849.644383098041,0.0,5.699982690594888,0.0,0.0208988891122951,131.09960180514233
E01002609,1821.0,8521.855581222222,1867.2270054407836,4.679766930929282,4.679766930929282,0.0,0.0118643742028772,140.39300784373415
E01002610,1762.0,1162.9829465338494,381.5006487494693,0.6600357244800507,1.320071448960101,0.0,0.0207930973212918,54.1229293748906
E01002611,2025.0,2334.9595732669127,1096.5661995934984,2.306132911868556,5.765332279671389,0.0,0.0274495503634049,42.66345884395763
E01002612,2104.0,6405.447333582723,4250.00212817561,30.444141319309523,9.133242395792855,3.044414131930952,0.0227582577087543,100.46566629345782
E01002613,1926.0,8711.917919898639,1890.748541286413,0.0,0.0,0.0,0.0046037354892773,122.129690392396
E01002614,2122.0,3558.000689939882,1993.6205562386992,13.413763204297387,31.85768761020629,1.6767204005371734,0.0225729591767605,85.51274037599961
E01002615,1624.0,1709.1769958400032,1236.627444650249,1.052448889064041,3.157346667192124,1.052448889064041,0.0103465659770385,52.62244442158907
E01002616,1624.0,7084.525956527734,1797.3058461141788,8.724785660748442,26.174356982245325,4.362392830374221,0.026821724954889,143.95896331589242
E01002617,1634.0,3592.627757305544,1044.3685341004489,0.0,2.198670598106208,0.0,0.0105703995884067,72.55612969388827
E01002618,2060.0,8828.10611586875,2035.6069927367264,0.0,4.285488405761529,0.0,0.0019315091051251,89.99525646696634
E01002619,2091.0,8867.340396702415,2328.1539348587403,4.240717549833772,0.0,0.0,0.0054635692142762,106.01793868230804
E01002620,2753.0,9002.547543457456,2838.434895648773,3.270086285309646,16.35043142654823,0.0,0.0031445565070169,78.48207080037476
E01002621,2007.0,7168.021083922384,1746.4685152157676,0.0,0.0,0.0,0.006576493630367,103.57379736386488
E01002622,1920.0,9424.30387800116,1776.8739603314689,0.0,0.0,0.0,0.0062692466473332,142.34625640518115
E01002623,1925.0,9573.008873279996,2958.930015377453,0.0,0.0,0.0,0.0089966885635916,119.3517988680338
E01002624,1776.0,8004.573461776488,1600.0132764249174,0.0,4.507079651901176,0.0,0.0053139926825057,81.12743368547187
E01002625,1712.0,8778.98480976115,1589.652623262825,0.0,0.0,0.0,0.0014345149109528,143.58152717609113
E01002626,1623.0,4583.223242674359,1378.0732855360982,2.8239206670821684,16.94352400249301,2.8239206670821684,0.0008337198868207,81.89369929633187
E01002627,1791.0,14563.333197535734,2569.5216585266844,0.0,0.0,0.0,0.0001119891893102,73.1825788380511
E01002628,2169.0,6188.660594332048,2753.369051881248,2.8532321781152827,8.559696534345848,0.0,0.0015771524647927,79.89050093931107
E01002629,2680.0,4998.623862868116,1257.116598348175,9.325790788933052,5.595474473359831,0.0,0.0021767704844125,72.74116811004598
E01002630,2070.0,8697.06480466179,3226.737086946983,29.41036407373552,33.61184465569774,0.0,0.0033554801053071,151.25330086013176
E01002631,1837.0,8875.81316158899,2072.794690430962,0.0,9.663378510167655,0.0,0.0041526901625538,130.4556098089506
E01002632,1918.0,5214.453090301407,1413.7203373079938,8.15607886908458,8.15607886908458,0.0,0.0043466635833619,89.71686750612761
E01002633,2229.0,2272.2981819319893,1827.82890991658,0.0,0.0,2.038849871630318,0.0070793050026636,41.79642234331357
E01002634,1767.0,7325.798957689873,3275.258164445388,8.291792821380728,20.729482053451814,0.0,0.0054681669375457,120.23099583794684
E01002635,2001.0,3721.7480298934775,909.51263699046,0.0,11.159664257551658,0.0,0.0071932706557598,52.07843317064177
E01002636,2122.0,10276.503655194443,2237.3914649857843,0.0,4.842838668800399,0.0,0.0033087513644323,72.64257998832318
E01002637,1909.0,2752.108101091126,2521.4442476733266,1.44164908386125,5.7665963354450005,0.0,0.0266643326048548,95.14883947771386
E01002638,2212.0,2754.377810250137,641.2769314099551,3.735593775203622,2.490395850135748,0.0,0.0031834479141358,39.84633357826274
E01002639,1782.0,9522.576763202169,2410.0348598227706,0.0,0.0,0.0,0.0063399462255366,122.90643401897208
E01002640,2255.0,10140.96113791815,3408.8020144310235,0.0,0.0,8.994200565781064,0.0061665937031998,76.45070476330878
E01002641,2691.0,13219.502182349532,5511.810274469035,9.824973751281703,4.912486875640852,4.912486875640852,0.0031555780027756,98.24973745375
E01002643,2733.0,8375.41325837954,2831.643560462018,0.0,6.129098615718654,3.064549307859327,0.0052048574340863,64.35553542636333
E01002645,2258.0,8561.216224805636,2760.2149741623134,3.791504085387793,18.957520426938963,3.791504085387793,0.0037736731503549,64.45556941292129
E01002646,2324.0,16385.95627896982,3405.515009785897,0.0,49.35528999689705,0.0,0.0017777549651651,169.2181370307455
E01002647,2216.0,12485.854218886152,2450.9686756387528,0.0,0.0,0.0,0.0043639264769242,95.78498266852168
E01002649,2053.0,10077.552640368223,3117.021883406635,0.0,4.908695879380528,0.0,0.0070824620553563,166.89565979881505
E01002650,2525.0,1481.0130983930524,1217.0701699665678,2.932699204738717,2.932699204738717,0.0,0.0150918829820813,12.90387649310222
E01002651,1909.0,14313.25324054015,3763.883251310192,7.497775401016318,0.0,0.0,0.0018175195382013,89.97330475811239
E01002652,1918.0,9954.290125393713,2652.0553983713176,0.0,5.189932286440934,0.0,0.0098902068305352,83.03891653322505
E01002653,1899.0,8775.268187580365,2116.4153922653013,0.0,0.0,0.0,0.0012773684310598,189.4607664426124
E01002654,1912.0,4570.080435717127,1149.6907372280011,0.0,0.0,0.0,0.0037870250673903,181.65591679181355
E01002655,1868.0,7291.277882186083,2361.468478973544,0.0,0.0,0.0,0.0038163125838223,97.581342047565
E01002656,1418.0,6729.451962519631,1893.5481897357777,0.0,4.745734811367864,0.0,0.0130543475120452,137.6263094468707
E01002657,1931.0,8270.254053966048,2304.1929989817368,8.56577323041538,47.111752767284585,0.0,0.0044791528337887,149.9010314424717
E01002658,1348.0,7655.276658899889,2674.803639719472,17.036965858085807,34.073931716171614,0.0,0.0023324653358481,124.93774955089268
E01002659,1459.0,5142.6933256526345,2090.210515498295,0.0,0.0,0.0,0.0092303156451395,123.3682428306334
E01002660,2088.0,7819.4768401935635,2344.3450679890666,0.0,0.0,3.744960172506496,0.0087945359230211,82.38912374569172
E01002661,2375.0,8636.868117828275,2596.5152994229,32.72918444650715,54.54864074417858,0.0,0.0134665097952399,87.27782513838257
E01002662,2508.0,10032.56861572258,3436.194753152191,20.00113360391264,20.00113360391264,0.0,0.0067625579201639,96.00544124111124
E01002663,2160.0,12360.74391357954,2775.4448139287388,0.0,0.0,0.0,0.0077076380460973,148.78673220383078
E01002665,1743.0,12724.80292004244,2292.362660294508,7.300518026415629,7.300518026415629,7.300518026415629,0.0214497365558015,138.70984241871707
E01002666,1862.0,7114.991015414591,3775.3013551179465,0.0,0.0,0.0,0.0279040814371163,99.35003560129348
E01002667,2193.0,7001.93807579873,3116.2296224257,6.385716439396926,6.385716439396926,12.771432878793853,0.0166178374474384,127.71432871108952
E01002668,2284.0,6747.791457396262,4266.116840840718,2.954374543518503,11.817498174074013,2.954374543518503,0.0241354064141263,103.4031089609109
E01002669,1910.0,6173.207591570918,2301.216651936384,0.0,3.232045859461214,3.232045859461214,0.006073971366927,126.04978844331688
E01002670,1950.0,4401.967765687001,1451.5206529932009,2.257419367018975,13.544516202113847,0.0,0.0160100137598906,76.7522584325972
E01002671,1847.0,7491.566043913573,2243.0081333428293,0.0,0.0,4.056072573856834,0.0135655359824169,97.34574171420158
E01002672,1589.0,6055.195511415441,4614.752526321018,0.0,26.67487009434115,0.0,0.0175706053198941,87.64600168588923
E01002673,1658.0,30390.27380293018,3684.2249905844183,0.0,0.0,0.0,0.0066616136461637,54.988432662317656
E01002674,2088.0,7313.798420342483,2182.23008423054,0.0,0.0,0.0,0.0011700461538079,66.55276336356172
E01002675,2572.0,8445.029993883883,2616.9085945277816,0.0,0.0,0.0,0.0027708534690111,88.65311419053317
E01002676,1649.0,1723.6662334677285,566.5416000846021,0.0,1.0452797049531404,0.0,0.0012939118554951,24.04143319949344
E01002677,2074.0,9059.000060151637,4743.526550301195,69.88621068583713,91.72565152516124,0.0,0.0162417810528058,139.77242128785193
E01002678,2052.0,556.6395035496107,1005.5860817048768,1.3563340729766344,4.069002218929903,0.2712668145953268,0.0018058719915369,16.81854249481608
E01002679,1856.0,4002.433101217316,2922.0349418908745,6.469450055846955,10.782416759744924,0.0,0.0039039952129057,73.32043392220586
E01002680,2078.0,5093.6328543985055,3478.27960557819,7.353656671412664,12.25609445235444,0.0,0.00297143582403,110.30485000509026
E01002681,2435.0,7834.605951387182,14498.042881704576,22.522481174419006,3.2174973106312863,0.0,0.0163057893838489,138.35238427418847
E01002682,2337.0,5376.618844586204,2480.100605247723,13.803899472621833,25.30714903314003,2.300649912103639,0.0130062062651518,117.3331454468494
E01002686,1775.0,1815.018950107236,795.5407003850308,2.0450917747687165,6.13527532430615,0.0,0.0144576718169867,34.76656015021422
E01002687,1673.0,9357.955688109138,4178.357979089974,0.0,16.78055413289146,5.593518044297153,0.0013568655520534,128.65091494161308
E01002689,1559.0,11264.93785361415,4790.669529792292,0.0,0.0,7.225745897122612,0.0047075668875257,180.64364731950053
E01002690,1379.0,7502.939355234034,3193.782017057562,0.0,0.0,0.0,0.0009584888943705,130.58052532085236
E01002691,1629.0,3216.5439736178187,6156.650773321276,15.796409937963505,21.72006366469982,3.949102484490876,0.0027439086458259,65.16019095491126
E01002692,2105.0,6298.593778047375,5287.228126275398,20.945442492319064,44.88309105496942,8.976618210993884,0.0055036132489279,140.6336852211383
E01002693,1790.0,8657.670314249408,8019.2275871650945,125.75387048630424,304.711301562968,14.510061979188952,0.0038096781301709,149.9373070280611
E01002694,1665.0,22765.404702524644,6070.774587339904,54.69166294900815,164.07498884702446,0.0,0.0043418732640605,177.7479044779071
E01002695,1476.0,12511.743365241717,16351.729641972404,245.82693603794695,389.9323813015711,42.3839544893012,0.0026455707788212,161.05902696324912
E01002696,1747.0,11820.91809182163,12490.792671724515,115.02896826615208,230.05793653230415,40.59845938805368,0.0073849550902399,108.26255830310076
E01002697,1966.0,17871.04951967677,7935.618632084343,18.180111413709835,36.36022282741967,36.36022282741967,0.0074023033529637,163.62100262525666
E01002698,2040.0,18727.14742062092,10153.05149372879,9.179974225794568,45.89987112897283,9.179974225794568,0.0053402684388142,156.05956174496413
E01002699,1485.0,16292.495528643352,8063.962433368932,21.942754920731787,87.77101968292715,32.91413238109768,0.0044294553546391,164.57066180682278
E01002700,1376.0,7632.18961734704,3899.294550141693,5.546649431211512,0.0,5.546649431211512,0.0039736800838753,144.21288512500996
E01002701,1470.0,17683.64905801817,39866.40338657975,108.26723913072352,84.2078526572294,24.05938647349411,0.0011621648182254,120.29693229541355
E01002702,2468.0,21202.612847997443,11142.540058287148,77.3190906126325,103.09212081684332,25.77303020421083,0.001457464545418,231.9572716985512
E01002703,2341.0,27259.54104762668,12995.150708736168,93.1552022131625,151.37720359638905,11.644400276645312,0.0024023186297737,128.08840296604492
E01002704,2356.0,7074.55179110953,21256.685963185213,93.08620777775698,90.0834268817003,57.052837025076855,0.0005055723943387,171.15851097237112
E01002706,2038.0,14818.87712534625,10463.377911370586,181.78210408913452,232.68109323409223,21.813852490696146,0.0009359065139392,174.51081982076585
E01002707,1821.0,15407.521056420424,12606.922775434614,84.61021996935983,84.61021996935983,16.922043993871966,0.0088707158016401,245.36963776375973
E01002708,2115.0,6300.871346787023,5609.711936643009,5.958270777103568,8.937406165655352,5.958270777103568,0.0058588367036002,68.52011389555298
E01002709,1687.0,20746.305447329207,6603.892131129689,0.0,12.297750709738713,0.0,0.0041429444064432,110.67975632124708
E01002710,1599.0,11298.586789963798,7666.645820582064,49.46223110052945,105.99049521542024,7.06603301436135,0.0075727494858951,120.12256117216867
E01002711,2029.0,13435.81850402508,16501.754416969194,297.9851319276139,317.8508073894548,92.706485488591,0.0106025414463778,218.5224299491732
E01002712,1378.0,11791.12474710002,5655.974933115466,94.12363731357055,154.02049742220635,25.670082903701054,0.0029784265648226,68.4535543688022
E01002713,2812.0,20188.47252455637,10790.638052776752,14.358799804094147,14.358799804094147,21.538199706141224,0.0082428966938186,107.69099846635967
E01002714,1539.0,13569.099648376518,7952.779650965314,149.88609098271658,282.1385242027606,17.633657762672538,0.0030094193735534,123.43560426444483
E01002715,1685.0,29193.636296219815,8350.93928473469,86.62800087899056,103.95360105478868,17.32560017579811,0.0031427624442569,190.58160181964928
E01002716,2260.0,17371.15814764392,7286.662798215238,23.059059488022903,76.86353162674301,7.686353162674302,0.000354829432668,215.21788842608245
E01002717,1207.0,9864.416177978266,3783.947547973436,0.0,8.17267288979144,0.0,0.000377099152304,81.72672884895114
E01002718,1577.0,15830.20949027284,8452.147362593361,20.07635953110062,40.15271906220124,10.03817976555031,0.0011416816702914,30.11453927856485
E01002719,1491.0,10008.321174685076,5047.791766172486,6.712489050761285,26.84995620304514,26.84995620304514,0.0014401879149614,194.6621823552622
E01002720,2123.0,21090.923667579547,6010.366848273964,49.67245329152036,79.47592526643258,9.934490658304073,0.0003567997026475,208.62430369930175
E01002721,1635.0,13486.181116636812,5848.136031618044,0.0,8.24842881751487,8.24842881751487,0.0001457668924617,123.7264321884538
E01002722,1444.0,16940.120812712175,6651.695637678535,23.462771208742627,0.0,0.0,0.0004541419144169,152.5080127651103
E01002723,1640.0,15863.9787867483,10417.990947151173,48.36578898398872,67.71210457758421,19.34631559359549,0.0033106980096587,193.46315582018903
E01002724,1923.0,7351.758301352412,14195.048659865575,248.49937056053395,160.56882405449886,110.86894994239206,0.0070689044075921,152.9226894841703
E01002725,1362.0,21534.09808627189,9122.741993963937,47.43193411073103,15.81064470357701,0.0,0.0042517979195745,189.72773632851263
E01002726,1709.0,10313.19594718392,20837.60421628208,211.21232191424065,181.0391330693491,42.24246438284813,0.009915005076403,162.93521966453582
E01002727,1514.0,13206.182244528194,8112.11987279473,52.33625724383697,165.7314812721504,26.168128621918484,0.0105165087743727,104.67251442501212
E01002728,1317.0,14418.247587993632,8210.84714578225,43.791184777505336,21.895592388752668,0.0,0.0091512585584178,339.3816818225517
E01002729,1497.0,11289.154530238757,5897.206975715903,15.082370781882108,143.28252242788002,15.082370781882108,0.0013880049389438,173.4472638874473
E01002730,1753.0,12602.107288403373,8360.667870172916,172.5331288771711,424.1439418230456,21.566641109646387,0.0033141476153664,100.6443251179371
E01002732,1807.0,13557.420230900418,5011.818878938284,37.51361436331051,45.01633723597261,0.0,0.004198936281536,120.04356589046026
E01002733,1440.0,16150.646452443176,8591.246654563523,11.215726703085538,22.43145340617108,11.215726703085538,0.0053392952021117,123.37299365980854
E01002734,2366.0,19991.304480292056,8660.645432079187,194.33643408567931,650.6045836781439,16.898820355276463,0.0093354848035368,185.88702379676985
E01002735,2958.0,27590.54929957297,13244.95605320947,233.18584600720897,587.6283319381665,37.30973536115344,0.0099061107476811,158.56637519004073
E01002736,1477.0,19693.98876343482,7186.9058520591525,0.0,13.333777091018836,0.0,0.0009952812897716,133.33777083020144
E01002737,1947.0,25808.033793896637,9106.378642222386,53.02112746563253,132.55281866408131,0.0,0.0044404672927385,132.55281858492324
E01002738,1873.0,7299.123313811081,5023.262120396415,3.897022591463471,0.0,0.0,0.0010743089871841,85.73449696072964
E01002739,1839.0,15338.987362562815,8966.509741574238,41.70469647243832,83.40939294487664,8.340939294487665,0.0008598366741588,83.40939289478978
E01002740,2260.0,10372.27893963314,6994.404028318983,91.79007911179768,82.61107120061791,18.358015822359537,0.0007619227706817,68.84255929257786
E01002741,1533.0,14452.008145062551,4298.836082288665,9.42727211028216,18.85454422056432,0.0,0.0016730800040658,122.55453736028508
E01002742,2000.0,18479.33698579668,9544.577553163985,101.63635342188172,147.83469588637342,9.23966849289834,0.0027290626015034,120.11569033539928
E01002743,1525.0,15924.654731757128,7696.046253970494,0.0,0.0,10.44239654541451,0.0001996673168233,114.86636193092536
E01002744,1313.0,13438.82516013966,7266.996088118171,40.94082303165168,92.11685182121626,10.23520575791292,0.0002855148447229,112.5872632696184
E01002745,1412.0,12861.745278552076,7788.096468245059,45.54442379090678,72.87107806545085,9.108884758181356,0.000281851013275,81.97996277437312
E01002747,1556.0,14939.97921983118,10014.394811236452,163.22599404699872,268.8428137244685,19.203058123176323,0.0028334022079225,105.616819614165
E01002748,1654.0,11440.859748768824,3887.402163729189,69.17085700585746,62.25377130527171,13.83417140117149,0.0109098338800564,48.419599875054274
E01002749,1524.0,18268.44435910166,8498.902264175249,23.97433642926727,35.96150464390091,23.97433642926727,0.000420926712146,167.82035490434478
E01002751,1837.0,24159.11164220348,6930.784885923372,65.75697235221415,52.60557788177132,26.30278894088566,0.0037908662083791,144.66533908818215
E01002752,1621.0,18181.789516605197,7941.213434766488,22.43280631289968,33.64920946934952,0.0,0.0001599154130189,201.8952566955165
E01002753,1447.0,17758.868086379487,7744.191957502044,0.0,0.0,0.0,0.0013141407857152,85.91021183834198
E01002754,1549.0,12642.990910514654,4440.146581872157,0.0,0.0,0.0,0.0123754267041251,155.0786489059197
E01002755,1319.0,13105.79949615535,4481.209683674044,0.0,0.0,0.0,0.0055055985201802,129.17012384212015
E01002756,1314.0,11410.63409440774,4463.520490506528,0.0,8.683892004876515,0.0,0.0245338446886311,147.62616399443016
E01002757,1449.0,16428.275237779428,6723.234793653003,34.01299221072345,68.0259844214469,0.0,0.0176660570818283,136.05196876133414
E01002758,1736.0,14656.792416414122,4474.711970449012,42.214263872160494,151.97134993977778,0.0,0.0221863522392589,118.19993877113136
E01002759,1504.0,13926.911223032745,6018.944345060694,9.259914377016452,46.29957188508226,0.0,0.0038820070295277,148.15862994298905
E01002760,1736.0,19044.83940717366,5507.2058654384655,21.94105922485444,10.97052961242722,0.0,0.0048002846963758,87.76423684678316
E01002762,1872.0,11483.258466687505,6440.930229712543,12.268438532785796,18.40265779917869,0.0,0.0014507946956422,134.952823779484
E01002763,1302.0,13281.97744927799,5957.507550213784,71.40848091009673,122.41453870302296,20.402423117170493,0.0020950571960688,153.0181732864668
E01002764,1816.0,13933.895597967905,5478.414899201037,7.672849998881004,30.691399995524016,0.0,0.0041761871760877,161.1298498797533
E01002765,2857.0,16432.158320442348,7718.570691646352,28.757714946521432,74.77005886095573,5.751542989304287,0.0014536443709387,92.02468777375124
E01002766,2180.0,15498.571633798332,5858.175700114599,21.328309587795868,92.42267488044877,0.0,0.0024237977582258,156.40760355010454
E01002767,2151.0,18613.564792023484,5884.344053266373,0.0,17.30689427431286,0.0,0.0032985411632814,121.14825984746837
E01002768,1611.0,15470.63727080822,6155.6042772117125,9.603126797522172,28.80938039256652,28.80938039256652,0.0021348614193528,134.44377508444057
E01002769,1858.0,8678.28146224982,4105.602478642407,4.670765049650065,9.34153009930013,4.670765049650065,0.0002983169897492,42.03688542161739
E01002770,1846.0,8729.010479264562,22423.05942181612,132.40102568765317,274.2592674958529,33.100256421913286,0.0094899682746132,160.77267395276195
E01002771,1544.0,12631.533478328143,5677.645229248531,49.08626999350315,163.62089997834383,8.181044998917193,0.0044561318869347,130.89671990404736
E01002772,1886.0,17795.215961067443,9661.877594980411,160.40226476041704,292.49824750428985,9.43542733884806,0.0138466310946425,188.7085466636849
E01002773,1645.0,17362.99899319878,6005.803299167238,10.555014585531174,0.0,0.0,0.003534776633529,94.99513121273428
E01002774,2139.0,12063.90408066906,6959.727739853024,22.559895429021147,78.95963400157402,5.639973857255287,0.0091723798702964,56.39973853867546
E01002775,1408.0,11851.494855256298,6060.423505528788,16.834509737579967,25.251764606369957,16.834509737579967,0.0048978804343695,58.92078404625052
E01002776,1859.0,16436.632705424894,6746.181148057663,70.73322304647614,114.94148745052374,8.841652880809518,0.0013324753367336,132.62479313239632
E01002777,1678.0,14191.188827825305,6858.792693305317,0.0,33.82881722961932,16.91440861480966,0.003735236648828,118.40086023248166
E01002778,1940.0,19058.95228649724,5580.146855015688,9.82420220953466,19.648404419069323,0.0,0.0001254391674083,98.24202203620204
E01002779,1753.0,15703.604442343089,8340.020385522768,134.37197183978682,286.6602065915452,26.874394367957365,0.0029126160191456,143.33010320999372
E01002780,1699.0,21411.918592576545,8305.152650092963,37.80797868024111,37.80797868024111,12.602659560080369,0.0016645238951608,88.21861686765367
E01002781,1740.0,19364.06402478468,8535.76845230451,0.0,0.0,0.0,0.0046567770774695,77.90140694942842
E01002782,1432.0,16113.405564311612,5221.103478938959,11.252378187368445,11.252378187368445,11.252378187368445,0.0009954368701317,168.78567270938944
E01002783,1701.0,17647.268262784004,5768.301677900004,41.49857322230218,41.49857322230218,0.0,0.0014066182401424,82.99714639474563
E01002784,1755.0,13667.953242431624,5622.941447883552,0.0,0.0,0.0,0.0003905869591418,124.60812065365238
E01002785,1861.0,13008.198244820776,6556.523349619499,13.979793922429636,13.979793922429636,6.989896961214818,0.008112208055723,104.84845435538456
E01002786,1941.0,17940.12163200069,6876.58448954586,36.97088435239709,157.12625849768764,0.0,0.002873504680127,64.699047578021
E01002787,1472.0,13353.682569020548,4163.954007595402,0.0,9.071795223519391,0.0,0.0005942865438767,81.64615696261416
E01002788,1822.0,14542.169027723252,6297.34981496907,15.962863916271408,55.87002370694992,0.0,0.0013220464760848,111.74004734712308
E01002789,1849.0,13711.195826120673,6036.188968340848,0.0,0.0,0.0,0.0008432665301403,140.89384561410665
E01002790,1412.0,18075.80211448296,9127.511974239624,76.80935742698142,64.00779785581786,51.20623828465428,0.0119246991649948,243.2296317059382
E01002791,1861.0,12901.03255738258,8748.577693399686,69.32311959904663,201.03704683723527,27.729247839618655,0.0076196379212404,235.6986064954522
E01002792,1845.0,17436.022181804725,11983.130691885306,132.305859374128,330.76464843532,28.351255580170285,0.0066316358240849,236.2604630258268
E01002793,1845.0,17575.419175179813,9011.5699402277,47.62986226335993,238.14931131679967,0.0,0.0009203545038786,133.36361425737203
E01002794,2040.0,11157.824571178018,15763.161967713258,377.3970075545506,486.78744452688414,76.57330588063346,0.0126008527499044,169.55517720543733
E01002795,1935.0,10936.825288357531,10993.346349279276,214.78003150262853,203.4758193182797,39.564742645221045,0.0059132082971254,101.73790959819966
E01002796,1109.0,14342.66512686922,8742.68857147303,12.93297125957549,12.93297125957549,12.93297125957549,0.0042167056157052,129.32971251799285
E01002797,1824.0,17023.687548457136,9239.830412813904,74.66529626516287,233.329050828634,9.333162033145358,0.0016540184770818,167.9969164960332
E01002798,1977.0,14186.543047030367,7807.262941410744,7.175793144678993,28.70317257871597,21.52737943403698,0.0004390820446833,200.9222079304098
E01002799,1908.0,22464.61955986609,8029.806362593644,58.86954811285663,188.3825539611412,35.32172886771398,0.0011600366057549,200.15646346350124
E01002800,1769.0,20574.933573972277,9769.894970116851,11.630827345377204,11.630827345377204,0.0,0.0003870755133157,151.20075539858837
E01002801,1460.0,13945.910038231048,9485.129224632488,76.41594541496465,210.1438498911528,47.75996588435291,0.0022809198103732,219.69584293605
E01002802,1852.0,17036.180534048442,9070.018362079789,27.596404752778252,9.198801584259416,45.99400792129709,0.0001382427383391,119.5844205236675
E01002804,1539.0,14288.75538045794,6851.917784781001,46.42220721396342,148.55106308468294,18.568882885585367,0.0047815769277376,148.55106299542012
E01002805,1433.0,11163.016548565727,10150.321397614198,194.74906749067915,350.5483214832225,54.52973889739016,0.0218296495441477,148.0092912036725
E01002806,1646.0,14802.979703827368,6700.012077370225,0.0,17.986609603678456,0.0,0.0025322234685243,89.93304796440572
E01002807,1705.0,18738.46356396629,6748.044943269972,21.980602421074824,87.9224096842993,0.0,0.0044711196821711,186.83512046695424
E01002808,1913.0,14505.452184139496,6111.549639527671,53.07797453684081,106.15594907368164,7.582567790977259,0.001532144754708,106.15594900996648
E01002809,1698.0,18760.087091332105,7170.374865886063,77.3384037922996,143.62846418569927,0.0,0.0062939314645598,88.38674713793743
E01002810,1748.0,21076.37230474774,8006.127694709668,48.22968490788956,180.8613184045859,24.11484245394478,0.0080578578175469,132.63163341721437
E01002811,1743.0,16994.156587297202,5684.218755246281,0.0,9.749946406940447,0.0,0.0092904338640898,126.749303213882
E01002812,1500.0,16599.39492432137,18989.707793423644,11.06626328288091,0.0,0.0,0.0024444432270152,177.06021241985545
E01002813,1484.0,13528.606429249114,9563.010878896444,63.81418127004299,191.44254381012897,18.23262322001228,0.0028608831094481,227.9077901132827
E01002814,2231.0,15364.064122559574,9785.896511948524,48.20638675836711,61.979640117900566,6.88662667976673,0.004202860642238,165.27904021539666
E01002815,1162.0,18063.521122400423,7446.150273347506,0.0,0.0,0.0,0.0027744616528062,186.5423866941712
E01002816,1056.0,17731.817641919857,11518.96486965627,100.74896387454464,285.45539764454315,0.0,0.004419390360152,218.28942159723232
E01002817,1346.0,8517.325079404149,8770.440237781686,63.278789594384456,177.18061086427647,18.983636878315338,0.0042823909725394,177.1806107579361
E01002818,1385.0,7379.645979386268,18425.13775936297,106.56528490088472,580.7808027098217,5.328264245044236,0.0039211396471223,207.80230543236308
E01002819,1088.0,5020.93128610197,28099.67886128207,143.05962304150833,286.11924608301666,4.614826549726075,0.0058124058061288,189.2078884250649
E01002821,1080.0,5713.920973282514,8544.4281220845,259.2427108248548,449.7067432676053,21.16267027141672,0.0055346505074922,158.72002694031056
E01002823,1224.0,14816.796471545096,6597.34810211771,12.10522587544534,181.5783881316801,0.0,0.0029552639279988,326.8410984411049
E01002824,1229.0,8147.468079340167,4249.411748459762,6.629347501497287,39.77608500898373,0.0,0.0046408541239805,79.55216997005067
E01002825,1785.0,9305.505181902288,8705.990842452002,10.42633633826587,57.34484986046228,10.42633633826587,0.0026756882228739,135.54237231615778
E01002826,1256.0,5646.946149186107,9081.871991525426,116.89538206913916,346.190169973989,17.983904933713713,0.0129145092765749,139.3752631526186
E01002827,1715.0,6778.80427946907,6620.698057207401,79.05311113083464,201.58543338362836,27.668588895792123,0.0078705934734948,83.00576663758116
E01002828,1189.0,12240.577808630693,7525.536062328877,102.94850974458107,123.5382116934973,20.58970194891622,0.007241116389409,195.6021683973076
E01002829,1391.0,24424.12938645973,11764.3182522847,158.02815562770493,403.84973104857926,52.67605187590164,0.0020493132667124,263.3802592212422
E01002830,1724.0,22972.179597233368,9167.551950636052,133.24930160808216,213.19888257293147,13.324930160808217,0.0026208464557645,133.24930152788093
E01002831,1718.0,15360.636801380597,11828.942076965384,214.58398325560788,536.4599581390197,35.76399720926798,0.0042030754087822,116.23299086029536
E01002832,1632.0,21419.374675864765,13150.86606937285,65.62308417850724,787.4770101420869,26.24923367140289,0.0007474840303724,209.99386924530504
E01002833,1210.0,16676.220843791332,13809.564698742905,330.768016736357,647.7540327753658,27.56400139469642,0.003722438402865,124.0380062014428
E01002834,1243.0,20338.988328751155,9261.357517355716,0.0,0.0,0.0,0.0002299838104948,179.99104704897937
E01002835,1411.0,9425.832146752877,11944.286235573452,173.68648888417772,100.2037435870256,26.720998289873496,0.0036404261039671,213.76798619081583
E01002836,1310.0,17759.522776783586,10696.384328917748,54.22755046346133,67.78443807932666,27.113775231730667,0.0005928455207562,149.12576368491926
E01002837,1045.0,16436.46976703884,9563.036955368054,15.728679202907983,15.728679202907983,0.0,0.0004983158249279,204.47282951542317
E01002839,1537.0,24083.782085196253,11516.968010812783,15.669344232398345,47.00803269719504,0.0,0.0040545614946741,141.02409800694022
E01002840,1047.0,11595.543307976974,4983.757868758012,44.30006994451566,177.20027977806265,0.0,0.0123455728035783,221.50034958984455
E01002841,1218.0,10776.479222046775,9741.300183475782,26.54305227105117,123.86757726490548,17.695368180700783,0.0077000154000625,132.71526127563806
E01002842,1015.0,60053.082506507686,10827.304530729958,0.0,0.0,0.0,0.0,59.165598493272654
E01002843,1295.0,19148.412335321696,8413.472292508142,0.0,369.6604697938551,29.57283758350841,0.0138689465274735,207.00986296057363
E01002844,1147.0,9289.35778678933,5968.837566576927,80.98829805396102,153.87776630252594,8.098829805396102,0.0039766766825356,178.1742556114452
E01002845,1169.0,16510.477673170335,7174.784138554775,0.0,338.9661797742413,28.24718164785344,0.0071226382094789,127.11231733911796
E01002846,1289.0,12466.442108774962,5483.68710292894,9.6714058252715,96.714058252715,0.0,0.0001375911197837,48.35702909738784
E01002847,1393.0,19354.15998769428,11434.654465091451,0.0,27.7877386757994,0.0,0.0002711109912904,111.15095463657696
E01002848,1252.0,15379.601653717053,6522.818273261785,0.0,0.0,0.0,0.0023305898332112,147.40832247080942
E01002849,1541.0,23770.553100942783,11383.950803696154,123.40326074467376,262.23192908243175,46.27622277925266,0.0002750356188544,154.2540758382858
E01002850,1405.0,18548.538547694432,14495.58386147223,356.44878347882536,567.6776922070181,52.8072271820482,0.0012886821677649,198.02710181410347
E01002851,1335.0,22518.177653723807,10390.410063441095,168.67548804287495,168.67548804287495,16.867548804287495,0.0023230015626753,202.41058553049376
E01002852,2216.0,4316.541878355082,3436.0920006400565,11.687387757279105,21.42687755501169,3.8957959190930342,0.0031324731316344,93.49910200208768
E01002853,1428.0,22397.07828749325,7465.692762497751,0.0,125.47382794113868,15.684228492642331,0.0007540041246501,141.15805634904547
E01002854,1103.0,8397.959435238716,4004.829250168236,30.454975286450463,121.81990114580186,0.0,0.0019317564919182,68.52369435332957
E01002855,1592.0,15070.659196891183,7724.659487853773,189.32988940818072,473.32472352045176,0.0,0.000686087771254,113.59793357670426
E01002856,1433.0,18816.887687581107,8154.422368449314,144.4422641754307,288.8845283508614,13.131114925039151,0.000924145942978,91.91780441976304
E01002857,1376.0,22646.489080527765,6188.2848068884,16.458204273639364,32.91640854727873,0.0,0.0001727046315377,148.12383837431523
E01002858,1323.0,22987.72083867341,16159.168843511916,34.750900738735304,191.12995406304415,34.750900738735304,0.0010733748121401,156.37905323022565
E01002859,1249.0,9721.767143317858,18805.275755208924,93.40368752587214,474.8020782565167,15.567281254312023,0.001021366156442,249.076499919458
E01002860,1144.0,10586.714513427867,8634.09496593374,83.28708970354091,351.6566009705061,37.016484312684845,0.0003177531456505,185.08242145215485
E01002861,1256.0,14399.28493730394,10444.067339079533,57.32199417716537,447.1115545818899,11.464398835433077,0.0017732857351437,263.68117305667187
E01002862,1089.0,24820.659682144345,14450.227950853548,91.16863060475426,524.2196259773369,0.0,0.0029377383263368,319.09020692507795
E01002863,1117.0,8911.709989156267,7858.580429112732,31.913016971016173,71.80428818478639,0.0,0.001170493893918,151.58683052124414
E01002864,1480.0,4962.673893697428,2320.385361107176,16.765790181410228,20.118948217692274,0.0,0.0023231343806053,127.4200053023596
E01002865,1449.0,11103.775074491254,7762.680573126046,91.9567293953727,245.2179450543272,0.0,0.012639712193946,168.58733712361865
E01002866,1833.0,11767.061076119127,4808.253543924292,25.67825657636471,32.097820720455886,6.4195641440911775,0.0037006463565762,57.77607726210832
E01002867,1680.0,16064.366048012596,8204.301231663576,9.562122647626545,66.9348585333858,9.562122647626545,0.0014245334376984,133.86971698661446
E01002868,1355.0,5463.15670630798,2870.6771770415367,0.0,0.0,0.0,0.0019405982726195,52.414049549405135
E01002869,1740.0,17161.874870745614,9044.505319812486,0.0,0.0,0.0,0.0087736669493671,138.08405060113395
E01002870,1593.0,12517.229199244755,7189.74558525358,23.5729363450937,39.28822724182284,7.857645448364567,0.0009319170042925,165.01055431661558
E01002871,1463.0,11210.647612200008,8130.2099224499025,91.95336387313743,252.871750651128,15.325560645522907,0.0088157500241425,237.54618986308105
E01002872,1349.0,13878.188048474169,4362.010179802111,0.0,20.57551971604769,0.0,0.0002879350018713,133.74087807437945
E01002873,1361.0,10490.60995136502,5310.823112777736,0.0,30.8320645154005,7.708016128850125,0.0023864093459754,146.45230636038906
E01002874,1134.0,13723.455014918718,6292.942334883363,0.0,12.101812182468006,0.0,0.0035395323610943,96.81449740176622
E01002875,1260.0,7925.842304572619,4113.889577135312,6.290351035375094,44.03245724762566,0.0,0.0016912237354867,169.83947785303582
E01002876,1831.0,14353.883049223665,5871.686730676419,15.678736263488435,86.2330494491864,0.0,0.0010167621527534,94.07241752442002
E01002877,2186.0,12994.2770022818,4850.562687036572,5.944317018427172,47.55453614741737,0.0,0.0005242505368097,136.71929134192175
E01002878,1447.0,11989.432283843158,6719.7163664110585,16.571433702616666,49.71430110785,0.0,0.0017043693315354,74.57145161690245
E01002879,1946.0,22901.9093568003,6272.722346955067,11.768709844193372,47.07483937677349,0.0,0.0026244027468534,129.4558082080964
E01002880,1144.0,17739.747859504732,8156.562389947107,0.0,31.01354520892436,15.50677260446218,0.0012033717006146,124.05418076116024
E01002881,1361.0,23200.2366504397,7125.421689848489,0.0,0.0,0.0,0.0003759859654761,221.60402371382173
E01002882,1046.0,8849.424882051228,5101.5326996911,25.38075969995572,296.1088631661501,8.460253233318573,0.0032508242032824,76.14227905403351
E01002883,1479.0,12834.854703717703,9814.888891078244,112.81481483997982,277.6980057599503,26.034188039995342,0.006137335767417,190.91737884555025
E01002884,1384.0,17994.477251689503,11623.600190036428,156.02147906089166,312.04295812178333,13.00178992174097,0.0107981150087107,169.023268881607
E01002885,1317.0,24847.981983761285,15433.294808440947,56.60132570332867,188.67108567776225,18.86710856777622,0.0119585375223748,132.06975989534286
E01002886,1319.0,10702.588547393552,8714.61720993228,48.68501234599038,446.2792798382452,8.11416872433173,0.0058000516052807,154.16920566983728
E01002887,1044.0,14149.881442686052,9365.486663693546,121.98173657487976,54.214105144391006,13.553526286097751,0.0017910854035459,189.7493678915013
E01002888,1562.0,18752.499753052783,13278.01839108603,84.03809108282297,96.0435326660834,12.005441583260426,0.0021095476276565,132.05985733672483
E01002889,1558.0,13458.266194135784,20869.814586028275,259.14504866756965,250.50688037865064,43.19084144459495,0.0080888540704136,164.1251973912092
E01002890,1398.0,8906.360389466736,5880.236508925464,50.96629693543197,152.8988908062959,6.370787116928996,0.0006512174593834,152.8988907145059
E01002891,1183.0,11942.18653217743,8116.245115697931,40.37932893382055,10.094832233455138,10.094832233455138,0.0049469107326291,151.42248341093037
E01002892,1290.0,17135.410917935536,11755.688885560428,106.26611421975528,159.3991713296329,13.28326427746941,0.0013309372614599,159.3991712340935
E01002893,1576.0,15572.839401334517,6768.651643346537,9.881243274958448,9.881243274958448,9.881243274958448,0.0040444175000051,108.69367595934855
E01002894,1319.0,13367.735465777385,7976.048378746626,91.21275147232484,91.21275147232484,10.134750163591647,0.0053343115053695,162.15600252026084
E01002896,1586.0,13745.037155209877,9091.13743746227,51.99887952790621,51.99887952790621,0.0,0.0005433069973588,103.997758993527
E01002897,1492.0,10438.41201046992,5198.21724113884,6.99625469870638,76.95880168577018,13.99250939741276,0.0023052468171881,55.970037556022575
E01002898,1667.0,12967.5008757722,6596.545136565582,23.33683420954805,15.557889473032033,7.778944736516016,0.0002670552329658,108.90522624586109
E01002899,1250.0,17583.19460805125,11984.705444847732,84.399334118646,365.730447847466,14.066555686441,0.000441133136149,239.1314465258153
E01002900,1690.0,12900.436059623,7228.824229859751,15.266788236240236,0.0,7.633394118120118,0.0042671836892344,213.73503517914563
E01002901,1041.0,3203.244670457594,2215.5006366277307,3.077084217538515,6.15416843507703,0.0,0.004811524117864,113.85211598052756
E01002902,1226.0,8829.376466640137,13143.239846344411,108.02662887406366,532.9313691120474,7.201775258270911,0.001136831640474,151.23728033272337
E01002903,1276.0,11616.278648518904,8739.519986346511,63.725666567109975,236.69533296355132,27.310999957332847,0.0003222423175937,227.59166617487097
E01002904,1295.0,12979.552107239351,2245.111715846807,0.0,10.022820160030388,0.0,0.000140189487033,80.18256123204891
E01002905,1672.0,10075.766661347652,5477.794195672856,6.0261762328634285,12.052352465726855,0.0,0.0028438423031265,126.54970081455706
E01002906,1751.0,9085.691818755931,10175.352173946534,10.377717668481932,25.94429417120483,0.0,0.0014250096172737,114.1548942849366
E01002907,1285.0,25098.20744535052,4336.032725967171,19.531678945798067,19.531678945798067,0.0,7.542114387962285e-05,78.12671573613436
E01002908,1393.0,14273.308331764309,5461.359182218504,30.7393574984156,92.2180724952468,0.0,0.0010992081318705,184.43614488004985
E01002909,2134.0,21417.14344700621,8841.847880418216,0.0,10.036149694004784,0.0,0.0018563370256582,120.43379625620028
E01002910,1369.0,9724.197074216394,8431.42580503642,14.206277683296411,106.54708262472307,14.206277683296411,0.0005212083926458,177.578470934562
E01002911,1285.0,10559.973373186294,8760.258066783337,139.70392789429337,345.15088068001893,8.217878111429023,0.0007770152346971,147.92180591710192
E01002912,1481.0,13181.628144228189,55547.96843222695,142.40786651428158,169.10934148570936,8.900491657142599,0.0013146017561277,240.3132745984678
E01002913,1761.0,16218.44584393043,7524.401053089814,27.62937963190874,147.35669137017996,9.209793210636247,0.0058920524869703,119.7273116664367
E01002914,1194.0,6710.016296215193,30318.70847410466,56.19779142558788,207.93182827467515,16.859337427676365,0.0007354973141614,202.31204901045052
E01002915,1394.0,4759.697982404024,1317.9651515121616,0.0,0.0,0.0,0.0200073317445736,75.1171847560722
E01002916,1478.0,3360.1182838547984,1216.2809755496055,2.27342238420487,2.27342238420487,0.0,0.0213026202886217,45.46844765681171
E01002917,1429.0,5081.85582192142,1852.7969791609933,0.0,0.0,0.0,0.001615386941416,39.11855423903869
E01002918,1791.0,4134.256987096879,1041.066388152257,0.0,0.0,0.0,0.0021471618088282,96.95075005807128
E01002919,1990.0,2575.4849677532243,1155.732701609864,1.294213551634786,5.1768542065391445,1.294213551634786,0.0211881631787315,68.59331819548876
E01002920,1593.0,3439.091349199727,1174.429186418488,6.476631542749015,19.429894628247045,0.0,0.0036556916139501,38.85978923316152
E01002921,1727.0,10002.498967472076,4656.635303907092,17.37550486532497,23.16733982043329,5.791834955108323,0.0177716982944925,144.79587379093363
E01002922,1640.0,5161.01834656584,1916.5001055235343,0.0,0.0,0.0,0.0011717550809136,72.38013530471973
E01002923,1672.0,14253.31875657404,4680.066984066476,17.049424349968945,25.574136524953417,8.524712174984472,0.0054342501458265,85.2471216985913
E01002924,1546.0,4855.811976932459,1790.3058388431446,0.0,0.0,0.0,0.0008154569844815,34.54976178149651
E01002925,1571.0,6800.541126461204,4566.88153304683,25.972785969934577,38.959178954901866,4.328797661655763,0.0253565650753209,95.23354849929238
E01002926,1604.0,5559.2083069962,2034.448426562824,3.4658405903966334,55.45344944634613,3.4658405903966334,0.002379090876857,79.7143335313121
E01002927,1681.0,7665.071923535607,2868.132206962461,4.559828627921242,27.35897176752745,0.0,0.0200921937883963,50.15811487697702
E01002928,1946.0,7609.668584595977,3660.148918387377,3.9104155110976246,23.462493066585747,0.0,0.0305112679778797,97.76038771859712
E01002929,1696.0,2806.4881794809,1279.13641670916,9.928613842503184,18.20245871125584,0.0,0.005139678334068,33.09537945512832
E01002930,1967.0,7340.069161263396,5586.214303208594,126.8746067529006,186.58030404838323,7.4632121619353295,0.0089510798114232,89.55854588955283
E01002931,2013.0,6592.252782567923,2826.186861081032,6.549679863455462,3.274839931727731,0.0,0.0076134652568247,68.77163852501276
E01002932,2046.0,8828.28250302265,3197.3398508014584,38.83408725669788,56.09368159300804,0.0,0.0086978335638052,56.09368155934029
E01002933,2039.0,12356.733579987836,4236.07492516503,0.0,0.0,6.060193025987167,0.0011122540544942,103.02328138007104
E01002934,1899.0,9213.998164962308,3901.029238878196,9.70405283303034,9.70405283303034,0.0,0.0015220597039298,72.78039620396244
E01002935,1900.0,9868.452937617663,4799.184481241433,25.969612993730696,51.93922598746139,10.38784519749228,0.0054068734184451,161.01160046484753
E01002937,1825.0,12287.06969191472,5763.140633577535,0.0,0.0,13.46528185415312,0.0023974338753397,87.52433199936588
E01002938,2000.0,8383.417427285642,3847.98859912411,12.575126140928464,0.0,4.191708713642821,0.0014918193161405,121.55955262261035
E01002939,1646.0,6214.9257172452335,2499.563077045167,11.32732512256118,22.65465024512236,7.551550081707453,0.0171859978341198,166.13410169796825
E01002940,1673.0,7603.089448143602,1976.894148202311,4.544584248740946,4.544584248740946,0.0,0.0104822830942318,99.98085341231072
E01002941,1649.0,2645.5999290695504,1063.6948168423964,6.417464958325168,27.27422607288196,3.208732479162584,0.0135129230558486,60.96591706748528
E01002942,1401.0,6562.772708710658,1822.211694281546,4.6843488284872645,0.0,0.0,0.0146786594384589,98.37132533915636
E01002943,1477.0,4816.314891234537,1744.5690364322795,0.0,0.0,0.0,0.0041361213675082,68.47841073470117
E01002944,1334.0,4457.691570161614,3742.589624123694,0.0,0.0,0.0,0.0010801431004527,73.51515328694492
E01002945,1573.0,6379.472438654344,2149.4725953507964,0.0,4.0556086704732,0.0,0.0086364440514162,162.2243467214207
E01002946,1509.0,3207.8557105717978,1016.1398473514377,0.0,0.0,2.1258155802331333,0.0071086061158401,78.65517642140153
E01002947,1645.0,5641.743027416526,1725.1044029121658,0.0,0.0,0.0,0.0065574059896734,96.0296684941225
E01002948,2211.0,419.6984701725167,327.2547094425232,1.3287604211703377,0.759291669240193,0.3796458346200965,0.0124464501843269,13.66725003811817
E01002949,1848.0,6149.910259285112,2169.773533037821,0.0,0.0,0.0,0.006035813411979,129.7870670824011
E01002950,1654.0,1711.6739148104168,781.3263637737997,0.0,0.0,0.0,0.0034923993028462,35.18555808260341
E01002951,1502.0,6728.167173325976,2199.420826966081,0.0,0.0,0.0,0.0015682932991607,76.15102654990335
E01002952,1394.0,978.1346879895356,579.5833947484622,0.0,0.0,0.0,0.0043439662140238,32.277041334662066
E01002953,1333.0,1146.495140554825,847.1850813552157,0.8600863770103713,2.580259131031114,0.0,0.0067297333366153,42.14423244818464
E01002954,1373.0,6016.958036294509,21872.277901781425,4.382343799194835,8.76468759838967,4.382343799194835,0.0059391285104176,135.85265769338687
E01002955,1501.0,3063.7116367554163,1120.5714114448524,2.041113682048912,6.123341046146735,0.0,0.0096158266972583,63.27452410555704
E01002956,1391.0,2173.0460993457004,801.4181516637989,1.562218619227678,0.0,1.562218619227678,0.0036932851064972,45.30433993044028
E01002957,1587.0,6825.961355253223,1617.2410016226918,0.0,25.80703725993657,0.0,0.0012874152939359,120.43284047404856
E01002958,1738.0,9683.74302979047,3961.5312394597377,0.0,5.571773895161375,0.0,0.0078532814793098,89.14838226907099
E01002959,1389.0,3271.346158879194,1335.3875248988502,0.0,0.0,0.0,0.0071482487261471,65.94506291840352
E01002960,1591.0,5961.514981750564,1881.005984185282,3.7470238728790473,7.4940477457580945,0.0,0.0094147626750394,104.9166683777718
E01002961,1754.0,5115.246159233946,2595.535394366141,0.0,0.0,2.916331903782181,0.0031811545647548,87.489957060938
E01002962,1612.0,6640.029072553465,1573.5056487068384,0.0,0.0,0.0,0.0042662615679183,86.50161937953693
E01002963,1846.0,9781.563437787376,3698.55432263033,10.597576855674296,0.0,5.298788427837148,0.0044244952807871,164.26244116415603
E01002964,2513.0,8013.455200628338,3928.6019925086,0.0,15.944001592973216,9.56640095578393,0.0105665524944154,127.55201266723276
E01002965,2521.0,7116.276781014255,4301.945979478669,22.58239359306388,22.58239359306388,0.0,0.0166456421463867,135.4943614771235
E01002966,1983.0,3978.726657663672,2082.66176028991,2.006417880818796,0.0,4.012835761637591,0.0060995618206923,100.3208939805856
E01002967,1860.0,9426.579837939193,5574.859043942533,0.0,0.0,10.136107352622789,0.0097940682680552,136.83744917823682
E01002968,2908.0,5218.820719068756,12607.364357447734,154.3392647317445,281.7588902660917,26.91963919739729,0.0144931335048314,157.92854986333586
E01002969,1892.0,27239.993227500505,3728.941990445365,0.0,0.0,14.397459422568977,0.0139536883670486,115.17967531126604
E01002970,1808.0,6244.3286646744,1823.5650082677453,6.907443213135399,6.907443213135399,0.0,0.0164990211658119,93.25048332147443
E01002971,1800.0,5671.504871586413,3330.4336940371327,0.0,9.45250811931069,0.0,0.014335735965015,129.18427755299984
E01002972,2050.0,12265.40491662608,5121.554443235085,23.932497398294792,11.966248699147396,5.983124349573698,0.0207626207690099,191.4599790713285
E01002973,1579.0,5318.159710853963,1461.7361079864595,0.0,10.104166645067696,0.0,0.0231625086481919,43.78472210231527
E01002974,2058.0,10016.993755086532,3932.8138746889786,24.33671952159021,48.67343904318042,0.0,0.0190955369489568,126.55094143652995
E01002975,1488.0,5031.868029235233,2181.1524723499497,13.526526960309766,3.3816317400774416,0.0,0.0080722224101395,74.39589823702956
E01002976,1712.0,6065.605978173408,1849.4429442795083,0.0,0.0,0.0,0.0013080523348579,106.28982432004162
E01002977,1699.0,5656.822510685199,1391.7314946829977,13.31800473380859,0.0,0.0,0.0150225966782841,83.23752953630157
E01002978,1857.0,5125.502838219208,1921.0285274101068,11.040393835690269,27.60098458922567,0.0,0.0219254074013456,80.0428552606734
E01002979,1529.0,4547.511133163777,1380.0164589849528,0.0,0.0,0.0,0.0095331622020673,44.61260101801012
E01002980,1407.0,6088.86822161927,1692.0735427527609,0.0,0.0,0.0,0.0084204582171609,73.56841485812872
E01002981,1603.0,4211.533068967514,1226.9407006910972,0.0,0.0,2.6272820143278315,0.0162260853708572,86.70030642083658
E01002982,1485.0,5753.183972569427,1712.3954989061865,0.0,0.0,0.0,0.0326061781463566,85.23235509792426
E01002983,1669.0,2595.9752972841866,1192.9976351210132,0.0,0.0,0.0,0.0087766160176426,51.32845102392058
E01002984,1431.0,5244.890346214094,2503.326419611619,3.665192415243952,18.32596207621976,0.0,0.0259499897877343,161.26846617437923
E01002985,1720.0,10205.609842432254,3963.574055084154,17.80048228331207,53.40144684993621,0.0,0.0020629856435826,106.80289363604152
E01002986,1370.0,3138.6109171727394,1074.4587738350474,0.0,0.0,0.0,0.0054277132987674,50.40105119446349
E01002987,1895.0,8908.958631897389,10545.010137913374,122.23373320809084,253.8700612783425,23.506487155402084,0.0050502532841893,178.64930227382615
E01002988,1678.0,5892.798547970167,2942.8874750887967,31.60619006658612,45.65338565173551,7.0235977925746935,0.0355655152573883,59.70058120098455
E01002989,1900.0,12451.279877817951,6579.51841964696,19.65991559655466,19.65991559655466,13.106610397703108,0.010690849476218,150.72601948318217
E01002990,1708.0,10175.791909332374,5933.892705910448,0.0,0.0,5.957723600311695,0.0167937639394728,154.90081351504412
E01002991,1564.0,6765.835996372319,2759.976576525281,4.325982094867212,8.651964189734423,0.0,0.0155019241746052,134.10544486045313
E01002992,1568.0,4748.353681379104,1326.3896125280917,0.0,0.0,0.0,0.0003827240193327,66.62230926522423
E01002993,1576.0,9475.159949884832,3757.5983303794537,0.0,0.0,0.0,0.0121216731259019,222.4498210247461
E01002994,1507.0,4748.8745365578025,2316.1398701857893,0.0,0.0,3.151210707735768,0.0108481928928984,81.93147835197288
E01002995,1599.0,3847.232068705194,2247.226236504472,0.0,0.0,0.0,0.016882836884326,86.61685702962069
E01002996,1545.0,7836.949877207827,3606.518681355835,0.0,25.36229733724216,0.0,0.0308960480582293,91.30427035930444
E01002997,1522.0,6390.480430163278,3375.785982819498,0.0,16.79495513840546,0.0,0.0269234353483039,100.7697307698939
E01002998,1612.0,11048.9608214848,3571.03510421438,0.0,0.0,0.0,0.0083480940079424,116.52129891589396
E01002999,1535.0,8131.915909690283,4942.721526867123,37.08365561422279,47.67898578971501,0.0,0.0246059687533998,174.82294779086214
E01003000,1870.0,1617.5574006265074,1702.327788466827,0.0,0.0,0.0,0.0174755882885113,32.005146410295346
E01003001,1916.0,5207.054500303292,1769.202755583217,0.0,2.71766936341508,0.0,0.0174575680605261,97.83609702413304
E01003002,1907.0,6244.094876785439,2442.629668632374,3.274302504869134,32.74302504869134,0.0,0.0187572584088256,94.95477258423088
E01003003,1727.0,7574.798843330785,4386.102399149268,26.3166143948956,144.7413791719258,0.0,0.0245289267946875,83.3359455337839
E01003004,1644.0,5307.887337209399,2689.4587298634,9.68592579782737,25.829135460872987,0.0,0.0138733895865524,122.68839336562908
E01003005,1541.0,6723.661985311452,3045.500367130041,0.0,8.726362083467167,0.0,0.013636346766318,113.4427070168766
E01003006,1523.0,4711.542003705399,2103.6431795926933,3.093592911165725,12.3743716446629,0.0,0.0063952569545973,86.62060146060938
E01003007,1626.0,8088.884263980425,2586.851056131501,4.974713569483656,4.974713569483656,4.974713569483656,0.0021567461343658,179.0896883939694
E01003008,1447.0,7226.365722247629,3126.264645561172,0.0,0.0,0.0,0.003395233335896,174.79115419980985
E01003009,2056.0,6865.898274203437,2060.4373711982103,3.339444685896613,0.0,0.0,0.0044791452839949,96.84389583284973
E01003010,1441.0,4733.795148743508,2677.3372978667303,0.0,3.2850764391002825,0.0,0.0006462934211236,72.27168161687631
E01003011,1693.0,6761.284380499311,2871.449184630245,3.9936706323091022,7.9873412646182045,7.9873412646182045,0.0008982938025572,103.8354363778488
E01003013,1947.0,5664.308371383916,46609.08290597931,113.460722385194,52.36648725470492,14.546246459640257,0.0061226593376038,145.46246450913966
E01003014,1504.0,8019.79064711466,6430.762979002846,42.65846088890777,69.31999894447512,21.329230444453884,0.0042738415634297,127.97538258980867
E01003015,1719.0,18264.98891042537,8723.418205619098,10.625357132300971,53.12678566150486,10.625357132300971,0.0012114033854271,201.8817853923416
E01003016,1203.0,7465.735660665888,9017.218549416071,117.91269954501402,80.67711021500959,18.61779466500221,0.0091787772669735,142.73642567930685
E01003017,1631.0,12425.544331223284,12280.795500877948,99.038673394177,99.038673394177,68.56523542673793,0.0034978711450215,259.0242225678191
E01003018,2019.0,13247.529454357387,9041.652099110688,26.24572452572043,59.052880182870965,6.561431131430108,0.0073670963174205,177.15864044208124
E01003019,2035.0,13614.32541077756,8743.942659403574,20.07025859082687,66.9008619694229,6.690086196942291,0.0053152152391216,167.2521548230601
E01003020,1821.0,12644.042662489232,9984.69706131769,27.77384439865839,76.37807209631058,0.0,0.018304784152802,90.2649942416525
E01003021,2154.0,13313.730440983194,6335.456686168884,0.0,6.180933352359886,12.361866704719771,0.0001551536650938,61.80933348652448
E01003022,1619.0,14109.877117487593,6362.081714494097,0.0,8.715180430813831,0.0,0.0042592416543433,235.30987149107935
E01003023,2595.0,20685.08372852227,10497.978909619971,87.682435843447,183.33600221811645,15.942261062444908,0.0067298623003434,207.24939368740007
E01003024,1841.0,14565.618407348662,5308.815834508936,39.55898535401592,15.823594141606367,0.0,0.0087394482136825,126.58875305703538
E01003025,2046.0,13193.436061609682,5016.858873867221,0.0,0.0,0.0,0.0059491336490583,180.5553321132771
E01003026,1501.0,4331.709314103004,3327.422277921894,23.08705830301401,40.402352030274514,8.657646863630253,0.0137460722956851,69.26117486749123
E01003027,1394.0,11311.62385403723,5566.552341369828,8.114507786253393,8.114507786253393,0.0,0.0026738919949839,56.80155446978861
E01003028,1482.0,10750.1609159701,5803.055825085074,0.0,7.253819781356342,0.0,0.0058347142358495,145.0763955397844
E01003029,1827.0,12277.760629408374,6673.134266558575,0.0,0.0,0.0,0.0132947924971983,127.68333432874655
E01003030,1722.0,10417.2665436343,6962.992910408292,42.34661196599309,30.24757997570935,6.04951599514187,0.0295708948675473,114.94080383900209
E01003031,1574.0,17416.62310424647,7347.292084637646,55.325994613235295,0.0,0.0,0.0118925686560573,210.2387794041319
E01003032,1721.0,9441.734088328443,6824.821153910855,60.348097020112064,71.32047829649608,38.403334467344045,0.0348468953992747,153.61333777711397
E01003033,1618.0,10875.809755713097,5679.888284040522,0.0,0.0,0.0,0.0066396408094688,87.38289662506128
E01003034,1642.0,14693.470647932812,6568.214041158761,35.79408196816763,44.74260246020954,8.948520492041908,0.0132510752898058,178.97040973365043
E01003035,1687.0,14589.736877646654,12678.455401677533,155.66998446807338,285.3949715248012,77.83499223403669,0.0142873319618525,147.0216519096793
E01003036,1759.0,15472.802396863422,7045.886708293122,8.796362931701776,8.796362931701776,8.796362931701776,0.0020050895695725,131.94544389591854
E01003037,1442.0,12536.21407000744,6459.366889053764,52.16177837728477,165.17896486140177,8.693629729547462,0.0091198317083885,156.4853350379304
E01003038,1702.0,13000.47111715872,7172.410328444205,38.191748287775326,30.553398630220254,22.915048972665197,0.019315063166339,129.85194410049832
E01003039,2042.0,11045.431025390688,10861.520812431196,70.31861083745295,124.409849943186,37.86386737401313,0.0091863322333941,173.0919650342467
E01003040,1245.0,8036.837796493228,5086.769625410975,0.0,0.0,0.0,0.0181888215788216,71.00820538818657
E01003041,1520.0,15537.928292439849,10416.545348681711,153.33481867539322,143.112497430367,40.88928498010486,0.0114150146038779,173.77946106112748
E01003042,1107.0,11823.294668987806,5468.407290444225,0.0,0.0,0.0,0.0264813783837969,202.92917667242324
E01003043,1618.0,15779.092875559794,7245.899880433206,19.504441131717915,0.0,0.0,0.0054102302229969,175.53997008001218
E01003044,1411.0,21193.499891869043,6683.98827206359,0.0,0.0,0.0,0.0001143168426442,90.12119013116546
E01003045,1990.0,17384.136643189995,4446.495251951612,0.0,8.735747056879394,0.0,0.0042767693240384,323.2226409101243
E01003046,1680.0,17681.24773002997,4851.818573537985,0.0,52.622761101279664,0.0,0.0050886367590594,105.24552213919614
E01003047,1789.0,9804.512652605934,15591.86053474784,465.8376609678616,991.9601957080348,65.76531684252164,0.0063145270545953,120.56974747235148
E01003048,1918.0,15489.083974782834,3173.7278425910604,48.45386019222993,80.75643365371656,8.075643365371656,0.0041350990750687,137.28593712877324
E01003049,1768.0,15101.84825406649,5304.43878154711,8.541769374471997,25.62530812341599,0.0,0.00310883767833,153.75184864782975
E01003050,1584.0,16133.990022330538,9197.596584699795,30.556799284716927,132.41279690044,10.185599761572307,0.011331858262751,112.04159730975158
E01003051,2099.0,11683.7161964458,6495.901286923416,72.36222513282297,94.62752517369158,16.698975030651454,0.0086106521802664,77.92855009640638
E01003052,2226.0,17626.972398163223,5400.536916238688,47.51205498157204,47.51205498157204,23.756027490786018,0.0032516689343222,134.61748903358483
E01003053,1674.0,14479.400080194484,9722.130041898805,51.89749132686195,164.3420558683962,25.948745663430977,0.0039464911880423,112.44456447396942
E01003054,2191.0,24487.177259703916,17736.718535440486,22.352512331998096,44.70502466399619,0.0,0.0185180742074354,122.93881775228088
E01003055,1600.0,11787.244345389272,9945.487416422198,58.93622172694636,139.9735266014976,29.46811086347318,0.0114123052609618,139.97352651769248
E01003056,1707.0,20023.81226635891,10381.41409240049,11.73041140384236,35.19123421152708,0.0,0.0017952675106495,152.49534815872133
E01003057,1705.0,17703.40763512344,6717.94999409083,72.68261199170914,72.68261199170914,10.383230284529876,0.0219705277647037,166.13168445268923
E01003058,1979.0,22277.65307561736,12180.101378382002,112.5702530349538,303.9396831943753,22.51405060699076,0.0259887411988794,135.08430356086768
E01003059,2213.0,29288.64928609182,11818.691284446451,39.704450003739474,79.40890000747895,13.234816667913158,0.0011838803090541,26.46963331993205
E01003060,1696.0,19859.33841283493,8255.20847939188,35.12854672081652,23.419031147211008,0.0,0.0040511198218572,128.80467123248874
E01003061,1329.0,16642.38194048983,11858.792849995389,162.79229889117218,275.4946596619837,37.5674535902705,0.0093381068524928,200.3597523613934
E01003062,1834.0,13710.950278305994,8432.90725950336,104.66374258248852,134.56766903462807,44.85588967820936,0.0014733509749891,179.423558604766
E01003063,1361.0,11227.851555019855,3332.881725369598,0.0,8.249707241013855,0.0,0.0007618509440908,90.7467795966702
E01003064,1462.0,9462.720885962142,5307.408431250996,6.472449306403654,6.472449306403654,0.0,0.0010721569939096,77.66939163038968
E01003065,1673.0,13104.57195487416,3501.3411021092343,0.0,7.832977857067639,7.832977857067639,0.0007698515214824,125.32764563795952
E01003066,1887.0,5577.746115683064,2163.70437555909,5.911760588959262,20.691162061357417,5.911760588959262,0.000988349178087,65.02936643949039
E01003067,1555.0,10392.25751791136,5319.7665493617,66.83123805730779,113.61310469742324,20.049371417192337,0.0005406208072665,180.4443426463116
E01003068,1576.0,8935.778509049836,3220.5090057996867,0.0,0.0,0.0,0.0004686616187742,85.04865327126413
E01003069,1368.0,5738.046597186585,1719.7361877532894,4.19447850671534,0.0,0.0,0.0005653280400989,100.6674841008056
E01003070,1547.0,12238.206711701465,3314.6791287672354,7.910928708275025,15.82185741655005,0.0,0.0011378434103142,102.84207314585808
E01003071,2326.0,13412.319083442651,7086.732654149191,17.298777837630247,28.83129639605041,0.0,0.002933788430922,74.96137058473873
E01003072,1737.0,8203.409765720198,3537.336738356033,0.0,0.0,0.0,0.0021795709998584,141.68237928825897
E01003073,1603.0,9244.917348239956,5144.395679744256,28.836298653274977,92.27615569047992,0.0,0.0055394527802809,115.34519454379132
E01003074,2358.0,3320.015497250587,1964.1313056253475,21.119691458337066,49.27928006945316,11.263835444446435,0.0077850580070912,40.83140346163122
E01003075,1716.0,21705.685918931595,5059.600447303402,0.0,12.649001118258504,0.0,0.0040876895280736,164.4370144383074
E01003076,2701.0,7114.528801367362,29416.903981366417,31.60842118341664,39.5105264792708,2.634035098618053,0.0042453064206989,81.65508800815321
E01003077,1863.0,18099.2425663638,7373.765490000067,19.43021209486184,87.43595442687827,9.715106047430918,0.001326569666685,145.72659062396642
E01003078,1627.0,8114.77715512714,3566.112886242105,0.0,0.0,4.987570470268678,0.0015927186549603,64.83841607465244
E01003079,1681.0,7592.636015629122,3107.51551383274,27.100425992727384,90.33475330909128,4.516737665454564,0.0075514838656668,112.91844156847768
E01003080,1681.0,13089.016790275922,4687.44087313867,0.0,15.57289326624143,0.0,0.0025216256541444,155.7289325687048
E01003081,1858.0,8884.523510086265,6340.623344657905,90.85357733672716,157.79831853221032,9.563534456497594,0.0015822395699599,172.14362011392788
E01003082,1375.0,10894.031692708026,3818.853291552922,0.0,7.922932140151292,0.0,0.0004415067571773,110.92104989562762
E01003083,1540.0,10597.736299137418,4335.437576919852,0.0,0.0,0.0,0.0048571412216108,172.0411735839836
E01003084,1507.0,10489.211218004437,4969.672733679607,6.960325957534463,27.84130383013785,0.0,0.0009796380445898,132.2461931135121
E01003085,1793.0,8071.153723558323,2610.858427029463,0.0,0.0,0.0,0.0022212066189758,139.5458813610383
E01003086,1557.0,10752.541754151243,3832.794266893988,0.0,0.0,0.0,0.0005631960687983,138.11871223716065
E01003087,1644.0,12311.744316736922,4081.4480855362663,22.466686709373946,74.88895569791315,7.488895569791315,0.0012494264081347,262.11134478576184
E01003088,1588.0,16989.813429437174,7114.751845450705,42.795499822259885,85.59099964451977,21.397749911129942,0.0072658312235407,139.0853743387677
E01003089,1935.0,14571.199817685758,7959.56496500974,82.83369405402756,240.97074633898927,30.12134329237366,0.0125970232784513,173.19772382726742
E01003090,2387.0,17241.10396609659,10227.65111688009,65.00625709881413,93.89792692050928,28.891669821695167,0.0182696503676453,130.0125141192515
E01003091,1711.0,21647.36546753278,8312.284694429596,37.955637874107744,37.955637874107744,0.0,0.0164869706868161,164.47443068916644
E01003092,2351.0,14738.549807704165,7121.647206104606,6.26905563917659,31.34527819588295,0.0,0.0031774277198927,68.95961198960747
E01003093,2297.0,31010.73643525985,9517.87948927218,27.001076565311145,67.50269141327787,13.500538282655572,0.0090204420300134,229.50915066719875
E01003094,1482.0,18752.610601366578,9022.004965434797,0.0,0.0,0.0,0.0041271904385732,113.88225054707556
E01003095,1642.0,10524.579194381104,5601.998913452549,0.0,12.81921948158478,0.0,0.0031926061182436,70.50570710638306
E01003096,2095.0,14452.764191503053,11796.766953446406,41.39216474893475,55.18955299857967,0.0,0.0151196462076351,124.17649417252504
E01003097,1558.0,15746.212068768633,5700.169195626128,30.32004891290494,40.42673188387325,30.32004891290494,0.0034619376820339,80.85346371926416
E01003098,1485.0,18359.924418627244,7121.425229043294,0.0,37.09075640126716,0.0,0.0003832805119708,148.36302551624246
E01003099,1701.0,5688.689443124125,3909.510851858967,40.13184792327425,63.54209254518423,6.688641320545709,0.006673707438731,66.8864131653527
E01003100,2014.0,19104.87010072263,11819.596894488775,170.74859077110594,161.26255795048894,9.486032820616996,0.0058699092615386,151.77652503890053
E01003101,1432.0,12294.097173458991,8113.07390287622,85.85263389287006,103.02316067144407,17.17052677857401,0.0015260646863073,163.12000429849934
E01003102,1705.0,10098.15407631472,13633.988670777995,53.30403911251172,59.22671012501302,41.45869708750912,0.0078411144851727,165.83478825048138
E01003104,1733.0,21178.665051191598,9275.59536864075,36.66243228711759,48.88324304949012,0.0,0.0030714287041259,122.20810755025224
E01003105,1706.0,17422.571274499143,6627.930103839357,30.637581373679616,20.425054249119743,10.212527124559871,0.0002856649448821,204.2505423681726
E01003106,2135.0,17716.932035924026,7227.844404351208,0.0,16.596657644893703,41.491644112234255,0.0004011732570477,141.07158989697632
E01003107,1851.0,14681.63710699968,10731.634254873348,63.45386107833465,71.38559371312648,7.931732634791831,0.0006082121120943,222.0885136405003
E01003108,1554.0,20170.161154881876,6788.284610040681,38.9385350480345,38.9385350480345,25.95902336535633,0.0001389356293984,25.959023349769573
E01003110,2050.0,13440.27740278276,8503.434044589872,39.33739727643735,78.6747945528747,13.11246575881245,0.0007303217026234,157.3495890112477
E01003111,1981.0,26982.265606681525,6769.402325351195,0.0,0.0,0.0,0.0004618096438935,40.861583428386496
E01003112,1796.0,12213.163927534246,6283.387232205814,34.00101316128688,74.80222895483112,13.60040526451475,0.0012454076977695,142.80425519148855
E01003113,1796.0,11179.525842751123,5023.317012862003,0.0,31.12340156667908,0.0,0.0011064827672659,68.47148340558503
E01003114,2424.0,12047.547704029375,7276.241682631603,9.940220877912026,19.88044175582405,4.970110438956013,0.0007908981851425,64.61143566765995
E01003115,1618.0,14974.775865604912,6237.947424856435,46.27557436837117,111.06137848409082,9.255114873674236,0.0003073530374563,157.33695275804757
E01003116,1785.0,6358.366003420439,2945.8648094278446,0.0,0.0,0.0,0.0013399888924846,92.6148548962236
E01003117,1851.0,11124.940988437462,6034.273772226479,66.1125612494933,102.17395829467144,18.03069852258908,0.0034149738711309,132.22512241942576
E01003118,1863.0,8640.977062424183,5510.188271690784,32.46743931130933,120.59334601343464,4.638205615901333,0.0059816901780797,83.48770103614528
E01003119,2066.0,12165.84080577448,6471.567785840345,0.0,5.888596711410687,5.888596711410687,0.0059930231234561,105.9947407419243
E01003120,2411.0,16453.22559104208,8052.594855839757,20.47269878603328,20.47269878603328,13.64846585735552,0.0059295215004797,116.01195971790624
E01003121,1569.0,25485.214359803256,5343.935961998261,0.0,0.0,16.242966449842736,0.0049412823752027,178.67263084152918
E01003122,1904.0,19293.81886824355,8886.911316937812,70.93315760383659,111.46639052031465,0.0,0.0017377077994718,182.39954801497225
E01003123,1597.0,11016.624650167165,5235.828496854651,41.38994859173637,0.0,6.898324765289396,0.0061957091660764,186.25476855090108
E01003124,1353.0,16932.933842134436,5907.128435689175,12.51510261798554,0.0,12.51510261798554,0.0087456036677097,112.63592349437872
E01003125,1782.0,24538.9429391806,5687.196090842642,27.540901166308192,41.31135174946229,0.0,0.0061037336704521,110.1636045990596
E01003126,1666.0,16857.774632968783,10138.94968921652,80.94969811749716,70.83098585281002,0.0,0.0089587973599701,172.0181083962469
E01003127,2092.0,15440.051501357702,6605.566966403032,44.28313050102592,66.42469575153888,7.380521750170986,0.0106383281767872,154.9909566605809
E01003128,1641.0,18906.09536033861,7972.588658960584,57.60540938555335,115.2108187711067,0.0,0.0064205821173139,92.16865496151934
E01003129,1798.0,21102.45437802259,9342.354663462727,105.62963815472932,140.8395175396391,11.736626461636591,0.0018264016041467,140.83951745491044
E01003130,1867.0,12487.786192260572,5986.378490665888,6.688691051023338,26.75476420409335,6.688691051023338,0.0043651777345758,86.9529836111718
E01003131,2150.0,11701.4821483973,6531.059803756632,5.44254983646386,16.32764950939158,0.0,0.0100527969526458,119.73609633052033
E01003132,1450.0,10123.215321396554,3672.2836269341983,0.0,6.981527807859693,0.0,0.0052948709632703,125.66750046603632
E01003133,1656.0,9643.211629903702,4262.579053798013,17.46958628605743,87.34793143028716,0.0,0.0066682706558188,93.1711268029442
E01003134,1597.0,10127.063575772385,3614.543668246875,0.0,0.0,0.0,0.0003130858987086,101.4608748371993
E01003135,1930.0,18879.91116365333,7297.623693308491,9.782337390493955,0.0,0.0,0.0031863024268366,88.04103646158312
E01003136,1659.0,14480.64434337248,5097.466122079281,0.0,0.0,0.0,0.0063167432571103,139.65660600062904
E01003137,1581.0,14089.391344706415,5703.485427332136,8.911695980206463,0.0,8.911695980206463,0.0154835228361498,151.4988315725413
E01003138,1477.0,10903.19842099712,5994.175435240122,0.0,0.0,0.0,0.0116148307332098,103.34785226980732
E01003139,1529.0,11712.26979470861,4626.6912727298895,7.660084888625645,22.98025466587693,0.0,0.0095961832282011,99.5811034925674
E01003140,1507.0,10571.068632227085,3289.868074661249,0.0,0.0,0.0,0.0042474346836433,84.17572893848707
E01003141,1845.0,11082.137187334143,3309.6247101469444,0.0,42.04604894923523,0.0,0.0063821361475744,102.1118331009992
E01003142,1374.0,10533.779698234615,4201.245469164898,0.0,7.66650633059288,0.0,0.0033230724938429,114.99759489002948
E01003143,1500.0,9365.010808479454,2784.529880387891,0.0,0.0,0.0,0.0020362855987966,93.65010802862976
E01003144,1547.0,3059.4569530343806,1949.9835524834516,3.955341891447163,3.955341891447163,1.9776709457235813,0.0004132865406592,65.26314116968788
E01003145,1655.0,10053.568673163512,4440.579274974337,12.14932770170817,30.373319254270427,12.14932770170817,0.0008894084115282,85.04529386108919
E01003146,1649.0,13168.361330363126,4527.871967444446,23.956994536743103,55.89965391906724,0.0,0.0008528439533767,95.82797808959698
E01003147,2072.0,11687.136358730126,4134.493702195551,22.56203930256781,56.40509825641953,5.640509825641953,0.0018659524008221,112.81019644510194
E01003148,1837.0,9629.254958573763,4162.018746384088,0.0,15.725511636211918,0.0,0.0061611458336448,68.14388371589588
E01003149,1756.0,6506.145923763327,3512.429576154689,0.0,0.0,0.0,0.0060788131411879,88.92226769741538
E01003150,1943.0,11830.470336315146,4609.195082136163,6.088764969796781,0.0,0.0,0.0007024465767053,121.77529932292472
E01003151,1954.0,14697.725209204526,4911.778178920447,0.0,0.0,0.0,0.0056781705045186,150.43731013694068
E01003152,1906.0,8558.991161515853,5442.548419599798,0.0,4.490551501319965,0.0,0.0059531816156324,85.32047847384445
E01003153,2172.0,17680.026725402582,11518.0652930224,89.539730193107,219.7793377467172,8.139975472100636,0.0068193627412235,138.37958294253488
E01003154,1996.0,10775.200897641724,3487.3646191766297,0.0,5.3983972433074765,0.0,0.003261891019949,86.37435584121918
E01003155,1828.0,11197.147159432294,4802.277556342953,24.50141610379058,24.50141610379058,6.125354025947645,0.0030554329048618,122.50708044576682
E01003156,1597.0,13705.422782765096,6625.288909389264,0.0,0.0,0.0,0.0024079759822783,163.0576285013136
E01003157,1582.0,9546.37514681208,7693.823206185463,12.068742284212492,102.58430941580616,0.0,0.0021452200875814,144.8249073236977
E01003158,1624.0,13096.238338354822,7386.794530746932,8.064186168937699,24.192558506813096,0.0,0.0128491758526847,96.77023396895775
E01003159,1774.0,12501.167003673094,5581.12980096341,0.0,7.046881061822488,0.0,0.0013458827908842,169.12514538240697
E01003160,1449.0,14225.197166917083,4191.966314888609,0.0,0.0,0.0,0.0118436759536827,78.5380105362024
E01003161,1317.0,10858.129425980747,5614.568063092551,0.0,0.0,0.0,0.0041331145828257,115.42430666077928
E01003162,1858.0,16915.33448034762,4096.824820321007,0.0,0.0,0.0,0.0096373620745012,163.87299271454322
E01003163,1599.0,7964.597286180005,3466.766548581166,0.0,0.0,0.0,0.0063847159206025,114.56268759995994
E01003164,2247.0,12527.659655024132,5619.884705057554,72.47867179141687,139.38206113734014,16.72584733648082,0.0099081411732744,189.55960303289683
E01003165,1643.0,9059.251195858067,4488.27174280491,11.027694699766364,38.59693144918227,5.513847349883182,0.0029198330786949,159.90157305050684
E01003166,2566.0,10944.121986560727,6427.432515100162,76.77092586051953,162.0719545944301,4.265051436695529,0.0084764832931188,153.54185162882246
E01003167,1760.0,8793.75129037846,3682.383352845981,0.0,0.0,0.0,0.0020270119497991,94.93254228219044
E01003168,1658.0,8223.57556832719,2103.013293709728,9.919874026932677,29.75962208079803,4.959937013466338,0.0022942648931756,89.27886618877488
E01003169,2352.0,12187.38993956831,5554.796775177392,10.363426819360807,5.181713409680404,0.0,0.0037553996739945,82.90741450502607
E01003170,1908.0,5877.889867061001,2975.912794329626,0.0,3.080655066593816,0.0,0.0066836194185159,95.50030700706776
E01003171,1646.0,15191.186955413676,7069.531718011469,9.229153678866147,18.45830735773229,0.0,0.00172794021452,156.8956124467112
E01003172,1945.0,15648.349385265235,4762.890918291527,0.0,8.045423848465417,0.0,0.0043706336099617,144.8176291854979
E01003173,1633.0,13023.917223431974,6715.33270185531,0.0,0.0,7.975454515267589,0.0042178068700224,71.77909059430687
E01003174,2039.0,13358.742529768682,4553.372269832876,6.551614776737951,32.758073883689754,0.0,0.0047897578874783,124.4806806832458
E01003175,1577.0,12996.268629214375,3362.382752517099,0.0,0.0,0.0,0.0039905423893144,123.61701288622372
E01003176,1929.0,15193.94750948736,4072.198477140989,0.0,0.0,0.0,0.011016177090507,173.28504147635235
E01003177,1603.0,16426.28903657781,8761.37063398255,122.96660538922876,133.21382250499784,10.247217115769065,0.0069554504525335,215.1915593021215
E01003178,1501.0,14249.765132351518,8164.422394285347,56.96108647175823,28.480543235879114,0.0,0.0009216229125714,104.42865846891355
E01003179,1620.0,21941.87652434019,5702.179022683469,0.0,0.0,0.0,0.0145394276756134,121.89931395105786
E01003180,1600.0,11347.282936256945,5453.787861238493,14.184103670321178,7.092051835160589,7.092051835160589,0.0055528534406992,134.74898478692106
E01003181,1522.0,18578.60095115191,7116.507460263841,0.0,109.8603209989272,0.0,0.0045141452682702,158.6871302367258
E01003182,1787.0,9847.867556645915,4590.528077608309,5.510838028341308,5.510838028341308,0.0,0.0034752683491867,88.17340840048622
E01003183,1604.0,10572.277511506103,6110.038187759451,0.0,0.0,6.591195456051188,0.0060824763466049,98.86793178138228
E01003184,1422.0,25429.9781517807,6402.202657058713,35.766495290830804,53.649742936246206,0.0,0.003172135398634,232.48221925041076
E01003185,1931.0,22342.210109546173,9314.075162187812,0.0,11.570279704581136,0.0,0.0026533504411185,127.27307667395738
E01003186,2440.0,11679.73378661592,6289.823850661198,28.720656852334237,38.294209136445645,9.573552284111411,0.0095059053229556,134.029731897078
E01003187,2317.0,16327.56163346372,6764.980219303052,7.046854395107346,14.093708790214691,0.0,0.0014635405585914,155.03079659931618
E01003188,1266.0,15336.032044198711,4336.729440618593,12.113769387202773,12.113769387202773,0.0,0.0099339705857755,169.59277131985527
E01003189,1767.0,9370.849769486887,2158.424366825785,0.0,0.0,0.0,0.0009305693507485,143.1878571728024
E01003190,2318.0,7047.006397527044,2535.4630438039494,0.0,9.120370661165284,6.080247107443524,0.010999271853243,124.64506562790264
E01003191,1662.0,8430.089389712368,2089.769451601381,0.0,5.072255950488789,0.0,0.0064265364265364,86.22835110655066
E01003192,1789.0,1757.239419882197,640.4248752169883,0.9822467411303504,1.9644934822607003,0.9822467411303504,0.0061995443625799,40.27211636216147
E01003193,1799.0,5198.510020688532,4513.659061876313,5.779332985757123,54.90366336469267,0.0,0.004045441222153,75.13132876980255
E01003194,1767.0,5288.573000477308,1358.8070980286916,5.985934352549302,11.971868705098604,0.0,0.0040935740394288,50.88044196617473
E01003195,1486.0,7579.166750845073,2580.792985146438,0.0,5.100381393570036,0.0,0.0015366263029313,96.9072464198617
E01003196,1763.0,6595.077022957138,2248.2366935889054,14.963305780957771,33.667438007154985,3.740826445239443,0.0040393898607073,93.52066107485588
E01003197,1658.0,7840.708779385927,1683.529749976713,0.0,0.0,0.0,0.0031771163153067,108.76737142192248
E01003198,1494.0,8864.440607606843,3743.950484203425,0.0,0.0,5.933360513793067,0.0050166269504691,136.46729173529363
E01003199,1971.0,6223.151091246782,7587.12941261594,15.786786126957844,18.94414335234941,3.157357225391569,0.0120662425368994,97.8780739284405
E01003200,1475.0,1974.8410962648627,1938.6914626383195,32.133007668038445,72.2992672530865,6.694376597508009,0.0127426821913675,89.70464635286409
E01003201,1680.0,10735.62629114587,4313.421277692538,6.390253744729685,0.0,6.390253744729685,0.0029173636220024,127.80507481806808
E01003202,1558.0,6858.257332455468,4076.217130843237,13.20588703296945,35.2156987545852,8.8039246886463,0.0205308098593243,136.4608325921155
E01003203,1966.0,13537.20283458439,4943.90215423784,48.19960317502072,144.59880952506214,6.885657596431531,0.0124408617329349,158.37012462296067
E01003204,1612.0,6312.8162382320825,3207.3179274888807,0.0,0.0,0.0,0.0081699143849271,70.49050385854665
E01003205,1391.0,15556.870463000298,5155.79962864352,11.183947133716964,0.0,0.0,0.0012576436214996,156.5752597778083
E01003206,1409.0,6828.729529150927,2801.2815243784503,0.0,0.0,0.0,0.0015882776278746,92.08364866989017
E01003207,2333.0,19230.68114714178,7187.80709828874,57.70028633947384,115.40057267894768,32.971592193985046,0.0224422156377934,181.34375695775947
E01003209,1897.0,15028.972501241436,4761.419332233053,15.844989458346268,39.61247364586567,0.0,0.0084147603954755,142.6049050395557
E01003210,1774.0,9203.15248540363,5120.3559769410285,41.50237873913701,108.94374419023464,10.375594684784252,0.0153749679927195,150.44612283923334
E01003211,1556.0,7687.674500651752,5034.537478254586,9.881329692354438,9.881329692354438,4.940664846177219,0.0202733284762546,103.75396170746626
E01003212,2011.0,8956.336006723846,3447.1427494799887,17.814691211782886,40.08305522651149,4.4536728029457215,0.0143798947456233,71.25876480431464
E01003213,1963.0,9060.470649912337,3692.4995007284106,4.615624375910513,0.0,0.0,0.0087141389826537,101.54373620907938
E01003214,1780.0,11296.071286957733,5457.652419541375,76.15328957499594,57.11496718124695,19.038322393748984,0.0159050979250626,101.53771937240762
E01003215,1893.0,9058.500774680777,5512.621707571185,81.34945228186643,76.56419038293312,47.8526189893332,0.0116156852160198,110.0610236093824
E01003216,1672.0,7815.883475076872,3318.945734033839,23.372857281928443,37.39657165108551,0.0,0.0040703593963223,56.09485744298364
E01003217,1930.0,11958.174990775173,3513.101150139649,0.0,0.0,0.0,0.0013381859688188,68.15540146112981
E01003218,1551.0,10996.233146009346,3169.12715426575,0.0,7.089769920057607,0.0,0.0009538060616719,63.80792924219179
E01003219,1723.0,8213.673740775715,3065.230537039341,0.0,0.0,0.0,0.0054560888869228,85.80738667750889
E01003220,1668.0,9198.157331599508,3606.471759512037,5.514482812709535,16.543448438128607,0.0,0.0147452355467622,93.74620775973388
E01003221,2161.0,6541.910305409246,3820.402964102947,15.136303344306446,33.299867357474184,3.027260668861289,0.0110937180590581,66.59973467499647
E01003222,1573.0,8592.000946905717,2965.96091174177,5.462174791421307,0.0,0.0,0.0049370178202614,32.77304872883006
E01003223,1653.0,5560.958516390984,3118.577462005107,33.6416123193647,43.7340960151741,0.0,0.0097015513201104,33.64161229920411
E01003224,1732.0,11404.245415909714,3502.920647381044,0.0,46.09106114975057,6.584437307107225,0.0186956229737305,59.25993572835677
E01003225,1594.0,7445.59409561975,3923.650589912541,9.34202521407748,18.68405042815496,0.0,0.0168133045853621,65.39417645921297
E01003226,1838.0,10446.352253557525,5183.39132494258,79.56960367236417,107.98731926963708,5.683543119454583,0.0174381930700845,113.67086232097782
E01003227,1639.0,6686.670741308349,3198.5051013945977,0.0,0.0,0.0,0.0201111040749567,65.2756142750364
E01003228,1578.0,10969.36471358976,5116.256292270003,0.0,0.0,6.951435179714677,0.0031632542101462,125.125833159679
E01003229,1686.0,7969.902970902285,5024.91509968513,14.181322012281646,47.27107337427216,4.727107337427215,0.0090848768062918,70.9066100189473
E01003230,1997.0,9353.000963798411,3493.9102248340587,9.367051541110078,14.050577311665116,0.0,0.0087167151101691,103.0375668903584
E01003231,1551.0,8855.6487950399,5047.320138501143,79.93493432015383,142.74095414313186,17.12891449717582,0.0121965004100288,85.64457243441639
E01003232,1706.0,8389.262149057611,3407.830404042746,14.75251257161362,24.587520952689367,4.917504190537874,0.0083062810967815,118.02010050207352
E01003233,1837.0,13130.29181457932,4724.617795011938,0.0,7.147681989428046,0.0,0.0082396284680443,185.8397316133452
E01003235,1422.0,2906.2443104322865,1232.3947392339444,16.35017896164437,12.262634221233276,0.0,0.0004395408473291,49.05053685550086
E01003236,1689.0,9424.836245198929,2689.621711181695,0.0,5.580128031497292,0.0,0.0042107265784436,89.28204845055441
E01003237,1689.0,6371.48828755682,3323.434684036447,7.544687137426667,7.544687137426667,3.7723435687133335,0.0021828923701979,60.35749706318041
E01003238,1480.0,11776.196419461745,2562.1184101801905,0.0,0.0,0.0,0.0005782232650576,95.48267361391125
E01003239,1612.0,7407.314776651537,2297.554211120204,0.0,0.0,0.0,0.0026243961308054,82.71195155052297
E01003240,1997.0,9209.971678570932,2033.8495294190188,4.611903694827707,27.67142216896624,0.0,0.0014221976779228,92.23807384118064
E01003241,1591.0,5630.616494153695,1684.5841930968943,0.0,0.0,0.0,0.0068234310219043,113.2493574510735
E01003243,1509.0,6315.114594030418,2460.760358707678,71.14443213950769,154.84376406834025,0.0,0.0020137630129255,100.43919825422806
E01003244,1902.0,28453.452889344426,6582.291940752653,14.959754410801484,29.919508821602967,14.959754410801484,0.0002987913485662,194.47680722435788
E01003245,1993.0,18210.345234412835,3499.529465519376,0.0,0.0,0.0,0.000131614820226,137.05728968990343
E01003246,2411.0,10077.636256839542,5086.886488831904,8.359714854284148,12.539572281426222,0.0,0.005106957923013,79.41729106798543
E01003247,2103.0,10491.40415160858,4090.799526542575,9.97755982083555,14.966339731253324,0.0,0.0006229857772543,74.83169861144634
E01003248,1641.0,6418.102608210516,2037.6791339900544,3.911092387696841,7.822184775393683,3.911092387696841,0.0055162832032614,82.13294009219047
E01003249,2057.0,18209.66651963153,5161.028478826048,0.0,0.0,0.0,0.0002519145632373,185.9032555578017
E01003251,1734.0,7668.913982344627,1919.4398317979053,8.845344846994955,35.38137938797982,0.0,0.0020722519899523,61.917413891800166
E01003252,1579.0,21760.570312227803,4230.839193067724,68.90617578286195,96.46864609600672,0.0,0.0028337950276563,82.68741088945484
E01003253,1422.0,9917.281063483431,5565.394014528678,48.81924574147963,230.1478727812611,20.922533889205557,0.0032061956583981,195.27698284836677
E01003254,1438.0,4485.759141338884,2096.265746161147,6.2388861492891285,3.1194430746445643,0.0,0.0126231853409337,71.74719067381403
E01003255,1990.0,10792.94005479193,7712.342089404083,141.01328714803526,254.9086344599099,32.54152780339275,0.0257115511479379,200.6727546669892
E01003256,2133.0,9583.533861287226,3949.332519489672,22.464917630771744,49.42281878769784,0.0,0.0083333234841376,89.85967046935366
E01003257,1602.0,7345.544508977928,2925.3791490186754,4.58523377589134,0.0,0.0,0.0110340889366526,114.63084432846584
E01003258,1547.0,12803.039637634569,2689.714209587094,0.0,8.276043721806444,0.0,0.0035987897309167,182.0729617709534
E01003259,1753.0,8414.889926616646,5217.903793629375,19.20111791583947,48.00279478959867,9.600558957919734,0.0112110092172957,120.0069869018487
E01003260,1661.0,7825.039157034303,2722.981717498993,0.0,0.0,0.0,0.0123322044720616,84.79873855639893
E01003261,1526.0,8405.334537716784,3299.341669785291,0.0,0.0,0.0,0.0130174875062146,121.17782419308172
E01003262,1524.0,9488.970530789038,3810.5314729940233,0.0,0.0,0.0,0.0145728950156431,112.07445502075198
E01003263,1801.0,5090.638837230513,2128.4014683145897,0.0,5.653124749839548,0.0,0.0048029478020025,87.62343357004958
E01003264,1643.0,7318.090005858863,2298.3167638607265,4.454102255544044,8.908204511088087,0.0,0.0046770195667177,142.53127209172715
E01003265,1646.0,7069.417543662506,2044.3759117760344,0.0,0.0,0.0,0.0040383711820913,77.3083327518008
E01003266,1721.0,10031.647127459575,2593.8890015801926,0.0,0.0,0.0,0.0032997128892511,104.92135280990324
E01003267,1758.0,5330.864041389738,1194.7442732124898,0.0,0.0,0.0,0.001328871863223,194.07013563367357
E01003268,1853.0,6258.312632774011,2131.136142083325,13.509579347596354,13.509579347596354,3.3773948368990885,0.0162130380402266,97.94445021125306
E01003269,1604.0,7740.366063904887,2325.970350874162,0.0,0.0,4.82566462836963,0.0111640083625523,101.33895713485772
E01003270,1645.0,5881.63850998954,2177.457661145064,0.0,7.150928279622541,0.0,0.0039269436368819,57.2074262026934
E01003271,1625.0,5418.108390431544,1630.4338479514,3.3342205479578726,6.668441095915745,0.0,0.00654875641502,113.36349856240408
E01003272,1994.0,13196.052939959014,5810.498736852564,33.08940055155219,59.560920992793946,6.617880110310439,0.0094813778581178,99.2682015950137
E01003273,1507.0,8229.55270645121,2615.763600789734,5.460884344028672,0.0,0.0,0.0035525218187322,70.99149642979874
E01003274,1590.0,10644.767248385902,4746.62891767648,60.25339951916548,87.03268819435014,6.694822168796165,0.0142339150895969,93.72751030682548
E01003275,1698.0,8743.566325255071,2893.9247790302416,0.0,0.0,0.0,0.0073019848713964,66.94132047115232
E01003276,1907.0,4128.440844039587,1915.92561456478,0.0,0.0,0.0,0.0067978264627967,67.11151866195513
E01003277,1674.0,12422.288193038132,5558.120583384445,7.420721740166148,7.420721740166148,0.0,0.0070100194145995,74.20721735717945
E01003278,2085.0,14104.145813344388,5614.600012026782,20.29373498322933,47.35204829420177,13.529156655486222,0.0129129110100058,135.29156647375717
E01003279,1530.0,8478.877849765073,3286.257885562541,11.083500457209244,33.250501371627735,0.0,0.0066956392961482,77.58450315383726
E01003280,1644.0,8156.617059335042,2123.498845131021,0.0,19.845783599355336,0.0,0.011913351628478,59.5373507623803
E01003281,1496.0,4250.4789564542125,2230.3649604388747,2.8412292489667195,0.0,0.0,0.0146629807012679,82.3956481705776
E01003282,2415.0,11166.53618406176,4138.322933637795,13.871473520573614,32.366771548005104,0.0,0.0205054885325907,83.22884107331377
E01003283,2127.0,9241.008071381702,4301.174419684008,30.412344381604097,65.16930938915164,4.344620625943443,0.0065687289127668,86.89241246670751
E01003284,1877.0,11682.801946323838,4854.867084780284,49.793508561849066,68.46607427254247,6.224188570231133,0.0049364202270837,130.70795989631893
E01003285,1751.0,7994.207863669735,4086.1313752052615,50.22060908073506,82.17917849574827,9.13101983286092,0.0064448774296102,118.7032577561335
E01003286,1736.0,9145.656995525063,5320.917952465618,5.268235596500612,42.1458847720049,0.0,0.0175895424017999,131.70588983344854
E01003287,1969.0,8028.621479911597,3889.946618504654,20.387560893630265,16.31004871490421,0.0,0.0122564623562861,73.39521917312408
E01003288,2158.0,12638.255120128331,4433.345285420364,76.13406698872488,263.54100111481694,0.0,0.0124470030286097,134.69873382227323
E01003290,1910.0,13228.655795997707,4522.676562715446,6.925997798951679,0.0,0.0,0.0111601792997012,117.74196251144387
E01003291,1544.0,5522.183726173918,18383.43546148571,21.459263184613672,39.34198250512506,0.0,0.0104255437805056,103.71977199671234
E01003292,1791.0,13590.348812732196,6556.148170966286,83.46947902850596,144.17455468560118,7.588134457136904,0.0050349986264905,159.35082350435923
E01003293,1569.0,13989.482120530552,5599.359319116116,44.58088629869519,89.16177259739038,0.0,0.0054476047887056,89.16177254376592
E01003295,1786.0,9770.546983381497,4524.211845048431,10.941262019464164,10.941262019464164,0.0,0.01108990761438,114.88325113532724
E01003297,1701.0,4589.9635257999735,3197.59363790298,5.396782511228658,2.698391255614329,2.698391255614329,0.0038762231222595,40.47586880993597
E01003298,1280.0,9307.486499921242,2566.830261306405,0.0,0.0,0.0,0.0018275886744244,50.90031676578012
E01003299,1790.0,11722.538843535423,6706.078087028086,58.94013943677029,176.82041831031086,6.548904381863365,0.0144468529131957,144.07589631468178
E01003300,1487.0,12884.649007931675,4687.690056012802,0.0,60.65403029961112,0.0,0.0026966443459195,138.63778345880837
E01003301,2632.0,12152.339579766644,4298.566925821712,9.234300592527845,9.234300592527845,0.0,0.0025120105991233,78.49155498929123
E01003302,1867.0,15050.46545919239,4651.375773944301,24.18392950057695,24.18392950057695,0.0,0.0084899331577307,120.91964743037164
E01003303,1719.0,7578.604600969709,4858.419005391867,123.44440304080968,198.3927906013013,13.226186040086752,0.0181634080358845,167.5316897404482
E01003304,2246.0,12987.266745635165,7945.015364426853,161.90715444246862,433.6798779708981,40.47678861061716,0.0019870148660437,156.12475597618703
E01003305,2292.0,20401.989748336808,5803.707380416928,0.0,0.0,0.0,0.0063691051038946,106.81670018902808
E01003307,1599.0,11094.82445219878,3913.371476572928,0.0,6.938601908817248,0.0,0.0022756511693506,117.95623237914448
E01003308,1789.0,11198.235533656563,4550.652449954344,6.259494429098135,6.259494429098135,0.0,0.0109852908464817,100.1519108052505
E01003309,1620.0,10135.677587879112,2809.209405529458,0.0,0.0,0.0,0.0043840553000858,143.9015952972298
E01003310,1589.0,9998.573789901428,5153.449926953599,25.16947461271599,125.84737306357997,18.877105959536998,0.012035239269517,106.97026703991672
E01003311,1596.0,8505.093492267144,2861.6761938267277,0.0,0.0,5.329005947535805,0.0031392451704814,154.54117238598883
E01003312,1756.0,8822.57575724699,3848.5723405758513,0.0,5.024245875425393,5.024245875425393,0.0055914629699991,125.60614681030113
E01003313,1571.0,6711.926904619091,2589.069194270636,4.272391409687518,0.0,0.0,0.0006157959864778,68.35826251398764
E01003314,1645.0,10849.543883894485,4761.927467581652,0.0,0.0,0.0,0.00093640126719,98.93201103979648
E01003315,1306.0,9002.18327443049,4053.050356328582,0.0,13.785885565743476,6.892942782871738,0.0262313617020996,110.2870844597772
E01003316,1477.0,10179.00100086314,3880.0118913242704,0.0,0.0,0.0,0.0292439957083722,144.72513262679942
E01003318,2075.0,5967.420384265404,5616.564824323053,83.4000921174442,218.5657586526124,11.503460981716442,0.0349304705117716,135.16566645394158
E01003319,1794.0,13424.338863877323,4040.770895481469,52.38036345994497,97.27781785418352,0.0,0.0130314753978876,112.2436359185429
E01003320,1586.0,8643.185366097132,2594.045544932052,21.798702058252537,59.94643066019448,0.0,0.0053207285477662,54.49675511302158
E01003321,1748.0,10642.815286250549,4304.616937859919,12.17713419479468,54.79710387657605,6.088567097397339,0.0218463899869877,103.5056405936097
E01003322,1631.0,10955.673941562429,7778.461326995275,13.434302810009113,47.02005983503189,0.0,0.0088862969904484,100.75727101459714
E01003323,1510.0,8745.595619713049,2687.388322878712,5.791785178617912,5.791785178617912,0.0,0.0021814321215229,46.33428140115646
E01003324,1688.0,18021.611856284315,7718.972376832677,96.08679307260594,213.5262068280132,0.0,0.0055026963129698,160.1446550250981
E01003325,1816.0,13542.211866062036,4481.756239814584,7.4571651244835,29.828660497934,0.0,0.0137469960418433,74.57165119998191
E01003326,1814.0,13138.451460417256,4773.009654032509,14.485613517549346,43.45684055264804,7.242806758774673,0.0081995280659402,166.58455535201546
E01003327,1631.0,7934.980021126014,4587.790410742999,58.38121413458747,160.54833887011554,14.595303533646868,0.0069919320895971,107.03222584908612
E01003328,1773.0,9240.535950592532,3898.432538659455,10.423616413527954,26.059041033819884,0.0,0.0027153705779659,93.81254766536418
E01003329,1641.0,9331.79578571704,3775.936868809332,0.0,5.686651910857428,0.0,0.0001939265952352,125.10634196368856
E01003330,1591.0,6078.36045531541,1547.2884879966946,0.0,0.0,0.0,0.0043660746237082,80.22977340355517
E01003331,1522.0,9793.813312713595,2850.630287471829,0.0,0.0,6.434831348694873,0.0102192595601644,167.30561496565758
E01003332,1592.0,7903.066192402308,3276.3967883074897,0.0,0.0,0.0,0.0065788782927247,119.14170132152022
E01003333,1535.0,12520.811402644518,4845.186953205762,0.0,8.156880392602293,0.0,0.0029572628526088,138.66696659076695
E01003334,1785.0,10458.733093535457,4728.402020438719,41.01463958249199,164.05855832996795,17.57770267821085,0.0072716066036676,117.18468445111968
E01003335,1514.0,12873.941308630374,3409.8087614007795,0.0,0.0,0.0,0.0003945457285151,119.0456923460168
E01003336,1532.0,11987.29435009405,2926.402145519044,0.0,15.649209334326436,0.0,0.0074741430466621,109.54446527454448
E01003337,1433.0,10971.201748243222,3230.877276872742,0.0,0.0,0.0,0.0053012113699136,84.21718015229035
E01003338,2027.0,14534.894183664268,5198.71646924351,64.53579065267806,143.41286811706237,7.170643405853117,0.0133715485507719,157.75415483410373
E01003339,1690.0,11309.653001350607,4028.6456253331753,0.0,0.0,6.6921023676630815,0.0110802476106351,107.07363781846122
E01003340,2067.0,11637.075999200948,6305.527391923108,11.259870342719834,16.88980551407975,0.0,0.0310028656000934,67.55922201570411
E01003341,1383.0,7712.371317665183,3580.1463383521677,11.153103857794912,0.0,0.0,0.0015574152244179,39.03586347886046
E01003342,1696.0,10105.767477270569,5434.233454758702,0.0,5.958589314428401,0.0,0.0040527271759174,95.33742897386276
E01003343,1451.0,11258.152629729471,4135.489560059137,0.0,7.758892232756355,7.758892232756355,0.0096556641443912,108.62449119358504
E01003344,1674.0,9016.496512395748,3457.939522675072,0.0,10.772397266900535,0.0,0.0069783379853441,59.24818493234868
E01003345,1960.0,12598.364472791489,6292.75449941983,12.855473951828047,32.13868487957012,6.427736975914024,0.0190252580882726,115.6992654970406
E01003346,1669.0,4812.909253076969,1309.2035955044605,2.883708360141983,2.883708360141983,0.0,0.0103068483304022,196.09216837208456
E01003347,1750.0,12314.8329963845,2617.7816426600198,0.0,0.0,0.0,0.0008953222526695,112.5927587563136
E01003348,1788.0,5484.916337437027,2015.430667615284,0.0,0.0,0.0,0.0069775327958041,128.84031657367103
E01003349,1545.0,11173.952906053655,3037.579430771868,0.0,0.0,0.0,0.0035695563852873,79.55565171065922
E01003350,1321.0,5448.304237781451,1072.3384570955166,0.0,0.0,0.0,0.0020595768717603,107.23384564512466
E01003351,1690.0,9278.654291838258,2064.363321734429,0.0,0.0,0.0,0.003861933107555,104.31623162083476
E01003352,2288.0,10361.760364498095,2250.7844847707843,18.11496567219947,27.172448508299208,0.0,0.0083572875621221,72.4598626454539
E01003353,1785.0,6976.440663634923,2606.882869828848,0.0,11.72511035905029,0.0,0.0041110246207786,179.78502539757426
E01003354,2057.0,5643.605980715947,1605.0119099265091,0.0,0.0,0.0,0.0088324961694923,208.5143676600552
E01003355,1768.0,12099.973859051564,8219.495817149846,47.90713631977429,95.81427263954858,0.0,0.0103418277503528,164.25303871173494
E01003356,1838.0,4065.445030311325,4337.506912100386,4.423770435594478,19.90696696017515,2.211885217797239,0.0067734467893684,59.720900844699976
E01003357,1867.0,5631.6508854368885,4452.231765883689,3.0164171855580557,9.049251556674164,3.0164171855580557,0.0105746513360761,138.75519045230558
E01003358,1792.0,11627.643819434245,7410.027478679635,25.95456209695144,38.93184314542716,6.48864052423786,0.0049665062202232,110.30688884583869
E01003359,1748.0,10394.632789145078,7498.645278668159,11.893172527625946,23.786345055251893,11.893172527625946,0.0029631387336593,136.7714839856814
E01003360,1788.0,12934.333244114394,7262.903007321505,57.87173711013151,65.10570424889795,7.233967138766439,0.0020894247593143,115.74347415073407
E01003361,1672.0,7896.751146442142,2767.641251085583,0.0,18.891749154167805,0.0,0.008256550050118,193.64042871421455
E01003362,1382.0,3253.0083628502475,1059.2284828383583,0.0,4.70768214594826,0.0,0.0041544868420723,80.03059643313402
E01003363,1698.0,3679.899256434063,1365.3336463801293,0.0,0.0,0.0,0.0022611503673513,108.35981313969953
E01003364,1817.0,8250.232428524443,2392.8852448169405,0.0,0.0,0.0,0.0024087026491705,186.16374758812276
E01003365,1486.0,4448.1715800526745,1299.1295193424364,0.0,0.0,0.0,0.0046747984466558,101.77512357394922
E01003366,1736.0,3086.464304647049,1358.3287608008902,0.0,1.7779172261791758,0.0,0.003138586388821,44.4479306278132
E01003368,1672.0,10913.27846925157,3635.583796275792,0.0,0.0,0.0,0.0007910055965373,137.0686888254672
E01003369,1641.0,17729.215815726493,6871.28656843513,0.0,0.0,0.0,0.0001945830781459,172.86255507708051
E01003370,1989.0,13066.896602519502,6149.127812950354,26.27832398696733,19.708742990225492,6.569580996741832,0.0035464276747665,151.10036283400368
E01003371,1551.0,12449.714499103287,4663.626127646041,0.0,0.0,0.0,0.0034821645425082,104.34963790529986
E01003372,1704.0,13350.325515620994,4520.620787859926,0.0,31.338792290190128,0.0,0.0003390122146393,101.85107488200036
E01003373,1551.0,9217.494702136,2799.1231493913965,0.0,23.77174649164668,0.0,0.0044766303461505,95.08698590946598
E01003374,1811.0,5384.356352806463,2666.906487281832,2.973139896635264,5.946279793270528,2.973139896635264,0.0211905806249153,89.19419684555281
E01003375,1779.0,975.0657436768092,1239.7969152315584,1.0961953273488578,0.0,1.6442929910232869,0.0261093183416641,38.36683643418657
E01003376,1571.0,7935.745419328995,2424.6707837542444,0.0,10.10279493230935,0.0,0.0025424893745653,121.23353911482862
E01003377,1641.0,14715.937959435409,2528.881477489814,0.0,0.0,0.0,0.0019316923157112,116.57964250947636
E01003378,2240.0,10010.996218511133,3624.5169344698793,0.0,0.0,0.0,0.0063759731975433,120.66825791856884
E01003379,2025.0,15024.66998781505,3591.081616840733,0.0,29.678360469758125,0.0,0.0061013221713061,126.13303192082522
E01003380,1746.0,7576.499824657496,3562.603869440896,4.33934697861254,13.018040935837622,0.0,0.00319353664029,69.42955161614222
E01003381,1572.0,10005.955046885076,5760.425774447197,44.5557794708623,108.20689300066556,6.365111352980328,0.0005927573298233,108.20689293569112
E01003382,1783.0,10876.769439312706,4642.300360805928,6.100263286210154,6.100263286210154,0.0,0.0037693681778102,73.20315939064211
E01003383,1647.0,6527.876080619195,6305.920366888367,59.452423320757696,87.1968875371113,15.853979552202052,0.0020946593085834,138.7223209985128
E01003384,1683.0,11094.961652288775,5676.032075235077,0.0,6.592371748240508,0.0,0.0029046773029943,79.10846093153422
E01003385,1636.0,8250.216588992596,3630.90216630481,0.0,5.042919675423348,0.0,0.0019006639115487,75.64379508602752
E01003386,2272.0,14264.906202077516,3434.3766252360915,0.0,0.0,0.0,0.0137848879927228,263.6998504084426
E01003387,2085.0,9049.098557171372,2734.2599956920694,4.340095231257253,4.340095231257253,0.0,0.0073827414650051,125.86276163100388
E01003388,1727.0,11864.897302152309,3373.285799280129,0.0,0.0,13.740471687495434,0.0114226954831716,123.66424511319715
E01003389,1796.0,9641.860865791125,4241.1303362889685,48.316674717216095,139.58150473862426,0.0,0.0211916152033569,171.79262111339446
E01003390,1787.0,19194.21817876656,6487.58129825126,21.48205727897768,32.22308591846652,42.96411455795536,0.020391293888713,150.37440086237342
E01003391,1322.0,15175.362021493953,2399.130607028923,0.0,0.0,0.0,0.0051070906370031,149.22821948672404
E01003392,1416.0,5817.731338198685,2107.6950398982526,0.0,4.10856732923636,0.0,0.0178145281870491,127.36558712976309
E01003393,1620.0,21345.66061474002,8959.906924705687,52.705334851209926,237.17400683044468,13.176333712802482,0.0007512593576601,171.29233816405673
E01003394,2064.0,13074.29858208808,4237.745034601224,0.0,0.0,12.668893974891551,0.0060422044211171,202.70230347642809
E01003395,1636.0,7538.670849202875,3257.8485882557657,0.0,0.0,0.0,0.0126191026381667,179.71159104084418
E01003396,1507.0,15333.489855742122,5219.694954210822,0.0,0.0,0.0,0.0003142455719692,132.27297146997378
E01003397,1522.0,11937.47798286199,3843.209074640194,0.0,0.0,0.0,0.0005967071997562,156.8656764217376
E01003398,1911.0,9153.16518829783,2643.9284060389336,0.0,4.789725373258937,0.0,0.0095488684801198,119.74313425961893
E01003399,1406.0,10902.53926052415,4683.594390723035,0.0,0.0,0.0,0.0035544189763837,147.3316115401403
E01003400,1461.0,8214.59274191998,6173.59536661748,44.98065840887053,84.33873451663224,0.0,0.0042583847457554,123.69681055009092
E01003401,1408.0,7870.464204522624,8200.26348582009,55.89818327075727,117.38618486859026,22.359273308302907,0.0018102796470866,111.79636647436358
E01003402,1487.0,6434.5139521656265,6525.384693924522,21.635890894975205,17.308712715980164,0.0,0.0038432450249289,73.56202899858691
E01003403,1481.0,5942.582645346869,4863.207404564757,8.02509472700455,8.02509472700455,4.012547363502275,0.0009706970939288,76.23839986075907
E01003404,1833.0,8575.35927704264,4907.556945781631,0.0,0.0,0.0,0.0016319836713433,191.81109118794976
E01003405,2432.0,8731.497506220145,3084.02810766575,0.0,7.180507817615252,0.0,0.0105018719595907,96.93685547967914
E01003406,1688.0,8919.737704629237,2842.9021831105038,0.0,5.284204801320637,0.0,0.0022394114574677,84.54727677036433
E01003407,1945.0,9857.168036674057,5138.904056137529,0.0,15.203858154253044,0.0,0.0262301923461089,70.95133801047461
E01003408,1948.0,12051.644385945165,4534.83333413645,0.0,6.186675762805525,0.0,0.0063863870461748,142.29354245895473
E01003409,1800.0,7910.827737278514,2157.8980105576397,4.394904298488064,0.0,0.0,0.0062919612180364,105.4777031004678
E01003410,1633.0,12919.005105725577,3457.19854941952,0.0,15.822418990478353,0.0,0.0057364881875399,71.20088541422992
E01003411,2035.0,9649.060283041532,2778.55003727879,14.22465889391872,33.19087075247701,4.741552964639573,0.0056387248845289,146.9881418154959
E01003412,1755.0,8361.063207164962,2258.201686721477,0.0,0.0,0.0,0.0141099473630554,100.0469101111508
E01003413,2082.0,6926.783583561946,2468.623159943787,16.634926953799102,29.942868516838384,0.0,0.0035961926400487,66.53970777531903
E01003414,1724.0,7641.34892204468,2211.736143909684,8.864673923485707,8.864673923485707,0.0,0.0093759447361905,146.267119649614
E01003415,2390.0,11020.38602260839,3080.174838118161,4.611040176823595,18.44416070729438,0.0,0.0055672378289322,106.05392400338394
E01003416,1586.0,4947.963951226518,1513.0911200156754,0.0,0.0,0.0,0.0109628027841067,74.87461207946613
E01003417,1591.0,5368.305705937228,1528.4993619041886,6.748341553660877,13.496683107321754,0.0,0.0060187301766099,141.71517254166884
E01003418,1442.0,9394.672321356116,2553.891504834673,0.0,0.0,0.0,0.0027825807436201,182.42082166421105
E01003419,1824.0,3025.87604395638,1380.2241604011554,0.0,0.0,0.0,0.0010875855149138,150.96201745326246
E01003420,1483.0,7699.883702823401,2689.5075914110057,0.0,5.192099597318544,0.0,0.0009776287423551,134.9945894489412
E01003421,1594.0,5893.7988738804825,1989.249557181744,7.394979766474885,18.48744941618721,0.0,0.0027732978136437,147.8995952406384
E01003422,1465.0,5040.002320443248,2552.6837691255223,10.320823864388904,41.28329545755562,3.4402746214629683,0.0071628480542832,161.6929071116699
E01003423,1643.0,8067.854171667801,5322.917785811258,34.373085332729524,54.01484838000354,0.0,0.0054141115353374,73.65661138304797
E01003424,1533.0,5133.073979057648,1858.35359320091,0.0,0.0,0.0,0.006084502158453,70.31608186264162
E01003425,1488.0,5461.847471960848,2272.0991835643576,0.0,0.0,0.0,0.0095789319814951,117.45908534798777
E01003426,1756.0,4442.831393886162,1844.4328508787085,0.0,0.0,0.0,0.0131144173258101,126.50431068392064
E01003427,1976.0,5727.0524260330685,5509.67948476157,46.37289413791959,63.76272943963943,0.0,0.0114919874166506,127.5254588026723
E01003428,1515.0,4980.038612778962,1929.5595153143563,6.574308399708199,23.0100793989787,3.2871541998541,0.0086730118374153,95.32747173853636
E01003429,1630.0,11121.844496436735,3015.862127254624,0.0,0.0,0.0,0.0006202441705833,231.9893942651969
E01003430,1675.0,14155.29244276349,2839.509409414049,0.0,8.450920861351337,0.0,0.0264232175841466,278.88038825709805
E01003431,1702.0,13293.65494758856,2507.205192817819,0.0,0.0,0.0,0.0107992869121209,226.50763410648804
E01003432,1705.0,3444.637381120894,668.7243244287483,0.0,0.0,0.0,0.0125643190922496,60.60945534996876
E01003433,1595.0,5798.10498225228,2580.974631598194,3.6351755374622448,18.175877687311225,0.0,0.0111310988158722,156.3125480171154
E01003434,1545.0,8434.54042921811,2500.33625668731,0.0,0.0,0.0,0.0068959482234636,240.20697648120776
E01003435,2124.0,2629.9399242979407,650.0557722487847,1.2382014709500662,0.0,0.0,0.0329452004692244,49.52805880826934
E01003436,1742.0,8094.9936102799375,2132.9518180932787,0.0,0.0,0.0,0.0095609845512085,88.29212313591457
E01003437,2031.0,5226.282020590471,1845.0242288347451,0.0,7.719766647844122,0.0,0.0223084336851743,82.34417752759346
E01003438,1827.0,9462.141597089249,3081.540366868145,0.0,0.0,0.0,0.0057035026908692,77.68589155498357
E01003439,1590.0,4309.594519054398,2078.905029002971,21.683494435493827,37.9461152621142,5.420873608873457,0.0245231352252215,94.86528809826498
E01003440,1669.0,3682.248180170784,1416.4190123844478,4.4125202878020175,26.475121726812105,2.2062601439010088,0.0373828945009388,61.77528399220124
E01003441,1898.0,8686.769471529558,2292.9776107672856,0.0,13.730404854893926,0.0,0.0217341518025339,114.42004038885054
E01003442,1682.0,6563.436823729024,3554.869766003056,0.0,0.0,0.0,0.0005957569803302,124.8691903885176
E01003443,1630.0,7427.979626394814,3467.909506556106,9.11408543115928,13.67112814673892,0.0,0.0010930775569495,86.58381154402176
E01003444,1611.0,6058.085910083474,2350.281622471863,0.0,0.0,0.0,0.0031300795513876,124.09486959199572
E01003445,1808.0,3768.116014868441,1423.4641803955449,2.084134963975908,14.588944747831354,0.0,0.0056331252795115,50.01923910538446
E01003446,1964.0,8270.75825721349,5786.1618357491525,71.59006638117583,235.8261010203439,4.211180375363284,0.0034300177916826,126.3354111852136
E01003447,1608.0,4045.3160739556233,2397.5038672137493,2.51574382708683,7.547231481260492,0.0,0.0075823834889359,52.83062033710053
E01003448,2301.0,11508.686596864169,3306.0590354312108,0.0,0.0,0.0,0.0028407731666893,145.04646288944377
E01003449,1873.0,6177.241216764717,1879.8865422081624,0.0,0.0,0.0,0.0079260221675038,115.43162971536285
E01003450,1798.0,7895.332257547311,2142.893293483364,0.0,0.0,0.0,0.0047503724649578,131.73524337285644
E01003451,1943.0,3377.7617224575924,952.6574492572108,3.4768520045883604,0.0,0.0,0.0073828630245488,69.53704004999693
E01003452,2226.0,6645.982695390902,2469.1049816209684,0.0,2.9856166645960927,0.0,0.0045611944723159,98.5253498724162
E01003453,1839.0,9127.650605894833,3980.628486094429,4.963377164706271,14.890131494118814,0.0,0.0091670410044149,89.3407889111852
E01003454,1362.0,8766.927356185837,4467.142133034487,0.0,0.0,0.0,0.0007163852809876,109.42567178119202
E01003455,1670.0,7756.343043504079,3492.6766279730946,0.0,0.0,0.0,0.0004253531195444,92.89033579438008
E01003456,1602.0,6758.864249707911,9345.1212940718,156.10360626666213,324.86426169008064,16.876065542341852,0.0013490558543096,156.10360617296027
E01003457,1629.0,11499.285840866314,5435.512644240062,0.0,7.059107330181899,0.0,0.0001405634493914,56.472858607592
E01003458,1757.0,12973.992546412504,6217.473946544866,36.92086666594338,14.768346666377353,0.0,0.000284076942404,95.99425327370244
E01003459,2181.0,11643.703112616837,5605.634235785272,10.6773985443529,26.693496360882246,5.3386992721764495,0.0005471663332861,128.12878245517706
E01003460,1405.0,394.6610156053529,377.52626688512055,0.8426925600114298,0.5617950400076198,0.8426925600114298,0.0006545543214147,21.910006547148072
E01003461,1448.0,5304.195389688076,4542.266770174871,69.59924889784077,172.1665630630798,3.663118363044251,0.0016867371343954,142.86161607282813
E01003462,1419.0,3227.112975101928,1107.5433536819162,0.0,0.0,4.548432663991441,0.000520827416277,70.50070624959062
E01003463,1505.0,2773.966360212564,1183.313224755127,1.8431670167525345,12.90216911726774,0.0,0.002362497827742,42.3928413598796
E01003464,1389.0,1761.1276207528558,1697.7320980475697,2.535820908211456,0.0,0.0,0.0029634113866174,77.34253765400989
E01003465,1312.0,2130.672312172365,1304.0623983798848,0.0,0.0,0.0,0.002909575449153,53.5916053807126
E01003466,1711.0,7237.565368935603,2631.072857672674,0.0,0.0,0.0,0.0010165208538626,59.22028936545861
E01003467,1766.0,4488.127028397351,1723.0748161117804,0.0,0.0,0.0,0.0004539582191099,53.36957391829454
E01003468,1761.0,3751.979101672952,1781.178040317199,0.0,2.130595742006219,0.0,0.0005803727960945,25.56714888872965
E01003469,1651.0,5538.055656961436,3431.514801375862,3.35436441972225,60.37855955500051,0.0,0.0088105517436332,120.75711903750518
E01003470,1998.0,7794.884742379312,3784.303403457424,54.61881200866385,113.13896773223226,3.9013437149045607,0.0089388485298837,101.43493652669588
E01003471,1723.0,5472.474462130231,3922.522321956376,0.0,6.3522628695649805,0.0,0.0027902281940004,95.28394298624714
E01003472,1352.0,15072.222724939313,6075.711083647874,11.14809373146399,11.14809373146399,0.0,0.0005538263290913,44.59237489907649
E01003473,1472.0,7125.0725089285215,3615.7806821804384,33.8828176375677,101.64845291270308,0.0,0.0035013191940974,77.44644026793861
E01003474,1355.0,2241.663230463613,1029.0144128032232,0.0,0.0,0.0,0.0022527995764382,21.50673208745267
E01003476,1335.0,7768.078637593676,3211.969593971318,29.09392748162425,58.187854963248505,0.0,0.0040955670273547,69.82542591400946
E01003477,1596.0,8672.844446897676,3814.747369500106,21.73645224786385,10.868226123931924,0.0,0.0042924078475122,108.68226117396804
E01003478,1911.0,5734.309232389153,4708.074927063622,21.00479572303719,39.00890634278336,0.0,0.0039910188324446,90.0205530446926
E01003479,1547.0,5171.890866701513,2059.3954582340866,0.0,0.0,0.0,0.0003569920776818,50.14761664768233
E01003480,2012.0,6974.503018776463,2010.5426197268137,0.0,3.4664527926324373,0.0,0.0065162621413071,152.52392278437182
E01003481,1476.0,2829.6751925373824,1989.9748305242567,11.502744685111312,5.751372342555656,1.9171241141852184,0.0035262151525797,84.35346097353855
E01003483,1654.0,6762.469453605139,1525.030898545778,0.0,4.08855468779029,0.0,0.0021752518200585,81.77109370663715
E01003484,1798.0,18026.79751331529,4321.217868875912,0.0,0.0,0.0,0.0008906790050901,160.41644051184815
E01003485,1688.0,11065.279199385564,2897.42500363058,0.0,0.0,0.0,0.0011964742044532,157.3262444468576
E01003486,1206.0,5504.759340092732,3898.063413299497,4.5644770647535085,41.08029358278158,9.128954129507015,0.0104998779447785,104.98297242627868
E01003487,1353.0,10862.202316151395,4327.218808873321,0.0,8.028235266926384,0.0,0.0060391681559569,192.6776462904549
E01003488,1983.0,15457.74516380453,2174.841603984601,0.0,7.795131197077423,0.0,0.0005888868380786,93.54157430899691
E01003489,2993.0,24490.560684401276,6742.473105227748,40.91306495890623,147.28703385206245,0.0,0.0007507295616629,114.55658181600256
E01003490,1994.0,19776.05429145588,4195.221146081162,9.917780487189509,19.835560974379018,0.0,0.0009921267367699,99.1778048123953
E01003491,1980.0,19216.862473361623,5182.729576149044,58.23291658594432,252.34263853909204,9.705486097657383,0.0052951850968048,184.4042357447803
E01003492,2032.0,20936.309566691423,4708.608992115148,0.0,20.60660390422384,0.0,0.0010980968483299,144.24622724310464
E01003494,2116.0,20214.350177822544,4470.848716077954,0.0,19.10619109435023,0.0,0.0003600069066376,105.08405095610335
E01003495,2075.0,17540.328273195275,4049.0685507761614,0.0,16.906340504284604,0.0,0.0002530139991988,92.98487271775345
E01003496,1342.0,7133.972119658804,2147.633931700564,15.947776720548742,21.263702294064988,0.0,0.0026112372172226,37.211478992356966
E01003497,1648.0,2420.5851880178216,3297.4597979975783,4.406405075275161,8.812810150550321,5.875206767033547,0.0098963020966403,80.78409299821722
E01003498,1868.0,7965.495982048077,2034.0158369576727,4.264184144565352,25.58510486739211,0.0,0.0024281038515399,81.01949869826325
E01003499,2373.0,13983.667839690404,4083.726006281269,58.9282251988639,182.6774981164781,0.0,0.0086978624333587,212.14161058878312
E01003500,2049.0,2797.2524822035534,3455.268927504731,4.095538041293636,10.92143477678303,1.3651793470978788,0.0071393805652566,61.433070582489165
E01003501,2355.0,14931.468068435544,4203.636233279305,57.06293529338424,63.4032614370936,12.68065228741872,0.0051240875762976,114.1258705183529
E01003502,2671.0,17274.883311964208,6900.898724771924,142.28657164478193,297.5082861663622,19.40271431519754,0.0105108670639561,187.5595716009307
E01003503,2882.0,19562.3654428589,9231.373005651669,47.51441988203064,54.30219415089216,0.0,0.0090105478733227,156.11880808984972
E01003506,1425.0,13400.994955750955,2830.666302934062,37.6168279459676,28.2126209594757,0.0,0.0010837713508379,103.44627678920772
E01003507,2261.0,15555.765073491031,4988.027279204333,75.68041389137609,206.40112879466207,6.880037626488735,0.0037584628809425,151.36082769178032
E01003508,2558.0,19388.33226550991,6192.4423224869415,68.21539890132495,98.53335396858049,0.0,0.0022265439017484,106.1128426716779
E01003509,2065.0,20149.79284219417,5093.555381900899,0.0,29.273306792533905,0.0,0.0015921382322828,185.39760957523475
E01003511,1922.0,21057.895753899287,4963.17730307824,0.0,0.0,0.0,0.0007182590150537,208.16858433109343
E01003512,1980.0,15185.158949001772,3834.636098232771,30.677088785862168,53.68490537525879,0.0,0.0010868509511051,99.70053849452006
E01003513,1562.0,4405.608586531741,3017.9264965358275,5.640984105674444,5.640984105674444,0.0,0.0013221313779437,67.691809227451
E01003514,1658.0,9373.16255404082,3273.2576108502017,5.653294664680832,0.0,0.0,0.0002535719018596,67.83953593539539
E01003515,2108.0,2828.775587635206,1709.611052489209,17.445010739685806,12.077315127474789,5.367695612211017,0.0013071566764365,45.6254126764279
E01003516,1889.0,13921.31265374616,3058.41437337462,7.369673188854505,36.84836594427252,0.0,0.0055477664590539,154.76313687330062
E01003517,1884.0,6852.7116736515445,2658.881227940169,7.274640842517563,18.186602106293908,0.0,0.0040375053507044,105.48229215320396
E01003518,1638.0,9100.726362286858,2700.215514085112,0.0,0.0,0.0,0.0027626819098656,133.34397592443145
E01003519,1619.0,25894.60885867521,5422.033602897404,0.0,0.0,0.0,0.0002204475177735,143.94779468107384
E01003520,1983.0,14929.670227254845,6045.650626568654,7.528830170073043,60.23064136058434,0.0,0.0009807501930913,143.04777314516636
E01003521,2172.0,16125.862659591015,12042.425982438595,230.15733998495463,690.472019954864,7.424430322095312,0.0012954716273057,163.3374669883966
E01003522,1852.0,24004.19647049884,3655.066633196908,0.0,25.92245839146743,0.0,0.0007276424411552,51.8449167518786
E01003523,2464.0,11939.316795022543,3580.825938117556,14.536505838095628,48.45501946031876,4.8455019460318765,0.0118822189517821,121.13754857796836
E01003524,1930.0,21813.97664196384,4181.954071257316,33.90773571289716,101.72320713869148,0.0,0.0013865392122929,180.84125702683377
E01003525,2076.0,16055.401128662765,5034.713937745404,146.94249587889811,309.35262290294344,0.0,0.0016349807495446,108.2734179511051
E01003526,1880.0,17529.75434710219,6844.06366530479,9.324337418671377,18.648674837342757,0.0,0.003560799144246,111.89204895696533
E01003527,1828.0,11064.575143898732,2324.287119943716,18.15849312456028,24.211324166080374,0.0,0.0016539082703428,127.10945179569896
E01003528,1359.0,15920.455736269068,1839.228514050216,0.0,0.0,0.0,0.0013912950295583,82.00381904846324
E01003529,2417.0,20610.32747245583,6659.770689279273,34.108940790162734,0.0,0.0,0.0006803083220139,51.16341115460583
E01003530,1893.0,15900.145661268987,4535.699237762944,0.0,0.0,0.0,0.0005148342940208,92.39387330632428
E01003531,2253.0,10059.557078368816,4630.164531854622,22.324804878759025,13.394882927255416,0.0,0.0008030369796032,75.90433654218069
E01003532,2309.0,20780.04114913091,4229.804824639033,0.0,0.0,8.999584733274538,0.000258125581639,53.99750836727076
E01003533,2315.0,20474.86989015645,6288.3941649681365,0.0,0.0,0.0,0.0005935066383091,44.222181161642695
E01003534,2323.0,16852.46009264548,4222.183286233177,14.509220914890642,14.509220914890642,0.0,0.0004611978988491,65.29149407794016
E01003535,1856.0,3740.399199007824,1364.3589750691256,0.0,6.045903877706612,0.0,0.0113055801404709,100.76506456792347
E01003536,2120.0,12111.56449370016,2450.8779093383814,0.0,5.713002119669887,0.0,0.0044228264769825,74.26902751106073
E01003537,2161.0,11132.80981802938,3554.6685675336757,10.303387152271522,66.9720164897649,0.0,0.0028615444936237,61.82032287663141
E01003538,2137.0,12416.357248122566,3428.006914549515,34.86108726660524,52.29163089990785,0.0,0.0086316725993959,122.01380535971992
E01003539,2516.0,9914.201253238813,3144.4883148189874,3.940461547392215,19.702307736961075,0.0,0.0004931720744385,63.04738472047893
E01003540,2031.0,9728.41233785802,1839.3453164635544,0.0,4.78996176162384,0.0,0.0086587889420733,81.4293498988286
E01003541,2022.0,13257.849578755597,2884.991995377083,0.0,13.11359997898674,0.0,9.505232589727465e-05,45.89759989879838
E01003542,2234.0,16541.032583110707,4124.151812351237,14.808444568586127,96.25488969580984,0.0,0.0043620854205902,148.08444559647538
E01003543,2333.0,13965.396893863786,5752.5702593240885,107.74845438900478,143.66460585200636,0.0,0.0028843755651686,125.70653004514664
E01003544,1811.0,11941.373466356645,4958.538291938264,52.75040736104536,92.31321288182936,13.18760184026134,0.0044731674320928,131.87601832351643
E01003545,1753.0,10258.190577163408,3253.5960986325467,0.0,5.851791544303142,0.0,0.0036983369572611,105.3322477344599
E01003546,1788.0,15791.681871082672,3868.432136204816,0.0,44.16018420325132,0.0,0.0012185882564993,114.81647885955256
E01003547,1955.0,11003.020542829085,3967.841167618672,0.0,33.768861001009974,11.25628700033666,0.0004714585604238,67.53772196152985
E01003548,2248.0,9823.741464266435,3539.693321199205,13.10997526370076,61.17988456393688,0.0,0.0009981063327137,74.28985978302882
E01003549,2119.0,17757.96082934161,4852.222425761582,16.760699225428606,108.94454496528594,0.0,0.0052734491701991,159.22664254567746
E01003550,1779.0,15556.65784499516,4311.09180302564,8.744608119727465,96.19068931700212,0.0,0.0008859647108739,139.91372983159363
E01003551,1830.0,19263.623858669416,6758.058206156155,0.0,10.52657041457345,0.0,0.0112971587081899,157.8985561238279
E01003552,1597.0,14778.802345049962,3525.813208180361,0.0,0.0,0.0,0.0006973892175635,101.79513193351502
E01003553,2021.0,19463.12514389493,5537.5046797326,0.0,9.630442921274089,0.0,0.0066083084803248,105.93487207030036
E01003554,1899.0,19053.529858235022,6602.012978788122,50.16727187528968,70.23418062540556,0.0,0.0012169288151893,180.6021786421413
E01003555,1884.0,11266.970158809823,2918.4084063159207,0.0,11.960690189819346,0.0,0.0038967190946117,29.901725456674725
E01003556,1969.0,14199.094963983242,4622.458035506988,72.11322988310432,201.9170436726921,7.211322988310433,0.0056096304822619,100.95852177564812
E01003557,1956.0,11049.596192858957,3965.6526213634897,11.2981556164202,45.1926224656808,0.0,0.0004833949201268,84.73616707227029
E01003558,1715.0,11456.892639407091,6059.126311336579,173.69050065573435,354.06140518284315,0.0,0.0130071159398125,100.2060580104612
E01003559,2390.0,15377.204791111986,6491.882692147278,19.30193070014057,38.60386140028114,0.0,0.0050488463303121,109.37760723525128
E01003560,1676.0,21440.601361406854,3466.827547100989,0.0,0.0,0.0,0.0004433000722545,76.75632941017041
E01003561,1714.0,21470.627323490746,4559.689816657312,25.053240750864347,50.106481501728695,0.0,0.0011609254720474,25.053240735861447
E01003562,2100.0,20493.587567985676,5220.985404224921,19.51770244570064,58.55310733710192,0.0,0.0021103086047935,117.10621460383688
E01003563,2620.0,29234.5291968717,5690.6907978643385,0.0,44.632869002857554,0.0,0.0002669197870189,22.316434488030964
E01003564,2367.0,21536.44714400132,5377.28781668981,27.29587724208025,54.5917544841605,0.0,0.000637850566453,127.3807603865277
E01003565,2089.0,23574.37526159128,6342.172760657874,0.0,45.140019648810494,0.0,0.0007531867109604,124.13505395945296
E01003566,1962.0,19798.45841768156,8163.584536138828,595.3664865663669,302.72872198289843,0.0,0.003023264717449,201.8191478673846
E01003567,1936.0,19614.111331614706,8408.942358078617,50.65627926553384,81.05004682485414,0.0,0.0034755312759983,131.70632601130532
E01003568,2586.0,23867.957239706506,4744.056466051487,9.229681840567094,0.0,0.0,0.0003128231024206,92.29681835029028
E01003569,2465.0,23624.821505001597,9871.629269838391,115.0092730466609,460.0370921866436,0.0,0.0034339834505851,134.17748514068583
E01003570,1908.0,19123.958236765877,9652.18646855636,30.069116724474643,100.23038908158216,0.0,0.0046916725365168,90.2073501193173
E01003571,2278.0,21171.027359002328,6775.100502507768,74.34952540474917,102.23059743153011,0.0,0.0010348233250467,139.40536005043964
E01003572,1674.0,18096.16862203249,5578.030471307506,86.48109257841094,86.48109257841094,0.0,0.0035893679545175,108.10136565820108
E01003573,2329.0,23639.506552042127,6394.542347697097,71.05047052996774,91.3506049671014,0.0,0.0033440232939371,192.8512770373772
E01003574,2549.0,13362.698298994104,4592.280780666471,20.96931863318023,47.18096692465552,0.0,0.0047878055547927,62.90795586178145
E01003575,1659.0,11320.297185752135,4524.024734269841,6.823566718355719,13.647133436711435,0.0,0.0025095379285655,116.00063414242656
E01003576,1801.0,12461.340537449933,3535.6718570998974,0.0,20.75736902406985,0.0,0.0096520348162266,152.22070608527147
E01003577,2387.0,13670.840813475534,2078.9757919110257,0.0,5.727206038322385,0.0,0.0077552617619593,103.08970862778388
E01003578,1994.0,2410.3457973188274,759.1259582328103,3.626397889647183,1.208799296549061,0.0,0.0009437316052635,105.1655387366084
E01003579,1986.0,20389.65586258497,6077.883318555036,0.0,0.0,0.0,0.0010801434357505,71.866863520936
E01003580,2001.0,8873.68660253012,1458.9919501411343,0.0,8.86925197654185,0.0,0.0100444328141153,48.780885841712006
E01003581,1802.0,17524.803474628116,5125.178374655393,0.0,9.725196156841353,0.0,0.0007872211292103,68.07637305695494
E01003582,1598.0,18941.35217955364,3235.9131070201147,0.0,0.0,0.0,0.0048520431855119,106.67845401377213
E01003583,2096.0,21162.920039635097,5260.439570920747,30.290438988027336,40.387251984036446,0.0,0.0076624651237835,70.6776909296234
E01003584,1916.0,5861.836602296636,1379.7955676595943,0.0,3.059413675520165,0.0,0.0009047802213517,82.60416918948644
E01003585,1628.0,22178.02809975177,3896.140071578013,0.0,0.0,0.0,0.0001240734257525,27.245734749857206
E01003586,1833.0,12139.37238297623,2880.865786467354,0.0,66.22679968890469,6.622679968890469,0.0136754174342274,59.60411968424055
E01003587,2486.0,15399.764527155356,3989.319531572024,6.194595545919291,37.16757327551575,0.0,0.0042969275483476,111.50271975938132
E01003588,1560.0,20995.177749806848,5396.837357482401,0.0,0.0,0.0,0.0007678386485717,13.458447267388452
E01003589,1856.0,13717.642849734024,3111.5989438243664,22.172914089009737,14.781942726006491,0.0,0.0010273869749233,59.12777086863167
E01003590,1607.0,6204.454098775926,1490.3044692766068,3.860892407452349,7.721784814904699,3.860892407452349,0.000446189075996,84.93963291285652
E01003591,2256.0,13409.818537089608,6223.439720005682,89.16102750724473,124.82543851014262,11.888137000965964,0.0032316029666835,95.10509595071032
E01003592,1888.0,13075.149323776306,5214.823856357817,27.701587550373528,13.850793775186764,6.925396887593382,0.0013713910845662,96.95555636815874
E01003593,1508.0,13919.272771836217,3313.673027247481,9.23028698397627,9.23028698397627,0.0,0.0030680798784818,129.22401769811685
E01003594,1830.0,15758.440952829324,4408.91899882438,17.222339839157733,94.72286911536752,0.0,0.0021804547100821,146.38988854496492
E01003595,1810.0,20068.1515879816,7716.814091290162,44.34950627178254,166.31064851918453,22.17475313589127,0.0089849881231607,221.7475312253182
E01003596,1717.0,15485.562286897191,3382.111740003755,18.037929280020027,54.11378784006008,0.0,0.0052248312395199,153.32239878806254
E01003597,2189.0,24288.061937406885,5148.314636343899,0.0,11.095505681775643,0.0,0.0008836182411532,33.28651702534503
E01003598,1894.0,26189.939228065403,5282.236950961448,13.82784542136505,110.6227633709204,13.82784542136505,0.0020790287731704,221.24552660878044
E01003599,1650.0,12308.250927165722,3386.6338914746893,0.0,0.0,0.0,0.0005458792018027,89.51455214376116
E01003600,1629.0,14204.926737878552,3871.692738869293,8.720028691147055,52.320172146882335,0.0,0.0058834324394208,122.0804016026134
E01003601,2201.0,6076.857739025869,6159.686331561433,33.13143701422555,57.98001477489471,0.0,0.0046165875916185,104.91621714870874
E01003602,2187.0,18646.08164725224,5985.1620102291145,34.10348723777273,144.9398207605341,8.525871809443183,0.0081912314708489,42.62935902162103
E01003603,1940.0,9598.062325578469,16796.60906976232,9.89490961399842,4.94745480699921,0.0,0.0011339043186838,128.63382490477284
E01003604,2290.0,10631.48323058077,2191.2926134646827,13.92770728897044,9.28513819264696,0.0,0.0026196255242288,134.63450371271165
E01003605,2070.0,19419.849035128533,5188.007978949797,18.763139164375392,93.81569582187696,0.0,0.0036118534378672,187.6313915310206
E01003607,1895.0,15002.956143214084,3736.8840631118983,7.917127252355717,79.17127252355718,0.0,0.0047038901367445,126.67403596144916
E01003608,2034.0,21918.71536958299,5679.03785632755,0.0,0.0,0.0,0.0033982293494534,86.2093032699587
E01003611,1961.0,13233.600371830897,3205.48708649652,26.993575465233853,40.49036319785078,0.0,0.0015241935204405,94.47751407168404
E01003615,1703.0,15832.387701884563,4425.259275453349,46.48381591862761,83.6708686535297,0.0,0.0039017867052209,148.74821085026477
E01003616,1846.0,12650.759157992032,5407.068784212195,95.94291885801108,185.0327720833071,13.706131265430152,0.0072016086824961,102.79598442885045
E01003618,2269.0,14082.497636937944,11314.408634701576,62.06477583489618,74.47773100187541,0.0,0.0102428888724485,192.40080497272325
E01003619,2483.0,9743.887022794455,9590.841676886688,82.40903241187416,82.40903241187416,15.696958554642698,0.0218710321919388,117.72718908907326
E01003621,1652.0,24912.296659529013,4147.022749013607,0.0,0.0,0.0,0.0031999408693312,45.24024814396018
E01003622,1821.0,7405.152114227492,1882.8036402456505,44.73183594536102,77.26408026925995,0.0,0.022457977986216,101.66326345089328
E01003623,1756.0,6371.656915422818,2510.9263015219763,0.0,7.25701243214444,0.0,0.0049085806043686,65.31311185017708
E01003624,1689.0,11785.032427250222,3384.0975294353807,0.0,0.0,0.0,0.0019451303623376,48.842644725463465
E01003625,1682.0,5315.1169309506,1380.9192026310418,0.0,9.479994526071224,0.0,0.01018086694669,47.39997260189665
E01003626,1682.0,16547.203462519574,3335.0190093900924,0.0,0.0,0.0,0.0003832758836241,98.37814181107424
E01003627,1525.0,19856.85753202152,3854.1834947399134,0.0,39.062670554796426,0.0,0.0008496246420555,65.10445088560724
E01003628,1691.0,18172.63716721194,5018.69991548668,0.0,21.49336152242689,0.0,0.0010940968723839,150.4535305667962
E01003629,1947.0,30340.17619843496,5594.310865556318,0.0,15.583038622719547,0.0,0.0004287284265923,0.0
E01003630,1890.0,17999.382581496462,4914.1171492339545,95.23482847352624,304.751451115284,0.0,0.0075367009820493,219.0401053576639
E01003631,1866.0,11394.44589794777,3981.3390811693175,6.106348284002021,12.21269656800404,0.0,0.0049893889437009,91.5952242049488
E01003632,2425.0,17611.21456673101,4415.512765596889,0.0,0.0,0.0,0.0002019018700442,50.83649562592825
E01003633,1857.0,19416.48132372993,4443.728897461078,0.0,20.91166539981684,0.0,0.009212962977892,177.7491557916055
E01003634,1751.0,11979.287929402011,3680.672133648362,6.841398017933758,6.841398017933758,0.0,0.0018194547116406,150.5107563040203
E01003635,1825.0,4640.420996745487,1530.7032548168677,15.256178619437218,40.68314298516592,2.5426964365728697,0.0044151162094902,53.39662513597708
E01003636,2197.0,11012.467246124394,4305.73935567631,20.0500086411004,40.1000172822008,5.012502160275099,0.0084334376538354,90.22503883064348
E01003637,1889.0,20303.102896997538,6223.132121419574,0.0,0.0,0.0,0.0011745231924087,53.740346439435285
E01003638,1907.0,7149.5339768933,3426.677532711314,0.0,7.498200290396749,0.0,0.0094662807677125,97.47660371667322
E01003639,2256.0,2182.9183049515395,924.06337820422,0.0,5.805633789764733,0.0,0.0132163516347621,24.19014077618041
E01003640,1958.0,320.3547244318818,134.49008349489625,0.3272264805228618,0.3272264805228618,0.1636132402614309,0.0397746897267001,11.289313571263614
E01003641,2035.0,7767.455556933657,2801.627704564769,0.0,3.816931477608677,0.0,0.0234565204137127,114.50794425948736
E01003642,1766.0,5721.662694218297,2378.086306656982,0.0,0.0,0.0,0.0050803510552676,123.11618473937042
E01003643,2275.0,11468.624078146311,3080.144752416438,0.0,0.0,0.0,0.0252531237664621,100.82306875839606
E01003644,1656.0,10656.170217585368,2683.34721058762,0.0,12.869770794185229,0.0,0.0060334958399335,96.52328089837344
E01003645,2787.0,10934.10427572757,5641.636867060009,7.846504682976368,27.46276639041729,0.0,0.0282899077365954,78.46504678272011
E01003646,1916.0,9129.083211177118,3659.256736004189,42.88191487504909,142.93971625016363,0.0,0.0037839690774703,123.88108734244746
E01003647,1969.0,12348.293594292292,3342.631023746974,12.542705530007408,6.271352765003703,0.0,0.0122044825152921,137.96976074746507
E01003648,1513.0,6911.85322424671,1868.4388425095203,0.0,0.0,0.0,0.0070628682965397,100.50282276401398
E01003649,1676.0,9150.401993723406,2293.060165491546,0.0,5.459667060694156,0.0,0.0086327466178634,76.43533880381565
E01003650,1779.0,9040.343115662796,2693.3006471620474,0.0,0.0,0.0,0.0137117990454659,96.55228729309432
E01003651,1516.0,7995.26622521544,2151.7603033561345,0.0,0.0,0.0,0.0040452594267213,73.83491232576598
E01003652,1615.0,9435.032746965322,2699.061999441473,0.0,0.0,0.0,0.0035651221367875,99.31613411899268
E01003653,2163.0,10617.785637301806,6008.400194201299,4.908823688072957,29.45294212843774,4.908823688072957,0.0095878734332908,127.62941581332328
E01003654,1702.0,7333.136170797384,2171.504483009331,0.0,0.0,0.0,0.0012396197077729,137.87330042579538
E01003655,1571.0,6880.599460651551,2925.6781920529825,8.75951554506881,8.75951554506881,0.0,0.0018410760083569,74.45588208847619
E01003656,1559.0,2855.581550144921,1241.875747914212,12.821726010913691,14.653401155329934,0.0,0.0015940972999262,67.77198030271533
E01003657,2168.0,5020.484613177806,2190.6727140526773,6.947165055135341,39.36726864576693,2.315721685045113,0.0093547708983728,101.89175408076773
E01003658,1720.0,7501.404274450211,2424.87254453158,4.361281554912914,8.722563109825828,4.361281554912914,0.0003296976260464,104.67075725509204
E01003659,1756.0,4700.724717668702,1520.5077674463687,0.0,2.6769502947999446,0.0,0.0008136387618363,72.27765791630426
E01003660,1775.0,3285.712238591784,1110.6632919183494,0.0,0.0,0.0,0.0008658421667033,33.319898737527346
E01003661,2225.0,10694.14055313004,2821.33056390442,4.806355304777546,9.612710609555092,0.0,0.0102381248430042,120.1588825472957
E01003662,2142.0,11701.851261377737,4867.57678519494,5.463049141632929,21.85219656653172,5.463049141632929,0.0186172775227786,163.8914741509849
E01003663,1959.0,6138.959802333886,2491.3083424479014,0.0,0.0,0.0,0.0158083600807539,112.81396260914929
E01003664,1911.0,11514.127169746582,2470.325557088487,0.0,0.0,0.0,0.0038348072743594,114.47850135733144
E01003665,1710.0,10128.642545280904,2831.281366458639,0.0,0.0,0.0,0.0072440307677685,77.00137602898447
E01003666,2903.0,13337.420231864598,4125.733161630868,4.59435764101433,18.37743056405732,0.0,0.0100393124827962,124.0476562329261
E01003668,1719.0,7811.822447855073,4594.387722385967,40.899593967827606,145.42077855227592,4.544399329758623,0.0062028330856395,145.42077846503116
E01003669,1549.0,8413.676751101495,3345.916642142364,5.43168286062072,10.86336572124144,0.0,0.0131723633906174,97.7702914325752
E01003670,1532.0,6439.369473564194,2551.368975491818,0.0,0.0,4.203243781699865,0.007744152492731,117.69082581698386
E01003671,1557.0,7544.023929777538,2577.6626401038216,0.0,4.845230526510943,0.0,0.0057011027452598,111.44030204280854
E01003672,1697.0,9445.080185649298,4892.295511600314,50.09176291740936,44.52601148214165,5.565751435267706,0.0137069915284035,100.18352577494402
E01003673,1917.0,9829.99957174994,3368.966989379088,0.0,0.0,0.0,0.0149129433671252,51.27803633735861
E01003674,2424.0,8955.500822146258,7285.580701845058,59.11221664783008,173.64213640300088,11.08354062146814,0.0099427714473976,151.47505506915277
E01003675,1723.0,7511.893518607025,2171.168294989146,17.439102770997156,34.87820554199431,0.0,0.0024518327679671,126.43349501369408
E01003676,1941.0,10372.631397509072,2688.013185444134,0.0,0.0,0.0,0.0010012253500169,96.19132665789311
E01003677,1808.0,2980.6195136638507,2830.5993943367434,0.0,9.891436439149947,0.0,0.0042973112005921,51.10575490495424
E01003678,1639.0,6104.813886722426,1631.426773877012,26.073030632737638,22.348311970917973,0.0,0.0009853197945147,55.87077989374438
E01003679,1759.0,7977.07912422851,1995.4035330645504,0.0,0.0,0.0,0.0043147675624328,77.09513645844473
E01003680,1667.0,8048.084853968487,2534.639801039865,0.0,14.483656005942088,0.0,0.0102620449307847,91.72982131604856
E01003681,2026.0,4207.128950829606,2284.225985149342,4.153138154816985,16.61255261926794,0.0,0.0026224843958438,114.21129918897076
E01003682,1858.0,6718.889209532066,2068.46320121224,0.0,0.0,0.0,0.0017258449475035,130.18299859956815
E01003683,2187.0,18032.006974499847,3998.8675732201305,0.0,24.735263339505963,0.0,0.0035521372784924,82.45087774883179
E01003684,1866.0,16567.708165661323,3063.1614775740386,0.0,0.0,0.0,0.0046925292286332,79.90856023650795
E01003685,1925.0,16894.90494034982,3738.820521864429,0.0,52.659443969921526,0.0,0.002034581187943,70.21259191766137
E01003686,2020.0,12117.77704211333,2669.510288980412,0.0,0.0,0.0,0.0080045973033527,101.98129187729398
E01003688,1842.0,13860.490406385825,3431.2614686818324,22.574088609748895,37.62348101624816,0.0,0.0016911372324442,75.24696198745191
E01003689,2231.0,8888.924725783325,11514.564077774006,55.77989518644847,207.18246783538004,7.968556455206924,0.003797707756482,123.51262498161996
E01003690,2155.0,2791.653809339895,1781.2176277690744,38.86293006041617,36.27206805638843,0.0,0.013661408432826,49.22637804700051
E01003691,1606.0,7064.172108941244,2098.138291385413,8.797225540400055,26.391676621200165,0.0,0.0032729052012209,57.18196597837221
E01003692,1642.0,10686.818245848595,2746.5513396760707,0.0,0.0,0.0,0.0075741745120307,97.62623239443872
E01003693,1702.0,3808.060989748136,1235.046807485882,0.0,0.0,0.0,0.0007280064246609,60.40989815597776
E01003694,1467.0,6963.449403043747,1556.9266558952618,0.0,0.0,0.0,0.0034855943088159,75.9476417054989
E01003695,1523.0,11880.16076853428,2971.9903170135003,0.0,0.0,0.0,0.0044832398336543,78.00499515022597
E01003696,1784.0,9276.22465164914,3624.1752142373607,0.0,0.0,0.0,0.00407180001467,176.78903473422912
E01003697,1728.0,6329.92405078401,1626.438818604225,0.0,3.663150492351858,0.0,0.0011398670566936,120.88396617515777
E01003698,1526.0,8148.319189893619,2680.5086719047163,0.0,0.0,0.0,0.0019964832956543,144.17078505568733
E01003699,1554.0,1817.764884730541,979.0664147486892,4.678931492227905,19.8854588419686,0.0,0.0055576408995359,30.41305468119806
E01003700,2525.0,3816.295633679594,1781.945565191383,0.0,0.0,1.511404211358255,0.0340851164242272,49.87633894487887
E01003701,2053.0,6918.204124327148,3325.994871266875,43.80742991536918,121.3128828425608,3.3698023011822444,0.0139979858243708,121.31288276982848
E01003702,2252.0,7329.082924599987,2655.6534931055016,0.0,0.0,0.0,0.0057003215272544,87.87088758689688
E01003703,2651.0,2678.59974122682,678.9962376855613,0.0,0.0,0.0,0.0036167363538681,53.55178657103513
E01003704,2032.0,6948.624818689751,2150.927662871976,3.41959882809535,34.1959882809535,3.41959882809535,0.0183786431495549,102.58796478133549
E01003705,2420.0,7614.416887433002,3486.2702112709776,34.61098585196819,97.5400510373649,0.0,0.0102721192330235,119.56522378044616
E01003706,1702.0,8798.245484845676,2196.976692749361,0.0,0.0,0.0,0.0027624845466948,93.0484245780751
E01003707,1529.0,6112.920881496178,2398.791712817336,0.0,19.989930940144465,3.997986188028893,0.0046367790525304,63.96777897011785
E01003708,2064.0,4656.671593076091,1094.2275787993722,0.0,0.0,0.0,0.001893820107168,63.17190141851123
E01003709,1772.0,7563.139089926741,2044.437711103221,0.0,0.0,0.0,0.0030590549010237,81.0946064459513
E01003710,1520.0,6927.865920780645,1645.3681561854032,0.0,0.0,0.0,0.0016318844831094,91.15613048182732
E01003711,1912.0,5286.797607018106,2577.037327270332,22.120492079573665,49.77110717904074,0.0,0.0103742842314809,132.72295239783472
E01003712,1500.0,8794.08857234239,1547.759588732261,0.0,5.862725714894927,0.0,0.0033751465293477,87.94088567071466
E01003713,1884.0,12926.474688361295,2689.5849670051107,0.0,0.0,0.0,0.0129065681032523,68.61186136201117
E01003714,2424.0,13616.6105239614,4437.756730168939,0.0,16.85224074747698,0.0,0.0128699700771647,174.13982095286508
E01003715,2216.0,13928.988256753268,3739.958489516333,6.285644520195518,25.142578080782076,0.0,0.0118388572269506,119.42724581197008
E01003716,1819.0,5236.087800054884,1298.2273764841962,0.0,0.0,0.0,0.0086419564593848,34.5426352737287
E01003718,2003.0,13982.727135613384,3413.6563002071616,0.0,0.0,0.0,0.0030379960550318,48.86624557690748
E01003719,2404.0,6214.150345625102,2509.958396673034,2.5849211088290773,23.264289979461694,0.0,0.0157507768198153,74.96271211114774
E01003720,1922.0,3653.173619687311,1609.905336043263,7.602858729838316,47.51786706148948,0.0,0.0134329257334532,58.922155120890615
E01003721,1895.0,10270.956844442104,2861.7758384514145,0.0,10.840059994134146,0.0,0.0048007396837103,70.46038991964085
E01003722,2418.0,8552.981072273167,2426.5281288583096,0.0,3.5372130158284394,0.0,0.00464607206813,88.43032534275635
E01003723,1915.0,6540.902127210537,2039.1219686395252,0.0,0.0,0.0,0.004191539441979,54.649834972539615
E01003724,1483.0,6924.48140338676,1975.0880874124068,0.0,0.0,0.0,0.0037343247090345,79.37706256704702
E01003725,1760.0,11719.52814749925,2836.6585175197047,0.0,0.0,0.0,0.0024249593463689,79.90587368505497
E01003726,2527.0,664.5100904333005,489.9019780281912,1.3148201235324508,1.577784148238941,0.0,0.0201317278110293,17.3556256202113
E01003727,1781.0,8418.993390564528,2018.47848274624,0.0,0.0,0.0,0.0008287352730347,141.81347645434727
E01003729,1773.0,15292.76760962044,5951.50008496227,120.75507418764026,224.25942349133192,0.0,0.0055273407035654,155.25652386255382
E01003730,1838.0,20559.81278406629,3366.976957564718,0.0,0.0,0.0,0.0010592722810043,22.371939903936017
E01003731,1413.0,10107.922932463129,2010.138955429681,0.0,0.0,0.0,0.0036885330689084,78.68871351058561
E01003732,1832.0,15292.109485235396,4699.485611456074,0.0,16.694442669470956,0.0,0.0024980228965369,83.47221329721823
E01003733,1838.0,18383.986885678754,3930.852473379625,20.00433828691921,100.02169143459604,0.0,0.0031546098820303,120.02602964935404
E01003734,1836.0,14620.303377788428,3973.6009725035,0.0,7.963128201409819,0.0,0.0142091457389538,222.96758950558487
E01003735,2109.0,10574.39432616135,2211.1464664946207,0.0,5.013937565747439,0.0,0.0047753764147869,55.15331319010764
E01003736,2037.0,20562.01529142409,3704.594802136789,0.0,0.0,0.0,0.0054304447116634,131.2254288795811
E01003737,2973.0,8400.941443020296,2192.778526667928,0.0,0.0,0.0,0.0018109412572093,84.77236567082477
E01003738,2378.0,10225.91755370752,2395.221226835613,4.300217642433776,12.900652927301326,0.0,0.0165445679134242,81.70413515722407
E01003739,2395.0,8288.860890280366,3184.0300705878653,6.921804501277968,10.382706751916952,0.0,0.0094246163531717,86.52255621411005
E01003740,2222.0,4980.75727166298,1183.5462823753617,0.0,0.0,0.0,0.0034637554912418,35.86503883836154
E01003741,2047.0,8548.488214372499,2372.027994999306,0.0,0.0,0.0,0.0174279162064105,91.87432369483528
E01003742,2374.0,16473.53268046506,4767.193324127842,6.9391460322093765,41.63487619325626,0.0,0.0024769984399334,55.51316822431397
E01003743,1902.0,11021.24969722864,3111.677753633953,0.0,0.0,0.0,0.0013778398429521,104.3020475452022
E01003744,1453.0,2175.405942015492,615.341942304451,0.0,0.0,0.0,0.0048129556471121,53.898564257091806
E01003745,1412.0,2866.64927247301,824.2631760793499,0.0,0.0,2.030204867190517,0.0018007218775442,81.20819463889471
E01003746,1618.0,2552.891075068833,2101.638388128359,3.155613195387927,3.155613195387927,3.155613195387927,0.0011529177287696,75.73471664389538
E01003747,1361.0,4643.59259845245,1374.9947223926065,0.0,0.0,0.0,0.0005339659292111,34.11897572125317
E01003748,1636.0,4006.983156850536,2277.808273759779,12.24628104171924,19.594049666750784,0.0,0.0056377518197618,80.82545482685772
E01003749,1765.0,8576.169957715496,2628.7297150844665,0.0,0.0,0.0,0.0024490903036212,77.74431685034601
E01003750,1913.0,5104.661592745389,2406.902643312253,13.342032390866148,0.0,5.33681295634646,0.0079144624749401,130.75191735192527
E01003751,2274.0,3791.758001473973,1240.575177263252,0.0,0.0,0.0,0.0151599892593266,51.69063235491265
E01003752,2772.0,12180.189741552116,3273.535843238213,0.0,0.0,0.0,0.0104702248534569,184.54832930662235
E01003753,1987.0,11582.89479168446,2518.2740563702505,5.829338093449653,0.0,0.0,0.0072188743991587,139.90411415873746
E01003754,1721.0,10314.369530522124,3206.3844850838677,0.0,0.0,0.0,0.0279887082690398,89.8986303689193
E01003755,2413.0,11013.0160984408,4322.1410050656605,9.128069704468132,13.692104556702198,0.0,0.0222804930563031,127.79297578575252
E01003756,2496.0,9969.74758371897,3187.443338063998,0.0,0.0,0.0,0.0314760579583488,47.93147873906034
E01003757,2141.0,9445.675430668558,3269.147825373844,0.0,0.0,0.0,0.0171893839487565,70.58888687519122
E01003759,1586.0,7055.100453326567,2290.905884907429,4.448360941567823,4.448360941567823,0.0,0.0041262538033108,66.72541408345434
E01003760,1895.0,6238.314192078794,3015.459525036504,0.0,3.2919863810442185,0.0,0.0053420912827338,95.46760499300396
E01003761,1824.0,18193.439012314167,3550.912438806932,0.0,0.0,0.0,0.0014844042768982,49.87236568355002
E01003762,1730.0,6888.505165642972,3117.745401559796,0.0,15.927179573740975,0.0,0.0070989279820535,95.56307738504856
E01003763,2010.0,2871.9110441242933,805.8496661124883,2.857622929476909,0.0,0.0,0.0035182270732025,44.29315538032473
E01003764,2105.0,3918.419950832491,1571.0909446568278,9.307410809578364,20.4763037810724,0.0,0.0048283482938881,63.29039346715264
E01003765,1939.0,8510.108916936606,3805.1905265518494,30.722414862587023,100.94507740564308,4.388916408941004,0.0061662926221833,109.72291015770044
E01003766,2175.0,14575.8024747308,3042.489344150705,0.0,0.0,0.0,0.0187802813363476,33.50759187584346
E01003767,2196.0,10900.62698997301,3901.590534662471,4.963855642064212,9.927711284128424,0.0,0.0228027048936996,79.42169022515696
E01003768,1922.0,10915.957299677364,4322.082989102224,22.717913214729165,39.75634812577604,0.0,0.0225730579628234,45.43582640219594
E01003769,1877.0,7756.255476583712,4281.023267842688,4.132261841546996,8.264523683093993,0.0,0.0243417649392055,86.77749862052896
E01003770,2886.0,4172.669392194904,6603.111959166363,0.0,1.4458313902269242,1.4458313902269242,0.0168669863638701,56.38742418498993
E01003771,1793.0,7797.003265556576,2400.415952363207,0.0,0.0,0.0,0.008215483986647,43.48579621232256
E01003772,1816.0,11935.254496100086,2536.8988080917584,0.0,0.0,0.0,0.0065004916209136,52.57821360770798
E01003773,1827.0,7720.88808446947,3579.41554873872,4.225992383398725,12.677977150196176,0.0,0.0275150626249094,71.84187047467299
E01003774,1934.0,7441.374565222676,3343.616596266032,0.0,0.0,0.0,0.0072611554625223,119.27746193573668
E01003775,1658.0,5021.5516014614495,1487.081927815182,0.0,0.0,0.0,0.0033575284066491,96.91776305801304
E01003776,1735.0,5139.775805073085,2408.436731714362,8.88722041223012,5.924813608153412,2.962406804076706,0.0138242599396522,136.27071290586136
E01003777,1824.0,7698.020344427245,3802.5857074171854,21.10202945292556,50.64487068702135,4.220405890585112,0.0026195918134376,126.612176641586
E01003778,1945.0,5504.752539651549,4542.482172823001,79.24579491529224,127.35931325671966,11.320827845041748,0.009320273123918,124.5291062208064
E01003779,1649.0,9846.248911468208,4227.498016567308,0.0,0.0,0.0,0.0039960070891973,77.62355110495211
E01003780,1563.0,5211.579904756006,1607.1538797776038,0.0,0.0,0.0,0.0001143344243994,36.67778561605349
E01003781,2018.0,11942.57493897666,6213.9265044229405,23.67210096923025,35.50815145384537,5.9180252423075626,0.0070700883223972,94.68840382000906
E01003782,1740.0,10302.988396817644,4138.959131825019,11.84251539864097,35.52754619592291,0.0,0.0097771977797688,100.66138082802289
E01003783,2530.0,10740.562288730012,7641.506766685384,93.3961938150436,212.26407685237177,4.245281537047435,0.002434321530672,110.37731989683915
E01003784,2007.0,14587.510739560992,3081.766095452845,0.0,0.0,0.0,0.00259478862983,58.14653006799884
E01003785,2047.0,5510.397766357469,1456.3386378111336,0.0,0.0,0.0,0.0022264141770182,21.5355066460268
E01003786,1636.0,12562.034433210609,2979.260000052393,0.0,0.0,0.0,0.0113169386364563,84.46355665190714
E01003787,1645.0,12155.016732117432,3184.68827449399,0.0,0.0,0.0,0.0067178383033695,59.112543342511614
E01003788,1835.0,11572.680967470338,4111.928060376382,25.226552517646518,12.613276258823255,0.0,0.007003389630155,113.51948626128554
E01003789,1424.0,4619.420378442739,1920.4331910379929,0.0,3.2439749848614743,0.0,0.003176530349131,100.56322447045387
E01003790,1498.0,1751.4072839672738,610.3034727843237,1.1691637409661373,0.0,0.0,0.0006857933936862,18.706619844237643
E01003791,1501.0,1157.4246156240215,394.8043992001993,0.0,0.0,0.0,0.0054339041176712,13.108739809327805
E01003792,1423.0,1832.6789470611889,589.8573139522308,0.0,1.2878980653978838,0.0,0.0002990424003248,16.742674840139383
E01003793,1581.0,2775.95121185201,825.2353381217235,1.7558198683440924,5.267459605032277,0.0,0.0022293669758416,40.38385694766757
E01003794,1549.0,4341.322660554024,1586.306407923549,0.0,0.0,2.8026614980981432,0.0010219677070007,56.05322992832466
E01003795,1235.0,1553.6909011350326,753.5715382833074,0.0,0.0,0.0,0.0025229825974161,35.22538073330657
E01003796,1580.0,6453.629311240432,2168.9095976383983,0.0,0.0,0.0,0.0021393956221785,69.43778368688355
E01003797,1425.0,3341.7683320562824,1836.213757193031,0.0,0.0,0.0,0.0021489527616997,65.66281630971518
E01003798,1406.0,6422.792363597552,3215.96431292509,13.704393378942145,114.20327815785122,13.704393378942145,0.0112358291489538,95.93075359504806
E01003799,1573.0,1884.4434110860968,1150.073537598635,14.375919219982938,32.34581824496161,1.1979932683319114,0.010092712956961,29.949831690316405
E01003800,1503.0,5868.372739432967,2272.383855189612,0.0,0.0,0.0,0.0113065144692281,89.8021110618719
E01003801,1281.0,4076.939546525233,3548.624195453267,22.27835817773352,38.19147116182888,6.365245193638147,0.0014946984135275,85.93081006247898
E01003802,1387.0,3532.3590375131744,1329.409818011447,0.0,0.0,0.0,0.0005352147660135,61.122290446636725
E01003803,1555.0,7823.546064521151,2148.330655659506,0.0,5.031219334097204,0.0,0.0008915440248568,90.56194795927637
E01003804,1904.0,10693.60506386813,4891.875005582532,61.780281356381,157.25889799806075,5.616389214216455,0.0211865292412322,179.72445474710315
E01003805,1727.0,2163.5158872330026,949.5918022713468,0.0,0.0,2.5055192672067195,0.0098235275709677,46.35210641546869
E01003806,1473.0,354.8767425864162,145.75725001003516,0.2409210743967523,0.2409210743967523,0.0,0.0117332631330382,7.227632227565625
E01003807,1964.0,10678.453072989554,8938.58291853097,135.9273558170768,527.398140570258,10.874188465366144,0.0200448548880803,157.67573265328846
E01003808,1890.0,14170.931331398211,6335.6809391701,67.48062538761053,127.463403509931,0.0,0.0063572801458555,149.9569452156009
E01003809,1710.0,4317.74456013629,2312.8970860145278,17.67497773155206,25.24996818793152,0.0,0.010062403603711,60.59992361461845
E01003810,1630.0,8721.147571416881,3750.6284954375674,0.0,26.751986415389204,0.0,0.009616817664982,112.3583428773394
E01003811,1841.0,10425.020447259738,4490.516683692,0.0,0.0,0.0,0.0053532156773882,175.54352725224734
E01003812,1856.0,6376.209272674917,5170.36366130159,24.04820307582135,92.7573547210252,3.4354575822601925,0.0055288657876739,120.24101530691988
E01003813,1618.0,5141.150392053292,1916.0158754067584,0.0,0.0,0.0,0.0041037332255336,104.8565901335148
E01003814,1786.0,4226.945080047651,1893.3684569082425,2.366710571135303,4.733421142270606,2.366710571135303,0.0020454381901539,101.7685544977379
E01003815,1988.0,3824.021623424683,2150.5312751452693,38.47104248918192,94.25405409849571,3.847104248918192,0.0056863688782963,63.47722006901439
E01003816,1739.0,570.8126978197869,320.69235524435413,1.312967677561327,0.3282419193903317,0.6564838387806635,0.0461167246940292,15.427370202083386
E01003817,1987.0,484.51358884514536,263.592948938904,3.1699429567120734,8.046778274730649,0.4876835318018575,0.0130829127990459,19.99502479188132
E01003818,1607.0,3338.2541136083714,1169.531466061925,0.0,0.0,0.0,0.0008168200749891,60.24229572905065
E01003819,1773.0,1687.0769049856697,578.5351146256554,3.806152069905628,5.709228104858442,0.0,0.002574195442843,31.40075455787445
E01003820,2031.0,6746.1683815663655,1923.206052647428,0.0,0.0,0.0,0.0016610657517876,136.18557532171025
E01003821,1691.0,5721.918522503184,3793.1819418841337,23.68623870935677,37.22123225756064,10.1512451611529,0.0587392640348336,87.9774580105993
E01003822,1480.0,3915.2234763377614,1428.5274846097238,2.645421267795785,0.0,0.0,0.0010312267306655,37.035897726944775
E01003823,1702.0,397.4616075103717,265.2857732854185,1.868209671024074,1.868209671024074,0.7005786266340277,0.0120041793088543,15.17920356796406
E01003824,1630.0,5015.36498975262,2384.606053409988,3.076911036658049,21.538377256606346,0.0,0.0010679028296581,95.38424207925851
E01003825,1774.0,5128.501687338027,1772.1372797847862,2.8909254156358664,14.454627078179332,0.0,0.0013396048267801,106.96424031416156
E01003826,1782.0,1651.4345678568325,893.3686438911259,0.926730958393284,1.853461916786568,0.0,0.0082876799505908,34.28904543995302
E01003827,1934.0,4326.234636352713,2769.3270319569074,29.08017077176074,78.29276746243276,2.2369362132123647,0.0030504942389691,93.95132089853648
E01003828,1527.0,4894.9895551108175,1464.9706789034992,0.0,0.0,3.205625117950764,0.0034225548436882,137.8418799892525
E01003829,1690.0,4206.375734260912,3250.607520085652,2.488979724414741,7.466939173244223,0.0,0.0006673608459433,67.20245251888039
E01003830,1858.0,3667.2596625234855,1954.029637189586,0.0,0.0,0.0,0.0022253255476226,75.00315774606385
E01003831,1681.0,5307.187384887674,1881.667865195154,0.0,0.0,0.0,0.0022009436540911,78.92902114361905
E01003832,1487.0,6651.763321608908,1426.9754536605526,0.0,0.0,0.0,0.0109400346385004,89.46554563037374
E01003833,1473.0,7562.731391740434,2628.729445058454,0.0,15.402711592139378,5.134237197379793,0.001880094478059,107.81898108021468
E01003834,1600.0,1472.2894357078137,985.5137410269176,7.361447178539068,10.121989870491218,1.840361794634767,0.0115174362495285,42.32832125118736
E01003835,1644.0,4588.615931924805,2235.694258802779,2.7911289123630203,8.37338673708906,0.0,0.0059491680092331,69.77822276716606
E01003836,1381.0,5434.897513210137,1747.3530020748017,0.0,0.0,0.0,0.0018070558719791,62.9676757126656
E01003837,2058.0,4009.441135254066,1804.0536886517325,0.0,0.0,0.0,0.003823791455435,75.98066286737077
E01003838,1790.0,5927.092063287142,2943.6786839454016,9.933673849084595,23.17857231453072,0.0,0.0004165899058485,99.33673843112528
E01003839,2282.0,9867.363111226936,3952.134041919991,0.0,4.323997857680515,8.64799571536103,0.0017328917171236,134.04393350763831
E01003840,1826.0,9327.517037180398,2671.5725139350207,15.324507728116757,40.86535394164468,0.0,0.0026412339985997,127.70423099088954
E01003841,2161.0,7436.766862408876,1792.9456433665082,24.089480812985716,30.97218961669592,3.441354401855102,0.0084702418593191,110.12334079311069
E01003842,1716.0,4369.565258164228,1708.6120560770378,0.0,5.092733401123809,0.0,0.0023781487038018,86.57646776717118
E01003843,2215.0,6754.435725848466,1671.0748432347443,0.0,0.0,0.0,0.0104313744983326,100.63041933149232
E01003844,1462.0,5121.397218249111,2255.936941554328,0.0,10.509023019663015,3.503007673221006,0.0069873533443911,77.06616876460923
E01003845,1707.0,4146.98886841543,1401.764837185532,0.0,0.0,0.0,0.0036338709347077,48.588035921905394
E01003846,1710.0,7047.997044829778,3153.051309529111,8.24327139746173,12.364907096192594,4.121635698730865,0.0162420427462135,78.31107822882639
E01003847,1692.0,1059.762275831347,1065.3993092134288,13.779414933977328,18.790111273605444,0.6263370424535148,0.0112050787853886,31.31685210387904
E01003848,1905.0,9536.64783883121,4530.533487738711,25.030571755462493,40.04891480873999,0.0,0.0180505280622597,80.0978295693316
E01003849,1531.0,7650.061008501344,4017.406303615337,24.98387004735906,49.96774009471812,4.996774009471812,0.0040472263186955,69.95483609069016
E01003851,1602.0,6504.729204009025,3256.4249822816714,8.120760554318382,8.120760554318382,12.181140831477574,0.0064972157634346,105.5698871427474
E01003852,1360.0,2023.8342347314244,794.6525598136623,0.0,0.0,0.0,0.0133810294068539,62.50076309387592
E01003853,1434.0,4820.618324943512,2104.3982366908217,3.3616585250652102,6.7233170501304205,0.0,0.0036733502914876,57.14819489176666
E01003854,1416.0,9862.162289160622,5488.265454702379,34.82401938262931,118.40166590093966,13.929607753051725,0.0184130937540888,118.40166583023397
E01003855,1930.0,6585.886282142634,2856.1589731364684,6.824752623982004,27.299010495928016,10.237128935973006,0.0400269710157062,98.95891298840856
E01003856,1691.0,13600.717852250877,6820.466433299078,16.08600573891292,0.0,0.0,0.0532801898830081,128.68804583412253
E01003857,1885.0,12843.108171820337,5559.669107801269,6.813319985050575,47.693239895354026,20.439959955151725,0.0328592865949673,122.6397596571336
E01003858,1658.0,10034.654133190314,5580.187642220428,42.3658497782462,133.14981358877378,0.0,0.0209930012871481,187.6201917624564
E01003859,1623.0,8299.647641756666,3303.4949948088765,20.455077367237628,66.47900144352228,0.0,0.0222562990788963,122.73046412983248
E01003860,1716.0,1123.3678198200594,827.4690700772466,8.510362271364087,7.855719019720695,1.9639297549301735,0.0243812578156502,20.293940788772403
E01003861,1955.0,10400.296911874257,5420.922022097118,0.0,42.55875974168493,0.0,0.0203230843657536,85.11751943241197
E01003862,1930.0,9136.195375692112,4710.111087468213,14.201339962215718,14.201339962215718,0.0,0.0301068918632854,132.54583956788358
E01003863,1451.0,6875.915874601342,2994.8854808739134,0.0,4.73874284948404,4.73874284948404,0.002843521024533,61.60365700639116
E01003864,1464.0,5716.140828340154,2385.629812920652,3.9044677789208704,27.33127445244609,3.9044677789208704,0.0253080643100794,140.5608399568508
E01003865,1445.0,10564.248554040734,4562.000759668801,0.0,43.86539191989232,0.0,0.0384189697252007,153.5288716273668
E01003866,1694.0,11109.40719382246,5633.400696277151,0.0,0.0,6.558091613826719,0.017016696410607,52.46473287909817
E01003867,1598.0,3903.2458403125183,3121.619639498998,2.442581877542252,9.770327510169007,2.442581877542252,0.01543491374467,68.3922925301993
E01003868,1568.0,11881.688692427737,8009.531216770482,98.50889859793404,280.3714806248892,7.577607584456464,0.0263850727051916,128.81932885856116
E01003869,1661.0,5200.412087196628,2307.4676148488347,6.261784572181369,3.1308922860906847,0.0,0.0246615516582882,90.79587624203292
E01003870,2100.0,4888.57046948009,2723.632118710336,11.639453498762116,16.295234898266965,2.327890699752424,0.0074535954288301,76.82039304561971
E01003871,1756.0,8930.460432460348,3702.377673594039,5.0856836175742295,5.0856836175742295,0.0,0.0336743914037644,91.54230506129532
E01003872,1567.0,4925.553982899254,2511.4981699658606,0.0,0.0,3.1433018397570223,0.0303896781200189,122.5887716769873
E01003873,1632.0,8531.942855950258,5447.478220527064,47.05115545560804,88.87440474948185,0.0,0.0103560561407105,104.55812317190868
E01003874,1526.0,10771.942985167743,6261.280096883217,42.35364214351669,127.06092643055008,14.117880714505564,0.0113941958603487,155.29668776644198
E01003875,1675.0,3331.268258285819,1553.26597595297,0.0,0.0,0.0,0.030963646947348,83.53030851585166
E01003876,1867.0,3947.142357212911,7892.170551406425,186.0463457068753,391.1201585883173,44.39742340732251,0.0301018926953385,131.07810712395005
E01003877,1498.0,9512.20350148608,4127.458128148166,0.0,0.0,6.349935581766409,0.0011477618246403,120.64877598124508
E01003878,1468.0,1472.046390648543,674.8550551133986,0.0,0.0,0.0,0.0093604750302105,38.10474305930333
E01003879,1416.0,7629.561812755259,4342.815551610691,10.77621724965432,53.8810862482716,5.388108624827161,0.0153757775117427,86.20973794556363
E01003880,1563.0,6863.535107791218,3236.356605529192,4.391257266661048,13.173771799983143,4.391257266661048,0.0194639293709356,74.65137348828056
E01003881,1770.0,5381.597351692003,2161.760292120347,6.080900962363845,3.040450481181922,0.0,0.0211061937965606,76.01126198401732
E01003882,2000.0,9398.60649199865,6658.912699581044,51.692335705992576,197.37073633197164,4.699303245999325,0.0115133275814447,150.37770378183632
E01003883,2024.0,10350.13480325286,4791.539679173879,10.227405932068043,15.341108898102068,0.0,0.0002536571216897,92.0466533334628
E01003884,1735.0,6079.527453215531,2733.159316143005,10.512151215934637,59.56885689029627,0.0,0.0076697494646382,129.6498649187356
E01003885,1539.0,3495.2390581492305,1984.9505762328963,9.084441996489227,11.355552495611535,2.271110499122307,0.0072268402443964,74.94664642613309
E01003886,1646.0,8048.680472177182,5584.199938776636,48.89842328175688,107.57653121986512,9.779684656351376,0.0063809359063068,88.01716185444543
E01003887,1796.0,8329.322300995265,6604.09518742609,69.5656094181119,166.95746260346857,23.18853647270397,0.0037973818658483,157.68204791984178
E01003888,2045.0,2558.648642679268,3110.4159049880977,15.01407516486612,58.80512772905897,2.50234586081102,0.0020599815558766,66.31216527167928
E01003889,1662.0,657.7801079526356,299.20683610841905,1.5831049529545982,0.7915524764772991,0.7915524764772991,0.0013961309744386,15.039497044039852
E01003890,1670.0,7784.071101464294,3584.401603009606,18.644481680154,23.3056021001925,4.6611204200385,0.011456936752832,102.544649179277
E01003891,1746.0,5801.507160162528,3000.435833692304,13.290967148138666,29.904676083312,6.645483574069333,0.0097295998330078,129.5869296166277
E01003892,2090.0,5133.518423042706,2316.223862645584,4.912457821093498,2.456228910546749,0.0,0.0197518044130083,63.8619516358599
E01003893,1623.0,7393.095498879388,4637.197299974872,45.5520363455292,195.87375628577556,4.555203634552919,0.0452127072863434,168.5425343774979
E01003894,1662.0,9928.41066608458,4922.388922294642,0.0,5.973772963949808,5.973772963949808,0.0440668704163261,95.5803673657848
E01003895,1774.0,3941.8344896797134,2219.7816545603355,2.222003658218554,11.11001829109277,2.222003658218554,0.0331771254040032,75.54812433415053
E01003896,1882.0,6242.132178541247,7286.909881113241,175.78799440100218,265.3403689071731,29.85079150205697,0.0429254770038681,179.10474890490582
E01003897,1960.0,9999.01621923404,9284.80077500304,66.32000553573599,132.64001107147195,20.406155549457228,0.0098832087302035,86.72616103306667
E01003898,1693.0,9460.333579761373,5532.03204014398,27.93955575830293,106.17031188155114,27.93955575830293,0.0118400897685129,139.69777870779964
E01003899,1484.0,8740.922708605984,3186.549316277518,0.0,11.780219283835557,11.780219283835557,0.003058153871562,111.91208312911836
E01003900,1685.0,2245.845264092958,1023.6256159189268,6.664229270305514,14.661304394672127,0.0,0.0128028727083815,41.31822145108222
E01003901,1789.0,6395.013948485253,2184.0992300304583,0.0,0.0,0.0,0.0021252046141923,121.53743662292834
E01003902,1374.0,8772.826838233956,3020.048831502664,6.384881250534174,25.539525002136696,0.0,0.0033911650261509,166.00691241441973
E01003903,1657.0,2434.3986845358486,1082.771171094098,1.469160340697555,4.407481022092665,0.0,0.0033707274736284,57.297253252816525
E01003904,1626.0,6609.834634785046,2707.3492415540222,8.13017790256463,16.26035580512926,0.0,0.0021627483160558,60.97633423270122
E01003905,1281.0,3421.1923391627543,1709.2608095738974,8.012160044877644,5.34144002991843,2.670720014959215,0.015765928267646,112.1702405611208
E01003906,1702.0,8166.7316008671505,3258.05567390646,14.394944067333402,19.193258756444536,9.596629378222268,0.0088895926894607,62.378090920958925
E01003907,1675.0,6892.785859576024,1757.14600718744,0.0,0.0,0.0,0.0008996624496863,123.45288099287824
E01003908,1815.0,6273.127144038384,2630.220251577526,0.0,17.2813419945961,3.45626839891922,0.0026857300791297,82.95044152435192
E01003909,1634.0,7376.495234244991,3783.049575457346,99.31633730317614,293.4346329412022,0.0,0.005448123030963,103.83071620920856
E01003910,1655.0,5670.422475340908,1733.6759954818729,0.0,0.0,0.0,0.0022165182720502,61.6722685770162
E01003911,2088.0,18374.790232591546,5825.723723168393,8.800186893003614,0.0,0.0,0.0005078788581757,158.40336397925597
E01003912,1952.0,24286.32002239155,4130.665085775611,0.0,0.0,0.0,0.0038937720989913,87.09233609363987
E01003913,2043.0,8742.60782803859,10402.975834538332,154.05476348966678,72.74808275900932,21.396494929120387,0.0005979935165924,119.8203715310574
E01003914,1855.0,12627.801962902746,6855.092494147205,34.037202056341634,20.422321233804983,0.0,0.001736479522739,122.5339273289775
E01003915,1850.0,18992.0098740171,6046.645305835715,10.265951283252488,20.53190256650497,0.0,0.0006637930478212,123.19141532495593
E01003916,2412.0,16123.402597060742,5788.916521166916,13.369322219785026,13.369322219785026,13.369322219785026,0.0011312633831717,153.7472054354377
E01003917,1885.0,17046.385932032157,5950.4095189799245,18.086351121519527,18.086351121519527,0.0,0.0004158878074213,144.69080888507492
E01003918,1465.0,16802.17114812328,6847.028106095289,0.0,0.0,0.0,0.0003340670825468,160.56682316207923
E01003919,1564.0,10570.410404811952,7184.364616569761,13.517148855258252,60.82716984866213,13.517148855258252,0.0036838574522516,114.89576520070042
E01003920,2107.0,24264.225094015303,7358.727971084852,0.0,103.64405593077257,0.0,0.0010211262095229,195.77210552979585
E01003921,1917.0,15267.61623135995,8880.225403216664,135.39357117011954,430.07369665802673,55.75029401122569,0.0035109869943384,119.46491566679173
E01003922,2234.0,16658.229453718548,9015.129547692804,59.65346268117653,238.6138507247061,7.456682835147066,0.0038898686866831,201.33043642823824
E01003923,1634.0,13648.707755186402,6415.059703784062,16.705884645270995,83.52942322635496,8.352942322635498,0.0057706665886307,108.5882501290902
E01003924,2092.0,26518.480935867643,7390.18852084648,50.70455245863794,164.7897954905733,0.0,0.0051637180876796,152.11365728459268
E01003925,2032.0,23183.19306439962,7290.384039444565,0.0,0.0,0.0,0.0004132932889635,193.95387886723583
E01003926,1397.0,13201.824138961509,6104.780525246339,9.450124652084115,37.80049860833646,0.0,0.0050427296107306,132.30174504976512
E01003929,1999.0,8479.148740919842,18201.114180733886,343.57731266358536,173.90950394082716,93.317294797517,0.0014599353434583,241.7766272850583
E01003930,1967.0,18238.426746097517,11154.462315991515,92.72204751447644,83.44984276302878,9.272204751447642,0.0027289231047366,194.71629966360828
E01003932,1541.0,12529.32697415793,11569.91063220424,65.04517572567387,24.3919408971277,0.0,0.0036917308603442,154.48229225566402
E01003933,2370.0,10747.471823760532,6421.274304829078,18.139192951494568,9.069596475747284,4.534798237873642,0.002974263115905,149.64834176019446
E01003934,1954.0,8389.508902652009,16474.178945484015,137.3921621723973,111.6311317650728,55.8155658825364,0.0043886998789251,150.2726772858853
E01003935,1284.0,9161.547646392815,11587.502630640134,206.91968983285955,64.2164554653702,71.35161718374468,0.0012264929638679,156.9735577101176
E01003936,1661.0,17235.535789892012,8425.800759417409,10.376601920464788,20.753203840929576,10.376601920464788,0.0004864186112319,186.7788344564946
E01003937,1536.0,16756.80438825233,14509.472549723698,21.81875571387022,32.72813357080533,21.81875571387022,0.0011764454787579,141.82191205474632
E01003938,1829.0,23498.359375702792,6976.276184257307,25.695308229308683,64.2382705732717,0.0,0.0002306767496662,231.25777392523636
E01003939,1975.0,12957.850152616647,31203.815354858118,124.6577989365652,118.0968621504302,65.60936786135011,0.0008868270392682,164.02341955498463
E01003940,1589.0,29413.934736163803,7552.476634584538,18.510972143589555,18.510972143589555,0.0,0.0003289549616241,203.62069345771565
E01003941,1988.0,20713.17541228588,12680.04752351706,114.61012552069651,166.70563712101313,10.41910232006332,0.0067515850565098,218.8011485902261
E01003942,1885.0,15819.75904671159,6202.016941920352,33.56978047047552,16.78489023523776,8.39244511761888,0.0001480250285155,243.38090826501423
E01003943,1494.0,23263.192764281277,6477.569069572296,0.0,15.571079494164172,15.571079494164172,0.0003301721593102,217.99511278685463
E01003945,1733.0,2071.8030435723736,822.5046127973416,0.0,0.0,1.1955008906938105,0.0062795432946773,50.21103737901933
E01003946,1900.0,4130.069884357565,2458.4784416886346,4.347441983534279,4.347441983534279,4.347441983534279,0.0044699325971146,104.33860754227511
E01003947,1608.0,11555.192398606858,2759.448931010593,7.186064924506753,7.186064924506753,0.0,0.0068852536364504,129.3491685636018
E01003948,1751.0,6539.029767068689,3178.0207491578835,0.0,7.468908928690678,0.0,0.0079645794443351,126.97145171145831
E01003949,1880.0,8249.575527872219,3387.591652934762,0.0,8.776144178587467,0.0,0.0202309659130149,100.92565799318388
E01003950,1993.0,8117.281108924157,1999.7917834830712,0.0,4.07289568937489,4.07289568937489,0.0125606322388906,57.02053961692441
E01003951,1488.0,1401.9192928393882,1104.199873123497,0.942150062392062,14.13225093588093,0.942150062392062,0.0079182645760309,25.43805166932635
E01003952,1655.0,12708.314873903517,10765.59362731887,222.683463047252,529.8330672503581,23.03622031523296,0.0015492536866582,168.93228221052087
E01003953,2016.0,9931.93701520746,8266.761067221289,78.82489694609096,172.429462069574,9.85311211826137,0.0094036462445578,108.38423323581917
E01003954,1592.0,15729.257676538477,6688.886587321952,9.880186982750295,0.0,0.0,0.0017518500724607,118.56224372187786
E01003955,1891.0,13538.651733778524,6164.346453084775,21.478559069981795,42.95711813996359,7.159519689993932,0.0030805071678339,71.59519685700624
E01003956,1848.0,16659.92565633774,8059.509489591957,0.0,9.015111285897044,9.015111285897044,0.0022563123899001,135.22666920732968
E01003957,1790.0,10626.453654434388,5206.368634044111,0.0,0.0,0.0,0.0016103366366301,41.555963986819904
E01003958,1936.0,11942.366327015869,5095.245137456151,18.505732944755994,61.685776482519984,12.337155296503996,0.0024675350629549,86.36008702375909
E01003960,1773.0,14225.6601352258,5568.3069000827445,0.0,8.023496974182628,0.0,0.0020974822521943,176.51693332628022
E01003961,2074.0,17079.41517569513,4381.026457796436,49.41007283229064,82.35012138715106,16.470024277430213,0.0024004556164406,222.34532761177687
E01003963,1718.0,28466.062193293008,6428.889482536489,33.13860558008499,0.0,49.70790837012749,0.0004910005203167,99.41581668035852
E01003966,2137.0,21065.40491626192,6358.065592414103,98.57466034750549,69.00226224325382,0.0,0.002970207544275,226.7217186630742
E01003969,2459.0,8608.117924178321,4081.7671816152592,94.5177649259108,157.52960820985135,10.501973880656756,0.0010523067084582,105.01973874353496
E01003971,1426.0,22690.83220508111,4662.281792488615,0.0,0.0,0.0,0.0005984317299512,47.736673614584205
E01003972,1467.0,20457.05756749018,8659.736025501978,0.0,27.889649035433106,0.0,0.0001103397696666,195.2275431310557
E01003973,1651.0,19230.69325538043,8141.886484258583,34.94371881656044,174.7185940828022,11.647906272186814,0.0001848767517207,128.12696891750278
E01003975,1780.0,21700.655067471904,6717.449967515179,24.38275850277742,36.57413775416613,109.7224132624984,0.0036987652067406,231.6362056380416
E01003976,2395.0,19691.170289236397,10162.123790186297,82.21783001768848,123.32674502653272,41.10891500884424,0.0086980257583659,221.98814091425623
E01003977,1872.0,14337.673124567342,6203.800871207022,15.318026842486477,84.24914763367562,7.659013421243237,0.0014507487483297,137.8622414997895
E01003979,1987.0,11816.500069074043,8741.950227246525,41.62833441545964,71.36285899793081,23.78761966597694,0.004774548350909,107.04428843266554
E01003980,2000.0,10444.258423385303,5070.687464553565,67.88767975200447,130.5532302923163,0.0,0.0021021261152544,57.44342129410808
E01003981,1508.0,7921.5255163939055,50901.57974393696,194.36103720595125,231.13204424491505,57.78301106122876,0.0003616976528266,126.07202405791236
E01003983,1871.0,15904.363689107842,3927.213267967837,8.500461618978003,8.500461618978003,8.500461618978003,0.0056665404067863,161.5087706635951
E01003984,2290.0,13857.571156559012,4883.432280935862,42.35938781480921,72.61609339681578,18.154023349203943,0.0076627975056058,163.38621004490395
E01003986,1588.0,8673.80729190231,3135.2426861158224,49.15885744780906,76.469333807703,5.462095271978785,0.001253109299289,109.24190537388591
E01003987,1839.0,13499.137800577371,3824.388686297342,0.0,0.0,0.0,0.0029992849644683,117.4476371285749
E01003988,2023.0,5209.318454732806,4019.6471121294658,20.600369568889,66.95120109888924,2.5750461961111246,0.0083269401245752,136.47744831196417
E01003989,2259.0,9106.97951432962,4817.547817451924,12.094262303226586,36.28278690967976,0.0,0.0061720293399682,100.78551913300085
E01003990,2306.0,16516.045988339447,4254.350094134273,0.0,7.162205545680593,0.0,0.00293931200332,171.89293299293865
E01003991,1273.0,16083.846026151412,3499.7842492096943,12.634600177652326,0.0,0.0,0.0009116571608074,75.80760102071044
E01003992,1586.0,21774.691559589905,4544.402841251109,0.0,0.0,0.0,0.0003503890520957,164.75176453826217
E01003993,2022.0,23305.17191101345,5117.456146632035,0.0,34.577406396162395,11.525802132054132,0.0060535360472429,115.2580212514064
E01003994,1829.0,12836.5397074813,7755.263191233919,77.20171502585802,189.4951186998333,7.018337729623457,0.0006991885501911,210.550131762198
E01003995,1374.0,21287.479744005894,7638.084071175332,15.493071138286677,30.986142276573357,0.0,5.722119202935464e-05,108.45149790246384
E01003997,1296.0,17300.865039005155,6741.463614735806,0.0,93.4460303032686,13.349432900466942,0.0004228439855724,146.84376181697368
E01003998,1427.0,14815.83715504343,6644.8043302227015,0.0,10.382506765972972,10.382506765972972,0.000699765460903,155.73760139625273
E01003999,1499.0,17544.251496098037,5243.378699300814,0.0,0.0,0.0,0.0002537838602955,105.33573273541376
E01004000,1949.0,12293.357041185149,4850.483101421948,12.615040575869829,18.92256086380474,6.3075202879349135,0.0080916222995531,145.07296653565567
E01004001,1768.0,9095.779913477178,3055.935106677287,10.28934379352622,25.723359483815543,15.434015690289328,0.0053354797512982,82.3147502987958
E01004002,1704.0,5091.179513759169,2249.7993978055483,0.0,2.9877814047882447,2.9877814047882447,0.0075185982616008,35.85337683595973
E01004003,1823.0,14434.666850581216,4030.304677425035,7.918083845628753,31.67233538251501,15.836167691257506,0.0005948153385448,95.01700609065784
E01004004,2624.0,13211.17711221674,6021.5578605987885,5.034747375082599,15.104242125247795,0.0,0.0066180249288906,85.59070532501703
E01004005,2326.0,15217.858711868406,6562.129100603616,26.17000638326467,19.627504787448505,6.542501595816168,0.007302456975567,91.59502228647736
E01004006,1861.0,12462.604814810293,4265.813684596538,6.696724779586401,6.696724779586401,6.696724779586401,0.0017488638142331,120.54104596007964
E01004007,1443.0,18307.48957044541,3755.382475988803,25.374205918843263,76.12261775652979,12.687102959421631,0.0019920151472314,63.43551475905954
E01004008,2086.0,20857.991874804888,6649.359825860618,29.99711199636369,139.98652264969724,0.0,0.004785123621295,179.98267187017228
E01004010,1507.0,11691.753252136949,6229.912316832096,108.61615496344876,248.26549705931143,23.274890349310446,0.0062752476130103,155.16593556924286
E01004011,2114.0,18562.21979649146,4565.919722883424,0.0,0.0,0.0,0.0017715724945898,149.27045238948477
E01004012,2346.0,16682.76367518837,5553.8100726010725,0.0,0.0,0.0,0.0003613872374434,135.11189669140407
E01004013,1684.0,15861.038923456204,5274.454748892799,0.0,9.418669194451429,0.0,0.0033058040947824,141.2800378317764
E01004014,2129.0,22934.894960702208,4804.585792613051,0.0,0.0,0.0,0.0012615041264639,172.36182205328075
E01004015,1805.0,3154.742636408449,1424.4405809822083,5.2433395618977,1.7477798539658995,3.4955597079317995,0.0076960998281286,57.67673514624588
E01004016,2589.0,4533.059607790443,1918.977725043772,0.0,5.252676254681858,1.7508920848939526,0.0084690390317942,71.78657543755897
E01004017,1641.0,4630.86405373612,1899.1904376382747,0.0,0.0,0.0,0.0189645454184684,73.37139873548182
E01004018,1899.0,6927.5644853836975,3414.5341539331966,18.24003287357477,36.48006574714954,3.648006574714954,0.011659496062755,102.14418403077896
E01004019,2125.0,15008.751363592712,5565.598152711085,0.0,21.188825454483823,0.0,0.0052098412849048,120.07001083681745
E01004020,1746.0,8820.069690846434,2970.3327481201045,0.0,5.051586306326708,0.0,0.0008253822410657,60.619035639585256
E01004021,2115.0,14026.653115540938,7374.769865003084,6.631987288671838,26.527949154687352,0.0,0.0099002778847644,99.4798092704216
E01004023,1649.0,14526.002910847828,6571.496768643105,61.66283831166452,96.89874591832996,8.80897690166636,0.0077345813625938,220.22442240937127
E01004024,1968.0,16421.840061184655,6358.456365153816,8.344430925398708,8.344430925398708,0.0,0.0022626092696041,33.37772368159342
E01004028,2418.0,19592.103561780827,8499.63467175686,24.307820796254127,32.41042772833884,32.41042772833884,0.0087182957756849,178.25735239912785
E01004029,1996.0,18243.55274390136,8673.913604189573,0.0,0.0,0.0,0.0141153364286938,173.66107310953973
E01004030,1489.0,15943.383820832858,6574.370494285678,32.12233140530462,42.82977520707282,32.12233140530462,0.0089925161388991,139.19676933966053
E01004031,2600.0,6119.269765161369,5227.268518624385,40.01061000297818,68.25339353449219,4.7071305885856685,0.015675070163294,61.19269761482625
E01004032,1498.0,10897.388152860092,6059.762570982949,0.0,0.0,0.0,0.0003811809834495,138.21787368478374
E01004033,2416.0,16468.367635793275,8077.407139244631,40.89826399617535,61.347395994263024,0.0,0.0207218548690817,184.0421878725164
E01004034,1600.0,11996.615316331572,3793.92959378986,22.4936537181217,97.47249944519405,7.497884572707233,0.0149210787804048,142.4598067960337
E01004035,1426.0,6380.688308650374,2496.7910772979726,4.474535980820739,62.64350373149035,4.474535980820739,0.0019164283860757,80.54164760640418
E01004036,2114.0,21864.992027186512,6878.060405903042,93.08653180921412,124.1153757456188,0.0,0.0025313327914583,124.11537567115997
E01004037,2025.0,13514.853733407614,5399.267491519388,6.674001843658081,20.02200553097424,26.696007374632323,0.0007722823399375,160.17604415157402
E01004038,2399.0,11206.80722932956,5745.882822874264,0.0,0.0,0.0,0.0012334440884542,126.12913506070808
E01004039,1543.0,18046.75259064773,5309.932388952735,0.0,0.0,0.0,0.0003673478051955,210.5259536205752
E01004040,1885.0,17415.32739574835,6180.8244179075045,0.0,55.43340285118838,0.0,0.0022072988702388,194.01690986233208
E01004041,1631.0,20669.45199850817,4448.177591340508,0.0,0.0,0.0,0.0010328571846256,88.71009436113734
E01004042,1957.0,13278.900690004595,4871.870564856055,47.49734533982227,176.41871126219698,20.356005145638115,0.0028213053170385,142.49203593381938
E01004043,1356.0,11437.623271778282,5153.67833263756,0.0,8.434825421665401,8.434825421665401,0.0006622212920778,126.52238124916455
E01004044,1440.0,20465.055147413543,4064.587341777967,14.211843852370516,14.211843852370516,0.0,0.001439502351491,113.694750750621
E01004045,1587.0,25626.576345105317,5684.029535902376,0.0,0.0,0.0,0.0009136230687801,113.03467820279812
E01004046,1561.0,10451.863856427004,4847.629360700289,6.695620663950676,26.782482655802703,0.0,0.0066642895473003,73.65182725918447
E01004047,1643.0,15490.296775231916,24050.97204724079,0.0,0.0,0.0,0.0012710114631553,197.98918568731432
E01004048,1627.0,4079.534365250392,3026.4277681974327,2.507396659649903,10.029586638599612,0.0,0.0005129587378472,70.20710642805933
E01004049,1345.0,12702.305901980764,3173.215452093336,0.0,0.0,0.0,0.0008779545394377,198.3259656370141
E01004050,1389.0,7393.863021725338,3758.147799379473,10.646311046400774,10.646311046400774,5.323155523200387,0.0004861460634361,122.43257695998447
E01004051,1285.0,8444.377372380766,4074.329938424961,13.142999801370843,6.571499900685422,13.142999801370843,0.001320666412151,151.14449762511336
E01004052,1747.0,9907.995474943002,5512.634002086204,34.028604951149404,73.72864406082371,5.671434158524901,0.0031138274336096,158.800156343483
E01004053,1872.0,12749.609489341974,7852.72422073253,13.62137765955339,6.810688829776695,6.810688829776695,0.003540962242428,102.16033238524186
E01004054,1530.0,12733.022905011028,5833.888272165184,8.322237192817665,8.322237192817665,8.322237192817665,0.0030913609539428,141.47803219303205
E01004055,1331.0,6891.0273308450205,1910.4350751929471,0.0,0.0,0.0,0.0029965261162959,72.48263153557691
E01004056,2317.0,12333.472186220266,6121.490295275488,5.32303503936999,21.29214015747996,0.0,0.0005938644320085,90.49159561503456
E01004057,2240.0,9122.813081127904,4088.9751488626857,16.290737644871257,8.145368822435628,4.072684411217814,0.001163745062703,114.0351634456438
E01004058,1693.0,12039.564091904418,6642.02767976298,0.0,0.0,0.0,0.000143203130177,78.22516534642855
E01004059,2070.0,6677.45520586375,3774.213812009945,3.2258237709486712,9.677471312846016,3.2258237709486712,0.0034097533935049,58.06482784226522
E01004060,1969.0,19651.171017496305,8064.066115864405,59.88167907820103,69.86195892456787,9.98027984636684,0.0039214642815041,139.7239177656159
E01004061,1658.0,8007.758433110533,5022.960657680913,33.80838904208307,43.46792876839252,4.829769863154724,0.0058776179291446,77.27631776418507
E01004062,2214.0,13269.160454226792,8804.15388765093,179.79892214399447,209.7654091679936,65.92627145279798,0.0052478022128354,137.8458402276102
E01004063,1882.0,10931.1306972445,6754.997343727606,92.93203568326886,92.93203568326886,34.849513381225826,0.0035647133069921,156.82281012137187
E01004064,1941.0,11954.14755358946,4680.655404805765,6.1587571115865325,6.1587571115865325,18.4762713347596,0.007842382043026,160.12768480494876
E01004065,1508.0,13513.977883652204,7877.179416266768,35.84609518210134,53.769142773152005,17.92304759105067,0.0051291808543716,143.38438064233085
E01004066,2091.0,14826.590566627809,5509.450440109903,7.090669807091252,14.181339614182503,0.0,0.0034928583338252,99.26937723979722
E01004067,2212.0,9503.08421855902,7535.447431895352,68.73840302755167,292.1382128670946,21.480750946109897,0.0123576070114232,124.58835541258726
E01004068,1906.0,10153.319688031166,4735.729906956824,5.327030266543109,21.30812106617244,0.0,0.0057970152215557,133.17575658355307
E01004069,1294.0,1392.9182009720016,823.4794619347614,6.458662446547148,1.0764437410911911,1.0764437410911911,0.0039877065173845,40.904862136909394
E01004070,1952.0,6148.785243205684,3439.7917446621964,0.0,0.0,0.0,0.0023606377538229,88.19978827176898
E01004071,1527.0,11880.127583386891,4675.806599617238,23.34013277679154,15.560088517861024,0.0,0.0055161537440708,124.48070806804
E01004072,1674.0,5921.669622221292,4273.223956776177,14.14974820124562,14.14974820124562,0.0,0.0020441671230475,77.82361506005795
E01004073,1894.0,9567.52463650718,4212.943794533784,15.15447408105678,35.36043952246582,0.0,0.0010829802875394,90.92684443182868
E01004074,1706.0,4877.196930013656,3127.581149727397,48.60043834128496,105.77742462514964,5.717698628386467,0.0061465334668004,62.89468487447131
E01004075,1713.0,2933.080251533899,1487.9432215895847,10.273485994864796,27.39596265297279,1.7122476658107997,0.0044994556340031,47.94293461391173
E01004076,1630.0,474.3642982421401,1185.9107456053505,0.5820420837326872,2.3281683349307487,0.0,0.0107936014597056,29.684146252548693
E01004077,1626.0,6161.757859197744,2114.5515900567902,3.7895189785963983,0.0,7.579037957192797,0.0211314119494226,144.00172110026034
E01004078,1763.0,5467.721373575221,2195.7723950602704,0.0,6.202746878701328,3.101373439350664,0.0069098470543377,68.23021562474047
E01004079,1392.0,4308.146021845543,1299.871644522362,0.0,0.0,0.0,0.0078195019065421,114.51250194876626
E01004080,1394.0,4745.752619251163,2597.5676101066265,0.0,0.0,0.0,0.0117932417413596,68.0882728321043
E01004081,1643.0,9581.155827322818,3224.8199467495547,0.0,0.0,0.0,0.0064523778921069,128.2930176962209
E01004082,1389.0,7974.024755529283,2141.3327817224063,0.0,0.0,0.0,0.001809554778661,235.3743806912538
E01004083,1502.0,6025.489673940419,1295.7610949951768,0.0,0.0,0.0,0.0048657481842878,68.19795232738662
E01004084,1449.0,2831.20431618073,949.5964787190028,0.0,0.0,0.0,0.01451754445221,54.70926211563559
E01004085,1609.0,1990.8039870221455,749.7993885241891,0.0,0.0,0.0,0.0116526067628662,39.59336702701464
E01004086,2015.0,3584.415953219053,2054.590782118117,10.673198868146065,16.009798302219096,0.0,0.0059768561596499,74.71239203214152
E01004087,1565.0,4408.696824484872,1177.5305256451609,0.0,0.0,0.0,0.002653438129994,50.70705609782748
E01004088,1939.0,4150.872134052679,1042.5346721421631,0.0,0.0,0.0,0.0012405286087995,55.65893523494356
E01004089,1345.0,11883.416128509756,3127.679784009259,26.5057608814344,8.8352536271448,0.0,0.0029541108432334,114.85829708399024
E01004090,1344.0,7123.338711632594,1976.9384966063676,0.0,0.0,0.0,0.0104425971613904,159.00309614630746
E01004091,1282.0,3407.5409008546394,7338.705481481793,0.0,0.0,0.0,0.0123852923630224,37.21183508841518
E01004092,1507.0,2339.9452808808664,1636.5642508616013,0.0,0.0,0.0,0.0151106872980881,55.89783016663892
E01004093,1716.0,4270.404483050049,1769.380878466541,0.0,0.0,0.0,0.0051224671172556,54.74877539083322
E01004094,1865.0,6687.15279063852,2875.6549802102377,17.928023567395496,64.54088484262378,3.5856047134791,0.017444357334337,107.56814133962162
E01004095,1562.0,5422.038166818212,1784.204620835186,0.0,0.0,0.0,0.0016815114318462,72.8955194845848
E01004096,1561.0,10056.789645182163,3137.5122083303745,0.0,0.0,0.0,0.0106603912664371,77.31036237648183
E01004097,1656.0,5986.617046111432,1832.8592043348408,0.0,0.0,0.0,0.0028979135947841,75.91724510432574
E01004098,1298.0,5912.375848581513,2063.410061176753,0.0,4.554989097520426,0.0,0.0035796639884142,109.319738274983
E01004099,1616.0,4197.575609138941,2254.6383841167085,23.377586932085684,0.0,10.390038636482526,0.0131382496713984,109.09540561764398
E01004100,1527.0,4246.866516277464,2672.716910375012,11.124732197190475,22.24946439438095,0.0,0.0065509324400643,69.52957619067544
E01004101,1409.0,6463.14457902803,1894.449049778976,0.0,9.174087408130632,4.587043704065317,0.0012861068907917,87.15383032487131
E01004102,1515.0,3862.8255068243657,1993.8808886710588,10.19887922593892,28.04691787133203,10.19887922593892,0.0098667237851995,84.140753563449
E01004103,1776.0,10157.185264804972,4237.879662849372,45.75308677840077,45.75308677840077,0.0,0.0066367965720762,160.13580362826437
E01004104,1568.0,4293.750871880047,1733.3828455995342,16.43016915260222,35.59869983063815,0.0,0.0017207504293096,52.02886895194657
E01004105,1876.0,4831.238613446908,1926.3147563210484,25.75287107381081,56.65631636238378,0.0,0.0078346047019338,66.95746475179193
E01004106,1626.0,1999.7126152013088,889.1711074972609,0.0,0.0,0.0,0.0178491799377161,59.03210668635122
E01004107,1622.0,6689.342781033252,2008.4524872769384,12.372397252219333,28.86892692184511,0.0,0.0031235727671353,119.59984003300586
E01004108,1967.0,429.6220966285677,234.5775962272912,0.2184148940663791,0.6552446821991373,0.0,0.0359351190711124,12.231234060375956
E01004109,1714.0,2586.9580520946324,682.2083077869158,1.5093104154577786,3.018620830915557,1.5093104154577786,0.0008644535543788,45.27931243652697
E01004110,2039.0,6469.310697647557,3991.364814929194,60.282934406720734,164.98487311313045,6.34557204281271,0.0010177934112917,177.67601709198155
E01004111,1688.0,3518.6918017790454,1315.34035955129,10.422665289629874,20.84533057925975,4.169066115851949,0.000796807976298,79.21225615367786
E01004112,1667.0,3189.327203237372,1375.6006353495325,9.56606839603291,28.69820518809873,3.826427358413164,0.0015866184342661,30.611418848964064
E01004114,1780.0,1153.525308885551,375.2197493509743,0.0,0.0,0.0,0.0028102662397352,13.60900644497157
E01004115,1838.0,7036.048007734396,3625.2108070318136,7.656200226043957,3.8281001130219785,0.0,0.0020741732043383,126.327303654062
E01004116,1586.0,4909.516576800585,1495.1428162639868,0.0,0.0,0.0,0.0018771974934178,89.77047959747647
E01004117,1432.0,5693.142611272853,1868.559376604917,0.0,0.0,0.0,0.0063104634258766,202.7585705312586
E01004118,1810.0,6626.037736128144,4722.42468486481,7.3215886587051315,7.3215886587051315,3.6607943293525658,0.0012082151455183,157.4141560675569
E01004119,1441.0,5625.8401946108215,2014.5270925879136,7.808244544914395,11.712366817371592,0.0,0.0008307824884659,156.164890804367
E01004120,1514.0,5261.245101604932,1463.0014450301692,0.0,3.475062814798502,0.0,0.0006152098819496,52.12594219064868
E01004121,1584.0,6328.227062141567,4214.822948585451,39.95092842261091,119.85278526783272,7.990185684522181,0.0092539031778641,135.83315655540366
E01004122,1390.0,5340.009065867954,2086.061095515323,0.0,3.841733140912197,3.841733140912197,0.0017726428448692,69.15119649489456
E01004123,2279.0,5506.952850532493,1937.9447942637385,19.33112014228168,26.580290195637307,0.0,0.0094104546724723,96.65560065342538
E01004124,2007.0,10938.313075862823,2556.0881079121395,0.0,0.0,0.0,0.001109153904526,76.30113750388108
E01004125,1609.0,11875.17536240667,2132.9556741675124,0.0,0.0,0.0,0.0072388338143193,103.32657238917696
E01004126,1567.0,12305.494408730903,2293.046820261279,0.0,0.0,0.0,0.0054894689762926,109.940600905716
E01004127,1844.0,9006.997818684416,2974.6538349125863,0.0,0.0,0.0,0.0090786384891556,107.4587591604289
E01004128,1447.0,8326.596331739845,26965.0521150884,0.0,0.0,0.0,0.010556765844552,86.31578776852871
E01004129,1888.0,7275.481580900833,2023.107960790751,0.0,11.560616918804287,0.0,0.0099974925805631,107.89909117738004
E01004130,1764.0,2597.578655233013,2659.425766071894,5.890201032274405,5.890201032274405,1.4725502580686012,0.0060555969827263,97.1883169741842
E01004131,1888.0,9108.543865273612,2614.8468087808783,9.648881213213572,4.824440606606786,0.0,0.0052888059632656,221.92426777067888
E01004132,1486.0,8680.957013175032,2564.5626707832025,0.0,0.0,0.0,0.0005410635489829,297.93324859069867
E01004133,1564.0,8111.951654410523,2448.108171919288,0.0,0.0,0.0,0.0018479222098367,306.0135213059342
E01004134,1610.0,7314.040352266371,3461.6762412589906,9.085764412753257,31.800175444636395,0.0,0.0067867003697752,204.42969916400693
E01004135,1453.0,5278.104539683387,1471.185367220765,0.0,7.265112924546988,0.0,0.0049906623715175,54.48834690139318
E01004136,1564.0,6538.289373421796,2311.812035487374,0.0,0.0,0.0,0.0014293788755126,100.331806181407
E01004137,2556.0,10837.031345421026,6368.239859476676,21.19920059745897,46.63824131440974,8.479680238983589,0.0034693522446418,118.7155232745245
E01004138,1808.0,10836.724781712615,3901.940173061346,11.987527413398912,89.90645560049184,5.993763706699456,0.0029241200922583,167.82538368667878
E01004139,1542.0,10139.554448894012,3386.427069507404,0.0,26.30234617093129,6.575586542732823,0.0100457161480787,164.38966346959836
E01004140,1882.0,14174.302954545648,4225.177448193469,67.78359542556368,128.03568024828695,7.531510602840408,0.0041998401738654,180.7562543596598
E01004141,1825.0,14642.403848754042,2711.8534251391047,0.0,0.0,0.0,0.005362135674899,200.5808745198285
E01004143,1533.0,13239.766877247372,4404.619117675251,0.0,0.0,0.0,0.0041796254552989,86.36508068698528
E01004144,1770.0,4365.72994386999,1442.9107441604203,0.0,19.73211274065532,0.0,0.0061045572506897,46.86376773087996
E01004145,2280.0,5029.703597824772,1455.9668309492763,0.0,0.0,0.0,0.0103749922105227,130.15461056734665
E01004146,1983.0,9233.145002701644,2961.311256539711,23.28074887216754,18.62459909773403,0.0,0.0074931688086402,102.43529497630414
E01004147,1583.0,5432.096092172774,2340.296610778162,0.0,0.0,0.0,0.0069393355452724,92.6510387875538
E01004148,1818.0,7676.625968481843,2765.7810832539094,0.0,0.0,0.0,0.0044356132346822,71.78363112525786
E01004149,1862.0,6875.523438531943,1953.3576256624049,0.0,7.38509499305257,0.0,0.0074606591622137,110.77642482942522
E01004150,1986.0,12369.052603646924,5001.182900668922,12.45624632794252,0.0,0.0,0.0016264129004455,149.47495584558314
E01004151,1966.0,10038.643039016855,3880.6554982974617,0.0,0.0,0.0,0.00200981141111,148.07764392512442
E01004152,1774.0,8681.48908984004,3934.564390209354,29.362420822457864,19.57494721497191,0.0,0.0017805548339436,230.00562963782488
E01004153,1928.0,11153.370495107776,4182.513935665415,0.0,0.0,0.0,0.0020933315912937,167.76335278253669
E01004154,1485.0,4315.591656954866,1397.8448397274683,0.0,0.0,0.0,0.003545017388003,66.84081350201022
E01004155,1904.0,9901.82731093047,4155.231103694037,0.0,0.0,0.0,0.0007893568637185,176.81834473189397
E01004156,2018.0,9594.4033305568,4183.882522740329,28.526471745956783,23.77205978829732,0.0,0.0017818059250355,185.42206623749
E01004157,1295.0,4901.41008531997,1525.3036790609635,0.0,0.0,0.0,0.0018095111684913,68.12770770865457
E01004158,1605.0,6732.181454372141,2621.565986905039,0.0,0.0,0.0,0.0016887179270406,125.83516729594446
E01004159,1650.0,4867.299690852597,1731.578738503318,5.899757201033451,8.849635801550177,0.0,0.0030913785581072,64.89732917237356
E01004160,1650.0,7364.776856333861,2753.980194156359,0.0,0.0,0.0,0.0018201048548581,71.41601795787783
E01004161,1518.0,4700.766390673778,1424.4746638405388,0.0,3.0966840518272583,0.0,0.000744775940206,55.740312899400905
E01004162,1694.0,9482.724144641636,4875.709994086698,0.0,11.195660147156596,0.0,0.0031853952472168,123.15226154487904
E01004163,1729.0,7909.619509602956,2456.602473485707,0.0,0.0,0.0,0.0087290815610034,224.15925722269043
E01004164,1443.0,6193.6576271867125,2862.903421575563,8.584418055698839,4.292209027849419,0.0,0.0123577955072287,171.68836101108442
E01004165,1776.0,7145.549964983278,3041.686809418557,40.23395250553648,108.63167176494848,0.0,0.0190880770743946,136.7954384366661
E01004166,1566.0,6471.19769916214,2727.324700796304,12.39693045816502,4.132310152721673,4.132310152721673,0.0122262250271253,111.57237405643592
E01004167,1632.0,9912.959751034632,2563.277582681749,24.29646997802606,36.44470496703909,0.0,0.0062415778095204,170.07528974407538
E01004168,1611.0,7161.459639521135,2031.5251739671996,8.8907009801628,8.8907009801628,0.0,0.0078878048367033,137.80586510988746
E01004169,1807.0,12046.419725138703,2993.271973761637,0.0,6.66653000837781,0.0,0.0011811880544453,99.99795006573282
E01004170,2207.0,8783.444588698783,4640.460530322964,19.89905887788578,43.77792953134872,3.979811775577156,0.0070778904681542,135.313600288452
E01004171,1609.0,4297.228075435717,1730.6425064526693,8.012233826169766,13.353723043616275,2.670744608723255,0.0358063656592166,98.8175504634265
E01004172,1941.0,10737.299259294989,3103.361609718953,22.127355506017487,71.91390539455683,5.531838876504372,0.0121393416935497,149.35964957619623
E01004173,1365.0,6022.041476145827,2117.640958644686,0.0,0.0,0.0,0.0013984394016438,79.41153590158213
E01004174,1573.0,9325.40351121894,2946.4243770348467,0.0,0.0,0.0,0.0044729624535839,118.56838532255595
E01004175,1737.0,6595.302968495777,2023.77460115616,3.7969504712123063,0.0,0.0,0.0071136528366235,64.54815797182913
E01004176,1525.0,9309.71854913771,3253.822942092065,0.0,30.523667374222,0.0,0.014326509256501,128.19940289489566
E01004177,1804.0,7998.898777101883,3347.654421680666,4.433979366464459,8.867958732928917,0.0,0.0030444541415763,155.18927773312288
E01004178,2368.0,10056.809163634913,7071.193943180798,131.65586320636922,369.48580964368136,4.246963329237716,0.0040329882331478,131.6558631273962
E01004179,1617.0,6957.147938016921,2947.2148036744534,4.302503363028399,17.210013452113596,0.0,0.0041923416992408,73.14255712752146
E01004180,1761.0,2945.388755119241,1580.5748856261685,0.0,1.672566016535628,0.0,0.0052197078266066,45.15928241936552
E01004181,1732.0,6225.66783620064,2232.182290000345,0.0,3.594496441224388,0.0,0.0138591596389404,104.24039673291188
E01004182,1767.0,11916.72896526269,3540.6240558929894,26.976183282994207,101.16068731122829,0.0,0.0041080414424275,60.696412350230034
E01004183,1775.0,8530.108291304368,2455.710048933257,33.63986368401722,86.50250661604429,0.0,0.0205115022059847,115.33667541875408
E01004184,1705.0,6093.12040796791,1154.2978837382022,0.0,0.0,0.0,0.0101597752786016,50.031487190853206
E01004185,2117.0,5261.788308728611,1456.4987949527474,0.0,0.0,0.0,0.0075743602682053,72.0792918571575
E01004186,1719.0,5738.946335246927,2186.7422045298067,6.677075433678798,6.677075433678798,0.0,0.0089152342802731,83.46344287091759
E01004187,1676.0,9462.5937378328,2371.294373442587,0.0,0.0,0.0,0.0059658261289657,175.02410841118564
E01004189,2115.0,6231.7514119407,1487.959556988205,5.892909136586949,11.7858182731739,0.0,0.0053002383615702,47.143273064419546
E01004190,1386.0,5219.19164949668,1656.886237935454,11.296951622287189,26.359553785336768,0.0,0.0026209366287086,116.73516669348903
E01004191,1886.0,7689.851891989188,3294.4858582859297,12.232001949081422,4.077333983027141,4.077333983027141,0.0019567961412676,89.70134757270506
E01004192,1864.0,4788.902525842461,1803.545908337665,0.0,5.138307431161439,0.0,0.0065868541253606,51.38307428079347
E01004193,2845.0,7699.91960325501,2563.03123524868,0.0,0.0,0.0,0.0014599496667905,113.67192377601626
E01004194,1596.0,7737.505948251959,3776.639808075361,0.0,0.0,4.848061371085187,0.0005235816876463,101.80928873171644
E01004195,1695.0,7111.948119827996,3331.4966413825537,58.741754382060144,201.40030073849192,0.0,0.0192471363436999,138.46270667461303
E01004196,1577.0,6465.44827725976,2996.983316852812,0.0,4.099840378731617,0.0,0.0018468136058727,90.1964882779013
E01004198,1490.0,15463.121047792312,6973.971371890225,114.15726948034592,124.5352030694683,10.37793358912236,0.0076918743776145,93.40140224596902
E01004199,1695.0,25245.17107256634,5749.0478076758745,0.0,0.0,0.0,0.0004148683509907,148.93906228559698
E01004200,1502.0,26024.60747055275,12319.238289988683,17.32663613219224,69.30654452876897,0.0,0.0027454279259924,225.24626958366864
E01004201,1689.0,13147.129325255168,5293.101208510073,7.78397236545599,31.13588946182396,0.0,0.0107182185787076,101.19164069014668
E01004202,2019.0,18459.5115193745,12132.625946612165,27.428694679605496,18.28579645307033,9.142898226535165,0.0078061561247323,182.8579644209504
E01004203,1808.0,17046.092123610717,11634.335000296254,113.13777958148708,113.13777958148708,56.56888979074353,0.0051763465339127,207.41926244150508
E01004204,1868.0,22381.59088260416,8291.25315351289,0.0,0.0,0.0,0.0076020706373807,239.631593888869
E01004205,2203.0,16201.261020502703,6456.971028597991,29.41672450386329,88.25017351158986,0.0,0.0086962983740633,110.31271682311778
E01004206,1464.0,18923.841517590077,4213.915529190139,12.926121255184476,142.18733380702923,0.0,0.0023503057723645,129.26121247431576
E01004207,1426.0,20470.723094848174,7680.109997015269,28.710691577627173,28.710691577627173,0.0,0.0080356697205284,100.48742046121234
E01004208,1978.0,12285.769765552845,12732.976753985504,149.0689961442205,329.19403315182035,12.422416345351712,0.0255619575218477,155.28020422361885
E01004209,1387.0,16720.62593645511,3761.236692266759,12.055245808547305,48.22098323418922,12.055245808547305,0.0149955763702578,156.71819541714842
E01004211,1629.0,9915.398144522362,7139.817080125678,79.12840753762474,219.12482087342235,24.34720231926915,0.0083831371980831,152.17001440436516
E01004212,2231.0,26349.071034015094,12105.69153288457,23.62086152757965,82.67301534652877,47.2417230551593,0.0057062187724674,165.34603059356076
E01004214,1620.0,23817.17582463525,5439.725342663608,14.70196038557732,0.0,0.0,0.0007356440265949,205.827445274416
E01004216,1788.0,19864.572364007603,6988.152134765539,0.0,0.0,0.0,0.0003039425600077,133.3192775306233
E01004217,2077.0,5073.96535312819,2804.4834980217443,19.543439010604487,34.20101826855785,4.885859752651122,0.0003940589051201,51.30152737204546
E01004218,1927.0,13446.95436081743,5763.9773233187325,6.978180778836238,6.978180778836238,6.978180778836238,0.0003521828679729,104.67271161977342
E01004219,2721.0,13565.040805886683,6480.908874550787,24.9265725944261,69.79440326439308,9.970629037770442,0.0089175866652744,224.3391532153736
E01004221,1976.0,14389.121144739003,7951.882737882081,94.6652706890724,58.25555119327532,7.2819438991594145,0.002185162246574,174.76665347460872
E01004222,2730.0,19879.94673396439,6211.573100392536,58.25625416546341,152.92266718434144,14.564063541365853,0.0027966617534485,203.8968894573453
E01004223,2215.0,3741.506462388252,1006.743951053453,3.378335406219641,5.067503109329461,0.0,0.0057933512902142,32.0941863398246
E01004226,2407.0,26064.57578133353,11781.57808479056,97.4579069513925,216.57312655865,10.8286563279325,0.0062858480283661,194.91581378548616
E01004228,1947.0,15586.797697105842,7060.891406701259,40.02772906293231,16.011091625172924,16.011091625172924,0.0068557263867106,168.1164619635687
E01004229,1419.0,13345.195176033849,7796.452995723791,9.404647763237383,18.809295526474767,9.404647763237383,0.0068985377688593,94.04647757578591
E01004230,2146.0,13510.99272963177,5225.593646595698,37.77537575852312,69.25485555729239,12.591791919507706,0.0196185120089417,144.80560698769082
E01004231,1646.0,15033.40831563956,8795.365861458624,9.133297883134604,36.53319153253842,9.133297883134604,0.0204316692692821,127.86617028719738
E01004232,1791.0,9415.819825278148,5152.151551520147,73.60216502171639,57.83027251706288,10.51459500310234,0.0295395877893755,157.7189249519513
E01004233,2204.0,26089.621889870305,7007.738729039574,0.0,11.837396501756038,11.837396501756038,0.0040775991404358,94.69917195732864
E01004234,2561.0,4445.101782764934,2167.876660161422,26.035348200497463,57.27776604109442,3.4713797600663288,0.0215818818086138,46.86362673278592
E01004235,1312.0,34682.634791676406,5947.860387292066,0.0,52.86987010926281,0.0,0.0152500097741819,105.73974015473654
E01004236,1560.0,15436.383091170545,4423.117462662329,19.790234732269926,0.0,0.0,0.018450897314571,217.69258192402924
E01004237,1530.0,23446.38520443543,7539.621908877276,61.29773909656322,122.59547819312644,15.324434774140803,0.0016813403445404,107.27104335445073
E01004239,1773.0,16335.560370196476,5988.784117669323,9.213514027183573,73.70811221746858,0.0,0.0199643892774924,147.41622434645598
E01004240,1684.0,20110.260440410075,4155.802038754576,0.0,23.883919762957333,0.0,0.0006327521719765,47.76783949719984
E01004241,1672.0,14071.17083833654,3467.298077389147,0.0,16.83154406499586,0.0,0.0065616330837637,75.74194824712795
E01004243,1553.0,13610.57058901868,4793.935680742575,43.82025302324108,78.87645544183395,8.764050604648217,0.0061197352511324,350.56202397579824
E01004244,2049.0,15157.8444592221,7723.176971902329,51.78375364302328,133.15822365348842,7.397679091860468,0.020383273863526,155.35126083552882
E01004245,2966.0,13889.477760602069,4682.8987729609125,4.682898772960913,9.365797545921826,0.0,0.0089272502178555,112.38957048377668
E01004247,2640.0,21902.41768883268,6637.096269343237,224.00199909033424,282.0765914470876,8.296370336679047,0.0232381521019631,157.6310363023673
E01004248,1888.0,17850.49359918706,5190.636115441576,9.454710592789755,9.454710592789755,0.0,0.0028800450450684,132.36594821917848
E01004249,2439.0,13360.557406202646,2881.366623887902,5.477883315376239,32.867299892257435,0.0,0.0019161732645389,120.5134328660629
E01004251,2578.0,19978.21895962696,6308.095513241406,0.0,23.248509262560464,0.0,0.0068584061278776,131.7415524087421
E01004255,1586.0,16627.975314809137,7202.660177347969,62.90532905980759,94.35799358971136,20.96844301993586,0.0075372021159808,314.52664511012983
E01004256,1690.0,11903.394456024917,7036.385243531889,7.043428672204093,14.086857344408186,0.0,0.0080845337003682,119.73828735548848
E01004257,2232.0,18019.28096978495,4860.03904292587,16.14630911271053,40.36577278177632,8.073154556355265,0.0130722616581508,137.2436273754452
E01004258,1472.0,14763.053375033522,6860.005780246555,20.058496433469458,30.08774465020419,10.029248216734729,0.0024500998964048,100.2924821070022
E01004259,1753.0,13279.984897493538,15158.727769472089,60.6046087735016,121.2092175470032,15.1511521933754,0.0110232300211676,166.66267402679424
E01004260,1785.0,18072.38563422427,6155.748160004681,40.49834315792553,111.37044368429522,20.24917157896277,0.0050430253494824,253.1146445847754
E01004263,1381.0,16742.120878223974,4703.7964523902265,0.0,0.0,0.0,0.0047394276025925,181.8478008851539
E01004264,1441.0,23417.64586079032,3900.232482019207,0.0,0.0,0.0,0.0068833292771042,227.51356131475293
E01004266,1452.0,17662.05524453186,7347.02573532868,12.163949892928278,0.0,0.0,0.007770234374626,218.95109794133504
E01004267,2200.0,10411.519343306518,4879.216564976828,28.395052754472324,18.93003516964821,0.0,0.0076765923620764,75.72014063324751
E01004268,1769.0,34590.69523551067,17617.985532614537,0.0,0.0,0.0,0.0005360732924301,97.76906504999914
E01004270,2420.0,8314.139592816591,3916.5781552937674,58.40511284210002,72.14749233435886,0.0,0.0152842582009219,54.969517936016686
E01004271,2463.0,25252.01235484168,7966.225578445792,0.0,71.76779800401614,0.0,0.0065595075393943,225.55593644925543
E01004272,2668.0,28735.149803990105,10856.458396709904,21.54059205696409,43.08118411392819,0.0,0.0160061545523058,107.70296022015629
E01004274,1956.0,23348.95703557525,7210.005137774772,23.87418919792971,11.937094598964856,0.0,0.0002031322520677,143.24513510142722
E01004275,2514.0,18479.027386570357,6740.361222547738,29.401793773381627,14.700896886690812,7.350448443345407,0.0001546461330417,169.06031409538144
E01004276,2052.0,25988.905591213694,13817.688109168685,25.330317340364225,0.0,12.665158670182112,0.0,126.65158662588745
E01004277,1593.0,3667.880557046051,18486.762707170587,124.33493413715426,41.44497804571809,20.722489022859044,0.0046736700265886,154.26741818864863
E01004280,1954.0,14394.737939794228,6504.889253243758,22.10041648893689,7.366805496312296,0.0,0.0020667117058853,66.30124942718663
E01004281,1991.0,16038.714831285464,6363.93004355375,0.0,0.0,0.0,0.0004069961413195,64.44486116183
E01004283,2185.0,14371.500945550342,4163.459999328772,6.577345970503589,0.0,0.0,0.006313043591402,171.01099513056857
E01004286,2476.0,15840.548087222563,5482.774519688908,31.988182728640076,38.38581927436809,25.590546182912057,0.0167172943188857,230.3149155075414
E01004287,2250.0,26374.200612813627,5603.052396855517,0.0,58.6093346951414,11.72186693902828,0.0097770617710408,93.77493545596276
E01004288,1853.0,18182.09522453949,6554.581548835608,9.812247827598217,68.6857347931875,0.0,0.0155852888724324,156.9959651475004
E01004289,1936.0,18345.88955685736,5884.709408475423,9.476182622343677,37.90473048937471,9.476182622343677,0.008280110954713,151.61892186639054
E01004290,1975.0,19827.09922508768,11976.571835711193,180.70267648181175,190.74171406413467,0.0,0.0100403361801117,240.9369018311442
E01004291,1911.0,16886.173206995707,10532.872037016685,35.34520817790833,61.85411431133958,17.672604088954166,0.0006576781559311,212.07124894007436
E01004292,1672.0,11155.645110484693,6972.278194052933,6.67203654933295,13.3440730986659,6.67203654933295,0.0002050240913354,100.08054818000464
E01004293,1987.0,6084.563181967795,7918.812475374291,85.74120236290803,61.243715973505736,15.310928993376434,0.006999880729444,101.05213129555436
E01004295,2003.0,24983.71847095361,5775.068223690226,0.0,37.419448533629975,0.0,0.0043318821116081,99.78519603016876
E01004296,2430.0,18139.73522462228,8995.218496160429,22.39473484521269,22.39473484521269,7.464911615070896,0.001272061345773,164.2280554326543
E01004297,1917.0,16258.4796405607,9583.767341592902,33.92484014723151,42.40605018403939,8.481210036807877,0.0014604112181264,169.62420063449096
E01004298,1604.0,17556.76979679096,7410.182763358777,0.0,142.293022043817,21.89123416058723,0.0032036773110325,65.67370244240254
E01004300,1450.0,29462.119118429397,6034.654743567951,20.318702840296133,20.318702840296133,0.0,0.0031609867982863,162.54962262483832
E01004301,1420.0,17082.224169624027,5521.648516801006,24.05947066144229,0.0,0.0,0.0054881359122549,144.3568238820554
E01004302,1669.0,33980.166281152684,10383.39413025037,142.51717433676978,244.31515600589103,0.0,0.0029873270296931,264.6747521808599
E01004303,2871.0,12700.477072477845,4613.931587110551,4.423711972301583,0.0,4.423711972301583,0.0165634490624014,106.16908727158354
E01004304,2136.0,20843.60412856856,9709.450425058854,58.54944979934988,302.5054906299744,9.75824163322498,0.0008384960817668,156.13186603782253
E01004305,1864.0,20292.039568900906,8937.641891667192,43.54514928948692,32.65886196711519,0.0,0.004564229964861,141.52173510581562
E01004306,1842.0,15412.738529348457,12484.150860905482,376.5327002283825,242.6544068138465,16.734786676817,0.0041153731887186,167.34786666781883
E01004307,2336.0,11031.903097035052,21799.34276366173,519.4817383021642,670.6036985355212,61.39329634480123,0.0079017034453981,184.1798889238518
E01004308,1441.0,17236.349796423423,8420.812114283199,11.96138084415227,0.0,0.0,0.0025411121763807,143.53657004367628
E01004309,2793.0,21444.599642496258,13743.585162931724,191.94951344876708,261.05133829032326,38.38990268975342,0.0169006846761301,222.6614354663898
E01004310,2021.0,22082.608085335924,15625.002257313396,316.8706751483136,458.916150214799,43.70630002045705,0.0086509557433624,295.01752496086857
E01004311,1845.0,21834.208883769817,7881.616865360812,11.834259557598816,47.33703823039527,11.834259557598816,0.0040693725790821,142.01111460593506
E01004312,1525.0,22117.91542501861,6700.640607448261,14.50355109837286,14.50355109837286,0.0,0.0010257473180264,87.02130653806114
E01004313,2125.0,26126.86691518277,11790.901351369544,61.47498097690064,49.17998478152051,12.294996195380127,0.01230214345345,295.0799085119602
E01004315,1580.0,16795.51960840874,8908.003437877545,106.30075701524518,170.0812112243923,31.890227104573555,0.0020394164008472,276.3819680746361
E01004316,1039.0,30491.96590117065,15055.224742348935,117.38966660700925,645.6431663385508,0.0,0.0010199514896316,410.8638328776608
E01004319,2506.0,27567.94040668877,9427.663578823733,44.00309721738032,165.0116145651762,0.0,0.0006913070495999,209.01471165699976
E01004321,2146.0,20390.422741838414,16570.78157584632,76.01275952223082,627.1052660584043,0.0,0.0048424971756334,256.5430632330695
E01004322,1401.0,10012.056364446806,71599.42377972344,42.87818571497561,0.0,21.439092857487804,0.0109954351083109,121.48819278602204
E01004323,1627.0,23117.36581660762,9107.702205559608,14.20858378402435,28.4171675680487,0.0,0.0054122417731413,241.54592418352303
E01004324,1599.0,20662.478577566337,6280.152963537986,0.0,38.76637631813571,0.0,0.0064207447236666,142.14337974757245
E01004326,1887.0,22505.54845513225,12165.161327098514,83.48640126440156,345.8722338096636,0.0,0.0092291981931945,274.3124611329581
E01004327,1506.0,13370.326015255798,5468.871730011668,0.0,35.51215409098486,8.878038522746214,0.0015820926911969,88.78038517401664
E01004328,1869.0,18408.643511959926,7229.504728613475,49.247307415623126,128.04299928062014,0.0,0.0043207108140432,177.29030658959763
E01004329,1810.0,15505.641356162128,5970.956920024863,34.26661073185,51.399916097775005,8.5666526829625,0.0011393089425678,77.09987410022785
E01004330,1677.0,17284.421539632927,5545.032074133879,20.613502134326687,41.227004268653374,0.0,0.0013962270221238,154.60126591426555
E01004331,1656.0,15472.679521782502,4774.4802147529335,18.68681101664553,74.74724406658214,28.0302165249683,0.0012836931757977,168.18129904898603
E01004332,1944.0,17156.8374896172,5109.984005395247,61.77873581652284,194.1617411376432,8.825533688074692,0.0033787168523428,141.20853892443304
E01004333,1696.0,17048.49823055586,5096.455544157913,60.31308336281553,90.4696250442233,0.0,0.0031236267811655,140.73052776193407
E01004334,1892.0,17204.32239664367,5437.729806127333,0.0,36.372774622925306,9.093193655731326,0.0034402300036099,118.21151745342029
E01004335,1740.0,14502.208303491068,4200.639646528447,41.67301236635364,208.36506183176817,16.669204946541456,0.001889758573874,100.01522961908528
E01004336,1555.0,7292.111172351913,2588.5822296709043,51.58406617097816,150.06273795193647,4.689460560998015,0.0016519187806122,89.09975060544846
E01004337,1742.0,15129.648925134365,4559.739199595603,0.0,26.055652569117736,0.0,0.0017162463318334,104.22261021402151
E01004338,2020.0,21346.55094259965,7502.995628339479,0.0,10.56759947653448,0.0,0.0002736770932272,52.83799735088615
E01004339,1883.0,17716.408490869133,5908.605699556992,18.817215603684687,84.67747021658109,9.408607801842344,0.0003798674217065,84.67747016580914
E01004340,1880.0,7186.858192773747,2270.74136516362,0.0,15.291187644199464,3.8227969110498656,0.002263826892743,95.5699227189095
E01004341,1935.0,12908.507221063848,5370.205846489094,120.07913694012882,226.81614755357663,6.67106316334049,0.0050108392337544,120.0791368680556
E01004342,2091.0,5787.909245402756,4401.136155040833,19.37607112282128,33.21612192483648,2.76801016040304,0.017590605078486,44.288162539819794
E01004343,1871.0,6708.877145978105,2337.8877066690134,14.342869366067568,14.342869366067568,0.0,0.0250859566427728,46.6143254117857
E01004344,1904.0,5042.4428076163,1700.2354424840676,10.593367242891388,26.48341810722847,0.0,0.0255410350326161,63.56020341915642
E01004345,1792.0,12484.275069762658,3803.8025603183096,6.96667135589434,6.96667135589434,0.0,0.011328943072764,34.83335675855222
E01004346,1796.0,9626.714108285632,3435.8150018992706,5.3600858063951184,5.3600858063951184,0.0,0.0084036282923008,75.04120124462904
E01004347,2184.0,9412.613429109895,4038.2869885879,8.619609367316755,25.858828101950262,0.0,0.0113480641792584,25.85882808645248
E01004348,2947.0,11025.662558539298,6756.819335161849,33.67185715196935,59.86107938127884,3.741317461329928,0.0293634477533193,63.60239680437028
E01004349,1547.0,2389.299530687019,750.6138150703886,1.5444728705152029,1.5444728705152029,0.0,0.010707020237187,44.78971321807292
E01004350,1901.0,6065.925001237112,2000.7022492244448,3.1909126781889072,0.0,3.1909126781889072,0.0344947889723465,95.72738028831697
E01004351,1645.0,3833.8101645933234,1426.3172162499172,0.0,0.0,2.3305836866828717,0.0007022991006374,72.24809424384324
E01004352,1884.0,1284.815862638194,716.7417577668482,7.501578815828097,10.911387368477232,3.409808552649135,0.0094617513158754,33.4161237959181
E01004353,1815.0,3169.707141267681,946.5461545824148,0.0,0.0,1.746395119155747,0.0064085952193233,66.36301448808713
E01004354,1965.0,6476.733293474076,4281.565673395839,79.10513946227879,207.65099108848185,0.0,0.0204003113309114,105.47351921974946
E01004355,1690.0,6866.0413001854695,1734.7926835379856,4.062746331470692,0.0,0.0,0.0006736429948237,105.6314045549326
E01004356,1698.0,3607.641748547892,1268.4111448074743,0.0,8.498567134388438,2.124641783597109,0.0014769101177792,61.61461168737773
E01004357,1583.0,4661.168808901699,1937.4915200614769,0.0,0.0,0.0,0.0251359938296795,61.83483570957297
E01004358,1952.0,8046.736705647008,2695.986580682963,20.611518200940083,12.36691092056405,0.0,0.0035834478280407,94.81298366746208
E01004359,1712.0,7569.556293719408,2732.4683349991788,4.421469797733299,30.95028858413309,0.0,0.0089650886893041,114.95821467209582
E01004360,1334.0,5931.532460456459,1627.3919644130915,0.0,0.0,0.0,0.0015716248319765,97.82137485138873
E01004361,1383.0,6722.979526484127,2075.7138523562708,0.0,0.0,0.0,0.0003409612704879,179.86279271939208
E01004362,1608.0,1980.8033617959431,853.6671204754904,3.695528660067058,1.2318428866890194,0.0,0.0279832960929398,24.63685771898587
E01004363,1666.0,5571.614188448303,13293.61728636375,6.688612471126415,0.0,0.0,0.0231324295822281,76.91904337176003
E01004364,1984.0,9942.135526097836,5692.674373814084,10.022314038405078,55.122727211227925,5.011157019202539,0.0113980539840374,125.27892540479696
E01004365,2543.0,21212.313140714137,8241.354849793774,200.1948546508609,600.5845639525827,8.341452277119204,0.0229773290236075,116.78033180952802
E01004366,1936.0,6646.700727073408,2743.137335191969,0.0,13.732852741887209,0.0,0.0047286360918024,75.53069003504324
E01004367,1607.0,13040.919753973223,4763.546916977151,48.69042845291807,56.80549986173775,8.115071408819679,0.007133524255127,97.38085684734592
E01004368,2449.0,17246.577433300034,4676.083060723243,7.042293766149462,0.0,0.0,0.0021157912274925,91.54981890499916
E01004369,1757.0,18210.986910302705,7162.089900409317,41.45927583449677,114.01300854486612,0.0,0.0079814646527296,134.74264638110805
E01004370,2105.0,14945.236153702825,8179.055605256843,28.39949862936404,63.89887191606908,0.0,0.0085743184660409,92.29837048999306
E01004371,1646.0,15227.056675112774,5374.799470376987,18.501891464292555,9.250945732146278,9.250945732146278,0.0013784839836434,175.7679688052634
E01004372,1645.0,16647.49182567968,7357.280581926521,30.360167463245617,70.84039074757311,0.0,0.0033437300412959,70.84039070504093
E01004373,1798.0,18877.925914982385,6835.111107148794,83.99522097878703,73.49581835643865,0.0,0.0039538044568213,104.99402616063786
E01004374,1967.0,15305.161376742764,5158.780880925497,0.0,38.90483318948338,7.780966637896677,0.0064296467433345,140.0573993978698
E01004375,1933.0,16493.952467421575,6135.101823112319,51.19695540844773,17.065651802815907,0.0,0.0016531248415065,127.99238844402916
E01004376,1891.0,17306.00918536475,5362.940974417633,18.303552813712056,73.21421125484822,9.151776406856028,0.0016074522106721,137.27664602049614
E01004377,1837.0,2212.3965159054114,597.3591028247599,0.0,0.0,0.0,0.02392338915651,46.969768137434926
E01004378,1849.0,8515.300753129175,3384.935669848536,0.0,9.210709305710305,0.0,0.0196927354614683,101.31780230196854
E01004379,1926.0,9075.750478782482,7247.406145569811,28.27336597751552,80.1078702696273,0.0,0.0061474904229274,94.24455320184433
E01004380,1796.0,3513.858033116579,1580.84481668051,0.0,0.0,0.0,0.0018402288796414,44.99929549733058
E01004381,1985.0,8506.46499694259,4285.372794429516,81.42208309416081,162.84416618832162,17.141491177718066,0.0084207515918543,107.1343197964016
E01004382,1753.0,14776.356717702874,4206.162009203499,8.429182383173346,0.0,0.0,0.0003825030744735,101.15018853742676
E01004383,1687.0,7384.276072814094,2254.23958357988,4.3771642399609325,26.2629854397656,0.0,0.0045656380400207,105.05194169602892
E01004384,2002.0,7306.382144010852,3105.759842434184,18.24770765237476,65.69174754854912,0.0,0.0045793959019166,113.13578737688746
E01004385,1534.0,3218.115831635502,887.3943916439488,2.097859081900588,0.0,0.0,0.0066346831825548,35.66360437085842
E01004386,1698.0,4491.707650317106,1388.7788671475148,0.0,0.0,0.0,0.005335637772106,89.93996467556846
E01004387,1439.0,5387.655891607163,1834.573583660535,0.0,0.0,0.0,0.001378827608367,48.672360353663805
E01004388,1660.0,6138.6630472790375,3605.540042829555,25.88592851262245,44.37587745020991,0.0,0.0032426444645392,85.05376506189947
E01004389,1733.0,4140.728290658188,1708.378954310793,0.0,0.0,2.38934119484027,0.0090866933797046,90.7949653493343
E01004390,1600.0,4913.879504555867,1262.2527977327884,0.0,0.0,0.0,0.000596367463807,58.352319081572745
E01004391,2326.0,3147.5480808875027,1364.0277151911448,4.05960629521174,2.706404196807827,0.0,0.0803244501595316,29.770446147024582
E01004392,2565.0,12023.386126649242,6848.408238220095,126.56195922788676,496.8728769687406,4.687479971403214,0.0194998924144941,135.93691908924885
E01004393,1691.0,11848.161773708214,5472.155142085225,0.0,21.01980208227359,0.0,0.0279320543603576,140.1320137977389
E01004394,2003.0,16794.41739348177,5508.703059170007,16.76926349823442,50.30779049470326,0.0,0.0102192610580408,58.692422208639854
E01004395,1700.0,1128.9448616690204,414.3891727538051,0.0,1.3281704254929652,0.6640852127464826,0.0021113286478017,18.59438594573289
E01004396,1995.0,17700.24495879563,6104.144627394182,35.48921294996617,177.44606474983087,0.0,0.0248303397270413,177.4460646436537
E01004397,2908.0,12318.451334502928,8950.786681500924,186.3864713611172,432.07772906440806,12.708168501894356,0.0135908234157927,122.84562877777384
E01004398,2029.0,4702.330332967452,1242.2124487287108,0.0,4.635121077345937,0.0,0.0011032306098316,64.89169504388117
E01004399,1890.0,2393.2641367012056,626.8072738979348,2.532554642011858,0.0,0.0,0.0058762117729853,27.858101045405142
E01004400,1898.0,10952.530438058477,3629.684744751728,17.311691946351647,51.93507583905494,5.770563982117215,0.0027717719512424,98.09958763715608
E01004401,2368.0,2141.200614187198,1729.7790434713302,4.5211161617128335,15.371794949823634,8.1380090910831,0.0026749344586689,24.41402725859028
E01004402,1870.0,9850.727729126978,2823.5240977604603,5.267768839105336,15.803306517316008,0.0,0.0008825664562862,79.01653253922767
E01004403,2588.0,6662.22373555702,2746.751439659714,5.148550027478377,28.317025151131077,0.0,0.0158614348905316,92.673900438985
E01004404,2852.0,18834.99723938965,5692.765645285372,0.0,6.604136479449386,0.0,0.0020062005491457,138.686865984833
E01004405,1716.0,14393.766962878282,4797.922320959427,16.77595217118681,50.327856513560434,0.0,0.0100045941942914,92.26773688644616
E01004406,1846.0,13160.65639964003,5788.977787923999,21.38784897016256,78.42211289059605,0.0,0.0220212595235445,106.93924478648172
E01004407,1632.0,17411.06643799984,4363.4351551114805,0.0,0.0,0.0,0.0296753884963814,202.70236649687277
E01004408,1732.0,14671.239094413171,5624.539699012901,0.0,16.941384635581027,8.470692317790514,0.0231306872068004,101.64830775246416
E01004409,1774.0,11267.938154401723,5595.858801594091,25.406850404513467,101.62740161805388,6.351712601128367,0.0127215232763261,127.03425194629526
E01004410,1845.0,9362.307160515978,4536.53257533945,10.148842450423825,45.66979102690721,10.148842450423825,0.0065218605203957,91.33958199905037
E01004411,1981.0,16199.84291746677,8431.114612775487,40.88804370890149,147.19695735204536,0.0,0.0313997977546732,106.30891357950564
E01004412,1788.0,11857.542477784384,5656.870097063803,53.05388133236861,46.42214616582253,13.263470333092153,0.0042936509638857,112.73949776350652
E01004413,1543.0,4766.151470050169,1952.176104388663,3.088886241121302,3.088886241121302,3.088886241121302,0.0069329770070061,74.13326974234641
E01004414,1814.0,6323.180133503413,2750.269639103745,48.80072870399548,97.60145740799096,3.4857663359996764,0.007803334301766,156.85948502568195
E01004415,1618.0,6123.498726655698,1597.1053539237976,0.0,3.784609843421321,0.0,0.0081035608782372,124.8921247579366
E01004416,1824.0,3864.746006925083,1741.678299173475,2.118830047656296,4.237660095312591,0.0,0.0013527321035974,61.44607134509858
E01004417,1886.0,6865.835995439126,2788.5632940118617,54.60633082268658,109.21266164537316,3.640422054845772,0.0089736834434621,200.2232128960537
E01004418,1780.0,9800.765610682654,2587.842605067892,16.518144287667393,27.53024047944566,0.0,0.0040807995623601,170.6874908698487
E01004419,2652.0,10034.696950777232,3133.004930333163,3.783822379629424,11.351467138888273,0.0,0.0132671539119891,75.67644754722517
E01004420,2258.0,13357.698009191454,6454.051606743967,53.24148896489065,349.0275387698387,11.831441992197922,0.0196226098203819,177.47162977640707
E01004421,2132.0,16775.219583398426,4406.249046296021,0.0,31.47320747354301,0.0,0.0099923280324228,141.62943354582768
E01004422,2648.0,1971.0877723308515,1982.9976682361737,6.69931644674383,11.165527411239715,1.4887369881652956,0.0223095181654985,26.052897277265817
E01004423,2102.0,16530.30201986216,4466.79902344515,0.0,0.0,0.0,0.0265404864645303,86.50491061338978
E01004424,2120.0,9738.969171768393,4860.296879118377,45.938533829096194,169.97257516765592,9.187706765819238,0.0225160921037972,73.50165408248137
E01004425,1989.0,15018.20579944659,6682.308764459644,0.0,37.75315686135392,0.0,0.0229700343192136,98.15820778055544
E01004426,1831.0,14641.910472133348,4110.29054214994,0.0,7.996674206517393,0.0,0.0076541800774768,103.95676462236476
E01004427,1975.0,4844.25201122506,2317.8826079026235,9.811143313873538,29.433429941620616,4.905571656936769,0.0253772268488083,22.07507244296324
E01004428,2091.0,13262.369518973708,2619.4924014041803,12.685193227138887,0.0,0.0,0.0022214016298785,120.50933558547806
E01004429,1832.0,3423.4771723150247,2769.4285859011284,0.0,5.606130740690543,1.868710246896848,0.0033098267748797,59.79872786483572
E01004430,2677.0,5245.521828195597,4332.405215592255,27.432687932289262,52.90589815512929,7.837910837796932,0.0035571195545178,62.70328666471816
E01004432,1932.0,10396.735817103225,4256.634591785015,32.287999431997584,21.525332954665057,21.525332954665057,0.0046135397568607,48.43199911893998
E01004434,2146.0,6630.315254295828,2446.975620411135,6.179231364674584,6.179231364674584,0.0,0.0042761746007684,71.06116065107544
E01004435,2147.0,13419.634769941227,4537.799181638254,6.25041209592046,0.0,0.0,0.0056656508877126,106.25700556689776
E01004436,1531.0,6705.59250072226,3657.197738800187,26.27926518898338,30.65914272048061,0.0,0.0118945697509574,78.83779551960927
E01004437,1792.0,11665.89428566454,3925.521347240913,0.0,0.0,0.0,0.0056237652570143,156.2396555177244
E01004438,2142.0,8252.858406214526,6287.892119020591,84.76325160444425,215.7610040840399,23.117250437575706,0.0112061263131347,138.7035025424186
E01004439,1636.0,11080.82016150134,4978.241331725846,13.546234916260806,13.546234916260806,0.0,0.0032106905265329,128.68923162790554
E01004440,2066.0,8678.177439988782,5452.214093468267,63.00709661172881,155.41750497559775,8.400946214897175,0.0031470027499348,42.00473104928149
E01004441,1527.0,11815.14303898418,4835.929534620243,7.73748725539239,23.21246176617717,7.73748725539239,0.001700082226004,123.7997960118452
E01004442,1544.0,10070.689952276189,6118.074595359497,0.0,13.04493517134221,0.0,0.001746081883839,110.88194889002662
E01004443,2235.0,17406.875921498373,6931.59712310226,54.51817961990542,179.13116160826064,0.0,0.0016684846505381,132.40129328289228
E01004444,2820.0,14376.029919624958,6448.821932030344,96.85977605421073,117.25130785509717,10.195765900443233,0.0122419997985293,168.2301372558222
E01004445,2088.0,12181.980097243302,4889.12802753347,11.66856331153573,64.17709821344651,0.0,0.0016462572460123,105.01706974069164
E01004446,2668.0,21329.20989914117,6907.210402120679,47.96673890361583,79.94456483935971,0.0,0.0091613518198937,87.93902127058041
E01004447,1862.0,14655.335418871588,5273.402110979572,0.0,15.741498838744992,0.0,0.0001349791631365,15.741498829315711
E01004448,1931.0,3747.2444953798863,1837.7216660407832,3.881143962071348,3.881143962071348,0.0,0.0054727943878522,50.45487147659969
E01004449,1892.0,10556.493514906082,3040.85040466375,0.0,0.0,0.0,0.0024227540642643,78.11358832978173
E01004450,1708.0,5763.817339659489,1343.0909257520357,0.0,0.0,3.3746003159598885,0.0044265504368499,107.98721004591047
E01004451,1841.0,9436.0066717034,2362.8457771076955,5.125478909127322,30.75287345476393,0.0,0.0004263509199966,164.01532499377288
E01004452,1887.0,8162.0376610137955,4234.570678395605,64.88106248818598,190.31778329867885,12.976212497637194,0.0103956093292868,134.0875290617113
E01004453,1816.0,5420.136721112827,2325.047635323179,2.9846567847537595,26.86191106278384,0.0,0.0132556163757855,104.46298740376136
E01004454,1971.0,10287.93125493591,2369.721354510859,0.0,0.0,0.0,0.0042413625580752,151.36986616636028
E01004455,1794.0,3811.7230330070383,3265.673523819297,6.3741187842927065,55.242362797203455,0.0,0.0125353452356395,53.11765650387135
E01004456,1686.0,6753.302737087933,2895.9892520252524,4.005517637655951,12.016552912967851,0.0,0.0115525147774527,128.1765643280924
E01004457,1907.0,15832.658549815977,7115.148598422806,8.302390429898256,49.81434257938954,0.0,0.0199559263045988,124.53585637377388
E01004458,2038.0,15590.256284232644,5897.982136969268,53.54847595173136,145.34586329755655,7.649782278818765,0.0354820246193563,145.34586321014922
E01004459,1666.0,15139.835500114994,2680.823212805476,0.0,18.175072629189668,0.0,0.0177150302286004,118.1379720188168
E01004460,2047.0,14759.691274406492,5422.221709014989,100.9456169231514,216.31203626389583,0.0,0.0329214186692468,79.3144132492093
E01004462,2355.0,17303.63594558774,6892.063913783991,88.17139335331332,242.4713317216116,0.0,0.0139540192029104,73.47616108367481
E01004463,2047.0,14333.423841398004,6505.0076935313855,0.0,14.004322268097708,0.0,0.0075565752442781,70.02161129849782
E01004464,1729.0,15134.496527616328,5812.206879315929,105.03988336113125,595.226005713077,26.25997084028281,0.019447355367402,148.80650133860138
E01004465,1607.0,13880.467601498083,5458.90200631412,0.0,8.637503174547657,0.0,0.0038544384852079,69.10002535503337
E01004466,1719.0,11629.10218123596,6264.426189543047,6.765039081579965,6.765039081579965,27.06015632631986,0.0056255596551352,54.12031262022823
E01004467,2354.0,11783.301197929564,4269.819847847884,65.07345606333234,100.1130093282036,5.00565046641018,0.0196071559543659,120.13561112151731
E01004468,1779.0,2281.2605706419954,1395.1722882847057,2.564654941699826,0.0,0.0,0.0164666479038495,58.98706362370067
E01004469,1926.0,9282.208436198069,2081.9906772780714,0.0,0.0,0.0,0.0061650966370423,81.93018863977683
E01004470,1671.0,11568.972284407566,8058.817318402398,96.92735606325908,256.1651553100419,0.0,0.0396142305943244,103.85073857668256
E01004471,1776.0,13108.433183561923,4841.853698432782,7.380874540293875,29.5234981611755,0.0,0.0036366317791381,95.95136896636144
E01004472,1782.0,13537.249392611888,7239.617660583126,0.0,7.596660714148085,7.596660714148085,0.002783889452087,129.14323206309848
E01004473,1773.0,15983.576350650044,8555.225017917028,0.0,27.04496844441632,0.0,0.0037051633732246,99.16488423671278
E01004474,2017.0,13679.545970229585,16311.010440457188,155.9888732351415,183.1173729282096,47.47487446286916,0.0179520289919285,210.245872495032
E01004475,1510.0,14468.555853646823,6898.914049421002,19.163650137280563,0.0,0.0,0.0083696767200636,47.90912531444034
E01004476,1812.0,9450.3879965963,7478.949441014953,62.58535097083643,67.8007968850728,0.0,0.0121741796759715,104.30891822205918
E01004477,1657.0,8074.553857526873,3839.9206033380665,0.0,0.0,0.0,0.0066202551547261,112.07890079143806
E01004478,1566.0,16371.2268562213,6837.02577520353,0.0,0.0,0.0,0.0030075199480707,156.8125176862621
E01004479,1512.0,10404.742576605757,5553.324906958231,0.0,0.0,0.0,0.007623921907234,137.62886997818202
E01004480,1721.0,22300.151430718,12180.210543216106,0.0,12.957670790655431,0.0,0.0006847423879443,103.6613662627848
E01004481,1640.0,16035.175707320788,10256.645924987504,97.7754616300048,107.55300779300528,0.0,0.0192015809375271,146.66319235668865
E01004482,1557.0,13051.616065807968,6085.724639548224,0.0,8.382540825824,8.382540825824,0.008965751056762,100.59048984964012
E01004483,2101.0,4653.765394539726,2440.956432547729,4.430047971955951,2.2150239859779752,0.0,0.0104791452335899,37.6554077390422
E01004484,1498.0,4832.322611027401,2525.840189876138,3.225849540071696,0.0,0.0,0.0024685003359704,35.48434491949952
E01004485,1733.0,11388.177682614942,9147.341796999424,78.85639480171916,91.99912726867235,6.5713662334765965,0.0184776391772148,118.28459213144544
E01004486,1425.0,5306.815286471815,2737.1994635486203,3.724080902787239,0.0,0.0,0.0033941129461907,52.13713260765659
E01004487,1492.0,14158.041189111393,6670.980533475408,0.0,0.0,0.0,0.0034622729734151,66.42512618241871
E01004488,1331.0,12362.076273394803,5359.0668743417,27.863432622227208,27.863432622227208,0.0,0.0091625771590762,65.01467607943137
E01004489,1364.0,7501.622540309644,3041.3469683220183,0.0,0.0,0.0,0.0028117654766167,27.4986163336512
E01004490,1570.0,12441.785776005112,6712.224555590019,31.69881726370729,95.09645179112188,0.0,0.0079577645913324,110.94586035640074
E01004491,2509.0,14620.468548769786,4230.554071903892,0.0,23.308837861729437,0.0,0.002102110572311,87.40814192890987
E01004492,1740.0,6237.515059260716,5208.6835523596665,21.5086726181404,75.2803541634914,7.169557539380133,0.009042602404465,96.78902672357688
E01004493,1947.0,13946.941041825929,8746.386755043379,28.65319166271377,28.65319166271377,7.163297915678442,0.0025709069538298,128.93936240475472
E01004494,1785.0,14885.330286189968,8947.876412931,75.05208547658806,125.08680912764676,16.67824121701957,0.0062671548707115,133.4259296561158
E01004495,1585.0,13514.89525653098,6275.686377796089,8.526747795918599,34.1069911836744,0.0,0.0032442063967161,68.21398232634942
E01004496,1930.0,10934.430375055796,9172.4573975209,130.30668322605356,271.9443823848074,39.65855576445108,0.0180682090127689,130.3066831479134
E01004497,1498.0,8912.69836398022,4682.438993626458,0.0,0.0,0.0,0.0058815799025398,113.0449057503464
E01004498,1687.0,14774.978064407043,8950.816586736217,35.03255024162903,105.09765072488707,0.0,0.0050720869004096,113.85578821672696
E01004499,1610.0,11292.039298409363,6726.127756009057,21.041067015669626,35.06844502611604,7.013689005223208,0.0117618585664859,140.27378002015055
E01004500,1927.0,12039.155115637395,7347.195856766775,0.0,6.247615524461543,0.0,0.0083017358421687,193.67608114194843
E01004501,1534.0,9501.365837846934,3406.617477715654,0.0,0.0,0.0,0.0005857455750902,185.81549867314448
E01004502,1641.0,11586.433922102353,5535.505298554689,14.1211869861089,28.2423739722178,0.0,0.0029545253750887,105.90890233205778
E01004503,1702.0,8548.837962793648,3852.502184173166,5.022819014567361,5.022819014567361,0.0,0.005342421405953,115.52483726558154
E01004504,1525.0,6773.386908796968,2944.757718381895,0.0,0.0,0.0,0.0037135194431319,142.1300858698271
E01004505,1618.0,8195.001906564175,3494.778316149123,0.0,0.0,0.0,0.0029500403331535,151.94688321974536
E01004506,2217.0,10994.652531481504,8197.636731862392,34.71473510165562,94.22570956163668,4.959247871665089,0.0027962981381096,158.6959317979233
E01004507,2585.0,14290.49947620815,7888.797970038309,38.697677498436,60.81063606897085,0.0,0.0036944018497331,149.26247026155673
E01004508,2002.0,14577.34339865332,10812.8646088912,87.37668370821171,298.53700266972334,50.969732163123496,0.0231893775873863,138.3464157881687
E01004510,1843.0,11101.409478592544,6788.545025704719,12.047107410301187,54.21198334635534,6.023553705150594,0.0273392737590173,168.6595036429282
E01004511,1591.0,10008.994634777271,7706.485498178602,6.291008569941717,44.03705998959202,12.582017139883432,0.01141590785194,94.36512849254385
E01004512,1454.0,12661.689023841163,6748.836996889204,8.708176770179618,0.0,0.0,0.007765851682824,121.914474709333
E01004513,1931.0,12739.36073705321,8721.613099111519,6.597286761809016,13.194573523618033,13.194573523618033,0.0109567229303928,112.15387488347352
E01004514,1822.0,11082.358713730822,8150.582149505653,12.165047984336796,36.49514395301039,18.2475719765052,0.00764626167696,182.47571965524128
E01004515,1684.0,15934.539250656531,8393.07382145626,0.0,9.462315469511005,0.0,0.0013573414628385,94.62315463850442
E01004516,1746.0,8128.16165297027,3826.6602971028415,0.0,4.655304497692021,0.0,0.0016630350585448,83.79548090820143
E01004517,2262.0,14937.10743219085,6365.76992247214,6.603495770199316,39.62097462119589,6.603495770199316,0.000524679829233,105.6559322598242
E01004518,1734.0,13445.673618727957,5838.8651873714825,7.7541370350218894,0.0,0.0,0.0002349668331443,77.54137030363074
E01004519,1756.0,13397.450917604065,4196.240321573026,0.0,0.0,0.0,0.0003478740616277,137.3315013504045
E01004520,1402.0,12279.628805177788,4142.841957809625,0.0,0.0,0.0,6.651106924921385e-05,35.03460427330632
E01004521,2036.0,16898.100643095735,5735.062644587009,0.0,0.0,0.0,0.0001594446065914,99.5958779941128
E01004522,1729.0,14966.594877591922,5886.225862789189,0.0,0.0,0.0,0.001871931453952,95.2183594879232
E01004523,1637.0,5348.171342225976,1800.1480815922498,0.0,0.0,0.0,0.0039154758122923,101.27874863134868
E01004524,1839.0,14087.000054957452,3431.7433521592925,0.0,7.660141411069849,0.0,0.0015517318848262,176.18325234869766
E01004525,1926.0,13768.327415977928,12974.825680166114,500.40650006150304,722.015092945883,85.78397143911481,0.0060076126789333,164.41927849321252
E01004526,1775.0,16978.476174365147,9374.031915987518,86.08804820804863,105.218725587615,0.0,0.0049714069360498,181.7414349968529
E01004527,1659.0,17019.59246621056,7632.65629587743,0.0,0.0,0.0,0.0017463174355574,92.33051965246862
E01004528,1653.0,11185.500559576309,5738.236221730615,54.13430397859072,155.63612393844832,20.30036399197152,0.0042942631379445,182.70327581817048
E01004529,2103.0,17148.588383832808,8138.036712822226,24.46303621088845,187.54994428347817,8.154345403629485,0.0020568779515563,171.24125337334172
E01004530,1745.0,13036.166285748772,6095.995237347276,0.0,0.0,0.0,0.0018558033936928,82.17640633634278
E01004531,1763.0,21059.321492059764,7274.603964075097,0.0,0.0,0.0,0.0019444530669465,59.725812477070825
E01004532,1441.0,16003.475231966677,6952.238372804399,11.105812097131627,22.21162419426325,0.0,0.0017914421661229,66.6348725428205
E01004533,1448.0,16235.910929634578,6536.972425398452,22.42529133927428,33.637937008911415,0.0,0.002599526022817,112.1264566289898
E01004534,1920.0,7464.399553440772,4575.832434583223,7.775416201500804,27.213956705252816,3.887708100750402,0.0074994329820884,116.6312429525086
E01004535,1857.0,24066.787439336116,4471.212529117372,0.0,0.0,0.0,0.004902968703811,129.6003630849706
E01004536,2350.0,15657.262537608836,5450.059896069799,46.638654367345474,73.2893140058286,0.0,0.0050205079702538,66.62664905609813
E01004537,2072.0,17751.710593071795,6005.766952578827,25.702283677227506,51.40456735445501,17.13485578481834,0.0038000977156182,205.6182692954672
E01004538,2478.0,21630.25752492623,7393.393108802468,0.0,8.72891748382818,0.0,0.0124438331223737,148.3915971359136
E01004539,2092.0,15451.595703295709,5502.599808296033,14.772080022271233,29.544160044542465,14.772080022271233,0.0006655607919503,110.7906001006436
E01004540,2235.0,16087.26386358838,7730.52411163039,100.77033292628067,244.72795139239597,21.593642769917288,0.0120097952721053,179.94702297481916
E01004541,1696.0,17937.838575666516,5954.600895106278,84.6124461116345,95.1890018755888,0.0,0.0071542997523876,137.4952248492035
E01004542,1572.0,12002.887156313109,6169.4229149497405,0.0,0.0,0.0,0.0034388290767095,114.53136592678004
E01004543,1743.0,8344.400717242783,5098.558097454712,100.53494840051545,119.68446238156602,14.362135485787922,0.0124425134262916,71.81067738576209
E01004544,1537.0,14886.409495841472,7264.025453403452,19.37073454240921,0.0,9.685367271204605,0.0009896069062383,77.48293812300255
E01004545,1937.0,13278.342201045152,12579.121290096982,68.551069700801,157.6674603118423,27.4204278803204,0.0158720113287996,123.39192538723972
E01004546,1500.0,16279.781140053625,8107.331007746704,0.0,0.0,0.0,0.0008468830002561,119.38506162225691
E01004547,1425.0,12310.585329240526,5062.458247673648,0.0,0.0,0.0,0.0058746225705754,138.2241158943012
E01004548,2036.0,12406.298102750605,7750.889580893305,67.02813316810247,158.43013294278768,6.09346665164568,0.0066834027389694,115.77586631185572
E01004549,1662.0,13377.275426282617,6487.415158594337,8.04890218187883,16.09780436375766,0.0,0.0078683814850366,160.97804354092492
E01004550,1361.0,9505.841290960634,6935.562382016098,6.9844535569145,0.0,6.9844535569145,0.0033639909181389,97.78234973804938
E01004551,1565.0,7326.088131626747,9147.077449967195,159.16102011201878,205.9730848508478,14.043619421648716,0.0267673796590012,70.21809706621218
E01004552,1971.0,18223.359467354385,19656.44963348321,406.81269232044286,832.1168706554513,138.6861451092419,0.0268597351957285,258.880804048343
E01004553,1764.0,8876.244582549925,4936.2788749895,0.0,30.191308103911314,5.0318846839852185,0.0288647313954886,95.60580893825808
E01004554,1657.0,4084.2302681343062,1998.9805355805208,2.464834199236154,0.0,0.0,0.0437620162044035,86.26919692151941
E01004555,1724.0,12386.892205092732,6423.365215401916,0.0,7.184972276735924,0.0,0.0057109007398098,114.95955635898112
E01004556,1646.0,16368.07862487753,8730.967820560432,0.0,89.49739223809098,0.0,0.0018947521219392,139.21816562020942
E01004557,1728.0,15906.829720958314,10033.821988335974,36.82136509481092,128.8747778318382,9.205341273702729,0.0026931302013484,101.258753950053
E01004558,1845.0,8229.590732299466,4835.163335399795,8.920965563468256,98.13062119815082,8.920965563468256,0.00242664759866,89.20965558129097
E01004559,1468.0,8274.06247709008,3550.85787504547,0.0,16.908847024026045,0.0,0.0051164122254269,50.72654104170333
E01004560,1934.0,2780.5128794397046,1525.400292184864,14.377005581384203,14.377005581384203,0.0,0.0058393356629165,40.25561560370178
E01004563,2179.0,14267.89856669163,5906.215928020124,26.19164491361474,19.643733685211057,13.09582245680737,0.0050445425262861,72.02702346918693
E01004564,1874.0,4885.72672162094,6390.0299864956905,5.214222755198442,15.642668265595326,5.214222755198442,0.0099784444485269,57.35645027276034
E01004565,1663.0,19104.624264532707,9362.759335895464,22.976096529804817,45.952193059609634,0.0,0.0013659130723762,149.34462735390693
E01004566,1681.0,17624.3511560244,8827.902244718944,52.4222223558132,62.90666682697584,0.0,0.0064939642762076,115.32888911356328
E01004567,2365.0,20136.65034249409,5840.905765306952,0.0,8.514439891118005,0.0,0.0015508055774989,76.62995897399816
E01004568,1762.0,7827.944251835465,2216.88092035522,8.8852942699608,4.4426471349804,4.4426471349804,0.0324397453004757,57.75441272011479
E01004569,2382.0,8205.638160689441,2590.5289239456174,37.893375217289616,62.00734126465573,6.889704584961748,0.0083345553048972,99.90071642207944
E01004570,1931.0,16485.370261539516,4362.51900758503,0.0,8.537219192925694,0.0,0.023810653991742,110.98384944141485
E01004571,1845.0,15092.039962722562,4114.523632113523,0.0,24.53990237841067,0.0,0.0128535078289138,155.419381636677
E01004572,1684.0,2147.440343837422,786.7996984249936,1.2752021044165212,0.0,1.2752021044165212,0.0039228837588491,75.23692411538146
E01004573,1684.0,1004.1605639515424,481.80625633779465,0.5962948717051914,1.7888846151155742,0.0,0.0089163569216835,85.8664614740045
E01004574,2116.0,9929.719582565627,1628.3613871220573,0.0,14.078052338231045,0.0,0.0069998539248097,61.00489342897284
E01004575,1888.0,3468.6201638600146,1265.825896662897,3.674385766800863,3.674385766800863,0.0,0.0227139426612711,47.76701493973518
E01004576,1606.0,3651.783067216057,2717.235843912322,0.0,0.0,0.0,0.0106483563959245,31.83372534892249
E01004577,1848.0,16013.678903178874,7261.614134666611,0.0,8.66541066189333,0.0,0.0120322150625539,147.31198116394398
E01004579,1871.0,15909.60350763719,8945.431795849452,42.51631081677496,178.56850543045485,17.006524326709986,0.0057802846672812,161.56198100685984
E01004580,2114.0,19456.848957493647,10013.742509816975,128.85330435426255,147.26091926201434,9.203807453875896,0.0031341882870324,147.26091917365008
E01004581,1781.0,16014.2348665363,8946.75109051298,53.95025783223908,44.958548193532565,35.96683855482605,0.0060982066828658,125.88393486605928
E01004582,2201.0,16756.34480500996,9097.606561556977,22.83917965244429,30.45223953659239,22.83917965244429,0.0057769310884034,91.3567185550939
E01004583,1710.0,11361.26606471714,7062.588202803696,33.22007621262322,39.86409145514786,6.644015242524644,0.0125355987407158,152.812350486133
E01004584,1726.0,33230.60413213762,8144.000896810087,0.0,0.0,0.0,0.0009855345103154,77.01182876540948
E01004585,1826.0,14414.81358380474,9425.677666518544,15.788404801538595,39.471012003846496,15.788404801538595,0.0180353308309401,165.77825031673274
E01004586,1897.0,21919.420642390345,11797.43198517688,0.0,23.109563144322976,0.0,0.0144351559183815,103.99303408701893
E01004587,1820.0,17003.75099699185,10996.381826076598,0.0,18.685440656035,0.0,0.0014383376943083,121.45536419124612
E01004588,2014.0,12053.849420309343,12071.804508820233,83.79041305080975,137.65567858347316,29.92514751814634,0.0131996949223943,71.82035400036742
E01004589,1797.0,18770.709309288828,10205.332774165376,94.01023026355006,125.3469736847334,10.44558114039445,0.0157803402579549,167.12929814600125
E01004590,1850.0,12880.091091220816,4998.867785673809,0.0,20.8866342019797,0.0,0.0030839102171198,118.3575937403582
E01004591,1903.0,15475.452129663354,9937.468472122238,203.30336481428472,309.0211145177128,8.13213459257139,0.0129183786287014,113.8498842273857
E01004592,1685.0,17552.59889974518,6708.530380674122,0.0,0.0,0.0,0.0038740271757126,177.08853478731945
E01004593,1936.0,8975.625394244546,5887.936079902155,4.63617014165524,18.54468056662096,9.27234028331048,0.0076473124564216,106.63191319401092
E01004594,1701.0,11828.25108564605,5277.861595535187,6.953704341943593,20.86111302583078,0.0,0.0124384147779659,104.30556506663686
E01004595,1802.0,7891.322581696763,5675.446207480025,4.379202320586439,0.0,0.0,0.0036954570250506,52.55042781541812
E01004596,1617.0,13745.747348317358,7531.683457395906,17.00154279321875,76.50694256948437,8.500771396609375,0.0092330991743303,102.00925669819172
E01004597,1891.0,13618.390689908623,5689.332969343106,0.0,7.201687302965957,0.0,0.0073738680256785,79.21856028519346
E01004598,2146.0,15005.60955240204,8600.60566144199,6.992362326375601,6.992362326375601,6.992362326375601,0.0096325915290513,104.88543483271071
E01004599,1566.0,14372.472661519343,6314.343033924208,0.0,9.17782417721542,0.0,0.0009808761043026,55.066945030279584
E01004601,2464.0,8146.841315020978,3980.8429152943418,3.3063479362909813,26.45078349032785,3.3063479362909813,0.0087463306651115,82.6586983575285
E01004602,1647.0,11580.466038751616,7460.154503409511,0.0,35.15624176913059,0.0,0.006279340351135,98.43747689447125
E01004604,1564.0,4151.9884669725925,1799.9029287771214,0.0,0.0,0.0,0.0007342061043443,66.3681020537743
E01004605,1821.0,9430.654757207823,3910.018858699564,20.715331701719546,51.78832925429887,5.178832925429886,0.0004033417862009,82.86132675719679
E01004606,1673.0,15831.33847303095,10749.791097049108,141.942664133571,293.34817254271337,9.4628442755714,0.0022449725026233,246.0339510173141
E01004607,1629.0,9449.265749909266,5800.654235671741,40.60457964970219,63.807196592389154,5.8006542356717405,0.0004044639545988,127.61439310825602
E01004608,1669.0,17349.791194946483,9366.18446174163,31.18596380158145,114.348533939132,41.58128506877527,0.0033962230107261,176.7204614361685
E01004609,2136.0,10425.479390553186,14071.468671800018,263.56549021061426,619.8669862360742,48.80842411307672,0.0068437981667089,165.94864188499005
E01004610,1984.0,6941.188263945169,2984.291123561103,0.0,0.0,0.0,0.0063607767643922,108.45606655904083
E01004611,1547.0,12580.49245623906,7156.324086289833,32.52874584677197,113.8506104637019,8.132186461692992,0.010204368702656,105.71842393867352
E01004612,1602.0,13234.429351946894,6195.893891360905,66.089534841183,297.40290678532347,0.0,0.0078787953014984,132.17906960304697
E01004613,1694.0,17078.706658978255,9144.266198166042,120.98257373538314,423.439008073841,20.16376228923053,0.0112122762170981,191.55574163241025
E01004614,1971.0,13688.061540890429,6583.603419971652,20.83418803788497,76.39202280557824,0.0,0.0015248160582734,118.06039881043009
E01004615,1644.0,9316.57649006186,2878.844803498433,22.6680693188853,90.6722772755412,0.0,0.007032492440559,113.34034652623878
E01004616,1896.0,18012.62284432561,7837.771016122694,0.0,38.00131401756458,0.0,0.0010176092028572,57.00197099208528
E01004617,1909.0,4454.367258196983,25739.19603204344,49.00037319127116,44.33367098257867,11.666755521731227,0.0037461794204361,102.66744852956188
E01004618,1510.0,12599.246371965628,6207.840596518164,33.37548707805465,0.0,0.0,0.0032598783186989,125.15807646769552
E01004619,1357.0,2564.977763072282,1081.1844366082132,1.89018258148289,0.0,0.0,0.0115538415986673,37.80365160692828
E01004620,1696.0,15922.124218126635,7801.465345084455,9.388044939933158,0.0,0.0,0.0014552715433352,206.53698855473945
E01004621,1719.0,3908.1850829161,2255.334265417552,0.0,0.0,0.0,0.020479307921063,68.20567330837915
E01004622,1848.0,9035.65781203106,5388.146595702505,0.0,24.447126114802654,4.88942522296053,0.0126976486625245,78.23080352044128
E01004623,1772.0,11861.1924184545,5093.886811762908,0.0,0.0,0.0,0.0053637361527014,93.7114524598786
E01004624,1574.0,3937.9899994291,2119.108976821123,0.0,0.0,0.0,0.0033207397892338,92.57028582677648
E01004625,1315.0,5301.991791444622,1899.0404059090624,0.0,0.0,0.0,0.0040840597133654,64.51092670127777
E01004626,1847.0,3209.6064915243537,4924.756251748791,3.47548077046492,1.73774038523246,0.0,0.0080454411845755,78.19831728849178
E01004627,1588.0,14488.34666239459,6833.6093514694885,18.247287987902507,109.48372792741505,0.0,0.0087095259309609,164.22559179250635
E01004628,2340.0,10409.217699298752,6997.307453417496,0.0,0.0,0.0,0.0030385733119222,160.14181066249483
E01004629,1592.0,6527.437296772772,3300.619989888242,28.70104339033254,36.90134150185612,0.0,0.006153008433754,57.40208674624609
E01004630,1759.0,15307.557948016694,3141.573859712352,0.0,8.702420664023135,0.0,0.002140503878512,174.04841317560724
E01004631,1885.0,11634.419784887248,4746.349503755063,0.0,12.34421197335517,0.0,0.0019949969724619,104.92580171064483
E01004632,1515.0,5426.468057423208,1815.9863400089548,0.0,0.0,0.0,0.008404295528788,46.563752280035466
E01004633,1655.0,20261.78997951771,4150.300183115712,0.0,0.0,0.0,0.0046792507590185,195.88437430637083
E01004634,1480.0,12220.286528899327,4632.149150481435,0.0,8.256950357364412,0.0,0.0012670323069685,140.36815599095428
E01004635,1662.0,10047.677469713166,5821.849219815752,0.0,0.0,0.0,0.0031494481848047,151.13834933352555
E01004636,1464.0,9689.947746933309,3342.5024673506286,0.0,0.0,0.0,0.0024351437219668,165.470419076521
E01004637,1465.0,10313.9737591346,3182.195316811494,0.0,0.0,0.0,0.0035079402326433,126.72459218630117
E01004638,1375.0,5092.98338077307,2177.9448930142294,0.0,0.0,0.0,0.0013623545698863,96.30368568773169
E01004639,1707.0,7605.397085386076,3902.9454287042777,8.910834312110223,62.37584018477156,0.0,0.0043501379947689,93.56376022106744
E01004640,1679.0,10018.489054981488,4970.459429898499,17.900814273343936,23.86775236445858,5.966938091114645,0.0022554338886839,196.90895688859143
E01004641,1888.0,9113.31207668443,3040.9886696563512,4.826966142311669,4.826966142311669,0.0,0.0045273847553368,120.67415348553035
E01004642,2111.0,9490.549438178905,3277.409066997831,0.0,0.0,0.0,0.007331035135796,166.343121270396
E01004643,2350.0,11618.211738646794,4207.275825356775,4.94391988878587,14.83175966635761,4.94391988878587,0.000812451074173,202.70071531890187
E01004644,2507.0,6385.5330084675,3341.770764702577,2.5470813755355004,0.0,0.0,0.005976563555175,117.16574320429082
E01004645,2114.0,13270.681614944917,4036.446678528656,6.277522050588891,25.110088202355563,0.0,0.0009391597883161,213.4357495916922
E01004646,1723.0,8096.468948648787,2857.024446185991,9.39810673087497,4.699053365437485,0.0,0.0055391496285506,61.08769371413748
E01004647,1392.0,7094.881080667286,4097.9054517647255,30.58138396839348,30.58138396839348,10.19379465613116,0.0043351803017784,101.937946500188
E01004648,2321.0,10809.88754900897,5174.401149051687,46.57426776824201,111.7782426437808,4.657426776824201,0.0077565297195773,153.6950835432065
E01004649,1408.0,7268.096657912257,9260.628838277406,5.162000467267228,10.324000934534457,0.0,0.0083891210884937,149.69801346098464
E01004650,1816.0,10286.060930927531,5143.030465463767,16.992391405717292,33.984782811434584,0.0,0.0051298595208442,107.61847883831068
E01004651,1775.0,17653.554497370773,10810.937317544804,0.0,19.891329011122,0.0,0.01009839594179,109.40230949552006
E01004652,1615.0,34112.12060127825,19221.071050875053,168.97644879890154,422.4411219972539,21.122056099862693,0.0030413464775386,105.61028043613456
E01004653,1958.0,21490.152287170324,11206.049788151637,54.87781482934199,395.1202667712623,43.9022518634736,0.0041479164948649,175.60900734878405
E01004654,2447.0,20655.374463296743,15320.598549605063,185.70422484369777,312.3207417825826,8.441101129258989,0.0012867027873105,135.05761798733
E01004656,1967.0,12934.053382183934,5628.6475318502535,26.302091270328287,19.72656845274621,6.575522817582072,0.0051624593644958,138.08597908632476
E01004657,1214.0,9825.834151823316,13945.561979894215,113.31274969153743,178.06289237241597,40.468839175549085,0.012753603860982,145.68782094474886
E01004658,1523.0,15044.386220386748,21000.89632602904,325.978164985399,335.8562911970778,39.51250484671503,0.0180654725210922,276.58753376085906
E01004659,1631.0,14482.490570433012,21719.29609765736,88.79515984324348,106.55419181189218,26.638547952973045,0.0032118889163203,159.8312876221312
E01004660,1431.0,20675.95665316461,17150.49653899818,390.1123896823512,361.2151756318066,28.89721405054453,0.0105600892304239,260.07492629853544
E01004661,1998.0,15159.286630676268,18656.9999123288,151.74461091768038,295.9019912894767,37.936152729420094,0.0190587270312178,204.85522461539
E01004662,1320.0,14635.7548192621,9601.94217687953,33.26307913468659,177.4030887183285,11.08769304489553,0.0069008565342183,288.28001899447327
E01004663,1418.0,15071.383639243866,11457.65272433349,85.02896270377357,223.20102709740564,31.88586101391509,0.0032072973298717,255.0868879579413
E01004665,1453.0,31240.245638645967,7697.183715509467,43.00102634362831,107.50256585907076,21.50051317181416,0.0017687375729372,258.0061579071666
E01004668,1420.0,25720.978728014463,8440.828230461086,0.0,18.11336530141864,0.0,0.0011824468692664,181.1336529052205
E01004669,1721.0,23217.81514366533,7581.878042266077,13.490886196202984,53.96354478481194,0.0,0.0092784819146584,161.890634256753
E01004670,2711.0,32195.740801092816,5937.982442104909,0.0,0.0,0.0,0.0040306251242879,130.63561364772954
E01004674,1902.0,21617.912829945515,7376.45921484471,0.0,22.731769537271838,11.365884768635915,0.0007827557729163,170.48827142659695
E01004675,2352.0,26289.650576471508,7980.786782143136,67.06543514405998,89.42058019207997,0.0,0.0091505622743007,178.8411602768835
E01004676,1498.0,18384.545389401894,12149.999956947848,122.72727229240247,110.45454506316224,0.0,0.0041299566108231,85.90909055308173
E01004677,1716.0,24835.45209206079,11390.15197928429,14.472874179522606,28.94574835904521,0.0,0.0061625353206647,144.72874170801558
E01004678,1963.0,22930.19124905195,7405.879394752387,70.0871867011267,105.13078005169004,11.681197783521116,0.0065651032619869,151.85557109441518
E01004679,1975.0,25252.757266480792,10638.123567449124,191.79309316314527,485.8758360133013,0.0,0.0081961921945048,166.2206806415368
E01004680,1242.0,10881.79076063667,8708.937211008735,131.422593727496,262.845187454992,17.523012496999467,0.0128443966242266,219.03765608066297
E01004681,1838.0,10373.42035992786,13059.899190899385,118.52112489580252,22.57545236110524,33.86317854165787,0.0070620471107688,208.82293421460668
E01004682,1278.0,14061.471538245109,17274.264722257292,308.0760587408944,253.06247682287756,55.01358191801685,0.0068602004740669,297.07334217832863
E01004683,1491.0,11357.655605457838,6048.275352604644,45.70485153101746,15.234950510339154,15.234950510339154,0.0060374565768038,335.16891102625203
E01004684,1341.0,16876.128996765052,7525.671245388144,138.43207976466485,176.18628333684617,25.16946904812088,0.0168358509201814,377.5420354959014
E01004686,1399.0,22164.369615883184,11866.41375432202,190.1161082134369,364.38920740908736,0.0,0.0133693472086685,348.5461981826468
E01004687,1319.0,7167.283231091538,5852.285094682022,27.169382983667692,124.9791617248714,16.301629790200618,0.0018951167852707,195.61955736506613
E01004690,1065.0,4562.754557700501,7553.179610540829,38.55848922000423,12.852829740001413,8.56855316000094,0.0028890901831987,214.21382887125085
E01004691,1151.0,3290.026610863739,8123.593073913767,65.74336407460122,117.19469248081086,22.867257069426508,0.006830845494486,174.3628350496679
E01004692,1025.0,6874.266135106794,5968.874985604924,0.0,0.0,0.0,0.0070272273906685,234.73103861827084
E01004693,1211.0,14704.637342671604,7953.375276176632,24.28511534710422,24.28511534710422,0.0,0.0087590115124163,242.8511533260553
E01004694,1473.0,14228.373982809744,10490.16574700026,144.89179208563894,164.21069769705747,38.63781122283705,0.0103351479519835,241.4863199973341
E01004695,1071.0,18647.60580440248,14642.984576566276,348.2279328553217,226.34815635595908,17.411396642766082,0.0195583303643445,191.52536295610471
E01004696,1445.0,21618.086944451,5909.442451943352,0.0,0.0,0.0,0.0075615336714227,134.6455241410268
E01004697,1343.0,24011.483283704787,11925.286187811686,17.878989786824118,125.15292850776882,17.878989786824118,0.0002801996114825,143.0319182084718
E01004698,1336.0,14665.350501070392,8386.472891330674,10.97705875828622,10.97705875828622,0.0,0.0077511182627222,164.65588127522784
E01004699,1754.0,15023.17724713735,13926.8450421011,376.8641954812106,462.51514899966753,42.82547675922847,0.0058160191478323,239.82266970766543
E01004700,1485.0,25982.953133050934,12790.26177795302,0.0,0.0,0.0,0.0031027341709854,104.98162875758815
E01004701,1540.0,19659.13015578852,9561.486030315324,0.0,25.53133786466041,12.765668932330207,0.0044252305050018,76.59401354818996
E01004702,2808.0,16908.307372491396,7081.256933778447,30.10738492252741,66.2362468295603,0.0,0.0126104871379341,150.53692452223456
E01004703,1994.0,9613.95166204928,5043.226398447115,24.107200757395383,24.107200757395383,4.821440151479077,0.0124419763484299,168.75040520050172
E01004705,1245.0,18273.53858635417,10773.315118380691,58.7101641328648,205.4855744650268,58.7101641328648,0.0115921515991541,58.71016409742313
E01004706,1475.0,10639.553435586258,5611.913608736345,7.213256566499158,28.853026265996636,0.0,0.0021724451943808,57.70605249744988
E01004707,1840.0,14431.049292266847,8682.158460075761,31.371846287536624,39.21480785942078,0.0,0.0021711913944799,39.21480783587888
E01004708,1540.0,18951.54448830738,9906.489164342494,24.612395439360235,73.8371863180807,0.0,0.0155343676809266,73.83718627363265
E01004709,1694.0,18941.972086147467,8151.533442031584,78.2726119262292,122.99981874121733,11.181801703747029,0.0048056617762535,156.5452237586284
E01004710,1953.0,15409.68086863055,6651.490513187688,15.780523162960112,63.12209265184045,15.780523162960112,0.0088576750186368,118.35392365109008
E01004711,2001.0,24342.81252262803,8187.262782473096,0.0,0.0,0.0,0.0070031803445989,60.82661796110692
E01004712,1449.0,14568.871882200185,17233.296346508705,291.57852628281944,341.85068598675383,30.16329582236063,0.008309191599966,281.52409417381097
E01004713,1316.0,7362.036578338919,31339.00373241233,16.782758157307565,106.29080166294791,11.188505438205045,0.0023026733141864,218.175855913938
E01004714,1668.0,4926.9418791316975,35052.76935231166,304.24161483846814,664.6054693073332,50.21463545877629,0.0085329773294471,218.58135421907733
E01004715,1805.0,16598.890326464632,25096.050803834893,147.1369779631214,137.9409168404263,82.76455010425579,0.0088987686312321,202.3133445780145
E01004716,1043.0,5821.413636816297,15706.09585235001,27.907064414267964,61.39554171138952,11.162825765707185,0.013146206718674,156.27956062630273
E01004717,1262.0,12803.553920336051,26185.398310925,284.07251170317704,882.6538756491573,30.436340539626112,0.0089418011289553,253.6361710119609
E01004718,1859.0,25617.41098599585,8199.225140757144,13.780210320600242,137.8021032060024,0.0,0.00175897914909,137.80210312352756
E01004719,1824.0,18600.16207482049,6159.264195828717,0.0,10.197457277862114,0.0,0.0012919798061483,132.56694453254931
E01004720,2274.0,19268.248712262142,5160.230196027988,25.419853182403884,50.83970636480777,0.0,0.002651042597449,228.7786785038656
E01004721,1881.0,15714.371894537568,4970.787494550692,25.06279409017156,167.08529393447705,0.0,0.0038191321855598,133.66823506734076
E01004722,2685.0,33627.61514034657,6763.095782416071,0.0,25.0485028978373,0.0,0.0009427982474175,150.2910172970272
E01004723,2234.0,23695.422081139524,7551.987699987172,63.64034578640875,159.10086446602187,0.0,0.0028765450641489,159.10086437088404
E01004724,1896.0,23182.842895192385,14501.50404730916,207.86304283664057,709.179793207362,0.0,0.0014125085372222,244.5447561310623
E01004725,1295.0,4784.663177469812,3779.699174171133,11.084161801088367,33.2524854032651,0.0,0.0089078677196929,114.53633854253124
E01004726,1688.0,8919.026554298018,8903.175203786825,0.0,21.13513401492421,0.0,0.0103139613894282,147.94593801558722
E01004727,1545.0,1365.3235097288632,1509.3673492666007,20.325204351950717,20.325204351950717,0.8837045370413353,0.0090427496468873,41.53411321601258
E01004728,1454.0,19310.49308563376,6919.372006612921,13.280944350504646,0.0,13.280944350504646,0.0094825838926116,252.33794250848027
E01004729,1490.0,25578.313318008062,7553.327422767482,0.0,51.49995970068738,0.0,0.0159207394238881,85.83326611605938
E01004730,1461.0,3257.0265091444885,2030.9042777759264,13.375878887657036,11.146565739714196,0.0,0.0096942034919307,62.420768104880274
E01004731,2002.0,2949.822473826825,13705.9184073612,120.82189952737244,89.87970574597219,33.88906937962886,0.0062237491920987,106.08752147258568
E01004732,1309.0,18932.94231207428,20914.464922276093,231.41869900167185,130.1730181884404,28.927337375208975,0.0013538507894419,202.49136150474
E01004733,2102.0,4621.438654977946,24672.59019322669,59.361961790868,61.56055296830756,13.191547064637332,0.0060636077496934,134.114061743237
E01004734,1691.0,5279.299214901788,31335.4974689351,1002.1614713089734,714.9376228341275,184.1979028262599,0.008065145254614,209.17388952454604
E01004735,2027.0,4161.008439810189,20811.200573653525,330.49943700515064,385.92480842837466,82.11166136773929,0.0122554684775019,164.2233226369987
E01004736,1466.0,1229.806543989029,14292.09692356145,119.96066561420952,204.68812874032952,31.877659393985745,0.0088409404208236,117.44400822307084
E01004737,1218.0,14810.84886230375,6396.146553014592,24.319948870777917,0.0,12.159974435388955,0.0025003883554527,182.3996164217286
E01004740,1305.0,26909.230908853067,9691.447147249764,144.3407021930816,185.58090281967637,41.24020062659474,0.0011099235524027,61.860300902776935
E01004741,1289.0,22698.50378436672,12185.69791992379,35.21878011538668,211.31268069232007,17.60939005769334,0.000628629981703,193.70329051839155
E01004742,1258.0,26986.1911719901,16903.90989151685,107.25831149439628,214.51662298879253,21.451662298879253,0.0004960371860787,128.7099737158359
E01004743,1500.0,31083.373949547826,15479.520226874818,82.8889971987942,124.33349579819132,41.4444985993971,0.0037187824963351,207.22249287172303
E01004744,1454.0,13602.552516715408,14210.644616843676,84.19736771006787,37.42105231558572,28.065789236689287,0.0015458066814166,187.10526146557893
E01004746,1249.0,31082.940391885026,8585.760156285294,0.0,24.88626132256607,0.0,0.0003768775611666,199.09009046006275
E01004747,2181.0,20336.30912657516,13063.35125462256,55.94582978425078,111.89165956850157,18.648609928083594,0.0006498387107917,289.0534537112694
E01004748,1218.0,13805.441014428772,17137.788845497787,158.68323005090542,215.3558122119431,11.334516432207533,0.0016250336762401,147.34871353056045
E01004749,2184.0,15879.502246936054,16148.523118335612,349.00004938321,436.2500617290125,50.895840535051455,0.0007751905243276,276.29170559556144
E01004750,1585.0,6177.511772592999,15457.420624671187,241.64399362824344,218.25909101905864,31.1798701455798,0.0019891064889632,187.07922076122705
E01004751,1712.0,20265.380204696867,11351.927345972135,11.837254792463124,59.18627396231562,11.837254792463124,0.0004620267170056,272.2568600634458
E01004752,1362.0,38326.06921893837,14520.008602769602,0.0,84.41865466726513,0.0,9.651883833329024e-05,168.837309233336
E01004753,1755.0,29467.11816123556,13214.029625579707,33.58076143730548,167.90380718652742,0.0,0.0001026604736778,201.48456850279865
E01004754,1878.0,22461.108198366597,7152.152663803633,23.920243022754622,0.0,11.960121511377311,0.0001469480464235,71.76072902525343
E01004755,2452.0,21239.59469826761,13816.131135292351,86.62151182001475,112.60796536601916,17.32430236400295,0.0080073099630419,103.94581412179204
E01004756,1523.0,25827.259861044004,9869.64231065503,33.916296600189106,118.70703810066188,0.0,0.0010768241198291,118.70703802973274
E01004757,1657.0,13525.823353658268,4228.350330232337,8.162838475352002,16.325676950704004,8.162838475352002,0.0051973537745589,228.55947717257197
E01004760,1688.0,23915.10141912612,7948.087616190613,0.0,0.0,0.0,0.0095516097242802,85.00628461400942
E01004761,1205.0,2320.593174622664,23725.89868161927,192.58034644171485,494.9314903552072,48.14508661042871,0.0065002028956442,211.8383809587409
E01004762,1549.0,5191.736678017869,16366.204130898162,127.36345627158104,301.650291169534,13.406679607534846,0.0078986189704466,224.56188329121645
E01004763,2016.0,6848.065705216888,32789.870164910026,760.8961894685431,625.021869920589,261.55806512981167,0.0124350662900803,217.39891114627636
E01004765,1869.0,7104.914962018373,41378.81185744783,372.54235755901584,406.75543121239485,91.23486307567734,0.0087570443132055,262.300231185357
E01032512,2386.0,14482.026538835691,5972.470290953193,30.34791814508737,72.83500354820967,0.0,0.0070348157999435,66.76541987907227
E01032513,1234.0,23293.26128825368,5323.095367331878,0.0,18.876224706850632,18.876224706850632,0.0100720074306585,113.25734817310295
E01032562,1616.0,7122.201717679298,1732.0700959455223,0.0,0.0,0.0,0.0003027024265227,79.33145472849351
E01032563,1450.0,3801.475550294751,1127.334128708099,0.0,0.0,0.0,0.0011610210620216,57.67756003878941
E01032564,1302.0,8510.65453167899,1862.9312914965533,0.0,0.0,0.0,0.0008491878805704,78.43921222648976
E01032565,1451.0,6718.437838770733,1889.126559764617,0.0,0.0,0.0,0.0024365341581863,87.97403091664592
E01032566,1886.0,3377.953687690259,797.0251277954217,0.0,0.0,1.79106770291106,0.0070894050858934,41.19455714226307
E01032567,1588.0,3823.9466621386314,1057.1237938783745,0.0,2.408026865326593,0.0,0.0091226978482859,161.33779987996942
E01032568,1525.0,4158.4579384096505,3062.261157268221,8.180572993592754,19.088003651716427,0.0,0.0274318069449576,106.34744885284616
E01032569,1790.0,5662.144516009882,1442.4234074304504,9.489627680463489,28.468883041390463,0.0,0.0145658299014208,63.264184498408376
E01032570,1736.0,3767.538055617377,1723.1712074655518,13.02144489268679,28.213130600821376,0.0,0.0131885992365943,49.91553872535649
E01032572,1608.0,7147.885505159286,3809.538481294471,8.890404857163292,35.56161942865317,8.890404857163292,0.0055503892475321,128.9108703516008
E01032573,1802.0,8061.690609312842,8249.587948708591,80.52743116960663,228.1610549805521,26.842477056535543,0.00604111051364,178.94984693610328
E01032574,2072.0,5626.392344529186,16523.454351573404,16.292641924312314,13.577201603593595,0.0,0.0046887899952238,146.63377723078983
E01032575,2135.0,14563.928895293862,4570.41328330065,0.0,0.0,0.0,0.0030065013989712,88.67966066770133
E01032576,1679.0,7515.150172102853,2296.171553477525,0.0,0.0,0.0,0.0012073084790044,143.2309740100636
E01032577,1784.0,4941.909323742602,1299.190287463722,0.0,2.770128544698768,0.0,0.0049845232211041,58.17269940370242
E01032579,2157.0,12405.265662549587,6866.8925364321785,63.262829062608006,80.51632789786474,34.50699767051346,0.0048635913047428,120.77449177422672
E01032580,1546.0,11936.388672129166,4161.522311951889,0.0,7.720820615866213,0.0,0.0082523765664685,108.09148855695136
E01032581,1930.0,6705.046527348195,2918.2585922137223,0.0,6.948234743366005,0.0,0.0078294449656275,86.85293423999184
E01032582,2283.0,7246.155794938643,17199.701380977884,269.78679043792584,206.3075456290021,63.47924480892373,0.0038512853358427,130.13245178006505
E01032583,2050.0,13378.832802739103,14873.34632070362,130.52519807550345,65.26259903775173,26.105039615100694,0.0032445055949558,156.63023759651745
E01032584,1348.0,15567.52194319163,11456.217928520844,69.29164069669865,57.74303391391554,11.548606782783107,0.0050691577346194,288.7151693969127
E01032623,1798.0,2194.318148059429,827.4458867543341,0.0,0.0,0.0,0.0086461803085423,41.49433647898751
E01032637,1048.0,27004.470987826822,20511.02949075396,0.0,103.07049995353748,0.0,0.0001812574120879,180.3733748102121
E01032638,1102.0,26671.737426766667,23017.080120558167,0.0,0.0,24.203028517937085,0.000379394017448,145.21817102045668
E01032639,1915.0,21367.90867626414,16491.785390871228,66.94906112667616,55.79088427223013,11.158176854446026,0.0008034438750559,156.2144758681951
E01032640,1035.0,23153.745920623624,23422.19514868883,178.96615204346764,111.85384502716728,89.48307602173382,0.0269797735336959,201.33692092883263
E01032646,1515.0,12494.02168360522,13326.956462512231,181.4313379797457,123.70318498619028,41.23439499539676,0.0061189839696931,123.70318491223924
E01032719,1445.0,35204.18257954412,15007.457764013272,341.0785855457562,97.45102444164462,73.08826833123346,0.0004044629148303,194.9020487661625
E01032739,1619.0,976.1855206513376,33373.00332460216,333.43458487967246,262.8887504657092,100.69362689856294,0.0025663208632142,184.5044898950146
E01032740,1392.0,2177.2135682649773,29378.306359713413,190.8190052646029,132.94766760238727,64.12769849056328,0.0062444183790367,142.33220875937985
E01032741,1468.0,5267.172769174696,11388.287717548012,71.75984699148087,351.62325025825623,0.0,0.003654017375485,89.69980868556644
E01032742,1767.0,7789.792918486584,5202.012248904453,4.40848495669869,30.859394696890824,0.0,0.0031686055577425,110.21212385125642
E01032743,2281.0,23411.95434046568,4813.7687793416935,0.0,10.263899316293587,0.0,0.0018024425088074,133.43069103141474
E01032744,1612.0,8070.045484764254,4060.053900833629,25.03115845150203,55.06854859330446,0.0,0.0057475408281139,135.16825555692674
E01032764,2361.0,7270.295619545864,5484.28483626056,33.872618303686785,70.82456554407237,3.0793289366987984,0.0111607100157271,104.69718378487308
E01032765,1754.0,21442.47696511267,7640.563342756795,0.0,0.0,0.0,0.0131510595961176,232.27312547941665
E01032767,1564.0,11701.109100699725,22781.2514140861,112.22291336988224,67.33374802192935,52.37069290594505,0.0166576120130828,216.96429905151672
E01032768,1321.0,18903.77757952136,11691.435490135467,57.240810233221374,28.620405116610687,0.0,0.008369536943442,42.93060764910409
E01032769,1339.0,12910.616002653289,8224.611986753738,106.06181928990752,144.6297535771466,19.28396714361955,0.0244453271142583,231.407605584428
E01032770,2127.0,48440.15637668544,26850.467497937065,91.09573366560495,22.77393341640124,0.0,0.0001258621926072,91.09573361121062
E01032771,1546.0,4377.765140671105,40093.64594227825,305.8205919744368,294.493903382791,25.48504933120307,0.0036098073190039,79.28682009392318
E01032772,2407.0,28985.05231326572,12029.940698359977,12.041982681041016,72.25189608624609,0.0,0.0015661735112771,168.58775743366027
E01032774,1803.0,8825.380174443488,5188.520790299554,14.684492802734589,19.57932373697945,4.894830934244863,4.975947149587216e-05,34.26381651914613
E01032775,1187.0,35984.479988661464,18158.97515855789,30.315484404938047,0.0,0.0,0.0,0.0
E01032776,2067.0,24744.652407230107,13407.84262026982,47.88515221524936,23.94257610762468,0.0,0.0033615918347634,167.5980326531664
E01032777,1278.0,11298.753089540956,21457.02171229726,44.204824293978696,26.522894576387216,0.0,0.0031076537018851,97.25061338859396
E01032779,1405.0,49671.12891710461,23934.059983544357,35.353116666978366,35.353116666978366,0.0,0.0040158742775729,106.05934993781922
E01032780,2058.0,5837.656451083561,7565.126217220533,76.58732953316625,22.69254208390111,19.855974323413477,0.0027543152254011,141.82838793936975
E01032781,1689.0,31066.106986702907,17179.24447932535,110.35917224406006,147.14556299208007,18.39319537401001,0.0020186279297311,73.57278145175432
E01032782,2248.0,29771.78261847279,18951.69970063815,39.73102662607579,13.243675542025263,0.0,0.003521663512626,185.4114574767782
E01032783,1308.0,15936.948101044612,6019.000276694219,12.184211086425544,73.10526651855326,12.184211086425544,0.0006951730098953,194.9473772651729
E01032784,1709.0,26485.569684280475,11452.800466169265,0.0,0.0,0.0,0.0028598982222634,139.47930194003538
E01032785,2516.0,34573.20900676374,13961.200457421288,13.741339032894968,0.0,0.0,0.0170867689652271,82.44803414789365
E01032786,1614.0,29021.85460717833,7731.968699558044,17.98132255711173,215.77587068534075,0.0,0.0101318216914603,143.85058037040483
E01032787,2452.0,22915.15144209267,6158.680587413975,9.345494062843668,28.036482188531,0.0,0.0027783884645105,242.9828454871327
E01032788,1585.0,13657.0594064142,9547.016922591123,17.232882531752935,43.08220632938234,0.0,0.003141798566449,137.86306017127907
E01032789,1202.0,39250.551207100674,19070.15133523028,65.30873744941876,32.65436872470938,0.0,0.0032234683160483,163.271843525323
E01032790,1130.0,15133.9573754409,6790.191494998705,40.17864789940062,0.0,13.39288263313354,0.001739270005521,53.57153050034001
E01032803,1506.0,24849.91689071441,18084.667272392428,16.500608825175572,49.50182647552672,49.50182647552672,0.0004702251293361,165.00608815228443
E01032834,1025.0,30463.917001625243,23122.856026599453,148.60447317865973,59.44178927146389,29.720894635731945,0.0008190207368532,59.44178923551053
E01033000,1752.0,21407.478670179247,3873.385124684259,0.0,24.437761039017406,0.0,0.0005325581141995,195.50208819478888
E01033030,1852.0,25971.53541502481,13841.201649367971,182.30559416594085,434.72872454955126,14.023507243533912,0.0272989926670657,98.16455064594564
E01033081,1595.0,16802.69567571614,7216.204725934516,52.67302719660231,73.74223807524324,31.603816317961385,0.024718336626,136.94987062887412
E01033082,1261.0,5144.003663276473,3291.999172295094,8.158610092428981,20.39652523107245,8.158610092428981,0.0113609760275139,53.03096556890867
E01033083,2217.0,16210.19942001564,16663.52930907336,168.17076529560654,577.6300199283877,7.311772404156806,0.0023644890513499,95.0530411970065
E01033084,1976.0,14922.91411039286,5550.780299159287,98.1770665157425,241.66662526952,15.104164079345,0.0064823948180037,143.48955866749182
E01033086,1190.0,19540.621604908207,4285.800200740372,0.0,16.420690424292612,0.0,0.0011350190068198,82.10345207214222
E01033098,1709.0,5211.7544221297685,4116.950538253474,15.247964956494348,24.39674393039096,0.0,0.0068087322789104,33.54552288414195
E01033099,1886.0,17975.123461530457,9445.041012925069,9.53081837833004,57.18491026998024,0.0,0.0091098534155595,95.30818372621124
E01033100,1869.0,16231.52603309658,10499.686984491043,112.89986004829082,69.47683695279434,17.369209238198586,0.011917072012335,121.58446459434116
E01033132,2037.0,7707.253728268906,11328.18736496667,102.15800228927858,177.8305965776331,11.350889143253177,0.0063621129650694,83.23985366717226
E01033133,1194.0,20259.002759320287,12250.418753960845,16.967338994405598,84.836694972028,0.0,0.0148434633847894,101.8040339053943
E01033135,1188.0,12051.177556790042,7009.565397089158,20.288177705033743,10.144088852516871,0.0,0.0021855041681901,30.432266539251472
E01033146,1538.0,10846.825424104934,1579.7717132636576,0.0,0.0,0.0,0.0048341850697028,98.73573201967896
E01033148,2215.0,4906.456011588976,1158.499545851483,0.0,4.430208588342191,0.0,0.0031977399340924,64.23802449245885
E01033150,1690.0,9987.384045886169,2517.52994292752,5.909694701707792,17.729084105123377,0.0,0.0067884461980727,141.8326727559937
E01033151,1451.0,1472.5322787061443,664.7199466247584,0.0,0.0,1.01483961316757,0.0087956750765237,45.6677825651243
E01033208,1709.0,32154.5763377245,18457.36652270786,75.2593945880035,56.44454594100263,18.81484864700088,0.0079331376694031,413.9266699854064
E01033320,1569.0,11008.298685049214,4013.222975046623,21.04837224674802,14.03224816449868,0.0,0.0027503139735242,119.27410932669268
E01033322,1257.0,17765.93848696288,8381.226350651543,0.0,14.133602614926716,0.0,0.0078649730176447,141.33602606483598
E01033324,1539.0,8648.730835716022,3236.951891729973,0.0,0.0,5.6197081453645366,0.0064339465382364,95.53503841397291
E01033325,1367.0,22149.62297967354,12735.628136081494,16.203089231655845,16.203089231655845,0.0,0.0052092603466649,32.40617844384521
E01033327,2205.0,6657.898484197254,7144.030754471974,84.54474265647308,235.517497400175,6.038910189748076,0.0361608923816556,105.6809282572436
E01033341,1324.0,10315.402141742688,4440.920861626384,23.373267692770444,85.7019815401583,7.791089230923482,0.0224066208759886,77.91089226224996
E01033455,1144.0,18710.16345144547,9093.401118010212,294.3906836765896,637.8464812992775,81.77518991016377,0.0132524840965763,147.19534174992208
E01033456,2624.0,9858.584172935787,2145.294040680768,0.0,3.7570823829785778,0.0,0.0130026025215268,116.46955380245562
E01033457,1982.0,11293.876184693912,3413.2350326093106,28.491110455837315,34.18933254700478,17.09466627350239,0.0017491170787578,85.47333131629637
E01033463,3155.0,7386.825881464607,2725.2821952535032,0.0,0.0,0.0,0.0127693038404662,107.70015541783742
E01033485,1638.0,11823.602062666763,4229.933338658561,64.96484649816902,101.05642788604072,0.0,0.0120116827818702,79.40147900536793
E01033486,1034.0,15286.708387049202,7185.048622926414,192.1926586379493,103.4883546512035,44.35215199337293,0.0047631714274235,133.05645590038884
E01033487,1199.0,49691.02694823127,34025.29868598655,41.44372556149396,41.44372556149396,0.0,2.5310353139689047e-05,82.88745107286123
E01033488,1644.0,16280.824882287176,7546.221752009019,19.80635630448561,128.7413159791565,0.0,0.0035073685419371,118.83813775545144
E01033489,1460.0,15730.419403981326,17755.980258740565,150.83963812036887,420.1961347638848,43.097039462962535,0.0054271927564967,312.45353591936
E01033490,1399.0,11205.428181951018,18133.730810534027,232.27835402185812,120.14397621820248,64.07678731637466,0.0036647735935909,288.34554275042285
E01033491,1932.0,10198.00690445574,8118.289140296545,142.51873003121372,158.35414447912638,26.392357413187728,0.0029212068737411,73.89860071259147
E01033493,1313.0,36844.455964699846,23515.349656068905,0.0,0.0,0.0,6.887458921227148e-05,84.18382926693731
E01033494,1534.0,14789.2756685853,6594.435826148856,9.640988049925229,0.0,0.0,0.0003556794026975,106.05086848575262
E01033569,1817.0,10845.63514494977,7926.804332687559,29.844895830901955,59.68979166180391,17.906937498541172,0.004955120082994,125.3485624142786
E01033570,1904.0,3999.5606030784697,2415.7009945064287,6.301828681321118,8.402438241761491,0.0,0.0132644733518555,193.25607944452
E01033571,1496.0,4468.6471279749485,1711.5874360492282,0.0,0.0,0.0,0.0181064442378734,200.13326029039555
E01033579,1887.0,4262.787619766497,2292.914379471645,2.259028945292261,22.59028945292261,6.777086835876784,0.0147319803784994,51.95766571052901
E01033580,1412.0,16301.892254675598,8485.758362030145,0.0,23.090498944299718,11.545249472149855,0.0002555319270461,126.99774411713749
E01033581,1923.0,1464.8729683879071,1222.631884691935,5.332350898967941,5.332350898967941,2.285293242414832,0.0054104264094113,25.13822565147497
E01033582,1449.0,8577.708560201954,3445.290808859584,0.0,17.759230973503012,0.0,0.0049267964751104,94.71589846813674
E01033584,1703.0,11396.218893737683,3459.685947188716,0.0,0.0,0.0,0.0017309878009364,100.37773535118718
E01033586,2103.0,2985.151635174307,2130.62891317006,4.258418880419839,8.516837760839678,0.0,0.0123705981364915,36.906296941474686
E01033587,2456.0,9095.169359970452,5254.904446986185,14.812979413632656,14.812979413632656,0.0,0.0119072725212982,96.28436613100529
E01033589,1954.0,16246.839583668996,14800.089282973804,66.51725520437665,157.97848111039454,16.629313801094163,0.0083899780677457,166.29313791154647
E01033590,1250.0,12529.909757855272,4631.0546465033085,0.0,0.0,0.0,0.0048878785341483,140.33498920361816
E01033591,2977.0,11737.93631731083,4699.905975893352,0.0,11.828622422550383,3.942874140850128,0.0122074547081091,102.5147276005426
E01033592,1985.0,13123.280426262569,2842.826490323881,0.0,0.0,0.0,0.0007755535978998,92.5571414900035
E01033593,1732.0,18698.39987137199,13451.620230790704,75.57090017298148,32.38752864556349,32.38752864556349,0.0132135695844407,129.55011450450175
E01033594,1500.0,7164.01845889652,39860.59870530024,267.4566891321368,315.21681219144693,28.65607383558608,0.0063547549132399,133.7283444858585
E01033597,1006.0,16085.1168651117,13079.150691512295,0.0,0.0,0.0,0.0076877407110292,79.94590882417705
E01033598,1366.0,25231.780707512666,10602.519858061689,92.35644475663491,129.2990226592889,0.0,0.0119275952991106,166.24160046209747
E01033599,1301.0,20346.305009577805,7178.28900799094,0.0,0.0,15.638973873618609,0.0001784416413233,15.63897386420833
E01033601,1981.0,36595.87181990631,8885.721527195828,18.473433528473656,147.78746822778925,0.0,0.002015709647911,240.1546357259455
E01033602,1527.0,26348.57269164678,8575.79608889879,103.53073749173588,500.3985645433901,17.255122915289313,0.0020062649622944,189.8063519543828
E01033603,1266.0,26129.293530640025,17089.300982124758,82.55700957548191,82.55700957548191,61.91775718161144,0.0049263387051756,247.67102857666137
E01033604,1181.0,16140.40319841287,11589.38349894506,314.33469395723625,697.0030170356108,13.666725824227663,0.0237574796701855,259.66779050400635
E01033605,1640.0,22178.903882843104,7573.284252678132,0.0,54.09488751912952,13.52372187978238,0.0031395522337473,175.80838433154514
E01033699,1413.0,14803.629602795618,16050.361324474794,335.25558902297223,544.7903321623298,73.33716009877517,0.0019906237391237,167.62779441082617
E01033700,2491.0,22865.773594887007,17927.28054227793,183.58710232747492,266.2012983748387,91.79355116373748,0.0058325492009529,137.69032666319487
E01033702,1451.0,14685.887721399458,7793.338074071387,0.0,50.60609139007394,0.0,0.00126857158969,111.33340099137452
E01033703,1411.0,21708.166103679647,9000.196435614878,138.4645605479212,107.6946582039387,15.384951171991244,0.0003854232067442,153.8495116272977
E01033704,2344.0,10612.325105312637,10331.623673346174,140.35071598323023,167.5153706896619,67.91163676607914,0.0056779173412972,162.98792814085942
E01033705,1434.0,8641.623359998448,2314.0748746439363,0.0,12.052473305437166,6.026236652718583,0.0183824512868457,66.2886031400851
E01033706,1447.0,10853.861228667116,15939.499040026,352.5442140617515,322.54045116287904,210.02634029210728,0.0091954010734069,210.0263401659737
E01033708,1869.0,5253.401409081231,20856.20035065957,373.83755345521865,255.78358920620224,115.2431555764208,0.0054937888856597,219.2430763308514
E01033709,1831.0,21051.5445194188,10692.483016416976,34.491880698119274,91.97834852831808,0.0,0.0008506801912453,241.4431647417012
E01033710,1131.0,27324.66678906416,9446.458633531463,0.0,0.0,0.0,0.0005566429599486,120.7987036814591
E01033711,1912.0,24544.22540104594,17689.300524393988,141.2063176838417,128.36937971258337,38.51081391377501,0.0013565846789333,269.57569723473125
E01033712,1543.0,9479.766598580914,9854.533781026432,221.17407488588003,264.1801450025789,30.718621511927783,0.0020418709378655,178.16800466190313
E01033713,1323.0,5060.036809085623,2692.5668281151006,15.29867515974489,26.77268152955356,3.824668789936223,0.0008459239747892,57.370031814650446
E01033727,2711.0,16983.080663268174,7154.067914958412,6.264507806443443,62.64507806443443,6.264507806443443,0.0033211210228583,144.0836794615464
E01033728,1763.0,23393.90914222147,13733.803722177665,39.80812673094975,26.5387511539665,0.0,0.00226329326015,159.23250682868408
E01033729,2478.0,3585.325819353533,1105.4031178313555,13.021764477070942,15.91548991642004,0.0,0.0065192106767599,41.959018845383845
E01033732,1067.0,10606.867177738695,5487.338971051322,0.0,9.940831469295873,0.0,0.0006639102812841,69.58582024310442
E01033734,1465.0,15277.081329645964,8467.569992950528,0.0,0.0,0.0,0.0,135.56454414136812
E01033735,1262.0,12195.461806396816,11432.03749363505,57.98159337431133,454.1891480987721,9.663598895718556,0.0001878191101385,164.28118112842049
E01033736,2244.0,16837.227127058402,9679.154631865124,15.006441289713372,15.006441289713372,0.0,0.0,97.54186832402944
E01033737,1934.0,8149.592887952371,5992.09983798773,46.35238974533406,151.69873007563874,21.069268066060932,6.729533534785177e-05,155.9125835951168
E01033738,1861.0,6486.079361585293,5677.497732413993,17.42632821489869,48.79371900171633,0.0,0.0022660570955659,132.4400943537792
E01033739,1726.0,14720.485718860424,3437.054313268106,0.0,0.0,0.0,0.0,25.586012242208017
E01033740,1634.0,9941.818921479578,2196.448366373395,0.0,0.0,0.0,0.0,109.51820102746126
E01033741,2698.0,4719.508260175985,4371.405167598142,1.749261771747956,5.247785315243868,1.749261771747956,0.0,82.21530322287188
E01033742,1341.0,10875.102248670728,3665.5825625646303,0.0,0.0,0.0,0.0,48.65817558013772
E01033743,1941.0,1931.6256531974348,749.3632750425907,1.990340703964384,2.985511055946576,0.0,0.0,29.85511054153298
E01033744,1803.0,11841.431744637592,2961.9998429459533,0.0,13.135254292443252,0.0,0.0,118.2172885611143
E01033745,1783.0,3192.6073193571024,2478.1651878801063,0.0,0.0,0.0,0.0,68.04210771890135
E01033746,1471.0,11405.161992554544,5311.037365669518,15.506678439911004,15.506678439911004,7.753339219955502,0.0017361185522995,170.5734627366141
