LSOA_code,population,burglary_annual_avg,theft_annual_avg,violence_annual_avg,burglary_rate,theft_rate,violence_rate
E01000006,1845,2.6667,37.6667,33.3333,1.4453,20.4155,18.0668
E01000007,2908,18.0,196.3333,166.3333,6.1898,67.5149,57.1985
E01000008,1795,10.3333,66.3333,62.0,5.7567,36.9545,34.5404
E01000009,1804,10.3333,101.0,93.6667,5.728,55.9867,51.9217
E01000011,1701,4.6667,27.0,57.3333,2.7435,15.873,33.7057
E01000012,2347,8.0,45.0,84.6667,3.4086,19.1734,36.0744
E01000013,1871,12.0,84.3333,74.0,6.4137,45.0739,39.551
E01000014,1751,6.3333,35.6667,43.3333,3.617,20.3693,24.7478
E01000015,2418,10.3333,29.3333,53.3333,4.2735,12.1312,22.0568
E01000016,1851,4.6667,32.0,32.0,2.5212,17.288,17.288
E01000017,1722,5.3333,31.0,41.3333,3.0972,18.0023,24.0031
E01000018,1776,7.0,21.3333,47.6667,3.9414,12.012,26.8393
E01000019,1657,5.0,23.0,35.3333,3.0175,13.8805,21.3237
E01000020,2191,11.6667,36.6667,39.0,5.3248,16.7351,17.8001
E01000021,1693,7.3333,43.3333,64.0,4.3316,25.5956,37.8027
E01000022,1477,4.3333,14.0,29.6667,2.9339,9.4787,20.0858
E01000024,1485,3.6667,21.3333,39.6667,2.4691,14.3659,26.7116
E01000025,1920,7.3333,24.6667,48.0,3.8194,12.8472,25.0
E01000027,2082,4.3333,41.0,78.3333,2.0813,19.6926,37.6241
E01000028,1817,3.0,25.0,53.3333,1.6511,13.7589,29.3524
E01000029,1819,4.0,35.0,43.0,2.199,19.2413,23.6394
E01000030,2563,11.6667,87.0,92.0,4.552,33.9446,35.8954
E01000031,1770,7.3333,36.6667,60.3333,4.1431,20.7156,34.0866
E01000032,2078,13.6667,86.0,64.6667,6.5768,41.3859,31.1197
E01000033,1543,4.0,18.0,34.3333,2.5924,11.6656,22.251
E01000034,1575,3.6667,22.6667,44.3333,2.328,14.3915,28.1481
E01000035,1859,10.0,66.3333,80.3333,5.3792,35.6823,43.2132
E01000036,1470,4.3333,35.6667,54.3333,2.9478,24.263,36.9615
E01000037,1696,5.6667,23.6667,40.3333,3.3412,13.9544,23.7814
E01000038,1616,8.0,34.0,18.0,4.9505,21.0396,11.1386
E01000039,1752,2.6667,23.3333,32.6667,1.5221,13.3181,18.6454
E01000040,1879,9.6667,41.0,55.6667,5.1446,21.8201,29.6257
E01000041,1842,5.6667,23.6667,35.0,3.0764,12.8484,19.0011
E01000042,1882,8.0,29.6667,69.6667,4.2508,15.7634,37.0174
E01000043,1537,6.6667,30.3333,43.0,4.3375,19.7354,27.9766
E01000044,1988,6.3333,26.3333,43.3333,3.1858,13.2461,21.7975
E01000045,1723,11.6667,162.3333,80.3333,6.7711,94.2155,46.6241
E01000046,1956,11.0,32.0,53.3333,5.6237,16.3599,27.2665
E01000049,1973,4.3333,89.0,41.6667,2.1963,45.109,21.1184
E01000050,1839,7.3333,35.6667,43.0,3.9877,19.3946,23.3823
E01000051,1107,7.3333,39.6667,49.6667,6.6245,35.8326,44.866
E01000052,2368,8.0,42.0,60.3333,3.3784,17.7365,25.4786
E01000053,1617,8.3333,53.6667,54.3333,5.1536,33.189,33.6013
E01000054,1871,6.0,26.3333,56.3333,3.2068,14.0745,30.1087
E01000055,1705,3.0,28.0,46.0,1.7595,16.4223,26.9795
E01000056,1702,5.6667,98.6667,67.0,3.3294,57.971,39.3655
E01000057,1550,10.3333,81.3333,52.6667,6.6667,52.4731,33.9785
E01000058,2135,7.3333,26.0,65.3333,3.4348,12.178,30.6011
E01000059,1710,5.6667,28.6667,38.0,3.3138,16.7641,22.2222
E01000060,2180,15.0,158.6667,84.3333,6.8807,72.7829,38.685
E01000061,1925,7.6667,58.0,116.6667,3.9827,30.1299,60.6061
E01000062,2218,9.6667,38.3333,58.6667,4.3583,17.2828,26.4503
E01000063,1778,5.6667,30.0,35.3333,3.1871,16.8729,19.8725
E01000064,2296,11.3333,64.6667,77.0,4.9361,28.1649,33.5366
E01000065,1982,7.0,33.6667,56.0,3.5318,16.9862,28.2543
E01000066,2499,6.6667,35.0,43.3333,2.6677,14.0056,17.3403
E01000067,2237,10.6667,65.0,44.3333,4.7683,29.0568,19.8182
E01000068,1795,3.6667,36.6667,38.6667,2.0427,20.4271,21.5413
E01000069,2096,2.6667,26.3333,27.6667,1.2723,12.5636,13.1997
E01000070,2073,15.0,158.3333,52.0,7.2359,76.3788,25.0844
E01000071,2607,6.0,54.0,55.3333,2.3015,20.7135,21.2249
E01000072,2150,8.0,94.3333,59.6667,3.7209,43.876,27.7519
E01000073,1848,10.0,46.6667,42.0,5.4113,25.2525,22.7273
E01000074,1759,5.6667,30.6667,52.6667,3.2215,17.4341,29.9413
E01000075,2080,10.0,100.3333,62.3333,4.8077,48.2372,29.9679
E01000076,2161,9.3333,29.3333,51.0,4.319,13.574,23.6002
E01000077,1719,8.0,41.6667,48.0,4.6539,24.2389,27.9232
E01000078,1899,8.3333,37.6667,59.0,4.3883,19.835,31.069
E01000079,1716,5.3333,33.3333,23.0,3.108,19.425,13.4033
E01000080,1777,6.3333,31.0,46.0,3.5641,17.4451,25.8863
E01000081,1976,3.3333,26.3333,45.0,1.6869,13.3266,22.7733
E01000082,1913,11.6667,165.3333,51.3333,6.0986,86.4262,26.8339
E01000083,1919,9.3333,24.0,45.0,4.8636,12.5065,23.4497
E01000084,1438,6.0,56.3333,68.3333,4.1725,39.1748,47.5197
E01000085,1646,5.6667,42.0,62.6667,3.4427,25.5164,38.0721
E01000086,1449,5.0,27.3333,40.3333,3.4507,18.8636,27.8353
E01000087,1636,10.3333,111.6667,67.6667,6.3162,68.2559,41.361
E01000088,1975,8.0,37.3333,69.6667,4.0506,18.903,35.2743
E01000089,1824,8.3333,22.0,56.6667,4.5687,12.0614,31.0673
E01000090,1707,16.0,68.0,72.6667,9.3732,39.836,42.5698
E01000091,2091,5.6667,42.3333,60.6667,2.71,20.2455,29.0132
E01000093,1809,11.0,41.3333,72.3333,6.0807,22.8487,39.9853
E01000094,2461,8.0,43.3333,79.3333,3.2507,17.608,32.2362
E01000095,2250,32.0,345.0,139.6667,14.2222,153.3333,62.0741
E01000096,1658,15.0,73.6667,55.6667,9.047,44.431,33.5746
E01000097,1933,8.3333,32.3333,62.3333,4.3111,16.727,32.2469
E01000098,1936,11.3333,102.3333,47.6667,5.854,52.8581,24.6212
E01000099,2778,12.3333,49.6667,61.6667,4.4396,17.8786,22.1982
E01000100,1942,3.6667,32.3333,51.6667,1.8881,16.6495,26.6049
E01000101,1699,5.0,37.0,49.0,2.9429,21.7775,28.8405
E01000102,1784,7.0,31.6667,37.6667,3.9238,17.7504,21.1136
E01000103,1773,11.3333,31.0,39.0,6.3922,17.4845,21.9966
E01000104,1915,9.3333,50.0,55.0,4.8738,26.1097,28.7206
E01000105,2332,19.6667,160.6667,104.3333,8.4334,68.8965,44.7399
E01000106,2207,14.6667,52.3333,95.0,6.6455,23.7124,43.0449
E01000107,1786,9.6667,22.6667,43.6667,5.4125,12.6913,24.4494
E01000108,1915,10.3333,55.6667,66.6667,5.396,29.0688,34.8129
E01000110,1573,1.6667,22.6667,27.6667,1.0595,14.4098,17.5885
E01000111,2155,17.3333,74.0,70.3333,8.0433,34.3387,32.6373
E01000112,1971,11.0,74.6667,54.6667,5.5809,37.8826,27.7355
E01000113,1993,13.3333,62.6667,60.0,6.6901,31.4434,30.1054
E01000114,2419,16.6667,56.0,84.3333,6.8899,23.1501,34.8629
E01000115,1395,7.0,23.6667,11.0,5.0179,16.9654,7.8853
E01000116,1745,8.3333,29.3333,14.3333,4.7755,16.8099,8.2139
E01000117,1736,8.6667,40.6667,27.6667,4.9923,23.4255,15.937
E01000118,2049,5.6667,32.6667,20.6667,2.7656,15.9427,10.0862
E01000119,1793,9.3333,29.0,21.0,5.2054,16.174,11.7122
E01000120,1495,6.0,19.3333,17.6667,4.0134,12.932,11.8172
E01000121,1477,3.6667,19.3333,38.3333,2.4825,13.0896,25.9535
E01000122,1511,6.0,14.3333,8.0,3.9709,9.486,5.2945
E01000123,1762,13.0,35.6667,32.3333,7.378,20.2421,18.3504
E01000124,1867,21.6667,114.0,44.3333,11.6051,61.0605,23.7458
E01000126,2274,5.6667,37.6667,42.3333,2.4919,16.5641,18.6162
E01000127,1557,11.0,20.3333,28.0,7.0649,13.0593,17.9833
E01000128,2049,15.0,35.0,37.3333,7.3206,17.0815,18.2203
E01000129,1604,17.3333,89.6667,84.0,10.8063,55.9019,52.3691
E01000130,1939,6.0,23.0,41.0,3.0944,11.8618,21.1449
E01000131,2021,17.3333,36.6667,35.6667,8.5766,18.1428,17.648
E01000132,1617,8.3333,26.0,24.6667,5.1536,16.0792,15.2546
E01000133,1645,9.0,22.6667,38.6667,5.4711,13.7791,23.5056
E01000134,1824,8.3333,18.0,24.0,4.5687,9.8684,13.1579
E01000135,1699,18.3333,30.3333,22.6667,10.7907,17.8536,13.3412
E01000136,1486,19.3333,33.3333,16.0,13.0103,22.4316,10.7672
E01000137,1658,9.0,26.0,29.0,5.4282,15.6815,17.491
E01000138,1617,15.0,25.0,41.6667,9.2764,15.4607,25.7679
E01000139,1388,16.3333,34.3333,24.6667,11.7675,24.7358,17.7714
E01000140,1957,25.6667,58.6667,30.6667,13.1153,29.9779,15.6702
E01000141,1864,33.0,278.0,130.6667,17.7039,149.1416,70.1001
E01000142,2237,16.3333,36.6667,36.3333,7.3014,16.391,16.242
E01000143,1671,25.0,109.0,52.3333,14.9611,65.2304,31.3186
E01000144,1660,30.0,82.6667,57.0,18.0723,49.7992,34.3373
E01000145,1614,10.0,34.0,32.0,6.1958,21.0657,19.8265
E01000146,1872,47.0,278.6667,104.3333,25.1068,148.8604,55.7336
E01000147,1913,6.0,27.3333,26.0,3.1364,14.2882,13.5912
E01000150,2255,17.3333,200.6667,44.3333,7.6866,88.9874,19.66
E01000151,1721,9.0,36.3333,78.0,5.2295,21.1118,45.3225
E01000152,2693,8.0,42.0,41.0,2.9707,15.596,15.2247
E01000153,1929,11.0,29.3333,41.6667,5.7024,15.2065,21.6001
E01000154,1915,9.0,38.6667,56.3333,4.6997,20.1915,29.4169
E01000156,2026,10.3333,41.6667,25.6667,5.1004,20.566,12.6686
E01000157,1582,2.6667,18.0,13.6667,1.6856,11.378,8.6389
E01000158,1464,7.3333,28.6667,43.0,5.0091,19.5811,29.3716
E01000159,1786,12.6667,37.0,27.3333,7.0922,20.7167,15.3042
E01000160,1955,14.0,121.6667,58.6667,7.1611,62.2336,30.0085
E01000161,2034,13.6667,41.6667,39.3333,6.7191,20.4851,19.3379
E01000162,1651,21.6667,85.6667,47.3333,13.1234,51.8877,28.6695
E01000163,1691,9.3333,34.3333,51.3333,5.5194,20.3036,30.3568
E01000164,1712,11.3333,110.3333,42.3333,6.6199,64.447,24.7274
E01000165,1812,6.0,32.0,34.3333,3.3113,17.66,18.9478
E01000166,1620,6.3333,23.0,22.6667,3.9095,14.1975,13.9918
E01000167,1389,5.0,28.3333,34.6667,3.5997,20.3984,24.958
E01000168,1516,7.6667,20.0,7.0,5.0572,13.1926,4.6174
E01000169,1631,2.0,21.3333,22.6667,1.2262,13.0799,13.8974
E01000170,1906,6.6667,62.0,36.6667,3.4977,32.5289,19.2375
E01000171,2289,16.0,115.3333,73.6667,6.99,50.3859,32.1829
E01000172,1690,5.0,19.0,16.3333,2.9586,11.2426,9.6647
E01000173,1690,5.3333,25.3333,15.6667,3.1558,14.9901,9.2702
E01000174,1759,9.0,97.3333,33.0,5.1165,55.3345,18.7607
E01000175,2031,5.0,23.0,14.6667,2.4618,11.3245,7.2214
E01000176,1722,4.3333,27.3333,33.0,2.5165,15.873,19.1638
E01000177,1663,12.3333,25.3333,21.0,7.4163,15.2335,12.6278
E01000178,1673,12.0,42.6667,21.0,7.1727,25.5031,12.5523
E01000179,1789,4.6667,30.6667,23.0,2.6085,17.1418,12.8563
E01000180,1616,8.3333,31.6667,31.6667,5.1568,19.5957,19.5957
E01000181,1688,17.0,124.6667,31.6667,10.0711,73.8547,18.7599
E01000182,1619,10.3333,64.6667,22.0,6.3825,39.9424,13.5886
E01000183,1522,8.0,31.3333,17.0,5.2562,20.5869,11.1695
E01000184,1873,5.6667,37.3333,59.6667,3.0254,19.9324,31.8562
E01000185,1474,6.3333,23.3333,26.0,4.2967,15.8299,17.6391
E01000186,1771,5.3333,24.3333,8.3333,3.0115,13.7399,4.7054
E01000187,1737,2.6667,14.0,22.6667,1.5352,8.0599,13.0493
E01000188,1578,9.3333,74.3333,41.0,5.9147,47.106,25.9823
E01000189,2469,7.3333,32.0,40.6667,2.9702,12.9607,16.4709
E01000190,1731,7.6667,23.0,18.6667,4.429,13.2871,10.7837
E01000191,1549,7.0,16.6667,17.0,4.519,10.7596,10.9748
E01000192,1997,19.0,116.6667,52.0,9.5143,58.421,26.0391
E01000193,1948,18.3333,259.0,92.6667,9.4114,132.9569,47.5702
E01000194,1906,21.6667,89.3333,72.3333,11.3676,46.8695,37.9503
E01000195,2019,14.3333,140.0,39.0,7.0992,69.3413,19.3165
E01000196,2124,21.6667,88.0,65.0,10.2009,41.4313,30.6026
E01000197,1851,12.3333,39.6667,34.3333,6.6631,21.4299,18.5485
E01000198,2193,14.3333,36.3333,39.0,6.5359,16.5679,17.7839
E01000199,1580,14.0,23.0,14.3333,8.8608,14.557,9.0717
E01000200,1978,13.0,25.0,26.0,6.5723,12.639,13.1446
E01000201,1541,15.0,35.0,13.0,9.7339,22.7125,8.4361
E01000202,1673,8.0,36.0,14.3333,4.7818,21.5182,8.5674
E01000203,1843,14.6667,57.0,60.3333,7.958,30.9278,32.7365
E01000204,1701,12.0,34.0,19.3333,7.0547,19.9882,11.3659
E01000205,1506,10.3333,38.6667,14.3333,6.8614,25.6751,9.5175
E01000206,1501,14.6667,59.6667,22.3333,9.7713,39.7513,14.879
E01000207,1579,11.3333,59.3333,21.3333,7.1775,37.5765,13.5107
E01000208,1629,13.3333,52.3333,19.0,8.185,32.126,11.6636
E01000209,1483,13.0,35.3333,15.6667,8.766,23.8256,10.5642
E01000210,1548,11.0,33.6667,18.3333,7.1059,21.7485,11.8432
E01000211,2128,30.3333,139.3333,61.0,14.2544,65.4762,28.6654
E01000212,1347,9.6667,32.0,17.3333,7.1764,23.7565,12.8681
E01000213,1351,7.0,33.6667,8.6667,5.1813,24.9198,6.415
E01000214,1627,14.3333,76.0,33.3333,8.8097,46.7117,20.4876
E01000215,2146,6.6667,30.3333,31.0,3.1066,14.1348,14.4455
E01000216,1978,10.6667,33.6667,21.6667,5.3927,17.0206,10.9538
E01000217,1785,3.6667,24.0,15.3333,2.0542,13.4454,8.5901
E01000218,1844,12.6667,25.6667,28.6667,6.8691,13.919,15.5459
E01000219,2196,16.3333,41.0,47.0,7.4378,18.6703,21.4026
E01000220,1888,11.0,31.0,29.0,5.8263,16.4195,15.3602
E01000221,1412,16.6667,159.6667,69.6667,11.8036,113.0784,49.339
E01000222,2038,13.6667,24.0,41.6667,6.7059,11.7763,20.4449
E01000223,2032,22.0,143.0,62.6667,10.8268,70.374,30.8399
E01000224,1692,10.0,25.3333,25.0,5.9102,14.9724,14.7754
E01000225,1870,9.0,26.0,9.0,4.8128,13.9037,4.8128
E01000226,1735,8.0,23.3333,29.6667,4.611,13.4486,17.0989
E01000227,1869,7.3333,22.3333,16.3333,3.9237,11.9493,8.7391
E01000228,1436,7.3333,23.6667,27.3333,5.1068,16.481,19.0344
E01000229,1670,15.0,19.6667,22.6667,8.982,11.7764,13.5729
E01000230,1960,7.3333,24.3333,14.6667,3.7415,12.415,7.483
E01000231,1787,4.3333,30.0,34.0,2.4249,16.7879,19.0263
E01000232,1871,12.6667,22.6667,23.6667,6.77,12.1147,12.6492
E01000233,1938,18.0,46.3333,20.6667,9.2879,23.9078,10.6639
E01000234,1781,6.3333,20.6667,16.3333,3.5561,11.604,9.1709
E01000235,1862,13.6667,44.0,47.0,7.3398,23.6305,25.2417
E01000236,1952,13.6667,32.6667,33.6667,7.0014,16.735,17.2473
E01000237,2100,18.0,78.3333,87.0,8.5714,37.3016,41.4286
E01000238,2096,9.3333,35.6667,32.0,4.4529,17.0165,15.2672
E01000239,2058,17.3333,39.6667,52.0,8.4224,19.2744,25.2672
E01000240,1734,10.0,41.6667,40.6667,5.767,24.0292,23.4525
E01000241,1788,10.3333,27.6667,28.6667,5.7793,15.4735,16.0328
E01000242,1601,10.0,23.3333,25.6667,6.2461,14.5742,16.0316
E01000243,2165,16.6667,75.3333,50.0,7.6982,34.796,23.0947
E01000244,1638,22.0,145.0,54.0,13.431,88.5226,32.967
E01000245,2057,19.3333,97.0,78.6667,9.3988,47.1561,38.2434
E01000246,1520,5.0,24.0,14.6667,3.2895,15.7895,9.6491
E01000247,1696,4.3333,20.6667,17.0,2.555,12.1855,10.0236
E01000248,1703,8.6667,131.0,20.0,5.0891,76.9231,11.744
E01000249,1613,4.0,17.6667,10.3333,2.4799,10.9527,6.4063
E01000250,2610,13.3333,132.3333,78.0,5.1086,50.7024,29.8851
E01000251,2262,12.6667,46.6667,59.3333,5.5998,20.6307,26.2305
E01000252,1715,8.3333,26.6667,21.6667,4.8591,15.5491,12.6336
E01000253,1984,12.3333,26.0,19.3333,6.2164,13.1048,9.7446
E01000254,1600,5.3333,23.6667,15.6667,3.3333,14.7917,9.7917
E01000255,1700,10.3333,33.3333,33.0,6.0784,19.6078,19.4118
E01000256,1928,7.6667,22.6667,18.3333,3.9765,11.7566,9.509
E01000257,2090,26.6667,185.6667,59.3333,12.7592,88.8357,28.3892
E01000258,1891,10.0,55.3333,26.0,5.2882,29.2614,13.7493
E01000259,2643,16.3333,37.0,42.0,6.1798,13.9992,15.891
E01000260,2166,10.3333,57.3333,38.6667,4.7707,26.4697,17.8516
E01000261,1768,5.3333,17.3333,20.0,3.0166,9.8039,11.3122
E01000263,1525,7.3333,14.0,10.0,4.8087,9.1803,6.5574
E01000264,1823,21.3333,154.3333,63.6667,11.7023,84.659,34.9241
E01000265,1922,6.0,38.0,27.0,3.1217,19.7711,14.0479
E01000266,1436,8.6667,24.3333,14.6667,6.0353,16.9452,10.2136
E01000267,1527,5.6667,19.3333,12.3333,3.711,12.661,8.0768
E01000268,2075,18.6667,76.3333,70.0,8.996,36.7871,33.7349
E01000269,1386,5.3333,15.3333,16.6667,3.848,11.063,12.025
E01000270,1545,7.6667,19.0,18.3333,4.9622,12.2977,11.8662
E01000271,1638,7.6667,39.6667,17.0,4.6805,24.2165,10.3785
E01000272,1426,6.0,25.3333,11.6667,4.2076,17.7653,8.1814
E01000273,1670,11.0,39.0,37.3333,6.5868,23.3533,22.3553
E01000274,1936,8.3333,39.6667,30.6667,4.3044,20.489,15.8402
E01000275,1740,9.0,27.0,12.0,5.1724,15.5172,6.8966
E01000276,1538,5.0,16.6667,10.6667,3.251,10.8366,6.9354
E01000277,1652,10.0,24.0,21.3333,6.0533,14.5278,12.9136
E01000278,1476,8.0,18.0,10.3333,5.4201,12.1951,7.0009
E01000279,1365,18.3333,16.3333,15.6667,13.431,11.9658,11.4774
E01000280,1337,10.0,11.0,7.0,7.4794,8.2274,5.2356
E01000281,1789,13.3333,125.3333,41.3333,7.453,70.0578,23.1042
E01000282,1808,14.0,28.6667,18.3333,7.7434,15.8555,10.1401
E01000283,1371,6.6667,14.6667,4.0,4.8626,10.6978,2.9176
E01000284,1806,10.6667,31.3333,46.6667,5.9062,17.3496,25.8398
E01000285,1513,4.0,7.6667,21.6667,2.6438,5.0672,14.3203
E01000286,1715,6.0,12.3333,26.6667,3.4985,7.1914,15.5491
E01000287,1631,3.0,11.0,31.6667,1.8394,6.7443,19.4155
E01000288,1548,7.3333,17.6667,16.0,4.7373,11.4126,10.3359
E01000289,1583,4.6667,20.3333,36.6667,2.948,12.8448,23.1628
E01000290,1621,5.3333,24.0,25.3333,3.2902,14.8057,15.6282
E01000291,1561,5.3333,15.6667,22.3333,3.4166,10.0363,14.3071
E01000292,1545,6.0,30.3333,25.3333,3.8835,19.6332,16.397
E01000293,1772,6.0,23.6667,23.0,3.386,13.3559,12.9797
E01000294,1811,4.0,57.3333,76.6667,2.2087,31.6584,42.3339
E01000295,1615,10.6667,37.3333,21.3333,6.6047,23.1166,13.2095
E01000296,1785,14.6667,104.6667,57.0,8.2166,58.6368,31.9328
E01000297,1421,5.0,23.3333,15.6667,3.5186,16.4204,11.0251
E01000298,1711,12.3333,63.6667,50.0,7.2083,37.2102,29.2227
E01000299,2219,9.0,121.6667,56.3333,4.0559,54.8295,25.3868
E01000300,1667,8.0,21.6667,19.0,4.799,12.9974,11.3977
E01000301,1495,8.3333,26.0,10.3333,5.5741,17.3913,6.9119
E01000302,1800,10.0,62.0,49.0,5.5556,34.4444,27.2222
E01000303,1502,11.3333,20.0,10.0,7.5455,13.3156,6.6578
E01000304,1557,5.6667,17.0,17.3333,3.6395,10.9184,11.1325
E01000305,1621,16.3333,88.6667,62.0,10.0761,54.6987,38.248
E01000306,1971,3.3333,20.0,14.0,1.6912,10.1471,7.103
E01000307,1653,16.3333,512.3333,92.6667,9.881,309.9415,56.0597
E01000308,2110,14.6667,27.0,39.3333,6.951,12.7962,18.6414
E01000309,2051,9.6667,26.3333,31.3333,4.7131,12.8393,15.2771
E01000310,2193,19.3333,73.6667,65.0,8.8159,33.5917,29.6398
E01000311,1771,9.0,42.6667,24.3333,5.0819,24.0919,13.7399
E01000312,1768,8.6667,35.6667,39.0,4.902,20.1735,22.0588
E01000313,1901,9.6667,56.0,47.3333,5.085,29.4582,24.8992
E01000314,2166,14.3333,57.6667,45.0,6.6174,26.6236,20.7756
E01000315,1699,14.3333,35.0,48.3333,8.4363,20.6004,28.4481
E01000316,2287,13.6667,209.0,77.3333,5.9758,91.3861,33.8143
E01000317,1584,8.3333,28.6667,21.6667,5.2609,18.0976,13.6785
E01000318,1926,11.3333,31.6667,22.6667,5.8844,16.4417,11.7688
E01000319,1402,6.6667,21.3333,15.0,4.7551,15.2164,10.699
E01000320,1934,10.0,28.3333,19.0,5.1706,14.6501,9.8242
E01000321,1961,9.3333,69.3333,42.6667,4.7595,35.3561,21.7576
E01000322,1859,10.0,48.3333,34.0,5.3792,25.9996,18.2894
E01000323,2367,19.6667,218.6667,85.3333,8.3087,92.3814,36.0513
E01000324,1831,11.6667,24.6667,28.6667,6.3717,13.4717,15.6563
E01000325,1647,0.6667,9.6667,13.6667,0.4048,5.8693,8.2979
E01000326,1381,3.0,14.6667,23.3333,2.1723,10.6203,16.896
E01000327,1628,3.3333,15.0,21.6667,2.0475,9.2138,13.3088
E01000328,1635,4.6667,15.3333,33.6667,2.8542,9.3782,20.5912
E01000329,1695,3.0,18.6667,46.6667,1.7699,11.0128,27.532
E01000330,1656,4.6667,20.6667,104.0,2.818,12.4799,62.8019
E01000331,1689,6.3333,37.6667,49.3333,3.7498,22.3012,29.2086
E01000332,1593,5.6667,17.0,22.0,3.5572,10.6717,13.8104
E01000333,1917,9.6667,65.6667,79.3333,5.0426,34.2549,41.3841
E01000334,1675,5.0,17.0,44.0,2.9851,10.1493,26.2687
E01000335,2726,14.6667,122.0,94.6667,5.3803,44.7542,34.7273
E01000336,1998,15.0,38.3333,61.0,7.5075,19.1859,30.5305
E01000337,1736,6.3333,24.0,31.0,3.6482,13.8249,17.8571
E01000338,1854,2.3333,23.0,40.0,1.2585,12.4056,21.575
E01000339,1619,1.3333,14.6667,19.6667,0.8236,9.0591,12.1474
E01000340,1584,2.3333,10.6667,17.3333,1.4731,6.734,10.9428
E01000341,1542,2.6667,5.6667,11.0,1.7294,3.6749,7.1336
E01000342,1524,1.0,10.0,15.0,0.6562,6.5617,9.8425
E01000343,1509,5.0,11.0,26.0,3.3135,7.2896,17.23
E01000344,1592,3.6667,24.3333,13.6667,2.3032,15.2848,8.5846
E01000345,1342,2.0,12.3333,11.0,1.4903,9.1903,8.1967
E01000346,1588,4.3333,19.0,12.6667,2.7288,11.9647,7.9765
E01000347,1521,2.3333,20.0,18.3333,1.5341,13.1492,12.0535
E01000348,1515,1.6667,11.3333,8.6667,1.1001,7.4807,5.7206
E01000349,1723,4.3333,15.6667,8.3333,2.515,9.0927,4.8365
E01000350,1486,3.3333,33.0,17.0,2.2432,22.2073,11.4401
E01000351,1612,3.0,16.0,13.0,1.861,9.9256,8.0645
E01000352,1618,5.0,60.0,48.3333,3.0902,37.0828,29.8723
E01000353,1637,2.3333,8.6667,19.3333,1.4254,5.2942,11.8102
E01000354,1492,2.6667,11.0,14.6667,1.7873,7.3727,9.8302
E01000355,1441,5.0,14.3333,18.3333,3.4698,9.9468,12.7226
E01000356,1568,7.6667,181.6667,19.0,4.8895,115.8588,12.1173
E01000357,1403,4.3333,8.3333,10.3333,3.0886,5.9397,7.3652
E01000358,1658,2.6667,43.3333,21.0,1.6084,26.1359,12.6659
E01000359,1263,5.0,16.6667,12.0,3.9588,13.1961,9.5012
E01000360,1910,13.0,191.6667,171.3333,6.8063,100.349,89.7033
E01000361,1591,2.6667,11.3333,22.0,1.6761,7.1234,13.8278
E01000362,1864,22.0,289.3333,159.3333,11.8026,155.2217,85.4793
E01000363,1559,6.0,16.3333,21.3333,3.8486,10.4768,13.684
E01000364,1698,3.3333,17.0,15.3333,1.9631,10.0118,9.0302
E01000365,1728,5.0,53.3333,46.0,2.8935,30.8642,26.6204
E01000366,1640,8.0,17.6667,19.3333,4.878,10.7724,11.7886
E01000367,2266,12.0,23.6667,60.6667,5.2957,10.4442,26.7726
E01000368,1680,5.6667,16.6667,54.3333,3.373,9.9206,32.3413
E01000369,1727,4.0,16.0,38.3333,2.3162,9.2646,22.1965
E01000370,1558,3.3333,21.6667,28.0,2.1395,13.9067,17.9718
E01000371,1620,1.6667,16.0,12.0,1.0288,9.8765,7.4074
E01000372,1689,4.6667,23.6667,48.0,2.763,14.0122,28.4192
E01000373,1325,4.0,21.0,28.3333,3.0189,15.8491,21.3836
E01000374,1579,10.3333,33.3333,51.6667,6.5442,21.1104,32.7211
E01000375,2128,6.3333,34.3333,33.0,2.9762,16.1341,15.5075
E01000376,1614,4.3333,14.3333,32.3333,2.6848,8.8806,20.033
E01000377,1474,2.3333,21.0,39.0,1.583,14.2469,26.4586
E01000379,1712,3.6667,20.3333,33.0,2.1417,11.8769,19.2757
E01000380,1736,4.3333,18.3333,35.3333,2.4962,10.5607,20.3533
E01000381,1617,4.3333,17.3333,33.0,2.6799,10.7194,20.4082
E01000382,1572,3.6667,12.3333,25.6667,2.3325,7.8456,16.3274
E01000383,1593,2.6667,26.6667,20.0,1.674,16.7399,12.5549
E01000384,1719,3.6667,20.3333,21.0,2.133,11.8286,12.2164
E01000385,2006,11.0,57.6667,70.3333,5.4835,28.7471,35.0615
E01000386,1537,4.0,52.0,46.0,2.6025,33.8321,29.9284
E01000387,1558,3.0,11.6667,9.6667,1.9255,7.4882,6.2045
E01000388,1513,3.0,18.6667,18.6667,1.9828,12.3375,12.3375
E01000389,1700,6.6667,18.6667,40.6667,3.9216,10.9804,23.9216
E01000390,1332,3.0,23.3333,28.0,2.2523,17.5175,21.021
E01000391,1748,3.3333,17.0,26.6667,1.9069,9.7254,15.2555
E01000392,1957,13.6667,131.3333,85.3333,6.9835,67.1095,43.6042
E01000393,1695,3.3333,31.6667,31.6667,1.9666,18.6824,18.6824
E01000394,1628,6.3333,38.3333,25.6667,3.8903,23.5463,15.7658
E01000395,1529,2.6667,12.3333,17.3333,1.7441,8.0663,11.3364
E01000396,1452,3.0,16.6667,3.3333,2.0661,11.4784,2.2957
E01000398,1593,5.0,11.6667,25.3333,3.1387,7.3237,15.9029
E01000399,1571,7.0,17.0,20.0,4.4558,10.8211,12.7307
E01000400,1573,2.6667,20.0,25.6667,1.6953,12.7146,16.317
E01000401,1816,8.0,26.6667,39.6667,4.4053,14.6843,21.8429
E01000402,1605,3.6667,23.3333,31.6667,2.2845,14.5379,19.73
E01000403,2403,27.0,364.0,151.6667,11.236,151.4773,63.1156
E01000404,2423,6.3333,43.0,105.3333,2.6138,17.7466,43.4723
E01000405,1576,7.0,33.6667,54.6667,4.4416,21.3621,34.687
E01000406,2144,10.3333,43.0,98.0,4.8197,20.056,45.709
E01000407,1870,5.3333,25.0,31.6667,2.852,13.369,16.934
E01000408,1774,11.6667,59.3333,64.3333,6.5765,33.4461,36.2646
E01000409,1742,4.3333,14.3333,11.3333,2.4876,8.2281,6.5059
E01000410,1658,4.6667,25.3333,15.6667,2.8146,15.2795,9.4491
E01000411,1494,1.0,14.6667,11.6667,0.6693,9.817,7.809
E01000412,1766,4.3333,30.0,33.0,2.4538,16.9875,18.6863
E01000413,1347,1.6667,45.0,19.6667,1.2373,33.4076,14.6003
E01000414,1894,10.3333,106.0,63.3333,5.4558,55.9662,33.4389
E01000415,1465,2.3333,10.6667,12.0,1.5927,7.281,8.1911
E01000416,1631,12.0,89.3333,61.0,7.3574,54.7721,37.4004
E01000417,1739,4.6667,82.3333,48.6667,2.6835,47.3452,27.9854
E01000418,1946,4.3333,30.0,39.3333,2.2268,15.4162,20.2124
E01000419,1495,5.6667,13.3333,12.3333,3.7904,8.9186,8.2497
E01000420,1522,2.0,18.6667,17.0,1.3141,12.2646,11.1695
E01000421,1521,2.6667,12.3333,10.3333,1.7532,8.1087,6.7938
E01000422,1338,8.6667,35.0,26.3333,6.4773,26.1584,19.6811
E01000423,1607,2.3333,12.3333,9.3333,1.452,7.6748,5.8079
E01000424,1727,6.6667,16.6667,22.0,3.8603,9.6506,12.7389
E01000425,1800,2.3333,13.0,8.3333,1.2963,7.2222,4.6296
E01000426,1672,1.6667,19.3333,17.6667,0.9968,11.563,10.5662
E01000427,2011,5.3333,28.0,24.0,2.6521,13.9234,11.9344
E01000428,1902,8.6667,63.6667,116.3333,4.5566,33.4735,61.1637
E01000429,1693,11.0,36.0,70.3333,6.4973,21.264,41.5436
E01000430,2050,5.6667,33.6667,48.3333,2.7642,16.4228,23.5772
E01000431,1199,9.3333,43.0,60.3333,7.7843,35.8632,50.3197
E01000433,1957,7.3333,34.6667,101.3333,3.7472,17.7142,51.7799
E01000434,1593,5.3333,22.6667,63.3333,3.348,14.2289,39.7573
E01000435,1490,3.3333,56.0,29.3333,2.2371,37.5839,19.6868
E01000436,1757,2.3333,11.6667,13.3333,1.328,6.6401,7.5887
E01000437,1373,3.0,10.0,14.6667,2.185,7.2833,10.6822
E01000438,1688,5.6667,13.3333,39.3333,3.357,7.8989,23.3017
E01000439,1424,10.0,55.3333,68.0,7.0225,38.8577,47.7528
E01000440,1385,1.6667,8.0,12.6667,1.2034,5.7762,9.1456
E01000441,1802,7.0,37.3333,62.6667,3.8846,20.7177,34.7762
E01000442,1679,3.0,19.6667,14.3333,1.7868,11.7133,8.5368
E01000443,1330,2.6667,9.6667,17.6667,2.005,7.2682,13.2832
E01000444,1642,5.3333,21.0,13.6667,3.2481,12.7893,8.3232
E01000445,1666,4.3333,22.3333,20.3333,2.601,13.4054,12.2049
E01000446,1505,3.6667,11.3333,15.3333,2.4363,7.5305,10.1883
E01000447,1959,11.3333,58.0,52.3333,5.7853,29.6069,26.7143
E01000448,1346,4.6667,11.0,9.6667,3.4671,8.1724,7.1818
E01000449,1562,1.6667,25.6667,9.6667,1.067,16.4319,6.1886
E01000450,1801,6.3333,17.0,35.3333,3.5166,9.4392,19.6187
E01000451,1750,2.6667,18.3333,14.3333,1.5238,10.4762,8.1905
E01000452,1420,2.6667,14.3333,9.3333,1.8779,10.0939,6.5728
E01000453,1477,5.6667,28.6667,23.3333,3.8366,19.4087,15.7978
E01000454,1631,3.3333,21.3333,57.6667,2.0437,13.0799,35.3566
E01000455,1792,2.6667,15.0,18.3333,1.4881,8.3705,10.2307
E01000456,1422,5.0,13.0,12.6667,3.5162,9.1421,8.9076
E01000457,2175,17.3333,155.3333,80.0,7.9693,71.4176,36.7816
E01000458,1542,3.3333,13.0,8.3333,2.1617,8.4306,5.4042
E01000459,1871,9.0,18.6667,39.6667,4.8103,9.9768,21.2008
E01000460,1261,2.0,8.3333,7.3333,1.586,6.6085,5.8155
E01000461,1637,2.6667,11.6667,13.3333,1.629,7.1269,8.145
E01000462,2054,8.6667,58.6667,52.0,4.2194,28.5622,25.3165
E01000463,1251,3.0,8.6667,12.3333,2.3981,6.9278,9.8588
E01000464,1518,2.3333,35.0,39.0,1.5371,23.0567,25.6917
E01000465,1690,3.6667,36.3333,50.0,2.1696,21.499,29.5858
E01000466,1713,10.3333,63.0,75.6667,6.0323,36.7776,44.172
E01000467,1677,4.3333,25.0,47.0,2.584,14.9076,28.0262
E01000468,2932,7.6667,40.0,77.6667,2.6148,13.6426,26.4893
E01000469,1738,5.6667,20.3333,50.3333,3.2605,11.6993,28.9605
E01000470,1307,12.3333,60.0,82.0,9.4364,45.9067,62.7391
E01000471,1721,2.0,13.6667,25.0,1.1621,7.9411,14.5264
E01000472,2404,11.0,116.6667,53.6667,4.5757,48.5302,22.3239
E01000473,2704,10.0,94.6667,73.3333,3.6982,35.0099,27.1203
E01000474,2272,2.0,27.6667,22.6667,0.8803,12.1772,9.9765
E01000475,2124,8.3333,98.0,55.3333,3.9234,46.1394,26.0515
E01000476,2196,10.0,33.0,48.6667,4.5537,15.0273,22.1615
E01000477,2376,15.6667,52.0,60.3333,6.5937,21.8855,25.3928
E01000478,2528,9.3333,31.6667,52.0,3.692,12.5264,20.5696
E01000479,1759,11.0,25.0,28.6667,6.2536,14.2126,16.2971
E01000480,1688,7.6667,24.6667,25.0,4.5419,14.613,14.8104
E01000481,1635,6.3333,31.6667,38.0,3.8736,19.368,23.2416
E01000483,1852,10.3333,167.3333,51.6667,5.5796,90.3528,27.8978
E01000484,1765,6.6667,17.3333,37.0,3.7771,9.8206,20.9632
E01000485,1604,5.6667,17.6667,28.0,3.5328,11.0141,17.4564
E01000486,1698,7.6667,17.0,16.3333,4.5151,10.0118,9.6192
E01000487,1987,9.6667,43.6667,41.3333,4.865,21.9762,20.8019
E01000488,1647,5.3333,26.6667,20.0,3.2382,16.1911,12.1433
E01000489,1728,18.3333,44.6667,37.6667,10.6096,25.8488,21.7978
E01000490,1771,20.0,103.6667,53.3333,11.2931,58.5357,30.1148
E01000491,2066,33.0,42.0,44.0,15.9729,20.3291,21.2972
E01000492,1273,10.3333,29.6667,12.6667,8.1173,23.3045,9.9502
E01000493,1597,6.6667,24.3333,14.3333,4.1745,15.2369,8.9752
E01000494,1761,14.6667,34.6667,32.3333,8.3286,19.6858,18.3608
E01000495,1591,17.3333,80.3333,36.0,10.8946,50.4924,22.6273
E01000497,2070,20.0,99.6667,53.0,9.6618,48.1481,25.6039
E01000498,1683,14.3333,37.3333,39.0,8.5165,22.1826,23.1729
E01000499,1896,16.6667,80.0,61.3333,8.7904,42.1941,32.3488
E01000501,2031,5.6667,27.6667,42.0,2.7901,13.6222,20.6795
E01000502,1882,13.6667,45.3333,58.3333,7.2618,24.0878,30.9954
E01000503,2093,15.6667,48.6667,47.6667,7.4853,23.2521,22.7743
E01000504,1799,9.3333,49.0,35.3333,5.1881,27.2374,19.6405
E01000505,1677,7.3333,35.6667,33.3333,4.3729,21.2681,19.8768
E01000506,1657,11.3333,63.6667,63.6667,6.8397,38.4229,38.4229
E01000507,1617,8.0,32.6667,26.3333,4.9474,20.202,16.2853
E01000508,2613,13.3333,88.0,103.3333,5.1027,33.6778,39.5459
E01000509,1438,20.3333,31.6667,51.3333,14.14,22.0213,35.6977
E01000510,1672,20.0,124.6667,125.3333,11.9617,74.5614,74.9601
E01000511,1770,10.0,35.0,47.0,5.6497,19.774,26.5537
E01000512,1703,9.3333,30.6667,34.0,5.4805,18.0074,19.9648
E01000513,1678,4.3333,26.0,23.3333,2.5824,15.4946,13.9054
E01000514,1570,5.0,17.0,19.6667,3.1847,10.828,12.5265
E01000515,1875,5.6667,40.0,50.0,3.0222,21.3333,26.6667
E01000516,2345,12.0,71.6667,74.3333,5.1173,30.5615,31.6986
E01000517,1623,5.3333,75.6667,33.0,3.2861,46.6215,20.3327
E01000518,1915,8.6667,36.3333,33.3333,4.5257,18.973,17.4064
E01000519,2013,9.3333,28.3333,36.6667,4.6365,14.0752,18.2149
E01000520,1677,8.3333,29.3333,35.6667,4.9692,17.4916,21.2681
E01000521,2275,9.0,89.3333,105.3333,3.956,39.2674,46.3004
E01000522,2048,8.0,34.3333,51.6667,3.9062,16.7643,25.2279
E01000523,2297,13.3333,78.0,91.3333,5.8047,33.9573,39.762
E01000524,2423,19.3333,251.6667,178.3333,7.9791,103.8657,73.6002
E01000525,1851,14.6667,56.0,65.0,7.9236,30.2539,35.1162
E01000526,2197,16.0,54.3333,84.3333,7.2827,24.7307,38.3857
E01000527,1875,9.6667,45.6667,67.0,5.1556,24.3556,35.7333
E01000528,1725,9.0,33.0,58.6667,5.2174,19.1304,34.0097
E01000530,1819,12.3333,27.6667,19.3333,6.7803,15.2098,10.6286
E01000531,1799,9.0,155.3333,62.3333,5.0028,86.3443,34.6489
E01000532,1509,11.0,36.3333,30.6667,7.2896,24.0778,20.3225
E01000533,2172,18.3333,85.3333,118.3333,8.4408,39.2879,54.4813
E01000534,1748,5.0,36.0,30.0,2.8604,20.595,17.1625
E01000535,2053,9.3333,53.0,54.0,4.5462,25.8159,26.303
E01000536,1562,5.0,81.0,31.3333,3.201,51.8566,20.0598
E01000538,1622,5.3333,18.6667,21.6667,3.2881,11.5084,13.358
E01000539,1581,4.0,13.6667,13.3333,2.53,8.6443,8.4335
E01000540,1456,5.0,18.6667,16.3333,3.4341,12.8205,11.2179
E01000541,1411,4.6667,23.6667,25.3333,3.3073,16.773,17.9542
E01000543,1625,5.3333,65.0,46.3333,3.2821,40.0,28.5128
E01000544,1768,20.6667,36.3333,31.6667,11.6893,20.5505,17.911
E01000545,1921,32.3333,142.0,80.0,16.8315,73.9198,41.645
E01000546,1640,18.6667,94.0,49.3333,11.3821,57.3171,30.0813
E01000547,1656,13.0,42.6667,35.3333,7.8502,25.7649,21.3366
E01000548,1984,29.3333,208.6667,90.6667,14.7849,105.1747,45.6989
E01000549,1813,13.3333,37.0,24.6667,7.3543,20.4082,13.6054
E01000550,2021,23.0,95.3333,69.6667,11.3805,47.1714,34.4714
E01000551,2894,19.0,63.3333,70.6667,6.5653,21.8844,24.4183
E01000552,1512,25.0,26.0,32.3333,16.5344,17.1958,21.3845
E01000553,2040,11.3333,69.6667,57.6667,5.5556,34.1503,28.268
E01000554,1970,11.3333,59.0,36.6667,5.753,29.9492,18.6125
E01000555,1586,14.6667,34.6667,27.6667,9.2476,21.8579,17.4443
E01000556,2089,22.3333,99.3333,93.3333,10.6909,47.5507,44.6785
E01000557,1865,13.3333,49.0,34.3333,7.1492,26.2735,18.4093
E01000558,1389,26.0,55.3333,32.3333,18.7185,39.8368,23.2781
E01000559,1379,11.0,62.3333,27.0,7.9768,45.2018,19.5794
E01000560,1561,16.3333,43.3333,24.3333,10.4634,27.76,15.5883
E01000561,1937,17.3333,65.6667,38.3333,8.9485,33.9012,19.7901
E01000562,1507,6.0,15.0,11.3333,3.9814,9.9536,7.5205
E01000563,1588,5.3333,16.3333,19.0,3.3585,10.2855,11.9647
E01000564,1624,3.6667,40.6667,39.6667,2.2578,25.0411,24.4253
E01000565,1535,5.6667,17.6667,34.0,3.6916,11.5092,22.1498
E01000566,1550,3.6667,12.0,18.6667,2.3656,7.7419,12.043
E01000567,1400,4.0,11.3333,11.0,2.8571,8.0952,7.8571
E01000568,2218,11.3333,111.3333,244.3333,5.1097,50.1954,110.1593
E01000569,1456,2.0,15.3333,20.0,1.3736,10.5311,13.7363
E01000570,1546,2.6667,17.3333,22.6667,1.7249,11.2117,14.6615
E01000571,1761,5.0,22.0,50.3333,2.8393,12.4929,28.5822
E01000572,1495,3.0,12.6667,13.0,2.0067,8.4727,8.6957
E01000573,1671,2.3333,14.6667,22.6667,1.3964,8.7772,13.5647
E01000574,1655,4.0,16.0,17.0,2.4169,9.6677,10.2719
E01000575,2154,9.3333,83.3333,37.0,4.333,38.6877,17.1773
E01000576,1874,4.6667,20.6667,27.6667,2.4902,11.0281,14.7634
E01000577,2585,9.3333,36.0,59.3333,3.6106,13.9265,22.9529
E01000578,2323,12.3333,131.0,105.6667,5.3092,56.3926,45.4872
E01000579,1587,8.0,34.3333,24.0,5.041,21.6341,15.1229
E01000580,2086,24.3333,131.6667,49.3333,11.6651,63.1192,23.6497
E01000581,1513,10.0,34.6667,20.6667,6.6094,22.9125,13.6594
E01000582,1851,12.3333,46.3333,21.6667,6.6631,25.0315,11.7054
E01000583,2049,23.0,99.3333,64.6667,11.225,48.4789,31.5601
E01000584,1560,7.0,27.0,14.3333,4.4872,17.3077,9.188
E01000585,1504,6.0,24.3333,13.6667,3.9894,16.1791,9.0869
E01000586,2380,28.3333,182.0,79.0,11.9048,76.4706,33.1933
E01000587,1625,9.0,36.6667,21.3333,5.5385,22.5641,13.1282
E01000589,2551,9.6667,164.3333,58.3333,3.7894,64.4192,22.8668
E01000590,1936,9.0,22.6667,20.6667,4.6488,11.708,10.6749
E01000591,2183,8.3333,194.0,63.0,3.8174,88.8685,28.8594
E01000592,1831,14.3333,50.6667,36.3333,7.8281,27.6716,19.8434
E01000593,2121,8.3333,19.0,25.0,3.929,8.958,11.7869
E01000594,1815,11.3333,60.6667,40.3333,6.2443,33.4252,22.2222
E01000595,1785,6.3333,33.3333,64.0,3.5481,18.6741,35.8543
E01000596,1848,6.0,39.0,47.6667,3.2468,21.1039,25.7937
E01000599,1889,15.3333,43.0,47.3333,8.1172,22.7634,25.0573
E01000601,1385,16.6667,493.3333,127.3333,12.0337,356.1974,91.9374
E01000602,1453,5.0,35.6667,42.6667,3.4412,24.5469,29.3645
E01000603,1446,6.6667,20.0,49.0,4.6104,13.8313,33.8866
E01000604,1736,3.3333,21.0,33.0,1.9201,12.0968,19.0092
E01000605,1762,10.6667,64.3333,50.3333,6.0537,36.5115,28.566
E01000606,1872,2.3333,24.6667,26.3333,1.2464,13.1766,14.067
E01000607,2591,2.6667,22.6667,31.0,1.0292,8.7482,11.9645
E01000608,2338,11.0,113.3333,102.0,4.7049,48.4745,43.627
E01000609,2059,4.0,21.6667,33.3333,1.9427,10.5229,16.1891
E01000610,2186,5.0,24.6667,36.6667,2.2873,11.2839,16.7734
E01000611,1928,2.3333,17.6667,26.6667,1.2102,9.1632,13.8313
E01000612,1766,5.0,23.3333,40.0,2.8313,13.2125,22.6501
E01000613,1755,3.0,21.0,31.0,1.7094,11.9658,17.6638
E01000615,3191,19.0,173.6667,118.3333,5.9542,54.4239,37.0835
E01000616,1939,6.6667,38.0,43.6667,3.4382,19.5977,22.5202
E01000617,2266,11.3333,63.6667,63.3333,5.0015,28.0965,27.9494
E01000618,1677,5.3333,19.0,32.3333,3.1803,11.3298,19.2805
E01000619,1696,1.0,19.0,28.0,0.5896,11.2028,16.5094
E01000620,1750,7.0,34.0,42.6667,4.0,19.4286,24.381
E01000621,1811,8.0,42.3333,50.6667,4.4174,23.3757,27.9772
E01000622,1980,6.6667,23.6667,43.6667,3.367,11.9529,22.0539
E01000623,1882,11.3333,82.6667,20.6667,6.022,43.9249,10.9812
E01000624,1745,5.6667,23.3333,22.6667,3.2474,13.3715,12.9895
E01000625,1672,8.0,29.3333,35.0,4.7847,17.5439,20.933
E01000626,1547,8.3333,47.3333,55.0,5.3868,30.5969,35.5527
E01000627,2048,12.3333,53.3333,78.3333,6.0221,26.0417,38.2487
E01000628,1768,17.0,73.0,79.3333,9.6154,41.2896,44.8718
E01000629,1977,8.6667,31.0,28.6667,4.3837,15.6803,14.5001
E01000630,2728,14.6667,173.6667,100.6667,5.3763,63.6608,36.9013
E01000631,2073,3.6667,31.3333,85.3333,1.7688,15.115,41.1642
E01000632,2480,3.3333,70.0,58.6667,1.3441,28.2258,23.6559
E01000633,2616,10.3333,180.6667,76.0,3.9501,69.0622,29.052
E01000634,2642,9.6667,40.0,55.3333,3.6588,15.14,20.9437
E01000636,2599,8.0,78.3333,80.0,3.0781,30.1398,30.7811
E01000637,1508,3.6667,31.3333,30.0,2.4315,20.7781,19.8939
E01000638,2141,12.3333,64.3333,57.6667,5.7605,30.0483,26.9345
E01000639,1715,9.3333,31.3333,28.0,5.4422,18.2702,16.3265
E01000640,2215,12.6667,105.3333,80.0,5.7186,47.5546,36.1174
E01000641,1951,6.3333,56.6667,44.6667,3.2462,29.0449,22.8942
E01000642,2214,26.6667,213.0,98.6667,12.0446,96.206,44.5649
E01000643,2243,18.0,86.0,89.0,8.025,38.3415,39.679
E01000644,1912,8.6667,65.6667,56.3333,4.5328,34.3445,29.463
E01000645,1450,3.3333,13.3333,21.6667,2.2989,9.1954,14.9425
E01000646,1828,5.3333,38.3333,20.6667,2.9176,20.9701,11.3056
E01000647,1707,3.3333,17.6667,28.0,1.9527,10.3495,16.403
E01000648,1888,2.3333,52.6667,20.0,1.2359,27.8955,10.5932
E01000649,2068,6.0,23.6667,16.3333,2.9014,11.4442,7.8981
E01000650,1805,5.0,22.3333,15.6667,2.7701,12.373,8.6796
E01000651,1681,5.0,21.3333,21.0,2.9744,12.6909,12.4926
E01000652,1711,6.3333,21.6667,13.6667,3.7015,12.6632,7.9875
E01000653,1541,8.3333,15.6667,17.0,5.4077,10.1666,11.0318
E01000654,1299,3.6667,16.0,15.3333,2.8227,12.3172,11.804
E01000655,1328,4.3333,34.0,30.3333,3.2631,25.6024,22.8414
E01000656,1508,2.6667,25.6667,17.3333,1.7683,17.0203,11.4943
E01000657,1573,5.3333,66.3333,41.3333,3.3905,42.17,26.2768
E01000658,1330,2.3333,19.3333,16.3333,1.7544,14.5363,12.2807
E01000659,1464,2.6667,15.6667,15.6667,1.8215,10.7013,10.7013
E01000661,2817,13.0,52.3333,113.6667,4.6148,18.5777,40.3503
E01000662,1803,8.3333,41.0,29.3333,4.6219,22.7399,16.2692
E01000663,1681,4.0,20.0,38.6667,2.3795,11.8977,23.0022
E01000664,1663,7.0,21.6667,28.6667,4.2093,13.0287,17.2379
E01000665,1859,6.3333,36.0,30.6667,3.4068,19.3653,16.4963
E01000666,1891,6.0,34.6667,20.3333,3.1729,18.3325,10.7527
E01000667,1659,5.3333,31.0,29.0,3.2148,18.686,17.4804
E01000668,2222,10.3333,85.3333,48.6667,4.6505,38.4038,21.9022
E01000669,1736,8.3333,39.6667,23.3333,4.8003,22.8495,13.4409
E01000670,1941,9.6667,27.6667,24.3333,4.9803,14.2538,12.5365
E01000671,2271,12.0,42.6667,61.3333,5.284,18.7876,27.0072
E01000672,1674,5.3333,32.3333,14.0,3.186,19.315,8.3632
E01000673,1670,8.6667,31.0,16.6667,5.1896,18.5629,9.98
E01000674,1716,7.6667,31.3333,34.0,4.4678,18.2595,19.8135
E01000676,2033,34.0,747.0,249.0,16.7241,367.4373,122.4791
E01000677,1902,10.0,313.6667,66.0,5.2576,164.9141,34.7003
E01000678,1850,6.3333,26.0,26.6667,3.4234,14.0541,14.4144
E01000679,1792,2.3333,26.3333,18.0,1.3021,14.6949,10.0446
E01000680,1642,11.0,27.3333,23.0,6.6991,16.6464,14.0073
E01000681,1755,3.0,7.6667,9.3333,1.7094,4.3685,5.3181
E01000682,1605,6.3333,136.6667,12.0,3.946,85.1506,7.4766
E01000683,1705,5.3333,18.6667,23.6667,3.1281,10.9482,13.8807
E01000684,2092,6.6667,10.0,7.3333,3.1867,4.7801,3.5054
E01000685,1627,5.3333,17.3333,16.6667,3.278,10.6536,10.2438
E01000686,1494,1.6667,14.3333,19.3333,1.1156,9.5939,12.9407
E01000687,1565,2.3333,35.0,15.6667,1.4909,22.3642,10.0106
E01000688,1388,3.6667,12.3333,7.0,2.6417,8.8857,5.0432
E01000689,1636,4.6667,22.3333,39.6667,2.8525,13.6512,24.2461
E01000690,1391,8.0,43.0,12.0,5.7513,30.913,8.6269
E01000691,1535,6.0,25.6667,22.3333,3.9088,16.721,14.5494
E01000692,1670,11.0,37.6667,25.0,6.5868,22.5549,14.9701
E01000693,1511,8.0,54.0,42.3333,5.2945,35.7379,28.0168
E01000694,2298,6.3333,17.3333,19.3333,2.756,7.5428,8.4131
E01000695,1518,5.6667,13.6667,14.0,3.733,9.0031,9.2227
E01000696,1635,5.3333,26.3333,37.6667,3.262,16.106,23.0377
E01000697,1784,6.6667,22.0,13.6667,3.7369,12.3318,7.6607
E01000698,1193,10.3333,16.6667,19.0,8.6616,13.9704,15.9262
E01000699,1452,4.0,49.0,33.0,2.7548,33.7466,22.7273
E01000700,1519,3.0,13.0,21.0,1.975,8.5583,13.8249
E01000701,1440,1.3333,22.0,14.6667,0.9259,15.2778,10.1852
E01000702,1434,5.0,22.0,11.3333,3.4868,15.3417,7.9033
E01000703,1731,11.0,64.6667,22.3333,6.3547,37.358,12.902
E01000704,1470,4.0,27.3333,14.3333,2.7211,18.5941,9.7506
E01000705,1356,5.0,33.6667,30.0,3.6873,24.8279,22.1239
E01000706,1375,8.3333,24.3333,27.0,6.0606,17.697,19.6364
E01000707,1509,6.3333,18.3333,7.3333,4.197,12.1493,4.8597
E01000708,1690,5.3333,19.0,18.0,3.1558,11.2426,10.6509
E01000709,1372,7.3333,29.0,15.6667,5.345,21.137,11.4189
E01000710,2359,17.3333,41.3333,32.3333,7.3477,17.5215,13.7064
E01000711,1880,14.3333,54.6667,25.3333,7.6241,29.078,13.4752
E01000712,1794,7.3333,32.0,23.6667,4.0877,17.8372,13.1921
E01000713,1849,7.6667,32.0,26.0,4.1464,17.3067,14.0617
E01000714,2167,19.0,189.6667,121.6667,8.7679,87.525,56.1452
E01000715,1759,7.6667,20.6667,17.6667,4.3585,11.7491,10.0436
E01000716,1651,8.0,21.6667,14.3333,4.8455,13.1234,8.6816
E01000717,1704,6.0,18.0,15.6667,3.5211,10.5634,9.1941
E01000718,2057,8.6667,47.3333,38.3333,4.2133,23.0109,18.6356
E01000719,2116,20.3333,240.3333,88.3333,9.6093,113.5791,41.7454
E01000720,1802,13.0,49.3333,64.6667,7.2142,27.377,35.8861
E01000721,1604,10.3333,28.0,55.0,6.4422,17.4564,34.2893
E01000722,1848,11.3333,132.0,54.0,6.1328,71.4286,29.2208
E01000723,1241,2.6667,9.6667,6.3333,2.1488,7.7894,5.1034
E01000724,1675,13.6667,33.0,54.6667,8.1592,19.7015,32.6368
E01000725,1752,16.6667,43.0,45.3333,9.5129,24.5434,25.8752
E01000726,1304,3.6667,17.3333,18.3333,2.8119,13.2924,14.0593
E01000727,1691,16.6667,93.6667,51.3333,9.8561,55.3913,30.3568
E01000728,1627,12.0,117.6667,43.0,7.3755,72.3212,26.429
E01000729,1959,12.6667,92.0,84.3333,6.4659,46.9627,43.0492
E01000730,1808,11.6667,47.3333,70.6667,6.4528,26.1799,39.0855
E01000731,1381,6.3333,22.3333,27.0,4.586,16.1719,19.551
E01000732,1515,6.0,15.6667,11.0,3.9604,10.341,7.2607
E01000733,1670,3.6667,22.3333,28.3333,2.1956,13.3733,16.9661
E01000734,1388,2.3333,11.3333,19.6667,1.6811,8.1652,14.1691
E01000735,1548,9.6667,23.0,64.6667,6.2446,14.8579,41.7743
E01000736,1636,8.0,20.3333,53.3333,4.89,12.4287,32.5998
E01000737,1404,7.3333,24.3333,42.3333,5.2232,17.3314,30.1519
E01000738,1688,9.3333,49.6667,35.0,5.5292,29.4234,20.7346
E01000739,1677,9.3333,39.0,72.0,5.5655,23.2558,42.9338
E01000741,1819,7.3333,36.0,35.6667,4.0315,19.7911,19.6078
E01000742,2119,5.6667,54.6667,38.6667,2.6742,25.7983,18.2476
E01000743,1867,20.0,195.0,65.6667,10.7124,104.4456,35.1723
E01000744,1559,6.6667,36.3333,53.0,4.2762,23.3055,33.9962
E01000745,1883,9.0,50.3333,32.3333,4.7796,26.7304,17.1712
E01000746,2021,8.6667,31.6667,26.3333,4.2883,15.6688,13.0299
E01000747,2029,10.0,36.6667,42.0,4.9285,18.0713,20.6999
E01000748,1687,6.0,20.3333,28.6667,3.5566,12.053,16.9927
E01000749,1652,6.6667,19.6667,21.0,4.0355,11.9048,12.7119
E01000750,1456,0.6667,15.3333,29.6667,0.4579,10.5311,20.3755
E01000751,2264,3.6667,30.3333,144.6667,1.6196,13.3981,63.8987
E01000752,1747,2.3333,25.0,22.0,1.3356,14.3102,12.593
E01000753,1935,3.6667,10.0,13.6667,1.8949,5.168,7.0629
E01000754,1770,5.6667,31.3333,18.6667,3.2015,17.7024,10.5461
E01000755,1640,5.6667,10.3333,7.6667,3.4553,6.3008,4.6748
E01000756,1708,6.3333,75.3333,48.0,3.708,44.1062,28.103
E01000757,1571,1.6667,4.6667,7.3333,1.0609,2.9705,4.6679
E01000758,1451,2.3333,6.3333,9.0,1.6081,4.3648,6.2026
E01000759,1646,2.3333,21.6667,19.3333,1.4176,13.1632,11.7456
E01000760,1629,10.0,36.6667,22.3333,6.1387,22.5087,13.7098
E01000761,1545,3.0,21.0,16.3333,1.9417,13.5922,10.5717
E01000762,1748,3.3333,18.3333,13.3333,1.9069,10.4882,7.6278
E01000763,1475,3.6667,19.0,13.6667,2.4859,12.8814,9.2655
E01000764,1817,5.0,13.6667,23.0,2.7518,7.5216,12.6582
E01000765,1786,15.0,60.6667,43.3333,8.3987,33.9679,24.2628
E01000766,1815,2.6667,15.3333,5.0,1.4692,8.4481,2.7548
E01000767,1631,2.3333,20.0,6.0,1.4306,12.2624,3.6787
E01000768,1502,4.0,19.3333,12.0,2.6631,12.8717,7.9893
E01000769,1389,6.6667,32.6667,216.6667,4.7996,23.5181,155.9875
E01000770,1522,12.0,57.6667,27.0,7.8844,37.8887,17.7398
E01000771,1666,5.3333,32.3333,19.3333,3.2013,19.4078,11.6046
E01000772,1580,4.6667,16.0,13.6667,2.9536,10.1266,8.6498
E01000773,1586,3.6667,19.6667,5.3333,2.3119,12.4002,3.3628
E01000774,1504,6.6667,46.6667,32.0,4.4326,31.0284,21.2766
E01000775,2284,11.3333,47.0,56.6667,4.9621,20.5779,24.8103
E01000777,1631,7.6667,21.0,14.6667,4.7006,12.8755,8.9924
E01000778,1626,7.0,40.3333,38.0,4.305,24.8052,23.3702
E01000779,1400,13.0,70.6667,30.0,9.2857,50.4762,21.4286
E01000780,1612,5.6667,30.3333,37.0,3.5153,18.8172,22.9529
E01000781,1572,7.3333,25.0,53.3333,4.665,15.9033,33.9271
E01000782,1545,5.3333,43.3333,68.0,3.452,28.0475,44.0129
E01000783,1624,6.3333,22.3333,69.0,3.8998,13.7521,42.4877
E01000784,1557,3.3333,15.6667,12.3333,2.1409,10.0621,7.9212
E01000785,1577,7.0,67.3333,60.6667,4.4388,42.6971,38.4697
E01000786,1461,4.6667,49.0,31.6667,3.1942,33.5387,21.6747
E01000787,1482,3.6667,26.0,30.6667,2.4741,17.5439,20.6928
E01000788,1617,8.3333,25.0,27.0,5.1536,15.4607,16.6976
E01000789,1873,7.0,25.0,67.6667,3.7373,13.3476,36.1274
E01000790,2297,29.3333,309.6667,139.3333,12.7703,134.8135,60.6588
E01000791,1512,8.6667,15.0,14.0,5.7319,9.9206,9.2593
E01000792,1509,4.3333,16.3333,43.0,2.8717,10.8239,28.4957
E01000793,1560,6.6667,15.0,12.6667,4.2735,9.6154,8.1197
E01000794,1545,3.0,8.6667,9.3333,1.9417,5.6095,6.041
E01000795,1385,5.0,12.0,21.3333,3.6101,8.6643,15.4031
E01000796,1537,3.6667,31.6667,61.6667,2.3856,20.6029,40.1214
E01000797,1654,18.3333,62.6667,30.0,11.0842,37.8879,18.1378
E01000798,1527,8.0,47.6667,53.0,5.239,31.2159,34.7086
E01000799,1803,19.6667,178.3333,115.0,10.9077,98.9092,63.7826
E01000800,1665,10.3333,49.0,44.6667,6.2062,29.4294,26.8268
E01000801,1514,5.3333,53.6667,38.3333,3.5227,35.4469,25.3192
E01000802,1848,5.6667,47.6667,39.0,3.0664,25.7937,21.1039
E01000803,1609,6.0,39.6667,32.3333,3.729,24.653,20.0953
E01000804,1470,29.3333,49.6667,23.3333,19.9546,33.7868,15.873
E01000805,1696,7.0,34.6667,34.6667,4.1274,20.4403,20.4403
E01000806,1715,11.0,57.3333,53.3333,6.414,33.4305,31.0982
E01000807,1665,12.0,57.6667,41.0,7.2072,34.6346,24.6246
E01000808,1561,3.3333,14.3333,10.6667,2.1354,9.1821,6.8332
E01000809,1542,3.6667,11.3333,7.6667,2.3779,7.3498,4.9719
E01000810,1542,4.0,12.3333,10.3333,2.594,7.9983,6.7013
E01000811,1367,4.0,13.6667,7.0,2.9261,9.9976,5.1207
E01000812,1632,9.6667,20.6667,25.3333,5.9232,12.6634,15.5229
E01000813,1563,5.0,51.6667,14.6667,3.199,33.0561,9.3837
E01000814,1521,6.3333,9.0,8.3333,4.1639,5.9172,5.4789
E01000815,1510,2.6667,16.3333,8.6667,1.766,10.8168,5.7395
E01000816,1525,3.6667,18.6667,22.3333,2.4044,12.2404,14.6448
E01000818,1685,9.0,16.0,15.0,5.3412,9.4955,8.9021
E01000819,1850,7.6667,52.3333,53.0,4.1441,28.2883,28.6486
E01000820,1611,5.6667,36.0,49.0,3.5175,22.3464,30.4159
E01000822,1632,4.6667,32.0,29.6667,2.8595,19.6078,18.1781
E01000823,1693,5.6667,31.0,29.0,3.3471,18.3107,17.1294
E01000824,1402,8.6667,142.0,25.0,6.1816,101.2839,17.8317
E01000825,1663,5.6667,32.0,30.0,3.4075,19.2423,18.0397
E01000826,1636,6.6667,23.6667,9.6667,4.075,14.4662,5.9087
E01000827,1780,3.0,30.3333,17.0,1.6854,17.0412,9.5506
E01000828,1701,4.0,19.3333,29.0,2.3516,11.3659,17.0488
E01000829,1769,4.0,17.3333,20.0,2.2612,9.7984,11.3058
E01000830,1625,3.3333,23.3333,11.6667,2.0513,14.359,7.1795
E01000831,1702,3.6667,15.0,16.0,2.1543,8.8132,9.4007
E01000832,1571,5.3333,16.6667,12.0,3.3949,10.609,7.6384
E01000833,1447,4.3333,14.3333,9.0,2.9947,9.9056,6.2198
E01000834,1369,1.3333,19.3333,5.0,0.9739,14.1222,3.6523
E01000835,1757,16.6667,79.0,35.0,9.4859,44.963,19.9203
E01000836,1388,1.6667,8.0,4.6667,1.2008,5.7637,3.3622
E01000837,1566,7.3333,18.0,19.3333,4.6828,11.4943,12.3457
E01000838,1431,2.3333,12.3333,12.0,1.6306,8.6187,8.3857
E01000839,1390,1.3333,14.0,7.6667,0.9592,10.0719,5.5156
E01000840,1491,2.6667,15.0,18.0,1.7885,10.0604,12.0724
E01000841,1698,9.3333,29.3333,10.0,5.4967,17.2752,5.8893
E01000842,1432,10.3333,38.3333,15.3333,7.216,26.7691,10.7076
E01000843,1196,12.0,33.3333,14.6667,10.0334,27.8707,12.2631
E01000844,1635,10.0,56.6667,16.0,6.1162,34.6585,9.7859
E01000845,1500,11.3333,124.3333,37.6667,7.5556,82.8889,25.1111
E01000846,1453,7.3333,37.3333,28.3333,5.047,25.694,19.4999
E01000847,1599,11.3333,70.0,31.0,7.0878,43.7774,19.3871
E01000848,1485,9.3333,75.6667,18.6667,6.2851,50.954,12.5701
E01000849,1362,13.0,128.3333,21.0,9.5448,94.2242,15.4185
E01000850,1424,46.0,960.3333,102.6667,32.3034,674.3914,72.0974
E01000851,1479,50.0,454.3333,42.3333,33.8066,307.1895,28.6229
E01000853,1405,17.6667,234.6667,44.3333,12.5741,167.0225,31.554
E01000855,1310,44.6667,1172.0,166.0,34.0967,894.6565,126.7176
E01000856,1591,17.0,173.6667,87.0,10.6851,109.1557,54.6826
E01000857,1391,4.6667,45.6667,13.0,3.3549,32.8301,9.3458
E01000858,1932,18.0,394.3333,113.0,9.3168,204.1063,58.4886
E01000859,1462,14.3333,95.0,24.6667,9.8039,64.9795,16.8719
E01000860,1120,7.3333,45.6667,19.6667,6.5476,40.7738,17.5595
E01000861,1366,22.6667,267.3333,96.0,16.5935,195.7052,70.2782
E01000862,1685,22.3333,248.6667,48.0,13.2542,147.5767,28.4866
E01000863,1476,46.6667,1263.0,405.0,31.617,855.6911,274.3902
E01000866,1950,15.0,81.0,54.6667,7.6923,41.5385,28.0342
E01000867,1736,11.6667,68.6667,49.3333,6.7204,39.5545,28.4178
E01000868,1746,6.3333,33.6667,41.6667,3.6273,19.2822,23.8641
E01000869,1946,13.6667,58.0,48.3333,7.023,29.8047,24.8373
E01000870,1601,7.6667,69.6667,48.0,4.7887,43.5145,29.9813
E01000871,1657,16.0,89.3333,21.6667,9.656,53.9127,13.0758
E01000872,1740,23.0,110.0,65.3333,13.2184,63.2184,37.5479
E01000873,1582,9.3333,34.0,34.0,5.8997,21.4918,21.4918
E01000874,1480,9.0,25.6667,11.0,6.0811,17.3423,7.4324
E01000875,1570,9.6667,41.0,35.0,6.1571,26.1146,22.293
E01000876,1924,10.3333,37.3333,42.6667,5.3708,19.404,22.176
E01000877,1458,11.6667,37.3333,16.3333,8.0018,25.6059,11.2026
E01000878,1714,23.6667,30.0,21.6667,13.8079,17.5029,12.641
E01000879,1303,10.3333,67.0,18.0,7.9304,51.4198,13.8143
E01000880,1412,13.6667,33.3333,15.0,9.6789,23.6072,10.6232
E01000881,1386,12.6667,53.6667,19.0,9.139,38.7205,13.7085
E01000882,1452,9.3333,58.3333,9.0,6.4279,40.1745,6.1983
E01000883,1508,19.3333,119.0,31.3333,12.8205,78.9125,20.7781
E01000884,1471,11.6667,37.0,12.0,7.9311,25.153,8.1577
E01000885,1280,13.3333,29.3333,8.0,10.4167,22.9167,6.25
E01000886,1330,8.0,40.0,16.6667,6.015,30.0752,12.5313
E01000887,1387,9.0,55.6667,28.3333,6.4888,40.1346,20.4278
E01000888,1470,9.6667,41.6667,26.0,6.576,28.3447,17.6871
E01000889,1770,10.6667,37.6667,45.3333,6.0264,21.2806,25.6121
E01000890,1317,14.0,31.6667,38.0,10.6302,24.0445,28.8535
E01000891,1485,15.0,50.3333,57.3333,10.101,33.8945,38.6083
E01000892,1791,13.6667,56.0,25.3333,7.6307,31.2674,14.1448
E01000893,1377,8.6667,52.0,14.0,6.2939,37.7633,10.167
E01000894,1271,8.0,71.6667,17.6667,6.2943,56.386,13.8998
E01000895,1552,14.0,200.3333,34.0,9.0206,129.0808,21.9072
E01000896,1438,11.6667,85.6667,15.3333,8.1131,59.5735,10.663
E01000897,1560,9.3333,41.6667,7.6667,5.9829,26.7094,4.9145
E01000898,1586,20.0,205.0,111.3333,12.6103,129.256,70.1976
E01000899,1560,14.0,53.0,21.3333,8.9744,33.9744,13.6752
E01000900,1692,8.0,57.0,49.0,4.7281,33.6879,28.9598
E01000901,1971,10.0,53.0,51.6667,5.0736,26.8899,26.2134
E01000902,1414,9.0,36.3333,39.3333,6.3649,25.6954,27.8171
E01000903,1411,7.0,42.6667,24.0,4.961,30.2386,17.0092
E01000904,2066,19.6667,160.6667,80.0,9.5192,77.767,38.7222
E01000905,1874,17.0,60.3333,67.3333,9.0715,32.1949,35.9303
E01000906,1445,13.0,72.3333,23.6667,8.9965,50.0577,16.3783
E01000907,1483,8.6667,26.6667,45.6667,5.844,17.9816,30.7934
E01000908,1523,9.3333,34.0,27.3333,6.1283,22.3244,17.947
E01000909,1549,10.6667,46.6667,20.6667,6.8862,30.127,13.3419
E01000910,1340,10.0,39.6667,19.0,7.4627,29.602,14.1791
E01000911,1438,6.6667,26.3333,27.6667,4.6361,18.3125,19.2397
E01000912,1587,11.3333,98.6667,72.6667,7.1414,62.1718,45.7887
E01000913,1603,21.3333,111.0,155.3333,13.3084,69.2452,96.9016
E01000914,1419,67.3333,1214.0,181.6667,47.4513,855.5321,128.0244
E01000915,1530,12.0,65.3333,77.3333,7.8431,42.7015,50.5447
E01000916,1853,50.3333,306.0,84.3333,27.1632,165.1376,45.5118
E01000917,1653,13.0,120.0,57.3333,7.8645,72.5953,34.6844
E01000918,1792,55.3333,908.3333,136.6667,30.878,506.8824,76.2649
E01000919,1440,79.3333,1853.0,182.0,55.0926,1286.8056,126.3889
E01000920,1623,23.0,145.6667,41.3333,14.1713,89.7515,25.4672
E01000921,1875,20.0,150.0,66.3333,10.6667,80.0,35.3778
E01000922,1920,17.6667,147.3333,82.6667,9.2014,76.7361,43.0556
E01000923,1447,9.3333,32.6667,23.0,6.4501,22.5754,15.895
E01000924,1569,14.6667,52.3333,27.0,9.3478,33.3546,17.2084
E01000925,1495,7.0,24.3333,31.3333,4.6823,16.2765,20.9588
E01000926,1472,7.0,44.3333,31.6667,4.7554,30.1178,21.5127
E01000927,1535,11.6667,92.6667,49.0,7.6004,60.3692,31.9218
E01000928,1711,16.0,139.6667,62.3333,9.3513,81.6287,36.4309
E01000929,1915,20.0,36.3333,57.0,10.4439,18.973,29.765
E01000930,2085,43.3333,304.3333,130.6667,20.7834,145.9632,62.6699
E01000931,2059,36.0,327.3333,133.3333,17.4842,158.9768,64.7564
E01000932,1760,13.0,42.0,27.3333,7.3864,23.8636,15.5303
E01000933,1772,20.0,171.3333,52.3333,11.2867,96.6892,29.5335
E01000934,1513,17.6667,32.6667,31.0,11.6766,21.5907,20.4891
E01000935,1598,9.6667,35.0,31.3333,6.0492,21.9024,19.6078
E01000937,1119,5.6667,84.3333,16.0,5.064,75.3649,14.2985
E01000938,1365,23.3333,218.3333,120.3333,17.094,159.9512,88.1563
E01000939,1447,20.3333,229.0,95.0,14.0521,158.2585,65.6531
E01000941,1195,9.0,58.6667,30.6667,7.5314,49.0934,25.6625
E01000942,1013,14.0,291.3333,44.0,13.8203,287.5946,43.4353
E01000943,1585,23.0,165.0,32.3333,14.511,104.1009,20.3996
E01000944,1464,5.0,22.3333,27.0,3.4153,15.255,18.4426
E01000946,1551,18.0,202.3333,64.6667,11.6054,130.4535,41.6935
E01000947,1665,28.6667,604.6667,160.3333,17.2172,363.1632,96.2963
E01000948,1531,14.0,95.0,46.0,9.1444,62.0509,30.0457
E01000949,1600,7.6667,28.3333,16.6667,4.7917,17.7083,10.4167
E01000951,1539,8.3333,21.6667,27.0,5.4148,14.0784,17.5439
E01000952,1691,6.3333,45.0,55.3333,3.7453,26.6115,32.7223
E01000954,1751,5.6667,37.0,44.6667,3.2362,21.1308,25.5092
E01000955,1348,12.0,58.3333,45.6667,8.9021,43.274,33.8773
E01000956,1505,20.3333,371.6667,120.3333,13.5105,246.9546,79.9557
E01000957,1320,6.6667,47.6667,31.6667,5.0505,36.1111,23.9899
E01000958,2940,28.0,214.6667,162.6667,9.5238,73.0159,55.3288
E01000959,1691,10.6667,43.0,53.3333,6.3079,25.4287,31.5395
E01000960,1867,16.6667,225.6667,53.0,8.927,120.8713,28.3878
E01000961,1791,13.6667,85.6667,34.6667,7.6307,47.8318,19.356
E01000962,1543,11.6667,34.3333,11.3333,7.561,22.251,7.345
E01000963,1920,9.0,186.6667,78.6667,4.6875,97.2222,40.9722
E01000964,1730,14.3333,41.3333,23.0,8.2852,23.8921,13.2948
E01000965,1719,18.3333,55.0,26.0,10.6651,31.9953,15.1251
E01000966,1615,8.6667,24.6667,7.0,5.3664,15.2735,4.3344
E01000967,1539,8.6667,49.0,14.0,5.6314,31.8389,9.0968
E01000968,1469,8.3333,36.6667,18.3333,5.6728,24.9603,12.4801
E01000969,1830,25.6667,120.3333,41.0,14.0255,65.7559,22.4044
E01000970,1408,9.3333,40.3333,21.3333,6.6288,28.6458,15.1515
E01000971,1323,5.0,22.3333,11.3333,3.7793,16.8808,8.5664
E01000972,1959,24.3333,336.3333,78.0,12.4213,171.6862,39.8162
E01000973,2562,31.0,152.3333,79.0,12.0999,59.4588,30.8353
E01000974,1590,13.3333,51.0,48.3333,8.3857,32.0755,30.3983
E01000975,2345,16.0,59.6667,56.6667,6.823,25.4442,24.1649
E01000976,2140,20.6667,181.0,62.0,9.6573,84.5794,28.972
E01000977,1943,10.6667,41.3333,85.0,5.4898,21.2729,43.7468
E01000978,1731,14.3333,24.3333,36.0,8.2804,14.0574,20.7972
E01000979,1758,14.3333,62.3333,45.0,8.1532,35.457,25.5973
E01000980,1495,5.3333,29.3333,34.6667,3.5674,19.621,23.1884
E01000981,1730,7.0,33.6667,37.0,4.0462,19.4605,21.3873
E01000982,1684,8.0,29.6667,36.3333,4.7506,17.6168,21.5756
E01000983,1819,13.6667,34.0,29.3333,7.5133,18.6916,16.1261
E01000984,1902,5.6667,37.0,45.0,2.9793,19.4532,23.6593
E01000985,1454,2.6667,21.3333,22.0,1.834,14.6722,15.1307
E01000986,1772,9.6667,105.0,40.6667,5.4552,59.2551,22.9496
E01000987,1358,2.3333,33.0,20.3333,1.7182,24.3004,14.973
E01000989,1734,3.3333,24.0,12.6667,1.9223,13.8408,7.3049
E01000990,1436,4.6667,25.0,40.6667,3.2498,17.4095,28.3194
E01000991,1737,3.3333,20.6667,14.3333,1.919,11.8979,8.2518
E01000992,1876,7.6667,68.3333,57.3333,4.0867,36.425,30.5615
E01000993,1652,9.3333,72.0,29.0,5.6497,43.5835,17.5545
E01000994,1591,5.6667,28.6667,44.3333,3.5617,18.018,27.8651
E01000995,1714,4.3333,58.0,51.6667,2.5282,33.839,30.1439
E01000996,1329,2.6667,20.3333,20.0,2.0065,15.2997,15.0489
E01000997,1499,4.6667,29.0,32.6667,3.1132,19.3462,21.7923
E01000998,1493,6.3333,45.3333,57.6667,4.242,30.3639,38.6247
E01000999,1324,3.3333,23.6667,19.0,2.5176,17.8751,14.3505
E01001000,1338,6.6667,46.3333,52.0,4.9826,34.6288,38.864
E01001001,1410,10.6667,37.0,55.6667,7.565,26.2411,39.4799
E01001002,1472,2.0,22.3333,31.6667,1.3587,15.1721,21.5127
E01001003,1588,5.0,30.6667,34.0,3.1486,19.3115,21.4106
E01001004,2180,7.0,36.6667,67.3333,3.211,16.8196,30.8869
E01001005,1733,11.3333,72.3333,55.0,6.5397,41.7388,31.7369
E01001006,1790,14.3333,126.0,52.0,8.0074,70.3911,29.0503
E01001007,1984,6.3333,29.0,43.0,3.1922,14.6169,21.6734
E01001008,1668,6.6667,47.6667,60.3333,3.9968,28.5771,36.1711
E01001009,2049,4.3333,40.0,48.0,2.1149,19.5217,23.4261
E01001010,1700,18.0,192.6667,89.6667,10.5882,113.3333,52.7451
E01001011,2311,22.3333,104.0,133.3333,9.6639,45.0022,57.6951
E01001012,2097,14.0,69.0,86.0,6.6762,32.9041,41.011
E01001013,2194,23.0,399.0,218.6667,10.4831,181.8596,99.6658
E01001015,1493,4.0,27.0,39.6667,2.6792,18.0844,26.5684
E01001016,1758,5.6667,23.6667,28.3333,3.2234,13.4623,16.1168
E01001017,1649,5.3333,8.6667,14.3333,3.2343,5.2557,8.6921
E01001018,1649,5.3333,17.6667,19.0,3.2343,10.7136,11.5221
E01001019,1460,2.6667,12.0,16.3333,1.8265,8.2192,11.1872
E01001020,1653,3.3333,17.3333,30.3333,2.0165,10.486,18.3505
E01001021,1357,4.6667,15.0,42.3333,3.439,11.0538,31.1963
E01001022,1482,3.0,9.0,22.0,2.0243,6.0729,14.8448
E01001023,2597,13.0,132.3333,87.3333,5.0058,50.9562,33.6285
E01001024,1340,4.3333,17.3333,13.6667,3.2338,12.9353,10.199
E01001025,1349,2.6667,11.0,9.3333,1.9768,8.1542,6.9187
E01001026,1881,5.3333,18.3333,18.3333,2.8354,9.7466,9.7466
E01001027,2910,6.3333,46.6667,22.0,2.1764,16.0367,7.5601
E01001028,1656,7.3333,24.3333,22.0,4.4283,14.694,13.285
E01001029,1719,14.0,30.3333,26.6667,8.1443,17.6459,15.5129
E01001030,1454,7.3333,18.6667,17.6667,5.0436,12.8381,12.1504
E01001031,1456,3.6667,17.3333,16.3333,2.5183,11.9048,11.2179
E01001032,1556,6.0,15.3333,10.6667,3.856,9.8543,6.8552
E01001033,1669,9.3333,46.3333,48.0,5.5922,27.7611,28.7597
E01001034,1612,5.3333,24.3333,41.6667,3.3085,15.0951,25.8478
E01001035,1860,4.0,14.6667,52.6667,2.1505,7.8853,28.3154
E01001036,1621,7.6667,31.6667,21.0,4.7296,19.5353,12.955
E01001037,1536,10.0,84.0,45.0,6.5104,54.6875,29.2969
E01001038,1903,6.0,21.0,43.3333,3.1529,11.0352,22.7711
E01001039,1569,3.6667,8.3333,17.3333,2.3369,5.3112,11.0474
E01001040,1721,6.6667,38.6667,43.0,3.8737,22.4676,24.9855
E01001041,1730,8.3333,36.6667,47.3333,4.817,21.1946,27.3603
E01001042,2172,25.3333,147.6667,156.3333,11.6636,67.9865,71.9767
E01001044,2081,14.3333,35.0,29.0,6.8877,16.8188,13.9356
E01001046,1926,10.3333,21.0,20.3333,5.3652,10.9034,10.5573
E01001047,1734,10.6667,37.0,59.6667,6.1515,21.3379,34.4098
E01001049,1440,10.0,34.0,25.0,6.9444,23.6111,17.3611
E01001050,1715,7.0,18.6667,21.6667,4.0816,10.8844,12.6336
E01001051,1604,3.6667,29.0,37.3333,2.286,18.0798,23.2751
E01001052,1466,2.6667,21.6667,41.0,1.819,14.7794,27.9673
E01001053,1600,3.3333,13.6667,36.0,2.0833,8.5417,22.5
E01001054,1861,6.6667,26.0,52.6667,3.5823,13.971,28.3002
E01001055,1568,3.0,21.6667,35.6667,1.9133,13.818,22.7466
E01001056,1808,3.3333,17.3333,55.3333,1.8437,9.587,30.6047
E01001057,1791,4.3333,22.6667,60.3333,2.4195,12.6559,33.687
E01001058,1355,1.6667,12.6667,12.0,1.23,9.3481,8.8561
E01001059,1452,4.0,15.3333,21.0,2.7548,10.5601,14.4628
E01001060,1618,5.3333,19.0,29.0,3.2963,11.7429,17.9234
E01001061,1621,5.3333,29.0,44.6667,3.2902,17.8902,27.555
E01001062,1511,10.6667,99.0,27.6667,7.0593,65.5195,18.3102
E01001063,1535,8.3333,22.0,18.0,5.4289,14.3322,11.7264
E01001064,1603,8.6667,38.0,32.0,5.4065,23.7056,19.9626
E01001065,1325,10.0,79.6667,28.3333,7.5472,60.1258,21.3836
E01001066,1453,1.6667,16.6667,35.0,1.1471,11.4705,24.0881
E01001067,1654,9.3333,14.3333,12.6667,5.6429,8.6659,7.6582
E01001068,1836,5.6667,15.0,36.3333,3.0864,8.1699,19.7894
E01001069,1369,5.0,15.3333,13.3333,3.6523,11.2004,9.7395
E01001070,1785,5.3333,28.3333,25.3333,2.9879,15.873,14.1923
E01001071,1897,4.6667,22.6667,17.6667,2.46,11.9487,9.313
E01001072,1482,4.6667,8.0,12.0,3.1489,5.3981,8.0972
E01001073,1439,9.3333,14.0,22.3333,6.486,9.729,15.52
E01001074,1948,7.3333,23.0,48.6667,3.7645,11.807,24.9829
E01001075,1629,7.6667,97.0,24.0,4.7064,59.5457,14.733
E01001076,1667,8.0,105.0,80.0,4.799,62.9874,47.9904
E01001077,1332,3.6667,15.3333,18.6667,2.7528,11.5115,14.014
E01001078,1448,5.3333,48.6667,43.3333,3.6832,33.6096,29.9263
E01001079,1614,6.3333,22.3333,48.3333,3.924,13.8373,29.9463
E01001080,1481,9.0,20.0,52.0,6.077,13.5044,35.1114
E01001081,1473,8.6667,22.6667,54.3333,5.8837,15.3881,36.8862
E01001082,1551,6.3333,22.6667,43.6667,4.0834,14.6142,28.1539
E01001083,1615,6.3333,23.3333,28.6667,3.9216,14.4479,17.7503
E01001084,1931,6.6667,40.0,36.6667,3.4524,20.7147,18.9884
E01001085,1709,9.0,74.3333,53.0,5.2662,43.4952,31.0123
E01001086,1731,8.6667,39.0,30.3333,5.0067,22.5303,17.5236
E01001087,2829,18.0,108.3333,113.0,6.3627,38.2939,39.9434
E01001088,1679,5.6667,29.3333,25.6667,3.375,17.4707,15.2869
E01001089,1786,13.3333,213.0,48.3333,7.4655,119.2609,27.0623
E01001090,2276,4.3333,41.3333,46.6667,1.9039,18.1605,20.5038
E01001091,1575,12.0,35.0,25.3333,7.619,22.2222,16.0847
E01001092,1933,15.0,35.6667,47.6667,7.76,18.4515,24.6594
E01001093,1793,8.0,20.3333,34.0,4.4618,11.3404,18.9626
E01001094,1644,13.3333,20.0,30.0,8.1103,12.1655,18.2482
E01001095,1530,9.0,33.3333,31.0,5.8824,21.7865,20.2614
E01001096,1478,8.0,13.0,8.0,5.4127,8.7957,5.4127
E01001097,2389,34.0,211.3333,144.3333,14.2319,88.461,60.4158
E01001098,1470,5.3333,15.6667,11.3333,3.6281,10.6576,7.7098
E01001099,1581,5.0,19.3333,29.3333,3.1626,12.2285,18.5537
E01001100,1512,4.3333,15.3333,16.0,2.866,10.1411,10.582
E01001101,1431,4.0,11.3333,13.0,2.7952,7.9199,9.0846
E01001102,1516,6.6667,19.0,16.0,4.3975,12.533,10.5541
E01001103,1633,6.6667,25.6667,10.6667,4.0825,15.7175,6.5319
E01001104,1674,7.6667,14.3333,20.0,4.5798,8.5623,11.9474
E01001105,1737,9.3333,13.6667,23.6667,5.3732,7.868,13.625
E01001106,1503,5.0,15.6667,31.0,3.3267,10.4236,20.6254
E01001107,1667,5.6667,12.3333,14.6667,3.3993,7.3985,8.7982
E01001108,1786,5.0,16.3333,14.0,2.7996,9.1452,7.8387
E01001109,2350,28.0,71.0,81.3333,11.9149,30.2128,34.6099
E01001110,2148,12.0,60.0,78.0,5.5866,27.933,36.3128
E01001111,1752,6.6667,81.0,64.6667,3.8052,46.2329,36.9102
E01001112,2017,4.0,27.0,45.0,1.9831,13.3862,22.3104
E01001113,2006,10.0,58.0,56.3333,4.985,28.9133,28.0824
E01001114,1510,12.6667,39.6667,61.6667,8.3885,26.2693,40.8389
E01001115,1820,9.6667,56.3333,59.0,5.3114,30.9524,32.4176
E01001116,1525,11.6667,79.3333,77.0,7.6503,52.0219,50.4918
E01001118,2153,13.3333,78.6667,145.0,6.1929,36.5382,67.3479
E01001119,1439,2.6667,8.6667,6.0,1.8531,6.0227,4.1696
E01001120,1347,1.0,32.6667,20.3333,0.7424,24.2514,15.0953
E01001121,1324,5.3333,8.0,10.6667,4.0282,6.0423,8.0564
E01001122,1440,9.3333,18.0,11.0,6.4815,12.5,7.6389
E01001123,1617,8.6667,22.3333,11.0,5.3597,13.8116,6.8027
E01001124,1566,4.6667,10.6667,9.3333,2.98,6.8114,5.96
E01001125,1645,9.3333,56.3333,46.0,5.6738,34.2452,27.9635
E01001126,1417,4.3333,9.0,10.6667,3.0581,6.3514,7.5276
E01001127,1627,3.3333,18.6667,21.3333,2.0488,11.4731,13.1121
E01001128,1602,3.0,21.0,36.6667,1.8727,13.1086,22.8881
E01001129,1392,6.0,17.0,13.6667,4.3103,12.2126,9.818
E01001130,1764,2.6667,14.0,64.3333,1.5117,7.9365,36.4701
E01001131,1571,1.3333,17.0,22.0,0.8487,10.8211,14.0038
E01001132,1619,5.0,62.6667,28.3333,3.0883,38.707,17.5005
E01001133,1586,8.3333,23.0,14.3333,5.2543,14.5019,9.0374
E01001134,1612,6.0,20.6667,20.6667,3.7221,12.8205,12.8205
E01001135,1679,7.3333,64.3333,20.6667,4.3677,38.3165,12.3089
E01001136,2039,17.6667,178.0,120.3333,8.6644,87.2977,59.0159
E01001137,2131,8.0,40.3333,73.0,3.7541,18.927,34.2562
E01001138,1514,4.0,26.3333,27.0,2.642,17.3932,17.8336
E01001139,1699,4.6667,32.6667,28.0,2.7467,19.227,16.4803
E01001140,1630,7.0,33.0,20.6667,4.2945,20.2454,12.6789
E01001141,1274,4.3333,26.6667,23.0,3.4014,20.9314,18.0534
E01001142,1923,8.3333,46.0,42.0,4.3335,23.921,21.8409
E01001143,1934,5.6667,29.3333,52.6667,2.93,15.1672,27.232
E01001144,1758,5.3333,34.6667,50.6667,3.0338,19.7194,28.8206
E01001145,1827,12.0,53.0,85.0,6.5681,29.0093,46.5244
E01001146,1530,5.0,24.3333,37.3333,3.268,15.9041,24.4009
E01001147,1782,7.0,31.0,54.3333,3.9282,17.3962,30.4901
E01001148,1762,5.0,38.6667,37.6667,2.8377,21.9448,21.3772
E01001149,1587,2.3333,18.0,21.0,1.4703,11.3422,13.2325
E01001150,1704,3.0,45.0,36.6667,1.7606,26.4085,21.518
E01001151,1750,8.3333,35.6667,65.0,4.7619,20.381,37.1429
E01001152,2062,11.0,51.0,76.3333,5.3346,24.7333,37.0191
E01001153,1632,5.6667,38.3333,47.3333,3.4722,23.4886,29.0033
E01001154,1961,6.6667,64.6667,78.6667,3.3996,32.9764,40.1156
E01001155,1794,13.3333,111.0,125.3333,7.4322,61.8729,69.8625
E01001156,1772,3.3333,32.0,32.3333,1.8811,18.0587,18.2468
E01001157,1852,5.6667,50.3333,47.6667,3.0598,27.1778,25.7379
E01001158,1534,6.0,23.6667,28.3333,3.9113,15.4281,18.4702
E01001159,1944,6.0,40.6667,35.6667,3.0864,20.9191,18.3471
E01001160,1947,5.3333,65.6667,47.3333,2.7393,33.7271,24.3109
E01001161,1739,3.3333,32.3333,53.3333,1.9168,18.5931,30.669
E01001162,1813,6.3333,35.3333,44.0,3.4933,19.4889,24.2692
E01001163,1975,7.0,40.6667,28.6667,3.5443,20.5907,14.5148
E01001164,1981,24.6667,89.6667,92.6667,12.4516,45.2633,46.7777
E01001165,1847,12.0,38.0,60.0,6.497,20.5739,32.4851
E01001166,1968,7.0,41.3333,64.6667,3.5569,21.0027,32.8591
E01001167,2325,19.3333,237.0,64.0,8.3154,101.9355,27.5269
E01001168,1817,8.3333,38.3333,46.3333,4.5863,21.097,25.4999
E01001169,1831,8.6667,26.6667,53.6667,4.7333,14.564,29.31
E01001170,1940,17.0,34.0,72.3333,8.7629,17.5258,37.2852
E01001171,1758,10.0,25.6667,36.3333,5.6883,14.5999,20.6674
E01001172,2202,14.0,118.6667,125.3333,6.3579,53.8904,56.918
E01001173,2740,9.0,33.6667,68.3333,3.2847,12.2871,24.9392
E01001174,1691,4.0,28.6667,32.3333,2.3655,16.9525,19.1208
E01001175,1639,4.0,38.3333,46.3333,2.4405,23.3882,28.2693
E01001176,1847,12.3333,72.3333,65.0,6.6775,39.1626,35.1922
E01001177,1649,12.0,79.6667,62.3333,7.2771,48.3121,37.8007
E01001178,1626,15.6667,113.3333,258.6667,9.6351,69.7007,159.0816
E01001179,1664,10.6667,21.6667,31.3333,6.4103,13.0208,18.8301
E01001180,1980,9.0,43.6667,43.0,4.5455,22.0539,21.7172
E01001181,2190,19.0,64.0,108.6667,8.6758,29.2237,49.6195
E01001182,1358,6.6667,27.3333,34.6667,4.9092,20.1276,25.5277
E01001183,1821,8.0,169.6667,94.0,4.3932,93.1722,51.62
E01001184,1299,4.6667,24.3333,35.6667,3.5925,18.7324,27.457
E01001185,1702,5.0,32.0,43.0,2.9377,18.8014,25.2644
E01001186,1683,6.0,37.3333,56.6667,3.5651,22.1826,33.67
E01001187,1985,9.0,39.6667,44.6667,4.534,19.9832,22.5021
E01001188,1959,6.6667,44.0,49.6667,3.4031,22.4604,25.3531
E01001189,1218,2.6667,18.6667,25.6667,2.1894,15.3257,21.0728
E01001190,1552,5.3333,25.0,26.6667,3.4364,16.1082,17.1821
E01001191,2072,10.3333,110.3333,77.6667,4.9871,53.2497,37.4839
E01001192,1585,8.3333,41.6667,44.0,5.2576,26.2881,27.7603
E01001193,1682,4.6667,30.0,47.6667,2.7745,17.8359,28.3393
E01001194,1615,3.6667,29.3333,44.6667,2.2704,18.1631,27.6574
E01001195,1824,19.3333,25.3333,27.6667,10.5994,13.8889,15.1681
E01001196,1617,10.0,42.6667,45.6667,6.1843,26.3863,28.2416
E01001197,1854,7.6667,31.0,26.3333,4.1352,16.7206,14.2035
E01001198,1561,2.0,26.3333,19.6667,1.2812,16.8695,12.5988
E01001199,1663,7.0,52.3333,34.3333,4.2093,31.4692,20.6454
E01001200,1594,7.3333,45.6667,27.3333,4.6006,28.6491,17.1476
E01001201,1595,2.6667,28.0,24.0,1.6719,17.5549,15.047
E01001202,2502,24.0,228.6667,109.0,9.5923,91.3936,43.5651
E01001203,1688,7.3333,59.6667,53.6667,4.3444,35.3476,31.793
E01001204,1614,5.0,18.0,21.3333,3.0979,11.1524,13.2177
E01001205,1781,6.6667,18.6667,31.0,3.7432,10.481,17.406
E01001206,1578,7.3333,28.0,63.0,4.6472,17.744,39.924
E01001207,1762,4.0,32.3333,29.3333,2.2701,18.3504,16.6477
E01001208,1360,6.6667,21.3333,15.0,4.902,15.6863,11.0294
E01001209,1683,6.0,46.0,30.6667,3.5651,27.3321,18.2214
E01001210,1888,10.6667,27.0,57.3333,5.6497,14.3008,30.3672
E01001211,1737,7.0,20.3333,23.6667,4.0299,11.706,13.625
E01001212,1767,2.0,38.6667,20.6667,1.1319,21.8827,11.6959
E01001213,2010,9.6667,33.6667,45.0,4.8093,16.7496,22.3881
E01001214,1745,5.3333,17.3333,32.0,3.0564,9.9331,18.3381
E01001215,2057,11.0,61.6667,75.3333,5.3476,29.9789,36.6229
E01001216,1751,6.3333,17.0,24.6667,3.617,9.7087,14.0872
E01001217,1450,3.0,14.6667,34.3333,2.069,10.1149,23.6782
E01001218,2057,7.3333,33.0,66.3333,3.5651,16.0428,32.2476
E01001219,2195,11.0,34.3333,73.3333,5.0114,15.6416,33.4093
E01001220,1514,4.3333,39.3333,56.3333,2.8622,25.9797,37.2083
E01001223,1454,7.6667,21.3333,19.6667,5.2728,14.6722,13.5259
E01001224,1560,6.0,19.6667,13.6667,3.8462,12.6068,8.7607
E01001225,1811,14.6667,185.3333,86.0,8.0987,102.3376,47.4876
E01001226,1513,7.3333,23.0,16.0,4.8469,15.2016,10.575
E01001227,1521,3.6667,18.0,24.6667,2.4107,11.8343,16.2174
E01001228,1834,11.0,37.6667,32.6667,5.9978,20.538,17.8117
E01001229,1518,5.3333,18.3333,34.6667,3.5134,12.0773,22.8371
E01001230,1370,7.6667,44.6667,38.6667,5.5961,32.6034,28.2238
E01001231,2045,14.0,65.3333,32.6667,6.846,31.9478,15.9739
E01001232,1558,6.0,16.3333,35.3333,3.8511,10.4835,22.6786
E01001233,1444,9.0,73.3333,29.0,6.2327,50.7849,20.0831
E01001234,1370,12.6667,79.6667,25.0,9.2457,58.1509,18.2482
E01001235,1775,14.6667,52.3333,49.3333,8.2629,29.4836,27.7934
E01001236,1476,10.6667,33.6667,14.3333,7.2267,22.8094,9.7109
E01001237,1563,9.3333,62.0,24.6667,5.9714,39.6673,15.7816
E01001239,1481,8.6667,37.6667,40.6667,5.8519,25.4333,27.4589
E01001240,1825,12.0,33.0,55.6667,6.5753,18.0822,30.5023
E01001241,1855,11.0,69.6667,62.3333,5.9299,37.5562,33.6029
E01001242,1624,13.6667,25.3333,21.3333,8.4154,15.5993,13.1363
E01001243,2388,19.3333,57.3333,57.0,8.096,24.0089,23.8693
E01001244,2792,8.6667,39.0,54.6667,3.1041,13.9685,19.5798
E01001245,2170,9.6667,73.3333,40.0,4.4547,33.7942,18.4332
E01001246,1827,31.6667,89.6667,80.3333,17.3326,49.0786,43.9701
E01001247,2269,32.0,431.0,173.0,14.1031,189.9515,76.245
E01001248,1593,8.3333,40.0,33.3333,5.2312,25.1099,20.9249
E01001249,2436,22.6667,138.0,115.3333,9.3049,56.6502,47.3454
E01001250,2181,13.3333,50.6667,78.6667,6.1134,23.2309,36.0691
E01001251,1809,6.3333,34.0,40.3333,3.501,18.7949,22.2959
E01001252,2466,19.6667,113.6667,100.3333,7.9751,46.0935,40.6867
E01001253,2128,7.0,47.3333,38.3333,3.2895,22.2431,18.0138
E01001254,1747,4.6667,32.0,34.3333,2.6712,18.3171,19.6527
E01001255,1589,2.6667,22.6667,17.0,1.6782,14.2647,10.6986
E01001257,2233,10.0,38.6667,84.0,4.4783,17.316,37.6176
E01001258,1874,6.3333,25.0,29.6667,3.3796,13.3404,15.8307
E01001259,1599,3.6667,30.6667,36.0,2.2931,19.1787,22.5141
E01001260,2039,11.0,34.6667,44.0,5.3948,17.0018,21.5792
E01001261,2319,14.3333,217.3333,162.6667,6.1808,93.7186,70.1452
E01001262,1620,8.6667,22.6667,42.6667,5.3498,13.9918,26.3374
E01001263,1947,8.0,32.0,64.3333,4.1089,16.4355,33.0423
E01001264,1821,8.0,22.3333,40.0,4.3932,12.2643,21.966
E01001265,1723,7.3333,29.0,24.6667,4.2561,16.8311,14.3161
E01001266,1833,5.6667,131.6667,49.6667,3.0915,71.8312,27.0958
E01001267,2034,12.3333,55.3333,53.6667,6.0636,27.2042,26.3848
E01001268,1963,6.6667,24.0,30.0,3.3962,12.2262,15.2827
E01001269,2272,6.0,42.0,41.3333,2.6408,18.4859,18.1925
E01001270,1760,2.6667,24.6667,34.0,1.5152,14.0152,19.3182
E01001271,1920,6.6667,43.0,77.3333,3.4722,22.3958,40.2778
E01001272,1720,8.3333,72.3333,66.3333,4.845,42.0543,38.5659
E01001273,1675,12.0,53.3333,27.0,7.1642,31.8408,16.1194
E01001274,1611,8.6667,32.6667,16.3333,5.3797,20.2773,10.1386
E01001275,1800,10.0,37.0,39.3333,5.5556,20.5556,21.8519
E01001276,1778,9.6667,91.0,61.0,5.4368,51.1811,34.3082
E01001277,2041,15.3333,74.6667,63.3333,7.5127,36.5834,31.0305
E01001278,2081,22.0,176.6667,72.0,10.5718,84.8951,34.5988
E01001279,1492,7.0,24.3333,12.6667,4.6917,16.3092,8.4897
E01001280,1816,7.3333,25.6667,20.6667,4.0382,14.1336,11.3803
E01001281,1573,6.3333,25.0,11.0,4.0263,15.8932,6.993
E01001282,1619,5.6667,20.6667,28.3333,3.5001,12.7651,17.5005
E01001283,1781,7.6667,28.3333,59.0,4.3047,15.9087,33.1275
E01001284,1720,4.6667,26.6667,23.6667,2.7132,15.5039,13.7597
E01001285,1769,8.6667,37.6667,50.0,4.8992,21.2926,28.2646
E01001286,1669,6.0,25.6667,34.6667,3.595,15.3785,20.7709
E01001287,1618,3.0,11.0,17.6667,1.8541,6.7985,10.9188
E01001288,1476,4.3333,25.3333,25.6667,2.9359,17.1635,17.3893
E01001289,1337,7.0,19.0,31.3333,5.2356,14.2109,23.4356
E01001290,2050,6.0,40.0,34.0,2.9268,19.5122,16.5854
E01001291,1762,5.6667,27.0,36.3333,3.216,15.3235,20.6205
E01001292,1675,3.0,16.0,29.0,1.791,9.5522,17.3134
E01001293,1827,5.3333,20.6667,32.0,2.9192,11.3118,17.5151
E01001294,2029,8.6667,25.3333,52.0,4.2714,12.4856,25.6284
E01001295,1795,4.0,19.6667,37.0,2.2284,10.9564,20.6128
E01001296,1439,4.6667,13.6667,26.6667,3.243,9.4973,18.5314
E01001297,1836,4.3333,34.3333,49.3333,2.3602,18.7001,26.87
E01001298,2110,6.3333,22.3333,35.6667,3.0016,10.5845,16.9036
E01001299,1755,6.0,41.0,16.0,3.4188,23.3618,9.1168
E01001300,1615,1.6667,31.6667,20.6667,1.032,19.6078,12.7967
E01001301,1886,10.6667,39.3333,37.3333,5.6557,20.8554,19.795
E01001302,1602,4.6667,27.0,17.6667,2.913,16.8539,11.0279
E01001303,1725,7.6667,54.0,22.3333,4.4444,31.3043,12.9469
E01001304,1658,9.3333,30.3333,30.0,5.6293,18.2951,18.0941
E01001305,1728,7.3333,21.0,10.6667,4.2438,12.1528,6.1728
E01001306,1637,4.3333,21.6667,14.6667,2.6471,13.2356,8.9595
E01001307,1883,8.3333,30.6667,34.6667,4.4256,16.2861,18.4103
E01001308,1941,8.0,24.3333,29.6667,4.1216,12.5365,15.2842
E01001309,1857,10.0,24.0,44.6667,5.385,12.9241,24.0531
E01001310,2142,14.0,238.6667,26.0,6.5359,111.4223,12.1382
E01001311,2518,4.6667,23.3333,59.6667,1.8533,9.2666,23.6961
E01001312,1968,9.0,37.6667,30.6667,4.5732,19.1396,15.5827
E01001313,1725,7.0,14.3333,23.0,4.058,8.3092,13.3333
E01001314,1525,4.0,23.6667,24.6667,2.623,15.5191,16.1749
E01001315,1467,6.0,20.6667,32.6667,4.09,14.0877,22.2677
E01001316,1726,7.6667,24.0,47.0,4.4419,13.905,27.2306
E01001317,2181,6.3333,27.6667,72.6667,2.9039,12.6853,33.318
E01001318,1949,5.0,36.0,52.0,2.5654,18.471,26.6803
E01001319,1549,3.0,13.6667,14.6667,1.9367,8.8229,9.4685
E01001320,1623,4.0,27.3333,49.0,2.4646,16.8412,30.191
E01001321,2263,9.3333,35.3333,50.0,4.1243,15.6135,22.0946
E01001322,2071,10.3333,83.0,54.6667,4.9895,40.0773,26.3963
E01001323,2015,11.0,76.6667,76.0,5.4591,38.048,37.7171
E01001324,1663,5.3333,31.0,63.6667,3.2071,18.641,38.2842
E01001325,1983,6.6667,32.6667,32.6667,3.3619,16.4734,16.4734
E01001326,1960,5.6667,47.0,67.6667,2.8912,23.9796,34.5238
E01001327,1896,8.3333,67.0,60.3333,4.3952,35.3376,31.8214
E01001328,1823,8.6667,71.0,72.6667,4.7541,38.9468,39.861
E01001329,1963,3.3333,23.0,35.6667,1.6981,11.7168,18.1695
E01001330,1858,10.3333,32.3333,63.0,5.5615,17.4022,33.9074
E01001331,1796,5.3333,18.6667,36.6667,2.9696,10.3935,20.4157
E01001332,1594,2.6667,25.6667,35.6667,1.6729,16.102,22.3756
E01001333,2465,26.3333,94.3333,102.6667,10.6829,38.2691,41.6498
E01001334,1667,9.0,26.3333,45.0,5.3989,15.7968,26.9946
E01001335,1800,16.0,32.0,34.6667,8.8889,17.7778,19.2593
E01001336,1841,16.3333,28.3333,37.0,8.872,15.3902,20.0978
E01001337,2123,14.3333,102.3333,153.3333,6.7515,48.2022,72.2248
E01001338,1867,17.6667,66.6667,66.0,9.4626,35.7079,35.3508
E01001339,2184,9.3333,44.0,74.3333,4.2735,20.1465,34.0354
E01001340,1564,5.6667,20.6667,193.3333,3.6232,13.214,123.6147
E01001341,1792,4.3333,30.3333,50.0,2.4182,16.9271,27.9018
E01001342,1896,4.6667,19.0,32.6667,2.4613,10.0211,17.2293
E01001343,1439,5.6667,28.0,36.0,3.9379,19.458,25.0174
E01001344,2289,16.6667,54.3333,70.6667,7.2812,23.7367,30.8723
E01001345,1758,5.0,24.0,38.6667,2.8441,13.6519,21.9947
E01001346,1958,11.6667,28.0,44.0,5.9585,14.3003,22.4719
E01001347,1972,18.6667,172.3333,74.0,9.4659,87.3901,37.5254
E01001348,1672,11.6667,187.0,69.3333,6.9777,111.8421,41.4673
E01001349,1411,6.6667,32.6667,31.3333,4.7248,23.1514,22.2065
E01001350,1439,6.0,24.0,15.6667,4.1696,16.6782,10.8872
E01001351,1972,11.0,80.6667,144.6667,5.5781,40.906,73.3604
E01001352,1584,11.6667,55.0,31.0,7.3653,34.7222,19.5707
E01001353,1415,8.6667,25.6667,25.6667,6.1249,18.139,18.139
E01001354,2056,10.6667,242.0,47.0,5.1881,117.7043,22.8599
E01001355,1957,8.0,50.6667,63.0,4.0879,25.89,32.1921
E01001356,1495,10.0,23.0,46.6667,6.689,15.3846,31.2152
E01001357,2750,20.3333,69.6667,35.0,7.3939,25.3333,12.7273
E01001358,1990,22.3333,45.3333,37.6667,11.2228,22.7806,18.928
E01001359,2464,13.3333,98.3333,79.3333,5.4113,39.908,32.197
E01001360,2213,7.0,43.6667,51.3333,3.1631,19.7319,23.1963
E01001361,2276,33.3333,559.6667,251.6667,14.6456,245.8992,110.5741
E01001362,2624,24.6667,112.3333,107.0,9.4004,42.81,40.7774
E01001363,1994,5.0,27.3333,36.6667,2.5075,13.7078,18.3885
E01001364,1834,4.6667,24.6667,51.3333,2.5445,13.4497,27.9898
E01001365,2577,8.3333,36.0,66.3333,3.2337,13.9697,25.7405
E01001366,2050,7.3333,32.6667,58.0,3.5772,15.935,28.2927
E01001367,2710,27.6667,214.0,141.6667,10.2091,78.9668,52.2755
E01001368,1764,5.0,24.0,57.6667,2.8345,13.6054,32.6909
E01001369,2064,14.6667,71.3333,78.6667,7.1059,34.5607,38.1137
E01001370,2172,14.6667,55.6667,54.3333,6.7526,25.6292,25.0153
E01001371,2309,15.0,53.3333,76.6667,6.4963,23.098,33.2034
E01001372,2555,12.6667,34.0,63.6667,4.9576,13.3072,24.9185
E01001373,2078,8.0,44.0,50.3333,3.8499,21.1742,24.222
E01001374,1945,5.6667,27.0,19.0,2.9135,13.8817,9.7686
E01001375,1698,4.3333,31.6667,14.3333,2.552,18.6494,8.4413
E01001376,1707,6.6667,31.3333,41.3333,3.9055,18.3558,24.214
E01001377,1637,6.0,46.0,13.3333,3.6652,28.1002,8.145
E01001379,1736,4.6667,25.6667,17.6667,2.6882,14.7849,10.1767
E01001380,2306,4.0,30.6667,20.3333,1.7346,13.2986,8.8176
E01001381,1877,11.6667,96.0,49.6667,6.2156,51.1454,26.4607
E01001382,1481,5.3333,28.6667,11.6667,3.6012,19.3563,7.8776
E01001383,1755,3.0,26.3333,12.0,1.7094,15.0047,6.8376
E01001384,1748,6.3333,43.3333,26.0,3.6232,24.7902,14.8741
E01001385,1678,8.0,28.6667,24.6667,4.7676,17.0838,14.7
E01001386,1798,7.0,54.3333,27.0,3.8932,30.2188,15.0167
E01001387,1535,8.6667,81.3333,47.0,5.646,52.9859,30.6189
E01001388,1445,11.6667,73.3333,77.6667,8.0738,50.7497,53.7486
E01001389,1827,13.6667,175.6667,74.0,7.4804,96.1503,40.5036
E01001390,1817,3.6667,24.0,25.0,2.018,13.2086,13.7589
E01001391,1781,8.0,29.6667,48.0,4.4919,16.6573,26.9512
E01001392,1866,5.3333,20.3333,20.3333,2.8582,10.8967,10.8967
E01001393,1970,10.6667,31.3333,27.0,5.4146,15.9052,13.7056
E01001394,1997,7.0,41.3333,37.6667,3.5053,20.6977,18.8616
E01001395,1633,4.6667,28.3333,32.0,2.8577,17.3505,19.5958
E01001396,1461,3.0,32.3333,27.6667,2.0534,22.131,18.9368
E01001397,2164,8.0,39.3333,68.6667,3.6969,18.1762,31.7314
E01001398,1341,6.0,31.3333,16.6667,4.4743,23.3656,12.4285
E01001399,1482,9.6667,28.0,19.3333,6.5227,18.8934,13.0454
E01001400,1562,13.0,29.3333,19.3333,8.3227,18.7793,12.3773
E01001401,1389,3.6667,19.6667,16.0,2.6398,14.1589,11.5191
E01001402,1852,15.3333,41.3333,19.3333,8.2793,22.3182,10.4392
E01001403,1705,10.6667,37.3333,39.0,6.2561,21.8964,22.8739
E01001404,1480,9.0,28.3333,29.0,6.0811,19.1441,19.5946
E01001405,1802,15.0,30.6667,16.3333,8.3241,17.0181,9.064
E01001406,1658,21.0,117.3333,45.6667,12.6659,70.768,27.5432
E01001407,1593,11.6667,37.0,35.0,7.3237,23.2266,21.9711
E01001408,1670,7.6667,37.6667,28.0,4.5908,22.5549,16.7665
E01001409,2034,9.0,37.3333,46.6667,4.4248,18.3546,22.9433
E01001410,2188,11.6667,42.3333,74.6667,5.3321,19.348,34.1255
E01001411,1903,8.3333,67.0,45.6667,4.3791,35.2076,23.9972
E01001412,1756,27.6667,75.0,88.6667,15.7555,42.7107,50.4935
E01001413,1635,10.0,25.6667,24.0,6.1162,15.6983,14.6789
E01001414,1673,7.0,24.3333,47.6667,4.1841,14.5447,28.4917
E01001415,2051,22.3333,109.6667,35.6667,10.889,53.4699,17.3899
E01001416,1726,4.0,24.0,11.3333,2.3175,13.905,6.5662
E01001417,1887,15.3333,38.6667,28.3333,8.1258,20.4911,15.015
E01001418,1740,8.3333,31.3333,30.0,4.7893,18.0077,17.2414
E01001419,1973,14.0,57.3333,31.3333,7.0958,29.059,15.8811
E01001420,1783,5.3333,30.0,29.0,2.9912,16.8256,16.2647
E01001421,1672,5.0,21.0,27.3333,2.9904,12.5598,16.3477
E01001422,1677,14.6667,27.0,23.6667,8.7458,16.1002,14.1125
E01001423,1731,8.3333,45.3333,51.0,4.8142,26.1891,29.4627
E01001424,1227,3.6667,23.3333,31.6667,2.9883,19.0166,25.8082
E01001425,2023,14.0,109.0,111.6667,6.9204,53.8804,55.1986
E01001426,1822,16.3333,52.6667,89.0,8.9645,28.906,48.8474
E01001427,1744,24.3333,190.3333,93.3333,13.9526,109.1361,53.5168
E01001428,1723,13.0,44.0,42.6667,7.545,25.5369,24.763
E01001429,2328,39.0,533.3333,247.0,16.7526,229.0951,106.0997
E01001430,2013,9.6667,42.0,43.0,4.8021,20.8644,21.3612
E01001431,1786,9.0,49.3333,55.6667,5.0392,27.6222,31.1683
E01001432,1867,15.0,77.3333,68.3333,8.0343,41.4212,36.6006
E01001433,1822,10.0,48.6667,60.0,5.4885,26.7106,32.9308
E01001434,1591,15.3333,31.0,43.0,9.6375,19.4846,27.027
E01001435,1517,6.6667,26.3333,22.6667,4.3946,17.3588,14.9418
E01001436,1933,15.3333,37.3333,53.6667,7.9324,19.3137,27.7634
E01001437,2275,31.0,129.0,117.3333,13.6264,56.7033,51.5751
E01001438,1676,15.6667,51.3333,57.3333,9.3477,30.6285,34.2084
E01001439,2131,24.0,198.0,107.3333,11.2623,92.9141,50.3676
E01001440,1677,10.3333,47.0,38.0,6.1618,28.0262,22.6595
E01001441,1646,9.6667,97.6667,80.3333,5.8728,59.3358,48.8052
E01001442,1732,9.6667,56.6667,70.3333,5.5812,32.7175,40.6082
E01001444,1908,10.0,54.6667,46.0,5.2411,28.6513,24.109
E01001445,2799,24.6667,105.0,102.6667,8.8127,37.5134,36.6798
E01001446,1858,10.6667,39.6667,45.0,5.7409,21.3491,24.2196
E01001447,1991,12.3333,56.0,78.6667,6.1945,28.1266,39.5111
E01001448,1982,7.6667,37.3333,53.6667,3.8681,18.8362,27.077
E01001449,1643,5.6667,25.3333,35.0,3.449,15.4189,21.3025
E01001450,2378,31.0,366.6667,119.3333,13.0362,154.1912,50.1822
E01001451,1664,11.0,81.0,24.3333,6.6106,48.6779,14.6234
E01001452,1373,8.3333,19.3333,10.6667,6.0694,14.0811,7.7689
E01001453,1660,7.3333,19.0,9.0,4.4177,11.4458,5.4217
E01001454,1701,7.0,27.6667,10.3333,4.1152,16.2649,6.0749
E01001455,1456,8.3333,29.6667,17.3333,5.7234,20.3755,11.9048
E01001456,1396,6.6667,27.0,7.6667,4.7755,19.341,5.4919
E01001457,1813,10.0,46.6667,27.3333,5.5157,25.74,15.0763
E01001458,1786,8.6667,49.0,59.0,4.8526,27.4356,33.0347
E01001459,1720,12.6667,33.6667,46.0,7.3643,19.5736,26.7442
E01001460,2113,11.0,45.6667,69.0,5.2059,21.6122,32.655
E01001461,1576,15.3333,60.0,73.3333,9.7293,38.0711,46.5313
E01001462,1455,7.3333,42.3333,41.0,5.0401,29.0951,28.1787
E01001463,1560,4.3333,27.0,22.3333,2.7778,17.3077,14.3162
E01001464,1315,7.6667,27.3333,38.0,5.8302,20.7858,28.8973
E01001465,1561,9.6667,40.6667,58.3333,6.1926,26.0517,37.3692
E01001466,1996,4.3333,27.6667,45.3333,2.171,13.8611,22.7121
E01001467,1999,3.6667,28.6667,48.6667,1.8343,14.3405,24.3455
E01001468,1416,5.0,45.3333,224.6667,3.5311,32.0151,158.6629
E01001469,1767,4.0,24.0,33.6667,2.2637,13.5823,19.053
E01001470,1649,12.6667,47.3333,23.6667,7.6814,28.7043,14.3521
E01001471,1908,7.0,28.3333,18.3333,3.6688,14.8498,9.6087
E01001472,1653,10.0,36.6667,21.6667,6.0496,22.1819,13.1075
E01001473,1596,7.0,15.6667,28.0,4.386,9.8162,17.5439
E01001474,1898,9.6667,34.0,17.3333,5.0931,17.9136,9.1324
E01001475,1803,6.0,15.6667,14.0,3.3278,8.6892,7.7648
E01001476,1751,8.6667,39.3333,51.6667,4.9496,22.4634,29.5069
E01001477,1979,11.6667,37.0,57.6667,5.8952,18.6963,29.1393
E01001478,1658,8.3333,23.6667,20.3333,5.0261,14.2742,12.2638
E01001479,1793,13.3333,67.3333,64.0,7.4363,37.5534,35.6944
E01001480,1588,6.6667,35.6667,47.0,4.1982,22.4601,29.597
E01001481,1796,4.6667,28.0,33.6667,2.5984,15.5902,18.7454
E01001482,1923,9.0,27.6667,49.3333,4.6802,14.3872,25.6544
E01001483,1187,12.3333,46.6667,55.6667,10.3903,39.3148,46.8969
E01001484,1414,7.6667,54.6667,38.3333,5.422,38.661,27.1099
E01001485,1858,11.6667,72.3333,53.3333,6.2792,38.9307,28.7047
E01001486,2148,11.6667,58.6667,75.3333,5.4314,27.3122,35.0714
E01001487,1941,8.3333,44.0,57.0,4.2933,22.6687,29.3663
E01001488,1979,5.6667,42.6667,51.3333,2.8634,21.5597,25.939
E01001489,1888,11.0,50.0,47.6667,5.8263,26.4831,25.2472
E01001491,1950,16.0,67.0,75.3333,8.2051,34.359,38.6325
E01001492,2038,14.6667,47.6667,53.0,7.1966,23.3889,26.0059
E01001493,1911,7.3333,29.6667,32.6667,3.8374,15.5242,17.094
E01001494,1477,8.0,25.6667,23.0,5.4164,17.3776,15.5721
E01001495,1846,8.6667,31.0,42.0,4.6948,16.7931,22.7519
E01001496,1901,7.6667,33.0,21.3333,4.033,17.3593,11.2222
E01001497,1457,7.6667,22.0,24.6667,5.262,15.0995,16.9298
E01001498,1837,26.3333,148.0,75.3333,14.335,80.5661,41.0089
E01001499,1540,12.0,39.6667,32.0,7.7922,25.7576,20.7792
E01001500,1589,9.3333,57.3333,31.3333,5.8737,36.0814,19.7189
E01001501,2220,21.6667,282.0,72.0,9.7598,127.027,32.4324
E01001502,1954,13.6667,83.6667,51.0,6.9942,42.8182,26.1003
E01001503,1888,8.3333,45.0,47.6667,4.4138,23.8347,25.2472
E01001504,2139,7.0,35.6667,35.3333,3.2726,16.6745,16.5186
E01001505,1959,8.0,50.0,61.0,4.0837,25.5232,31.1383
E01001507,2583,28.0,192.6667,156.3333,10.8401,74.5903,60.5239
E01001508,2445,14.0,54.6667,81.0,5.726,22.3586,33.1288
E01001509,1773,6.3333,39.3333,58.3333,3.5721,22.1846,32.9009
E01001511,1923,10.0,174.0,62.6667,5.2002,90.4836,32.588
E01001512,2277,12.6667,106.0,62.0,5.5629,46.5525,27.2288
E01001513,1982,27.3333,385.3333,160.0,13.7908,194.4164,80.7265
E01001514,1765,3.6667,31.0,30.0,2.0774,17.5637,16.9972
E01001515,2047,7.3333,40.6667,66.0,3.5825,19.8665,32.2423
E01001516,2123,20.6667,79.6667,65.6667,9.7347,37.5255,30.9311
E01001517,2045,5.3333,39.6667,69.6667,2.608,19.3969,34.0668
E01001518,1688,12.6667,83.3333,45.6667,7.5039,49.3681,27.0537
E01001520,1857,9.3333,31.0,40.6667,5.026,16.6936,21.8991
E01001521,1875,8.6667,24.3333,15.3333,4.6222,12.9778,8.1778
E01001522,1817,1.6667,39.6667,27.6667,0.9173,21.8309,15.2266
E01001523,1847,8.3333,29.0,19.6667,4.5118,15.7011,10.6479
E01001524,1562,3.0,20.0,21.6667,1.9206,12.8041,13.8711
E01001525,1964,6.0,23.0,32.6667,3.055,11.7108,16.6327
E01001526,1608,6.0,19.3333,10.6667,3.7313,12.0232,6.6335
E01001527,2054,15.3333,43.6667,39.0,7.4651,21.2593,18.9873
E01001528,1688,13.0,66.3333,46.3333,7.7014,39.297,27.4487
E01001529,1791,10.3333,38.0,43.3333,5.7696,21.2172,24.195
E01001530,1727,6.3333,21.3333,37.3333,3.6672,12.3528,21.6174
E01001531,1435,3.0,17.6667,5.6667,2.0906,12.3113,3.9489
E01001532,1663,13.3333,37.6667,18.3333,8.0176,22.6498,11.0243
E01001533,1662,12.0,22.0,9.6667,7.2202,13.2371,5.8163
E01001534,1691,15.0,79.0,38.6667,8.8705,46.7179,22.8662
E01001535,1405,12.0,35.6667,25.3333,8.5409,25.3855,18.0308
E01001536,1970,27.0,173.3333,89.6667,13.7056,87.9865,45.5161
E01001537,1714,10.3333,31.0,21.3333,6.0288,18.0863,12.4465
E01001538,1677,7.6667,24.0,8.6667,4.5717,14.3113,5.168
E01001539,1654,5.6667,23.3333,29.0,3.426,14.1072,17.5333
E01001540,1906,18.6667,99.3333,36.6667,9.7936,52.1161,19.2375
E01001541,1532,4.6667,31.3333,11.0,3.0461,20.4526,7.1802
E01001542,1566,12.6667,28.3333,33.0,8.0885,18.0928,21.0728
E01001543,1617,9.3333,22.6667,17.6667,5.772,14.0177,10.9256
E01001544,1695,13.0,43.6667,48.6667,7.6696,25.762,28.7119
E01001545,1885,7.3333,36.6667,55.6667,3.8904,19.4518,29.5314
E01001546,1813,8.3333,36.3333,46.0,4.5964,20.0404,25.3723
E01001547,2092,15.3333,71.0,66.3333,7.3295,33.9388,31.7081
E01001548,1927,12.6667,43.0,60.3333,6.5733,22.3145,31.3095
E01001549,2359,13.0,57.6667,79.3333,5.5108,24.4454,33.6301
E01001550,1770,9.6667,29.0,38.0,5.4614,16.3842,21.4689
E01001551,1794,14.0,66.6667,59.3333,7.8038,37.1609,33.0732
E01001552,1945,18.0,58.0,52.3333,9.2545,29.8201,26.9066
E01001553,1753,9.3333,27.3333,38.6667,5.3242,15.5923,22.0574
E01001554,1798,14.0,72.0,79.3333,7.7864,40.0445,44.1231
E01001555,2234,17.0,93.3333,69.0,7.6097,41.7786,30.8863
E01001556,1590,5.3333,27.0,35.0,3.3543,16.9811,22.0126
E01001557,1715,13.3333,35.0,38.6667,7.7745,20.4082,22.5462
E01001558,2063,19.6667,226.3333,130.0,9.533,109.7108,63.015
E01001559,2129,25.0,528.3333,90.6667,11.7426,248.1603,42.5865
E01001560,1571,8.6667,34.3333,40.3333,5.5167,21.8544,25.6737
E01001562,2235,11.3333,40.3333,52.6667,5.0708,18.0462,23.5645
E01001563,1733,25.3333,172.0,44.3333,14.6182,99.2499,25.5818
E01001564,1659,4.0,45.3333,16.6667,2.4111,27.3257,10.0462
E01001565,1678,4.6667,26.0,18.6667,2.7811,15.4946,11.1244
E01001566,1781,3.6667,28.3333,19.0,2.0588,15.9087,10.6682
E01001567,1541,5.6667,24.6667,12.0,3.6773,16.0069,7.7872
E01001568,1884,9.0,33.0,10.6667,4.7771,17.5159,5.6617
E01001569,1770,18.0,41.6667,35.3333,10.1695,23.5405,19.9623
E01001570,1899,10.3333,76.6667,39.3333,5.4415,40.3721,20.7127
E01001571,1809,11.0,53.0,46.0,6.0807,29.298,25.4284
E01001572,1733,5.6667,27.0,21.3333,3.2699,15.5799,12.3101
E01001573,1575,11.3333,48.0,21.3333,7.1958,30.4762,13.545
E01001574,1921,5.0,36.6667,85.3333,2.6028,19.0873,44.4213
E01001575,1816,9.3333,77.3333,74.0,5.1395,42.5844,40.7489
E01001576,1998,5.0,54.6667,73.6667,2.5025,27.3607,36.8702
E01001577,2017,7.3333,45.3333,57.3333,3.6358,22.4756,28.4251
E01001578,2306,24.6667,175.3333,89.0,10.6967,76.0335,38.595
E01001579,1734,9.3333,39.6667,50.0,5.3825,22.8758,28.8351
E01001580,1639,7.6667,88.3333,37.0,4.6776,53.8947,22.5747
E01001581,1578,14.6667,39.6667,41.0,9.2945,25.1373,25.9823
E01001582,1533,7.3333,34.3333,44.0,4.7836,22.3962,28.7019
E01001583,1568,3.6667,28.3333,22.6667,2.3384,18.0697,14.4558
E01001584,1502,10.6667,30.6667,22.3333,7.1016,20.4172,14.8691
E01001585,1529,5.6667,31.0,22.0,3.7061,20.2747,14.3885
E01001586,1426,7.0,33.0,36.6667,4.9088,23.1417,25.7129
E01001587,1981,6.0,33.6667,29.3333,3.0288,16.9948,14.8073
E01001588,1692,5.6667,35.3333,43.6667,3.3491,20.8826,25.8077
E01001589,1853,9.6667,45.6667,75.0,5.2168,24.6447,40.4749
E01001590,1704,7.6667,38.3333,39.3333,4.4992,22.4961,23.0829
E01001591,2100,10.3333,94.0,63.3333,4.9206,44.7619,30.1587
E01001592,1933,5.0,28.6667,27.0,2.5867,14.8301,13.9679
E01001593,1793,2.3333,25.6667,22.0,1.3014,14.3149,12.2699
E01001594,2368,4.6667,24.0,68.0,1.9707,10.1351,28.7162
E01001595,2222,6.6667,42.0,48.6667,3.0003,18.9019,21.9022
E01001596,1737,3.3333,18.0,12.0,1.919,10.3627,6.9085
E01001597,1556,6.0,32.6667,31.3333,3.856,20.994,20.1371
E01001598,1609,3.6667,23.6667,26.3333,2.2788,14.7089,16.3663
E01001599,1677,3.6667,39.3333,48.3333,2.1864,23.4546,28.8213
E01001600,1509,7.6667,32.3333,34.3333,5.0806,21.427,22.7524
E01001601,1507,1.0,19.6667,12.0,0.6636,13.0502,7.9628
E01001602,2126,3.6667,35.3333,84.3333,1.7247,16.6196,39.6676
E01001603,1756,5.3333,27.6667,54.3333,3.0372,15.7555,30.9415
E01001604,1549,8.6667,91.6667,41.0,5.595,59.178,26.4687
E01001605,1520,4.6667,22.0,9.3333,3.0702,14.4737,6.1404
E01001606,1627,2.3333,16.0,11.0,1.4341,9.8341,6.7609
E01001607,1610,5.3333,37.3333,25.6667,3.3126,23.1884,15.942
E01001608,1444,6.3333,26.0,23.0,4.386,18.0055,15.928
E01001609,1688,17.3333,182.6667,111.0,10.2686,108.2148,65.7583
E01001610,1761,9.0,23.3333,24.0,5.1107,13.25,13.6286
E01001611,1766,5.0,21.0,31.6667,2.8313,11.8913,17.9313
E01001613,1753,13.3333,31.3333,40.0,7.606,17.8741,22.818
E01001614,1493,5.6667,44.6667,33.3333,3.7955,29.9174,22.3264
E01001615,1991,19.0,172.3333,93.6667,9.5429,86.5562,47.045
E01001617,1628,7.0,78.3333,36.6667,4.2998,48.1163,22.5225
E01001618,1906,4.3333,18.0,39.6667,2.2735,9.4439,20.8115
E01001619,1964,4.0,23.3333,29.3333,2.0367,11.8805,14.9355
E01001620,1582,8.6667,68.0,46.3333,5.4783,42.9836,29.2878
E01001621,1673,7.6667,24.3333,38.3333,4.5826,14.5447,22.9129
E01001623,1806,5.3333,25.6667,44.6667,2.9531,14.2119,24.7324
E01001624,1628,6.3333,20.0,40.0,3.8903,12.285,24.57
E01001625,1780,9.0,31.6667,56.3333,5.0562,17.7903,31.6479
E01001629,2141,11.3333,42.0,67.6667,5.2935,19.617,31.6052
E01001631,2108,10.6667,69.0,114.0,5.0601,32.7324,54.0797
E01001632,2038,9.3333,35.6667,42.0,4.5797,17.5008,20.6084
E01001633,2043,7.0,35.0,66.0,3.4263,17.1317,32.3054
E01001634,1737,6.0,28.0,59.0,3.4542,16.1197,33.9666
E01001635,1644,3.0,21.3333,42.0,1.8248,12.9765,25.5474
E01001636,1684,7.0,35.6667,54.3333,4.1568,21.1797,32.2644
E01001637,1799,8.6667,37.3333,45.0,4.8175,20.7523,25.0139
E01001638,1763,6.0,30.3333,47.3333,3.4033,17.2055,26.8482
E01001641,1866,29.6667,260.0,101.6667,15.8985,139.3355,54.4837
E01001642,1732,9.0,106.0,58.3333,5.1963,61.2009,33.6798
E01001644,2629,16.0,166.6667,61.3333,6.086,63.3955,23.3295
E01001645,1852,5.6667,25.3333,55.0,3.0598,13.6789,29.6976
E01001646,2820,19.0,92.0,88.6667,6.7376,32.6241,31.4421
E01001647,1486,6.0,31.6667,25.3333,4.0377,21.31,17.048
E01001648,1721,7.0,36.0,31.0,4.0674,20.9181,18.0128
E01001649,1576,4.6667,28.3333,41.0,2.9611,17.978,26.0152
E01001650,1834,9.0,32.3333,41.0,4.9073,17.63,22.3555
E01001651,1875,10.6667,47.3333,72.0,5.6889,25.2444,38.4
E01001652,1706,9.0,75.0,44.0,5.2755,43.9625,25.7913
E01001653,1591,3.0,21.3333,61.3333,1.8856,13.4088,38.5502
E01001654,1606,6.6667,22.0,65.6667,4.1511,13.6986,40.8883
E01001655,1575,4.3333,31.0,76.6667,2.7513,19.6825,48.6772
E01001656,1341,6.0,18.0,29.3333,4.4743,13.4228,21.8742
E01001657,1569,12.3333,24.3333,26.3333,7.8606,15.5088,16.7835
E01001658,1654,8.6667,46.6667,25.6667,5.2398,28.2144,15.5179
E01001659,1618,5.0,45.6667,31.3333,3.0902,28.2241,19.3655
E01001660,1559,4.3333,25.6667,38.0,2.7796,16.4635,24.3746
E01001661,1664,5.0,39.3333,69.0,3.0048,23.6378,41.4663
E01001664,2076,16.0,156.3333,52.3333,7.7071,75.3051,25.2087
E01001665,1890,13.3333,53.6667,62.3333,7.0547,28.3951,32.9806
E01001666,1984,27.0,237.6667,94.0,13.6089,119.7917,47.379
E01001669,2495,13.0,53.6667,71.3333,5.2104,21.5097,28.5905
E01001671,1670,6.3333,26.6667,46.3333,3.7924,15.9681,27.7445
E01001672,1933,5.6667,34.6667,40.3333,2.9315,17.9341,20.8657
E01001673,2403,14.3333,68.0,102.6667,5.9648,28.298,42.7244
E01001674,2195,13.0,50.6667,54.6667,5.9226,23.0828,24.9051
E01001675,2370,13.6667,89.6667,84.0,5.7665,37.834,35.443
E01001676,1802,14.0,52.6667,73.6667,7.7691,29.2268,40.8805
E01001677,2163,9.6667,48.6667,71.6667,4.4691,22.4996,33.133
E01001678,1774,9.0,28.6667,37.6667,5.0733,16.1593,21.2326
E01001679,1353,5.3333,22.0,28.3333,3.9419,16.2602,20.9411
E01001680,1518,6.0,20.0,17.6667,3.9526,13.1752,11.6381
E01001681,1403,1.0,20.6667,20.6667,0.7128,14.7303,14.7303
E01001682,1377,8.0,23.6667,37.0,5.8097,17.1871,26.87
E01001683,1551,6.6667,62.3333,56.3333,4.2983,40.1891,36.3207
E01001684,1446,5.6667,15.6667,27.0,3.9189,10.8345,18.6722
E01001685,1562,5.3333,27.3333,27.6667,3.4144,17.4989,17.7123
E01001686,1799,9.0,32.3333,58.3333,5.0028,17.9729,32.4254
E01001687,1654,16.0,39.0,116.0,9.6735,23.5792,70.133
E01001688,2670,9.6667,105.3333,97.6667,3.6205,39.4507,36.5793
E01001690,1714,6.0,30.6667,47.0,3.5006,17.8919,27.4212
E01001692,1470,4.3333,25.3333,32.3333,2.9478,17.2336,21.9955
E01001693,1560,3.3333,43.0,61.3333,2.1368,27.5641,39.3162
E01001694,1743,4.0,20.6667,38.0,2.2949,11.857,21.8015
E01001695,1549,10.3333,28.3333,43.6667,6.671,18.2914,28.1902
E01001696,2572,23.3333,105.3333,138.0,9.0721,40.9539,53.6547
E01001697,2643,9.3333,36.6667,71.0,3.5313,13.8731,26.8634
E01001698,1912,10.0,46.6667,81.6667,5.2301,24.4073,42.7127
E01001699,1465,18.0,32.3333,56.0,12.2867,22.0705,38.2253
E01001700,2366,17.6667,69.0,82.6667,7.4669,29.1631,34.9394
E01001701,1763,16.6667,101.3333,273.6667,9.4536,57.4778,155.2278
E01001702,1485,4.6667,18.6667,39.3333,3.1425,12.5701,26.4871
E01001703,2079,4.6667,45.3333,82.6667,2.2447,21.8054,39.7627
E01001704,1649,9.3333,42.3333,41.3333,5.66,25.6721,25.0657
E01001705,2248,12.3333,52.3333,64.3333,5.4864,23.28,28.618
E01001708,1697,6.6667,22.3333,26.0,3.9285,13.1605,15.3212
E01001710,1759,4.3333,28.0,48.0,2.4635,15.9181,27.2882
E01001712,2121,13.3333,41.3333,75.3333,6.2863,19.4877,35.5178
E01001714,2051,24.3333,141.6667,66.0,11.8641,69.072,32.1794
E01001715,1286,6.6667,35.0,22.0,5.184,27.2162,17.1073
E01001716,1788,10.0,74.3333,53.3333,5.5928,41.5735,29.8285
E01001717,1126,2.6667,39.6667,21.0,2.3683,35.2279,18.6501
E01001718,1740,16.3333,244.6667,66.0,9.387,140.613,37.931
E01001719,1640,9.3333,71.0,39.6667,5.6911,43.2927,24.187
E01001720,1707,17.0,64.0,28.0,9.959,37.4927,16.403
E01001722,2303,11.6667,77.0,64.3333,5.0659,33.4347,27.9346
E01001723,1970,10.6667,35.0,23.6667,5.4146,17.7665,12.0135
E01001724,2894,18.6667,78.0,64.6667,6.4501,26.9523,22.3451
E01001725,1830,8.6667,20.0,18.6667,4.7359,10.929,10.2004
E01001726,1325,4.0,20.3333,35.3333,3.0189,15.3459,26.6667
E01001727,1988,3.3333,31.6667,18.6667,1.6767,15.9289,9.3897
E01001728,1979,10.6667,31.3333,30.0,5.3899,15.8329,15.1592
E01001729,1985,17.6667,169.3333,281.6667,8.9001,85.3065,141.8976
E01001730,2767,14.3333,70.3333,84.3333,5.1801,25.4186,30.4783
E01001731,2666,37.3333,283.3333,105.6667,14.0035,106.2766,39.6349
E01001732,1900,11.6667,47.3333,53.3333,6.1404,24.9123,28.0702
E01001733,1872,18.6667,157.0,68.3333,9.9715,83.8675,36.5028
E01001734,1835,29.0,141.6667,84.0,15.8038,77.2025,45.7766
E01001735,1570,14.0,65.3333,44.3333,8.9172,41.6136,28.2378
E01001736,1549,6.6667,33.3333,23.0,4.3039,21.5193,14.8483
E01001737,1768,7.0,47.6667,32.6667,3.9593,26.9608,18.4766
E01001738,1740,16.0,49.0,27.0,9.1954,28.1609,15.5172
E01001739,1977,12.6667,64.0,45.6667,6.407,32.3723,23.099
E01001740,1545,14.6667,47.0,36.0,9.493,30.4207,23.301
E01001741,1441,7.0,39.6667,20.6667,4.8577,27.5272,14.3419
E01001742,1753,8.3333,85.3333,42.3333,4.7538,48.6785,24.1491
E01001744,2004,12.0,53.6667,34.3333,5.988,26.7798,17.1324
E01001745,2162,26.6667,89.6667,58.0,12.3343,41.4739,26.827
E01001746,1686,5.3333,31.0,50.3333,3.1633,18.3867,29.8537
E01001747,2329,30.0,165.3333,83.6667,12.8811,70.989,35.9239
E01001749,1488,9.6667,56.3333,32.3333,6.4964,37.8584,21.7294
E01001750,2122,28.6667,103.3333,60.0,13.5093,48.6962,28.2752
E01001751,1478,10.3333,90.0,15.3333,6.9914,60.8931,10.3744
E01001753,1538,13.3333,55.3333,47.3333,8.6693,35.9775,30.7759
E01001755,1678,11.6667,65.3333,63.0,6.9527,38.9352,37.5447
E01001756,2037,16.3333,144.3333,42.3333,8.0183,70.8558,20.7822
E01001757,1585,5.0,19.0,46.6667,3.1546,11.9874,29.4427
E01001758,2614,25.3333,69.3333,88.3333,9.6914,26.5238,33.7924
E01001759,1647,12.6667,44.0,32.3333,7.6908,26.7152,19.6317
E01001760,1885,23.0,485.6667,189.0,12.2016,257.6481,100.2653
E01001761,1818,16.3333,82.0,58.6667,8.9842,45.1045,32.2699
E01001762,1675,22.3333,149.0,77.3333,13.3333,88.9552,46.1692
E01001763,1769,17.0,75.3333,43.3333,9.6099,42.5853,24.4959
E01001764,1752,10.0,52.3333,43.0,5.7078,29.8706,24.5434
E01001765,1801,12.6667,54.3333,49.3333,7.0331,30.1684,27.3922
E01001767,1608,19.0,54.6667,43.3333,11.8159,33.9967,26.9486
E01001768,1868,18.3333,63.0,31.0,9.8144,33.7259,16.5953
E01001769,1521,10.3333,38.0,22.3333,6.7938,24.9836,14.6833
E01001770,1714,14.6667,102.0,52.6667,8.557,59.5099,30.7273
E01001772,1789,15.0,51.0,65.0,8.3846,28.5075,36.3331
E01001773,2483,30.6667,158.3333,64.3333,12.3507,63.7669,25.9095
E01001774,1987,27.3333,134.3333,61.6667,13.7561,67.6061,31.0351
E01001775,1634,8.6667,49.3333,42.3333,5.304,30.1918,25.9078
E01001776,1709,15.6667,72.6667,47.6667,9.1672,42.52,27.8916
E01001777,2633,28.0,285.6667,85.6667,10.6343,108.4947,32.5358
E01001780,1816,26.3333,236.0,67.6667,14.5007,129.9559,37.2614
E01001781,1602,12.3333,72.6667,69.6667,7.6987,45.36,43.4873
E01001783,1606,9.6667,31.3333,44.3333,6.0191,19.5102,27.6048
E01001784,1772,13.0,68.6667,40.3333,7.3363,38.7509,22.7615
E01001785,1593,9.3333,40.0,22.3333,5.859,25.1099,14.0197
E01001786,2224,14.3333,81.6667,66.0,6.4448,36.7206,29.6763
E01001787,1611,10.3333,66.0,61.0,6.4142,40.9683,37.8647
E01001788,1497,8.3333,37.6667,42.6667,5.5667,25.1614,28.5014
E01001789,1773,5.6667,47.0,31.6667,3.1961,26.5087,17.8605
E01001790,1513,6.3333,21.6667,43.6667,4.1859,14.3203,28.861
E01001791,1459,9.3333,30.6667,43.0,6.3971,21.019,29.4722
E01001792,1933,14.0,89.6667,39.3333,7.2426,46.3873,20.3483
E01001793,1582,10.0,49.3333,30.0,6.3211,31.1842,18.9633
E01001794,1898,21.0,101.6667,51.6667,11.0643,53.5652,27.2216
E01001795,1308,14.3333,72.6667,46.6667,10.9582,55.5556,35.6779
E01001796,1476,20.3333,70.6667,67.6667,13.776,47.8771,45.8446
E01001798,2329,12.3333,83.6667,64.6667,5.2955,35.9239,27.7659
E01001799,1506,6.3333,24.3333,23.0,4.2054,16.1576,15.2722
E01001800,1750,12.3333,188.0,50.6667,7.0476,107.4286,28.9524
E01001801,1722,7.3333,28.3333,19.3333,4.2586,16.4537,11.2273
E01001802,1377,7.3333,21.0,20.3333,5.3256,15.2505,14.7664
E01001803,1804,7.6667,30.0,22.3333,4.2498,16.6297,12.3799
E01001804,1671,4.6667,16.3333,16.3333,2.7927,9.7746,9.7746
E01001805,1227,7.3333,36.3333,20.6667,5.9766,29.6115,16.8432
E01001806,1469,6.0,87.0,47.6667,4.0844,59.224,32.4484
E01001807,1807,7.6667,33.3333,47.3333,4.2428,18.4468,26.1944
E01001808,1634,13.3333,110.3333,65.6667,8.1599,67.5235,40.1877
E01001809,1884,5.6667,45.0,33.3333,3.0078,23.8854,17.6929
E01001811,1792,13.0,57.0,46.0,7.2545,31.808,25.6696
E01001812,1792,10.0,38.6667,31.6667,5.5804,21.5774,17.6711
E01001813,1955,11.3333,110.6667,74.6667,5.7971,56.607,38.1927
E01001814,1699,7.3333,67.6667,46.0,4.3163,39.8273,27.0747
E01001815,1772,5.0,33.0,49.6667,2.8217,18.623,28.0286
E01001816,1550,13.0,71.6667,41.6667,8.3871,46.2366,26.8817
E01001819,1587,12.3333,50.0,25.6667,7.7715,31.506,16.1731
E01001820,1390,6.6667,25.6667,47.3333,4.7962,18.4652,34.0528
E01001821,1350,6.3333,33.3333,41.3333,4.6914,24.6914,30.6173
E01001822,1997,13.0,64.6667,61.0,6.5098,32.3819,30.5458
E01001823,1632,10.3333,47.3333,28.3333,6.3317,29.0033,17.3611
E01001824,1626,10.0,49.3333,35.0,6.1501,30.3403,21.5252
E01001825,1350,5.0,24.3333,10.3333,3.7037,18.0247,7.6543
E01001826,1573,8.3333,29.6667,35.0,5.2977,18.8599,22.2505
E01001827,1647,11.0,57.6667,40.3333,6.6788,35.0132,24.489
E01001828,2053,12.0,48.6667,55.6667,5.8451,23.7051,27.1148
E01001829,1756,15.3333,57.3333,34.0,8.732,32.65,19.3622
E01001830,1878,10.3333,76.0,106.6667,5.5023,40.4686,56.798
E01001831,1679,19.6667,113.0,78.3333,11.7133,67.302,46.6548
E01001832,1660,11.3333,40.3333,32.6667,6.8273,24.2972,19.6787
E01001833,2117,18.6667,63.6667,65.3333,8.8175,30.074,30.8613
E01001834,1988,14.3333,53.6667,46.3333,7.2099,26.9953,23.3065
E01001835,1233,7.0,27.6667,17.6667,5.6772,22.4385,14.3282
E01001836,1855,19.0,76.6667,58.0,10.2426,41.3297,31.2668
E01001837,1446,15.3333,61.0,25.3333,10.604,42.1853,17.5196
E01001838,1815,17.3333,42.6667,50.6667,9.55,23.5078,27.9155
E01001839,2354,33.3333,169.0,133.6667,14.1603,71.7927,56.7828
E01001840,1602,10.0,46.3333,42.6667,6.2422,28.9222,26.6334
E01001841,1368,10.0,33.0,30.0,7.3099,24.1228,21.9298
E01001842,1528,8.6667,43.3333,48.0,5.6719,28.3595,31.4136
E01001843,1205,3.3333,24.6667,22.3333,2.7663,20.4703,18.5339
E01001844,1917,12.3333,101.0,67.0,6.4337,52.6865,34.9504
E01001845,1585,8.0,56.3333,67.6667,5.0473,35.5415,42.6919
E01001846,1210,8.0,90.6667,56.6667,6.6116,74.9311,46.832
E01001847,1332,12.3333,41.0,58.3333,9.2593,30.7808,43.7938
E01001848,1970,15.0,57.0,118.3333,7.6142,28.934,60.0677
E01001849,2450,35.3333,248.6667,121.3333,14.4218,101.4966,49.5238
E01001850,1845,8.6667,47.0,64.3333,4.6974,25.4743,34.869
E01001851,1465,11.0,25.6667,15.3333,7.5085,17.5199,10.4664
E01001852,1629,9.3333,42.3333,27.3333,5.7295,25.9873,16.7792
E01001853,1497,10.0,32.0,17.3333,6.68,21.3761,11.5787
E01001854,1760,10.3333,46.0,55.3333,5.8712,26.1364,31.4394
E01001855,1663,10.3333,29.6667,33.6667,6.2137,17.8392,20.2445
E01001856,1645,11.6667,65.0,62.0,7.0922,39.5137,37.69
E01001857,1547,20.6667,215.6667,127.3333,13.3592,139.4096,82.3098
E01001858,1755,14.3333,75.0,47.6667,8.1671,42.735,27.1605
E01001859,2703,6.3333,25.6667,34.3333,2.3431,9.4956,12.7019
E01001860,1710,14.3333,110.0,64.3333,8.3821,64.3275,37.6218
E01001861,1405,8.6667,44.0,54.3333,6.1684,31.3167,38.6714
E01001862,1759,14.0,49.3333,60.3333,7.9591,28.0462,34.2998
E01001863,1411,12.6667,28.6667,16.3333,8.9771,20.3166,11.5757
E01001864,1514,5.6667,43.0,28.0,3.7428,28.4016,18.4941
E01001865,1585,4.0,29.0,19.0,2.5237,18.2965,11.9874
E01001866,1505,16.3333,77.3333,38.3333,10.8527,51.3843,25.4707
E01001867,1136,7.0,46.3333,15.3333,6.162,40.7864,13.4977
E01001868,1261,4.6667,25.3333,43.3333,3.7008,20.0899,34.3643
E01001869,1353,13.3333,67.0,33.6667,9.8546,49.5196,24.883
E01001870,1687,10.3333,37.0,25.6667,6.1253,21.9324,15.2144
E01001871,1515,10.6667,29.3333,30.0,7.0407,19.3619,19.802
E01001872,1361,5.6667,31.0,18.0,4.1636,22.7774,13.2256
E01001873,1502,8.3333,24.3333,28.6667,5.5482,16.2006,19.0857
E01001875,1835,8.6667,45.3333,84.0,4.723,24.7048,45.7766
E01001876,2372,22.6667,86.0,129.0,9.5559,36.2563,54.3845
E01001877,1360,29.0,64.0,93.6667,21.3235,47.0588,68.8725
E01001878,1618,6.0,22.0,37.0,3.7083,13.597,22.8677
E01001879,1451,9.0,32.0,23.0,6.2026,22.0538,15.8511
E01001880,1468,14.6667,59.0,51.0,9.9909,40.1907,34.7411
E01001881,1876,26.0,136.0,74.3333,13.8593,72.4947,39.6233
E01001882,1644,8.0,43.3333,25.0,4.8662,26.3585,15.2068
E01001883,1869,11.6667,43.3333,33.6667,6.2422,23.1853,18.0132
E01001884,1800,16.6667,99.3333,83.0,9.2593,55.1852,46.1111
E01001885,1276,6.6667,27.3333,62.0,5.2247,21.4211,48.5893
E01001886,1523,13.0,48.0,36.0,8.5358,31.5167,23.6376
E01001887,1458,9.0,26.3333,40.3333,6.1728,18.0613,27.6635
E01001888,1551,4.3333,48.0,24.3333,2.7939,30.9478,15.6888
E01001889,1389,7.0,50.3333,24.0,5.0396,36.2371,17.2786
E01001890,1714,16.3333,118.3333,202.6667,9.5294,69.0393,118.2419
E01001891,2544,12.0,200.0,42.0,4.717,78.6164,16.5094
E01001892,1330,8.6667,25.3333,31.0,6.5163,19.0476,23.3083
E01001893,1491,7.3333,68.0,38.6667,4.9184,45.607,25.9334
E01001894,1374,19.3333,208.6667,107.3333,14.0708,151.868,78.1174
E01001895,1458,8.0,33.0,26.0,5.487,22.6337,17.8326
E01001896,1398,13.6667,39.6667,35.0,9.7759,28.3739,25.0358
E01001897,1303,6.0,32.6667,20.0,4.6048,25.0704,15.3492
E01001898,2090,37.0,652.6667,336.0,17.7033,312.2807,160.7656
E01001899,1599,21.6667,427.3333,100.6667,13.5501,267.2504,62.956
E01001900,1713,13.6667,163.0,80.0,7.9782,95.1547,46.7017
E01001901,1651,8.0,28.6667,15.3333,4.8455,17.3632,9.2873
E01001902,1657,13.6667,32.3333,27.0,8.2478,19.5132,16.2945
E01001903,1436,15.0,43.3333,39.0,10.4457,30.1764,27.1588
E01001904,1617,12.6667,28.6667,16.6667,7.8334,17.7283,10.3072
E01001905,1658,5.3333,29.0,15.3333,3.2167,17.491,9.2481
E01001906,1453,7.6667,19.3333,23.6667,5.2764,13.3058,16.2881
E01001907,1247,4.6667,24.0,11.3333,3.7423,19.2462,9.0885
E01001908,1379,13.0,36.3333,36.3333,9.4271,26.3476,26.3476
E01001909,1763,9.0,41.3333,36.0,5.1049,23.4449,20.4197
E01001910,1335,9.3333,29.0,21.0,6.9913,21.7228,15.7303
E01001911,1710,7.6667,27.3333,44.0,4.4834,15.9844,25.731
E01001912,1454,11.6667,56.6667,64.3333,8.0238,38.9729,44.2458
E01001913,1386,5.0,60.0,20.0,3.6075,43.29,14.43
E01001914,1504,17.3333,103.0,50.3333,11.5248,68.484,33.4663
E01001915,1453,15.3333,85.3333,36.3333,10.5529,58.7291,25.0057
E01001916,1224,4.0,36.3333,12.3333,3.268,29.6841,10.0763
E01001917,1495,6.0,34.0,11.3333,4.0134,22.7425,7.5808
E01001918,1510,7.6667,28.6667,16.6667,5.0773,18.9845,11.0375
E01001919,1546,9.6667,34.3333,15.6667,6.2527,22.2078,10.1337
E01001920,1449,17.0,121.0,93.6667,11.7322,83.5059,64.6423
E01001921,1451,9.6667,66.0,29.3333,6.6621,45.4859,20.2159
E01001922,1625,11.6667,108.0,21.3333,7.1795,66.4615,13.1282
E01001923,1517,9.3333,54.6667,34.3333,6.1525,36.036,22.6324
E01001924,1545,4.6667,29.6667,13.3333,3.0205,19.2017,8.63
E01001925,1572,9.0,45.0,19.0,5.7252,28.626,12.0865
E01001926,1356,7.6667,27.6667,9.3333,5.6539,20.4031,6.883
E01001927,1364,6.3333,23.6667,7.0,4.6432,17.3509,5.132
E01001928,1806,8.0,63.0,30.3333,4.4297,34.8837,16.7959
E01001929,1348,4.0,32.3333,16.0,2.9674,23.9862,11.8694
E01001930,1736,6.3333,34.3333,31.6667,3.6482,19.7773,18.2412
E01001931,1296,7.0,36.0,18.6667,5.4012,27.7778,14.4033
E01001932,1592,20.3333,272.3333,74.6667,12.7722,171.0637,46.9012
E01001933,1496,12.3333,77.3333,24.6667,8.2442,51.6934,16.4884
E01001934,1961,5.6667,27.6667,43.0,2.8897,14.1084,21.9276
E01001935,2038,7.0,32.0,35.3333,3.4347,15.7017,17.3373
E01001937,1789,16.3333,45.0,31.6667,9.1299,25.1537,17.7008
E01001938,1575,5.3333,30.6667,39.0,3.3862,19.4709,24.7619
E01001940,1538,12.6667,60.3333,56.0,8.2358,39.2284,36.4109
E01001941,1566,37.3333,206.0,184.6667,23.8399,131.5453,117.9225
E01001942,1838,19.0,72.6667,61.0,10.3373,39.5357,33.1882
E01001943,2263,51.3333,1552.0,370.0,22.6838,685.8153,163.4998
E01001944,1680,15.3333,56.3333,57.0,9.127,33.5317,33.9286
E01001945,1665,9.6667,48.0,49.6667,5.8058,28.8288,29.8298
E01001946,1877,12.3333,63.3333,53.3333,6.5708,33.7418,28.4141
E01001947,1417,7.3333,43.3333,44.0,5.1753,30.581,31.0515
E01001948,1873,28.3333,96.6667,31.0,15.1272,51.6106,16.551
E01001949,1473,4.0,25.0,11.6667,2.7155,16.9722,7.9203
E01001950,1486,9.0,67.6667,19.6667,6.0565,45.5361,13.2346
E01001951,1515,13.6667,63.6667,27.6667,9.0209,42.0242,18.2618
E01001952,1647,10.3333,54.0,24.3333,6.274,32.7869,14.7743
E01001953,1463,13.3333,155.6667,66.3333,9.1137,106.4024,45.3406
E01001954,1526,7.0,40.3333,33.0,4.5872,26.4308,21.6252
E01001955,2108,14.3333,49.3333,50.6667,6.7995,23.4029,24.0354
E01001956,1575,7.6667,23.0,32.3333,4.8677,14.6032,20.5291
E01001957,1626,3.0,22.3333,33.3333,1.845,13.7351,20.5002
E01001958,1725,3.6667,21.0,51.3333,2.1256,12.1739,29.7585
E01001959,2019,7.0,29.3333,48.3333,3.4671,14.5286,23.9392
E01001960,1794,12.6667,49.6667,32.0,7.0606,27.6849,17.8372
E01001961,1575,5.6667,27.3333,63.0,3.5979,17.3545,40.0
E01001962,1823,9.6667,45.6667,26.6667,5.3026,25.0503,14.6279
E01001963,1800,8.6667,48.0,18.6667,4.8148,26.6667,10.3704
E01001964,1628,6.0,41.6667,31.3333,3.6855,25.5938,19.2465
E01001965,1636,3.6667,29.3333,15.6667,2.2412,17.9299,9.5762
E01001966,1410,15.3333,109.6667,39.0,10.8747,77.7778,27.6596
E01001967,1495,6.3333,37.6667,15.0,4.2363,25.1951,10.0334
E01001968,1648,5.0,27.3333,15.0,3.034,16.5858,9.1019
E01001969,1966,5.6667,36.3333,43.6667,2.8823,18.4808,22.2109
E01001970,1904,8.6667,94.0,45.0,4.5518,49.3697,23.6345
E01001971,1906,4.0,43.0,110.6667,2.0986,22.5603,58.0623
E01001972,1713,8.0,46.3333,33.6667,4.6702,27.0481,19.6536
E01001973,2548,12.6667,260.0,50.6667,4.9712,102.0408,19.8849
E01001974,2213,12.6667,36.3333,56.6667,5.7238,16.4181,25.6063
E01001975,1822,8.3333,40.0,44.3333,4.5737,21.9539,24.3322
E01001976,1868,5.0,45.3333,45.0,2.6767,24.2684,24.0899
E01001977,1519,9.0,42.6667,41.3333,5.925,28.0887,27.2109
E01001978,1927,11.6667,73.6667,70.3333,6.0543,38.2287,36.4989
E01001979,2292,19.0,151.0,138.6667,8.2897,65.8813,60.5003
E01001980,1816,7.3333,49.0,50.3333,4.0382,26.9824,27.7166
E01001981,1803,9.6667,49.3333,61.0,5.3614,27.3618,33.8325
E01001982,1801,9.0,50.3333,47.0,4.9972,27.9474,26.0966
E01001983,1661,7.3333,45.0,42.3333,4.415,27.0921,25.4867
E01001984,1749,15.3333,29.6667,22.0,8.7669,16.9621,12.5786
E01001985,1622,10.3333,35.6667,10.3333,6.3707,21.9893,6.3707
E01001986,1565,8.6667,34.0,23.3333,5.5378,21.7252,14.9095
E01001987,1705,11.3333,34.0,18.0,6.6471,19.9413,10.5572
E01001988,1667,17.3333,41.3333,22.6667,10.3979,24.795,13.5973
E01001989,1719,14.0,59.3333,30.3333,8.1443,34.5162,17.6459
E01001990,1950,21.0,180.6667,49.0,10.7692,92.6496,25.1282
E01001991,1660,7.0,35.3333,19.3333,4.2169,21.2851,11.6466
E01001992,1751,14.6667,37.3333,9.6667,8.3762,21.3211,5.5207
E01001993,1669,10.0,33.6667,11.6667,5.9916,20.1718,6.9902
E01001994,1809,19.0,39.6667,27.6667,10.503,21.9274,15.2939
E01001995,2683,17.0,41.0,49.6667,6.3362,15.2814,18.5116
E01001996,1493,9.0,29.6667,23.3333,6.0281,19.8705,15.6285
E01001997,1782,9.3333,113.0,45.3333,5.2376,63.4119,25.4396
E01001998,1933,9.3333,40.3333,29.3333,4.8284,20.8657,15.175
E01001999,2436,14.6667,117.3333,74.0,6.0208,48.1664,30.3777
E01002000,1761,8.0,40.0,25.6667,4.5429,22.7144,14.5751
E01002001,1596,10.3333,54.6667,31.3333,6.4745,34.2523,19.6324
E01002002,1691,17.3333,449.3333,162.6667,10.2503,265.7205,96.1955
E01002003,2557,19.6667,117.6667,110.0,7.6913,46.0175,43.0192
E01002004,1810,9.0,37.6667,20.0,4.9724,20.8103,11.0497
E01002005,1458,18.0,81.3333,27.3333,12.3457,55.7842,18.7471
E01002006,1537,9.3333,26.6667,22.0,6.0724,17.3498,14.3136
E01002007,1439,15.0,38.3333,10.3333,10.4239,26.6389,7.1809
E01002008,1341,21.6667,54.0,16.6667,16.1571,40.2685,12.4285
E01002009,1414,14.3333,52.3333,23.3333,10.1367,37.0108,16.5017
E01002010,1597,13.3333,40.0,23.6667,8.349,25.047,14.8195
E01002011,1748,12.6667,63.3333,39.0,7.2464,36.2319,22.3112
E01002013,1361,4.0,21.6667,17.6667,2.939,15.9197,12.9807
E01002014,1734,15.0,54.6667,52.6667,8.6505,31.5263,30.3729
E01002015,1425,5.3333,33.6667,28.3333,3.7427,23.6257,19.883
E01002016,1913,8.0,33.3333,39.0,4.1819,17.4246,20.3868
E01002017,1571,11.3333,50.0,40.0,7.2141,31.8269,25.4615
E01002018,1375,2.6667,17.0,31.0,1.9394,12.3636,22.5455
E01002019,1370,6.6667,28.3333,16.0,4.8662,20.6813,11.6788
E01002020,1546,21.3333,66.3333,20.3333,13.7991,42.9064,13.1522
E01002021,1429,8.0,36.6667,10.0,5.5983,25.659,6.9979
E01002022,2168,19.6667,239.6667,71.0,9.0713,110.5474,32.7491
E01002023,1369,9.3333,28.0,10.0,6.8176,20.4529,7.3046
E01002024,1271,7.0,33.3333,21.6667,5.5075,26.2261,17.0469
E01002025,1476,11.0,28.0,8.6667,7.4526,18.9702,5.8717
E01002026,1781,21.0,885.3333,161.6667,11.7911,497.099,90.773
E01002027,1430,6.3333,30.0,35.0,4.4289,20.979,24.4755
E01002028,1660,9.6667,51.6667,47.0,5.8233,31.1245,28.3133
E01002029,2109,30.6667,488.3333,191.0,14.5409,231.5473,90.5642
E01002030,1564,17.3333,76.6667,52.0,11.0827,49.0196,33.2481
E01002031,1869,19.6667,285.6667,103.6667,10.5226,152.8447,55.4664
E01002032,1844,8.0,70.6667,63.0,4.3384,38.3225,34.1649
E01002033,1802,7.0,52.6667,34.6667,3.8846,29.2268,19.2379
E01002034,2489,46.0,299.6667,197.6667,18.4813,120.3964,79.4161
E01002036,1864,13.6667,85.3333,90.3333,7.3319,45.7797,48.4621
E01002037,1717,32.6667,142.3333,111.0,19.0254,82.8965,64.6476
E01002038,1795,18.6667,112.0,94.3333,10.3993,62.3955,52.5534
E01002039,1672,4.0,65.6667,59.3333,2.3923,39.2743,35.4864
E01002040,2267,16.3333,75.6667,89.0,7.2048,33.3774,39.2589
E01002041,1867,14.0,73.0,61.6667,7.4987,39.1002,33.0298
E01002042,1567,15.0,60.3333,99.0,9.5724,38.5024,63.178
E01002043,1810,13.0,89.0,55.3333,7.1823,49.1713,30.5709
E01002044,1780,10.6667,77.3333,43.0,5.9925,43.4457,24.1573
E01002045,2131,9.6667,51.3333,56.0,4.5362,24.0888,26.2787
E01002046,1618,7.6667,74.6667,46.3333,4.7384,46.1475,28.6362
E01002047,1655,10.3333,75.3333,43.0,6.2437,45.5186,25.9819
E01002048,1905,13.6667,57.3333,44.0,7.1741,30.0962,23.0971
E01002049,1899,7.3333,58.3333,50.6667,3.8617,30.7179,26.6807
E01002050,1990,3.0,28.0,14.6667,1.5075,14.0704,7.3702
E01002051,1871,13.3333,103.6667,85.6667,7.1263,55.4071,45.7866
E01002052,2205,4.0,31.0,32.3333,1.8141,14.059,14.6636
E01002053,2025,9.3333,42.6667,36.3333,4.6091,21.07,17.9424
E01002054,1694,12.0,68.6667,65.3333,7.0838,40.5352,38.5675
E01002055,2103,7.0,48.3333,25.6667,3.3286,22.983,12.2048
E01002056,2921,22.3333,86.6667,74.6667,7.6458,29.6702,25.562
E01002057,1794,8.0,75.6667,39.3333,4.4593,42.1776,21.9249
E01002058,1574,11.6667,202.6667,73.3333,7.4121,128.759,46.5904
E01002059,1562,6.3333,36.6667,29.3333,4.0546,23.4742,18.7793
E01002060,1708,8.6667,24.6667,20.3333,5.0742,14.4418,11.9048
E01002061,1544,14.0,39.3333,15.3333,9.0674,25.475,9.9309
E01002062,1740,12.6667,51.6667,23.0,7.2797,29.6935,13.2184
E01002063,1502,12.0,37.3333,28.6667,7.9893,24.8557,19.0857
E01002064,1478,6.6667,42.3333,27.0,4.5106,28.6423,18.2679
E01002065,1596,20.3333,85.6667,60.3333,12.7402,53.6759,37.8028
E01002066,2611,13.3333,200.0,110.0,5.1066,76.599,42.1295
E01002067,1741,14.0,65.0,61.0,8.0414,37.3349,35.0373
E01002068,2245,19.0,309.0,122.3333,8.4633,137.6392,54.4915
E01002069,2048,20.0,361.6667,178.6667,9.7656,176.5951,87.2396
E01002070,2550,20.0,71.0,45.6667,7.8431,27.8431,17.9085
E01002071,1780,12.6667,83.3333,68.6667,7.1161,46.8165,38.5768
E01002072,1875,15.6667,151.6667,88.3333,8.3556,80.8889,47.1111
E01002073,1647,13.6667,123.3333,64.6667,8.2979,74.8836,39.2633
E01002074,2246,8.6667,76.0,85.6667,3.8587,33.8379,38.1419
E01002075,1972,15.3333,77.0,73.6667,7.7755,39.0467,37.3563
E01002076,1855,10.6667,44.0,53.6667,5.7502,23.7197,28.9308
E01002077,2269,17.3333,284.3333,106.0,7.6392,125.3122,46.7166
E01002078,2552,16.6667,65.0,51.0,6.5308,25.4702,19.9843
E01002079,1809,6.3333,42.6667,42.3333,3.501,23.5858,23.4015
E01002081,1930,15.6667,146.6667,92.3333,8.1174,75.9931,47.8411
E01002082,1418,4.6667,35.6667,55.3333,3.291,25.1528,39.0221
E01002083,1393,11.3333,30.3333,20.3333,8.1359,21.7755,14.5968
E01002084,1763,15.3333,65.6667,51.3333,8.6973,37.2471,29.117
E01002085,2173,10.6667,148.0,68.6667,4.9087,68.1086,31.5999
E01002086,1497,8.6667,58.6667,43.6667,5.7894,39.1895,29.1695
E01002087,1913,10.6667,60.0,52.3333,5.5759,31.3643,27.3567
E01002088,1800,15.6667,70.6667,57.3333,8.7037,39.2593,31.8519
E01002089,1346,1.6667,28.6667,25.0,1.2382,21.2977,18.5736
E01002090,1736,10.6667,64.6667,45.0,6.1444,37.2504,25.9217
E01002091,1843,14.3333,62.0,41.0,7.7772,33.6408,22.2463
E01002092,1597,6.6667,43.3333,44.6667,4.1745,27.1342,27.9691
E01002093,1839,15.0,90.0,74.6667,8.1566,48.9396,40.6018
E01002094,1443,7.0,39.3333,38.6667,4.851,27.258,26.796
E01002095,1589,8.0,89.3333,48.6667,5.0346,56.2198,30.6272
E01002096,1692,6.3333,38.0,25.6667,3.7431,22.4586,15.1694
E01002097,1598,5.3333,55.6667,45.3333,3.3375,34.8352,28.3688
E01002098,1530,6.3333,50.6667,61.3333,4.1394,33.1155,40.0871
E01002099,2020,7.0,58.6667,60.3333,3.4653,29.0429,29.868
E01002100,1785,9.3333,63.6667,63.0,5.2288,35.6676,35.2941
E01002101,1980,7.6667,29.6667,36.0,3.8721,14.9832,18.1818
E01002102,1927,8.3333,52.0,47.0,4.3245,26.985,24.3902
E01002103,1852,8.0,54.3333,59.6667,4.3197,29.3377,32.2174
E01002104,1454,8.6667,42.3333,54.0,5.9606,29.1151,37.1389
E01002105,2076,7.6667,132.6667,93.6667,3.693,63.9049,45.1188
E01002106,2029,6.3333,23.3333,20.3333,3.1214,11.4999,10.0214
E01002107,1819,5.6667,13.0,23.0,3.1153,7.1468,12.6443
E01002108,1840,3.3333,19.6667,17.0,1.8116,10.6884,9.2391
E01002109,1871,6.3333,14.0,20.3333,3.385,7.4826,10.8676
E01002110,1664,4.0,20.3333,15.3333,2.4038,12.2196,9.2147
E01002111,2200,7.0,55.6667,39.0,3.1818,25.303,17.7273
E01002112,1994,9.3333,46.6667,21.3333,4.6807,23.4035,10.6988
E01002113,1560,8.3333,22.0,24.6667,5.3419,14.1026,15.812
E01002114,2230,7.0,31.0,31.0,3.139,13.9013,13.9013
E01002115,1464,5.6667,16.6667,12.0,3.8707,11.3843,8.1967
E01002116,1590,7.0,17.3333,12.6667,4.4025,10.9015,7.9665
E01002118,1878,16.6667,56.6667,58.6667,8.8747,30.1739,31.2389
E01002119,2508,9.0,61.0,55.0,3.5885,24.3222,21.9298
E01002120,1362,7.6667,24.3333,37.0,5.629,17.8659,27.1659
E01002121,1822,9.0,20.3333,19.3333,4.9396,11.1599,10.6111
E01002122,1859,8.6667,20.3333,20.0,4.662,10.9378,10.7585
E01002123,1713,18.0,61.6667,55.0,10.5079,35.9992,32.1074
E01002124,1793,5.6667,18.6667,18.3333,3.1604,10.4109,10.2249
E01002125,1970,15.3333,41.0,37.0,7.7834,20.8122,18.7817
E01002127,1840,7.0,46.3333,29.0,3.8043,25.1812,15.7609
E01002128,2116,7.6667,39.0,61.6667,3.6232,18.431,29.143
E01002129,2731,32.6667,725.0,201.3333,11.9614,265.4705,73.7215
E01002130,2908,28.0,292.6667,168.0,9.6286,100.6419,57.7717
E01002131,1711,4.3333,27.3333,45.3333,2.5326,15.9751,26.4952
E01002132,2037,6.6667,23.6667,32.6667,3.2728,11.6184,16.0367
E01002133,2042,11.3333,41.3333,68.6667,5.5501,20.2416,33.6272
E01002134,1491,7.0,21.0,78.6667,4.6948,14.0845,52.761
E01002135,2015,11.6667,41.3333,44.0,5.7899,20.5128,21.8362
E01002136,2031,7.0,58.3333,42.0,3.4466,28.7215,20.6795
E01002137,1747,4.6667,33.6667,23.0,2.6712,19.2711,13.1654
E01002138,1610,2.0,18.6667,21.6667,1.2422,11.5942,13.4576
E01002139,1503,6.0,21.0,32.0,3.992,13.9721,21.2908
E01002140,1796,7.6667,35.0,36.6667,4.2687,19.4878,20.4157
E01002141,1792,7.3333,23.6667,25.0,4.0923,13.2068,13.9509
E01002142,1858,10.6667,81.3333,42.6667,5.7409,43.7747,22.9638
E01002143,1631,7.3333,21.3333,30.0,4.4962,13.0799,18.3936
E01002144,1620,10.0,31.0,25.6667,6.1728,19.1358,15.8436
E01002145,1685,5.0,20.6667,23.0,2.9674,12.2651,13.6499
E01002146,1462,4.6667,15.6667,14.6667,3.192,10.7159,10.0319
E01002147,1356,8.6667,15.3333,9.6667,6.3913,11.3078,7.1288
E01002148,1464,7.3333,38.0,16.3333,5.0091,25.9563,11.1566
E01002149,1321,3.0,19.0,5.0,2.271,14.383,3.785
E01002150,2400,9.3333,125.0,37.6667,3.8889,52.0833,15.6944
E01002151,1566,9.6667,32.0,42.0,6.1728,20.4342,26.8199
E01002152,1615,6.3333,19.3333,10.0,3.9216,11.9711,6.192
E01002153,1880,2.6667,18.6667,9.3333,1.4184,9.9291,4.9645
E01002155,1726,5.6667,10.6667,19.6667,3.2831,6.18,11.3944
E01002156,1568,5.3333,18.6667,11.6667,3.4014,11.9048,7.4405
E01002157,1698,6.0,55.0,42.6667,3.5336,32.391,25.1276
E01002158,1407,4.6667,11.3333,9.0,3.3167,8.055,6.3966
E01002159,1929,6.3333,48.0,26.6667,3.2832,24.8834,13.8241
E01002160,2475,9.6667,112.3333,51.0,3.9057,45.3872,20.6061
E01002161,2058,2.6667,35.0,26.0,1.2958,17.0068,12.6336
E01002162,1927,9.0,33.6667,32.6667,4.6705,17.471,16.9521
E01002163,1651,6.6667,19.3333,13.6667,4.038,11.7101,8.2778
E01002164,1924,6.0,36.3333,24.3333,3.1185,18.8843,12.6473
E01002165,1763,9.0,33.0,18.6667,5.1049,18.7181,10.588
E01002166,1708,2.6667,17.3333,17.3333,1.5613,10.1483,10.1483
E01002167,1610,2.3333,15.3333,16.6667,1.4493,9.5238,10.352
E01002168,1548,3.6667,17.0,19.6667,2.3686,10.9819,12.7046
E01002169,1667,4.3333,18.6667,31.0,2.5995,11.1978,18.5963
E01002170,1369,2.6667,16.0,15.6667,1.9479,11.6874,11.4439
E01002171,1703,4.3333,18.6667,17.6667,2.5445,10.961,10.3739
E01002172,1613,5.3333,34.0,21.0,3.3065,21.0787,13.0192
E01002173,1909,4.0,19.0,16.6667,2.0953,9.9529,8.7306
E01002174,1568,3.0,17.6667,18.6667,1.9133,11.267,11.9048
E01002175,1420,2.0,25.0,30.3333,1.4085,17.6056,21.3615
E01002176,1695,6.6667,80.6667,36.6667,3.9331,47.591,21.6323
E01002177,1478,1.6667,22.0,24.3333,1.1276,14.885,16.4637
E01002178,1638,2.3333,17.3333,8.0,1.4245,10.582,4.884
E01002179,2632,31.6667,119.6667,114.0,12.0314,45.4661,43.3131
E01002181,2336,23.3333,46.0,59.6667,9.9886,19.6918,25.5422
E01002182,2142,10.6667,35.0,41.0,4.9798,16.3399,19.141
E01002183,2107,11.0,41.3333,39.3333,5.2207,19.6171,18.6679
E01002184,1928,9.0,33.3333,38.0,4.668,17.2891,19.7095
E01002185,1855,6.6667,22.0,41.0,3.5939,11.8598,22.1024
E01002186,1935,12.3333,132.3333,49.6667,6.3738,68.3893,25.6675
E01002187,1983,5.6667,20.3333,22.3333,2.8576,10.2538,11.2624
E01002188,1608,6.6667,15.6667,6.3333,4.1459,9.743,3.9386
E01002189,1734,10.6667,115.0,34.6667,6.1515,66.3206,19.9923
E01002190,1708,7.3333,20.6667,9.0,4.2935,12.0999,5.2693
E01002191,2021,3.6667,13.3333,27.6667,1.8143,6.5974,13.6896
E01002192,1683,8.3333,24.0,17.0,4.9515,14.2602,10.101
E01002193,2045,5.0,21.0,30.6667,2.445,10.2689,14.9959
E01002194,1838,8.6667,16.0,19.6667,4.7153,8.7051,10.7
E01002195,1658,4.0,24.0,10.6667,2.4125,14.4753,6.4335
E01002196,1822,2.3333,13.6667,10.6667,1.2806,7.5009,5.8544
E01002197,1416,2.3333,12.3333,21.3333,1.6478,8.71,15.0659
E01002198,1812,4.0,16.3333,18.0,2.2075,9.014,9.9338
E01002199,1570,3.0,21.6667,11.3333,1.9108,13.8004,7.2187
E01002200,2199,9.0,23.3333,38.3333,4.0928,10.6109,17.4322
E01002201,1713,3.3333,10.6667,12.3333,1.9459,6.2269,7.1998
E01002202,2196,12.0,81.0,49.6667,5.4645,36.8852,22.6169
E01002203,1811,8.6667,23.0,17.6667,4.7856,12.7002,9.7552
E01002204,1881,5.6667,45.6667,41.3333,3.0126,24.2779,21.9741
E01002206,1388,3.0,25.0,15.0,2.1614,18.0115,10.8069
E01002207,1773,4.3333,13.3333,12.6667,2.4441,7.5202,7.1442
E01002208,1360,5.0,13.3333,10.3333,3.6765,9.8039,7.598
E01002209,1861,8.6667,48.6667,48.0,4.657,26.1508,25.7926
E01002210,1548,5.0,17.3333,13.0,3.23,11.1972,8.3979
E01002211,1486,2.3333,17.3333,32.3333,1.5702,11.6644,21.7586
E01002212,1888,7.3333,141.3333,72.6667,3.8842,74.8588,38.4887
E01002214,1909,5.0,27.6667,28.0,2.6192,14.4928,14.6674
E01002215,1736,6.6667,24.0,42.3333,3.8402,13.8249,24.3856
E01002216,1732,7.0,22.3333,14.6667,4.0416,12.8945,8.4681
E01002217,2206,4.6667,21.0,37.6667,2.1154,9.5195,17.0746
E01002218,1817,9.3333,87.0,39.0,5.1367,47.8811,21.464
E01002219,1930,13.6667,108.6667,74.3333,7.0812,56.304,38.5147
E01002220,1643,6.0,18.6667,19.3333,3.6519,11.3613,11.7671
E01002221,1630,11.3333,56.0,43.6667,6.953,34.3558,26.7894
E01002222,1605,7.6667,22.3333,28.3333,4.7767,13.9148,17.6532
E01002223,1794,7.6667,22.0,24.0,4.2735,12.2631,13.3779
E01002224,1624,7.0,13.3333,21.0,4.3103,8.2102,12.931
E01002225,1751,10.3333,12.3333,16.0,5.9014,7.0436,9.1376
E01002226,2623,19.6667,101.3333,71.6667,7.4978,38.6326,27.3224
E01002227,2275,7.0,24.3333,32.6667,3.0769,10.696,14.359
E01002228,2251,13.3333,22.6667,24.3333,5.9233,10.0696,10.81
E01002229,1828,10.3333,30.0,39.6667,5.6528,16.4114,21.6995
E01002230,1838,6.6667,15.6667,12.0,3.6271,8.5238,6.5288
E01002231,2056,7.3333,28.6667,31.3333,3.5668,13.9429,15.2399
E01002232,2153,9.6667,54.3333,51.3333,4.4899,25.2361,23.8427
E01002233,2422,14.0,88.6667,80.3333,5.7803,36.6089,33.1682
E01002234,1962,7.3333,37.6667,39.6667,3.7377,19.1981,20.2175
E01002235,1881,7.6667,38.3333,42.3333,4.0758,20.3792,22.5058
E01002236,2327,14.6667,76.0,67.3333,6.3028,32.6601,28.9357
E01002237,2114,3.0,25.3333,30.0,1.4191,11.9836,14.1911
E01002238,1886,8.0,28.6667,22.6667,4.2418,15.1997,12.0184
E01002239,1936,11.3333,17.6667,20.6667,5.854,9.1253,10.6749
E01002240,1957,3.6667,20.3333,22.6667,1.8736,10.3901,11.5824
E01002241,1902,5.0,19.3333,30.6667,2.6288,10.1647,16.1234
E01002242,1866,4.3333,22.0,19.0,2.3223,11.7899,10.1822
E01002243,1972,7.6667,49.0,75.3333,3.8878,24.8479,38.2015
E01002244,1814,7.6667,24.6667,51.6667,4.2264,13.5979,28.4822
E01002245,1647,9.0,43.3333,31.6667,5.4645,26.3105,19.2269
E01002246,1841,6.6667,32.0,37.0,3.6212,17.3819,20.0978
E01002247,2486,8.0,34.3333,67.6667,3.218,13.8107,27.2191
E01002248,1754,17.6667,99.3333,144.0,10.0722,56.6325,82.0981
E01002250,1833,8.0,34.0,43.6667,4.3644,18.5488,23.8225
E01002251,1596,3.6667,19.0,36.6667,2.2974,11.9048,22.9741
E01002252,1591,3.3333,12.0,12.0,2.0951,7.5424,7.5424
E01002253,1583,2.6667,12.6667,7.6667,1.6846,8.0017,4.8431
E01002254,1630,3.3333,21.6667,16.0,2.045,13.2924,9.816
E01002255,1543,2.3333,8.3333,16.6667,1.5122,5.4007,10.8015
E01002256,1518,2.0,7.6667,6.0,1.3175,5.0505,3.9526
E01002257,1736,4.6667,18.6667,14.6667,2.6882,10.7527,8.4485
E01002258,1839,3.6667,20.3333,53.6667,1.9938,11.0567,29.1825
E01002259,1548,3.0,14.3333,15.0,1.938,9.2593,9.6899
E01002260,1810,7.3333,20.3333,34.3333,4.0516,11.2339,18.9687
E01002261,1786,10.3333,107.6667,43.6667,5.7857,60.2837,24.4494
E01002262,1758,4.6667,19.3333,28.3333,2.6545,10.9973,16.1168
E01002263,1608,2.6667,7.6667,20.6667,1.6584,4.7678,12.8524
E01002264,1673,7.3333,22.0,48.3333,4.3833,13.15,28.8902
E01002265,1508,6.0,34.0,19.6667,3.9788,22.5464,13.0416
E01002266,1543,5.3333,98.0,31.3333,3.4565,63.5126,20.3068
E01002267,1798,2.3333,18.0,26.6667,1.2977,10.0111,14.8313
E01002268,1488,5.0,22.0,35.6667,3.3602,14.7849,23.9695
E01002269,1857,4.6667,31.3333,21.3333,2.513,16.8731,11.4881
E01002270,1739,8.6667,16.0,25.6667,4.9837,9.2007,14.7594
E01002271,1591,4.6667,15.6667,11.0,2.9332,9.8471,6.9139
E01002272,1361,3.6667,31.3333,19.3333,2.6941,23.0223,14.2052
E01002273,1341,2.6667,17.6667,24.0,1.9886,13.1742,17.8971
E01002274,1665,4.3333,34.0,19.0,2.6026,20.4204,11.4114
E01002275,1318,0.6667,16.3333,16.0,0.5058,12.3925,12.1396
E01002276,2074,11.0,40.6667,52.0,5.3038,19.6078,25.0723
E01002277,1621,15.6667,55.3333,66.0,9.6648,34.1353,40.7156
E01002278,1726,11.0,30.3333,42.3333,6.3731,17.5744,24.5268
E01002279,1746,9.3333,21.3333,48.3333,5.3456,12.2184,27.6823
E01002280,1860,8.6667,29.0,67.0,4.6595,15.5914,36.0215
E01002281,2463,22.0,58.6667,87.0,8.9322,23.8192,35.3228
E01002282,1958,25.0,223.6667,173.6667,12.7681,114.2322,88.6959
E01002283,1699,10.6667,25.6667,27.0,6.2782,15.1069,15.8917
E01002284,2068,13.3333,43.0,50.6667,6.4475,20.793,24.5003
E01002285,1365,3.3333,20.3333,19.0,2.442,14.8962,13.9194
E01002286,1618,4.6667,9.6667,6.3333,2.8842,5.9745,3.9143
E01002287,1597,3.0,17.0,17.3333,1.8785,10.645,10.8537
E01002288,1598,2.3333,8.0,16.6667,1.4602,5.0063,10.4297
E01002289,1664,9.0,73.6667,17.6667,5.4087,44.2708,10.617
E01002290,1492,3.6667,10.0,15.0,2.4576,6.7024,10.0536
E01002291,1512,3.0,41.6667,26.3333,1.9841,27.5573,17.4162
E01002292,1705,4.0,22.6667,30.3333,2.346,13.2942,17.7908
E01002294,1540,4.0,15.0,27.3333,2.5974,9.7403,17.7489
E01002295,2002,10.3333,28.0,26.3333,5.1615,13.986,13.1535
E01002296,1696,11.6667,26.3333,20.0,6.8789,15.5267,11.7925
E01002297,1642,10.0,55.6667,45.6667,6.0901,33.9017,27.8116
E01002298,1605,10.3333,23.3333,30.3333,6.4382,14.5379,18.8993
E01002299,1817,11.6667,28.6667,43.0,6.4208,15.7769,23.6654
E01002300,2001,7.3333,27.3333,19.3333,3.6648,13.6598,9.6618
E01002301,1637,4.6667,20.3333,20.0,2.8507,12.4211,12.2175
E01002302,1723,6.0,31.6667,29.6667,3.4823,18.3788,17.218
E01002303,2154,7.3333,26.3333,45.0,3.4045,12.2253,20.8914
E01002304,1541,8.3333,31.3333,45.0,5.4077,20.3331,29.2018
E01002305,1714,3.6667,18.3333,29.6667,2.1392,10.6962,17.3084
E01002306,1839,5.0,24.0,61.0,2.7189,13.0506,33.1702
E01002307,1898,5.3333,20.3333,32.3333,2.81,10.713,17.0355
E01002308,1855,4.0,19.0,49.3333,2.1563,10.2426,26.5948
E01002309,1787,7.3333,21.0,46.3333,4.1037,11.7515,25.928
E01002310,1875,20.6667,157.6667,88.3333,11.0222,84.0889,47.1111
E01002311,1894,9.3333,31.0,55.3333,4.9278,16.3675,29.2151
E01002312,1697,6.0,37.0,52.3333,3.5357,21.8032,30.8387
E01002313,2260,13.0,38.3333,52.3333,5.7522,16.9617,23.1563
E01002314,1855,12.3333,36.6667,55.6667,6.6487,19.7664,30.009
E01002315,1727,6.6667,21.6667,39.3333,3.8603,12.5458,22.7755
E01002316,2074,12.6667,49.6667,104.3333,6.1074,23.9473,50.3054
E01002317,1546,2.3333,18.0,14.0,1.5093,11.6429,9.0556
E01002318,1656,1.3333,25.6667,18.6667,0.8052,15.4992,11.2721
E01002319,1861,21.3333,222.6667,62.3333,11.4634,119.6489,33.4945
E01002320,1499,1.0,19.3333,10.6667,0.6671,12.8975,7.1159
E01002321,1796,6.0,45.6667,38.6667,3.3408,25.4269,21.5293
E01002322,1931,3.3333,22.3333,21.0,1.7262,11.5657,10.8752
E01002323,1725,10.0,17.3333,23.6667,5.7971,10.0483,13.7198
E01002324,1541,4.3333,15.0,23.0,2.812,9.7339,14.9254
E01002325,2144,9.6667,60.0,52.3333,4.5087,27.9851,24.4092
E01002326,1696,9.6667,188.6667,64.6667,5.6997,111.2421,38.1289
E01002327,1556,3.3333,13.6667,19.6667,2.1422,8.7832,12.6392
E01002328,1794,7.0,28.3333,23.6667,3.9019,15.7934,13.1921
E01002329,1737,7.6667,27.6667,32.3333,4.4137,15.9278,18.6145
E01002330,1843,11.0,56.0,36.3333,5.9685,30.3852,19.7142
E01002331,1663,4.0,16.3333,22.6667,2.4053,9.8216,13.63
E01002332,1754,5.6667,34.6667,25.0,3.2307,19.7643,14.2531
E01002333,1328,4.6667,18.3333,15.6667,3.5141,13.8052,11.7972
E01002334,1732,8.6667,22.3333,20.6667,5.0038,12.8945,11.9323
E01002335,1480,2.0,17.3333,31.6667,1.3514,11.7117,21.3964
E01002336,1634,2.6667,25.6667,26.0,1.632,15.7079,15.9119
E01002337,1322,13.6667,132.0,26.0,10.3379,99.8487,19.6672
E01002338,1410,9.6667,23.0,34.0,6.8558,16.3121,24.1135
E01002339,1648,3.6667,18.0,28.6667,2.2249,10.9223,17.3948
E01002340,1478,2.0,22.0,24.0,1.3532,14.885,16.2382
E01002341,1478,4.3333,13.0,15.0,2.9319,8.7957,10.1488
E01002342,1723,5.3333,37.0,37.6667,3.0954,21.4742,21.8611
E01002343,1755,4.6667,21.3333,32.0,2.6591,12.1557,18.2336
E01002344,1968,14.6667,102.0,53.6667,7.4526,51.8293,27.2696
E01002345,1957,16.6667,130.6667,84.3333,8.5164,66.7689,43.0932
E01002346,1553,7.3333,20.0,35.6667,4.722,12.8783,22.9663
E01002347,1504,7.6667,20.3333,27.3333,5.0975,13.5195,18.1738
E01002348,1560,4.6667,19.3333,16.3333,2.9915,12.3932,10.4701
E01002349,1545,3.3333,12.6667,23.3333,2.1575,8.1985,15.1025
E01002350,1723,18.6667,109.3333,58.0,10.8338,63.4552,33.6622
E01002351,1768,9.3333,32.3333,24.3333,5.279,18.2881,13.7632
E01002352,1987,6.3333,31.6667,32.3333,3.1874,15.9369,16.2724
E01002353,2045,15.3333,131.0,153.0,7.498,64.0587,74.8166
E01002354,1388,2.3333,18.3333,18.0,1.6811,13.2085,12.9683
E01002355,1492,5.3333,18.3333,15.0,3.5746,12.2878,10.0536
E01002356,2110,26.3333,387.0,448.6667,12.4803,183.4123,212.6382
E01002358,2109,10.0,35.6667,44.6667,4.7416,16.9116,21.1791
E01002359,1313,3.3333,16.3333,9.6667,2.5387,12.4397,7.3623
E01002360,1484,4.3333,19.0,30.6667,2.92,12.8032,20.6649
E01002361,1981,16.0,235.3333,102.0,8.0767,118.7952,51.4891
E01002362,1507,3.6667,29.6667,21.0,2.4331,19.6859,13.935
E01002363,1480,4.6667,29.3333,27.0,3.1532,19.8198,18.2432
E01002364,1355,2.6667,16.0,10.0,1.968,11.8081,7.3801
E01002365,1343,6.0,23.6667,31.6667,4.4676,17.6222,23.5791
E01002366,1548,2.3333,23.6667,20.6667,1.5073,15.2885,13.3506
E01002367,1743,6.0,47.3333,25.0,3.4423,27.1562,14.3431
E01002368,2487,28.3333,149.0,119.0,11.3926,59.9115,47.8488
E01002369,2045,8.3333,29.3333,42.3333,4.075,14.3439,20.7009
E01002370,2469,20.6667,80.3333,96.3333,8.3705,32.5368,39.0171
E01002371,1707,7.6667,32.3333,33.0,4.4913,18.9416,19.3322
E01002372,1695,5.0,17.6667,19.3333,2.9499,10.4228,11.4061
E01002373,1701,5.0,23.6667,29.6667,2.9394,13.9134,17.4407
E01002374,1732,8.6667,41.6667,43.0,5.0038,24.057,24.8268
E01002375,1932,13.0,28.6667,50.6667,6.7288,14.8378,26.225
E01002376,1455,3.0,17.6667,6.6667,2.0619,12.142,4.5819
E01002377,1774,11.0,37.6667,35.6667,6.2007,21.2326,20.1052
E01002378,1706,4.0,18.3333,16.0,2.3447,10.7464,9.3787
E01002379,1600,8.3333,55.3333,43.0,5.2083,34.5833,26.875
E01002380,2286,10.0,55.6667,47.0,4.3745,24.3511,20.5599
E01002381,1561,5.0,19.0,31.3333,3.2031,12.1717,20.0726
E01002382,1815,5.3333,31.0,28.0,2.9385,17.0799,15.427
E01002383,1666,5.6667,25.3333,21.3333,3.4014,15.2061,12.8051
E01002384,1639,5.3333,57.3333,20.3333,3.254,34.9807,12.4059
E01002385,1575,5.3333,64.0,30.0,3.3862,40.6349,19.0476
E01002386,2057,18.6667,168.3333,57.6667,9.0747,81.8344,28.0344
E01002387,1607,4.0,29.6667,11.3333,2.4891,18.4609,7.0525
E01002388,1649,4.3333,18.0,7.6667,2.6279,10.9157,4.6493
E01002389,1593,4.0,14.0,12.6667,2.511,8.7884,7.9515
E01002390,1488,2.0,26.3333,6.3333,1.3441,17.6971,4.2563
E01002391,1739,9.0,21.0,15.0,5.1754,12.0759,8.6256
E01002392,1760,7.0,26.6667,57.3333,3.9773,15.1515,32.5758
E01002393,2130,8.3333,37.6667,64.0,3.9124,17.6839,30.0469
E01002394,1746,2.3333,27.6667,30.3333,1.3364,15.8457,17.373
E01002395,1386,3.0,23.0,18.6667,2.1645,16.5945,13.468
E01002396,1834,10.0,87.3333,43.3333,5.4526,47.619,23.6278
E01002397,1958,20.3333,117.0,118.0,10.3847,59.7549,60.2656
E01002398,1855,4.6667,26.6667,50.3333,2.5157,14.3756,27.1339
E01002399,1677,3.0,26.3333,30.0,1.7889,15.7026,17.8891
E01002400,1996,7.6667,30.3333,40.6667,3.841,15.1971,20.3741
E01002401,2337,11.3333,45.6667,78.0,4.8495,19.5407,33.3761
E01002402,1638,4.0,18.3333,51.0,2.442,11.1925,31.1355
E01002403,2474,8.3333,33.6667,60.6667,3.3684,13.6082,24.5217
E01002404,2025,9.0,44.6667,43.3333,4.4444,22.0576,21.3992
E01002405,1959,8.0,62.6667,66.6667,4.0837,31.9891,34.031
E01002408,1651,9.6667,20.0,59.3333,5.855,12.1139,35.9378
E01002409,2009,7.3333,21.3333,34.3333,3.6502,10.6189,17.0898
E01002410,1939,6.6667,86.0,46.3333,3.4382,44.3528,23.8955
E01002411,2129,3.3333,27.0,59.0,1.5657,12.682,27.7125
E01002412,2323,8.0,100.0,310.6667,3.4438,43.0478,133.7351
E01002413,1634,11.0,91.0,57.6667,6.7319,55.6916,35.2917
E01002414,2696,10.0,73.0,78.6667,3.7092,27.0772,29.179
E01002415,1714,3.3333,13.0,17.3333,1.9448,7.5846,10.1128
E01002416,1744,3.0,16.6667,14.6667,1.7202,9.5566,8.4098
E01002417,1780,9.0,35.3333,29.0,5.0562,19.8502,16.2921
E01002418,1777,4.0,11.6667,13.0,2.251,6.5654,7.3157
E01002419,1690,5.6667,18.6667,15.3333,3.3531,11.0454,9.073
E01002420,1616,1.6667,12.0,25.3333,1.0314,7.4257,15.6766
E01002421,1703,4.0,34.6667,29.0,2.3488,20.3562,17.0288
E01002422,1564,5.0,45.0,44.0,3.1969,28.7724,28.133
E01002423,1819,10.6667,33.3333,52.3333,5.864,18.3251,28.7704
E01002424,1695,4.0,20.6667,33.3333,2.3599,12.1927,19.6657
E01002425,1693,5.0,16.3333,43.3333,2.9533,9.6476,25.5956
E01002426,2053,6.6667,19.3333,40.3333,3.2473,9.4171,19.646
E01002427,1597,3.0,17.0,19.0,1.8785,10.645,11.8973
E01002428,1565,2.3333,11.3333,29.0,1.4909,7.2417,18.5304
E01002429,1573,4.6667,17.3333,30.0,2.9667,11.0193,19.0718
E01002430,1391,5.3333,11.3333,8.3333,3.8342,8.1476,5.9909
E01002431,1339,3.0,9.6667,6.6667,2.2405,7.2193,4.9788
E01002432,1503,5.6667,120.6667,33.6667,3.7702,80.2839,22.3996
E01002433,2497,13.0,29.6667,49.3333,5.2062,11.8809,19.757
E01002434,1329,6.6667,35.3333,15.0,5.0163,26.5864,11.2867
E01002435,1536,6.3333,10.6667,13.6667,4.1233,6.9444,8.8976
E01002436,1679,6.6667,37.6667,28.6667,3.9706,22.434,17.0737
E01002437,1418,6.6667,9.6667,9.6667,4.7015,6.8171,6.8171
E01002438,1441,5.3333,11.0,27.6667,3.7011,7.6336,19.1996
E01002439,1549,8.3333,40.0,43.0,5.3798,25.8231,27.7598
E01002440,1584,7.6667,15.0,21.0,4.8401,9.4697,13.2576
E01002441,1601,8.0,17.0,36.0,4.9969,10.6184,22.4859
E01002442,1625,6.0,15.0,29.0,3.6923,9.2308,17.8462
E01002443,2041,15.0,169.6667,66.6667,7.3493,83.1292,32.6637
E01002444,1894,23.0,1504.0,502.6667,12.1436,794.0866,265.3995
E01002445,1769,9.3333,50.3333,60.6667,5.2761,28.453,34.2943
E01002446,1965,13.3333,73.3333,90.3333,6.7854,37.3198,45.9712
E01002447,2073,14.6667,196.3333,91.3333,7.0751,94.7098,44.0585
E01002448,2153,18.6667,73.3333,61.3333,8.6701,34.061,28.4874
E01002449,2146,14.3333,115.6667,76.0,6.6791,53.8987,35.4147
E01002450,1500,3.3333,12.0,17.3333,2.2222,8.0,11.5556
E01002451,1504,2.3333,16.3333,16.3333,1.5514,10.8599,10.8599
E01002452,1538,4.3333,43.6667,35.3333,2.8175,28.3919,22.9736
E01002453,1784,5.0,15.6667,21.0,2.8027,8.7818,11.7713
E01002454,1920,5.0,23.6667,47.6667,2.6042,12.3264,24.8264
E01002455,1982,6.3333,26.0,35.0,3.1954,13.1181,17.6589
E01002456,1736,4.3333,81.3333,50.6667,2.4962,46.851,29.1859
E01002457,1608,4.3333,23.6667,43.3333,2.6949,14.7181,26.9486
E01002458,1437,4.3333,15.3333,11.3333,3.0155,10.6704,7.8868
E01002459,1669,1.3333,14.3333,7.0,0.7989,8.588,4.1941
E01002460,1422,4.6667,46.3333,31.6667,3.2818,32.5832,22.2691
E01002461,1512,8.3333,14.6667,23.0,5.5115,9.7002,15.2116
E01002462,1498,1.3333,8.6667,9.6667,0.8901,5.7855,6.453
E01002463,1489,4.6667,9.6667,15.3333,3.1341,6.4921,10.2977
E01002464,1617,4.0,10.6667,10.6667,2.4737,6.5966,6.5966
E01002465,1714,4.6667,20.0,17.6667,2.7227,11.6686,10.3073
E01002466,1724,4.3333,17.3333,16.6667,2.5135,10.0541,9.6674
E01002467,1604,2.3333,15.6667,17.0,1.4547,9.7672,10.5985
E01002468,1714,1.0,17.6667,11.6667,0.5834,10.3073,6.8067
E01002469,1656,2.6667,17.0,12.6667,1.6103,10.2657,7.649
E01002470,1834,8.3333,63.3333,51.3333,4.5438,34.5329,27.9898
E01002471,1632,3.0,14.6667,11.0,1.8382,8.9869,6.7402
E01002472,1673,14.6667,152.6667,38.3333,8.7667,91.2532,22.9129
E01002473,1682,10.3333,38.3333,24.6667,6.1435,22.7903,14.6651
E01002474,1741,6.3333,16.6667,15.3333,3.6378,9.573,8.8072
E01002475,1633,11.3333,25.3333,31.0,6.9402,15.5134,18.9835
E01002476,1630,5.3333,10.6667,10.6667,3.272,6.544,6.544
E01002477,1354,8.3333,17.3333,14.3333,6.1546,12.8016,10.5859
E01002478,1599,8.3333,22.6667,21.3333,5.2116,14.1755,13.3417
E01002479,1843,5.3333,21.3333,40.6667,2.8938,11.5753,22.0655
E01002480,1859,5.3333,11.6667,5.3333,2.8689,6.2758,2.8689
E01002481,1642,11.0,27.3333,29.0,6.6991,16.6464,17.6614
E01002482,1661,12.6667,14.6667,18.3333,7.6259,8.83,11.0375
E01002483,1945,11.3333,70.3333,45.0,5.8269,36.1611,23.1362
E01002484,1428,6.3333,11.0,29.6667,4.4351,7.7031,20.775
E01002485,2031,10.3333,72.0,40.0,5.0878,35.4505,19.6947
E01002486,2245,9.3333,77.0,62.0,4.1574,34.2984,27.6169
E01002487,1922,6.3333,24.6667,41.6667,3.2952,12.8339,21.6788
E01002488,1767,9.0,28.3333,47.3333,5.0934,16.0347,26.7874
E01002489,1934,13.3333,144.3333,71.0,6.8942,74.6294,36.7115
E01002490,2138,14.0,57.0,62.6667,6.5482,26.6604,29.3109
E01002491,1722,6.0,18.6667,41.6667,3.4843,10.8401,24.1967
E01002492,1702,7.0,27.6667,39.6667,4.1128,16.2554,23.3059
E01002493,2000,8.3333,22.6667,52.6667,4.1667,11.3333,26.3333
E01002494,1800,7.0,25.0,33.3333,3.8889,13.8889,18.5185
E01002495,1880,7.3333,33.6667,31.3333,3.9007,17.9078,16.6667
E01002496,1960,10.0,114.3333,49.6667,5.102,58.3333,25.3401
E01002497,2481,21.0,252.6667,83.3333,8.4643,101.8407,33.5886
E01002498,1414,3.0,26.0,21.6667,2.1216,18.3876,15.323
E01002499,2056,5.0,24.6667,26.3333,2.4319,11.9974,12.808
E01002501,1742,5.0,20.6667,24.6667,2.8703,11.8638,14.16
E01002502,2007,8.0,23.6667,43.3333,3.986,11.7921,21.5911
E01002503,1931,9.6667,64.3333,63.6667,5.006,33.3161,32.9708
E01002505,1783,11.0,367.3333,97.0,6.1694,206.0198,54.4027
E01002506,2076,24.3333,269.0,142.3333,11.7213,129.5761,68.5613
E01002507,1971,9.6667,82.6667,50.6667,4.9044,41.9415,25.7061
E01002508,2188,18.6667,46.0,54.0,8.5314,21.0238,24.6801
E01002509,1492,8.0,11.6667,10.3333,5.3619,7.8195,6.9258
E01002511,1625,6.3333,27.6667,29.0,3.8974,17.0256,17.8462
E01002512,2057,5.3333,64.6667,43.3333,2.5928,31.4374,21.0663
E01002513,1438,3.6667,27.6667,26.3333,2.5498,19.2397,18.3125
E01002514,1960,16.3333,201.3333,140.3333,8.3333,102.7211,71.5986
E01002516,1467,2.6667,13.6667,14.0,1.8178,9.3161,9.5433
E01002518,1319,6.6667,28.0,38.6667,5.0543,21.2282,29.3151
E01002519,1981,8.0,38.3333,45.6667,4.0384,19.3505,23.0523
E01002520,2036,16.6667,59.6667,70.6667,8.186,29.3058,34.7086
E01002521,2056,37.3333,479.6667,217.6667,18.1582,233.3009,105.869
E01002523,1557,6.3333,35.3333,39.0,4.0677,22.6932,25.0482
E01002525,1802,8.6667,36.0,36.0,4.8095,19.9778,19.9778
E01002526,2963,17.6667,76.6667,89.0,5.9624,25.8747,30.0371
E01002527,1603,4.6667,33.0,47.3333,2.9112,20.5864,29.528
E01002528,1888,6.6667,30.6667,68.3333,3.5311,16.2429,36.1935
E01002529,2534,17.0,111.3333,85.6667,6.7088,43.9358,33.8069
E01002530,1788,7.6667,50.0,53.0,4.2878,27.9642,29.6421
E01002531,1682,7.0,22.3333,39.3333,4.1617,13.2778,23.3849
E01002533,1457,3.0,12.6667,28.6667,2.059,8.6937,19.6751
E01002534,1523,3.3333,7.6667,11.0,2.1887,5.0339,7.2226
E01002535,2188,13.6667,151.6667,63.6667,6.2462,69.3175,29.0981
E01002536,1330,5.6667,20.0,12.3333,4.2607,15.0376,9.2732
E01002537,2483,7.0,36.3333,25.6667,2.8192,14.6328,10.337
E01002538,1688,5.3333,56.0,50.3333,3.1596,33.1754,29.8183
E01002539,1709,2.6667,12.6667,15.0,1.5604,7.4117,8.7771
E01002540,1825,4.3333,204.0,61.3333,2.3744,111.7808,33.6073
E01002541,2005,5.0,41.3333,40.3333,2.4938,20.6151,20.1164
E01002542,2120,9.0,58.3333,71.3333,4.2453,27.5157,33.6478
E01002543,1923,6.3333,31.3333,52.3333,3.2935,16.294,27.2144
E01002544,1694,2.0,125.6667,35.0,1.1806,74.1834,20.6612
E01002545,1494,4.3333,34.0,41.0,2.9005,22.7577,27.4431
E01002546,1736,9.0,21.6667,25.3333,5.1843,12.4808,14.5929
E01002547,1716,9.3333,25.3333,39.3333,5.439,14.763,22.9215
E01002548,2120,13.0,40.0,46.3333,6.1321,18.8679,21.8553
E01002549,1870,5.0,25.6667,38.6667,2.6738,13.7255,20.6774
E01002550,1845,3.0,19.6667,40.0,1.626,10.6594,21.6802
E01002551,2136,4.3333,22.0,56.3333,2.0287,10.2996,26.3733
E01002552,1747,9.3333,30.3333,51.6667,5.3425,17.3631,29.5745
E01002553,1759,5.6667,23.6667,48.3333,3.2215,13.4546,27.4777
E01002555,2068,10.6667,38.0,50.0,5.158,18.3752,24.1779
E01002556,1855,7.6667,25.0,29.6667,4.133,13.4771,15.9928
E01002557,2077,15.3333,34.3333,60.3333,7.3824,16.5303,29.0483
E01002558,2198,8.0,41.3333,89.3333,3.6397,18.805,40.643
E01002559,2576,11.3333,49.6667,91.0,4.3996,19.2805,35.3261
E01002560,2011,10.0,34.3333,60.6667,4.9727,17.0728,30.1674
E01002561,1714,5.6667,16.6667,36.3333,3.3061,9.7238,21.198
E01002562,1484,9.6667,109.3333,59.3333,6.5139,73.6748,39.982
E01002563,1910,10.0,35.0,35.0,5.2356,18.3246,18.3246
E01002564,1895,7.3333,69.6667,56.6667,3.8698,36.7634,29.9033
E01002565,2506,18.0,121.6667,71.0,7.1828,48.5501,28.332
E01002567,1826,6.0,29.0,38.3333,3.2859,15.8817,20.9931
E01002569,2120,11.6667,69.3333,41.6667,5.5031,32.7044,19.6541
E01002570,1620,18.6667,165.3333,50.3333,11.5226,102.0576,31.07
E01002571,1283,8.0,20.3333,10.0,6.2354,15.8483,7.7942
E01002572,1545,19.6667,87.6667,45.3333,12.7292,56.7422,29.342
E01002573,1548,7.6667,88.6667,27.3333,4.9526,57.2782,17.6572
E01002574,1733,8.3333,57.3333,24.3333,4.8086,33.0833,14.0412
E01002575,1619,14.6667,72.0,17.6667,9.0591,44.4719,10.9121
E01002576,1682,8.0,25.3333,39.0,4.7562,15.0614,23.1867
E01002577,1662,8.0,50.3333,23.0,4.8135,30.2848,13.8387
E01002578,1548,16.3333,97.0,40.6667,10.5512,62.6615,26.2705
E01002579,1726,10.0,35.0,27.3333,5.7937,20.2781,15.8362
E01002580,1451,11.3333,40.6667,31.0,7.8107,28.0266,21.3646
E01002581,1881,8.6667,38.0,20.6667,4.6075,20.202,10.9871
E01002582,1662,8.0,28.6667,20.6667,4.8135,17.2483,12.4348
E01002583,1809,5.6667,34.6667,47.3333,3.1325,19.1634,26.1655
E01002584,2125,12.0,82.0,72.6667,5.6471,38.5882,34.1961
E01002585,1831,6.0,27.0,35.0,3.2769,14.746,19.1152
E01002586,1837,7.3333,15.3333,42.0,3.992,8.3469,22.8634
E01002587,2386,10.0,45.0,73.3333,4.1911,18.86,30.7348
E01002588,2026,9.0,32.0,70.0,4.4423,15.7947,34.5508
E01002589,2507,21.0,61.6667,80.3333,8.3765,24.5978,32.0436
E01002590,2666,14.6667,47.3333,109.0,5.5014,17.7544,40.8852
E01002591,1906,13.0,17.3333,50.3333,6.8206,9.0941,26.4078
E01002592,2151,18.6667,161.0,86.3333,8.6781,74.8489,40.1364
E01002593,2263,14.6667,72.6667,105.3333,6.4811,32.1108,46.5459
E01002594,2311,15.6667,44.3333,66.3333,6.7792,19.1836,28.7033
E01002595,2259,11.6667,34.6667,68.0,5.1645,15.346,30.1018
E01002596,2143,4.0,26.0,151.6667,1.8665,12.1325,70.7731
E01002598,1927,19.3333,187.6667,77.0,10.0329,97.388,39.9585
E01002599,1579,7.6667,15.0,38.6667,4.8554,9.4997,24.4881
E01002600,1655,6.3333,15.6667,28.6667,3.8268,9.4663,17.3212
E01002601,1875,8.6667,33.0,42.3333,4.6222,17.6,22.5778
E01002602,1494,7.3333,15.6667,33.3333,4.9085,10.4864,22.3115
E01002603,1947,4.0,21.6667,48.0,2.0544,11.1282,24.6533
E01002604,1638,3.6667,24.0,59.0,2.2385,14.652,36.0195
E01002605,2354,13.6667,48.3333,65.6667,5.8057,20.5324,27.8958
E01002606,1689,7.6667,25.3333,50.0,4.5392,14.999,29.6033
E01002607,2447,9.6667,74.0,72.3333,3.9504,30.2411,29.56
E01002608,1898,12.0,78.0,84.6667,6.3224,41.0959,44.6084
E01002609,1821,10.6667,26.0,34.3333,5.8576,14.2779,18.8541
E01002610,1762,13.3333,28.6667,49.6667,7.5672,16.2694,28.1877
E01002611,2025,8.6667,32.0,77.0,4.2798,15.8025,38.0247
E01002612,2104,10.0,81.3333,128.6667,4.7529,38.6565,61.1534
E01002613,1926,7.3333,28.6667,44.3333,3.8075,14.884,23.0183
E01002614,2122,15.6667,54.3333,65.0,7.383,25.6048,30.6315
E01002615,1624,16.6667,69.3333,78.6667,10.2627,42.6929,48.4401
E01002616,1624,11.6667,30.3333,30.0,7.1839,18.6782,18.4729
E01002617,1634,6.0,28.0,19.6667,3.672,17.1359,12.0359
E01002618,2060,10.0,32.6667,35.3333,4.8544,15.8576,17.1521
E01002619,2091,9.6667,26.6667,36.0,4.623,12.7531,17.2166
E01002620,2753,17.6667,67.3333,89.0,6.4172,24.4582,32.3284
E01002621,2007,9.6667,35.0,50.3333,4.8165,17.439,25.0789
E01002622,1920,7.6667,34.0,33.0,3.9931,17.7083,17.1875
E01002623,1925,8.3333,28.0,58.0,4.329,14.5455,30.1299
E01002624,1776,8.6667,60.6667,76.0,4.8799,34.1592,42.7928
E01002625,1712,5.0,25.0,25.0,2.9206,14.6028,14.6028
E01002626,1623,10.6667,65.3333,39.3333,6.5722,40.2547,24.235
E01002627,1791,6.3333,18.0,44.3333,3.5362,10.0503,24.7534
E01002628,2169,14.3333,31.3333,51.6667,6.6083,14.446,23.8205
E01002629,2680,12.0,45.0,60.3333,4.4776,16.791,22.5124
E01002630,2070,8.3333,173.0,62.3333,4.0258,83.5749,30.1127
E01002631,1837,7.0,37.0,40.0,3.8106,20.1415,21.7746
E01002632,1918,9.0,63.6667,57.6667,4.6924,33.1943,30.066
E01002633,2229,16.6667,91.0,76.0,7.4772,40.8255,34.096
E01002634,1767,7.0,32.3333,47.0,3.9615,18.2984,26.5988
E01002635,2001,10.0,38.0,44.3333,4.9975,18.9905,22.1556
E01002636,2122,5.6667,17.6667,41.6667,2.6704,8.3255,19.6356
E01002637,1909,22.6667,304.0,84.0,11.8736,159.2457,44.0021
E01002638,2212,13.3333,70.6667,62.3333,6.0277,31.947,28.1796
E01002639,1782,8.6667,18.0,47.0,4.8634,10.101,26.3749
E01002640,2255,7.3333,34.3333,54.3333,3.252,15.2254,24.0946
E01002641,2691,19.3333,126.3333,114.3333,7.1844,46.9466,42.4873
E01002643,2733,20.3333,65.3333,74.3333,7.4399,23.9054,27.1984
E01002645,2258,7.6667,49.3333,74.6667,3.3953,21.8482,33.0676
E01002646,2324,10.0,39.3333,74.6667,4.3029,16.9248,32.1285
E01002647,2216,8.6667,25.6667,53.0,3.911,11.5824,23.917
E01002649,2053,12.3333,48.3333,76.6667,6.0075,23.5428,37.3437
E01002650,2525,12.6667,89.6667,92.0,5.0165,35.5116,36.4356
E01002651,1909,6.6667,31.6667,43.3333,3.4922,16.5881,22.6995
E01002652,1918,7.6667,62.6667,69.6667,3.9972,32.6729,36.3226
E01002653,1899,4.6667,19.3333,27.6667,2.4574,10.1808,14.5691
E01002654,1912,4.6667,15.3333,25.3333,2.4407,8.0195,13.2497
E01002655,1868,8.0,24.3333,25.6667,4.2827,13.0264,13.7402
E01002656,1418,4.0,16.3333,23.6667,2.8209,11.5186,16.6902
E01002657,1931,5.3333,32.3333,29.3333,2.762,16.7443,15.1907
E01002658,1348,3.0,13.3333,20.3333,2.2255,9.8912,15.0841
E01002659,1459,2.6667,11.6667,25.3333,1.8277,7.9963,17.3635
E01002660,2088,9.3333,39.0,49.3333,4.47,18.6782,23.6271
E01002661,2375,14.6667,65.0,81.0,6.1754,27.3684,34.1053
E01002662,2508,13.0,54.6667,87.0,5.1834,21.7969,34.689
E01002663,2160,5.0,34.0,46.0,2.3148,15.7407,21.2963
E01002665,1743,7.0,35.3333,47.6667,4.0161,20.2716,27.3475
E01002666,1862,8.6667,32.3333,41.0,4.6545,17.3648,22.0193
E01002667,2193,10.3333,41.3333,51.3333,4.712,18.8478,23.4078
E01002668,2284,7.0,40.0,58.0,3.0648,17.5131,25.394
E01002669,1910,6.0,24.3333,56.0,3.1414,12.74,29.3194
E01002670,1950,9.6667,36.0,33.3333,4.9573,18.4615,17.094
E01002671,1847,7.6667,18.6667,23.0,4.1509,10.1065,12.4526
E01002672,1589,7.6667,103.3333,36.0,4.8248,65.0304,22.6558
E01002673,1658,3.0,14.6667,48.3333,1.8094,8.846,29.1516
E01002674,2088,10.0,12.0,26.3333,4.7893,5.7471,12.6117
E01002675,2572,4.3333,22.0,41.6667,1.6848,8.5537,16.2001
E01002676,1649,11.3333,33.6667,29.3333,6.8729,20.4164,17.7886
E01002677,2074,16.6667,61.3333,52.6667,8.036,29.5725,25.3938
E01002678,2052,22.3333,223.0,81.0,10.8837,108.6745,39.4737
E01002679,1856,13.0,50.3333,43.6667,7.0043,27.1193,23.5273
E01002680,2078,10.0,28.6667,55.6667,4.8123,13.7953,26.7886
E01002681,2435,13.6667,77.6667,260.0,5.6126,31.896,106.7762
E01002682,2337,11.0,41.6667,56.3333,4.7069,17.8291,24.105
E01002686,1775,11.6667,97.6667,77.0,6.5728,55.0235,43.3803
E01002687,1673,11.0,52.6667,16.3333,6.575,31.4804,9.7629
E01002689,1559,11.0,33.3333,33.3333,7.0558,21.3812,21.3812
E01002690,1379,8.6667,40.6667,18.3333,6.2847,29.49,13.2947
E01002691,1629,10.6667,69.0,35.3333,6.548,42.3573,21.6902
E01002692,2105,17.6667,147.0,41.3333,8.3927,69.8337,19.6358
E01002693,1790,23.3333,282.0,54.6667,13.0354,157.5419,30.54
E01002694,1665,4.0,22.6667,35.3333,2.4024,13.6136,21.2212
E01002695,1476,15.3333,142.0,119.3333,10.3884,96.206,80.8491
E01002696,1747,21.6667,438.0,128.0,12.4022,250.7155,73.2685
E01002697,1966,10.3333,69.6667,54.3333,5.256,35.4357,27.6365
E01002698,2040,13.0,51.3333,39.6667,6.3725,25.1634,19.4444
E01002699,1485,9.0,29.6667,28.0,6.0606,19.9776,18.8552
E01002700,1376,6.0,44.0,18.6667,4.3605,31.9767,13.5659
E01002701,1470,18.3333,251.6667,59.3333,12.4717,171.2018,40.3628
E01002702,2468,31.6667,125.6667,115.0,12.8309,50.9184,46.5964
E01002703,2341,23.0,72.6667,67.0,9.8249,31.0409,28.6202
E01002704,2356,57.3333,935.3333,191.3333,24.335,397.0006,81.2111
E01002706,2038,19.3333,134.0,44.6667,9.4864,65.7507,21.9169
E01002707,1821,19.3333,117.0,54.3333,10.6169,64.2504,29.8371
E01002708,2115,20.6667,89.6667,69.3333,9.7715,42.3956,32.7817
E01002709,1687,4.6667,30.3333,36.6667,2.7663,17.9806,21.7348
E01002710,1599,5.6667,75.0,54.0,3.5439,46.9043,33.7711
E01002711,2029,24.0,424.3333,117.3333,11.8285,209.1342,57.8282
E01002712,1378,8.0,63.0,141.0,5.8055,45.7184,102.3222
E01002713,2812,8.6667,64.3333,122.3333,3.082,22.8781,43.504
E01002714,1539,14.0,64.6667,37.0,9.0968,42.0186,24.0416
E01002715,1685,4.6667,64.3333,58.0,2.7695,38.18,34.4214
E01002716,2260,11.3333,67.6667,63.3333,5.0147,29.941,28.0236
E01002717,1207,10.0,26.3333,23.6667,8.285,21.8172,19.6078
E01002718,1577,6.0,59.0,22.6667,3.8047,37.4128,14.3733
E01002719,1491,14.3333,71.3333,25.3333,9.6132,47.8426,16.9908
E01002720,2123,14.0,68.3333,62.3333,6.5944,32.1872,29.361
E01002721,1635,5.3333,49.3333,39.0,3.262,30.1733,23.8532
E01002722,1444,17.0,27.6667,49.0,11.7729,19.1597,33.9335
E01002723,1640,9.6667,91.3333,54.3333,5.8943,55.6911,33.1301
E01002724,1923,46.3333,591.3333,111.6667,24.0943,307.5056,58.069
E01002725,1362,7.0,39.3333,36.6667,5.1395,28.8791,26.9212
E01002726,1709,23.6667,356.3333,54.0,13.8483,208.504,31.5974
E01002727,1514,12.6667,90.3333,43.3333,8.3664,59.6653,28.6218
E01002728,1317,11.3333,60.0,40.3333,8.6054,45.5581,30.6252
E01002729,1497,9.3333,64.3333,66.6667,6.2347,42.9748,44.5335
E01002730,1753,15.6667,119.3333,67.6667,8.9371,68.0738,38.6005
E01002732,1807,14.3333,75.3333,102.0,7.9321,41.6897,56.4471
E01002733,1440,10.0,30.0,18.3333,6.9444,20.8333,12.7315
E01002734,2366,21.3333,504.6667,163.3333,9.0166,213.2995,69.0335
E01002735,2958,42.3333,298.0,93.6667,14.3115,100.7437,31.6655
E01002736,1477,11.3333,37.0,46.3333,7.6732,25.0508,31.3699
E01002737,1947,10.0,42.6667,39.3333,5.1361,21.9141,20.202
E01002738,1873,10.0,70.0,60.3333,5.339,37.3732,32.2121
E01002739,1839,9.3333,105.3333,30.0,5.0752,57.2775,16.3132
E01002740,2260,13.0,224.6667,55.0,5.7522,99.41,24.3363
E01002741,1533,7.3333,41.0,35.3333,4.7836,26.7449,23.0485
E01002742,2000,17.6667,55.0,14.6667,8.8333,27.5,7.3333
E01002743,1525,6.6667,50.0,23.0,4.3716,32.7869,15.082
E01002744,1313,12.0,39.6667,38.3333,9.1394,30.2107,29.1952
E01002745,1412,10.3333,55.0,34.0,7.3182,38.9518,24.0793
E01002747,1556,12.0,83.0,45.6667,7.7121,53.3419,29.3488
E01002748,1654,11.6667,229.0,80.6667,7.0536,138.4522,48.7707
E01002749,1524,9.3333,30.6667,33.0,6.1242,20.1225,21.6535
E01002751,1837,13.3333,48.6667,43.0,7.2582,26.4925,23.4077
E01002752,1621,4.6667,27.6667,32.6667,2.8789,17.0677,20.1522
E01002753,1447,11.6667,32.3333,32.3333,8.0627,22.3451,22.3451
E01002754,1549,9.0,36.6667,18.0,5.8102,23.6712,11.6204
E01002755,1319,8.3333,32.3333,33.6667,6.3179,24.5135,25.5244
E01002756,1314,12.3333,47.0,29.6667,9.3861,35.7686,22.5774
E01002757,1449,8.6667,36.0,31.6667,5.9811,24.8447,21.8542
E01002758,1736,13.6667,49.6667,66.3333,7.8725,28.6098,38.2104
E01002759,1504,9.3333,35.3333,25.0,6.2057,23.4929,16.6223
E01002760,1736,14.3333,38.0,50.6667,8.2565,21.8894,29.1859
E01002762,1872,14.3333,59.6667,45.6667,7.6567,31.8732,24.3946
E01002763,1302,14.6667,69.6667,35.3333,11.2647,53.5074,27.1377
E01002764,1816,14.3333,62.0,47.6667,7.8928,34.141,26.2482
E01002765,2857,25.6667,113.6667,66.3333,8.9838,39.7853,23.2178
E01002766,2180,29.0,102.6667,61.0,13.3028,47.0948,27.9817
E01002767,2151,12.6667,91.3333,60.3333,5.8887,42.4609,28.049
E01002768,1611,11.3333,45.0,43.6667,7.035,27.933,27.1053
E01002769,1858,9.3333,63.3333,30.6667,5.0233,34.0868,16.5052
E01002770,1846,35.6667,342.6667,205.6667,19.3211,185.6266,111.4121
E01002771,1544,11.0,39.3333,27.0,7.1244,25.475,17.487
E01002772,1886,26.0,214.6667,76.3333,13.7858,113.8211,40.4737
E01002773,1645,10.0,36.6667,62.0,6.079,22.2898,37.69
E01002774,2139,16.0,77.6667,76.3333,7.4801,36.3098,35.6865
E01002775,1408,9.0,76.0,29.3333,6.392,53.9773,20.8333
E01002776,1859,11.6667,56.0,40.0,6.2758,30.1237,21.5169
E01002777,1678,14.0,56.0,46.0,8.3433,33.3731,27.4136
E01002778,1940,10.3333,44.0,50.3333,5.3265,22.6804,25.945
E01002779,1753,14.0,104.0,30.3333,7.9863,59.3269,17.3037
E01002780,1699,11.0,37.0,40.3333,6.4744,21.7775,23.7395
E01002781,1740,5.0,35.6667,36.6667,2.8736,20.4981,21.0728
E01002782,1432,7.6667,57.6667,38.0,5.3538,40.27,26.5363
E01002783,1701,11.3333,59.6667,62.3333,6.6627,35.0774,36.6451
E01002784,1755,7.3333,49.0,49.0,4.1785,27.9202,27.9202
E01002785,1861,15.6667,98.3333,33.3333,8.4184,52.839,17.9115
E01002786,1941,15.3333,75.3333,54.6667,7.8997,38.8116,28.1642
E01002787,1472,16.6667,38.6667,26.0,11.3225,26.2681,17.663
E01002788,1822,10.6667,56.3333,30.3333,5.8544,30.9184,16.6484
E01002789,1849,13.3333,64.0,37.3333,7.2111,34.6133,20.1911
E01002790,1412,8.6667,108.6667,49.6667,6.1379,76.9594,35.1747
E01002791,1861,15.3333,132.3333,49.0,8.2393,71.1087,26.3299
E01002792,1845,14.0,131.0,45.0,7.5881,71.0027,24.3902
E01002793,1845,11.3333,64.6667,64.3333,6.1427,35.0497,34.869
E01002794,2040,38.0,708.6667,148.0,18.6275,347.3856,72.549
E01002795,1935,21.0,341.0,133.3333,10.8527,176.2274,68.9061
E01002796,1109,5.3333,29.3333,29.6667,4.8091,26.4503,26.7508
E01002797,1824,14.6667,82.6667,70.6667,8.0409,45.3216,38.7427
E01002798,1977,8.3333,71.6667,33.0,4.2151,36.2502,16.692
E01002799,1908,10.3333,51.6667,53.6667,5.4158,27.079,28.1272
E01002800,1769,12.0,49.0,46.6667,6.7835,27.6993,26.3803
E01002801,1460,14.6667,160.0,44.6667,10.0457,109.589,30.5936
E01002802,1852,6.3333,48.6667,26.0,3.4197,26.2779,14.0389
E01002804,1539,9.3333,49.6667,52.6667,6.0645,32.272,34.2214
E01002805,1433,27.6667,134.0,54.3333,19.3068,93.5101,37.9158
E01002806,1646,10.0,53.3333,39.3333,6.0753,32.4018,23.8963
E01002807,1705,16.3333,44.3333,47.3333,9.5797,26.002,27.7615
E01002808,1913,9.6667,56.6667,41.6667,5.0531,29.6219,21.7808
E01002809,1698,16.3333,46.3333,45.3333,9.6192,27.287,26.6981
E01002810,1748,19.6667,108.3333,65.3333,11.251,61.9756,37.376
E01002811,1743,8.3333,41.3333,33.3333,4.781,23.7139,19.1241
E01002812,1500,8.6667,37.0,21.3333,5.7778,24.6667,14.2222
E01002813,1484,17.3333,44.6667,32.0,11.6801,30.0988,21.5633
E01002814,2231,19.0,102.0,87.3333,8.5164,45.7194,39.1454
E01002815,1162,13.3333,22.6667,22.3333,11.4745,19.5066,19.2197
E01002816,1056,12.0,86.0,26.6667,11.3636,81.4394,25.2525
E01002817,1346,10.3333,93.6667,51.0,7.6771,69.5889,37.89
E01002818,1385,28.6667,824.3333,78.3333,20.698,595.1865,56.5584
E01002819,1088,32.3333,565.6667,78.6667,29.7181,519.9142,72.3039
E01002821,1080,24.3333,412.6667,37.3333,22.5309,382.0988,34.5679
E01002823,1224,9.0,48.0,36.0,7.3529,39.2157,29.4118
E01002824,1229,11.6667,42.3333,14.0,9.4928,34.4453,11.3914
E01002825,1785,10.6667,160.3333,49.3333,5.9757,89.8226,27.6377
E01002826,1256,17.3333,404.3333,50.6667,13.8004,321.9214,40.3397
E01002827,1715,24.0,206.6667,44.0,13.9942,120.5053,25.656
E01002828,1189,14.3333,57.0,24.3333,12.0549,47.9394,20.4654
E01002829,1391,13.6667,65.0,62.6667,9.8251,46.729,45.0515
E01002830,1724,15.0,88.3333,60.6667,8.7007,51.2374,35.1895
E01002831,1718,22.0,384.3333,115.3333,12.8056,223.7097,67.1323
E01002832,1632,14.6667,144.3333,50.6667,8.9869,88.4395,31.0458
E01002833,1210,22.3333,252.3333,42.6667,18.4573,208.5399,35.2617
E01002834,1243,9.0,27.3333,16.3333,7.2405,21.9898,13.1403
E01002835,1411,27.6667,355.6667,64.3333,19.6078,252.0671,45.5941
E01002836,1310,15.3333,58.0,19.3333,11.7048,44.2748,14.7583
E01002837,1045,11.6667,29.0,16.6667,11.1643,27.7512,15.949
E01002839,1537,15.3333,54.3333,50.6667,9.9761,35.3502,32.9646
E01002840,1047,8.6667,40.6667,42.6667,8.2776,38.8411,40.7514
E01002841,1218,10.3333,73.3333,47.0,8.4839,60.208,38.5878
E01002842,1015,5.3333,5.6667,18.6667,5.2545,5.5829,18.3908
E01002843,1295,11.6667,82.3333,73.3333,9.009,63.5779,56.6281
E01002844,1147,10.0,92.0,41.3333,8.7184,80.2092,36.036
E01002845,1169,12.0,51.6667,29.6667,10.2652,44.1973,25.3778
E01002846,1289,14.3333,38.0,49.6667,11.1197,29.4802,38.5312
E01002847,1393,11.6667,61.3333,48.6667,8.3752,44.0297,34.9366
E01002848,1252,13.3333,37.0,34.0,10.6496,29.5527,27.1565
E01002849,1541,15.0,68.0,39.0,9.7339,44.1272,25.3082
E01002850,1405,32.6667,241.0,96.6667,23.2503,171.5302,68.8019
E01002851,1335,17.0,92.3333,58.3333,12.7341,69.1635,43.6954
E01002852,2216,30.6667,189.6667,124.6667,13.8387,85.5897,56.2575
E01002853,1428,12.0,32.6667,38.0,8.4034,22.8758,26.6106
E01002854,1103,14.3333,70.0,58.3333,12.9949,63.4633,52.8861
E01002855,1592,12.6667,86.3333,72.3333,7.9564,54.2295,45.4355
E01002856,1433,14.3333,192.0,76.6667,10.0023,133.9846,53.5008
E01002857,1376,11.0,44.3333,53.3333,7.9942,32.219,38.7597
E01002858,1323,4.0,73.3333,38.0,3.0234,55.4296,28.7226
E01002859,1249,20.0,385.6667,35.6667,16.0128,308.7804,28.5562
E01002860,1144,14.3333,73.6667,27.6667,12.5291,64.3939,24.1841
E01002861,1256,7.6667,148.0,16.3333,6.104,117.8344,13.0042
E01002862,1089,5.6667,35.3333,26.6667,5.2036,32.4457,24.4873
E01002863,1117,9.6667,62.0,10.3333,8.6541,55.5058,9.251
E01002864,1480,10.0,62.6667,26.3333,6.7568,42.3423,17.7928
E01002865,1449,12.0,150.6667,27.3333,8.2816,103.9798,18.8636
E01002866,1833,13.3333,35.6667,29.3333,7.274,19.4581,16.0029
E01002867,1680,19.3333,75.6667,58.6667,11.5079,45.0397,34.9206
E01002868,1355,13.0,26.0,11.0,9.5941,19.1882,8.1181
E01002869,1740,13.0,50.0,37.0,7.4713,28.7356,21.2644
E01002870,1593,12.3333,175.6667,75.3333,7.7422,110.2741,47.2902
E01002871,1463,20.6667,133.3333,34.0,14.1262,91.1369,23.2399
E01002872,1349,9.0,41.6667,27.6667,6.6716,30.8871,20.509
E01002873,1361,11.3333,42.6667,29.6667,8.3272,31.3495,21.7977
E01002874,1134,8.3333,37.3333,27.0,7.3486,32.9218,23.8095
E01002875,1260,13.6667,43.3333,16.0,10.8466,34.3915,12.6984
E01002876,1831,10.0,54.3333,23.6667,5.4615,29.6741,12.9255
E01002877,2186,16.6667,71.6667,65.0,7.6243,32.7844,29.7347
E01002878,1447,13.6667,90.0,82.6667,9.4448,62.1977,57.1297
E01002879,1946,7.0,60.0,39.0,3.5971,30.8325,20.0411
E01002880,1144,4.3333,34.6667,51.6667,3.7879,30.303,45.1632
E01002881,1361,4.6667,26.3333,35.6667,3.4289,19.3485,26.2062
E01002882,1046,15.0,100.3333,27.6667,14.3403,95.921,26.45
E01002883,1479,19.0,190.6667,49.6667,12.8465,128.9159,33.5812
E01002884,1384,20.3333,285.0,55.0,14.6917,205.9249,39.7399
E01002885,1317,13.0,83.0,30.6667,9.8709,63.022,23.2852
E01002886,1319,20.3333,89.3333,23.6667,15.4157,67.7281,17.9429
E01002887,1044,15.6667,63.3333,26.0,15.0064,60.6641,24.9042
E01002888,1562,13.0,93.6667,29.3333,8.3227,59.9659,18.7793
E01002889,1558,10.0,334.3333,67.3333,6.4185,214.5914,43.2178
E01002890,1398,13.6667,47.6667,16.0,9.7759,34.0963,11.4449
E01002891,1183,9.0,54.0,13.6667,7.6078,45.6467,11.5526
E01002892,1290,20.0,71.3333,24.3333,15.5039,55.2972,18.863
E01002893,1576,22.3333,36.6667,36.0,14.1709,23.2657,22.8426
E01002894,1319,16.6667,52.0,51.0,12.6358,39.4238,38.6657
E01002896,1586,17.3333,39.3333,21.3333,10.929,24.8003,13.451
E01002897,1492,14.0,42.3333,26.3333,9.3834,28.3735,17.6497
E01002898,1667,9.0,44.0,19.3333,5.3989,26.3947,11.5977
E01002899,1250,7.3333,90.3333,34.6667,5.8667,72.2667,27.7333
E01002900,1690,11.3333,47.3333,16.6667,6.7061,28.0079,9.8619
E01002901,1041,6.6667,41.3333,14.3333,6.4041,39.7054,13.7688
E01002902,1226,18.0,467.3333,36.6667,14.6819,381.1854,29.9076
E01002903,1276,10.6667,211.6667,26.0,8.3595,165.883,20.3762
E01002904,1295,4.6667,11.0,31.3333,3.6036,8.4942,24.1956
E01002905,1672,13.0,46.6667,54.0,7.7751,27.9107,32.2967
E01002906,1751,12.0,75.3333,191.3333,6.8532,43.023,109.2709
E01002907,1285,6.6667,20.6667,37.3333,5.1881,16.083,29.0532
E01002908,1393,8.6667,34.6667,29.0,6.2216,24.8863,20.8184
E01002909,2134,17.0,42.3333,50.0,7.9663,19.8376,23.4302
E01002910,1369,11.3333,69.3333,19.0,8.2785,50.6452,13.8787
E01002911,1285,10.3333,174.0,31.3333,8.0415,135.4086,24.3839
E01002912,1481,19.3333,203.3333,145.6667,13.0542,137.2946,98.357
E01002913,1761,14.3333,49.6667,47.3333,8.1393,28.2037,26.8787
E01002914,1194,24.3333,194.6667,33.0,20.3797,163.0374,27.6382
E01002915,1394,6.0,11.3333,11.0,4.3042,8.1301,7.891
E01002916,1478,5.3333,13.3333,15.0,3.6085,9.0212,10.1488
E01002917,1429,5.3333,12.0,9.6667,3.7322,8.3975,6.7646
E01002918,1791,4.0,13.6667,23.3333,2.2334,7.6307,13.0281
E01002919,1990,7.0,77.6667,59.3333,3.5176,39.0285,29.8157
E01002920,1593,12.0,15.3333,11.6667,7.533,9.6254,7.3237
E01002921,1727,7.0,22.0,28.0,4.0533,12.7389,16.2131
E01002922,1640,5.3333,12.3333,10.6667,3.252,7.5203,6.5041
E01002923,1672,8.3333,24.6667,58.3333,4.9841,14.7528,34.8884
E01002924,1546,5.0,10.6667,3.3333,3.2342,6.8995,2.1561
E01002925,1571,6.6667,35.6667,27.0,4.2436,22.7032,17.1865
E01002926,1604,5.0,13.3333,16.3333,3.1172,8.3126,10.1829
E01002927,1681,4.0,14.0,18.0,2.3795,8.3284,10.7079
E01002928,1946,12.6667,30.0,37.0,6.5091,15.4162,19.0134
E01002929,1696,13.3333,55.6667,14.0,7.8616,32.8223,8.2547
E01002930,1967,15.6667,159.0,65.3333,7.9648,80.8338,33.2147
E01002931,2013,4.3333,37.6667,18.3333,2.1527,18.7117,9.1075
E01002932,2046,5.6667,75.6667,59.6667,2.7696,36.9827,29.1626
E01002933,2039,7.0,23.3333,37.0,3.4331,11.4435,18.1462
E01002934,1899,7.6667,71.6667,11.6667,4.0372,37.7392,6.1436
E01002935,1900,9.6667,52.3333,27.3333,5.0877,27.5439,14.386
E01002937,1825,6.0,20.6667,9.6667,3.2877,11.3242,5.2968
E01002938,2000,7.0,22.3333,16.6667,3.5,11.1667,8.3333
E01002939,1646,6.6667,33.3333,38.6667,4.0502,20.2511,23.4913
E01002940,1673,2.0,11.0,18.3333,1.1955,6.575,10.9584
E01002941,1649,1.6667,36.6667,33.6667,1.0107,22.2357,20.4164
E01002942,1401,2.3333,9.3333,12.3333,1.6655,6.6619,8.8032
E01002943,1477,1.3333,14.0,32.0,0.9027,9.4787,21.6655
E01002944,1334,4.0,19.6667,22.6667,2.9985,14.7426,16.9915
E01002945,1573,3.0,18.3333,19.0,1.9072,11.655,12.0788
E01002946,1509,4.3333,15.6667,20.3333,2.8717,10.3822,13.4747
E01002947,1645,2.3333,10.3333,19.6667,1.4184,6.2817,11.9554
E01002948,2211,4.0,66.3333,64.0,1.8091,30.0015,28.9462
E01002949,1848,4.6667,12.6667,15.6667,2.5253,6.8543,8.4776
E01002950,1654,3.0,18.0,34.3333,1.8138,10.8827,20.7578
E01002951,1502,5.3333,15.0,18.0,3.5508,9.9867,11.984
E01002952,1394,9.0,15.6667,16.3333,6.4562,11.2386,11.7169
E01002953,1333,6.6667,18.6667,11.3333,5.0013,14.0035,8.5021
E01002954,1373,10.0,69.0,89.6667,7.2833,50.2549,65.3071
E01002955,1501,6.0,20.0,27.3333,3.9973,13.3245,18.2101
E01002956,1391,9.0,16.6667,17.6667,6.4702,11.9818,12.7007
E01002957,1587,4.0,15.3333,37.0,2.5205,9.6618,23.3144
E01002958,1738,6.0,10.3333,10.6667,3.4522,5.9455,6.1373
E01002959,1389,9.3333,19.0,8.6667,6.7195,13.6789,6.2395
E01002960,1591,6.3333,29.0,12.0,3.9807,18.2275,7.5424
E01002961,1754,9.3333,15.6667,20.6667,5.3212,8.932,11.7826
E01002962,1612,6.3333,15.6667,36.3333,3.9289,9.7188,22.5393
E01002963,1846,5.3333,17.0,21.0,2.8891,9.2091,11.3759
E01002964,2513,7.6667,116.6667,126.0,3.0508,46.4253,50.1393
E01002965,2521,20.0,68.3333,59.3333,7.9334,27.1056,23.5356
E01002966,1983,6.0,24.0,35.6667,3.0257,12.1029,17.9862
E01002967,1860,8.0,19.0,15.6667,4.3011,10.2151,8.4229
E01002968,2908,51.0,1712.3333,491.6667,17.5378,588.8354,169.0738
E01002969,1892,6.6667,21.3333,46.6667,3.5236,11.2755,24.6653
E01002970,1808,5.6667,28.3333,42.0,3.1342,15.6711,23.2301
E01002971,1800,5.3333,28.6667,37.0,2.963,15.9259,20.5556
E01002972,2050,9.3333,55.6667,50.3333,4.5528,27.1545,24.5528
E01002973,1579,10.0,23.3333,44.6667,6.3331,14.7773,28.2879
E01002974,2058,10.0,33.3333,29.6667,4.8591,16.197,14.4153
E01002975,1488,9.3333,16.6667,23.0,6.2724,11.2007,15.457
E01002976,1712,6.3333,9.6667,13.0,3.6994,5.6464,7.5935
E01002977,1699,4.0,33.3333,33.6667,2.3543,19.6194,19.8156
E01002978,1857,3.6667,19.0,24.0,1.9745,10.2316,12.9241
E01002979,1529,4.3333,9.0,17.3333,2.8341,5.8862,11.3364
E01002980,1407,4.6667,7.6667,5.3333,3.3167,5.4489,3.7906
E01002981,1603,6.3333,15.0,13.0,3.9509,9.3575,8.1098
E01002982,1485,6.0,15.6667,10.6667,4.0404,10.5499,7.1829
E01002983,1669,5.3333,19.0,17.6667,3.1955,11.3841,10.5852
E01002984,1431,6.3333,22.6667,26.0,4.4258,15.8397,18.1691
E01002985,1720,4.6667,17.6667,33.0,2.7132,10.2713,19.186
E01002986,1370,3.6667,15.3333,10.6667,2.6764,11.1922,7.7859
E01002987,1895,10.6667,159.0,89.0,5.6288,83.905,46.9657
E01002988,1678,6.6667,23.6667,34.0,3.973,14.1041,20.2622
E01002989,1900,5.0,26.6667,22.6667,2.6316,14.0351,11.9298
E01002990,1708,5.6667,15.0,24.3333,3.3177,8.7822,14.2467
E01002991,1564,5.3333,16.3333,10.6667,3.4101,10.4433,6.8201
E01002992,1568,4.0,19.6667,12.3333,2.551,12.5425,7.8656
E01002993,1576,5.3333,10.3333,11.0,3.3841,6.5567,6.9797
E01002994,1507,6.0,6.6667,14.0,3.9814,4.4238,9.29
E01002995,1599,5.0,14.6667,9.6667,3.127,9.1724,6.0454
E01002996,1545,3.6667,18.3333,16.0,2.3732,11.8662,10.356
E01002997,1522,4.0,15.3333,12.6667,2.6281,10.0745,8.3224
E01002998,1612,3.0,14.0,22.0,1.861,8.6849,13.6476
E01002999,1535,6.6667,27.0,33.0,4.3431,17.5896,21.4984
E01003000,1870,9.0,34.6667,32.3333,4.8128,18.5383,17.2906
E01003001,1916,6.3333,35.3333,29.6667,3.3055,18.4412,15.4836
E01003002,1907,6.3333,27.3333,46.3333,3.3211,14.3332,24.2965
E01003003,1727,8.3333,86.6667,113.6667,4.8253,50.1834,65.8174
E01003004,1644,4.3333,24.3333,22.3333,2.6358,14.8013,13.5848
E01003005,1541,4.6667,21.3333,9.6667,3.0283,13.8438,6.273
E01003006,1523,7.0,29.0,17.3333,4.5962,19.0414,11.381
E01003007,1626,6.0,14.0,10.3333,3.69,8.6101,6.3551
E01003008,1447,4.0,9.0,5.0,2.7643,6.2198,3.4554
E01003009,2056,6.3333,15.0,18.0,3.0804,7.2957,8.7549
E01003010,1441,7.3333,21.3333,11.0,5.0891,14.8045,7.6336
E01003011,1693,11.0,44.6667,19.3333,6.4973,26.3831,11.4196
E01003013,1947,48.3333,796.0,385.0,24.8245,408.8341,197.7401
E01003014,1504,18.3333,119.3333,65.0,12.1897,79.344,43.2181
E01003015,1719,9.6667,27.6667,33.6667,5.6234,16.0946,19.585
E01003016,1203,13.6667,277.3333,50.0,11.3605,230.5348,41.5628
E01003017,1631,21.3333,312.0,105.3333,13.0799,191.2937,64.5821
E01003018,2019,18.0,94.3333,67.3333,8.9153,46.7228,33.3498
E01003019,2035,16.0,50.0,30.6667,7.8624,24.57,15.0696
E01003020,1821,23.0,148.6667,72.0,12.6304,81.6401,39.5387
E01003021,2154,6.3333,38.6667,94.6667,2.9403,17.9511,43.9492
E01003022,1619,10.3333,36.3333,24.3333,6.3825,22.4418,15.0299
E01003023,2595,17.6667,89.6667,58.0,6.808,34.5536,22.3507
E01003024,1841,11.6667,42.6667,50.0,6.3371,23.1758,27.1592
E01003025,2046,7.0,43.3333,28.3333,3.4213,21.1795,13.8482
E01003026,1501,17.3333,104.0,33.6667,11.5479,69.2871,22.4295
E01003027,1394,13.3333,35.0,10.3333,9.5648,25.1076,7.4127
E01003028,1482,7.3333,27.6667,14.3333,4.9483,18.6685,9.6716
E01003029,1827,18.3333,43.0,26.0,10.0347,23.5359,14.231
E01003030,1722,14.0,72.3333,56.3333,8.1301,42.0054,32.7139
E01003031,1574,8.3333,26.0,26.3333,5.2944,16.5184,16.7302
E01003032,1721,16.6667,98.0,63.3333,9.6843,56.9436,36.8003
E01003033,1618,7.0,37.6667,21.6667,4.3263,23.2798,13.391
E01003034,1642,11.3333,43.0,23.3333,6.9022,26.1876,14.2103
E01003035,1687,25.6667,585.0,174.3333,15.2144,346.7694,103.3393
E01003036,1759,8.6667,42.0,26.0,4.927,23.8772,14.7811
E01003037,1442,19.3333,107.3333,83.6667,13.4073,74.4337,58.0213
E01003038,1702,13.3333,51.3333,18.0,7.8339,30.1606,10.5758
E01003039,2042,30.0,203.3333,60.6667,14.6915,99.5756,29.7094
E01003040,1245,7.3333,36.3333,14.3333,5.8902,29.1834,11.5127
E01003041,1520,22.3333,334.3333,93.6667,14.693,219.9561,61.6228
E01003042,1107,4.0,28.3333,25.0,3.6134,25.5947,22.5836
E01003043,1618,8.6667,47.6667,25.3333,5.3564,29.4602,15.6572
E01003044,1411,11.0,24.6667,29.0,7.7959,17.4817,20.5528
E01003045,1990,3.3333,38.3333,52.6667,1.675,19.263,26.4657
E01003046,1680,10.6667,27.3333,39.3333,6.3492,16.2698,23.4127
E01003047,1789,50.3333,838.3333,452.6667,28.1349,468.6044,253.0278
E01003048,1918,6.3333,43.3333,45.0,3.3021,22.593,23.4619
E01003049,1768,13.0,45.3333,58.3333,7.3529,25.641,32.994
E01003050,1584,21.6667,87.6667,63.6667,13.6785,55.3451,40.1936
E01003051,2099,26.6667,84.6667,85.6667,12.7045,40.3367,40.8131
E01003052,2226,12.0,69.0,71.0,5.3908,30.9973,31.8958
E01003053,1674,22.0,91.3333,45.6667,13.1422,54.5599,27.28
E01003054,2191,13.6667,99.0,47.3333,6.2376,45.1848,21.6035
E01003055,1600,28.6667,398.6667,132.0,17.9167,249.1667,82.5
E01003056,1707,10.3333,38.6667,41.0,6.0535,22.6518,24.0187
E01003057,1705,10.0,47.0,40.3333,5.8651,27.566,23.6559
E01003058,1979,15.3333,44.6667,38.6667,7.748,22.5703,19.5385
E01003059,2213,11.6667,54.0,44.0,5.2719,24.4013,19.8825
E01003060,1696,15.6667,43.6667,33.0,9.2374,25.7469,19.4575
E01003061,1329,23.3333,350.3333,113.0,17.5571,263.6067,85.0263
E01003062,1834,10.0,57.3333,64.6667,5.4526,31.2614,35.2599
E01003063,1361,10.0,25.0,40.6667,7.3475,18.3688,29.88
E01003064,1462,8.6667,40.3333,19.0,5.928,27.5878,12.9959
E01003065,1673,4.3333,32.0,38.6667,2.5902,19.1273,23.1122
E01003066,1887,9.0,39.3333,59.0,4.7695,20.8444,31.2666
E01003067,1555,9.3333,40.3333,24.6667,6.0021,25.9378,15.8628
E01003068,1576,4.6667,23.0,41.3333,2.9611,14.5939,26.2267
E01003069,1368,1.0,30.6667,33.6667,0.731,22.4172,24.6101
E01003070,1547,5.3333,29.0,41.6667,3.4475,18.746,26.9339
E01003071,2326,22.0,105.6667,32.0,9.4583,45.4285,13.7575
E01003072,1737,5.6667,32.6667,15.3333,3.2623,18.8064,8.8275
E01003073,1603,18.3333,84.0,46.6667,11.4369,52.4017,29.1121
E01003074,2358,24.6667,262.0,86.3333,10.4608,111.1111,36.6129
E01003075,1716,7.0,29.3333,45.3333,4.0793,17.094,26.418
E01003076,2701,20.0,172.6667,202.3333,7.4047,63.9269,74.9105
E01003077,1863,7.0,49.6667,32.0,3.7574,26.6595,17.1766
E01003078,1627,6.3333,47.6667,18.6667,3.8926,29.2973,11.4731
E01003079,1681,15.0,87.0,67.3333,8.9233,51.7549,40.0555
E01003080,1681,7.3333,30.3333,34.0,4.3625,18.0448,20.2261
E01003081,1858,13.3333,59.6667,67.0,7.1762,32.1134,36.0603
E01003082,1375,5.3333,25.0,40.0,3.8788,18.1818,29.0909
E01003083,1540,6.6667,30.3333,19.6667,4.329,19.697,12.7706
E01003084,1507,7.6667,33.6667,30.6667,5.0874,22.3402,20.3495
E01003085,1793,5.0,27.3333,26.3333,2.7886,15.2445,14.6867
E01003086,1557,5.3333,27.0,47.3333,3.4254,17.341,30.4003
E01003087,1644,8.6667,54.6667,51.0,5.2717,33.2522,31.0219
E01003088,1588,9.6667,45.0,34.0,6.0873,28.3375,21.4106
E01003089,1935,10.0,48.0,53.0,5.168,24.8062,27.3902
E01003090,2387,29.6667,154.6667,93.0,12.4284,64.7954,38.961
E01003091,1711,5.6667,31.0,27.0,3.3119,18.1181,15.7802
E01003092,2351,9.6667,34.0,53.6667,4.1117,14.4619,22.8272
E01003093,2297,6.0,250.6667,72.6667,2.6121,109.1278,31.6355
E01003094,1482,5.3333,30.6667,17.0,3.5987,20.6928,11.471
E01003095,1642,8.0,34.6667,20.0,4.8721,21.1125,12.1803
E01003096,2095,11.6667,89.0,153.6667,5.5688,42.4821,73.3492
E01003097,1558,8.6667,40.0,29.3333,5.5627,25.6739,18.8276
E01003098,1485,5.3333,26.0,23.6667,3.5915,17.5084,15.9371
E01003099,1701,12.0,96.6667,69.0,7.0547,56.8293,40.5644
E01003100,2014,14.0,60.6667,36.3333,6.9513,30.1225,18.0404
E01003101,1432,11.0,64.0,44.3333,7.6816,44.6927,30.959
E01003102,1705,19.0,381.6667,133.0,11.1437,223.8514,78.0059
E01003104,1733,10.0,38.6667,33.3333,5.7703,22.312,19.2345
E01003105,1706,9.3333,39.6667,37.3333,5.4709,23.2513,21.8835
E01003106,2135,13.3333,63.0,46.6667,6.2451,29.5082,21.8579
E01003107,1851,14.0,57.6667,36.3333,7.5635,31.1543,19.629
E01003108,1554,7.0,43.6667,42.6667,4.5045,28.0995,27.456
E01003110,2050,14.6667,50.0,44.0,7.1545,24.3902,21.4634
E01003111,1981,3.6667,29.0,35.6667,1.8509,14.6391,18.0044
E01003112,1796,10.6667,45.6667,52.3333,5.9391,25.4269,29.1388
E01003113,1796,13.3333,55.6667,48.6667,7.4239,30.9948,27.0973
E01003114,2424,8.6667,141.3333,83.0,3.5754,58.3058,34.2409
E01003115,1618,7.3333,30.3333,37.0,4.5323,18.7474,22.8677
E01003116,1785,6.3333,34.3333,24.6667,3.5481,19.2344,13.8189
E01003117,1851,16.0,65.6667,41.6667,8.644,35.4763,22.5104
E01003118,1863,14.3333,216.3333,79.0,7.6937,116.121,42.4047
E01003119,2066,8.0,42.6667,44.6667,3.8722,20.6518,21.6199
E01003120,2411,22.6667,72.6667,88.3333,9.4014,30.1396,36.6376
E01003121,1569,5.3333,21.3333,31.6667,3.3992,13.5968,20.1827
E01003122,1904,10.3333,48.3333,46.6667,5.4272,25.3852,24.5098
E01003123,1597,14.0,41.6667,24.3333,8.7664,26.0906,15.2369
E01003124,1353,8.0,25.0,19.0,5.9128,18.4775,14.0429
E01003125,1782,7.0,25.6667,40.3333,3.9282,14.4033,22.6337
E01003126,1666,12.6667,81.0,49.6667,7.603,48.6194,29.8119
E01003127,2092,9.0,50.0,37.6667,4.3021,23.9006,18.0051
E01003128,1641,12.0,151.6667,62.0,7.3126,92.4233,37.7818
E01003129,1798,23.3333,300.3333,47.3333,12.9774,167.0374,26.3255
E01003130,1867,12.3333,61.3333,32.6667,6.606,32.8513,17.4969
E01003131,2150,23.3333,97.3333,52.3333,10.8527,45.2713,24.3411
E01003132,1450,6.6667,33.3333,41.6667,4.5977,22.9885,28.7356
E01003133,1656,12.3333,115.0,39.0,7.4477,69.4444,23.5507
E01003134,1597,4.6667,37.0,23.0,2.9221,23.1684,14.402
E01003135,1930,8.6667,39.6667,40.0,4.4905,20.5527,20.7254
E01003136,1659,10.0,24.6667,26.6667,6.0277,14.8684,16.0739
E01003137,1581,10.0,38.0,50.3333,6.3251,24.0354,31.8364
E01003138,1477,11.6667,31.0,19.0,7.8989,20.9885,12.8639
E01003139,1529,6.6667,67.3333,36.3333,4.3601,44.0375,23.7628
E01003140,1507,9.6667,28.6667,29.3333,6.4145,19.0223,19.4647
E01003141,1845,10.6667,34.3333,39.0,5.7814,18.6089,21.1382
E01003142,1374,6.6667,23.3333,23.6667,4.852,16.982,17.2246
E01003143,1500,2.6667,28.3333,30.6667,1.7778,18.8889,20.4444
E01003144,1547,9.6667,95.0,29.6667,6.2487,61.4092,19.1769
E01003145,1655,13.3333,52.0,50.0,8.0564,31.4199,30.2115
E01003146,1649,7.3333,38.3333,30.0,4.4471,23.2464,18.1928
E01003147,2072,10.0,37.6667,37.6667,4.8263,18.1789,18.1789
E01003148,1837,7.0,26.3333,26.0,3.8106,14.335,14.1535
E01003149,1756,3.6667,28.3333,24.0,2.0881,16.1352,13.6674
E01003150,1943,7.3333,46.3333,59.3333,3.7742,23.8463,30.537
E01003151,1954,10.3333,29.0,55.6667,5.2883,14.8414,28.4886
E01003152,1906,7.0,44.6667,33.6667,3.6726,23.4348,17.6635
E01003153,2172,24.3333,99.0,52.3333,11.2032,45.5801,24.0945
E01003154,1996,7.0,31.6667,39.3333,3.507,15.8651,19.7061
E01003155,1828,8.3333,42.0,26.6667,4.5587,22.9759,14.5879
E01003156,1597,11.0,27.0,24.3333,6.8879,16.9067,15.2369
E01003157,1582,7.6667,46.3333,21.6667,4.8462,29.2878,13.6957
E01003158,1624,8.3333,29.0,10.6667,5.1314,17.8571,6.5681
E01003159,1774,15.0,40.3333,33.0,8.4555,22.7358,18.602
E01003160,1449,3.3333,20.0,22.0,2.3004,13.8026,15.1829
E01003161,1317,9.3333,32.0,19.3333,7.0868,24.2976,14.6798
E01003162,1858,5.6667,19.0,35.0,3.0499,10.226,18.8375
E01003163,1599,7.3333,19.3333,19.6667,4.5862,12.0909,12.2994
E01003164,2247,11.0,55.6667,56.0,4.8954,24.7738,24.9221
E01003165,1643,10.3333,49.3333,24.0,6.2893,30.0264,14.6074
E01003166,2566,21.0,141.6667,80.0,8.1839,55.2091,31.1769
E01003167,1760,7.3333,43.3333,19.3333,4.1667,24.6212,10.9848
E01003168,1658,6.0,29.0,47.3333,3.6188,17.491,28.5485
E01003169,2352,10.0,51.6667,56.0,4.2517,21.9671,23.8095
E01003170,1908,13.0,54.6667,19.3333,6.8134,28.6513,10.1328
E01003171,1646,5.6667,26.0,26.0,3.4427,15.7959,15.7959
E01003172,1945,9.6667,68.3333,37.6667,4.97,35.1328,19.3659
E01003173,1633,6.3333,30.0,25.3333,3.8783,18.3711,15.5134
E01003174,2039,8.6667,32.6667,45.3333,4.2504,16.0209,22.2331
E01003175,1577,4.3333,27.0,45.0,2.7478,17.1211,28.5352
E01003176,1929,13.3333,63.3333,63.3333,6.912,32.8322,32.8322
E01003177,1603,17.3333,68.3333,46.0,10.8131,42.6284,28.6962
E01003178,1501,11.0,31.6667,29.6667,7.3284,21.097,19.7646
E01003179,1620,4.3333,19.0,47.6667,2.6749,11.7284,29.4239
E01003180,1600,7.6667,40.0,46.3333,4.7917,25.0,28.9583
E01003181,1522,8.0,44.0,33.3333,5.2562,28.9093,21.901
E01003182,1787,13.3333,44.0,45.0,7.4613,24.6223,25.1819
E01003183,1604,11.3333,52.6667,45.0,7.0657,32.8346,28.0549
E01003184,1422,4.0,29.0,32.6667,2.8129,20.3938,22.9723
E01003185,1931,12.3333,38.0,33.3333,6.387,19.6789,17.2622
E01003186,2440,19.3333,141.3333,60.3333,7.9235,57.9235,24.7268
E01003187,2317,13.0,44.6667,48.3333,5.6107,19.2778,20.8603
E01003188,1266,6.3333,30.3333,40.6667,5.0026,23.96,32.1222
E01003189,1767,8.0,34.6667,69.0,4.5274,19.6189,39.0492
E01003190,2318,23.3333,146.3333,99.6667,10.0661,63.1291,42.9968
E01003191,1662,10.0,42.6667,48.3333,6.0168,25.6719,29.0814
E01003192,1789,10.0,65.6667,91.0,5.5897,36.7058,50.8664
E01003193,1799,15.3333,201.6667,81.6667,8.5233,112.0993,45.3956
E01003194,1767,13.0,46.0,63.6667,7.3571,26.0328,36.0309
E01003195,1486,6.3333,28.0,31.3333,4.262,18.8425,21.0857
E01003196,1763,11.3333,93.3333,84.3333,6.4284,52.9401,47.8351
E01003197,1658,8.3333,47.0,71.6667,5.0261,28.3474,43.2248
E01003198,1494,7.0,25.0,22.0,4.6854,16.7336,14.7256
E01003199,1971,14.6667,64.6667,119.3333,7.4412,32.8091,60.5446
E01003200,1475,14.0,158.0,42.3333,9.4915,107.1186,28.7006
E01003201,1680,5.0,43.0,43.6667,2.9762,25.5952,25.9921
E01003202,1558,7.6667,29.0,23.6667,4.9208,18.6136,15.1904
E01003203,1966,16.3333,180.0,72.3333,8.3079,91.5565,36.7921
E01003204,1612,15.0,25.0,63.0,9.3052,15.5087,39.0819
E01003205,1391,14.6667,17.3333,27.0,10.544,12.4611,19.4105
E01003206,1409,2.6667,18.6667,23.3333,1.8926,13.2482,16.5602
E01003207,2333,27.6667,87.6667,89.0,11.8588,37.5768,38.1483
E01003209,1897,15.3333,45.0,47.0,8.0829,23.7217,24.776
E01003210,1774,12.6667,66.0,43.6667,7.1402,37.2041,24.6148
E01003211,1556,14.6667,43.6667,43.6667,9.4259,28.0634,28.0634
E01003212,2011,14.0,46.3333,30.3333,6.9617,23.0399,15.0837
E01003213,1963,13.6667,41.6667,44.3333,6.9621,21.226,22.5845
E01003214,1780,11.6667,89.3333,60.0,6.5543,50.1873,33.7079
E01003215,1893,25.0,133.0,69.3333,13.2066,70.2588,36.6262
E01003216,1672,9.6667,47.6667,37.0,5.7815,28.5088,22.1292
E01003217,1930,6.0,27.6667,30.6667,3.1088,14.3351,15.8895
E01003218,1551,4.3333,24.6667,21.6667,2.7939,15.9037,13.9695
E01003219,1723,6.6667,41.0,42.0,3.8692,23.7957,24.3761
E01003220,1668,5.6667,27.6667,39.3333,3.3973,16.5867,23.5811
E01003221,2161,11.6667,88.6667,77.6667,5.3987,41.0304,35.9402
E01003222,1573,5.0,30.0,32.3333,3.1786,19.0718,20.5552
E01003223,1653,9.6667,63.3333,64.6667,5.848,38.3142,39.1208
E01003224,1732,10.3333,39.0,44.6667,5.9661,22.5173,25.7891
E01003225,1594,5.3333,35.0,33.6667,3.3459,21.9573,21.1209
E01003226,1838,8.6667,91.6667,44.0,4.7153,49.8731,23.9391
E01003227,1639,4.0,29.6667,26.0,2.4405,18.1005,15.8633
E01003228,1578,4.3333,31.0,32.3333,2.7461,19.6451,20.4901
E01003229,1686,17.6667,109.3333,80.6667,10.4784,64.8478,47.845
E01003230,1997,10.0,47.3333,52.6667,5.0075,23.7022,26.3729
E01003231,1551,11.6667,84.3333,46.3333,7.522,54.3735,29.8732
E01003232,1706,9.6667,35.3333,35.6667,5.6663,20.7112,20.9066
E01003233,1837,8.0,27.6667,19.3333,4.3549,15.0608,10.5244
E01003235,1422,10.6667,49.0,44.6667,7.5012,34.4585,31.4112
E01003236,1689,11.0,42.0,67.0,6.5127,24.8668,39.6684
E01003237,1689,7.6667,65.3333,91.3333,4.5392,38.6817,54.0754
E01003238,1480,3.3333,23.0,47.3333,2.2523,15.5405,31.982
E01003239,1612,8.0,27.6667,47.6667,4.9628,17.1629,29.5699
E01003240,1997,7.6667,45.3333,62.6667,3.8391,22.7007,31.3804
E01003241,1591,13.6667,54.3333,35.0,8.59,34.1504,21.9987
E01003243,1509,13.3333,70.3333,54.3333,8.8359,46.6092,36.0062
E01003244,1902,15.0,38.6667,41.6667,7.8864,20.3295,21.9068
E01003245,1993,8.0,30.6667,36.0,4.014,15.3872,18.0632
E01003246,2411,24.0,78.3333,79.6667,9.9544,32.49,33.043
E01003247,2103,9.3333,65.6667,44.6667,4.4381,31.2252,21.2395
E01003248,1641,13.0,52.3333,43.6667,7.922,31.8911,26.6098
E01003249,2057,5.3333,39.6667,45.6667,2.5928,19.2837,22.2006
E01003251,1734,13.6667,54.0,47.3333,7.8816,31.1419,27.2972
E01003252,1579,9.3333,37.6667,46.6667,5.9109,23.8548,29.5546
E01003253,1422,22.6667,97.3333,59.0,15.94,68.4482,41.4909
E01003254,1438,6.3333,46.3333,20.6667,4.4043,32.2207,14.3718
E01003255,1990,14.3333,113.6667,76.0,7.2027,57.1189,38.191
E01003256,2133,10.6667,62.0,68.6667,5.0008,29.067,32.1925
E01003257,1602,6.3333,33.3333,28.0,3.9534,20.8073,17.4782
E01003258,1547,5.6667,26.0,29.6667,3.663,16.8067,19.1769
E01003259,1753,12.3333,59.6667,48.3333,7.0356,34.0369,27.5718
E01003260,1661,8.3333,47.0,30.3333,5.0171,28.2962,18.2621
E01003261,1526,8.0,28.0,20.3333,5.2425,18.3486,13.3246
E01003262,1524,9.3333,29.0,31.6667,6.1242,19.0289,20.7787
E01003263,1801,4.0,59.0,62.0,2.221,32.7596,34.4253
E01003264,1643,11.3333,38.6667,38.0,6.898,23.5342,23.1284
E01003265,1646,9.6667,43.6667,69.3333,5.8728,26.529,42.1223
E01003266,1721,6.6667,32.0,45.6667,3.8737,18.5938,26.535
E01003267,1758,6.3333,18.0,31.6667,3.6026,10.2389,18.0129
E01003268,1853,6.6667,30.0,39.6667,3.5978,16.19,21.4067
E01003269,1604,4.3333,21.6667,25.6667,2.7016,13.5079,16.0017
E01003270,1645,5.0,27.3333,23.0,3.0395,16.616,13.9818
E01003271,1625,5.0,27.0,14.6667,3.0769,16.6154,9.0256
E01003272,1994,14.6667,71.0,32.6667,7.3554,35.6068,16.3825
E01003273,1507,6.3333,19.6667,21.3333,4.2026,13.0502,14.1562
E01003274,1590,14.6667,51.6667,37.6667,9.2243,32.4948,23.6897
E01003275,1698,9.0,29.0,46.6667,5.3004,17.0789,27.4833
E01003276,1907,6.3333,32.3333,31.0,3.3211,16.9551,16.2559
E01003277,1674,9.6667,28.3333,32.3333,5.7746,16.9255,19.315
E01003278,2085,13.0,45.6667,64.3333,6.235,21.9025,30.8553
E01003279,1530,7.6667,30.3333,21.6667,5.0109,19.8257,14.1612
E01003280,1644,5.0,20.6667,43.0,3.0414,12.571,26.1557
E01003281,1496,6.6667,28.3333,22.3333,4.4563,18.9394,14.9287
E01003282,2415,11.3333,54.6667,54.0,4.6929,22.6363,22.3602
E01003283,2127,4.3333,49.0,28.0,2.0373,23.0371,13.1641
E01003284,1877,15.6667,69.0,37.3333,8.3467,36.7608,19.8899
E01003285,1751,13.3333,128.0,36.6667,7.6147,73.1011,20.9404
E01003286,1736,11.0,80.3333,60.3333,6.3364,46.275,34.7542
E01003287,1969,5.6667,31.6667,16.0,2.8779,16.0826,8.126
E01003288,2158,14.0,76.3333,84.6667,6.4875,35.3723,39.2339
E01003290,1910,12.6667,46.3333,88.0,6.6318,24.2583,46.0733
E01003291,1544,19.0,149.0,291.3333,12.3057,96.5026,188.6874
E01003292,1791,13.0,100.0,68.0,7.2585,55.8347,37.9676
E01003293,1569,10.0,48.6667,44.3333,6.3735,31.0176,28.2558
E01003295,1786,18.0,52.3333,61.0,10.0784,29.302,34.1545
E01003297,1701,19.6667,81.6667,45.0,11.5618,48.011,26.455
E01003298,1280,5.0,19.0,25.6667,3.9062,14.8438,20.0521
E01003299,1790,13.6667,109.6667,77.6667,7.635,61.2663,43.3892
E01003300,1487,8.3333,44.6667,59.0,5.6041,30.0381,39.6772
E01003301,2632,13.3333,75.0,47.6667,5.0659,28.4954,18.1104
E01003302,1867,10.3333,36.6667,65.0,5.5347,19.6394,34.8152
E01003303,1719,33.3333,205.0,140.6667,19.3911,119.2554,81.8305
E01003304,2246,32.0,358.3333,108.6667,14.2476,159.5429,48.3823
E01003305,2292,9.3333,41.0,55.3333,4.0721,17.8883,24.1419
E01003307,1599,8.6667,26.3333,23.6667,5.4201,16.4686,14.8009
E01003308,1789,9.0,32.0,37.0,5.0307,17.8871,20.6819
E01003309,1620,12.0,41.0,61.6667,7.4074,25.3086,38.0658
E01003310,1589,10.6667,34.0,46.0,6.7128,21.3971,28.949
E01003311,1596,10.0,36.6667,24.6667,6.2657,22.9741,15.4553
E01003312,1756,12.3333,47.0,26.6667,7.0235,26.7654,15.186
E01003313,1571,7.6667,44.0,39.0,4.8801,28.0076,24.825
E01003314,1645,8.0,27.3333,23.3333,4.8632,16.616,14.1844
E01003315,1306,6.3333,35.0,34.6667,4.8494,26.7994,26.5442
E01003316,1477,8.6667,30.6667,21.0,5.8677,20.7628,14.218
E01003318,2075,46.0,331.6667,246.3333,22.1687,159.8394,118.7149
E01003319,1794,18.0,50.6667,84.6667,10.0334,28.2423,47.1944
E01003320,1586,5.6667,84.0,58.0,3.5729,52.9634,36.57
E01003321,1748,13.6667,43.3333,64.0,7.8185,24.7902,36.6133
E01003322,1631,12.0,44.3333,36.3333,7.3574,27.1817,22.2767
E01003323,1510,5.6667,32.0,29.3333,3.7528,21.1921,19.426
E01003324,1688,14.3333,132.6667,75.0,8.4913,78.594,44.4313
E01003325,1816,13.6667,49.3333,63.6667,7.5257,27.1659,35.0587
E01003326,1814,18.0,34.6667,42.6667,9.9228,19.1106,23.5208
E01003327,1631,16.6667,99.6667,59.6667,10.2187,61.1077,36.5829
E01003328,1773,10.0,42.6667,38.0,5.6402,24.0647,21.4326
E01003329,1641,4.3333,37.3333,34.0,2.6407,22.7504,20.7191
E01003330,1591,9.6667,36.6667,37.0,6.0758,23.0463,23.2558
E01003331,1522,6.0,30.3333,31.6667,3.9422,19.9299,20.806
E01003332,1592,4.3333,30.0,28.6667,2.7219,18.8442,18.0067
E01003333,1535,8.0,44.6667,42.3333,5.2117,29.0988,27.5787
E01003334,1785,12.0,113.3333,77.6667,6.7227,63.4921,43.5107
E01003335,1514,9.6667,36.0,52.0,6.3849,23.7781,34.3461
E01003336,1532,13.0,55.6667,46.0,8.4856,36.3359,30.0261
E01003337,1433,6.3333,33.6667,60.6667,4.4196,23.4938,42.3354
E01003338,2027,15.3333,59.0,57.6667,7.5645,29.1071,28.4493
E01003339,1690,6.3333,38.6667,39.6667,3.7475,22.8797,23.4714
E01003340,2067,11.3333,54.0,33.0,5.483,26.1248,15.9652
E01003341,1383,8.0,32.6667,27.0,5.7845,23.6201,19.5228
E01003342,1696,4.6667,25.0,33.6667,2.7516,14.7406,19.8506
E01003343,1451,5.3333,28.6667,23.3333,3.6756,19.7565,16.0809
E01003344,1674,7.3333,29.3333,30.6667,4.3807,17.5229,18.3194
E01003345,1960,10.6667,40.0,34.0,5.4422,20.4082,17.3469
E01003346,1669,11.3333,55.6667,63.3333,6.7905,33.3533,37.9469
E01003347,1750,11.6667,32.3333,67.6667,6.6667,18.4762,38.6667
E01003348,1788,8.6667,40.6667,45.0,4.8471,22.7442,25.1678
E01003349,1545,5.6667,25.3333,31.6667,3.6677,16.397,20.4962
E01003350,1321,9.3333,26.0,38.0,7.0654,19.6821,28.7661
E01003351,1690,4.3333,46.3333,49.0,2.5641,27.4162,28.9941
E01003352,2288,11.0,46.3333,70.0,4.8077,20.2506,30.5944
E01003353,1785,8.0,130.3333,40.3333,4.4818,73.0159,22.5957
E01003354,2057,7.3333,35.6667,45.0,3.5651,17.3392,21.8765
E01003355,1768,7.6667,43.3333,28.0,4.3363,24.5098,15.8371
E01003356,1838,10.0,30.6667,23.0,5.4407,16.6848,12.5136
E01003357,1867,11.0,42.3333,79.0,5.8918,22.6745,42.3139
E01003358,1792,7.6667,28.0,46.0,4.2783,15.625,25.6696
E01003359,1748,8.0,32.3333,40.3333,4.5767,18.4973,23.074
E01003360,1788,4.6667,61.0,35.6667,2.61,34.1163,19.9478
E01003361,1672,7.3333,28.6667,21.0,4.386,17.1451,12.5598
E01003362,1382,4.0,12.6667,18.0,2.8944,9.1655,13.0246
E01003363,1698,6.3333,24.3333,23.6667,3.7299,14.3306,13.938
E01003364,1817,4.6667,14.0,12.6667,2.5683,7.705,6.9712
E01003365,1486,5.6667,16.6667,6.3333,3.8134,11.2158,4.262
E01003366,1736,5.6667,58.3333,39.3333,3.2642,33.6022,22.6575
E01003368,1672,7.0,14.0,24.6667,4.1866,8.3732,14.7528
E01003369,1641,4.3333,31.0,20.6667,2.6407,18.8909,12.5939
E01003370,1989,11.6667,155.3333,36.6667,5.8656,78.0962,18.4347
E01003371,1551,7.0,17.6667,15.6667,4.5132,11.3905,10.101
E01003372,1704,6.6667,45.3333,45.0,3.9124,26.6041,26.4085
E01003373,1551,4.0,22.6667,63.6667,2.579,14.6142,41.0488
E01003374,1811,10.6667,48.0,62.3333,5.8899,26.5047,34.4193
E01003375,1779,14.3333,63.6667,73.3333,8.057,35.7879,41.2217
E01003376,1571,5.3333,17.0,46.3333,3.3949,10.8211,29.4929
E01003377,1641,3.3333,20.3333,42.6667,2.0313,12.3908,26.0004
E01003378,2240,9.0,35.0,47.6667,4.0179,15.625,21.2798
E01003379,2025,11.6667,58.6667,85.6667,5.7613,28.9712,42.3045
E01003380,1746,5.3333,18.0,10.0,3.0546,10.3093,5.7274
E01003381,1572,5.3333,21.0,13.6667,3.3927,13.3588,8.6938
E01003382,1783,4.3333,16.0,7.3333,2.4304,8.9736,4.1129
E01003383,1647,10.3333,315.6667,83.3333,6.274,191.6616,50.597
E01003384,1683,5.0,14.0,16.6667,2.9709,8.3185,9.903
E01003385,1636,4.6667,17.0,10.6667,2.8525,10.3912,6.52
E01003386,2272,6.0,38.6667,40.3333,2.6408,17.0188,17.7523
E01003387,2085,5.6667,31.6667,57.0,2.7178,15.1878,27.3381
E01003388,1727,5.3333,27.6667,38.0,3.0882,16.0201,22.0035
E01003389,1796,13.3333,60.6667,82.6667,7.4239,33.7788,46.0282
E01003390,1787,10.6667,83.6667,86.3333,5.969,46.8196,48.3119
E01003391,1322,5.3333,14.6667,42.0,4.0343,11.0943,31.77
E01003392,1416,2.6667,27.0,27.6667,1.8832,19.0678,19.5386
E01003393,1620,3.6667,38.0,32.0,2.2634,23.4568,19.7531
E01003394,2064,7.6667,32.3333,42.0,3.7145,15.6654,20.3488
E01003395,1636,6.3333,25.6667,23.0,3.8712,15.6887,14.0587
E01003396,1507,5.3333,26.6667,17.6667,3.539,17.6952,11.7231
E01003397,1522,8.6667,31.0,37.6667,5.6943,20.3679,24.7481
E01003398,1911,12.3333,49.6667,34.0,6.4539,25.9899,17.7917
E01003399,1406,3.3333,12.0,12.6667,2.3708,8.5349,9.009
E01003400,1461,4.0,69.0,37.6667,2.7379,47.2279,25.7814
E01003401,1408,9.0,94.3333,40.3333,6.392,66.9981,28.6458
E01003402,1487,12.6667,54.0,17.0,8.5183,36.3147,11.4324
E01003403,1481,5.6667,27.3333,10.3333,3.8262,18.456,6.9773
E01003404,1833,8.3333,13.0,18.0,4.5463,7.0922,9.82
E01003405,2432,11.6667,51.3333,65.0,4.7971,21.1075,26.727
E01003406,1688,5.6667,14.0,29.0,3.357,8.2938,17.1801
E01003407,1945,6.3333,29.3333,32.0,3.2562,15.0814,16.4524
E01003408,1948,5.3333,27.3333,31.0,2.7379,14.0315,15.9138
E01003409,1800,7.3333,26.3333,41.3333,4.0741,14.6296,22.963
E01003410,1633,3.6667,26.6667,41.3333,2.2454,16.3299,25.3113
E01003411,2035,7.3333,32.0,44.3333,3.6036,15.7248,21.7854
E01003412,1755,5.3333,30.0,47.0,3.0389,17.094,26.7806
E01003413,2082,6.3333,62.6667,42.6667,3.0419,30.0993,20.4931
E01003414,1724,6.6667,31.6667,31.0,3.867,18.3681,17.9814
E01003415,2390,5.0,35.3333,48.6667,2.0921,14.7838,20.3626
E01003416,1586,9.3333,24.3333,31.0,5.8848,15.3426,19.546
E01003417,1591,5.6667,13.3333,14.6667,3.5617,8.3805,9.2185
E01003418,1442,5.6667,10.6667,8.3333,3.9297,7.3971,5.779
E01003419,1824,6.0,21.3333,21.6667,3.2895,11.6959,11.8787
E01003420,1483,5.0,18.6667,15.6667,3.3715,12.5871,10.5642
E01003421,1594,5.0,14.0,17.6667,3.1368,8.7829,11.0832
E01003422,1465,6.0,27.0,17.3333,4.0956,18.43,11.8316
E01003423,1643,5.0,35.6667,35.6667,3.0432,21.7083,21.7083
E01003424,1533,8.0,16.0,9.0,5.2185,10.4371,5.8708
E01003425,1488,5.6667,11.3333,7.0,3.8082,7.6165,4.7043
E01003426,1756,6.0,27.6667,29.6667,3.4169,15.7555,16.8945
E01003427,1976,10.6667,136.0,69.6667,5.3981,68.8259,35.2564
E01003428,1515,7.6667,17.0,17.3333,5.0605,11.2211,11.4411
E01003429,1630,3.6667,16.3333,31.6667,2.2495,10.0204,19.4274
E01003430,1675,6.0,41.3333,63.0,3.5821,24.6766,37.6119
E01003431,1702,5.6667,22.0,40.6667,3.3294,12.926,23.8935
E01003432,1705,4.6667,24.0,41.0,2.737,14.0762,24.0469
E01003433,1595,3.0,30.0,44.3333,1.8809,18.8088,27.7952
E01003434,1545,4.3333,17.0,19.0,2.8047,11.0032,12.2977
E01003435,2124,9.0,35.6667,45.0,4.2373,16.7922,21.1864
E01003436,1742,6.6667,18.0,34.3333,3.827,10.333,19.7091
E01003437,2031,8.0,41.0,27.3333,3.9389,20.1871,13.4581
E01003438,1827,3.3333,26.0,46.3333,1.8245,14.231,25.3603
E01003439,1590,6.0,65.3333,68.0,3.7736,41.0901,42.7673
E01003440,1669,4.3333,21.6667,45.3333,2.5964,12.9818,27.162
E01003441,1898,6.0,31.0,48.6667,3.1612,16.333,25.641
E01003442,1682,9.6667,14.6667,16.0,5.7471,8.7198,9.5125
E01003443,1630,6.0,25.6667,19.3333,3.681,15.7464,11.8609
E01003444,1611,6.0,18.0,10.3333,3.7244,11.1732,6.4142
E01003445,1808,7.0,22.3333,18.6667,3.8717,12.3525,10.3245
E01003446,1964,12.3333,117.3333,50.3333,6.2797,59.742,25.628
E01003447,1608,5.6667,43.6667,56.3333,3.524,27.1559,35.0332
E01003448,2301,11.3333,27.6667,40.0,4.9254,12.0238,17.3837
E01003449,1873,5.0,21.3333,24.0,2.6695,11.3899,12.8137
E01003450,1798,7.3333,23.0,37.3333,4.0786,12.792,20.7638
E01003451,1943,6.3333,25.0,23.0,3.2596,12.8667,11.8374
E01003452,2226,6.6667,39.0,51.0,2.9949,17.5202,22.9111
E01003453,1839,6.6667,109.3333,47.3333,3.6252,59.4526,25.7386
E01003454,1362,1.6667,14.6667,11.3333,1.2237,10.7685,8.3211
E01003455,1670,5.3333,29.3333,27.0,3.1936,17.5649,16.1677
E01003456,1602,14.3333,195.0,100.6667,8.9471,121.7228,62.8381
E01003457,1629,4.3333,20.3333,11.0,2.6601,12.4821,6.7526
E01003458,1757,3.0,24.0,16.6667,1.7075,13.6596,9.4859
E01003459,2181,7.0,41.6667,38.6667,3.2095,19.1044,17.7289
E01003460,1405,13.3333,47.3333,29.3333,9.4899,33.6892,20.8778
E01003461,1448,8.6667,50.3333,25.3333,5.9853,34.7606,17.4954
E01003462,1419,3.6667,14.0,7.3333,2.584,9.8661,5.168
E01003463,1505,12.3333,11.3333,10.0,8.1949,7.5305,6.6445
E01003464,1389,10.6667,35.3333,21.0,7.6794,25.438,15.1188
E01003465,1312,12.0,20.6667,11.6667,9.1463,15.752,8.8923
E01003466,1711,3.0,10.3333,15.0,1.7534,6.0394,8.7668
E01003467,1766,7.0,11.3333,11.0,3.9638,6.4175,6.2288
E01003468,1761,6.6667,19.6667,10.6667,3.7857,11.1679,6.0572
E01003469,1651,11.0,91.3333,27.0,6.6626,55.32,16.3537
E01003470,1998,11.0,34.6667,32.3333,5.5055,17.3507,16.1828
E01003471,1723,5.6667,128.0,43.0,3.2888,74.289,24.9565
E01003472,1352,3.3333,20.3333,12.6667,2.4655,15.0394,9.3688
E01003473,1472,5.0,37.0,15.6667,3.3967,25.1359,10.6431
E01003474,1355,5.6667,19.6667,9.6667,4.182,14.5141,7.1341
E01003476,1335,6.3333,20.6667,19.3333,4.7441,15.4806,14.4819
E01003477,1596,7.0,62.0,20.3333,4.386,38.8471,12.7402
E01003478,1911,15.0,54.0,22.6667,7.8493,28.2575,11.8612
E01003479,1547,9.0,33.0,57.3333,5.8177,21.3316,37.061
E01003480,2012,9.3333,49.3333,33.3333,4.6388,24.5195,16.5673
E01003481,1476,12.6667,74.0,56.3333,8.5818,50.1355,38.1662
E01003483,1654,9.3333,39.0,37.0,5.6429,23.5792,22.37
E01003484,1798,3.6667,19.0,23.0,2.0393,10.5673,12.792
E01003485,1688,3.6667,25.0,19.6667,2.1722,14.8104,11.6509
E01003486,1206,6.6667,199.0,80.0,5.5279,165.0083,66.335
E01003487,1353,3.0,20.3333,68.3333,2.2173,15.0283,50.5051
E01003488,1983,8.0,51.0,44.6667,4.0343,25.7186,22.5248
E01003489,2993,19.6667,85.0,63.0,6.5709,28.3996,21.0491
E01003490,1994,5.0,41.6667,51.0,2.5075,20.896,25.5767
E01003491,1980,12.0,179.3333,77.0,6.0606,90.5724,38.8889
E01003492,2032,5.0,45.3333,28.6667,2.4606,22.3097,14.1076
E01003494,2116,3.0,39.0,39.3333,1.4178,18.431,18.5885
E01003495,2075,3.0,34.0,19.6667,1.4458,16.3855,9.4779
E01003496,1342,4.0,50.0,40.0,2.9806,37.2578,29.8063
E01003497,1648,23.0,209.6667,70.0,13.9563,127.2249,42.4757
E01003498,1868,10.6667,55.6667,59.6667,5.7102,29.8001,31.9415
E01003499,2373,18.3333,100.0,82.6667,7.7258,42.1408,34.8364
E01003500,2049,17.6667,92.3333,57.0,8.6221,45.0626,27.8184
E01003501,2355,12.0,72.6667,53.0,5.0955,30.8563,22.5053
E01003502,2671,23.6667,152.3333,112.6667,8.8606,57.0323,42.1815
E01003503,2882,23.6667,186.6667,103.6667,8.2119,64.7698,35.9704
E01003506,1425,7.0,58.6667,29.6667,4.9123,41.1696,20.8187
E01003507,2261,17.0,95.3333,74.6667,7.5188,42.1642,33.0237
E01003508,2558,18.6667,72.6667,50.3333,7.2974,28.4076,19.6768
E01003509,2065,4.6667,36.3333,41.6667,2.2599,17.5948,20.1776
E01003511,1922,8.3333,39.0,32.3333,4.3358,20.2914,16.8228
E01003512,1980,12.3333,59.0,50.6667,6.229,29.798,25.5892
E01003513,1562,6.6667,110.3333,40.0,4.268,70.6359,25.6082
E01003514,1658,3.0,33.0,40.3333,1.8094,19.9035,24.3265
E01003515,2108,21.6667,230.6667,107.6667,10.2783,109.4244,51.0753
E01003516,1889,6.6667,39.0,49.6667,3.5292,20.6458,26.2926
E01003517,1884,6.0,163.0,56.6667,3.1847,86.518,30.0778
E01003518,1638,5.6667,20.6667,26.3333,3.4595,12.617,16.0765
E01003519,1619,3.6667,26.0,21.3333,2.2648,16.0593,13.1769
E01003520,1983,12.6667,345.0,125.0,6.3876,173.9788,63.0358
E01003521,2172,35.3333,822.3333,173.0,16.2676,378.6065,79.6501
E01003522,1852,4.6667,30.0,34.6667,2.5198,16.1987,18.7185
E01003523,2464,18.3333,118.0,73.6667,7.4405,47.8896,29.8972
E01003524,1930,7.6667,37.3333,40.0,3.9724,19.3437,20.7254
E01003525,2076,13.6667,127.3333,75.0,6.5832,61.3359,36.1272
E01003526,1880,4.6667,57.0,45.3333,2.4823,30.3191,24.1135
E01003527,1828,7.3333,44.6667,29.0,4.0117,24.4347,15.8643
E01003528,1359,3.0,24.3333,20.6667,2.2075,17.9053,15.2073
E01003529,2417,3.6667,66.3333,41.6667,1.517,27.4445,17.239
E01003530,1893,5.3333,33.3333,26.6667,2.8174,17.6087,14.087
E01003531,2253,7.0,124.0,81.6667,3.107,55.0377,36.248
E01003532,2309,5.0,48.6667,32.0,2.1654,21.0769,13.8588
E01003533,2315,6.6667,38.3333,44.6667,2.8798,16.5587,19.2945
E01003534,2323,5.0,61.0,44.3333,2.1524,26.2591,19.0845
E01003535,1856,12.3333,63.0,48.3333,6.6451,33.944,26.0417
E01003536,2120,8.0,31.6667,39.3333,3.7736,14.9371,18.5535
E01003537,2161,6.0,65.0,50.3333,2.7765,30.0787,23.2917
E01003538,2137,13.0,54.3333,58.0,6.0833,25.4251,27.1409
E01003539,2516,6.3333,58.0,53.0,2.5172,23.0525,21.0652
E01003540,2031,6.3333,45.3333,46.0,3.1183,22.3207,22.6489
E01003541,2022,5.3333,44.3333,45.6667,2.6377,21.9255,22.5849
E01003542,2234,9.6667,60.0,51.3333,4.3271,26.8577,22.9782
E01003543,2333,13.0,70.0,62.0,5.5722,30.0043,26.5752
E01003544,1811,16.6667,63.0,80.0,9.203,34.7874,44.1745
E01003545,1753,5.6667,34.6667,45.6667,3.2326,19.7756,26.0506
E01003546,1788,7.0,39.6667,35.6667,3.915,22.1849,19.9478
E01003547,1955,4.3333,42.6667,38.0,2.2165,21.8244,19.4373
E01003548,2248,8.0,43.3333,60.6667,3.5587,19.2764,26.987
E01003549,2119,9.6667,41.6667,43.6667,4.5619,19.6634,20.6072
E01003550,1779,5.6667,45.6667,33.6667,3.1853,25.6699,18.9245
E01003551,1830,6.0,36.3333,50.6667,3.2787,19.8543,27.6867
E01003552,1597,6.3333,30.6667,32.0,3.9658,19.2027,20.0376
E01003553,2021,16.0,88.3333,82.0,7.9169,43.7077,40.574
E01003554,1899,10.3333,42.0,36.0,5.4415,22.1169,18.9573
E01003555,1884,5.3333,33.3333,26.3333,2.8309,17.6929,13.9774
E01003556,1969,17.0,122.3333,105.6667,8.6338,62.1297,53.6651
E01003557,1956,10.0,74.0,53.0,5.1125,37.8323,27.0961
E01003558,1715,12.0,99.6667,104.0,6.9971,58.1147,60.6414
E01003559,2390,15.6667,83.0,57.0,6.5551,34.728,23.8494
E01003560,1676,3.0,30.6667,40.6667,1.79,18.2975,24.2641
E01003561,1714,5.3333,36.0,25.6667,3.1116,21.0035,14.9747
E01003562,2100,4.6667,41.3333,40.0,2.2222,19.6825,19.0476
E01003563,2620,2.6667,40.0,37.3333,1.0178,15.2672,14.2494
E01003564,2367,13.6667,80.3333,40.3333,5.7738,33.9389,17.0399
E01003565,2089,6.3333,32.0,26.3333,3.0318,15.3183,12.6057
E01003566,1962,21.0,209.0,83.6667,10.7034,106.524,42.6436
E01003567,1936,5.3333,57.3333,59.3333,2.7548,29.6143,30.6474
E01003568,2586,2.6667,31.3333,30.6667,1.0312,12.1165,11.8587
E01003569,2465,20.0,401.3333,73.6667,8.1136,162.8127,29.8851
E01003570,1908,6.6667,74.0,96.0,3.4941,38.7841,50.3145
E01003571,2278,4.3333,44.3333,56.6667,1.9023,19.4615,24.8756
E01003572,1674,3.0,29.3333,37.3333,1.7921,17.5229,22.3019
E01003573,2329,9.3333,109.0,39.6667,4.0074,46.8012,17.0316
E01003574,2549,9.3333,63.6667,59.6667,3.6616,24.9771,23.4079
E01003575,1659,7.3333,43.3333,33.6667,4.4203,26.1202,20.2933
E01003576,1801,12.6667,64.0,66.0,7.0331,35.5358,36.6463
E01003577,2387,8.0,59.6667,56.0,3.3515,24.9965,23.4604
E01003578,1994,12.6667,96.0,70.0,6.3524,48.1444,35.1053
E01003579,1986,6.6667,39.6667,36.3333,3.3568,19.9731,18.2947
E01003580,2001,6.6667,43.0,46.3333,3.3317,21.4893,23.1551
E01003581,1802,4.6667,44.3333,48.0,2.5897,24.6023,26.6371
E01003582,1598,3.0,32.6667,33.0,1.8773,20.4422,20.6508
E01003583,2096,9.3333,39.3333,31.3333,4.4529,18.7659,14.9491
E01003584,1916,5.3333,40.0,29.6667,2.7836,20.8768,15.4836
E01003585,1628,2.3333,21.6667,35.0,1.4333,13.3088,21.4988
E01003586,1833,7.3333,50.0,45.0,4.0007,27.2777,24.5499
E01003587,2486,13.3333,69.0,55.3333,5.3634,27.7554,22.258
E01003588,1560,4.3333,27.3333,27.3333,2.7778,17.5214,17.5214
E01003589,1856,7.3333,39.6667,31.6667,3.9511,21.3721,17.0618
E01003590,1607,8.0,59.0,43.3333,4.9782,36.7144,26.9654
E01003591,2256,13.3333,104.6667,89.3333,5.9102,46.3948,39.5981
E01003592,1888,11.6667,46.0,54.0,6.1794,24.3644,28.6017
E01003593,1508,8.3333,60.3333,34.0,5.5261,40.0088,22.5464
E01003594,1830,7.3333,48.3333,39.0,4.0073,26.4117,21.3115
E01003595,1810,9.3333,40.0,37.3333,5.1565,22.0994,20.6262
E01003596,1717,5.0,32.6667,41.3333,2.9121,19.0254,24.073
E01003597,2189,3.3333,22.3333,34.6667,1.5228,10.2025,15.8368
E01003598,1894,7.6667,40.3333,50.3333,4.0479,21.2953,26.5751
E01003599,1650,3.3333,42.0,43.6667,2.0202,25.4545,26.4646
E01003600,1629,12.6667,94.3333,43.3333,7.7757,57.9087,26.6012
E01003601,2201,14.3333,110.3333,282.0,6.5122,50.1287,128.1236
E01003602,2187,11.3333,54.0,55.3333,5.1821,24.6914,25.301
E01003603,1940,7.6667,86.3333,100.0,3.9519,44.5017,51.5464
E01003604,2290,15.6667,67.3333,53.0,6.8413,29.4032,23.1441
E01003605,2070,15.3333,63.0,55.3333,7.4074,30.4348,26.7311
E01003607,1895,11.6667,44.6667,55.6667,6.1566,23.5708,29.3755
E01003608,2034,8.6667,43.0,26.6667,4.2609,21.1406,13.1105
E01003611,1961,7.3333,33.6667,53.0,3.7396,17.1681,27.027
E01003615,1703,9.6667,55.3333,42.6667,5.6763,32.4917,25.0538
E01003616,1846,18.6667,104.0,48.0,10.112,56.338,26.0022
E01003618,2269,14.3333,246.6667,96.0,6.317,108.7116,42.3094
E01003619,2483,14.6667,135.6667,123.0,5.9068,54.6382,49.5369
E01003621,1652,2.6667,27.3333,38.0,1.6142,16.5456,23.0024
E01003622,1821,9.0,72.6667,70.0,4.9423,39.9048,38.4404
E01003623,1756,8.0,36.3333,56.0,4.5558,20.691,31.8907
E01003624,1689,8.6667,35.0,33.6667,5.1312,20.7223,19.9329
E01003625,1682,2.3333,34.0,33.3333,1.3872,20.214,19.8177
E01003626,1682,0.6667,26.0,35.0,0.3964,15.4578,20.8086
E01003627,1525,3.0,29.6667,22.3333,1.9672,19.4536,14.6448
E01003628,1691,3.3333,29.6667,23.6667,1.9712,17.5439,13.9957
E01003629,1947,2.0,28.6667,32.3333,1.0272,14.7235,16.6067
E01003630,1890,16.0,71.0,59.0,8.4656,37.5661,31.2169
E01003631,1866,4.3333,42.3333,46.0,2.3223,22.6867,24.6517
E01003632,2425,4.0,31.3333,33.6667,1.6495,12.921,13.8832
E01003633,1857,7.3333,38.0,46.0,3.949,20.4631,24.7711
E01003634,1751,4.3333,39.3333,42.3333,2.4748,22.4634,24.1767
E01003635,1825,8.6667,44.0,41.3333,4.7489,24.1096,22.6484
E01003636,2197,13.3333,71.6667,80.0,6.0689,32.6202,36.4133
E01003637,1889,3.3333,21.0,30.3333,1.7646,11.117,16.0579
E01003638,1907,12.0,88.0,41.0,6.2926,46.1458,21.4997
E01003639,2256,9.3333,61.0,38.0,4.1371,27.039,16.844
E01003640,1958,10.0,42.3333,44.0,5.1073,21.6207,22.4719
E01003641,2035,5.0,38.0,31.6667,2.457,18.6732,15.561
E01003642,1766,5.3333,63.3333,69.3333,3.02,35.8626,39.2601
E01003643,2275,3.3333,33.6667,24.3333,1.4652,14.7985,10.696
E01003644,1656,4.0,20.0,16.3333,2.4155,12.0773,9.8631
E01003645,2787,14.6667,199.3333,100.0,5.2625,71.5225,35.8809
E01003646,1916,9.0,61.6667,46.0,4.6973,32.1851,24.0084
E01003647,1969,7.6667,35.6667,41.0,3.8937,18.1141,20.8228
E01003648,1513,4.6667,25.3333,13.0,3.0844,16.7438,8.5922
E01003649,1676,4.3333,22.6667,21.0,2.5855,13.5243,12.5298
E01003650,1779,5.0,23.6667,20.3333,2.8106,13.3034,11.4296
E01003651,1516,4.6667,25.0,15.0,3.0783,16.4908,9.8945
E01003652,1615,5.0,21.3333,13.3333,3.096,13.2095,8.2559
E01003653,2163,14.6667,73.0,66.3333,6.7807,33.7494,30.6673
E01003654,1702,4.0,24.0,24.3333,2.3502,14.1011,14.2969
E01003655,1571,4.3333,33.3333,20.0,2.7583,21.2179,12.7307
E01003656,1559,8.0,37.3333,44.3333,5.1315,23.947,28.437
E01003657,2168,15.3333,72.3333,41.6667,7.0726,33.3641,19.2189
E01003658,1720,6.0,37.3333,49.3333,3.4884,21.7054,28.6822
E01003659,1756,5.6667,40.3333,23.3333,3.227,22.9689,13.2878
E01003660,1775,3.6667,25.3333,16.6667,2.0657,14.2723,9.3897
E01003661,2225,9.3333,35.3333,36.6667,4.1948,15.8801,16.4794
E01003662,2142,14.6667,58.0,60.0,6.8472,27.0775,28.0112
E01003663,1959,6.6667,25.3333,48.6667,3.4031,12.9318,24.8426
E01003664,1911,3.0,21.6667,34.3333,1.5699,11.3379,17.9662
E01003665,1710,4.3333,23.6667,22.0,2.5341,13.8402,12.8655
E01003666,2903,11.0,108.3333,63.6667,3.7892,37.3177,21.9313
E01003668,1719,16.3333,73.3333,21.6667,9.5016,42.6605,12.6042
E01003669,1549,8.0,65.0,17.6667,5.1646,41.9626,11.4052
E01003670,1532,5.0,23.0,23.3333,3.2637,15.0131,15.2306
E01003671,1557,5.0,18.3333,6.0,3.2113,11.7748,3.8536
E01003672,1697,12.0,40.3333,26.6667,7.0713,23.7674,15.714
E01003673,1917,5.3333,37.0,26.3333,2.7821,19.301,13.7367
E01003674,2424,21.3333,191.6667,68.3333,8.8009,79.0704,28.1903
E01003675,1723,5.3333,39.3333,35.6667,3.0954,22.8284,20.7003
E01003676,1941,5.0,25.6667,26.6667,2.576,13.2234,13.7386
E01003677,1808,9.0,92.0,38.3333,4.9779,50.885,21.2021
E01003678,1639,5.6667,28.0,22.6667,3.4574,17.0836,13.8296
E01003679,1759,5.3333,27.0,26.6667,3.032,15.3496,15.1601
E01003680,1667,22.6667,65.6667,18.3333,13.5973,39.3921,10.9978
E01003681,2026,3.3333,41.6667,46.3333,1.6453,20.566,22.8694
E01003682,1858,3.6667,23.6667,21.0,1.9734,12.7377,11.3025
E01003683,2187,7.0,36.3333,47.0,3.2007,16.6133,21.4906
E01003684,1866,6.0,32.3333,35.0,3.2154,17.3276,18.7567
E01003685,1925,10.0,47.3333,44.6667,5.1948,24.5887,23.2035
E01003686,2020,7.0,52.3333,54.0,3.4653,25.9076,26.7327
E01003688,1842,5.3333,53.0,74.3333,2.8954,28.7731,40.3547
E01003689,2231,36.0,977.6667,224.6667,16.1363,438.219,100.7022
E01003690,2155,25.3333,140.6667,99.3333,11.7556,65.2746,46.0944
E01003691,1606,4.3333,27.6667,18.6667,2.6982,17.2271,11.6231
E01003692,1642,3.6667,34.6667,56.6667,2.233,21.1125,34.5108
E01003693,1702,4.0,33.3333,21.0,2.3502,19.5848,12.3384
E01003694,1467,4.3333,22.3333,39.3333,2.9539,15.2238,26.8121
E01003695,1523,5.0,21.3333,53.3333,3.283,14.0074,35.0186
E01003696,1784,5.6667,28.6667,22.0,3.1764,16.0688,12.3318
E01003697,1728,6.6667,122.3333,46.6667,3.858,70.7948,27.0062
E01003698,1526,2.6667,18.0,19.6667,1.7475,11.7955,12.8877
E01003699,1554,10.0,46.6667,35.3333,6.435,30.03,22.737
E01003700,2525,8.0,53.3333,59.6667,3.1683,21.1221,23.6304
E01003701,2053,15.3333,102.0,54.6667,7.4687,49.6834,26.6277
E01003702,2252,5.6667,32.0,38.3333,2.5163,14.2096,17.0219
E01003703,2651,5.6667,27.6667,43.3333,2.1376,10.4363,16.346
E01003704,2032,12.0,85.0,58.3333,5.9055,41.8307,28.7073
E01003705,2420,12.6667,112.0,53.3333,5.2342,46.281,22.0386
E01003706,1702,4.6667,18.6667,30.0,2.7419,10.9675,17.6263
E01003707,1529,9.6667,21.3333,23.3333,6.3222,13.9525,15.2605
E01003708,2064,5.3333,31.3333,58.0,2.584,15.1809,28.1008
E01003709,1772,3.0,19.6667,17.3333,1.693,11.0986,9.7818
E01003710,1520,2.3333,21.3333,28.6667,1.5351,14.0351,18.8596
E01003711,1912,9.0,72.0,46.3333,4.7071,37.6569,24.2329
E01003712,1500,3.6667,16.6667,29.3333,2.4444,11.1111,19.5556
E01003713,1884,6.6667,30.3333,40.6667,3.5386,16.1005,21.5853
E01003714,2424,12.3333,64.6667,62.6667,5.088,26.6777,25.8526
E01003715,2216,8.3333,37.3333,54.0,3.7605,16.8472,24.3682
E01003716,1819,4.6667,37.3333,40.6667,2.5655,20.5241,22.3566
E01003718,2003,6.6667,39.6667,41.6667,3.3283,19.8036,20.8021
E01003719,2404,19.6667,78.3333,78.3333,8.1808,32.5846,32.5846
E01003720,1922,9.3333,76.3333,56.0,4.8561,39.7156,29.1363
E01003721,1895,7.0,49.0,34.3333,3.6939,25.8575,18.1179
E01003722,2418,4.0,25.0,46.3333,1.6543,10.3391,19.1618
E01003723,1915,8.3333,26.3333,70.0,4.3516,13.7511,36.5535
E01003724,1483,3.6667,18.0,18.0,2.4725,12.1376,12.1376
E01003725,1760,3.6667,18.6667,33.0,2.0833,10.6061,18.75
E01003726,2527,14.6667,52.0,67.6667,5.804,20.5778,26.7775
E01003727,1781,6.0,27.3333,37.3333,3.3689,15.3472,20.962
E01003729,1773,7.6667,130.6667,108.3333,4.3241,73.6981,61.1017
E01003730,1838,2.3333,29.6667,53.0,1.2695,16.1407,28.8357
E01003731,1413,5.3333,27.3333,36.6667,3.7745,19.3442,25.9495
E01003732,1832,10.0,31.3333,54.6667,5.4585,17.1033,29.8399
E01003733,1838,5.0,45.0,49.3333,2.7203,24.4831,26.8408
E01003734,1836,12.0,78.0,75.6667,6.5359,42.4837,41.2128
E01003735,2109,7.6667,61.0,60.6667,3.6352,28.9237,28.7656
E01003736,2037,6.6667,26.0,28.6667,3.2728,12.7639,14.073
E01003737,2973,3.6667,40.6667,34.3333,1.2333,13.6787,11.5484
E01003738,2378,8.6667,44.3333,48.6667,3.6445,18.6431,20.4654
E01003739,2395,6.6667,41.6667,58.3333,2.7836,17.3974,24.3563
E01003740,2222,10.0,57.3333,57.3333,4.5005,25.8026,25.8026
E01003741,2047,6.6667,41.6667,33.6667,3.2568,20.355,16.4468
E01003742,2374,9.3333,45.0,59.3333,3.9315,18.9553,24.993
E01003743,1902,8.0,45.6667,46.6667,4.2061,24.0098,24.5356
E01003744,1453,4.6667,17.0,10.3333,3.2117,11.6999,7.1117
E01003745,1412,4.3333,14.0,14.6667,3.0689,9.915,10.3872
E01003746,1618,5.3333,28.6667,22.3333,3.2963,17.7173,13.803
E01003747,1361,4.3333,13.3333,6.6667,3.1839,9.7967,4.8984
E01003748,1636,13.3333,88.3333,30.0,8.15,53.9935,18.3374
E01003749,1765,3.3333,19.3333,13.3333,1.8886,10.9537,7.5543
E01003750,1913,10.6667,49.3333,26.0,5.5759,25.7885,13.5912
E01003751,2274,10.6667,44.3333,41.0,4.6907,19.4957,18.0299
E01003752,2772,9.3333,55.6667,48.3333,3.367,20.0818,17.4363
E01003753,1987,4.3333,22.3333,26.6667,2.1808,11.2397,13.4206
E01003754,1721,7.0,23.6667,26.0,4.0674,13.7517,15.1075
E01003755,2413,7.6667,88.3333,40.3333,3.1772,36.6073,16.715
E01003756,2496,5.3333,39.6667,53.6667,2.1368,15.8921,21.5011
E01003757,2141,4.0,39.0,52.6667,1.8683,18.2158,24.5991
E01003759,1586,3.3333,25.3333,7.3333,2.1017,15.9731,4.6238
E01003760,1895,6.0,33.6667,33.6667,3.1662,17.7661,17.7661
E01003761,1824,5.3333,33.6667,54.0,2.924,18.4576,29.6053
E01003762,1730,16.3333,38.3333,18.6667,9.4412,22.158,10.79
E01003763,2010,7.6667,61.6667,18.0,3.8143,30.6799,8.9552
E01003764,2105,9.3333,42.0,25.0,4.4339,19.9525,11.8765
E01003765,1939,23.3333,109.0,28.0,12.0337,56.2145,14.4404
E01003766,2175,4.6667,30.6667,32.6667,2.1456,14.0996,15.0192
E01003767,2196,18.6667,106.3333,80.3333,8.5003,48.4214,36.5817
E01003768,1922,15.6667,72.3333,93.0,8.1512,37.6344,48.3871
E01003769,1877,21.0,177.6667,89.3333,11.1881,94.6546,47.5937
E01003770,2886,7.0,90.3333,506.6667,2.4255,31.3005,175.5602
E01003771,1793,9.0,29.3333,96.3333,5.0195,16.3599,53.7275
E01003772,1816,3.3333,28.0,29.6667,1.8355,15.4185,16.3363
E01003773,1827,7.6667,65.6667,42.0,4.1963,35.9423,22.9885
E01003774,1934,5.6667,31.6667,17.3333,2.93,16.3737,8.9624
E01003775,1658,7.6667,27.3333,15.0,4.624,16.4857,9.047
E01003776,1735,9.6667,33.0,39.0,5.5716,19.0202,22.4784
E01003777,1824,8.6667,57.0,24.3333,4.7515,31.25,13.3406
E01003778,1945,36.6667,177.0,52.0,18.8518,91.0026,26.7352
E01003779,1649,4.6667,27.3333,29.0,2.83,16.5757,17.5864
E01003780,1563,3.0,18.3333,4.6667,1.9194,11.7296,2.9857
E01003781,2018,14.6667,76.3333,95.3333,7.2679,37.8262,47.2415
E01003782,1740,2.6667,30.3333,35.0,1.5326,17.433,20.1149
E01003783,2530,35.3333,500.3333,178.6667,13.9657,197.7602,70.6192
E01003784,2007,5.3333,26.6667,43.0,2.6574,13.2868,21.425
E01003785,2047,10.0,46.0,85.6667,4.8852,22.4719,41.8499
E01003786,1636,1.6667,26.0,16.3333,1.0187,15.8924,9.9837
E01003787,1645,2.3333,22.3333,21.3333,1.4184,13.5765,12.9686
E01003788,1835,13.3333,50.6667,81.0,7.2661,27.6113,44.1417
E01003789,1424,6.3333,45.3333,15.0,4.4476,31.8352,10.5337
E01003790,1498,4.0,31.3333,23.3333,2.6702,20.9168,15.5763
E01003791,1501,9.3333,36.3333,18.0,6.2181,24.2061,11.992
E01003792,1423,6.6667,23.0,21.0,4.6849,16.163,14.7576
E01003793,1581,9.6667,36.6667,29.6667,6.1143,23.1921,18.7645
E01003794,1549,5.3333,22.3333,24.6667,3.4431,14.4179,15.9243
E01003795,1235,8.0,39.0,25.6667,6.4777,31.5789,20.7827
E01003796,1580,6.3333,32.0,18.0,4.0084,20.2532,11.3924
E01003797,1425,5.0,30.3333,12.0,3.5088,21.2865,8.4211
E01003798,1406,14.3333,52.0,21.3333,10.1944,36.9844,15.1731
E01003799,1573,18.0,77.0,17.3333,11.4431,48.951,11.0193
E01003800,1503,7.0,26.0,16.6667,4.6574,17.2987,11.0889
E01003801,1281,10.0,32.6667,11.6667,7.8064,25.5009,9.1075
E01003802,1387,10.0,12.6667,9.0,7.2098,9.1324,6.4888
E01003803,1555,7.0,25.3333,39.3333,4.5016,16.2915,25.2947
E01003804,1904,8.6667,21.0,30.0,4.5518,11.0294,15.7563
E01003805,1727,8.3333,29.3333,8.3333,4.8253,16.9851,4.8253
E01003806,1473,10.6667,29.6667,9.0,7.2415,20.1403,6.11
E01003807,1964,26.6667,122.3333,47.6667,13.5777,62.2878,24.2702
E01003808,1890,7.3333,44.0,15.6667,3.8801,23.2804,8.2892
E01003809,1710,8.0,40.3333,14.6667,4.6784,23.5867,8.577
E01003810,1630,3.3333,21.6667,17.0,2.045,13.2924,10.4294
E01003811,1841,4.6667,12.6667,13.3333,2.5349,6.8803,7.2424
E01003812,1856,6.6667,43.6667,36.0,3.592,23.5273,19.3966
E01003813,1618,5.0,20.6667,10.6667,3.0902,12.773,6.5925
E01003814,1786,7.3333,19.0,20.6667,4.106,10.6383,11.5715
E01003815,1988,13.6667,70.6667,36.0,6.8746,35.5466,18.1087
E01003816,1739,14.3333,28.6667,18.3333,8.2423,16.4846,10.5425
E01003817,1987,17.3333,61.6667,47.3333,8.7234,31.0351,23.8215
E01003818,1607,2.3333,14.0,21.0,1.452,8.7119,13.0678
E01003819,1773,7.6667,36.6667,37.6667,4.3241,20.6806,21.2446
E01003820,2031,5.6667,15.3333,36.3333,2.7901,7.5496,17.8894
E01003821,1691,13.6667,46.3333,28.3333,8.082,27.4,16.7554
E01003822,1480,6.3333,10.6667,3.0,4.2793,7.2072,2.027
E01003823,1702,11.6667,39.0,37.6667,6.8547,22.9142,22.1308
E01003824,1630,5.0,18.0,13.0,3.0675,11.0429,7.9755
E01003825,1774,11.6667,13.3333,9.6667,6.5765,7.516,5.4491
E01003826,1782,8.0,32.3333,37.3333,4.4893,18.1444,20.9502
E01003827,1934,7.6667,33.3333,33.0,3.9642,17.2354,17.0631
E01003828,1527,4.6667,11.0,18.0,3.0561,7.2037,11.7878
E01003829,1690,13.6667,97.0,59.6667,8.0868,57.3964,35.3057
E01003830,1858,11.0,18.6667,21.3333,5.9203,10.0466,11.4819
E01003831,1681,9.3333,15.3333,21.6667,5.5523,9.1216,12.8892
E01003832,1487,6.0,19.3333,47.0,4.035,13.0016,31.6073
E01003833,1473,9.6667,55.0,37.0,6.5626,37.3388,25.1188
E01003834,1600,8.6667,33.3333,26.6667,5.4167,20.8333,16.6667
E01003835,1644,5.0,37.3333,7.6667,3.0414,22.7088,4.6634
E01003836,1381,4.6667,13.6667,12.0,3.3792,9.8962,8.6894
E01003837,2058,11.6667,22.6667,33.3333,5.6689,11.0139,16.197
E01003838,1790,11.6667,33.0,14.6667,6.5177,18.4358,8.1937
E01003839,2282,13.3333,19.6667,44.6667,5.8428,8.6182,19.5735
E01003840,1826,6.3333,32.0,28.6667,3.4684,17.5246,15.6992
E01003841,2161,9.6667,66.0,63.0,4.4732,30.5414,29.1532
E01003842,1716,9.6667,21.0,38.6667,5.6333,12.2378,22.533
E01003843,2215,13.3333,38.3333,33.0,6.0196,17.3062,14.8984
E01003844,1462,6.6667,42.6667,35.0,4.56,29.1838,23.9398
E01003845,1707,10.3333,37.3333,19.0,6.0535,21.8707,11.1306
E01003846,1710,6.6667,31.0,8.3333,3.8986,18.1287,4.8733
E01003847,1692,16.0,73.0,27.6667,9.4563,43.1442,16.3515
E01003848,1905,8.6667,27.3333,27.0,4.5494,14.3482,14.1732
E01003849,1531,8.0,22.6667,19.0,5.2253,14.8051,12.4102
E01003851,1602,11.3333,48.3333,13.3333,7.0745,30.1706,8.3229
E01003852,1360,12.6667,27.3333,19.0,9.3137,20.098,13.9706
E01003853,1434,11.0,27.6667,16.0,7.6709,19.2934,11.1576
E01003854,1416,11.0,83.0,23.6667,7.7684,58.6158,16.7137
E01003855,1930,13.6667,40.3333,45.3333,7.0812,20.8981,23.4888
E01003856,1691,3.0,23.3333,18.3333,1.7741,13.7985,10.8417
E01003857,1885,4.6667,29.3333,13.0,2.4757,15.5615,6.8966
E01003858,1658,12.3333,40.0,19.0,7.4387,24.1255,11.4596
E01003859,1623,11.3333,33.0,16.0,6.983,20.3327,9.8583
E01003860,1716,10.3333,78.6667,33.0,6.0218,45.843,19.2308
E01003861,1955,9.3333,36.3333,25.6667,4.7741,18.5848,13.1287
E01003862,1930,10.6667,72.0,46.6667,5.5268,37.3057,24.1796
E01003863,1451,13.6667,24.3333,22.0,9.4188,16.77,15.162
E01003864,1464,7.6667,33.3333,13.6667,5.2368,22.7687,9.3352
E01003865,1445,6.6667,23.6667,18.6667,4.6136,16.3783,12.9181
E01003866,1694,2.6667,17.0,6.0,1.5742,10.0354,3.5419
E01003867,1598,12.6667,61.0,51.0,7.9266,38.1727,31.9149
E01003868,1568,5.0,28.3333,13.6667,3.1888,18.0697,8.716
E01003869,1661,10.0,54.3333,22.3333,6.0205,32.7112,13.4457
E01003870,2100,9.3333,42.6667,32.0,4.4444,20.3175,15.2381
E01003871,1756,6.0,15.6667,14.6667,3.4169,8.9218,8.3523
E01003872,1567,7.6667,22.6667,11.6667,4.8926,14.465,7.4452
E01003873,1632,11.3333,87.6667,34.0,6.9444,53.7173,20.8333
E01003874,1526,7.6667,24.3333,16.6667,5.024,15.9458,10.9218
E01003875,1675,16.6667,26.6667,21.3333,9.9502,15.9204,12.7363
E01003876,1867,58.0,690.3333,148.6667,31.0659,369.7554,79.6286
E01003877,1498,7.3333,19.0,11.3333,4.8954,12.6836,7.5656
E01003878,1468,6.6667,24.3333,28.6667,4.5413,16.5758,19.5277
E01003879,1416,7.0,22.3333,9.3333,4.9435,15.7721,6.5913
E01003880,1563,8.6667,20.6667,9.6667,5.5449,13.2224,6.1847
E01003881,1770,3.0,18.6667,20.6667,1.6949,10.5461,11.6761
E01003882,2000,9.0,45.6667,33.6667,4.5,22.8333,16.8333
E01003883,2024,5.3333,23.3333,18.0,2.635,11.5283,8.8933
E01003884,1735,9.6667,32.0,30.0,5.5716,18.4438,17.2911
E01003885,1539,4.0,20.3333,20.6667,2.5991,13.212,13.4286
E01003886,1646,7.6667,24.6667,14.3333,4.6578,14.9858,8.708
E01003887,1796,10.6667,46.0,23.3333,5.9391,25.6125,12.9918
E01003888,2045,17.0,95.6667,44.6667,8.313,46.7808,21.8419
E01003889,1662,6.3333,24.0,18.3333,3.8107,14.4404,11.0309
E01003890,1670,6.0,12.3333,13.6667,3.5928,7.3852,8.1836
E01003891,1746,8.0,39.0,19.0,4.5819,22.3368,10.882
E01003892,2090,6.0,17.6667,15.6667,2.8708,8.453,7.496
E01003893,1623,10.3333,22.3333,15.0,6.3668,13.7605,9.2421
E01003894,1662,2.6667,16.6667,18.6667,1.6045,10.0281,11.2314
E01003895,1774,6.0,21.0,20.3333,3.3822,11.8377,11.4619
E01003896,1882,19.3333,152.0,86.3333,10.2728,80.7651,45.8732
E01003897,1960,11.0,78.6667,58.0,5.6122,40.1361,29.5918
E01003898,1693,6.6667,22.3333,18.3333,3.9378,13.1916,10.8289
E01003899,1484,5.0,31.6667,12.6667,3.3693,21.3387,8.5355
E01003900,1685,9.0,38.0,42.0,5.3412,22.5519,24.9258
E01003901,1789,6.6667,23.6667,16.6667,3.7265,13.229,9.3162
E01003902,1374,4.3333,19.0,15.6667,3.1538,13.8282,11.4022
E01003903,1657,6.6667,71.3333,27.6667,4.0233,43.0497,16.6968
E01003904,1626,5.3333,21.6667,22.6667,3.28,13.3251,13.9401
E01003905,1281,5.6667,14.0,24.6667,4.4236,10.929,19.2558
E01003906,1702,3.3333,23.3333,23.6667,1.9585,13.7094,13.9052
E01003907,1675,5.6667,24.6667,29.6667,3.3831,14.7264,17.7114
E01003908,1815,7.3333,20.3333,24.0,4.0404,11.2029,13.2231
E01003909,1634,12.0,151.6667,48.6667,7.3439,92.8193,29.7838
E01003910,1655,3.3333,15.6667,11.6667,2.0141,9.4663,7.0493
E01003911,2088,11.6667,44.0,48.0,5.5875,21.0728,22.9885
E01003912,1952,7.3333,29.6667,29.6667,3.7568,15.1981,15.1981
E01003913,2043,24.3333,135.3333,178.0,11.9106,66.2425,87.1268
E01003914,1855,13.0,71.3333,42.3333,7.0081,38.4546,22.8212
E01003915,1850,9.3333,44.6667,38.3333,5.045,24.1441,20.7207
E01003916,2412,16.6667,74.3333,67.0,6.9099,30.8181,27.7778
E01003917,1885,16.3333,43.6667,29.6667,8.6649,23.1653,15.7383
E01003918,1465,16.3333,43.6667,37.6667,11.149,29.8066,25.711
E01003919,1564,11.6667,68.0,57.3333,7.4595,43.4783,36.6581
E01003920,2107,11.0,35.6667,51.6667,5.2207,16.9277,24.5214
E01003921,1917,20.3333,338.0,155.3333,10.6069,176.3172,81.0294
E01003922,2234,8.6667,118.3333,68.6667,3.8794,52.9693,30.7371
E01003923,1634,8.3333,51.0,44.3333,5.1,31.2118,27.1318
E01003924,2092,10.6667,53.3333,47.0,5.0988,25.4939,22.4665
E01003925,2032,7.3333,37.3333,33.0,3.6089,18.3727,16.2402
E01003926,1397,7.3333,51.0,45.3333,5.2493,36.5068,32.4505
E01003929,1999,57.0,1178.3333,122.6667,28.5143,589.4614,61.364
E01003930,1967,19.0,120.6667,57.3333,9.6594,61.3455,29.1476
E01003932,1541,15.0,221.3333,68.6667,9.7339,143.6297,44.5598
E01003933,2370,15.6667,206.6667,74.3333,6.6104,87.2011,31.3643
E01003934,1954,42.0,634.0,70.0,21.4944,324.4626,35.824
E01003935,1284,20.0,187.0,35.3333,15.5763,145.6386,27.5182
E01003936,1661,24.3333,80.3333,20.0,14.6498,48.3644,12.0409
E01003937,1536,16.0,158.3333,51.6667,10.4167,103.0816,33.6372
E01003938,1829,10.0,45.6667,29.6667,5.4675,24.9681,16.2202
E01003939,1975,42.0,675.6667,133.3333,21.2658,342.1097,67.5105
E01003940,1589,11.0,45.6667,31.3333,6.9226,28.7392,19.7189
E01003941,1988,22.6667,139.3333,42.0,11.4017,70.0872,21.1268
E01003942,1885,14.3333,71.0,42.6667,7.6039,37.6658,22.6348
E01003943,1494,11.0,53.3333,50.3333,7.3628,35.6983,33.6903
E01003945,1733,13.6667,45.0,16.6667,7.8861,25.9665,9.6172
E01003946,1900,10.0,47.3333,29.3333,5.2632,24.9123,15.4386
E01003947,1608,3.0,25.3333,38.6667,1.8657,15.7546,24.0464
E01003948,1751,15.6667,38.3333,23.0,8.9473,21.8923,13.1354
E01003949,1880,14.6667,52.0,25.0,7.8014,27.6596,13.2979
E01003950,1993,9.3333,33.0,40.6667,4.6831,16.558,20.4047
E01003951,1488,17.0,63.0,20.6667,11.4247,42.3387,13.8889
E01003952,1655,18.3333,130.3333,44.3333,11.0775,78.7513,26.7875
E01003953,2016,19.6667,127.6667,46.3333,9.7553,63.3267,22.9828
E01003954,1592,4.3333,29.0,12.6667,2.7219,18.2161,7.9564
E01003955,1891,8.3333,32.3333,17.3333,4.4068,17.0985,9.1662
E01003956,1848,9.3333,28.3333,18.6667,5.0505,15.3319,10.101
E01003957,1790,4.6667,31.0,31.3333,2.6071,17.3184,17.5047
E01003958,1936,9.3333,56.6667,42.3333,4.8209,29.27,21.8664
E01003960,1773,16.6667,98.3333,48.0,9.4003,55.4616,27.0728
E01003961,2074,23.3333,114.3333,72.6667,11.2504,55.127,35.037
E01003963,1718,7.0,42.3333,51.0,4.0745,24.6411,29.6857
E01003966,2137,14.3333,88.6667,82.0,6.7072,41.4912,38.3715
E01003969,2459,26.6667,199.0,121.6667,10.8445,80.9272,49.4781
E01003971,1426,12.6667,34.0,39.3333,8.8827,23.8429,27.583
E01003972,1467,12.6667,48.3333,49.3333,8.6344,32.9471,33.6287
E01003973,1651,12.6667,136.6667,52.6667,7.6721,82.7781,31.8999
E01003975,1780,10.6667,49.3333,41.0,5.9925,27.7154,23.0337
E01003976,2395,24.6667,98.6667,50.0,10.2992,41.1969,20.8768
E01003977,1872,17.3333,63.6667,45.6667,9.2593,34.01,24.3946
E01003979,1987,49.3333,219.3333,75.3333,24.828,110.3842,37.9131
E01003980,2000,20.3333,103.3333,71.3333,10.1667,51.6667,35.6667
E01003981,1508,28.6667,550.6667,119.0,19.0097,365.1636,78.9125
E01003983,1871,4.3333,45.3333,61.6667,2.3161,24.2295,32.9592
E01003984,2290,12.3333,100.3333,62.0,5.3857,43.8137,27.0742
E01003986,1588,14.0,75.6667,54.6667,8.8161,47.649,34.4249
E01003987,1839,12.0,36.3333,52.3333,6.5253,19.7571,28.4575
E01003988,2023,25.0,103.0,89.0,12.3579,50.9145,43.9941
E01003989,2259,11.6667,89.3333,79.0,5.1645,39.5455,34.9712
E01003990,2306,8.0,49.3333,56.3333,3.4692,21.3935,24.429
E01003991,1273,6.6667,23.0,32.0,5.237,18.0676,25.1375
E01003992,1586,6.3333,29.3333,34.0,3.9933,18.4952,21.4376
E01003993,2022,12.6667,37.6667,39.0,6.2644,18.6284,19.2878
E01003994,1829,17.6667,345.3333,85.0,9.6592,188.8099,46.4735
E01003995,1374,9.0,25.0,37.3333,6.5502,18.1951,27.1713
E01003997,1296,6.6667,34.6667,20.6667,5.144,26.749,15.9465
E01003998,1427,7.0,68.3333,29.3333,4.9054,47.886,20.5559
E01003999,1499,6.6667,30.3333,27.0,4.4474,20.2357,18.012
E01004000,1949,11.0,48.3333,38.3333,5.6439,24.799,19.6682
E01004001,1768,8.0,37.6667,32.6667,4.5249,21.3047,18.4766
E01004002,1704,6.0,29.0,26.0,3.5211,17.0188,15.2582
E01004003,1823,7.6667,55.0,44.3333,4.2055,30.17,24.3189
E01004004,2624,10.6667,65.0,57.6667,4.065,24.7713,21.9766
E01004005,2326,17.0,85.3333,72.3333,7.3087,36.6867,31.0977
E01004006,1861,7.6667,34.6667,28.6667,4.1196,18.628,15.4039
E01004007,1443,8.0,25.3333,30.6667,5.544,17.556,21.252
E01004008,2086,9.0,48.0,46.0,4.3145,23.0105,22.0518
E01004010,1507,13.0,180.0,111.6667,8.6264,119.4426,74.0987
E01004011,2114,11.3333,49.0,50.6667,5.3611,23.1788,23.9672
E01004012,2346,22.6667,59.3333,58.3333,9.6618,25.2913,24.865
E01004013,1684,10.0,33.0,41.6667,5.9382,19.5962,24.7427
E01004014,2129,13.6667,39.0,51.0,6.4193,18.3185,23.9549
E01004015,1805,9.3333,71.6667,37.3333,5.1708,39.7045,20.6833
E01004016,2589,14.0,54.6667,28.6667,5.4075,21.115,11.0725
E01004017,1641,7.3333,33.3333,14.6667,4.4688,20.3128,8.9376
E01004018,1899,5.6667,48.3333,17.6667,2.984,25.452,9.3031
E01004019,2125,9.3333,45.0,34.0,4.3922,21.1765,16.0
E01004020,1746,6.6667,26.0,45.0,3.8183,14.8912,25.7732
E01004021,2115,15.6667,88.0,29.6667,7.4074,41.6076,14.0268
E01004023,1649,6.0,118.3333,59.0,3.6386,71.7607,35.7793
E01004024,1968,18.0,77.3333,58.3333,9.1463,39.2954,29.6409
E01004028,2418,17.0,98.3333,54.6667,7.0306,40.6672,22.6082
E01004029,1996,7.0,48.6667,28.0,3.507,24.3821,14.0281
E01004030,1489,9.6667,48.0,35.6667,6.4921,32.2364,23.9534
E01004031,2600,22.6667,481.6667,103.0,8.7179,185.2564,39.6154
E01004032,1498,6.6667,39.6667,20.3333,4.4504,26.4798,13.5737
E01004033,2416,17.3333,104.0,77.0,7.1744,43.0464,31.8709
E01004034,1600,7.6667,52.3333,45.3333,4.7917,32.7083,28.3333
E01004035,1426,13.3333,53.6667,44.3333,9.3502,37.6344,31.0893
E01004036,2114,10.3333,65.3333,69.3333,4.888,30.9051,32.7972
E01004037,2025,15.6667,74.0,46.6667,7.7366,36.5432,23.0453
E01004038,2399,20.0,87.0,62.3333,8.3368,36.2651,25.983
E01004039,1543,12.3333,40.0,19.0,7.9931,25.9235,12.3137
E01004040,1885,9.0,195.3333,80.3333,4.7745,103.6251,42.6172
E01004041,1631,6.6667,41.6667,25.6667,4.0875,25.5467,15.7368
E01004042,1957,19.6667,95.3333,66.3333,10.0494,48.714,33.8954
E01004043,1356,10.3333,50.3333,38.0,7.6205,37.119,28.0236
E01004044,1440,6.6667,35.3333,31.3333,4.6296,24.537,21.7593
E01004045,1587,4.0,34.6667,46.6667,2.5205,21.8442,29.4056
E01004046,1561,4.6667,39.3333,17.6667,2.9895,25.1975,11.3175
E01004047,1643,4.3333,33.6667,23.3333,2.6375,20.491,14.2017
E01004048,1627,6.0,96.0,35.3333,3.6878,59.0043,21.7169
E01004049,1345,4.0,30.6667,25.0,2.974,22.8005,18.5874
E01004050,1389,9.3333,28.6667,9.6667,6.7195,20.6383,6.9594
E01004051,1285,6.3333,44.6667,18.0,4.9287,34.7601,14.0078
E01004052,1747,16.6667,65.0,30.3333,9.5402,37.2066,17.3631
E01004053,1872,6.6667,43.3333,26.0,3.5613,23.1481,13.8889
E01004054,1530,13.3333,68.0,21.0,8.7146,44.4444,13.7255
E01004055,1331,2.6667,23.0,33.0,2.0035,17.2802,24.7934
E01004056,2317,13.6667,41.6667,38.0,5.8984,17.983,16.4005
E01004057,2240,13.3333,45.3333,34.3333,5.9524,20.2381,15.3274
E01004058,1693,9.6667,46.0,18.6667,5.7098,27.1707,11.0258
E01004059,2070,24.0,215.6667,37.6667,11.5942,104.1868,18.1965
E01004060,1969,9.3333,57.0,48.3333,4.7401,28.9487,24.5471
E01004061,1658,13.3333,116.0,41.0,8.0418,69.9638,24.7286
E01004062,2214,34.0,177.6667,112.0,15.3568,80.2469,50.5872
E01004063,1882,14.0,115.3333,46.6667,7.4389,61.2823,24.7963
E01004064,1941,17.6667,50.3333,42.3333,9.1018,25.9317,21.8101
E01004065,1508,9.0,49.3333,23.6667,5.9682,32.7144,15.6941
E01004066,2091,11.0,50.3333,51.6667,5.2606,24.0714,24.7091
E01004067,2212,30.6667,609.3333,188.0,13.8638,275.4671,84.991
E01004068,1906,27.6667,102.6667,58.3333,14.5156,53.865,30.6051
E01004069,1294,14.6667,66.6667,15.0,11.3344,51.5198,11.592
E01004070,1952,7.0,59.6667,22.3333,3.5861,30.5669,11.4413
E01004071,1527,7.3333,43.3333,23.3333,4.8024,28.3781,15.2805
E01004072,1674,8.3333,62.6667,12.6667,4.9781,37.4353,7.5667
E01004073,1894,7.0,40.6667,12.0,3.6959,21.4713,6.3358
E01004074,1706,17.3333,92.0,22.6667,10.1602,53.9273,13.2864
E01004075,1713,12.6667,83.6667,16.0,7.3944,48.8422,9.3403
E01004076,1630,12.3333,110.0,84.3333,7.5665,67.4847,51.7382
E01004077,1626,6.0,20.6667,33.3333,3.69,12.7101,20.5002
E01004078,1763,5.0,33.6667,53.3333,2.8361,19.0962,30.2515
E01004079,1392,6.3333,18.3333,8.6667,4.5498,13.1705,6.2261
E01004080,1394,8.3333,14.0,14.6667,5.978,10.043,10.5213
E01004081,1643,5.0,22.3333,24.3333,3.0432,13.593,14.8103
E01004082,1389,6.6667,14.3333,10.6667,4.7996,10.3192,7.6794
E01004083,1502,4.6667,17.3333,44.6667,3.107,11.5402,29.7381
E01004084,1449,8.0,10.6667,14.6667,5.521,7.3614,10.1219
E01004085,1609,5.0,14.0,13.3333,3.1075,8.7011,8.2867
E01004086,2015,10.3333,50.3333,50.6667,5.1282,24.9793,25.1447
E01004087,1565,4.3333,15.0,15.0,2.7689,9.5847,9.5847
E01004088,1939,7.3333,45.6667,94.6667,3.782,23.5517,48.8224
E01004089,1345,6.0,141.6667,54.0,4.461,105.3284,40.1487
E01004090,1344,9.0,18.3333,46.0,6.6964,13.6409,34.2262
E01004091,1282,5.6667,12.6667,8.6667,4.4202,9.8804,6.7603
E01004092,1507,5.6667,11.0,15.0,3.7602,7.2993,9.9536
E01004093,1716,8.0,11.0,18.6667,4.662,6.4103,10.878
E01004094,1865,4.3333,21.3333,25.3333,2.3235,11.4388,13.5836
E01004095,1562,7.6667,14.0,17.0,4.9082,8.9629,10.8835
E01004096,1561,8.3333,11.3333,17.3333,5.3385,7.2603,11.104
E01004097,1656,3.0,7.6667,20.6667,1.8116,4.6296,12.4799
E01004098,1298,3.3333,15.3333,11.6667,2.5681,11.813,8.9882
E01004099,1616,13.3333,47.0,54.6667,8.2508,29.0842,33.8284
E01004100,1527,4.0,41.3333,36.3333,2.6195,27.0683,23.7939
E01004101,1409,4.3333,11.0,13.6667,3.0755,7.807,9.6996
E01004102,1515,10.6667,45.0,29.0,7.0407,29.703,19.1419
E01004103,1776,6.0,19.0,26.3333,3.3784,10.6982,14.8273
E01004104,1568,6.3333,35.0,17.6667,4.0391,22.3214,11.267
E01004105,1876,8.3333,16.0,16.6667,4.4421,8.5288,8.8842
E01004106,1626,9.6667,11.6667,12.6667,5.9451,7.1751,7.7901
E01004107,1622,4.3333,12.0,36.0,2.6716,7.3983,22.1948
E01004108,1967,6.6667,25.3333,33.3333,3.3893,12.8792,16.9463
E01004109,1714,7.6667,15.3333,29.6667,4.473,8.9459,17.3084
E01004110,2039,10.3333,39.3333,47.6667,5.0678,19.2905,23.3775
E01004111,1688,6.3333,47.6667,11.6667,3.752,28.2385,6.9115
E01004112,1667,5.0,22.3333,11.3333,2.9994,13.3973,6.7986
E01004114,1780,16.3333,9.6667,10.0,9.176,5.4307,5.618
E01004115,1838,6.3333,17.3333,19.0,3.4458,9.4305,10.3373
E01004116,1586,10.0,10.3333,9.0,6.3052,6.5153,5.6747
E01004117,1432,5.0,8.6667,10.6667,3.4916,6.0521,7.4488
E01004118,1810,9.3333,66.6667,49.0,5.1565,36.8324,27.0718
E01004119,1441,5.0,39.6667,15.0,3.4698,27.5272,10.4094
E01004120,1514,4.3333,12.3333,10.3333,2.8622,8.1462,6.8252
E01004121,1584,6.0,53.6667,30.3333,3.7879,33.8805,19.1498
E01004122,1390,3.6667,7.6667,10.3333,2.6379,5.5156,7.4341
E01004123,2279,11.0,76.3333,91.0,4.8267,33.4942,39.9298
E01004124,2007,5.0,20.6667,33.6667,2.4913,10.2973,16.7746
E01004125,1609,6.3333,21.3333,45.3333,3.9362,13.2588,28.1748
E01004126,1567,4.6667,20.0,32.0,2.9781,12.7632,20.4212
E01004127,1844,4.6667,19.0,37.0,2.5307,10.3037,20.0651
E01004128,1447,6.6667,36.3333,103.0,4.6072,25.1094,71.1818
E01004129,1888,10.6667,38.0,68.0,5.6497,20.1271,36.0169
E01004130,1764,17.6667,103.6667,43.3333,10.0151,58.768,24.5654
E01004131,1888,5.6667,15.6667,26.3333,3.0014,8.298,13.9477
E01004132,1486,4.3333,13.6667,9.3333,2.9161,9.1969,6.2808
E01004133,1564,5.6667,11.6667,12.3333,3.6232,7.4595,7.8858
E01004134,1610,5.0,45.0,34.3333,3.1056,27.9503,21.3251
E01004135,1453,6.0,13.0,21.0,4.1294,8.947,14.4529
E01004136,1564,5.3333,14.0,14.3333,3.4101,8.9514,9.1645
E01004137,2556,12.6667,95.0,112.6667,4.9557,37.1674,44.0793
E01004138,1808,7.3333,22.6667,28.0,4.056,12.5369,15.4867
E01004139,1542,8.6667,17.3333,31.6667,5.6204,11.2408,20.5361
E01004140,1882,8.0,40.6667,94.6667,4.2508,21.6082,50.3011
E01004141,1825,3.6667,22.3333,50.6667,2.0091,12.2374,27.7626
E01004143,1533,1.3333,11.0,30.3333,0.8698,7.1755,19.7869
E01004144,1770,6.0,26.6667,22.6667,3.3898,15.0659,12.806
E01004145,2280,7.6667,23.0,41.3333,3.3626,10.0877,18.1287
E01004146,1983,9.0,28.6667,39.3333,4.5386,14.4562,19.8353
E01004147,1583,5.0,15.0,17.0,3.1586,9.4757,10.7391
E01004148,1818,8.3333,24.6667,59.6667,4.5838,13.568,32.8199
E01004149,1862,4.0,18.6667,24.3333,2.1482,10.0251,13.0684
E01004150,1986,8.6667,21.0,45.0,4.3639,10.574,22.6586
E01004151,1966,6.3333,15.6667,25.3333,3.2214,7.9688,12.8857
E01004152,1774,10.6667,39.6667,38.6667,6.0128,22.36,21.7963
E01004153,1928,7.0,14.3333,27.3333,3.6307,7.4343,14.177
E01004154,1485,5.3333,11.0,8.0,3.5915,7.4074,5.3872
E01004155,1904,7.6667,15.0,33.0,4.0266,7.8782,17.3319
E01004156,2018,11.6667,41.3333,31.0,5.7813,20.4823,15.3617
E01004157,1295,5.6667,15.3333,5.3333,4.3758,11.8404,4.1184
E01004158,1605,7.6667,14.3333,17.0,4.7767,8.9304,10.5919
E01004159,1650,5.6667,15.0,32.0,3.4343,9.0909,19.3939
E01004160,1650,3.6667,16.3333,19.0,2.2222,9.899,11.5152
E01004161,1518,3.0,18.6667,16.3333,1.9763,12.2969,10.7598
E01004162,1694,7.6667,29.0,27.6667,4.5258,17.1192,16.3322
E01004163,1729,5.3333,18.3333,23.6667,3.0846,10.6034,13.6881
E01004164,1443,7.6667,35.6667,25.0,5.313,24.717,17.325
E01004165,1776,3.0,60.3333,57.3333,1.6892,33.9715,32.2823
E01004166,1566,5.6667,23.3333,22.3333,3.6186,14.9,14.2614
E01004167,1632,12.3333,118.3333,61.0,7.5572,72.5082,37.3775
E01004168,1611,5.6667,21.3333,14.0,3.5175,13.2423,8.6903
E01004169,1807,5.6667,18.0,41.0,3.136,9.9613,22.6895
E01004170,2207,11.0,94.6667,65.3333,4.9841,42.8938,29.6028
E01004171,1609,4.0,19.3333,35.0,2.486,12.0157,21.7526
E01004172,1941,13.3333,32.0,65.3333,6.8693,16.4863,33.6596
E01004173,1365,4.0,19.0,14.3333,2.9304,13.9194,10.5006
E01004174,1573,3.6667,31.0,36.6667,2.331,19.7076,23.31
E01004175,1737,5.0,14.3333,27.6667,2.8785,8.2518,15.9278
E01004176,1525,7.0,37.3333,33.3333,4.5902,24.4809,21.8579
E01004177,1804,9.3333,24.0,35.0,5.1737,13.3038,19.4013
E01004178,2368,24.3333,211.3333,123.0,10.2759,89.2455,51.9426
E01004179,1617,4.0,21.3333,19.0,2.4737,13.1932,11.7502
E01004180,1761,6.3333,22.3333,22.0,3.5964,12.6822,12.4929
E01004181,1732,5.3333,12.6667,24.6667,3.0793,7.3133,14.2417
E01004182,1767,7.0,28.0,44.0,3.9615,15.8461,24.901
E01004183,1775,9.3333,31.3333,51.3333,5.2582,17.6526,28.9202
E01004184,1705,6.3333,26.3333,53.6667,3.7146,15.4448,31.4761
E01004185,2117,7.6667,36.0,64.6667,3.6215,17.0052,30.5464
E01004186,1719,8.6667,28.3333,34.0,5.0417,16.4825,19.7789
E01004187,1676,6.0,17.6667,38.3333,3.58,10.541,22.8719
E01004189,2115,7.3333,40.6667,51.0,3.4673,19.2277,24.1135
E01004190,1386,2.6667,13.6667,12.0,1.924,9.8605,8.658
E01004191,1886,5.0,24.6667,25.3333,2.6511,13.0788,13.4323
E01004192,1864,7.0,20.6667,19.3333,3.7554,11.0873,10.372
E01004193,2845,12.3333,24.0,39.0,4.3351,8.4359,13.7083
E01004194,1596,5.6667,16.6667,29.3333,3.5505,10.4428,18.3793
E01004195,1695,7.3333,29.6667,23.6667,4.3265,17.5025,13.9626
E01004196,1577,3.6667,23.6667,18.3333,2.3251,15.0074,11.6254
E01004198,1490,14.6667,61.3333,65.0,9.8434,41.1633,43.6242
E01004199,1695,11.6667,27.3333,42.6667,6.883,16.1259,25.1721
E01004200,1502,12.3333,45.3333,27.6667,8.2113,30.182,18.4199
E01004201,1689,9.3333,46.6667,30.3333,5.526,27.6298,17.9593
E01004202,2019,25.3333,93.6667,57.3333,12.5475,46.3926,28.3969
E01004203,1808,29.6667,173.6667,89.3333,16.4086,96.0546,49.41
E01004204,1868,11.0,41.6667,36.6667,5.8887,22.3055,19.6288
E01004205,2203,13.3333,98.3333,81.3333,6.0524,44.6361,36.9194
E01004206,1464,12.3333,40.3333,60.6667,8.4244,27.5501,41.439
E01004207,1426,11.3333,110.6667,45.6667,7.9476,77.6064,32.0243
E01004208,1978,43.3333,485.6667,148.6667,21.9077,245.5342,75.1601
E01004209,1387,4.3333,46.3333,37.0,3.1242,33.4054,26.6763
E01004211,1629,27.3333,172.0,98.3333,16.7792,105.5862,60.3642
E01004212,2231,27.3333,115.6667,80.0,12.2516,51.8452,35.8584
E01004214,1620,6.6667,22.0,61.0,4.1152,13.5802,37.6543
E01004216,1788,2.6667,20.0,35.0,1.4914,11.1857,19.5749
E01004217,2077,8.0,51.0,62.6667,3.8517,24.5546,30.1717
E01004218,1927,5.0,18.6667,20.0,2.5947,9.6869,10.3788
E01004219,2721,19.3333,126.3333,108.3333,7.1052,46.429,39.8138
E01004221,1976,12.0,69.6667,61.3333,6.0729,35.2564,31.0391
E01004222,2730,12.3333,74.6667,102.0,4.5177,27.3504,37.3626
E01004223,2215,12.3333,72.0,66.0,5.5681,32.5056,29.7968
E01004226,2407,16.0,118.6667,75.0,6.6473,49.3007,31.1591
E01004228,1947,13.0,45.3333,47.3333,6.6769,23.2837,24.3109
E01004229,1419,9.3333,53.3333,38.3333,6.5774,37.5852,27.0143
E01004230,2146,13.6667,58.0,48.6667,6.3684,27.027,22.6779
E01004231,1646,13.6667,132.3333,74.0,8.303,80.3969,44.9575
E01004232,1791,21.3333,163.0,62.0,11.9114,91.0106,34.6175
E01004233,2204,8.6667,29.6667,40.6667,3.9322,13.4604,18.4513
E01004234,2561,24.3333,138.6667,65.3333,9.5015,54.1455,25.5109
E01004235,1312,8.0,29.0,42.6667,6.0976,22.1037,32.5203
E01004236,1560,4.0,39.6667,46.3333,2.5641,25.4274,29.7009
E01004237,1530,9.6667,49.3333,45.0,6.3181,32.244,29.4118
E01004239,1773,12.6667,46.0,53.0,7.1442,25.9447,29.8928
E01004240,1684,6.6667,37.3333,37.6667,3.9588,22.1694,22.3674
E01004241,1672,11.0,32.6667,35.3333,6.5789,19.5375,21.1324
E01004243,1553,8.0,31.3333,32.3333,5.1513,20.176,20.8199
E01004244,2049,27.3333,106.3333,79.3333,13.3398,51.8952,38.7181
E01004245,2966,13.3333,75.0,87.3333,4.4954,25.2866,29.4448
E01004247,2640,15.3333,109.6667,98.6667,5.8081,41.5404,37.3737
E01004248,1888,14.0,53.6667,57.3333,7.4153,28.4251,30.3672
E01004249,2439,12.6667,71.6667,71.3333,5.1934,29.3836,29.247
E01004251,2578,19.0,137.3333,88.3333,7.3701,53.2713,34.2643
E01004255,1586,11.6667,57.0,53.3333,7.356,35.9395,33.6276
E01004256,1690,6.3333,44.3333,55.3333,3.7475,26.2327,32.7416
E01004257,2232,7.0,63.0,99.0,3.1362,28.2258,44.3548
E01004258,1472,9.6667,34.0,26.6667,6.567,23.0978,18.1159
E01004259,1753,17.6667,89.0,118.3333,10.078,50.7701,67.5033
E01004260,1785,14.0,56.3333,63.0,7.8431,31.5593,35.2941
E01004263,1381,5.6667,31.6667,45.3333,4.1033,22.9302,32.8265
E01004264,1441,5.3333,26.6667,43.3333,3.7011,18.5057,30.0717
E01004266,1452,6.0,34.6667,27.3333,4.1322,23.8751,18.8246
E01004267,2200,16.0,105.3333,90.6667,7.2727,47.8788,41.2121
E01004268,1769,8.3333,61.3333,94.0,4.7108,34.6712,53.1374
E01004270,2420,22.3333,154.6667,60.6667,9.2287,63.9118,25.0689
E01004271,2463,13.0,58.6667,51.3333,5.2781,23.8192,20.8418
E01004272,2668,18.6667,48.6667,79.6667,6.9965,18.2409,29.8601
E01004274,1956,4.6667,18.3333,39.6667,2.3858,9.3729,20.2795
E01004275,2514,7.6667,31.0,55.3333,3.0496,12.3309,22.0101
E01004276,2052,7.0,17.6667,22.0,3.4113,8.6095,10.7212
E01004277,1593,18.6667,295.3333,93.6667,11.7179,185.3944,58.7989
E01004280,1954,5.3333,30.0,41.3333,2.7294,15.3531,21.1532
E01004281,1991,4.3333,20.6667,25.0,2.1765,10.38,12.5565
E01004283,2185,8.6667,47.6667,62.3333,3.9664,21.8154,28.5278
E01004286,2476,15.3333,98.3333,74.0,6.1928,39.7146,29.8869
E01004287,2250,6.6667,43.0,47.6667,2.963,19.1111,21.1852
E01004288,1853,4.0,44.6667,63.6667,2.1587,24.1051,34.3587
E01004289,1936,8.6667,39.6667,55.0,4.4766,20.489,28.4091
E01004290,1975,20.6667,89.6667,62.0,10.4641,45.4008,31.3924
E01004291,1911,20.6667,42.6667,34.6667,10.8146,22.3269,18.1406
E01004292,1672,13.0,18.6667,15.0,7.7751,11.1643,8.9713
E01004293,1987,27.6667,247.6667,51.0,13.9238,124.6435,25.6668
E01004295,2003,5.6667,56.0,43.0,2.8291,27.9581,21.4678
E01004296,2430,13.3333,65.0,66.6667,5.487,26.749,27.4348
E01004297,1917,8.3333,27.3333,20.3333,4.3471,14.2584,10.6069
E01004298,1604,6.0,86.6667,82.6667,3.7406,54.0316,51.5378
E01004300,1450,2.6667,21.3333,29.3333,1.8391,14.7126,20.2299
E01004301,1420,5.6667,35.0,38.3333,3.9906,24.6479,26.9953
E01004302,1669,6.3333,61.0,55.0,3.7947,36.5488,32.9539
E01004303,2871,13.3333,91.6667,75.3333,4.6441,31.9285,26.2394
E01004304,2136,10.0,78.6667,73.0,4.6816,36.829,34.176
E01004305,1864,8.0,55.6667,53.3333,4.2918,29.8641,28.6123
E01004306,1842,27.6667,185.6667,68.6667,15.0199,100.7962,37.2783
E01004307,2336,62.0,651.0,99.6667,26.5411,278.6815,42.6655
E01004308,1441,11.3333,32.3333,34.6667,7.8649,22.4381,24.0574
E01004309,2793,42.6667,380.0,174.0,15.2763,136.0544,62.2986
E01004310,2021,28.3333,187.0,89.0,14.0195,92.5285,44.0376
E01004311,1845,15.0,93.0,44.0,8.1301,50.4065,23.8482
E01004312,1525,15.3333,31.6667,45.3333,10.0546,20.765,29.7268
E01004313,2125,17.3333,81.0,68.6667,8.1569,38.1176,32.3137
E01004315,1580,16.6667,84.3333,48.0,10.5485,53.3755,30.3797
E01004316,1039,9.6667,82.3333,20.6667,9.3038,79.2429,19.8909
E01004319,2506,10.3333,56.6667,50.3333,4.1234,22.6124,20.0851
E01004321,2146,14.6667,117.0,79.3333,6.8344,54.52,36.968
E01004322,1401,25.0,226.6667,194.3333,17.8444,161.7892,138.7104
E01004323,1627,11.3333,93.0,44.3333,6.9658,57.1604,27.2485
E01004324,1599,12.0,31.0,37.3333,7.5047,19.3871,23.3479
E01004326,1887,16.6667,121.0,63.0,8.8324,64.1229,33.3863
E01004327,1506,9.6667,39.0,21.6667,6.4188,25.8964,14.3869
E01004328,1869,7.3333,47.3333,40.3333,3.9237,25.3255,21.5802
E01004329,1810,9.3333,34.3333,34.0,5.1565,18.9687,18.7845
E01004330,1677,3.0,35.6667,27.0,1.7889,21.2681,16.1002
E01004331,1656,7.0,33.6667,31.6667,4.2271,20.3301,19.1224
E01004332,1944,11.0,54.6667,46.0,5.6584,28.1207,23.6626
E01004333,1696,5.0,35.6667,33.0,2.9481,21.0299,19.4575
E01004334,1892,13.6667,58.0,66.6667,7.2234,30.6554,35.2361
E01004335,1740,12.6667,44.6667,61.6667,7.2797,25.6705,35.4406
E01004336,1555,8.0,61.3333,48.6667,5.1447,39.4427,31.2969
E01004337,1742,8.3333,39.6667,46.0,4.7838,22.7708,26.4064
E01004338,2020,4.0,31.3333,29.0,1.9802,15.5116,14.3564
E01004339,1883,3.3333,26.3333,31.0,1.7702,13.9848,16.4631
E01004340,1880,14.3333,33.6667,49.6667,7.6241,17.9078,26.4184
E01004341,1935,18.0,91.3333,84.3333,9.3023,47.2007,43.5831
E01004342,2091,17.0,119.0,60.6667,8.1301,56.9106,29.0132
E01004343,1871,7.3333,38.0,19.0,3.9195,20.31,10.155
E01004344,1904,9.0,59.0,60.3333,4.7269,30.9874,31.6877
E01004345,1792,8.0,27.6667,31.3333,4.4643,15.439,17.4851
E01004346,1796,8.0,35.6667,25.6667,4.4543,19.8589,14.291
E01004347,2184,9.3333,63.0,28.6667,4.2735,28.8462,13.1258
E01004348,2947,12.6667,78.0,83.0,4.2982,26.4676,28.1642
E01004349,1547,6.3333,24.6667,26.0,4.0939,15.9448,16.8067
E01004350,1901,12.0,43.3333,32.6667,6.3125,22.795,17.1839
E01004351,1645,5.3333,22.6667,37.6667,3.2421,13.7791,22.8977
E01004352,1884,5.6667,48.6667,31.0,3.0078,25.8316,16.4544
E01004353,1815,2.6667,27.6667,30.0,1.4692,15.2433,16.5289
E01004354,1965,6.3333,97.6667,53.6667,3.2231,49.7031,27.3113
E01004355,1690,6.0,34.6667,44.0,3.5503,20.5128,26.0355
E01004356,1698,9.3333,38.3333,20.6667,5.4967,22.5756,12.1712
E01004357,1583,7.6667,24.6667,27.0,4.8431,15.5822,17.0562
E01004358,1952,8.6667,38.6667,27.6667,4.4399,19.8087,14.1735
E01004359,1712,3.3333,26.6667,15.6667,1.947,15.5763,9.1511
E01004360,1334,4.0,14.0,13.0,2.9985,10.4948,9.7451
E01004361,1383,9.3333,24.3333,9.0,6.7486,17.5946,6.5076
E01004362,1608,4.3333,38.0,38.0,2.6949,23.6318,23.6318
E01004363,1666,7.0,92.0,98.0,4.2017,55.2221,58.8235
E01004364,1984,5.6667,42.3333,50.0,2.8562,21.3374,25.2016
E01004365,2543,13.0,73.3333,92.6667,5.1121,28.8373,36.4399
E01004366,1936,6.0,36.6667,44.3333,3.0992,18.9394,22.8994
E01004367,1607,6.3333,83.0,48.3333,3.9411,51.649,30.0767
E01004368,2449,9.3333,41.0,30.3333,3.8111,16.7415,12.386
E01004369,1757,4.3333,41.0,24.6667,2.4663,23.3352,14.0391
E01004370,2105,11.0,48.3333,54.0,5.2257,22.9612,25.6532
E01004371,1646,5.0,35.6667,31.0,3.0377,21.6687,18.8335
E01004372,1645,4.3333,24.3333,17.6667,2.6342,14.7923,10.7396
E01004373,1798,6.6667,46.0,36.3333,3.7078,25.584,20.2076
E01004374,1967,5.6667,34.6667,34.0,2.8809,17.6241,17.2852
E01004375,1933,9.3333,56.6667,37.3333,4.8284,29.3154,19.3137
E01004376,1891,12.6667,65.3333,54.3333,6.6984,34.5496,28.7326
E01004377,1837,10.6667,42.0,29.3333,5.8066,22.8634,15.9681
E01004378,1849,6.0,32.3333,27.3333,3.245,17.4869,14.7828
E01004379,1926,8.0,83.0,31.6667,4.1537,43.0945,16.4417
E01004380,1796,5.3333,28.6667,24.0,2.9696,15.9614,13.363
E01004381,1985,7.0,61.0,38.3333,3.5264,30.7305,19.3115
E01004382,1753,4.6667,32.3333,39.0,2.6621,18.4446,22.2476
E01004383,1687,3.6667,28.3333,21.3333,2.1735,16.7951,12.6457
E01004384,2002,7.3333,70.0,48.3333,3.663,34.965,24.1425
E01004385,1534,4.3333,32.6667,39.6667,2.8249,21.2951,25.8583
E01004386,1698,3.6667,17.6667,8.0,2.1594,10.4044,4.7114
E01004387,1439,2.6667,15.6667,7.0,1.8531,10.8872,4.8645
E01004388,1660,6.6667,47.0,43.0,4.0161,28.3133,25.9036
E01004389,1733,6.3333,45.0,43.6667,3.6545,25.9665,25.1972
E01004390,1600,3.0,22.0,27.6667,1.875,13.75,17.2917
E01004391,2326,8.6667,101.3333,42.3333,3.726,43.5655,18.2001
E01004392,2565,20.0,328.3333,103.6667,7.7973,128.0052,40.4159
E01004393,1691,8.6667,107.0,63.3333,5.1252,63.2762,37.4532
E01004394,2003,4.0,49.0,43.3333,1.997,24.4633,21.6342
E01004395,1700,1.3333,32.6667,23.6667,0.7843,19.2157,13.9216
E01004396,1995,4.0,48.0,37.6667,2.005,24.0602,18.8805
E01004397,2908,27.6667,612.6667,181.3333,9.514,210.6832,62.3567
E01004398,2029,6.6667,37.0,40.6667,3.2857,18.2356,20.0427
E01004399,1890,5.6667,40.0,53.3333,2.9982,21.164,28.2187
E01004400,1898,7.0,48.0,39.0,3.6881,25.2898,20.5479
E01004401,2368,16.6667,79.6667,51.0,7.0383,33.643,21.5372
E01004402,1870,5.6667,38.0,32.3333,3.0303,20.3209,17.2906
E01004403,2588,13.0,108.3333,60.3333,5.0232,41.8599,23.3127
E01004404,2852,7.6667,39.6667,48.0,2.6882,13.9084,16.8303
E01004405,1716,7.3333,54.3333,33.6667,4.2735,31.6628,19.6193
E01004406,1846,6.6667,56.6667,39.3333,3.6114,30.697,21.3073
E01004407,1632,21.3333,44.0,78.6667,13.0719,26.9608,48.2026
E01004408,1732,7.6667,46.0,32.3333,4.4265,26.5589,18.6682
E01004409,1774,11.0,72.6667,39.3333,6.2007,40.962,22.1721
E01004410,1845,15.6667,70.0,53.0,8.4914,37.9404,28.7263
E01004411,1981,12.3333,64.3333,46.3333,6.2258,32.4752,23.3889
E01004412,1788,10.6667,57.6667,29.0,5.9657,32.2521,16.2192
E01004413,1543,9.3333,41.3333,34.3333,6.0488,26.7876,22.251
E01004414,1814,9.6667,46.3333,47.6667,5.3289,25.5421,26.2771
E01004415,1618,4.0,20.6667,28.0,2.4722,12.773,17.3053
E01004416,1824,16.0,33.6667,13.0,8.7719,18.4576,7.1272
E01004417,1886,9.6667,41.0,41.3333,5.1255,21.7391,21.9159
E01004418,1780,6.0,30.0,27.6667,3.3708,16.8539,15.5431
E01004419,2652,10.0,50.6667,51.0,3.7707,19.1051,19.2308
E01004420,2258,11.0,196.0,113.3333,4.8716,86.8025,50.1919
E01004421,2132,5.3333,35.6667,35.0,2.5016,16.7292,16.4165
E01004422,2648,29.0,153.6667,70.3333,10.9517,58.0312,26.5609
E01004423,2102,8.3333,51.6667,54.0,3.9645,24.5798,25.6898
E01004424,2120,14.3333,100.0,78.6667,6.761,47.1698,37.1069
E01004425,1989,9.6667,115.3333,38.3333,4.8601,57.9856,19.2727
E01004426,1831,4.3333,40.0,28.6667,2.3666,21.846,15.6563
E01004427,1975,10.0,50.6667,38.6667,5.0633,25.654,19.5781
E01004428,2091,5.6667,32.6667,49.3333,2.71,15.6225,23.5932
E01004429,1832,14.0,61.6667,42.3333,7.6419,33.6608,23.1077
E01004430,2677,47.0,333.6667,124.6667,17.557,124.642,46.5695
E01004432,1932,10.0,50.6667,46.6667,5.176,26.225,24.1546
E01004434,2146,11.3333,51.6667,54.0,5.2811,24.0758,25.1631
E01004435,2147,9.0,51.3333,49.0,4.1919,23.9093,22.8225
E01004436,1531,9.0,98.0,46.0,5.8785,64.0105,30.0457
E01004437,1792,8.0,38.3333,45.0,4.4643,21.3914,25.1116
E01004438,2142,26.6667,260.3333,85.6667,12.4494,121.5375,39.9938
E01004439,1636,6.6667,33.0,24.3333,4.075,20.1711,14.8737
E01004440,2066,9.3333,107.0,69.3333,4.5176,51.7909,33.5592
E01004441,1527,5.6667,44.0,21.3333,3.711,28.8147,13.9707
E01004442,1544,4.0,26.6667,19.3333,2.5907,17.2712,12.5216
E01004443,2235,15.3333,108.3333,48.3333,6.8606,48.4713,21.6257
E01004444,2820,24.6667,108.3333,87.3333,8.747,38.4161,30.9693
E01004445,2088,5.3333,41.6667,38.0,2.5543,19.9553,18.1992
E01004446,2668,7.0,47.0,30.0,2.6237,17.6162,11.2444
E01004447,1862,2.3333,27.0,22.3333,1.2531,14.5005,11.9943
E01004448,1931,7.6667,100.0,38.6667,3.9703,51.7866,20.0242
E01004449,1892,6.0,38.0,43.3333,3.1712,20.0846,22.9035
E01004450,1708,9.6667,37.3333,22.3333,5.6596,21.8579,13.0757
E01004451,1841,7.6667,30.6667,28.0,4.1644,16.6576,15.2091
E01004452,1887,10.3333,98.6667,59.0,5.4761,52.2876,31.2666
E01004453,1816,13.3333,126.3333,34.6667,7.3421,69.5668,19.0896
E01004454,1971,6.6667,43.6667,38.3333,3.3824,22.1546,19.4487
E01004455,1794,13.0,512.0,81.6667,7.2464,285.3958,45.5221
E01004456,1686,6.0,153.0,63.0,3.5587,90.7473,37.3665
E01004457,1907,8.6667,49.0,37.3333,4.5447,25.6948,19.577
E01004458,2038,9.0,51.3333,35.0,4.4161,25.1881,17.1737
E01004459,1666,5.0,33.6667,42.3333,3.0012,20.2081,25.4102
E01004460,2047,14.0,88.0,53.3333,6.8393,42.9897,26.0544
E01004462,2355,7.6667,54.0,46.0,3.2555,22.9299,19.5329
E01004463,2047,7.3333,44.3333,32.3333,3.5825,21.6577,15.7955
E01004464,1729,15.0,96.0,90.3333,8.6755,55.5234,52.246
E01004465,1607,2.3333,18.0,16.3333,1.452,11.201,10.1639
E01004466,1719,3.6667,29.3333,18.3333,2.133,17.0642,10.6651
E01004467,2354,12.0,59.6667,70.0,5.0977,25.3469,29.7366
E01004468,1779,12.0,33.0,27.3333,6.7454,18.5497,15.3644
E01004469,1926,10.3333,31.6667,49.3333,5.3652,16.4417,25.6144
E01004470,1671,12.0,74.3333,65.0,7.1813,44.4843,38.8989
E01004471,1776,5.6667,30.6667,38.3333,3.1907,17.2673,21.5841
E01004472,1782,15.0,76.0,16.6667,8.4175,42.6487,9.3528
E01004473,1773,11.3333,37.3333,15.6667,6.3922,21.0566,8.8362
E01004474,2017,35.6667,301.3333,101.6667,17.683,149.3968,50.4049
E01004475,1510,10.3333,48.6667,12.6667,6.8433,32.2296,8.3885
E01004476,1812,21.3333,123.0,41.6667,11.7734,67.8808,22.9948
E01004477,1657,9.0,50.6667,6.6667,5.4315,30.5773,4.0233
E01004478,1566,6.0,36.3333,4.3333,3.8314,23.2014,2.7671
E01004479,1512,13.0,39.0,13.3333,8.5979,25.7937,8.8183
E01004480,1721,10.0,37.3333,9.0,5.8106,21.6928,5.2295
E01004481,1640,8.6667,53.3333,32.6667,5.2846,32.5203,19.9187
E01004482,1557,8.0,24.0,17.0,5.1381,15.4143,10.9184
E01004483,2101,11.6667,36.3333,37.0,5.5529,17.2934,17.6107
E01004484,1498,8.0,29.0,16.0,5.3405,19.3591,10.6809
E01004485,1733,13.6667,107.0,49.3333,7.8861,61.7426,28.467
E01004486,1425,6.3333,33.6667,11.6667,4.4444,23.6257,8.1871
E01004487,1492,7.0,28.6667,20.6667,4.6917,19.2136,13.8517
E01004488,1331,8.6667,37.3333,13.0,6.5114,28.0491,9.7671
E01004489,1364,4.3333,39.6667,18.3333,3.1769,29.0811,13.4409
E01004490,1570,4.6667,22.3333,13.3333,2.9724,14.2251,8.4926
E01004491,2509,5.0,23.0,26.3333,1.9928,9.167,10.4955
E01004492,1740,9.6667,87.6667,32.6667,5.5556,50.3831,18.7739
E01004493,1947,9.0,35.6667,85.0,4.6225,18.3188,43.6569
E01004494,1785,15.3333,52.3333,33.3333,8.5901,29.3184,18.6741
E01004495,1585,5.6667,24.6667,34.0,3.5752,15.5626,21.4511
E01004496,1930,21.0,62.6667,48.0,10.8808,32.4698,24.8705
E01004497,1498,5.0,18.6667,27.3333,3.3378,12.4611,18.2466
E01004498,1687,6.0,22.6667,17.6667,3.5566,13.4361,10.4722
E01004499,1610,11.6667,21.6667,23.6667,7.2464,13.4576,14.6998
E01004500,1927,7.6667,23.0,20.3333,3.9786,11.9357,10.5518
E01004501,1534,9.3333,15.6667,16.6667,6.0843,10.213,10.8648
E01004502,1641,5.0,22.0,11.6667,3.0469,13.4065,7.1095
E01004503,1702,7.3333,38.6667,26.0,4.3087,22.7184,15.2761
E01004504,1525,4.3333,20.3333,9.0,2.8415,13.3333,5.9016
E01004505,1618,9.3333,16.6667,13.6667,5.7684,10.3008,8.4466
E01004506,2217,21.0,68.0,41.6667,9.4723,30.6721,18.7942
E01004507,2585,20.0,54.0,35.0,7.7369,20.8897,13.5397
E01004508,2002,19.6667,78.6667,43.0,9.8235,39.294,21.4785
E01004510,1843,13.6667,33.0,26.6667,7.4154,17.9056,14.4692
E01004511,1591,11.3333,26.6667,33.3333,7.1234,16.7609,20.9512
E01004512,1454,3.6667,28.0,7.3333,2.5218,19.2572,5.0436
E01004513,1931,7.6667,108.3333,57.0,3.9703,56.1022,29.5184
E01004514,1822,10.0,56.6667,33.6667,5.4885,31.1014,18.4779
E01004515,1684,6.6667,35.6667,31.0,3.9588,21.1797,18.4086
E01004516,1746,5.3333,41.3333,21.3333,3.0546,23.6732,12.2184
E01004517,2262,12.6667,58.3333,64.6667,5.5998,25.7884,28.5883
E01004518,1734,7.6667,42.6667,22.0,4.4214,24.6059,12.6874
E01004519,1756,6.3333,27.3333,32.3333,3.6067,15.5657,18.4131
E01004520,1402,2.0,29.0,22.3333,1.4265,20.6847,15.9296
E01004521,2036,5.6667,36.0,29.0,2.7832,17.6817,14.2436
E01004522,1729,7.3333,34.6667,37.0,4.2414,20.0501,21.3997
E01004523,1637,9.3333,53.3333,32.0,5.7015,32.5799,19.548
E01004524,1839,9.0,31.6667,54.6667,4.894,17.2195,29.7263
E01004525,1926,29.3333,641.3333,212.6667,15.2302,332.9872,110.4188
E01004526,1775,14.0,95.6667,38.6667,7.8873,53.8967,21.784
E01004527,1659,6.3333,33.3333,28.3333,3.8176,20.0924,17.0786
E01004528,1653,11.0,43.0,66.0,6.6546,26.0133,39.9274
E01004529,2103,13.6667,61.0,47.0,6.4987,29.0062,22.349
E01004530,1745,6.6667,24.3333,15.3333,3.8204,13.9446,8.787
E01004531,1763,5.0,25.3333,29.0,2.8361,14.3694,16.4492
E01004532,1441,4.3333,18.0,13.6667,3.0072,12.4913,9.4842
E01004533,1448,4.6667,21.3333,25.3333,3.2228,14.733,17.4954
E01004534,1920,16.0,54.0,33.3333,8.3333,28.125,17.3611
E01004535,1857,4.3333,39.0,72.6667,2.3335,21.0016,39.1312
E01004536,2350,13.3333,60.6667,79.0,5.6738,25.8156,33.617
E01004537,2072,20.0,53.3333,53.0,9.6525,25.74,25.5792
E01004538,2478,14.3333,33.0,34.0,5.7842,13.3172,13.7207
E01004539,2092,6.3333,40.6667,84.3333,3.0274,19.4391,40.3123
E01004540,2235,20.6667,66.6667,56.3333,9.2468,29.8285,25.2051
E01004541,1696,12.0,35.6667,57.6667,7.0755,21.0299,34.0016
E01004542,1572,5.3333,26.6667,22.3333,3.3927,16.9635,14.207
E01004543,1743,13.3333,57.0,18.6667,7.6496,32.7022,10.7095
E01004544,1537,7.0,33.0,14.6667,4.5543,21.4704,9.5424
E01004545,1937,26.3333,154.3333,40.3333,13.5949,79.6765,20.8226
E01004546,1500,3.3333,19.3333,9.3333,2.2222,12.8889,6.2222
E01004547,1425,7.0,21.3333,19.3333,4.9123,14.9708,13.5673
E01004548,2036,13.3333,73.3333,40.6667,6.5488,36.0183,19.9738
E01004549,1662,5.3333,27.6667,27.6667,3.209,16.6466,16.6466
E01004550,1361,8.3333,24.0,18.6667,6.1229,17.6341,13.7154
E01004551,1565,17.6667,276.3333,134.3333,11.2886,176.5708,85.836
E01004552,1971,25.0,354.6667,64.3333,12.6839,179.9425,32.6399
E01004553,1764,6.3333,84.6667,20.6667,3.5903,47.997,11.7158
E01004554,1657,6.0,39.0,12.6667,3.621,23.5365,7.6443
E01004555,1724,4.3333,48.0,10.3333,2.5135,27.8422,5.9938
E01004556,1646,4.0,38.6667,7.6667,2.4301,23.4913,4.6578
E01004557,1728,7.3333,43.0,22.3333,4.2438,24.8843,12.9244
E01004558,1845,8.0,33.6667,13.3333,4.336,18.2475,7.2267
E01004559,1468,6.3333,32.3333,8.3333,4.3143,22.0254,5.6767
E01004560,1934,13.6667,147.3333,60.0,7.0665,76.1806,31.0238
E01004563,2179,12.6667,58.3333,75.3333,5.8131,26.7707,34.5724
E01004564,1874,16.3333,61.6667,45.0,8.7158,32.9064,24.0128
E01004565,1663,12.3333,28.6667,21.6667,7.4163,17.2379,13.0287
E01004566,1681,9.0,59.6667,28.0,5.354,35.4947,16.6568
E01004567,2365,8.3333,35.0,54.6667,3.5236,14.7992,23.1149
E01004568,1762,9.3333,33.6667,43.6667,5.297,19.1071,24.7824
E01004569,2382,9.6667,75.6667,98.6667,4.0582,31.766,41.4218
E01004570,1931,8.3333,36.3333,66.3333,4.3156,18.8158,34.3518
E01004571,1845,7.0,61.0,40.6667,3.794,33.0623,22.0416
E01004572,1684,3.3333,25.3333,30.6667,1.9794,15.0435,18.2106
E01004573,1684,6.0,76.6667,51.0,3.5629,45.5265,30.285
E01004574,2116,3.3333,31.0,70.6667,1.5753,14.6503,33.3963
E01004575,1888,13.3333,30.6667,50.6667,7.0621,16.2429,26.8362
E01004576,1606,8.3333,26.3333,51.0,5.1889,16.3968,31.7559
E01004577,1848,12.6667,45.0,23.3333,6.8543,24.3506,12.6263
E01004579,1871,9.3333,51.0,36.0,4.9884,27.2582,19.241
E01004580,2114,11.3333,58.6667,42.0,5.3611,27.7515,19.8675
E01004581,1781,8.3333,33.0,27.3333,4.679,18.5289,15.3472
E01004582,2201,7.6667,77.0,26.3333,3.4833,34.9841,11.9643
E01004583,1710,12.0,125.3333,47.0,7.0175,73.2943,27.4854
E01004584,1726,3.0,22.6667,55.3333,1.7381,13.1325,32.0587
E01004585,1826,6.0,38.0,24.6667,3.2859,20.8105,13.5086
E01004586,1897,10.3333,52.0,12.6667,5.4472,27.4117,6.6772
E01004587,1820,4.3333,38.6667,16.3333,2.381,21.2454,8.9744
E01004588,2014,25.3333,156.6667,76.6667,12.5786,77.7888,38.0669
E01004589,1797,12.3333,41.0,16.6667,6.8633,22.8158,9.2747
E01004590,1850,8.3333,40.3333,42.3333,4.5045,21.8018,22.8829
E01004591,1903,28.3333,117.3333,43.0,14.8888,61.657,22.5959
E01004592,1685,4.6667,32.6667,34.0,2.7695,19.3867,20.178
E01004593,1936,7.3333,36.3333,21.6667,3.7879,18.7672,11.1915
E01004594,1701,4.0,38.3333,13.3333,2.3516,22.5358,7.8385
E01004595,1802,7.6667,36.0,20.6667,4.2545,19.9778,11.4687
E01004596,1617,7.6667,51.6667,12.3333,4.7413,31.9522,7.6273
E01004597,1891,8.0,31.0,22.3333,4.2306,16.3934,11.8103
E01004598,2146,8.0,25.3333,20.6667,3.7279,11.8049,9.6303
E01004599,1566,7.6667,18.6667,8.6667,4.8957,11.92,5.5343
E01004601,2464,14.3333,62.3333,40.6667,5.8171,25.2976,16.5043
E01004602,1647,11.0,59.0,21.6667,6.6788,35.8227,13.1552
E01004604,1564,7.6667,45.0,9.0,4.902,28.7724,5.7545
E01004605,1821,9.0,33.3333,26.0,4.9423,18.305,14.2779
E01004606,1673,5.6667,56.6667,12.3333,3.3871,33.8713,7.372
E01004607,1629,5.3333,31.6667,11.0,3.274,19.4393,6.7526
E01004608,1669,7.6667,81.6667,30.3333,4.5936,48.9315,18.1746
E01004609,2136,29.6667,380.0,149.0,13.8889,177.9026,69.7566
E01004610,1984,6.0,42.6667,28.6667,3.0242,21.5054,14.4489
E01004611,1547,5.3333,30.3333,34.3333,3.4475,19.6078,22.1935
E01004612,1602,13.3333,54.0,52.6667,8.3229,33.7079,32.8756
E01004613,1694,14.3333,106.3333,64.6667,8.4612,62.7706,38.1739
E01004614,1971,8.6667,38.0,19.0,4.3971,19.2796,9.6398
E01004615,1644,6.3333,38.3333,65.0,3.8524,23.3171,39.5377
E01004616,1896,9.6667,33.6667,29.6667,5.0985,17.7567,15.647
E01004617,1909,23.6667,166.0,188.6667,12.3974,86.9565,98.8301
E01004618,1510,6.3333,19.0,18.6667,4.1943,12.5828,12.362
E01004619,1357,9.0,28.6667,11.0,6.6323,21.125,8.1061
E01004620,1696,5.0,31.0,19.3333,2.9481,18.2783,11.3994
E01004621,1719,11.0,35.3333,21.6667,6.3991,20.5546,12.6042
E01004622,1848,6.6667,32.0,184.6667,3.6075,17.316,99.9278
E01004623,1772,7.0,42.6667,12.6667,3.9503,24.0783,7.1482
E01004624,1574,5.3333,24.3333,38.3333,3.3884,15.4596,24.3541
E01004625,1315,7.0,16.3333,6.6667,5.3232,12.4208,5.0697
E01004626,1847,12.0,59.3333,220.6667,6.497,32.1242,119.473
E01004627,1588,8.3333,47.0,22.6667,5.2477,29.597,14.2737
E01004628,2340,8.3333,28.3333,39.3333,3.5613,12.1083,16.8091
E01004629,1592,8.6667,27.0,22.0,5.4439,16.9598,13.8191
E01004630,1759,5.3333,23.3333,43.0,3.032,13.2651,24.4457
E01004631,1885,7.3333,22.6667,33.3333,3.8904,12.0248,17.6835
E01004632,1515,5.6667,17.0,14.6667,3.7404,11.2211,9.681
E01004633,1655,4.6667,19.3333,40.0,2.8197,11.6818,24.1692
E01004634,1480,11.3333,19.3333,23.0,7.6577,13.0631,15.5405
E01004635,1662,7.0,18.3333,26.0,4.2118,11.0309,15.6438
E01004636,1464,5.3333,15.0,33.3333,3.643,10.2459,22.7687
E01004637,1465,3.3333,15.6667,23.3333,2.2753,10.694,15.9272
E01004638,1375,11.3333,20.3333,11.3333,8.2424,14.7879,8.2424
E01004639,1707,16.0,53.0,26.6667,9.3732,31.0486,15.6219
E01004640,1679,9.6667,24.6667,13.0,5.7574,14.6913,7.7427
E01004641,1888,8.3333,18.0,25.0,4.4138,9.5339,13.2415
E01004642,2111,9.0,21.6667,37.3333,4.2634,10.2637,17.6851
E01004643,2350,7.0,35.0,66.3333,2.9787,14.8936,28.227
E01004644,2507,16.3333,41.0,100.3333,6.5151,16.3542,40.0213
E01004645,2114,8.3333,25.3333,45.3333,3.942,11.9836,21.4443
E01004646,1723,18.0,41.0,26.0,10.4469,23.7957,15.09
E01004647,1392,15.6667,95.0,24.0,11.2548,68.2471,17.2414
E01004648,2321,17.0,55.3333,29.0,7.3244,23.8403,12.4946
E01004649,1408,6.3333,48.0,31.6667,4.4981,34.0909,22.4905
E01004650,1816,10.3333,39.6667,15.6667,5.6902,21.8429,8.627
E01004651,1775,15.3333,29.3333,18.0,8.6385,16.5258,10.1408
E01004652,1615,20.0,106.3333,54.0,12.3839,65.8411,33.4365
E01004653,1958,17.3333,98.0,29.6667,8.8526,50.0511,15.1515
E01004654,2447,34.0,176.0,42.0,13.8946,71.9248,17.1639
E01004656,1967,27.3333,76.3333,45.0,13.8959,38.807,22.8775
E01004657,1214,45.6667,556.0,77.6667,37.6167,457.9901,63.9758
E01004658,1523,32.0,472.3333,116.6667,21.0112,310.1335,76.6032
E01004659,1631,20.6667,83.6667,32.3333,12.6712,51.2978,19.8242
E01004660,1431,16.6667,234.3333,40.6667,11.6469,163.7549,28.4184
E01004661,1998,50.3333,249.0,109.6667,25.1919,124.6246,54.8882
E01004662,1320,23.0,189.3333,32.3333,17.4242,143.4343,24.4949
E01004663,1418,39.3333,123.0,35.6667,27.7386,86.7419,25.1528
E01004665,1453,5.0,23.3333,42.6667,3.4412,16.0587,29.3645
E01004668,1420,4.6667,19.3333,29.6667,3.2864,13.615,20.892
E01004669,1721,6.6667,32.0,34.0,3.8737,18.5938,19.756
E01004670,2711,9.3333,34.6667,83.0,3.4428,12.7874,30.616
E01004674,1902,11.6667,59.0,70.3333,6.1339,31.02,36.9786
E01004675,2352,30.6667,78.0,75.6667,13.0385,33.1633,32.1712
E01004676,1498,14.6667,41.3333,51.6667,9.7908,27.5923,34.4904
E01004677,1716,8.3333,31.3333,24.0,4.8563,18.2595,13.986
E01004678,1963,13.3333,41.0,44.0,6.7923,20.8864,22.4147
E01004679,1975,17.6667,110.6667,101.6667,8.9451,56.0338,51.4768
E01004680,1242,23.0,131.3333,41.3333,18.5185,105.7434,33.2797
E01004681,1838,34.3333,190.3333,54.3333,18.6797,103.5546,29.5611
E01004682,1278,32.0,237.6667,62.6667,25.0391,185.9677,49.035
E01004683,1491,19.6667,90.0,19.6667,13.1903,60.3622,13.1903
E01004684,1341,19.6667,134.3333,54.6667,14.6657,100.174,40.7656
E01004686,1399,14.6667,110.6667,59.0,10.4837,79.1041,42.173
E01004687,1319,15.3333,74.6667,17.3333,11.625,56.6085,13.1413
E01004690,1065,12.0,88.0,25.3333,11.2676,82.6291,23.7872
E01004691,1151,23.6667,337.0,58.0,20.5618,292.7889,50.391
E01004692,1025,6.3333,110.6667,30.6667,6.1789,107.9675,29.9187
E01004693,1211,22.6667,74.3333,25.0,18.7173,61.3818,20.6441
E01004694,1473,23.0,123.0,42.3333,15.6144,83.5031,28.7395
E01004695,1071,26.3333,338.6667,75.0,24.5876,316.2154,70.028
E01004696,1445,11.3333,28.6667,35.6667,7.8431,19.8385,24.6828
E01004697,1343,24.3333,39.3333,19.3333,18.1186,29.2877,14.3956
E01004698,1336,24.0,124.6667,60.0,17.9641,93.3134,44.9102
E01004699,1754,49.3333,334.3333,68.3333,28.1262,190.6119,38.9586
E01004700,1485,21.3333,53.3333,27.6667,14.3659,35.9147,18.6308
E01004701,1540,13.0,39.3333,17.3333,8.4416,25.5411,11.2554
E01004702,2808,27.0,94.6667,98.6667,9.6154,33.7132,35.1377
E01004703,1994,15.0,138.0,41.0,7.5226,69.2076,20.5617
E01004705,1245,11.3333,50.0,10.3333,9.1031,40.1606,8.2999
E01004706,1475,9.6667,45.6667,24.6667,6.5537,30.9605,16.7232
E01004707,1840,15.0,51.3333,9.0,8.1522,27.8986,4.8913
E01004708,1540,18.6667,41.0,42.6667,12.1212,26.6234,27.7056
E01004709,1694,11.3333,96.6667,42.3333,6.6903,57.0641,24.9902
E01004710,1953,14.6667,78.0,55.0,7.5098,39.9386,28.1618
E01004711,2001,14.0,46.0,40.0,6.9965,22.9885,19.99
E01004712,1449,25.3333,414.6667,54.3333,17.4833,286.1744,37.4971
E01004713,1316,26.0,165.6667,34.0,19.7568,125.8865,25.8359
E01004714,1668,89.3333,2668.3333,188.6667,53.5572,1599.7202,113.1095
E01004715,1805,28.0,380.3333,59.3333,15.5125,210.711,32.8717
E01004716,1043,10.6667,157.0,34.0,10.2269,150.5273,32.5983
E01004717,1262,30.6667,390.6667,38.0,24.3001,309.5615,30.1109
E01004718,1859,11.3333,35.6667,57.0,6.0965,19.1859,30.6616
E01004719,1824,6.3333,29.0,51.6667,3.4722,15.8991,28.326
E01004720,2274,14.3333,51.0,39.0,6.3031,22.4274,17.1504
E01004721,1881,18.3333,52.3333,72.6667,9.7466,27.8221,38.6319
E01004722,2685,13.6667,39.0,68.0,5.09,14.5251,25.3259
E01004723,2234,20.0,59.6667,56.0,8.9526,26.7084,25.0671
E01004724,1896,16.3333,121.6667,26.6667,8.6146,64.1702,14.0647
E01004725,1295,10.3333,74.6667,47.6667,7.9794,57.6577,36.8082
E01004726,1688,10.3333,82.3333,16.6667,6.1216,48.7757,9.8736
E01004727,1545,18.3333,364.0,52.6667,11.8662,235.5987,34.0885
E01004728,1454,11.6667,27.3333,23.0,8.0238,18.7987,15.8184
E01004729,1490,6.0,25.3333,23.0,4.0268,17.0022,15.4362
E01004730,1461,5.3333,65.6667,22.0,3.6505,44.9464,15.0582
E01004731,2002,41.3333,1007.3333,150.6667,20.646,503.1635,75.2581
E01004732,1309,15.0,68.0,101.0,11.4591,51.9481,77.1581
E01004733,2102,14.6667,630.6667,263.0,6.9775,300.0317,125.1189
E01004734,1691,117.6667,7772.0,1257.0,69.5841,4596.097,743.3471
E01004735,2027,87.6667,2969.6667,321.6667,43.2495,1465.0551,158.691
E01004736,1466,80.0,3887.0,660.3333,54.5703,2651.4325,450.432
E01004737,1218,4.0,34.6667,19.3333,3.2841,28.462,15.873
E01004740,1305,8.6667,50.0,49.0,6.6411,38.3142,37.5479
E01004741,1289,8.3333,40.0,24.6667,6.465,31.0318,19.1363
E01004742,1258,9.6667,40.0,30.3333,7.6842,31.7965,24.1123
E01004743,1500,5.0,40.3333,42.6667,3.3333,26.8889,28.4444
E01004744,1454,13.6667,72.0,65.6667,9.3994,49.5186,45.1628
E01004746,1249,6.6667,20.0,29.6667,5.3376,16.0128,23.7523
E01004747,2181,23.0,71.6667,54.6667,10.5456,32.8595,25.065
E01004748,1218,16.3333,343.3333,106.6667,13.41,281.8829,87.5753
E01004749,2184,38.6667,246.0,114.3333,17.7045,112.6374,52.3504
E01004750,1585,28.0,565.6667,154.0,17.6656,356.8875,97.1609
E01004751,1712,7.3333,54.3333,32.0,4.2835,31.7368,18.6916
E01004752,1362,10.6667,27.3333,39.3333,7.8316,20.0685,28.8791
E01004753,1755,7.0,39.3333,28.6667,3.9886,22.4122,16.3343
E01004754,1878,18.0,36.6667,50.3333,9.5847,19.5243,26.8016
E01004755,2452,28.0,71.0,77.3333,11.4192,28.956,31.5389
E01004756,1523,7.6667,38.6667,39.6667,5.0339,25.3885,26.0451
E01004757,1657,8.6667,50.6667,51.0,5.2303,30.5773,30.7785
E01004760,1688,10.0,53.0,32.3333,5.9242,31.3981,19.1548
E01004761,1205,64.0,1388.3333,277.6667,53.112,1152.1438,230.4288
E01004762,1549,46.3333,1551.0,155.0,29.9118,1001.2912,100.0646
E01004763,2016,132.3333,8895.3333,811.0,65.6415,4412.3677,402.2817
E01004765,1869,94.6667,1771.0,198.0,50.651,947.5655,105.939
E01032512,2386,18.3333,84.0,120.0,7.6837,35.2054,50.2934
E01032513,1234,8.6667,50.3333,60.3333,7.0232,40.7888,48.8925
E01032562,1616,5.6667,23.6667,59.0,3.5066,14.6452,36.5099
E01032563,1450,5.3333,24.3333,9.6667,3.6782,16.7816,6.6667
E01032564,1302,6.3333,16.3333,47.6667,4.8643,12.5448,36.6103
E01032565,1451,4.3333,28.3333,44.3333,2.9864,19.5268,30.5536
E01032566,1886,9.3333,25.0,52.6667,4.9487,13.2556,27.9251
E01032567,1588,3.6667,32.6667,31.0,2.309,20.5709,19.5214
E01032568,1525,4.6667,158.6667,57.0,3.0601,104.0437,37.377
E01032569,1790,5.0,40.0,63.0,2.7933,22.3464,35.1955
E01032570,1736,8.3333,78.3333,32.0,4.8003,45.1229,18.4332
E01032572,1608,6.6667,99.6667,24.3333,4.1459,61.9818,15.1327
E01032573,1802,29.6667,341.6667,51.0,16.4632,189.6041,28.3019
E01032574,2072,19.0,173.3333,170.0,9.1699,83.6551,82.0463
E01032575,2135,14.0,66.6667,73.6667,6.5574,31.2256,34.5043
E01032576,1679,5.6667,16.0,14.0,3.375,9.5295,8.3383
E01032577,1784,5.6667,17.6667,20.0,3.1764,9.9028,11.2108
E01032579,2157,26.0,105.3333,90.0,12.0538,48.8333,41.7246
E01032580,1546,9.6667,53.3333,63.6667,6.2527,34.4976,41.1815
E01032581,1930,8.3333,47.6667,66.3333,4.3178,24.6978,34.3696
E01032582,2283,38.3333,1133.3333,187.3333,16.7908,496.4228,82.0558
E01032583,2050,34.3333,332.3333,62.3333,16.748,162.1138,30.4065
E01032584,1348,10.3333,95.6667,58.0,7.6657,70.9693,43.0267
E01032623,1798,10.6667,17.0,14.6667,5.9325,9.4549,8.1572
E01032637,1048,6.0,24.6667,6.3333,5.7252,23.5369,6.0433
E01032638,1102,6.6667,16.0,7.3333,6.0496,14.5191,6.6546
E01032639,1915,22.3333,223.0,125.3333,11.6623,116.4491,65.4482
E01032640,1035,13.6667,86.3333,17.0,13.2045,83.4138,16.4251
E01032646,1515,26.0,167.6667,44.3333,17.1617,110.6711,29.2629
E01032719,1445,7.3333,76.6667,45.3333,5.075,53.0565,31.3725
E01032741,1468,20.3333,684.3333,190.3333,13.851,466.1671,129.6549
E01032742,1767,5.0,97.0,67.3333,2.8297,54.8953,38.106
E01032743,2281,5.0,20.0,60.0,2.192,8.7681,26.3043
E01032744,1612,8.6667,66.3333,70.6667,5.3763,41.1497,43.8379
E01032764,2361,49.6667,149.0,97.0,21.0363,63.1089,41.0843
E01032765,1754,10.3333,31.3333,59.0,5.8913,17.8639,33.6374
E01032767,1564,23.6667,144.6667,60.3333,15.1321,92.4979,38.5763
E01032768,1321,10.6667,34.6667,20.6667,8.0747,26.2427,15.6447
E01032769,1339,18.0,78.0,62.0,13.4429,58.2524,46.3032
E01032770,2127,11.6667,55.0,46.3333,5.485,25.858,21.7834
E01032771,1546,32.6667,548.3333,188.6667,21.1298,354.6787,122.0354
E01032772,2407,16.6667,63.0,65.3333,6.9242,26.1737,27.1431
E01032774,1803,16.3333,63.3333,45.3333,9.059,35.1266,25.1433
E01032775,1187,0.3333,4.6667,8.0,0.2808,3.9315,6.7397
E01032776,2067,8.3333,39.3333,34.6667,4.0316,19.0292,16.7715
E01032777,1278,8.6667,64.6667,39.0,6.7814,50.5999,30.5164
E01032779,1405,3.0,16.3333,28.3333,2.1352,11.6251,20.1661
E01032780,2058,20.3333,96.6667,75.6667,9.8801,46.9712,36.7671
E01032781,1689,5.0,28.0,31.0,2.9603,16.5779,18.3541
E01032782,2248,23.0,71.3333,96.0,10.2313,31.7319,42.7046
E01032783,1308,4.6667,22.6667,28.0,3.5678,17.3293,21.4067
E01032784,1709,9.0,23.6667,36.3333,5.2662,13.8483,21.26
E01032785,2516,18.6667,28.3333,30.3333,7.4192,11.2613,12.0562
E01032786,1614,10.0,35.0,39.0,6.1958,21.6853,24.1636
E01032787,2452,11.0,46.3333,60.6667,4.4861,18.8961,24.7417
E01032788,1585,11.0,45.6667,35.3333,6.9401,28.8118,22.2923
E01032789,1202,4.0,16.6667,34.3333,3.3278,13.8658,28.5635
E01032790,1130,6.3333,19.6667,21.3333,5.6047,17.4041,18.8791
E01032803,1506,22.0,65.6667,22.0,14.6082,43.6034,14.6082
E01032834,1025,18.3333,78.6667,9.6667,17.8862,76.748,9.4309
E01033000,1752,2.3333,26.0,56.6667,1.3318,14.8402,32.344
E01033030,1852,16.3333,204.3333,127.3333,8.8193,110.3312,68.7545
E01033081,1595,22.3333,69.3333,31.6667,14.0021,43.4692,19.8537
E01033082,1261,7.3333,44.6667,45.0,5.8155,35.4216,35.686
E01033083,2217,30.3333,823.3333,242.6667,13.6822,371.3727,109.4572
E01033084,1976,11.6667,86.0,94.0,5.9042,43.5223,47.5709
E01033086,1190,5.0,19.0,24.6667,4.2017,15.9664,20.7283
E01033098,1709,26.6667,109.0,38.6667,15.6037,63.78,22.6253
E01033099,1886,14.6667,43.6667,32.6667,7.7766,23.1531,17.3206
E01033100,1869,15.0,67.6667,52.0,8.0257,36.2047,27.8224
E01033132,2037,16.6667,166.3333,76.3333,8.182,81.656,37.4734
E01033133,1194,5.0,14.0,14.6667,4.1876,11.7253,12.2836
E01033135,1188,2.3333,18.3333,6.6667,1.9641,15.4321,5.6117
E01033146,1538,7.3333,32.3333,51.0,4.7681,21.023,33.1599
E01033148,2215,19.0,37.6667,55.6667,8.5779,17.0053,25.1317
E01033150,1690,10.6667,32.6667,58.6667,6.3116,19.3294,34.714
E01033151,1451,10.0,46.3333,40.3333,6.8918,31.932,27.7969
E01033208,1709,10.0,114.0,39.0,5.8514,66.7057,22.8204
E01033320,1569,9.6667,34.0,31.0,6.161,21.6699,19.7578
E01033322,1257,7.0,18.6667,30.3333,5.5688,14.8502,24.1315
E01033324,1539,6.3333,44.3333,46.6667,4.1152,28.8066,30.3227
E01033325,1367,9.6667,14.6667,20.6667,7.0714,10.7291,15.1183
E01033327,2205,30.0,475.0,258.0,13.6054,215.4195,117.0068
E01033341,1324,11.0,51.6667,56.0,8.3082,39.0232,42.2961
E01033455,1144,12.0,59.6667,93.6667,10.4895,52.1562,81.8765
E01033456,2624,12.6667,59.3333,76.3333,4.8272,22.6118,29.0904
E01033457,1982,5.6667,65.6667,54.0,2.8591,33.1315,27.2452
E01033463,3155,10.0,29.6667,45.0,3.1696,9.4031,14.2631
E01033485,1638,12.6667,80.3333,92.6667,7.733,49.0435,56.5731
E01033486,1034,10.6667,38.0,31.6667,10.3159,36.7505,30.6254
E01033487,1199,8.6667,14.0,6.6667,7.2282,11.6764,5.5602
E01033488,1644,13.0,98.3333,41.6667,7.9075,59.8135,25.3447
E01033489,1460,32.6667,165.0,43.3333,22.3744,113.0137,29.6804
E01033490,1399,25.6667,137.0,44.0,18.3464,97.9271,31.451
E01033491,1932,18.6667,181.6667,133.0,9.6618,94.0304,68.8406
E01033493,1313,5.0,14.6667,7.6667,3.8081,11.1703,5.839
E01033494,1534,11.3333,32.0,22.0,7.3881,20.8605,14.3416
E01033569,1817,10.3333,98.3333,55.6667,5.687,54.1185,30.6366
E01033570,1904,12.6667,94.0,27.3333,6.6527,49.3697,14.3557
E01033571,1496,6.3333,18.3333,28.0,4.2335,12.2549,18.7166
E01033579,1887,12.3333,84.6667,42.3333,6.5359,44.8684,22.4342
E01033580,1412,8.6667,28.6667,12.0,6.1379,20.3022,8.4986
E01033581,1923,4.3333,64.3333,59.6667,2.2534,33.4547,31.0279
E01033582,1449,6.6667,14.6667,26.3333,4.6009,10.1219,18.1735
E01033584,1703,4.3333,40.0,27.3333,2.5445,23.488,16.0501
E01033586,2103,13.0,68.3333,47.6667,6.1816,32.4933,22.666
E01033587,2456,30.0,185.0,166.6667,12.215,75.3257,67.861
E01033589,1954,14.6667,170.6667,175.3333,7.506,87.3422,89.7305
E01033590,1250,2.6667,13.3333,26.3333,2.1333,10.6667,21.0667
E01033591,2977,28.3333,133.6667,127.0,9.5174,44.8998,42.6604
E01033592,1985,8.0,16.6667,36.0,4.0302,8.3963,18.136
E01033593,1732,20.0,165.6667,74.6667,11.5473,95.6505,43.1101
E01033594,1500,60.6667,572.6667,228.6667,40.4444,381.7778,152.4444
E01033597,1006,7.0,24.0,31.6667,6.9583,23.8569,31.4778
E01033598,1366,11.3333,159.0,42.6667,8.2967,116.3982,31.2347
E01033599,1301,3.3333,16.3333,26.0,2.5621,12.5544,19.9846
E01033601,1981,14.3333,42.0,41.0,7.2354,21.2014,20.6966
E01033602,1527,18.0,53.6667,55.0,11.7878,35.1452,36.0183
E01033603,1266,18.3333,53.6667,68.3333,14.4813,42.3907,53.9758
E01033604,1181,19.6667,173.6667,108.0,16.6526,147.0505,91.4479
E01033605,1640,23.0,71.0,53.6667,14.0244,43.2927,32.7236
E01033699,1413,37.6667,561.0,210.6667,26.6572,397.0276,149.0918
E01033700,2491,38.0,305.3333,92.3333,15.2549,122.5746,37.0668
E01033702,1451,15.0,57.3333,39.6667,10.3377,39.513,27.3375
E01033703,1411,15.3333,65.6667,37.6667,10.867,46.5391,26.695
E01033704,2344,57.0,327.0,89.6667,24.3174,139.5051,38.2537
E01033705,1434,18.6667,84.6667,47.3333,13.0172,59.0423,33.0079
E01033706,1447,36.3333,545.3333,192.3333,25.1094,376.8717,132.9187
E01033708,1869,91.6667,1339.3333,320.3333,49.0458,716.6042,171.3929
E01033709,1831,19.0,80.6667,59.0,10.3768,44.0561,32.2228
E01033710,1131,6.3333,23.6667,11.6667,5.5998,20.9254,10.3154
E01033711,1912,30.3333,242.6667,37.0,15.8647,126.9177,19.3515
E01033712,1543,35.3333,275.3333,74.0,22.8991,178.4403,47.9585
E01033713,1323,15.3333,102.3333,47.3333,11.5898,77.3495,35.7773
E01033727,2711,15.0,161.6667,67.0,5.533,59.6336,24.7141
E01033728,1763,8.3333,35.0,21.6667,4.7268,19.8525,12.2897
E01033729,2478,8.0,38.0,79.6667,3.2284,15.3349,32.1496
E01033732,1067,7.0,20.6667,20.3333,6.5604,19.3689,19.0565
E01033734,1465,4.6667,14.6667,23.0,3.1854,10.0114,15.6997
E01033735,1262,10.6667,227.3333,142.0,8.4522,180.1373,112.5198
E01033736,2244,19.3333,34.3333,25.3333,8.6156,15.3001,11.2894
E01033737,1934,24.0,281.3333,161.6667,12.4095,145.4671,83.5919
E01033738,1861,20.6667,106.3333,64.3333,11.1051,57.1377,34.5692
E01033739,1726,6.6667,19.6667,35.3333,3.8625,11.3944,20.4712
E01033740,1634,4.3333,28.6667,44.3333,2.652,17.5439,27.1318
E01033741,2698,10.0,60.0,111.3333,3.7064,22.2387,41.2651
E01033742,1341,4.3333,14.3333,19.0,3.2314,10.6885,14.1685
E01033743,1941,5.3333,225.3333,66.6667,2.7477,116.0914,34.3466
E01033744,1803,9.3333,24.3333,51.0,5.1766,13.496,28.2862
E01033745,1783,5.6667,38.3333,49.0,3.1782,21.4993,27.4818
E01033746,1471,8.0,34.6667,25.3333,5.4385,23.5667,17.2218
E01033784,1559,23.6667,209.0,63.6667,15.1807,134.0603,40.8381
E01033785,1381,7.3333,91.3333,33.6667,5.3102,66.1357,24.3785
E01033786,1313,2.6667,22.3333,32.6667,2.031,17.0094,24.8794
E01033787,1461,5.3333,18.6667,42.0,3.6505,12.7766,28.7474
E01033788,1558,12.6667,28.6667,34.3333,8.1301,18.3997,22.0368
E01033789,1768,7.3333,28.6667,48.6667,4.1478,16.2142,27.5264
E01033790,1338,8.0,52.0,52.6667,5.9791,38.864,39.3622
E01033791,1381,11.6667,195.3333,113.3333,8.448,141.4434,82.0661
E01033792,1382,1.6667,23.3333,19.3333,1.206,16.8837,13.9894
E01033862,1396,16.0,335.3333,106.3333,11.4613,240.2101,76.17
E01033863,1325,3.6667,60.6667,45.0,2.7673,45.7862,33.9623
E01033864,1032,3.0,18.0,23.0,2.907,17.4419,22.2868
E01033865,1520,23.3333,134.6667,94.6667,15.3509,88.5965,62.2807
E01033866,1120,9.6667,100.3333,39.0,8.631,89.5833,34.8214
E01033867,1547,31.6667,262.0,56.6667,20.4697,169.3601,36.63
E01033868,1411,37.0,373.0,66.3333,26.2225,264.3515,47.0116
E01033869,1468,11.3333,46.3333,43.3333,7.7203,31.5622,29.5186
E01033870,1769,24.0,80.6667,36.0,13.567,45.6002,20.3505
E01033871,1512,18.0,109.3333,41.3333,11.9048,72.3104,27.3369
E01033872,1301,19.6667,58.0,28.6667,15.1166,44.5811,22.0343
E01033873,1771,33.0,285.0,81.0,18.6335,160.926,45.7369
E01033874,1151,12.3333,215.6667,82.3333,10.7153,187.3733,71.532
E01033875,1318,18.3333,68.6667,35.3333,13.91,52.0991,26.8083
E01033876,1250,15.3333,84.3333,33.6667,12.2667,67.4667,26.9333
E01033877,1545,15.3333,72.0,43.6667,9.9245,46.6019,28.2632
E01033878,1108,6.0,29.3333,33.0,5.4152,26.4741,29.7834
E01033879,2555,13.3333,55.6667,64.6667,5.2185,21.7873,25.3098
E01033880,2133,12.6667,160.0,98.6667,5.9384,75.0117,46.2572
E01033881,1883,16.6667,67.0,47.3333,8.8511,35.5815,25.1372
E01033882,1407,7.6667,20.3333,34.0,5.4489,14.4516,24.1649
E01033883,1600,16.6667,59.6667,72.3333,10.4167,37.2917,45.2083
E01033884,1102,25.0,683.6667,116.3333,22.686,620.3872,105.5656
E01033885,1330,9.0,112.6667,42.6667,6.7669,84.7118,32.0802
E01033911,1878,7.6667,23.0,22.0,4.0824,12.2471,11.7146
E01033912,1703,5.6667,13.0,25.0,3.3275,7.6336,14.68
E01033913,1529,8.0,55.0,133.0,5.2322,35.9712,86.985
E01033914,1813,8.6667,27.3333,33.0,4.7803,15.0763,18.2019
E01033915,1486,15.0,25.0,36.6667,10.0942,16.8237,24.6747
E01033916,1786,15.3333,49.0,81.0,8.5853,27.4356,45.3527
E01033917,1509,12.6667,26.6667,86.3333,8.3941,17.6717,57.2123
E01033918,1554,11.6667,64.6667,76.6667,7.5075,41.613,49.335
E01033919,1311,6.0,13.6667,19.3333,4.5767,10.4246,14.747
E01033920,1523,6.6667,18.6667,19.0,4.3773,12.2565,12.4754
E01033921,1655,6.6667,11.0,23.0,4.0282,6.6465,13.8973
E01033922,1708,11.6667,48.6667,34.3333,6.8306,28.4934,20.1015
E01033923,1561,7.3333,31.3333,25.0,4.6978,20.0726,16.0154
E01033924,1544,10.3333,40.3333,51.0,6.6926,26.1226,33.0311
E01033925,1732,11.6667,29.0,32.6667,6.736,16.7436,18.8607
E01033926,2634,36.3333,130.3333,122.6667,13.794,49.4811,46.5705
E01033927,1654,19.3333,228.0,84.6667,11.6888,137.8476,51.189
E01033928,1298,7.3333,22.3333,19.0,5.6497,17.206,14.6379
E01033929,1344,29.6667,242.3333,53.0,22.0734,180.3075,39.4345
E01033930,1846,6.0,31.6667,35.6667,3.2503,17.1542,19.3211
E01033931,1359,11.3333,180.0,115.3333,8.3395,132.4503,84.8663
E01033932,1660,5.3333,22.0,50.3333,3.2129,13.253,30.3213
E01033933,1481,4.6667,22.3333,37.3333,3.151,15.0799,25.2082
E01033934,1637,7.6667,38.6667,48.3333,4.6834,23.6204,29.5256
E01033935,2008,9.6667,190.0,86.6667,4.8141,94.6215,43.1607
E01033936,1642,10.0,195.6667,91.3333,6.0901,119.1636,55.6232
E01033937,1165,7.6667,30.0,35.3333,6.5808,25.7511,30.329
E01033938,1230,42.0,207.0,234.6667,34.1463,168.2927,190.7859
E01033939,1931,27.0,44.3333,49.6667,13.9824,22.9587,25.7207
E01033940,2352,17.0,210.0,101.6667,7.2279,89.2857,43.2256
E01033941,1567,6.3333,85.0,46.6667,4.0417,54.2438,29.7809
E01033942,1607,31.0,418.6667,285.6667,19.2906,260.5269,177.7639
E01033943,2513,17.3333,160.6667,62.6667,6.8975,63.9342,24.937
E01033944,2535,27.3333,208.0,83.6667,10.7824,82.0513,33.0046
E01033945,1369,12.3333,25.3333,31.0,9.009,18.505,22.6443
E01033946,1360,12.0,38.3333,36.3333,8.8235,28.1863,26.7157
E01034026,2511,9.0,58.0,35.0,3.5842,23.0984,13.9387
E01034027,2533,19.3333,75.0,86.6667,7.6326,29.6092,34.215
E01034028,1230,13.6667,29.3333,30.6667,11.1111,23.8482,24.9322
E01034029,1525,11.3333,92.0,50.6667,7.4317,60.3279,33.224
E01034030,1860,35.6667,920.6667,235.3333,19.1756,494.9821,126.5233
E01034031,1312,7.6667,35.6667,19.0,5.8435,27.185,14.4817
E01034032,1814,14.3333,46.6667,54.0,7.9015,25.7258,29.7685
E01034033,1752,19.3333,127.3333,42.6667,11.035,72.6788,24.3531
E01034034,1673,4.3333,13.0,30.0,2.5902,7.7705,17.9319
E01034035,1582,2.3333,13.6667,19.3333,1.4749,8.6389,12.2208
E01034036,1854,19.0,191.6667,136.0,10.2481,103.3801,73.3549
E01034037,1854,10.0,26.3333,41.3333,5.3937,14.2035,22.2941
E01034038,1800,9.0,102.0,67.3333,5.0,56.6667,37.4074
E01034039,1732,7.3333,31.3333,48.6667,4.234,18.0908,28.0985
E01034040,1657,9.0,85.0,100.6667,5.4315,51.2975,60.7524
E01034041,1477,5.3333,18.3333,27.6667,3.6109,12.4125,18.7317
E01034042,1255,23.6667,111.6667,71.0,18.8579,88.9774,56.5737
E01034043,1441,2.6667,20.3333,40.0,1.8506,14.1106,27.7585
E01034044,1232,7.0,44.6667,27.3333,5.6818,36.2554,22.1861
E01034045,1793,23.0,71.6667,45.3333,12.8277,39.9703,25.2835
E01034046,1950,10.0,45.0,66.3333,5.1282,23.0769,34.0171
E01034139,1804,10.6667,64.0,71.6667,5.9128,35.4767,39.7265
E01034140,1244,10.3333,26.3333,34.0,8.3065,21.1683,27.3312
E01034141,1419,8.3333,32.3333,33.0,5.8727,22.786,23.2558
E01034142,1480,11.6667,40.6667,65.6667,7.8829,27.4775,44.3694
E01034143,1307,23.0,346.0,150.3333,17.5976,264.7284,115.0217
E01034144,1349,8.6667,41.3333,47.0,6.4245,30.64,34.8406
E01034145,1330,29.0,484.0,193.6667,21.8045,363.9098,145.614
E01034146,1442,15.0,176.3333,61.3333,10.4022,122.2839,42.5335
E01034147,1121,2.0,6.6667,8.6667,1.7841,5.9471,7.7312
E01034148,1628,34.3333,334.6667,156.3333,21.0893,205.5692,96.0278
E01034149,2114,26.6667,179.3333,196.6667,12.6143,84.8313,93.0306
E01034150,1347,44.0,291.6667,276.3333,32.6652,216.5306,205.1472
E01034151,1163,13.6667,31.3333,41.6667,11.7512,26.9418,35.8269
E01034152,1625,25.6667,175.0,95.0,15.7949,107.6923,58.4615
E01034153,1402,2.3333,17.3333,25.3333,1.6643,12.3633,18.0694
E01034154,1538,11.0,35.3333,49.6667,7.1521,22.9736,32.293
E01034155,2052,14.3333,214.6667,106.0,6.9851,104.6134,51.6569
E01034156,1406,21.6667,553.6667,232.6667,15.4101,393.7885,165.4813
E01034173,1855,9.6667,35.3333,45.3333,5.2111,19.0476,24.4385
E01034174,1253,8.6667,76.3333,31.0,6.9167,60.9205,24.7406
E01034175,1301,32.6667,60.3333,36.3333,25.1089,46.3746,27.9272
E01034176,2027,5.6667,26.3333,35.0,2.7956,12.9913,17.2669
E01034177,1602,6.6667,18.0,29.6667,4.1615,11.236,18.5185
E01034178,1692,6.0,25.0,19.3333,3.5461,14.7754,11.4263
E01034179,1423,17.0,249.0,84.6667,11.9466,174.9824,59.4987
E01034180,1293,6.0,35.6667,37.0,4.6404,27.5844,28.6156
E01034181,1813,17.0,40.6667,29.0,9.3767,22.4306,15.9956
E01034182,1399,20.6667,80.6667,55.6667,14.7725,57.6602,39.7903
E01034183,1525,10.0,31.0,38.3333,6.5574,20.3279,25.1366
E01034184,1289,8.0,27.0,37.6667,6.2064,20.9465,29.2216
E01034185,1206,10.6667,102.6667,36.3333,8.8447,85.1299,30.1271
E01034186,1356,13.6667,70.6667,47.6667,10.0787,52.1141,35.1524
E01034187,1255,30.6667,171.3333,144.6667,24.4356,136.5206,115.2722
E01034188,1397,26.0,513.0,276.0,18.6113,367.2155,197.5662
E01034189,1268,22.6667,114.0,44.6667,17.8759,89.9054,35.2261
E01034190,1686,13.3333,39.6667,50.6667,7.9083,23.5271,30.0514
E01034191,1643,10.3333,22.0,30.6667,6.2893,13.3901,18.665
E01034192,2235,14.6667,86.0,64.0,6.5623,38.4787,28.6353
E01034193,1479,17.3333,25.6667,33.6667,11.7196,17.3541,22.7631
E01034194,1300,5.0,11.6667,27.0,3.8462,8.9744,20.7692
E01034195,1291,10.0,18.0,24.3333,7.7459,13.9427,18.8484
E01034196,1280,10.3333,28.6667,33.3333,8.0729,22.3958,26.0417
E01034198,2324,16.6667,140.3333,104.3333,7.1715,60.3844,44.8939
E01034199,1819,17.6667,99.3333,65.0,9.7123,54.6088,35.7339
E01034200,1570,31.6667,851.3333,225.3333,20.1699,542.2505,143.5244
E01034201,1447,5.3333,29.3333,36.0,3.6858,20.2718,24.8791
E01034202,1645,6.0,95.3333,44.0,3.6474,57.9534,26.7477
E01034203,1361,17.3333,74.3333,46.0,12.7357,54.6167,33.7987
E01034204,1993,8.6667,38.6667,36.6667,4.3486,19.4012,18.3977
E01034205,1555,19.0,522.0,123.6667,12.2186,335.6913,79.5284
E01034206,1766,18.6667,149.0,51.6667,10.57,84.3715,29.2563
E01034207,1535,10.6667,64.0,38.0,6.949,41.6938,24.7557
E01034208,1941,16.0,88.6667,58.3333,8.2432,45.6809,30.0532
E01034209,1480,25.6667,293.0,62.3333,17.3423,197.973,42.1171
E01034210,1536,6.3333,43.3333,22.6667,4.1233,28.2118,14.7569
E01034211,1437,11.3333,66.6667,35.0,7.8868,46.3929,24.3563
E01034212,1925,14.3333,95.6667,60.0,7.4459,49.697,31.1688
E01034213,1788,14.3333,64.3333,21.0,8.0164,35.9806,11.745
E01034214,1565,18.3333,42.0,23.0,11.7146,26.8371,14.6965
E01034215,1536,15.6667,69.0,22.0,10.1997,44.9219,14.3229
E01034216,1704,13.3333,35.0,21.3333,7.8247,20.5399,12.5196
E01034217,2045,19.6667,134.6667,37.6667,9.617,65.8517,18.4189
E01034218,1821,15.0,75.0,43.0,8.2372,41.1862,23.6134
E01034219,1885,23.0,78.3333,26.6667,12.2016,41.5561,14.1468
E01034220,1234,37.6667,2545.0,342.6667,30.524,2062.3987,277.6877
E01034221,1782,12.0,93.3333,54.6667,6.734,52.3756,30.6771
E01034222,1527,17.3333,135.3333,120.6667,11.3512,88.6269,79.022
E01034223,1375,12.0,47.6667,29.0,8.7273,34.6667,21.0909
E01034224,1753,12.3333,51.3333,53.6667,7.0356,29.2831,30.6142
E01034225,1504,15.0,92.6667,52.6667,9.9734,61.6135,35.0177
E01034226,1414,4.0,12.6667,19.0,2.8289,8.958,13.4371
E01034227,1577,12.6667,25.0,27.3333,8.0321,15.8529,17.3325
E01034228,1348,5.3333,28.3333,15.6667,3.9565,21.0188,11.6222
E01034229,1409,19.6667,87.3333,56.0,13.9579,61.9825,39.7445
E01034230,1237,6.6667,15.3333,12.3333,5.3894,12.3956,9.9704
E01034231,1343,6.6667,12.6667,5.6667,4.964,9.4316,4.2194
E01034383,1308,13.0,105.3333,65.6667,9.9388,80.5301,50.2039
E01034384,1335,6.0,16.3333,28.3333,4.4944,12.2347,21.2235
E01034385,1451,15.6667,86.6667,95.0,10.7972,59.7289,65.4721
E01034386,1252,17.0,312.3333,180.6667,13.5783,249.4675,144.3024
E01034387,1604,12.6667,34.3333,11.3333,7.8969,21.4048,7.0657
E01034388,1279,5.3333,18.6667,15.6667,4.1699,14.5947,12.2492
E01034389,1668,12.3333,38.6667,35.0,7.3941,23.1815,20.9832
E01034390,1503,11.0,43.0,47.3333,7.3187,28.6094,31.4926
E01034391,1625,13.6667,76.6667,44.0,8.4103,47.1795,27.0769
E01034392,1728,16.0,75.6667,66.3333,9.2593,43.7886,38.3873
E01034393,1090,13.3333,73.6667,36.0,12.2324,67.5841,33.0275
E01034394,1251,7.6667,262.0,94.0,6.1284,209.4325,75.1399
E01034395,1695,9.6667,49.3333,69.3333,5.703,29.1052,40.9046
E01034469,1745,5.0,38.3333,42.0,2.8653,21.9675,24.0688
E01034470,1499,4.0,15.6667,31.6667,2.6684,10.4514,21.1252
E01034471,2686,8.3333,71.0,69.0,3.1025,26.4334,25.6888
E01034472,1884,6.0,16.6667,37.3333,3.1847,8.8464,19.816
E01034473,1266,36.3333,494.6667,219.3333,28.6993,390.732,173.2491
E01034474,2252,16.3333,314.3333,97.0,7.2528,139.5796,43.0728
E01034475,1829,10.6667,53.3333,55.3333,5.832,29.1598,30.2533
E01034476,1821,15.3333,91.6667,68.0,8.4203,50.3386,37.3421
E01034477,1584,4.6667,32.3333,29.6667,2.9461,20.4125,18.729
E01034478,1198,16.0,86.0,27.3333,13.3556,71.7863,22.8158
E01034479,2205,9.6667,45.0,67.0,4.384,20.4082,30.3855
E01034480,1346,1.0,14.6667,20.3333,0.7429,10.8965,15.1065
E01034481,1706,3.6667,52.0,44.3333,2.1493,30.4807,25.9867
E01034482,1083,7.3333,33.6667,21.6667,6.7713,31.0865,20.0062
E01034483,1418,13.0,44.3333,50.6667,9.1678,31.2647,35.7311
E01034484,1705,13.3333,189.6667,100.0,7.8201,111.2414,58.651
E01034485,2014,14.0,48.0,36.3333,6.9513,23.8332,18.0404
E01034486,1655,29.6667,153.3333,32.3333,17.9255,92.6485,19.5368
E01034487,1254,5.6667,37.3333,34.6667,4.5189,29.7714,27.6449
E01034488,1925,6.6667,26.3333,51.3333,3.4632,13.6797,26.6667
E01034576,1256,4.3333,12.3333,13.0,3.4501,9.8195,10.3503
E01034577,1375,10.0,15.6667,34.3333,7.2727,11.3939,24.9697
E01034578,1089,9.3333,42.3333,31.6667,8.5706,38.8736,29.0787
E01034579,1875,27.6667,67.3333,89.0,14.7556,35.9111,47.4667
E01034580,1481,8.6667,53.3333,47.0,5.8519,36.0117,31.7353
E01034581,1518,18.3333,302.0,58.6667,12.0773,198.946,38.6473
E01034589,2000,10.0,50.6667,41.0,5.0,25.3333,20.5
E01034590,1355,3.0,11.0,13.0,2.214,8.1181,9.5941
E01034591,1807,9.0,52.3333,58.3333,4.9806,28.9614,32.2819
E01034592,1245,8.6667,36.3333,37.0,6.9612,29.1834,29.7189
E01034593,1485,5.3333,20.3333,20.0,3.5915,13.6925,13.468
E01034594,1561,2.6667,24.6667,22.0,1.7083,15.8018,14.0935
E01034595,1407,10.6667,31.3333,35.6667,7.5811,22.2696,25.3494
E01034596,1280,7.0,22.3333,19.3333,5.4688,17.4479,15.1042
E01034597,1435,6.6667,19.0,30.3333,4.6458,13.2404,21.1382
E01034598,1266,13.6667,117.3333,97.3333,10.7952,92.6804,76.8826
E01034599,1671,6.3333,25.0,24.6667,3.7901,14.9611,14.7616
E01034600,1971,18.6667,104.3333,52.6667,9.4707,52.9342,26.7208
E01034601,1452,3.3333,19.3333,31.3333,2.2957,13.315,21.5794
E01034602,1399,17.0,306.3333,97.6667,12.1515,218.9659,69.8118
E01034603,1380,7.0,17.0,19.6667,5.0725,12.3188,14.2512
E01034604,1424,11.0,43.3333,55.0,7.7247,30.4307,38.6236
E01034605,1637,3.3333,27.3333,30.6667,2.0362,16.6972,18.7335
E01034606,2606,9.6667,37.0,34.0,3.7094,14.198,13.0468
E01034607,2300,16.6667,71.3333,81.0,7.2464,31.0145,35.2174
E01034608,2410,21.6667,187.6667,113.3333,8.9903,77.87,47.0263
E01034609,1976,19.3333,99.0,118.3333,9.7841,50.1012,59.8853
E01034610,1770,5.0,27.3333,47.6667,2.8249,15.4426,26.9303
E01034611,1277,3.3333,18.6667,33.6667,2.6103,14.6176,26.3639
E01034612,2075,20.3333,171.6667,96.3333,9.7992,82.7309,46.4257
E01034613,1005,21.0,48.0,40.6667,20.8955,47.7612,40.4643
E01034614,2006,6.0,24.6667,41.6667,2.991,12.2964,20.771
E01034615,2167,5.3333,22.3333,48.0,2.4612,10.3061,22.1504
E01034616,1496,16.0,92.6667,83.6667,10.6952,61.943,55.9269
E01034617,2331,36.3333,84.3333,65.3333,15.587,36.179,28.028
E01035484,1697,13.0,88.0,57.6667,7.6606,51.8562,33.9815
E01035485,1102,13.3333,89.3333,59.6667,12.0992,81.0647,54.144
E01035486,1769,13.6667,40.3333,43.0,7.7256,22.8001,24.3075
E01035487,1557,11.3333,31.0,44.6667,7.279,19.9101,28.6876
E01035488,1465,19.3333,54.3333,37.0,13.1968,37.0876,25.256
E01035489,1329,9.3333,23.3333,27.3333,7.0228,17.5571,20.5668
E01035490,1704,9.0,53.3333,38.0,5.2817,31.2989,22.3005
E01035491,1236,20.0,112.6667,46.0,16.1812,91.1543,37.2168
E01035492,1686,19.0,43.0,27.0,11.2693,25.5042,16.0142
E01035493,1653,14.0,51.0,79.0,8.4694,30.853,47.7919
E01035494,1799,25.6667,41.6667,28.0,14.2672,23.161,15.5642
E01035495,1345,18.3333,237.0,103.3333,13.6307,176.2082,76.8278
E01035496,1255,11.6667,105.6667,39.0,9.2961,84.1965,31.0757
E01035497,1494,8.3333,23.0,32.0,5.5779,15.3949,21.419
E01035498,1216,17.0,61.0,23.0,13.9803,50.1645,18.9145
E01035499,1604,8.6667,21.6667,39.0,5.4032,13.5079,24.3142
E01035638,1891,7.6667,54.6667,42.0,4.0543,28.9089,22.2105
E01035639,1710,10.3333,87.3333,34.6667,6.0429,51.0721,20.2729
E01035640,1394,17.0,74.0,34.6667,12.1951,53.0846,24.8685
E01035641,1429,23.6667,146.3333,68.6667,16.5617,102.4026,48.0523
E01035642,1843,25.0,75.6667,35.6667,13.5648,41.0562,19.3525
E01035643,1722,16.3333,135.0,55.0,9.4851,78.3972,31.9396
E01035644,1178,11.6667,27.3333,14.0,9.9038,23.2032,11.8846
E01035645,1307,13.6667,71.3333,41.6667,10.4565,54.5779,31.8796
E01035646,1539,15.0,54.6667,31.3333,9.7466,35.5209,20.3595
E01035647,1116,12.3333,18.3333,8.0,11.0514,16.4277,7.1685
E01035648,1539,10.6667,36.3333,40.0,6.9309,23.6084,25.9909
E01035649,1465,26.0,116.3333,52.6667,17.7474,79.4084,35.9499
E01035650,2010,23.6667,166.0,66.0,11.7745,82.5871,32.8358
E01035651,1574,17.6667,65.6667,33.6667,11.2241,41.7196,21.3892
E01035652,1282,27.0,446.6667,144.6667,21.0608,348.4139,112.8445
E01035653,1422,3.0,23.6667,20.3333,2.1097,16.6432,14.2991
E01035654,1163,7.6667,57.0,30.3333,6.5921,49.0112,26.082
E01035655,1729,19.3333,211.0,58.6667,11.1818,122.0359,33.931
E01035656,1485,7.0,67.3333,39.6667,4.7138,45.3423,26.7116
E01035657,1047,17.6667,131.0,53.0,16.8736,125.1194,50.6208
E01035658,1287,14.6667,38.3333,29.6667,11.396,29.785,23.051
E01035659,1577,8.0,59.0,58.6667,5.0729,37.4128,37.2014
E01035660,1446,30.6667,105.6667,69.3333,21.2079,73.0751,47.9484
E01035661,1643,11.6667,91.3333,51.3333,7.1008,55.5894,31.2437
E01035662,1112,4.3333,10.0,10.0,3.8969,8.9928,8.9928
E01035663,1330,17.6667,34.3333,36.6667,13.2832,25.8145,27.5689
E01035664,2506,31.3333,354.0,75.6667,12.5033,141.261,30.1942
E01035665,1429,21.6667,165.6667,36.3333,15.1621,115.9319,25.4257
E01035666,1917,10.3333,37.6667,61.0,5.3904,19.6488,31.8206
E01035667,1994,15.6667,68.0,70.3333,7.8569,34.1023,35.2725
E01035668,2073,34.6667,87.6667,82.0,16.7229,42.2898,39.5562
E01035669,1384,28.0,363.0,79.6667,20.2312,262.2832,57.5626
E01035670,4279,41.6667,322.6667,269.6667,9.7375,75.407,63.021
E01035671,2164,18.3333,34.6667,47.0,8.472,16.0197,21.719
E01035672,2954,19.0,81.0,84.6667,6.432,27.4204,28.6617
E01035673,1128,10.0,27.3333,29.3333,8.8652,24.2317,26.0047
E01035674,1391,11.6667,43.3333,22.0,8.3873,31.1526,15.816
E01035675,1782,15.6667,111.3333,50.6667,8.7916,62.4766,28.4325
E01035676,1569,6.6667,43.3333,38.3333,4.249,27.6184,24.4317
E01035677,1517,11.0,68.6667,42.6667,7.2512,45.2648,28.1257
E01035678,1937,12.3333,37.0,37.0,6.3672,19.1017,19.1017
E01035679,1601,18.6667,57.0,60.3333,11.6594,35.6027,37.6848
E01035680,1852,10.0,24.0,30.6667,5.3996,12.959,16.5587
E01035681,2005,8.3333,42.0,51.0,4.1563,20.9476,25.4364
E01035682,1483,7.3333,34.0,57.3333,4.9449,22.9265,38.6604
E01035683,1832,4.6667,24.3333,42.3333,2.5473,13.2824,23.1077
E01035684,1569,8.3333,26.3333,40.3333,5.3112,16.7835,25.7064
E01035685,1476,6.6667,33.3333,46.6667,4.5167,22.5836,31.617
E01035686,1512,16.6667,120.6667,71.6667,11.0229,79.806,47.3986
E01035687,1749,15.0,136.0,58.0,8.5763,77.7587,33.1618
E01035688,1669,11.0,75.6667,28.0,6.5908,45.3365,16.7765
E01035689,1622,13.3333,78.6667,42.0,8.2203,48.4998,25.894
E01035690,2031,16.3333,41.0,32.3333,8.042,20.1871,15.9199
E01035691,1924,27.3333,44.3333,35.3333,14.2065,23.0423,18.3645
E01035692,1464,6.0,27.0,37.0,4.0984,18.4426,25.2732
E01035693,1553,10.6667,29.6667,40.0,6.8684,19.1028,25.7566
E01035694,2213,13.6667,80.0,88.3333,6.1756,36.15,39.9156
E01035695,1647,6.3333,36.3333,36.3333,3.8454,22.0603,22.0603
E01035696,1185,27.0,166.0,60.3333,22.7848,140.0844,50.9142
E01035697,1675,12.6667,49.0,35.0,7.5622,29.2537,20.8955
E01035698,1002,3.3333,17.6667,14.0,3.3267,17.6314,13.9721
E01035699,1722,9.0,25.0,31.6667,5.2265,14.518,18.3895
E01035700,1153,2.3333,9.0,8.6667,2.0237,7.8057,7.5166
E01035701,1176,6.3333,17.6667,13.3333,5.3855,15.0227,11.3379
E01035702,1497,11.6667,84.3333,76.0,7.7934,56.3349,50.7682
E01035703,1107,12.0,59.0,31.0,10.8401,53.2972,28.0036
E01035704,1747,8.0,22.6667,28.6667,4.5793,12.9746,16.4091
E01035705,1446,6.3333,94.6667,57.3333,4.3799,65.468,39.6496
E01035706,1290,11.0,46.0,29.0,8.5271,35.6589,22.4806
E01035707,2451,14.0,278.3333,59.3333,5.712,113.5591,24.2078
E01035708,1951,22.6667,769.0,142.6667,11.618,394.1568,73.1249
E01035709,1539,7.6667,77.6667,51.0,4.9816,50.4657,33.1384
E01035710,2576,21.6667,347.6667,156.6667,8.411,134.9638,60.8178
E01035711,2433,55.6667,1390.0,255.0,22.8798,571.3111,104.8089
E01035712,2457,12.6667,97.6667,56.3333,5.1553,39.7504,22.9277
E01035713,1999,31.3333,388.6667,74.6667,15.6745,194.4305,37.352
E01035714,2059,23.6667,110.6667,32.0,11.4943,53.7478,15.5415
E01035715,2779,22.6667,51.6667,31.3333,8.1564,18.5918,11.275
E01035716,2189,231.0,13177.0,800.3333,105.5276,6019.6437,365.616
E01035717,1896,19.0,76.0,44.6667,10.0211,40.0844,23.5584
E01035718,2568,34.6667,1004.3333,241.6667,13.4995,391.0955,94.107
E01035719,1272,5.3333,31.6667,24.3333,4.1929,24.8952,19.13
E01035720,1218,7.0,37.6667,28.0,5.7471,30.925,22.9885
E01035721,2327,21.6667,365.3333,115.0,9.311,156.9976,49.4199
E01035722,2015,15.6667,58.6667,37.0,7.775,29.115,18.3623
