LSOA_code,imd_score,pop_density_log,workplace_density_log,food_poi_density_log,shop_poi_density_log,night_poi_density_log,betweenness_rank,intersection_density,imd_x_night,workplace_x_food,btwn_x_night,theft_rate_log,burglary_rate_log,violence_rate_log
E01000008,1.2681181734126332,0.1985646146215724,0.421250288101541,-0.9486118186152632,0.5335909865133993,-0.6570200019397111,1.6833499692395684,-0.3596216754348447,-0.8331790047553512,-0.3996030018882064,-1.1059946000549938,0.4180970776325252,0.0930468674952313,0.8184393141532716
E01000976,0.615834308367372,0.6642828361798881,0.5608420192464159,1.689652178687393,1.724328011352338,1.8337789091535197,-1.287048938495447,0.1671646207779795,1.1293039662172317,0.9476279397191434,-2.3601631984613767,1.6730879967962775,1.190549014076257,0.6699919524363407
E01000456,-1.7197032841689108,0.0658348112912754,-0.3731754911362396,-0.9486118186152632,-1.1642713888564094,-0.6570200019397111,-0.1487058276713401,-0.4535772342603689,1.1298794551003855,0.35399868130939227,0.09770270318507022,-1.303202731776981,-0.8567224357586818,-1.2447843771257745
E01001367,0.9141371047617284,0.6669968222847114,0.4384473609725109,0.6259782525449045,0.2501646097352264,0.8263414725416439,0.1115293707535049,0.5273183619956413,0.7553894012537616,0.27445851285449735,0.09216134446009419,1.7970044964802785,1.2511138738548235,1.498712762575917
E01002147,-1.3163123580188172,-1.775218092566574,-1.901082629277331,-0.9486118186152632,-0.6711165563861736,-0.6570200019397111,-1.5718205984860634,-1.2243154695797174,0.8648435480187889,1.8033894502966552,1.0327175726661912,-1.2670657054919128,0.3512931521846115,-1.9791032984309944
E01001959,1.363004765426001,0.3530812871811044,-0.3399974374268104,-0.9486118186152632,-1.1642713888564094,-0.6570200019397111,0.3301269374303746,0.6925451915862073,-0.8955213936240266,0.32252558744197574,-0.21690000107085558,-0.6271361639543441,-0.5442466174567455,0.3837118462925847
E01001509,1.1305817790305628,0.5474694541214673,-0.6676756331287769,-0.9486118186152632,-1.1642713888564094,-0.6570200019397111,1.6513782162902302,0.0211373216409613,-0.7428148426516624,0.6333649965873863,-1.0849885188702038,-0.4385914809922135,0.2681138819451228,0.7585358019245626
E01002091,1.4062691182611111,0.0862451730025055,-0.7544527931402712,-0.9486118186152632,-1.1642713888564094,-0.6570200019397111,-0.9078490779335304,0.0770166920344852,-0.9239469388076711,0.7156828361601577,0.5964750029448531,-0.2401081966123229,0.9088741202559408,0.2131053577132996
E01004559,-1.5053480814858629,0.0426800353189122,0.0941844513039307,-0.9486118186152632,0.3246188523673687,-0.6570200019397111,-0.0282541072575546,-1.0539970103252432,0.989043799417782,-0.0893444836367024,0.01856351360516333,-0.7864329747614774,-0.5556252973578018,-2.2105794241005494
E01033086,1.4212641496414622,1.210205598158398,0.3236830510013059,-0.9486118186152632,0.3103578078932739,-0.6570200019397111,-1.2424371901940454,-0.4677288415316972,-0.9337989743542754,-0.3070495676652858,0.8163060851112609,-0.4241826800653733,-0.0608425488357271,0.1505033586965405
E01002338,-0.8964514793689938,-0.4465829647830878,-0.4840097939273279,-0.0134245046677321,-0.3242034711799147,-0.6570200019397111,1.388168901311958,-0.5485983809008093,0.5889865527138732,0.006497591737805466,-0.9120547342326293,-0.3466514199525502,0.0353337924152213,0.1822105661099385
E01003893,-1.63870553269636,-0.1102608869405501,0.4198233956859143,1.2576266968838663,1.561673959216724,0.7851265778150515,1.7145781930505497,1.1473594775891365,-1.286591266932484,0.5279811103910448,1.3461609091060927,-0.0873980561171594,0.1956637477925893,-1.141769743713452
E01001731,0.965267703566859,0.8733497623451024,1.3862435371725608,1.652197913674091,1.5105995127696317,2.4670375257853534,1.1792372134337257,1.5251405550249992,2.3813516471280938,2.290348679960697,2.9092224573435534,1.887972745603204,1.9963151512256545,0.9867937985352768
E01001566,-0.5763935964638007,0.1592864034003239,0.1544820974278692,0.0865907835853795,0.2724339791928733,-0.6570200019397111,-1.5859476521148408,-1.43430340766901,0.3787021218666834,0.013376725866192133,1.041999329468773,-0.728060635101745,-0.938449649225463,-1.0270415545912346
E01004021,-0.4647912317641404,0.7597769178728795,0.98588220701449,0.2188826297910532,0.5464624934540995,-0.6570200019397111,0.7740138330293244,-0.1430568205970951,0.30537713599523625,0.21579249013553908,-0.50854257007829,0.640813194174822,0.5120035119200109,-0.5245923600701717
E01004533,0.7083856086083898,0.9584946757372528,0.8387486221984022,0.8631165341113457,0.6650185286527482,-0.6570200019397111,-0.7502209006019103,0.0932419910065341,-0.4654235139419477,0.7239378037825515,0.4929101375686789,-0.5070575394480471,-0.7375790167657026,-0.5027885581789733
E01003689,0.9721506687906264,0.1400604681288917,1.5295179583398153,1.3717202770753611,1.5904952332042503,1.187972065171171,-0.366559865209853,0.3059891305575156,1.1548878376607354,2.098070797605632,-0.4354628800822151,3.4212547086254648,2.159791969252573,2.6606544562830337
E01000207,-1.6564045861289052,-0.7602159958274534,-0.4932907892740222,0.6261987733274884,0.9649099483516228,0.4879755458590157,1.3041501086776517,0.0584688565634372,-0.8082849320796295,-0.3088980871371413,0.6363933611640717,0.1878407828397321,1.0419688693615825,-0.6750156659678713
E01001884,0.6284940479753731,1.3760699659338471,1.4520133126589605,2.0501983694640997,2.0830002190861125,2.067833572472107,0.2275199163371498,2.123384625209903,1.2996210925023715,2.976915326053567,0.47047332140800335,1.280386673607983,0.9807032158911316,1.1563985729038353
E01001265,0.1781514661917219,-1.1422959461056437,0.0982809063805336,-0.3161281669051509,-0.5961186601653637,-0.6570200019397111,-1.2216183743200577,-0.3141202420197065,-0.1170490766628475,-0.031069362775854835,0.802627706665351,-0.3714372686148904,-0.1759920236155564,-0.1538448427060395
E01002269,-1.3314302994924496,-1.642031570153557,-1.9109973580125093,-0.9486118186152632,-0.7369270460299727,-0.6570200019397111,1.5993311766052611,-1.2551478626471892,0.8747763379551194,1.8127946791532097,-1.050792572755429,-0.3154609439030272,-1.1353119323958958,-0.7829155950503512
E01003206,-0.5319001426958745,-0.2181366741092182,-0.1950679683129957,-0.9486118186152632,-1.1642713888564094,-0.6570200019397111,-1.0736560757870743,-0.2812518623961438,0.34946903278577607,0.1850437801749754,0.7054135169962062,-0.5383429383649501,-0.692383243169959,-0.4282174791925101
E01002790,1.4349071699957157,1.1043400479663177,1.246049780655919,1.552719493257209,0.9898873454943165,2.6694303022568806,0.9918678705678374,2.5428654832877973,3.8303846805122284,1.934765783993315,2.6477221495287906,1.7118305987051452,0.3667396496734769,0.9791564751093088
E01002002,1.3091701445686756,-1.53758532995125,-1.0662800449265353,1.0346267366130584,0.7488506226444113,0.7898221289176011,1.3636324397461874,-1.4019510088322988,1.034011550698595,-1.1032018431979664,1.077027076621436,2.757106587175034,1.4645049662628165,2.5575024992266515
E01004555,-1.8836653486065171,0.5908763082953628,0.8173579353579071,-0.9486118186152632,-0.0794277705988143,-0.6570200019397111,0.1048376085082945,0.1461776094649668,1.2376058109952204,-0.775355397519481,-0.06888040574547433,-0.6116406683894401,-0.8226130127007352,-2.0119929059180093
E01001180,0.7620973193724333,0.646051808935212,-0.0994798419632379,-0.9486118186152632,-0.1234747377109071,-0.6570200019397111,1.536874728983298,0.1894510293485782,-0.5007131822523248,0.09436775380030608,-1.0097574374176994,-0.5119794112500573,-0.2868227844249419,0.0612260684066258
E01001994,-1.1104379517721972,-0.5403977119789771,-0.5061357216090604,0.5208776925845183,0.4930549264525101,-0.6570200019397111,1.5956135309134776,-0.2770648680036381,0.7295799452272979,-0.2636348068063275,-1.0483500051758023,-0.6544721577307676,1.2865572847539308,-0.8671674223996305
E01002005,-0.3125056261882823,0.8734627144676826,1.2715122583593836,1.5255968978057604,1.7101360610758305,1.9395919463619729,1.5465406077819353,0.1480840817019894,-0.6061333957475976,1.939815156875072,2.9996577075755924,1.3546687891962512,1.691368467090715,-0.1530026265436132
E01001356,1.5320061436881514,1.09118480393876,0.3273734958683581,0.899309428962087,0.8429307277158091,-0.6570200019397111,-1.2639995352063895,1.13050726431099,-1.0065586794976384,0.2944100716266953,0.830472977073096,-0.2809795986475759,0.3888101135317628,0.7026213689817035
E01002337,-0.6069982096909101,-2.6017999516303143,-2.071703872596818,0.0270621738467271,-0.3799024098935144,-0.1202720686414866,0.588875077578506,-1.3510214965949954,0.07300493034120462,-0.05606481035915287,-0.07082522375178282,1.6482790933313256,0.7814772177054177,-0.1816025324327852
E01000235,0.432206629004715,-0.5675297808305138,-0.3046316877583271,-0.1763400772939492,-1.1642713888564094,-0.6570200019397111,0.8186255813307264,-0.8891367402520763,-0.28396840022703385,0.0537187753654896,-0.537853381033811,-0.0143178000070632,0.250147577210031,0.1164430335627099
E01001693,1.0993626153370455,0.4704278884068437,-0.5850865673414885,-0.9486118186152632,-0.0743038830179043,-0.6570200019397111,-1.720154661588225,-0.3725051676996925,-0.7223032276611915,0.555020032693171,1.1301760190932988,0.0919132874929246,-0.8593954782635483,1.0181219127801278
E01003000,0.0541351820706236,-2.1743154202013,-0.802586609653763,-0.9486118186152632,-1.1642713888564094,-0.6570200019397111,1.3457877404256262,-1.403800652155035,-0.03556789742904773,0.7613431433799145,-0.8842094638248844,-0.1692216157646382,-0.1863945691601307,-0.24984776310264
E01000599,1.64188776708187,1.314930725915111,0.3778859015039864,0.4870955331826769,0.1254078737147232,-0.6570200019397111,0.9375902434677984,0.7122063675899624,-1.0787531039129181,0.18406653467530076,-0.6160155435818672,-0.0913283413548664,0.8349800689160821,0.2400482178696767
E01001290,-0.7465011655654855,-0.927446153079103,-0.9569830908096688,0.3074726964453287,0.7201923177535324,-0.6570200019397111,-0.7888844157964585,-0.7833284591004276,0.4904661972478319,-0.29424617138383374,0.518312840396797,-0.2965708514980179,-0.4781814133001908,-0.3728537476818933
E01003258,0.9687091861787428,0.6357691147267306,-0.244644768613116,-0.9486118186152632,-0.014854563703588,-0.6570200019397111,-0.418606904894822,1.4001714539898684,-0.6364613113821735,0.23207291886879822,0.2750331094659724,-0.7216410066767924,-0.7090628576609119,-0.2882458893065907
E01002842,1.5651918688741735,2.7356093207570664,1.4544265116283377,-0.9486118186152632,-1.1642713888564094,-0.6570200019397111,-1.720154661588225,-0.8963157537580995,-1.0283623647237294,-1.3796861782380108,1.1301760190932988,-0.9154499893979718,-0.1279724037426522,0.0428461238937136
E01001389,0.223505290612619,0.6297962473921348,0.8835719095603303,1.647081689108245,1.703494945924364,-0.6570200019397111,1.2833312928036635,1.51796948200588,-0.14684744647183864,1.4553151132472262,-0.843174328487155,1.8863471706560968,0.7894269299504305,1.1767225141452615
E01002287,-1.277718588728406,-0.1426541304255645,-0.2324712782667095,-0.9486118186152632,-1.1642713888564094,-0.6570200019397111,1.3026630504009378,-0.819364984746059,0.8394866696447422,0.2205250020523982,-0.8558756799012142,-0.9812174966737528,-1.545157793359561,-1.0048891885667142
E01000435,0.9668655347795192,0.0963424698156901,-0.6174137565257781,-0.9486118186152632,-0.1768510483439593,-0.6570200019397111,-0.1598587647466906,-0.3827407559544353,-0.6352499955362795,0.5856859864159998,0.10503040592395049,0.7645052435181499,-0.9319751125815604,0.0476874091933705
E01003073,0.9105727120565628,0.1934075368893374,0.5464602295911786,1.002082851597349,1.1762026755080623,-0.6570200019397111,0.0684046807288161,0.1533831432476332,-0.5982644850416509,0.5475984251532703,-0.04494324346513207,1.1446864760402182,1.2585202670044269,0.6409023930729321
E01001154,0.8354746450615271,0.4310032362658394,0.1774269236492822,-0.9486118186152632,-0.1892920645401561,-0.6570200019397111,-0.0453552774397587,0.0966227761116711,-0.548923552918904,-0.16830927671425705,0.029799324471446398,0.3252435930850974,-0.3570834495142564,1.0599371040628065
E01000271,-1.6466946887596616,-0.7293559668378036,-0.732697251219441,-0.9486118186152632,0.2436234539630997,-0.6570200019397111,0.08104467608088,0.029894362100157,1.081911347602985,0.6950452719736783,-0.053247973235863034,-0.2594477261775965,-0.039646953539053,-0.8916984317247589
E01000309,-0.579957989168966,-0.1615300931408769,-0.3721041290908194,-0.9486118186152632,-0.3914482191136095,-0.6570200019397111,0.0200752867356308,-0.6398104728300643,0.381043999168745,0.3529823746110909,-0.013189864929984405,-0.8682456917605329,-0.3909159115362888,-0.5693153702507763
E01003834,-1.550947726093323,-2.3020837619227086,-1.469059421449309,0.2713208316482643,0.0787987171581045,0.2209594410606964,0.9576655302034291,-1.2109152274478625,-0.3426965426719387,-0.39858642396834454,0.21160524027684516,0.3104600342794115,0.0929235493062396,-0.4452828213451883
E01002502,0.8513300470948489,0.3832068559998705,-0.8703748074981236,-0.9486118186152632,-1.1642713888564094,-0.6570200019397111,-1.0610160804350106,-0.3192705945487185,-0.559340869193592,0.8256478290177046,0.6971087872254753,-1.0066382393945486,-0.7313328507519719,-0.1093111848211635
E01004105,-1.856993858364418,-0.6882109796543808,-0.6518279731872325,0.9394189444553182,0.9279602655764434,-0.6570200019397111,0.4877551147619948,-0.7507270704605384,1.2200821084246216,-0.6123395465379994,-0.3204648664470298,-0.9292779515324888,-0.0665723571659223,-1.353563670954302
E01004202,0.5934646713901273,1.1328786896280862,1.593315747708091,0.974321284160511,0.3628430683846522,1.2914602146707423,0.4840374690702114,1.4148389929858312,0.7664360119129953,1.552401445380112,0.625115133714098,0.9948814304239078,1.7560445105254303,0.4837218340551222
E01004058,-1.378996505592415,0.5522374147087658,0.8582008638442578,-0.9486118186152632,-1.1642713888564094,-0.6570200019397111,-1.6788887944094282,-0.5401934654245567,0.9060282867791833,-0.8140994821884913,1.1030635189594418,0.2552680566543046,0.0768338847116071,-1.1716911053230894
E01002565,-0.0783618984869025,-0.5045534814445019,0.1974062347623403,0.2180446419106859,0.0149623225947651,0.323052419562593,-1.0684513718185775,0.2249516295178681,-0.02531500090771215,0.04304337176969128,-0.34516580085096316,0.7687995839424069,0.8645489225650939,0.6724590268000451
E01004711,0.5074276060930324,1.5087527923097943,1.1134037244382975,-0.9486118186152632,-1.1642713888564094,-0.6570200019397111,0.365816336071496,-0.8652801033464661,-0.3333900867395071,-1.0561879318924208,-0.24034864983527232,-0.3389271632970478,0.47269942412686,-0.18316776572869
E01003469,-0.3203718721583025,-0.502730039524467,0.0524780102966924,-0.1034845630258099,0.9602433198109932,-0.6570200019397111,0.6230774179429143,0.2545033287082279,0.21049072806687677,-0.005430663964017165,-0.40937432634544374,1.219479023339898,0.1224600142293142,-0.1665875342696481
E01000744,1.4159790156303549,-0.1117870855755275,-0.7249455337616396,-0.9486118186152632,0.0478106150627149,-0.6570200019397111,-0.258004611009775,-0.2316639211354456,-0.930326535596046,0.6876919011786417,0.16951419002609677,-0.5384045528164172,-0.5319648665849531,0.8804543032813071
E01002190,-1.7136806895981145,-2.5158262331422634,-2.550128811574865,-0.9486118186152632,-1.1642713888564094,-0.6570200019397111,-0.0527905688233257,-1.602765502519002,1.1259224900037987,2.4190823296512125,0.0346844596306999,-1.5163876516136108,0.2997508498210109,-2.027725803028573
E01002347,-0.5257546380317962,-1.1999332459865788,-1.5927817483563764,-0.2797240843483222,-0.293289250729915,-0.6570200019397111,1.0059949241966144,-1.0134831542245892,0.34543131329946286,0.44553941612570713,-0.6609587870469992,-1.133477118919748,-0.0301314021780806,-0.4093861879527826
E01001826,1.1265257459522713,0.7764352319833961,0.3165491369706971,-0.9486118186152632,-1.1642713888564094,-0.6570200019397111,0.663227991414176,0.1908961209163217,-0.7401499477906958,-0.300282252502865,-0.43575405620541263,0.0648369213009846,-0.1103112251776901,-0.1184356292652179
E01004670,1.578097428668738,1.888626543053797,0.7214923780208313,-0.9486118186152632,-1.1642713888564094,-0.6570200019397111,-0.3055904758646037,0.4390800367198879,-1.0368415756449874,-0.6844161968313918,0.20077905504531915,-0.419869544819504,-0.8180412790624453,0.5821574027402237
E01001343,-0.3978052309256879,-0.6433671577695048,0.0673172229746638,-0.9486118186152632,-1.1642713888564094,-0.6570200019397111,-0.3041034175878903,-0.1215438929339216,0.2613659935944227,-0.06385791331012501,0.19980202801346844,-0.5383562885660921,-0.4574099293758879,0.1786393216316155
E01000466,0.4403186951612983,-3.264107599259985,-1.4220096385006873,-0.7459275430835229,-0.7414110132767333,-0.6570200019397111,-1.720154661588225,-1.2982400950174608,-0.2892981899489673,1.0607161558879064,1.1301760190932988,0.1089619249527257,-0.3101611550915092,1.135942421242894
E01004698,0.1159589589912504,0.8202729974000479,1.1427363214259536,0.4777581820063877,0.1170202394490605,-0.6570200019397111,0.4743715902715743,1.07473853046043,-0.07618735546135821,0.5459516274371307,-0.31167162316037356,1.764037152747005,2.612093973272257,1.4020926577645008
E01003765,-1.3635098338389378,0.0808943372185226,0.1785768966835961,1.0372957323469,1.2220618475878138,0.75956699088524,0.2044705130480922,0.0483324463108818,-1.0356770615314757,0.18523705282564754,0.1553090523207006,0.6592034812060555,1.1950524698729026,-0.8805527048845466
E01001003,0.5590498452712893,0.2963267239563783,-0.5334738112362847,-0.9486118186152632,0.1810681999599186,1.0125272042352462,-1.058041963881584,-0.3590728458172872,0.5660531768606856,0.5060595622604677,-1.0712962716525896,-0.5378470596655138,-0.6243937646430646,-0.1675431415863841
E01002789,-0.6058920188513761,0.7288734868913409,0.7415058816973389,-0.9486118186152632,-1.1642713888564094,-0.6570200019397111,-1.355453619224264,0.6307520233011369,0.3980831754009866,-0.7034012429508268,0.8905601395319145,0.1085632668645819,0.6806201055583868,-0.0967902944979303
E01000685,-0.7532612206959716,-2.301581029549636,-2.114559175004602,-0.1945942035149982,-0.3744365547444159,-0.1148817514114724,0.0252799907041277,-1.477465666852095,0.08653596830389686,0.41148095844535226,-0.0029042096077559316,-1.0497240918816535,-0.7275931313105759,-1.0528843164466646
E01003825,-2.0578289507864937,-0.6070987750258199,-0.7535719454346655,-0.1681290224428477,0.2485634842809059,-0.6570200019397111,-1.159161926698095,-0.003212472049901,1.352034781237336,0.12669731452628527,0.7615925713276217,-0.947789101468686,-0.1816394989594644,-2.025764844404158
E01004361,-0.3963303098063091,-0.2393389529510465,-0.5607227019046251,-0.9486118186152632,-1.1642713888564094,-0.6570200019397111,-1.6060229388504716,1.3588751083640669,0.26039694091770754,0.5319081819926106,1.0551891943987575,-1.098945604354702,0.1714198691042798,-1.4485512078924736
E01002195,-1.7750128261456146,-0.3795515440364886,-0.5490966467832307,0.2680838497071306,0.6541357591612278,0.6368410844633118,0.2825410725755459,0.5948955437822281,-1.130401093138861,-0.147203942930925,0.17993376306443792,0.0238230116098415,-0.9573251604640048,-1.510348505278743
E01002542,0.8864823337733763,0.5237111332351546,-0.4343705582953591,-0.9486118186152632,-0.1935475752572169,-0.6570200019397111,0.916027898455454,1.219289638747515,-0.5824366246553033,0.4120490452574878,-0.6018486516200319,0.1152004988372461,0.2123675827113019,0.7616729065700841
E01002236,-0.0970442326657003,0.4044343008474759,0.5291890783989015,-0.9486118186152632,0.2304498370607877,-0.6570200019397111,0.6624844622758194,-1.2214473874414071,0.06376000193425618,-0.5019950140513171,-0.4352655426894873,0.3918104257309445,0.2505428856522159,0.4541544172864624
E01000427,-0.719583855136823,-0.6585626223221089,-0.7821680387953907,-0.2363192262462956,-0.0681237213225645,0.3858114163829379,-0.7070962105772216,-0.808960405909218,-0.2776236663566325,0.18484134572270922,-0.272805790521806,-0.8884779591757792,-0.8951682442647027,-0.6379072075175483
E01004727,-1.1105608618654788,-2.4044939942894428,-0.949302572632581,0.809159851093062,0.414714515143413,-0.1244447978944156,0.6617409331374629,-1.225754766304041,0.1382035220042975,-0.7681375283136399,-0.08235021668275355,2.894953356467423,1.644078119941642,0.9145983383154384
E01002219,0.1591004017330794,-0.2609210898955435,-0.143981753943624,1.2870565519617951,1.3788490190647225,0.5944875513438338,0.4914727604537784,-0.3362314923786182,0.09458320824411863,-0.18531265977609232,0.2921744379143613,1.1027900993835804,0.540497118355,1.0088700829518764
E01002432,-1.648292519972322,-0.7490452815636641,-0.2281636803097567,0.6571845473195961,0.0351978604083601,0.9970592671653928,1.6945029063149186,-0.3363466012712217,-1.643445332037802,-0.1499456449591405,1.689519825979981,1.5418809123560075,-0.3507933641272581,0.1054462820233062
E01003729,0.866816718848326,0.8771881410384447,0.7242666957517117,1.8099319712761737,1.6311776654134265,-0.6570200019397111,0.0639435058986758,0.8991143572325861,-0.5695159222991012,1.3108734483715763,-0.0420121623695799,1.4415602389372175,0.0755496878722025,1.691284903930668
E01001905,-1.574669374096665,1.1565457886264037,1.15870251958084,0.8688070848360778,0.8149550049893989,-0.6570200019397111,-1.2327713113954084,0.1150286970163159,1.0345892752233945,1.006688958229248,0.8099554094042314,-0.2963311229541938,-0.3557166194596962,-1.510348505278743
E01001666,0.5876878970058937,-0.755007613558624,0.529808988507109,0.6865905427926908,1.165785088568133,0.351746439509048,-0.6111809517292074,-0.2258548312037772,0.20671712531438324,0.3637618409955425,-0.21498072366650003,2.017123786398229,1.7416032387552518,1.271754292857638
E01004178,-0.1851707695485818,0.3077650718751873,0.9345942208866708,1.859189750333528,1.887933339077534,0.7371157909462747,-0.3048469467262471,0.4581430921486547,-0.13649229825593323,1.7375879961934475,-0.2247074982536745,1.6393329610104614,1.2362160705604262,1.3614048368678189
E01003279,-0.2903818093976008,0.0758995129562261,-0.0002863817367748,0.4828408951740015,0.6592140892028854,-0.6570200019397111,0.3152563546632406,-0.5521640462794211,0.19078665697366848,-0.00013827681414582972,-0.20712973075234858,-0.575006139896922,-0.1625893053630544,-0.5352251379629426
E01000447,-1.0752856650936695,-1.8995755059365704,-0.9775139137789758,0.7782025755939672,0.7182513342335358,1.099813181662724,1.632046458692956,-1.019647545661658,-1.1826133485229868,-0.7607038453817382,1.794946208356481,-0.1445933526132446,0.1570748589996763,0.2940643808928063
E01002703,0.7290345042796926,1.662506032829428,1.677115862968794,1.6622583572612135,1.429465944043917,1.4768578110584765,-0.8059855859786627,0.3914861693556373,1.0766803021766083,2.7877998593152298,-1.1903261082531311,0.5841086144086488,1.131281657670422,0.4546810771701895
E01001421,0.6882283533102133,0.1208891018727713,-0.144557573588582,-0.9486118186152632,-0.2192833706789973,-0.6570200019397111,1.5933829434984073,1.2302896705059174,-0.4521797940268405,0.1371290227764745,-1.0468844646280262,-1.0993674983439214,-0.42337784326075,-0.5840354690303403
E01003643,-0.9349223385661234,0.4862332599605785,-0.079302902818603,-0.9486118186152632,-1.1642713888564094,-0.6570200019397111,1.57256412762442,-0.1179584200736854,0.6142626766981937,0.07522767086422448,-1.0332060861821166,-0.9919444409627842,-1.4396523528611065,-1.1795141714058277
E01003952,-0.3731003021760935,0.6256800835676112,1.4474521739527857,2.1593278260515563,2.073513420623933,2.0170923622296,-1.0885266585542084,1.154641798915667,-0.7525777698649541,3.1255237560950677,-2.1956588090530014,1.6771852716237103,1.2965651728048853,0.1881610479573147
E01001228,-0.9258269916632876,-0.2142188357837794,0.5851110172664443,-0.9486118186152632,-1.1642713888564094,-0.6570200019397111,1.040197264561023,-0.1179717886689797,0.6082868518584501,-0.5550432261809485,-0.6834304087795654,-0.110994220253516,0.5446936899009895,-0.2783629170705982
E01003068,0.8276083990915071,0.1472025714780897,-0.0249408396046564,-0.9486118186152632,-1.1642713888564094,-0.6570200019397111,-1.5294394375997316,-0.4126986407556329,-0.5437552719764231,0.023659175215164693,1.0048723022584463,-0.6387185320239197,-0.8067670141775375,0.2880962472184213
E01001536,-0.0151861105401785,-0.77425297023128,0.1031776450311771,0.9300643106540174,0.7409911556629868,1.6098897193421635,-0.0750964429740267,0.2777254248011749,-0.024447963235427035,0.09596184530082663,-0.12089699150305064,1.5880871014566789,1.7050884376665347,1.211363650517826
E01002909,0.8815659300421137,1.3347865921852324,1.2072524057845646,-0.9486118186152632,0.0748005406663495,-0.6570200019397111,-0.9732796421089202,0.2484621395439736,-0.5792064490662527,-1.1452139001789476,0.639464192346284,-0.0932203794654081,0.6288959320311415,0.0570778625948996
E01001695,1.235424088599737,0.899575478185495,-0.0552466985810121,-0.9486118186152632,-1.1642713888564094,-0.6570200019397111,-0.269901077223482,-0.3140122360683895,-0.811698337088165,0.05240767121342317,0.17733040628090227,-0.2726116570786472,0.1959324609630195,0.5908502239872775
E01000111,0.8337539037555853,-0.155737593908375,-0.0245601636709286,-0.1083382904524246,0.2074438491467536,-0.6570200019397111,1.4892888641284694,-0.080093744140019,-0.5477929914627364,0.0026608061453401496,-0.9784925723984771,0.2390684081318158,0.900777835424179,0.7337743565835063
E01001580,-1.0148138991991402,-0.5308232118317954,0.0840869605601769,0.7964504751161404,0.9534493119537616,1.0508751598475514,0.6297691801881247,0.1008188031414938,-1.0664427185364134,0.06697109968922504,0.661808787897257,1.105411179369165,0.177709927586919,-0.0499536718735416
E01001796,0.8014285492225339,0.94768593982273,1.0461307149743988,1.7522735740395456,1.8747227688248684,1.9736266529392876,-1.3019195212625814,-0.1666899963323568,1.5817207451720587,1.833107206840735,-2.569503067145788,0.91427838116738,1.689950085654217,1.2144779066473868
E01001317,0.6675794576389105,-0.2967808222541545,-0.7714527813045545,-0.9486118186152632,-1.1642713888564094,-0.6570200019397111,-0.2661834315316985,-0.2902541576652562,-0.43861305655282823,0.7318092258491165,0.1748878387012755,-0.639299868998394,-0.8672571807264229,0.45316103268741
E01003826,0.3931212193411776,-2.146170848775666,-1.588719543911416,-0.571869415947468,-0.6231999952736021,-0.6570200019397111,0.5502115623839579,-1.3611266840092282,-0.2582885042940821,0.9085401176809491,-0.3615000017847595,-0.0546761774242583,-0.3298668934277547,0.05508613748806
E01004093,-1.815573156928531,-0.8558291265367574,-0.7554703943635694,-0.9486118186152632,-1.1642713888564094,-0.6570200019397111,-0.027510578119198,-0.9788427682765192,1.1928678790868708,0.7166481447072157,0.018075000089238045,-1.4044764851045295,-0.1687901154190095,-1.10276771913274
E01003282,0.4420394364672402,0.4499681783552794,0.28096291009603,0.6021001945509649,0.6457247998579421,-0.6570200019397111,1.4617782860092714,-0.4467012856879371,-0.29042875140513497,0.16916782283042492,-0.9604175723092391,0.0360514666011738,-0.0241126807796139,0.0945346267446777
E01002830,1.1754439630783338,1.4300161217290883,1.2513905539721368,1.866048897947049,1.6051968428292798,1.581807581412683,-0.7427856092183432,0.4879160105927693,1.8593261723230783,2.335155964141053,-1.174943908025814,0.9697330801570362,1.4483568430739613,1.1592103637113174
E01003920,1.027337300674049,1.5043595219011496,0.9832252652031253,-0.9486118186152632,1.2355458600726124,-0.6570200019397111,-1.281100705388594,1.6561358450589836,-0.6749811552816012,-0.9326991069328111,0.8417087879393794,-0.040565620526615,0.0931966893699794,0.2660638402341095
E01003039,-1.032021312258559,0.4351534968219233,1.458276400025906,1.5026818659294132,1.328958383527725,2.4212106961542186,0.6870209238415905,1.2323642244744455,-2.498741039899536,2.191325501831756,1.6634224092870118,1.87714635483166,2.078867324186177,0.6759907817224085
E01002924,-2.050700165376163,-0.6813191297085341,-0.7411318531527353,-0.9486118186152632,-1.1642713888564094,-0.6570200019397111,-1.369580672853041,-1.3562552773885137,1.3473510266332125,0.7030464350529164,0.8998418963344958,-1.533942428169618,-1.0676206340174774,-3.102935401530488
E01003300,1.1069830411205024,0.6444015662419312,0.4330359757500871,-0.9486118186152632,0.9625540994006144,-0.6570200019397111,-0.708583268853935,0.5885981788010193,-0.7273099998242197,-0.41078304448212516,0.4655533806768592,0.2202708253200302,0.3144318267300115,0.9800067677548596
E01003973,0.8870968842397842,1.1884841326901412,1.1066225568555457,1.109062981214893,1.5030125828963128,1.4770909770961238,-1.6655052699190076,0.3922067625879361,1.3103228035206698,1.227314111985859,-2.4601028065034103,2.083548534258824,1.2262991428735908,0.8320645487788052
E01002651,0.0321342753732236,0.7872567212791166,0.1652611837450592,0.2806114449033569,-1.1642713888564094,-0.6570200019397111,-0.9866631665993406,-0.320683005234976,-0.02111286166804658,0.04637417955714021,0.6482574356329402,-0.5480082907459265,-0.496915210203755,0.1615986891743109
E01003789,-1.0889286854479234,-0.7491132610862041,-0.65555759532642,-0.9486118186152632,-0.4183540907213036,-0.6570200019397111,-0.5621080285976652,-0.1228135326344963,0.7154479270252018,0.621869682709644,0.36931621803956516,-0.235490702203397,-0.1427822568210869,-0.9504630608810778
E01001411,-0.6490334615932051,0.3436209201427372,0.3619136320426088,1.2967673796687895,1.176018107350134,-0.6570200019397111,0.0840187926343071,1.1410986703185717,0.42642796619490503,0.4693177922903083,-0.05520202729956464,0.6095418847346314,-0.3962076387507307,0.2424536988171751
E01003509,1.1788854456902176,1.2519134165798174,0.5343429586687942,-0.9486118186152632,0.5955183688916116,-0.6570200019397111,-1.072912546648718,1.4622915007404438,-0.7745513178140839,-0.5068840457870654,0.7049250034802811,-0.5499715188676683,-1.3629414772921122,-0.2535899711933593
E01004063,0.7353029190370524,0.4210214969608871,0.8787782389371349,1.660895166533492,1.17981847044976,2.3533100290994984,-0.4297598419701725,0.9283799460559392,1.7303957337960318,1.4595585295055014,-1.0113581462126224,1.0282520406212126,0.9714062972580658,0.4303263878521217
E01000412,-1.3479002519921792,-0.1280474061110465,-0.3625239457160034,0.542062859440377,-0.0155364130963312,0.7184667327834492,0.5725174365346588,-0.1489288556632498,-0.9684214901668089,-0.1965107666304248,0.41133473208861204,-0.5067699924103471,-1.3484355088591475,-0.246815963606558
E01001113,0.7987245271703395,0.4750067486819428,0.1168785843229692,0.1414967257198093,-0.1850395267224257,-0.6570200019397111,-1.625354696447746,0.4349125383709081,-0.5247779903907512,0.016537936988466777,1.0678905458128167,-0.1118623210144043,-0.1458805917143349,0.5485356095509503
E01002200,-0.328115208035041,-0.3220312632432013,-0.4517238346677178,-0.9486118186152632,-1.1642713888564094,-0.6570200019397111,1.4744182813613351,-0.0667702610273287,0.21557825461963137,0.4285105683160043,-0.9687223020799699,-0.8920516739366589,-0.0519111106734646,-0.3223144352290895
E01000855,-0.4853172173421616,-0.9205858434410866,1.5830950662130712,1.9761849674862828,1.198266395915284,1.702754709604563,0.8610067422170582,0.0888482360246063,-0.8263761774815469,3.1284886719519727,1.4660832853113777,4.1983817846453935,3.730273757620176,2.8107878866447296
E01001747,0.9603512998355964,0.975301009686308,1.4015535501697256,1.8696832445478395,1.442500629072605,1.9492663656834992,-1.1896466213707195,1.5588436449572305,1.8719804880099575,2.620461189088876,-2.3189381460869565,1.588137321703321,1.813414885843991,1.0396713496993866
E01002883,-0.8781378754700407,0.6391409653148198,1.3346420462870765,1.771191388307885,1.741027468546352,2.1159475796981657,0.1977787508028818,1.5654267334958742,-1.858093712242122,2.3639064988572835,0.4184894690770844,2.1231694985853404,2.0645099732078225,0.7849801625311648
E01000851,-0.4456172572122164,0.418426758129522,2.086058291527755,2.615917194917153,1.7722329720724197,2.676349839140717,0.9799714043541302,4.338516206084536,-1.192627674658243,5.456955754406954,2.6227463104056787,3.104746161878402,3.677389896884766,0.7063888317907772
E01002741,1.153074326101089,0.8003637633125604,0.3273882259281706,0.3981567717292427,0.3778408889601415,-0.6570200019397111,-1.0468890268062334,0.2880875508016607,-0.7575928959715685,0.13035183913772433,0.6878270304228937,0.1459585037500487,0.3830044097058718,0.3435052206637562
E01004096,-0.0004368993463908,0.3077624351557358,-0.0567915020868043,-0.9486118186152632,-1.1642713888564094,-0.6570200019397111,0.8647243879088415,-0.5572862844556358,0.00028705160941314194,0.053873090076455944,-0.5681412190211825,-1.3727573438021563,-0.4162275581199095,-1.0414183254143257
E01000396,-1.4329540365430216,-0.2361852244936813,-0.6549832278428281,-0.9486118186152632,-1.1642713888564094,-0.6570200019397111,1.4543429946257045,0.0793301892576846,0.9414794638690129,0.6213248309264805,-0.9555324371499856,-1.8166040377195936,-1.6124258768910489,-3.021722367228205
E01003499,1.3823016500712062,0.7556070483488119,0.264760488053372,1.4027209586839802,1.5258713818049454,-0.6570200019397111,0.6015150729305698,1.9619951358502008,-0.9081998328110498,0.3713850856238644,-0.39520743438360845,0.5183879406702131,0.8254632792948099,0.8470638533906267
E01002130,0.5296743329769955,0.1147346455005642,0.7306086059638703,1.6427270518134796,1.4248250573557262,1.279592395370964,0.962870234171926,0.1284323945400875,0.6777672485005513,1.200190521304585,1.2320814293754558,1.8402528457028728,1.17329594991901,1.7486347705741303
E01003220,0.5645807994689597,0.1865186878117079,0.1131432428533916,0.1279345163322151,0.3139813330563488,-0.6570200019397111,1.215670141213204,-0.2501874446091867,-0.37094087796221953,0.014474926050707005,-0.7987195985379482,-0.6889576365787206,-0.5295681559344456,0.2688786589638149
E01003547,0.0044795043848716,0.4299270352377197,0.2296400959559323,-0.9486118186152632,0.6669653236671146,1.4506382930034791,-1.527952379323018,-0.7398851385873758,0.006498140594371738,-0.21783930905174048,-2.2165062313317474,-0.5552737327573727,-1.5732917234649455,-0.3137925143202804
E01002530,1.1742148621455182,-0.2475710916829526,-1.271822669767005,-0.9486118186152632,-0.0614788257780593,0.6511843806821217,-0.5182398094346199,-0.1861994640614301,0.7646303777939721,1.2064660157237979,-0.33746966935150374,-0.1790489783668678,-0.195522412493476,0.7793203395672199
E01003812,-1.473391457232656,-0.3112812140097166,0.5526033192773357,0.9015969370703176,1.1788579459261368,0.5958067276013568,0.0646870350370328,0.2448600853454816,-0.8778565426095832,0.4982254600753367,0.038540970663648824,0.2373738593169414,-0.6541692226464271,-0.3399282001748283
E01000903,0.0031274933587744,0.730446183021887,0.7366645500115453,-0.9486118186152632,0.8507415545425225,1.8814966679321232,0.3784563314235599,0.7248368134780373,0.005884368333513878,-0.6988086984958465,0.7120643265312432,0.3719123680733026,0.2311568072417954,-0.5516943011135808
E01002791,-0.5831536515942867,0.6461279894150668,1.1943130623848068,1.4946069119286327,1.5750330684748644,2.16709358063516,0.4542963035359434,2.4021505367142977,-1.2637485348939312,1.7850285580469847,0.984502603099025,1.7031641245052354,1.2533526906083154,0.2275078721506178
E01004503,-0.0376786576107048,0.0870629273344514,0.1936517600624762,0.0828555840697721,-0.2377161841379079,-0.6570200019397111,0.0230494032890575,0.1567397136072479,0.024755631696470975,0.016045129686115833,-0.015143918993685742,0.071921498563167,-0.1081330363073424,-0.5342997786678952
E01000577,1.0438072531737783,-0.0870447602053861,-0.0205107611020639,-0.9486118186152632,-1.1642713888564094,0.4896062742933835,-0.0163576410438475,0.1182048467860174,0.511054580306824,0.019456750390212038,-0.008008803687706708,-0.4995765444354619,-0.5476355878311726,0.2166163431100945
E01001209,-1.5809377888540248,-0.3683400629071187,-0.1141520212632909,1.1841164758648484,0.7515337023728005,0.6324108183257446,-0.7465032549101267,-0.4406338623983042,-0.9998021607712672,-0.13516928913113724,-0.47209673432054516,0.1344815163143731,-0.229913619772196,-0.3441952946271714
E01001267,1.0063196747229015,-0.5608254581642839,-0.595981883046762,-0.9486118186152632,-0.5020214622792216,-0.6570200019397111,0.7606303085389036,0.0941761666091514,-0.6611721546384102,0.5653554579387381,-0.4997493267916335,0.2340738821801666,0.6130831009654776,0.3321809394078567
E01001949,-1.439591181580226,1.08900159606359,1.366065082147085,0.5307145214803363,0.5022440807373305,-0.6570200019397111,-0.9249502481157345,1.3988992332744516,0.9458402009142312,0.7249905763826865,0.6077108138111361,-0.4030258563828799,-0.6954735734935273,-1.6285978502150753
E01004430,0.5160313126227418,-0.5764509553369707,0.3368780788676679,0.9744019697665324,0.8932523338682624,1.1756305852917417,-0.4342210168003128,-0.8302151116641752,0.6066621940875397,0.32825466361982086,-0.5104835081269269,1.988187628451605,1.9433484996887465,1.3066830501476845
E01000055,0.9492893914402556,0.499378110963145,-0.4894811375477573,-0.9486118186152632,-1.1642713888564094,-0.6570200019397111,0.5546727372140977,-0.8596718614532138,-0.623702117805424,0.4643275920670458,-0.36443108288031134,-0.7659401682178674,-0.8045331759417202,0.4428927107414822
E01004235,1.0412261412148656,1.989717044690828,0.7235203161543026,-0.9486118186152632,0.8929073315001527,-0.6570200019397111,1.240206602778975,-0.0260918901499519,-0.6841064013206689,-0.6863399229122231,-0.8148405445634848,0.2008469426401995,0.0036462797470311,0.5721403775726077
E01003211,0.4360168418964436,-0.0571813153938373,0.5201240484893892,0.4226422398260666,0.0675102278314326,0.8415480091697131,1.4506253489339211,-0.0631955646570263,0.3669291052624176,0.21982639284095712,1.2207708744464616,-0.0472527572924897,1.264585359496669,0.4835695366599122
E01000683,-0.7976317643706162,-0.2512847507235818,0.3242257008286598,-0.9486118186152632,-1.1642713888564094,-0.6570200019397111,0.2580046110097748,-0.0299822589613012,0.5240600233739575,-0.30756433170488323,-0.16951419002609663,-0.7271407521572295,-1.3763656970213276,-0.8004301398709217
E01000781,1.255458433804632,0.1727455598391272,-0.4024951092002375,-0.9486118186152632,-1.1642713888564094,-0.6570200019397111,-1.631302929554599,-0.8113215603125753,-0.824861302613546,0.3818116175221863,1.0717986539402191,-0.511775950790833,-0.486376739790895,0.9218751134031828
E01001514,0.2899996510779453,0.6488819181339249,0.1342539631241013,0.2687560129460169,0.4531132833543518,-0.6570200019397111,0.0877364383260904,-0.359601820073091,-0.19053557131374715,0.03608155985143505,-0.05764459487919126,-0.2681297131122601,-1.125474105921469,-0.3211695385890131
E01003988,0.99599522688725,-0.5858590526672418,0.245465607731182,0.8165248054717363,1.0127383590862584,0.4144359785729088,0.5554162663524547,0.5482329647335155,0.41277625650896377,0.20042875760270493,0.23018448386109092,0.9459164537746508,1.998307846295388,1.1740270088313849
E01002013,-0.8212305022806765,0.4592665554018288,0.6099561621952985,0.6963182513248387,0.7682012740107643,-0.6570200019397111,1.5985876474669043,0.3135081331478432,0.5395648662014,0.42472360824463995,-1.0503040592395037,-0.5871833367622074,-0.7086246719738912,-0.9166909934012356
E01004100,-1.5418523791904877,-0.8633370375725222,-0.2523777816832085,0.484797736834661,0.459295341933813,-0.6570200019397111,0.2840281308522591,-0.7026679399188385,1.0130278531664825,-0.12235217738737164,-0.18661216308348377,0.3180775317202669,-0.2659070620432897,-0.0469607779145649
E01000905,1.2880296085242466,1.3586109057158364,0.6935934299930789,0.8832650447705018,0.8282192521463028,2.024937901460002,0.7665785416457573,-0.0459543372417239,2.6081799725034363,0.6126268319953628,1.5522739434244288,0.723599892454797,1.3270360473670877,0.8330332933446061
E01000785,0.9942744855813082,-0.0913227226974841,-0.4709089046868211,-0.9486118186152632,-0.2612881966238537,-0.6570200019397111,-1.5197735588010943,-0.7582578791241071,-0.6532582244452364,0.44670975247708705,0.9985216265514166,0.8701813011510183,-0.0659539577256653,0.7574548792433857
E01004201,0.6241921947105183,0.6718000012587271,0.5812272895985626,0.2996399099168045,0.6263288472423266,-0.6570200019397111,0.8706726210156953,-0.1110717641091606,-0.4101067569794573,0.17415889269650175,-0.5720493271485855,0.2273572834617898,-0.0048976614328214,-0.1205772215393743
E01002612,0.6960945992802334,-0.3050661482467418,0.3134499528904528,1.032234290918868,0.0307551147083856,0.518184476766824,1.5182865005243809,-0.1246363779019234,0.3607054157082398,0.3235537898604291,0.7867524958563585,0.6501044790642058,-0.1913969327636178,1.680704600649623
E01002865,-1.5567245004775567,0.4423108375623218,1.0484293921115868,1.6548993482738796,1.677085687512216,-0.6570200019397111,1.063990196988437,1.1481966034585265,1.0227991343233602,1.7350451177166448,-0.6990628412891765,1.9059226596309315,0.6453489512971324,-0.2810078134713501
E01002264,1.016029572092145,0.0316783659095125,-0.7886306617233196,-0.9486118186152632,-1.1642713888564094,-0.6570200019397111,0.3948139724674074,1.0230571797460708,-0.667551751426785,0.7481043662331167,-0.25940067695636104,-0.8757844700357564,-0.6507917193417132,0.5186622713204837
E01002435,-1.9679816725976704,-0.8386004779153444,-0.746572680393915,-0.9486118186152632,-1.1642713888564094,-0.6570200019397111,1.4967241555120363,-0.8443768398468241,1.2930033223474373,0.7082076680769434,-0.9833777075577306,-1.676798607785475,-0.4467388742211379,-1.4372412085966868
E01001550,1.204696565279346,0.0010792358508498,-0.817252764673876,-0.9486118186152632,-1.1642713888564094,-0.6570200019397111,1.2788701179735231,-0.4770341861638408,-0.7915097396565992,0.7752556313656372,-0.8402432473916027,-0.6184598147404585,-0.177649080671693,0.126899676212371
E01003098,0.4389666841352011,1.1255292381341422,0.9432308328558224,-0.9486118186152632,0.7140525105913041,-0.6570200019397111,-1.5785123607312737,0.770311408843158,-0.2884098916619784,-0.8947599157293511,1.0371141943095195,-0.2196440813217515,-0.708928982789743,-0.4295383391060872
E01000761,-1.5564786802909936,-1.5124891759797476,-1.8215372372122307,-0.9486118186152632,-1.1642713888564094,-0.6570200019397111,0.4691668863030774,-1.2693274000268495,1.0226376255439076,1.7279317512673162,-0.30825202854889616,-1.220351853909259,-1.5956498915082324,-1.223006072536745
E01003787,-0.3958386694331829,0.5652033743258865,-0.0385854745565583,-0.9486118186152632,-1.1642713888564094,-0.6570200019397111,0.3189740003550239,-0.8973070733322782,0.2600739233588025,0.036602637191229734,-0.2095722983319752,-0.9310689157209688,-1.5868658825630113,-0.7270711438444707
E01004003,1.1853996806341405,0.7987325699590413,0.2486959469813286,0.3083442777916279,0.634871804244752,1.7176577718333277,-1.4699571065311954,-0.2264429590652167,2.036110974169976,0.07668397216166274,-2.5248832482949384,0.2196888002486211,0.5871812861717016,0.4503300103111432
E01003738,-0.5476326346359147,0.3304197322720258,-0.3860923914498776,0.0094357888544005,0.1938787366939953,-0.6570200019397111,1.3034065795392944,-0.4751899582824902,0.3598055946707378,-0.00364308628401159,-0.8563641934171394,-0.8449458844705402,-0.4428128508998932,-0.2371020443437514
E01003899,-1.849373432580961,0.1172501408542088,-0.0378728068633838,-0.9486118186152632,0.1505132639983553,1.4858435249595312,-0.6015150729305703,0.0892364864785208,-2.747879540032603,0.03592659219473913,-0.893757276279448,0.2222360875400507,-0.5099827861134952,-1.5068455626402664
E01032742,-0.0475114650732299,-0.0392543878081153,0.5600486628705947,0.0210519329833743,0.6218697789500256,-0.6570200019397111,-0.5635950868743785,0.0574732573993779,0.031215982874572022,0.011790106918180148,0.3702932450714158,1.1774777296450627,-1.428644391518639,0.8396042786214464
E01001160,-0.6007297949335504,-0.3692092272350527,-0.7105046928387871,0.5487571325772541,0.6779940087725937,-0.6570200019397111,-0.6148985974209908,-0.8290892233742139,0.3946914910324835,-0.38989451792489555,0.40400067767026504,0.4673369137630372,-1.1426753549843478,0.1207128831601059
E01004463,-0.4434048755331482,0.7891699453481275,0.8327679107238946,-0.9486118186152632,0.2333044941755173,-0.6570200019397111,0.4468610121523764,-0.6934744115512653,0.29132587218286643,-0.7899734822762268,-0.2935966230711356,-0.2050727521155955,-0.5675462479682605,-0.5124601286400009
E01003859,-1.6336662188718158,0.0468744167210453,0.0060955999098058,0.8126477453162044,1.009139918155865,-0.6570200019397111,1.505646505172317,0.2913746897084914,1.0733513822920009,0.004953575523053343,-0.9892398697488349,-0.4758584813026367,0.4320601762506825,-1.1999291611349956
E01000360,-0.0253876482825484,-0.846043469334162,0.4668004078281419,1.550929446345525,1.5848817108686433,1.7140374804182994,1.477392397914762,0.5649230927350732,-0.04351538069596522,0.7239744980667654,2.5323059433109685,1.7909140405742705,0.6480059900669698,2.3964606235265418
E01002396,0.8153173897633507,-0.5574520663675211,-0.8620289540944722,0.1526494074606029,0.0082767158930045,-0.6570200019397111,1.6446864540450197,-0.1050247803686581,-0.5356798330037968,-0.13158820905640445,-1.0805918972268753,0.2489939635479234,-0.2402446988386492,0.5007932381146187
E01003674,-1.287305576004368,0.1501977284214917,0.971036363066416,1.4044819494645475,1.4998416621736537,1.438700030790108,0.7799620661361778,0.8284587473573345,-1.852046571833762,1.3638030442004843,1.1221314485652354,1.5666326142368014,0.7418498800323123,0.4788271396718042
E01001576,1.3407580385420377,0.0484134295912559,-0.4760675570654187,0.3335052004136305,0.4259220773058525,-0.6570200019397111,-1.720154661588225,0.6401221891620303,-0.8809048490835728,-0.15877100602952995,1.1301760190932988,-0.0642533004657226,-0.9989454252054633,0.9543517481344268
E01004596,-1.7169992621167165,0.7322927702845018,1.011570488857526,0.7118285182142351,1.0806360126632084,1.236456081751455,0.6966868026402276,-0.0957948543028434,-2.1229941800069745,0.7200647221527022,0.861422634200485,0.6620029181529943,0.2437046865025778,-1.5417541983040983
E01000605,1.520821325199529,0.3082270918965488,-0.9555845099571452,-0.9486118186152632,-1.1642713888564094,-0.6570200019397111,0.8007808820101656,0.2384992100138415,-0.9992100300325486,0.9064787598310226,-0.5261290566516026,0.1150305848593224,0.0046677713636552,0.555439440022961
E01000082,0.7654158918910355,0.5146463657365891,-0.3142421326684439,-0.9486118186152632,0.364968618292269,0.9940602267041346,-0.1933175759727421,-0.4004312833251007,0.7608694950161502,0.2980938009561514,-0.1921693133973578,1.412892588109382,0.1288887877634717,0.4359304875026095
E01001485,1.2482067383010198,0.803487034999651,-0.2988852438675246,-0.9486118186152632,-0.0422657073429301,-0.6570200019397111,0.2795669560221188,1.4942477672668042,-0.8200967936196965,0.28352607474243896,-0.18368108198793162,0.1574088532331814,0.6420014124355787,0.5627840540388763
E01004172,0.207158248206171,0.396715145549405,-0.0701423589641969,0.8557634255398227,1.0491128752023762,0.9213345463388788,1.0097125698883982,0.7889330303927703,0.1908620506313894,-0.06002526538264503,0.9302830725107908,-0.548797545396485,0.4383973509806552,0.8102516051060951
E01004412,-0.0504613073119875,0.5315407104569239,0.6623204237802551,1.3434564991568247,0.8271231751578756,1.5781914473970986,-0.2156234501234431,0.1046964806782412,-0.07963760362425536,0.8897986778518862,-0.3402950848430728,0.1251376779847394,0.2154781503567076,-0.5156306151107466
E01002551,0.2976200768614023,-0.2448263635097392,-0.4568806344282858,-0.9486118186152632,-1.1642713888564094,-0.6570200019397111,1.3561971483626205,-0.1860653815216825,-0.19554234347677552,0.43340236951511146,-0.8910486530478396,-0.8331141513429109,-1.3471950844506762,0.3515574879070363
E01033586,1.1372189240677673,-1.3421832720471063,-0.5288736828885704,0.0048875366774875,-0.0016300836682287,-0.6570200019397111,1.0320184440390991,-1.312224124940213,-0.7471755796968806,-0.002584889522875781,-0.6780567601043865,0.380855260747555,0.9478689109267824,0.0742963579734454
E01004054,-1.3883376726818135,0.628318939575942,0.6999144617146468,0.3338050443992009,-0.012291194473419,1.2205014133686647,-0.5925927232702899,0.6416673742586645,-1.694468091741116,0.23363497796830046,-0.7232602563033748,1.071511928043218,0.8245444189723652,-0.6083336812623219
E01000191,-1.622358490289912,-0.3926829814754456,-0.6762905815701675,-0.9486118186152632,0.1444437878725907,-0.6570200019397111,-0.5108045180510529,-0.480583798625922,1.0659219784371847,0.6415372384956506,0.33560878544071593,-1.0659143628022318,-0.3462064613599698,-1.0861183561996195
E01004401,0.3305599818608615,-1.7934758458361728,-0.7830769947182229,0.0328920632404231,0.2783132644925043,1.2037143329070428,-0.7204797350676422,-1.5456384359906188,0.3978997880514111,-0.02575701803239225,-0.8672517836699898,0.503851845766749,0.6520280567415138,0.342307944001559
E01004556,-1.9012414919457807,0.9695096075002372,1.1918545772532063,-0.9486118186152632,1.160596224269852,-0.6570200019397111,-0.9628702341719264,0.599442445358519,1.2491536887260761,-1.1306073380530899,0.6326250031233291,-0.4886641674864013,-0.5644982970665178,-2.45514933969709
E01002355,-1.677913852453179,-0.2740843320905869,-0.4347631389921157,0.019323006971954,0.5431798610296715,-0.6570200019397111,-1.0781172506172148,3.9070549779430577,1.1024229625934558,-0.008400931165893258,0.7083445980917584,-1.2277616633606925,-0.7167160588840019,-1.464682101652462
E01003563,0.7123187315933999,1.757539102929088,0.6695931271263766,-0.9486118186152632,0.8072762219234071,-0.6570200019397111,-1.637251162661453,-1.584831327581426,-0.46800765441318815,-0.6351839540556333,1.0757067620676222,-0.1498508882990148,-2.034051849742674,-0.6737600672196444
E01000632,-0.0264938391220824,0.1104933995684773,-0.2193623013912479,0.4554687900735545,-0.3873155424549945,-0.6570200019397111,0.3397928162290117,-1.0844049995958418,0.017406982231380975,-0.09991268200242208,-0.22325067677788515,0.5877225236305309,-1.8934058352405605,0.0372310181777801
E01003839,-0.6848002987381403,0.2819290129748011,0.2248011045159955,-0.9486118186152632,-0.3013582807338539,1.2493887953759408,-1.025326681793889,0.50276347072628,-0.8555818203135295,-0.21324898458163835,-1.2810316678332776,-0.7643216310378679,0.014662995503979,-0.0263051977689698
E01000030,1.2988456967330242,0.1627503334892808,-0.7475396909391965,-0.0812022328582252,0.0996118687481797,-0.6570200019397111,0.2684140189467685,-0.3544788124957123,-0.853367602186917,0.06070189205441033,-0.17635337924905148,0.0710972690242792,-0.3904107005216657,1.012215927378651
E01000689,0.2913516621040425,-2.600626536678189,-2.562742129062064,-0.6363065458894525,-0.7030091028261279,-0.6570200019397111,-0.7227103224827124,-1.4079943141199178,-0.19142386960073607,1.630689592148863,0.47483513747944095,-0.7704688352396645,-0.8011176224073557,-0.098348642244137
E01003055,1.1176762192359986,0.5234623276088005,1.3507706390041518,1.402797606144341,1.3893257818478422,2.2165167241077715,0.945769063989722,0.6135561371019809,2.477348032074135,1.894857818845086,2.096312947476972,2.812222609348761,2.5487605682519043,2.3476071059995443
E01002698,-0.1555494370677249,1.152435267035248,1.3759735655528698,0.3843685589823288,0.8214084794984238,1.294528887742268,0.021562345012344,0.9141188791351984,-0.20136323975621784,0.5288809765893335,0.02791307850594472,0.3892629836283421,0.2510839926169478,-0.2423931837970272
E01000186,-1.843473748103446,-0.1672827406898607,-0.3827660665964834,-0.9486118186152632,-1.1642713888564094,-0.6570200019397111,-0.5650821451510919,-0.3563465246541911,1.2111991255547325,0.36309641453830105,0.3712702721032665,-0.8805750253009333,-0.7452483732690192,-2.4090274302468497
E01004326,0.6538135271913753,1.4021342065684204,1.5965834668510663,1.600013809794703,1.8539485013586652,-0.6570200019397111,0.6944562152251575,3.123638825552847,-0.42956856490348677,2.5545555954516095,-0.45627162387427744,1.1284473343921086,1.181158228033316,0.940483115478278
E01000345,-1.6983169279379189,-0.3081109610240287,-0.6323432202833739,-0.9486118186152632,-1.1642713888564094,-0.6570200019397111,1.2238489617351276,-0.133152877654941,1.1158281912880157,0.5998482521820433,-0.8040932472131269,-1.53503217912317,-1.993299359640753,-1.483244888965867
E01002864,-1.2029892520132148,-0.6517486324590364,-0.424810625666928,0.7042556058271132,0.4096992383626864,-0.6570200019397111,-0.8230867561608668,0.3789973595446735,0.790388000691174,-0.2991752645408574,0.5407844621293633,0.6209884141418452,0.4075833481278889,-0.2023093134394387
E01001513,1.0853508647029473,-1.829664522236176,-0.2595085760295231,0.5055647790211352,0.3519394217691682,-0.6570200019397111,0.8781079123992623,-1.215618215008615,-0.7130972272323975,-0.1311983958944553,-0.576934462307839,2.644134758965313,1.6757787291186523,2.2207348770348
E01000356,-1.4504072697890036,-0.6368606386228056,-0.5829054751232813,1.0013573044075812,1.196379173170114,0.5499013042069377,1.5257217919079478,-0.1483725845761662,-0.7975808492881968,-0.5836966552938693,0.8389964032271265,1.72267473554746,0.0389499605660502,-0.9933457498345712
E01002949,-1.1673453249615613,-0.3603714945270583,-0.5066680029063461,-0.9486118186152632,-1.1642713888564094,-0.6570200019397111,0.1754728766521808,0.4232251987306241,0.7669692276705576,0.4806312556711524,-0.11528918975838252,-1.2639322507617403,-1.4933806821756128,-1.10276771913274
E01002363,-0.0607857551476389,-0.3963734224520941,-0.8250396026437676,-0.0187239600660783,0.5791246752871902,-0.6570200019397111,-0.4862680564852817,-0.3383705246807815,0.039937456965008514,0.015448008572835015,0.31948783941517933,-0.6618817581439914,-0.9211825503808893,-0.3963856145721927
E01001138,-0.0306727822936556,-0.4378090048617303,-0.2273708136429337,-0.9486118186152632,-1.1642713888564094,-0.6570200019397111,0.2282634454755068,-0.0661144205474871,0.020152631482073937,0.21568664102985546,-0.14997364938908261,-0.74546277194725,-0.6076448186875697,-0.2647662493369682
E01000498,1.0396283100022052,-0.4259551261303838,-0.8224687718878694,-0.9486118186152632,-0.3902049812630032,-0.6570200019397111,-0.8178820521923698,-0.7006371522578372,-0.6830565942542275,0.7802035974548138,0.5373648675178857,-0.3907633627901721,0.2889038789744593,0.1773613135816517
E01000759,-1.470933255367025,-4.21857668682488,-4.040639557453618,-0.9486118186152632,-1.1642713888564094,-0.6570200019397111,-0.235698736859074,-1.830886869359948,0.9664325702944283,3.832998438964849,0.15485878454833626,-1.2364479784602918,-1.7830224297842356,-1.2028055350917035
E01003465,-1.9044371543711016,-1.800169898250938,-1.1275886139409996,-0.9486118186152632,-1.1642713888564094,-0.6570200019397111,-0.6520750543388258,-1.0004641427374434,1.2512533028589592,1.0696438857204356,0.4284263534665326,-1.1264924183133542,0.7565969709457615,-1.476043525531652
E01001022,-1.230029472535159,-2.277809894351293,-2.135417294350441,-0.9486118186152632,-1.1642713888564094,-0.0692944147919016,0.8208561687457965,-1.5293795890999646,0.08523417247611524,2.0256820830962563,-0.05688074784156239,-1.2956636642630983,-1.4379922403476744,-0.7122958687039932
E01001682,-0.0752891461548634,-2.215485054889069,-1.4505619175804976,-0.0950404110934358,-1.1642713888564094,0.3417962965086358,0.5695433199812318,-1.0861929003453483,-0.025733551323029707,0.13786200096333304,0.19466779747081792,-0.4984782771307734,-0.1395629310643078,0.417602664903232
E01002753,0.8658334381020736,1.0803072661255249,1.0455199118353833,-0.9486118186152632,-1.1642713888564094,-0.6570200019397111,-1.1703148637734455,-0.3966006774175873,-0.5688698871812912,-0.9917925449646326,0.7689202740665019,-0.2504945493158036,0.4907977865264593,-0.0234020533744065
E01001528,1.1565158087129728,0.0577299272855836,-0.1954915675899024,0.0764756135669766,0.7476132805185257,-0.6570200019397111,1.1219854697802598,0.2207598217188482,-0.7598540188839039,-0.014950337578607864,-0.737166895531354,0.3973126149098774,0.7641215078790102,0.6416650173744279
E01001278,0.4672360055899608,-0.7552286043897083,-0.7873896969227993,0.4812072297772357,0.4040382899523932,0.7643536263765618,1.4171665377078695,0.8059225595904854,0.357133535246386,-0.3788976148113574,1.0832163822765266,0.5019578379280943,1.078995502570969,0.7329912471553829
E01002227,1.2922085516958195,-0.1976483391450777,-0.6735287625339293,-0.1455005603282222,-0.4428458601418524,-0.6570200019397111,-0.492959818730492,-0.3506344874790495,-0.8490068651416987,0.09799881234586083,0.3238844610585075,-1.1295970681618384,-1.2581373069092634,-0.5840236232958821
E01001353,0.4351564712434726,-0.138710231064791,0.1675263941287929,0.6565338799787592,0.5284303779078919,-0.6570200019397111,0.4186069048948216,-0.6633970842313618,-0.2859065055804642,0.10998675353622722,-0.27503310946597215,-0.2730706775331268,0.5327809275001877,-0.0202461766480424
E01002907,1.6633970334061436,1.5502725076334838,0.3378991563501746,0.7873760995739234,0.3951464238049844,-0.6570200019397111,-1.7011946685601291,-0.5420329668557086,-1.0928851221150142,0.2660537197763198,1.1177189244372023,-0.4165197988175803,0.0968820647593701,0.3388044662819253
E01004528,0.8178985017222635,0.4522735141348287,0.679744407441903,1.3548254108523168,1.443690944451962,1.9154640152318552,-0.2148799209850863,1.4119486828531025,1.5666551481610453,0.9209349960870409,-0.4115947562427972,0.2171796919638346,0.3979194225278312,0.9248854195340932
E01000691,-0.6884876015365873,-0.3261939696458225,-0.5636722745987928,-0.9486118186152632,0.586688955838711,0.7146288186021114,-1.6015617640203312,0.8385604013505645,-0.4920130813082926,0.5347061815101628,-1.1445221913401629,-0.2373980190274625,-0.2750544699722944,-0.5840881391426481
E01002232,0.086460536603675,0.2971320656416681,0.1755559885966202,1.3700578778794996,1.031884685086304,1.3018767249506045,-0.4751151194099313,-0.0966715688699288,0.11256096023106427,0.2405218651857231,-0.6185413156319167,-0.0298778409254417,-0.0488263008831547,0.2362150152886363
E01004610,0.1121487460995219,-0.1959465400719933,-0.1178686844925719,-0.9486118186152632,-1.1642713888564094,-0.6570200019397111,0.2431340282426408,0.0246618537527588,-0.07368396937984405,0.1118116271542873,-0.15974391970758964,-0.2660522545751361,-0.7646488953516907,-0.5146291188662987
E01002752,0.3548961803306112,1.1122830390720917,1.076173148041251,0.8633007934462729,0.6651864355468348,-0.6570200019397111,-1.6707099738875044,1.7705450875013204,-0.23317388908921424,0.9290611325895853,1.0976898702842628,-0.2247026131701177,-1.2198417577284646,-0.0725344875458291
E01033457,0.1448428309124179,0.4653732813094471,0.0459620517280027,0.9953979942474678,0.6731683801386206,1.7782858999205242,-1.017147861271965,-0.4047636588975927,0.25757196391612536,0.04575053410155224,-1.808779699834253,0.7498831876870835,-0.8166774366607485,0.2533192601174725
E01004392,0.6518469656988702,0.5504106168372214,0.8955347619249276,1.836696309895495,2.0404346301308216,0.8049178895053848,1.4231147708147234,0.538133338378541,0.5246832839108235,1.644825392610655,1.1454905378481266,2.198956601692504,0.5688902522539657,1.1140701455750244
E01003564,0.7341967281975182,1.3423338089710055,0.6004795362740643,0.9716311660298416,0.9091433823007145,-0.6570200019397111,-1.4476512323804944,0.3782640800667509,-0.482381935784463,0.5834446320070276,0.9511358155066576,0.5250073143190436,-0.182884318163444,0.1597191625899906
E01002797,1.0187335941443394,1.0228660373705558,1.2609727038980936,1.5366679996131352,1.6515471097019252,1.307090418778157,-1.0506066724980168,1.1371647711721469,1.3315769201935015,1.9376964024658496,-1.3732379155265586,1.0008819474655268,0.875358784279006,1.1103080007785169
E01002203,-0.6952476566670732,-0.2811961120527963,-0.2368539594966113,-0.9486118186152632,-1.1642713888564094,-0.6570200019397111,1.304893637816008,-0.1185648997991549,0.45679161673198004,0.22468246526430635,-0.8573412204489903,-0.8995224693603912,-0.0033235156223075,-1.3546225074561624
E01001972,0.661802683254677,0.0453819091520844,0.0175301445782288,0.4118897124467572,0.0578513571960225,0.8271421505118072,1.1346254651323235,-0.7357908103560603,0.5474048946417579,0.00722048620947674,0.9384965472550095,-0.0169697638082157,0.0555678723051076,0.0124869353108421
E01003303,1.3642338663588165,-0.0765934686723627,0.4766802356155861,1.8224824631565923,1.5682347320972465,1.5759901368401716,1.3747853768215377,1.1284721488229936,2.1500191177248276,0.8687413699427582,2.166648194142842,1.799399161137125,2.47155080181482,2.223172231150427
E01003346,1.134760722202136,-0.6933744943617127,-1.122790837658664,-0.1691955373168577,-0.4641307831528507,-0.6570200019397111,0.8223432270225097,1.6621161232407786,-0.7455604919023554,0.18997119907210241,-0.5402959486134377,0.2156858006136869,0.5583681207625087,0.8675539472413422
E01002785,-0.0008056296262355,0.6573668345898165,0.8423922727164364,0.6062692347355475,0.2324602276252222,1.0907934840727842,0.5308798047866836,-0.0427452979041717,-0.0008787755468736759,0.5107165185269325,0.5790802318871462,0.8286062641006688,0.9422476668669872,-0.3026411652594878
E01004128,0.4596155798065038,0.0512783745471432,2.5678325807794056,-0.9486118186152632,-1.1642713888564094,-0.6570200019397111,0.8520843925567777,-0.3890226128443524,-0.30197662913599055,-2.4358763343526766,-0.5598364892504516,0.2982213491689874,-0.3437314453003131,2.144213020333019
E01001332,1.3582112717880197,0.5379440404647639,-0.4871180848691215,-0.9486118186152632,-1.1642713888564094,-0.6570200019397111,-0.6818162198730938,0.0929355593309095,-0.8923719724247022,0.46208597236808147,0.4479668941035466,-0.5243608278901085,-1.1942356239745873,0.2426439118180483
E01004568,0.460721770646038,-0.0326171349488198,-0.4804701707623516,0.3674943456855766,-0.2899845022496147,0.7679110521976726,1.6655052699190072,-0.92268333654068,0.35379333966717386,-0.17657007102574765,1.2789599042642736,-0.0064288338232583,0.2795869801340184,0.4308144563144674
E01003594,0.8519445975612567,0.917941082108307,0.358236307174787,0.7188316182020792,1.1895640237936873,-0.6570200019397111,-0.8699290918773388,0.7334439365222682,-0.5597446411422233,0.25751158438518923,0.5715608136326603,-0.22250583352967,-0.4742539837828006,0.1127827802050593
E01004587,-1.3681804173836372,1.021274023655134,1.4733332717588965,-0.9486118186152632,0.3734270001215106,-0.6570200019397111,-1.1249595863336868,0.2675498299159328,0.898921900483272,-1.3976213543495826,0.7391209495950555,-0.2173625147132178,-1.1727747432159403,-1.343285940716739
E01000074,1.162415493190488,0.3905112652118674,-0.2299889025379605,-0.9486118186152632,-1.1642713888564094,-0.6570200019397111,0.6282821219114112,-0.5258441183845494,-0.7637302295907646,0.21817019109786323,-0.4127939209569212,-0.6465021868892876,-0.5640014615190774,0.4337000867045177
E01001836,0.6469305619676077,0.7722185667359398,1.1009664421678196,1.5490285435883189,1.606332660627511,2.5772491624634664,1.1071148870131258,1.5628143230675566,1.6673012490030366,1.7054284444508307,2.8533109153054137,0.7880402410789451,1.2146218472506425,0.6457281789348155
E01000234,-1.3395423656490328,-0.2916962075862943,-0.230782156254493,-0.9486118186152632,-0.373194700499957,-0.6570200019397111,-0.6394350589867618,-0.3730469533487401,0.8801061276770528,0.21892268094852646,0.4201216236958015,-1.3288125009315197,-0.3777465589036564,-1.328176918093486
E01032570,-0.7707144539419537,-1.0260130301044816,-0.7877447602414323,0.568289493553897,0.5771229977222031,-0.6570200019397111,1.1078584161514824,-1.0691503452864424,0.5063748120239058,-0.4476670708473396,-0.7278851387287723,0.9061430084260428,-0.1892754622589624,-0.2717988968086244
E01001977,1.3996319732239069,1.018158009350851,0.4596934690668542,1.2466830600483862,1.3225097055847874,1.444585610947264,-0.7717832456142545,0.2936526925582556,2.021888209140982,0.573092060700524,-1.11490697138453,0.0490982713058875,0.1425123770432695,0.4763865246274864
E01003888,-0.6213786906048532,-1.5515789761794043,-0.0673725526326032,0.6446232492900884,0.9468425220111364,0.397156891119057,-0.9108231944869576,-0.7627842976414444,-0.24678482896825388,-0.04342991379099617,-0.3617397082815683,1.226312744726249,0.5191470428706869,0.1793037577141171
E01002981,-0.8490081833623101,-0.874685817174636,-1.2019189602300258,-0.9486118186152632,-1.1642713888564094,0.4266355753234325,1.2863054093570905,-0.381837997190606,-0.36221709476308145,1.140154530691971,0.5487836483627057,-1.1839795311688737,-0.46180733933426,-1.3239870620232204
E01000096,1.3926260979068577,-1.4439961264503771,-0.8391483304143764,0.0817534401040743,0.1469785014826011,0.1690729757887808,1.6580699785354402,-1.0030427750243287,0.23545543853423043,-0.06860326276896567,0.2803348253370268,0.2063033289821217,0.5011694877102557,0.8490504475069071
E01002433,-0.2128255405369338,-0.5349709907293805,-0.7258842281541786,-0.2865937501934025,-1.1642713888564094,-0.6570200019397111,1.5212606170778076,-0.3425972808183825,0.1398306370563963,0.20803388315294946,-0.9994986535832673,-0.7583918708454348,-0.0231954296322432,-0.1204213093139517
E01003706,-0.2842363047335226,0.1261303204621472,-0.4914709703703782,-0.9486118186152632,-1.1642713888564094,-0.6570200019397111,-0.6944562152251578,-0.2632253140071388,0.18674893748735535,0.4662151709996526,0.4562716238742776,-1.0863542790012208,-1.3737724181896616,-0.282953902111027
E01002621,0.1270208673865911,-0.15226171827695,-0.7713664666568506,-0.9486118186152632,-1.1642713888564094,-0.6570200019397111,0.2899763639591129,-0.0665618813636837,-0.08345525053672187,0.7317273467541848,-0.19052027121088674,-0.387327941806206,-0.2270681499940749,0.354766247058
E01003998,0.5715866747860089,0.8341430727844579,0.8587108113257582,-0.9486118186152632,0.0907465316780813,1.388434454559306,-1.4201406542612969,0.908103146615192,0.7936106330398797,-0.8145832243963157,-1.9717722146967795,1.0839478018371,-0.0917799234377629,-0.1171271434972543
E01001866,-0.5554988806059348,0.2933607063916985,1.1022356910286184,1.5711160293065165,1.5681335186104777,1.5758360004486385,-0.440912779045523,1.2102146775796498,-0.875375134267752,1.7317401622488073,-0.6948062302777912,1.1177584161100431,1.4592330684789665,0.1726787939280298
E01002544,-0.5275982894310197,-1.4506332192514872,-1.4908690012236032,-0.9486118186152632,-0.6658791374482002,-0.6570200019397111,-0.6669456371059599,-1.6066177923594558,0.3466426291453568,1.4142559545678433,0.43819662378503965,1.1119519673547609,-1.9244628083823223,-0.1987264081093557
E01002626,-0.0296895015474031,-0.7597994037474338,-1.0602766458056927,-0.178107767427799,0.3256170717130756,0.4710358575924546,-1.361401852331117,-0.4716480092169546,-0.013984819822873525,0.18884350624028712,-0.641269089040744,0.8413457573513958,0.1956637477925893,0.3067072625430034
E01002319,-0.2273289315441584,-0.6562360288564031,-0.1652896747163315,0.5791631819986482,0.7156689850328153,0.4336994377890059,0.0468423357164721,-0.5616203491107983,-0.0985924298038769,-0.09572969396023207,0.02031549466495782,1.8175289313654597,1.1854169082741777,0.8768207270564
E01004485,-0.3059913912443595,0.4766699898512179,1.2486977235220649,1.567637111791802,1.1746678044513266,1.0455423341457926,1.388912430450315,0.2083049052846414,-0.31992695343014604,1.9575048928031278,1.4521667444571282,1.2843875379286611,0.946623513027412,0.515440597421679
E01004067,1.18380184942148,0.230825328288975,1.0121800952617823,1.4898105077792478,1.767094800514552,1.960825286126147,1.029787856624029,0.3260888309157465,2.3212286001085354,1.5079565416860035,2.0192340686140433,2.9613425991359037,1.9984919926618336,2.366401414333652
E01003082,0.9084832404707764,0.4164028273589785,0.182949406683664,-0.9486118186152632,-0.034881845190692,-0.6570200019397111,-1.543566491228509,0.0707193278439911,-0.5968916604163046,-0.1735479693887739,1.014154059061028,-0.5757394957791344,-0.8020212614378097,0.5791552465457683
E01001193,1.1313192395902525,0.1973128207913899,-0.5305448621411994,-0.9486118186152632,-0.1974026585412918,-0.6570200019397111,-0.8543149799718482,-0.7658801520739318,-0.7432993689900201,0.5032811265327474,0.561302029798228,-0.5240620471433739,-1.2757039172859104,0.674094547176582
E01000413,-0.9890027796100116,-0.2742939199955311,-0.5542372139921286,-0.9486118186152632,-0.2514806921648733,0.8306653672089551,1.1502395770378149,1.451929171739805,-0.8215303570954275,0.5257559715093298,0.9554641806383897,0.7026713445096155,-1.199556755571845,-0.4751810576601883
E01001964,-0.4666348831633639,-1.5504330157641886,-1.4450291742841137,0.3987402712038328,0.4176946266320357,-0.6570200019397111,0.6453832920936152,-1.2082603398050724,0.3065884518411302,-0.5761913248514982,-0.4240297318232042,-0.2664391512437113,-0.6051058924869889,-0.2090034706801187
E01002933,-0.391290995981765,0.5875645028686712,0.3094454738302253,-0.9486118186152632,-1.1642713888564094,0.9867532593708116,-1.245411306747472,-0.0768481073531476,-0.38610766564745774,-0.29354363369235187,-1.2289136661903295,-0.7433668813858586,-0.8094384936465195,-0.2969949398773719
E01002687,-0.9236146099842196,0.2099178726288191,0.2927086466954169,-0.9486118186152632,0.3209089055640032,0.9292390198290258,-1.151726635314528,0.4019965368523248,-0.8582587348815042,-0.277666881666152,-1.0702293297106538,0.0524801631591942,0.6866545706678967,-1.4130412463257076
E01004348,-0.0818033810987863,0.4327198284328622,0.8791072870124169,1.0883676192038303,0.955874272661756,0.6518903022604352,1.641712337491593,-0.8134155084589332,-0.053326830830413376,0.9567919049904425,1.0702163519120802,-0.1041182343414327,-0.2875026107812283,0.3030838268830472
E01002559,0.6137448367815854,-2.7201302915187915,-1.878273958940909,-0.5982880199107298,-0.9832994555721474,-0.6570200019397111,1.6669923281957206,-1.3346607358257336,-0.4032426338527249,1.1237488077446438,-1.0952473027046359,-0.1999465672082657,-0.298036124985161,0.760828972335752
E01001454,-1.2637068380943075,-0.7825626716073796,-0.904426673412948,0.4593137927780445,0.6769111484479239,0.4318066667777627,-0.1992658090795956,-0.7641078827102563,-0.5456770375417688,-0.41541564565493094,-0.08604430482143421,-1.199758004439046,-0.9980147203809407,-1.6206466807088509
E01004725,0.7164976747649731,-0.701370240216667,0.1703767469048305,0.4828723349456752,0.6592439802800795,-0.6570200019397111,0.6394350589867618,0.1382699115398851,-0.4707533036638811,0.08227021759838385,-0.4201216236958015,0.8461800599240002,0.7003626997127774,0.925669847629348
E01001146,0.0918685807080638,0.4968662705452383,-0.1878465052872171,-0.9486118186152632,-1.1642713888564094,-0.6570200019397111,-0.4654492406112941,0.115560657061594,-0.06035949507501058,0.17819341500102867,0.30580946096926953,-0.556838597663548,-0.7582135541712748,0.144955859761586
E01003797,-1.7455144037580392,-1.1889038576899464,-0.7102522047598684,-0.9486118186152632,-1.1642713888564094,-0.6570200019397111,-0.8781079123992626,-0.7749171881758048,1.1468378769429006,0.673753635632759,0.5769344623078392,-0.8087726562816993,-0.6402677821619484,-1.5770703959320538
E01001405,-0.8286051078775704,-0.2954610991839501,-0.5751792872331086,-0.9486118186152632,-1.1642713888564094,-0.6570200019397111,-0.1977787508028822,-0.1289292231574014,0.5444101295849758,0.5456218696920301,0.1299445952361433,-0.7202633429699179,0.7000873836303966,-1.2345936495493346
E01002404,0.8795993685496087,0.2465082122587627,-0.8079838868688749,-0.9486118186152632,0.3813359334091676,-0.6570200019397111,0.5420327418620339,0.1270686702857855,-0.5779143788306326,0.7664630643345125,-0.3561263531095804,-0.4679091967726774,-0.5968217915366218,0.1670719857513134
E01001025,-1.7017584105498025,-0.4103143899317077,-0.6171736099924414,0.019544040126444,0.3435269357403877,0.7604078333985117,1.2565642438228224,-0.3596811255733449,-1.2940304259338702,-0.012062065798674575,0.9555012941713515,-1.185425877289339,-1.018992524406986,-1.7309834314696193
E01000297,-1.2850931943253,-0.3636204934371953,-0.1928416597371477,-0.9486118186152632,-1.1642713888564094,-0.6570200019397111,0.1591152356083336,-0.065682233492974,0.8443319330283181,0.18293187754804147,-0.10454189240802493,-0.8830905786610482,-0.3121945874677923,-1.290442549340764
E01001352,-0.4125544421194756,0.2930479997600165,0.5038789707399268,1.1512623344174395,0.8671271950101835,1.0126060543066573,1.3316606867968492,-0.1241924554637209,-0.41775512582128643,0.5800968801179048,1.348447673732651,0.4599442917732774,0.6913660447994324,-0.0029764087808041
E01002663,0.3094194458164324,0.5880053547698004,-0.2063710355198934,-0.9486118186152632,-1.1642713888564094,-0.6570200019397111,0.4676798280263639,0.7782282411787886,-0.20329476489049675,0.19576600331404115,-0.30727500151704534,-0.6584540609168585,-0.9028709196920096,-0.1730651352381374
E01000938,1.0988709749639192,1.0095259580103102,1.6149548131230853,2.322945817706478,1.7058729002985458,2.8241240687536013,-0.0185882284589176,1.2287010895683672,3.1033479688503403,3.7514525289292178,-0.05249546338631986,2.256582077792362,2.5512684898272444,2.3227250387567624
E01003666,0.1511112456697777,0.6913232290975219,0.2772457531565466,0.0404625203142075,0.3652891016823574,-0.6570200019397111,0.7896279449348149,0.31598602896623,-0.09928311092306952,0.011218061919124524,-0.5188013539127222,1.0200225959900593,-0.3792448687528497,0.0703801576987786
E01004573,0.7281741336267217,-2.821580662963852,-2.3410280261409127,-0.679947275150578,-0.6350124887893716,-0.6570200019397111,0.640922117263475,-0.3974181398490964,-0.47842497068787615,1.5917756274256496,-0.4210986507276521,0.9970410038034618,-0.3308997755354828,0.5985718636962225
E01000089,0.8381786671137216,0.557255754499014,-0.5815799950853238,-0.9486118186152632,-1.1642713888564094,-0.6570200019397111,-1.600074705743618,-1.3828704705195032,-0.5507001494928818,0.5516936568081449,1.0512810862713546,-0.8440240126221658,-0.1422958746728006,0.6562007448755037
E01002288,-1.6653770229384597,-0.7284729122120247,-1.0157271730069122,-0.9486118186152632,-1.1642713888564094,-0.6570200019397111,1.3182771623064284,-0.6308125223804428,1.0941860148413771,0.9635308008030271,-0.8661344637356465,-1.5122746567090195,-1.960708613537932,-1.3624141203101572
E01000642,0.7266992125073428,0.7523135395343296,1.0931272433834764,1.7742031296889784,1.6511017536206547,1.8583623101136693,-1.481110043606546,0.8236454576217753,1.3504704273129298,1.9394297763592496,-2.7524390821692184,1.7178560783270032,1.5392621083583131,1.2773055244514362
E01003463,-1.9522491806576303,-1.4418391691265309,-1.2460633450412866,-0.3483521794444506,0.1939350183955735,-0.6570200019397111,-0.8163949939156564,-1.2097096885744958,1.2826667604624757,0.43406888197097465,0.536387840486035,-1.307306167166489,0.6478151901678998,-1.6074695505734762
E01004274,0.4999300904028569,1.4521189581017668,0.9583136220444444,0.8975921729282013,0.1568088603175563,-0.6570200019397111,-1.658813507673797,0.6746851619296549,-0.328464068966205,0.8601748063575678,1.0898736540294571,-0.5279645705607241,-1.2821875879455142,-0.0835243186410506
E01004033,0.7101063499143317,0.9778085661123108,1.0969212897205636,1.197121351618687,0.9683249878094686,-0.6570200019397111,1.4692135773928383,1.4369658528834943,-0.46655407539811544,1.3131478969695944,-0.9653027074684926,1.0978554851435554,0.446305092725339,0.6490398537784514
E01000440,-1.4797827820832974,-0.4477692220468909,-0.7932286154329837,-0.9486118186152632,-1.1642713888564094,-0.6570200019397111,0.811933819085516,-0.7570504134666369,0.9722468863547191,0.75246603946355,-0.5334567593904828,-1.5565135390476932,-2.3233679195028643,-1.73978564464092
E01004206,1.4603495593049995,1.1666306567819218,0.3030467854566275,0.5643707667651786,1.3973663512437078,-0.6570200019397111,-0.8193691104690833,0.4133997631472815,-0.9594788702872271,0.17103074667387944,0.5383418945497365,0.2087824367786017,0.9092705998740584,1.0496944450545047
E01002492,0.2238740208924637,-0.2733471519834633,-0.977005592416652,-0.0412752549048388,-0.3492214771007339,-0.6570200019397111,1.3532230318091931,-0.0583272571049491,-0.14708970964101742,0.040326154870450354,-0.8890945989841378,-0.5507194627720223,-0.5081320507403485,0.2013089396166222
E01004753,-0.27538677801725,1.7683056834490174,1.697496534613674,1.0868563261505986,1.4826014141250716,-0.6570200019397111,-1.696733493729989,1.7628715018364902,0.18093462142706437,1.84493484726359,1.11478784334165,0.4402940628653459,-0.0736234024957204,-0.4849090530105889
E01001633,1.1216093422210087,1.0775371045556967,0.3600540358431516,-0.9486118186152632,0.006866786287958,-0.6570200019397111,-0.8654679170471987,-0.0567661165063223,-0.7369197722016453,-0.34155151374093723,0.5686297325371082,-0.667229569795491,-0.9765840336033976,0.6965652176272118
E01003938,0.9663738944063932,1.4607847272327024,0.9181055677305452,0.9381815841295066,0.9917135854209926,-0.6570200019397111,-1.6513782162902304,2.3191749124938807,-0.6349269779773746,0.8613497359315629,1.0849885188702038,0.3567879591750561,0.0193382531371167,-0.3476209412953929
E01003507,1.1117765347584834,0.9003541337312617,0.508800648901785,1.5443235999814398,1.5885548651330534,1.0791492444889967,-0.3762257440084902,0.8263244430820259,1.199772807525212,0.7857528497848972,-0.40600372740407287,0.4436268860123575,0.4144389094858418,0.6121574426626535
E01000878,-1.786197644634237,0.179711802998799,0.1196075452997468,0.1123082347174478,-0.2112592096573556,-0.6570200019397111,-1.3956041926955254,-0.5052566103589281,1.1735675799422938,0.013432912271501734,0.916939869391883,-0.5732540033779114,1.5034524676218113,-0.9815540370786155
E01000520,0.1808554882439162,-0.2010073078201886,-0.5713499888144158,-0.9486118186152632,-1.1642713888564094,-0.6570200019397111,0.4171198466181084,-0.4608200445101796,-0.11882567323682522,0.5419893519550533,-0.2740560824341216,-0.4597190514299879,-0.2730664953286044,0.019759465096768
E01003002,-0.1463311800716075,-0.3397244407467133,-0.3621851958705302,-0.1141451574063913,0.651511109331104,-0.6570200019397111,1.396347721833882,-0.227605773461291,0.09614251221448777,0.04134168619290634,-0.9174283829078084,-0.2502938463731605,-1.1105424907764794,0.238913318543799
E01002123,-0.1984450596229908,0.2920512664359321,0.2893330844532192,-0.9486118186152632,0.143459951726428,-0.6570200019397111,1.3309171576584922,0.1668738546863628,0.13038237345842352,-0.2744647834287318,-0.8744391935063773,0.5507200183605585,1.324786159386364,0.6033415407977163
E01000572,-0.8045147295943839,-0.2039844038513602,-0.7502402802596574,-0.9486118186152632,-1.1642713888564094,-0.6570200019397111,-0.3502022241660056,-0.7944460769259388,0.5285822691986283,0.7116867966555384,0.23008986600084014,-1.0080838670439145,-1.3562183953518738,-1.3708657137976683
E01000580,0.1314456307447274,-0.7332956363294901,0.0654424040128266,0.7405176527726902,0.3530540245147228,0.3317845268649051,-0.4267857254167458,-0.494787736673891,0.04361162640509841,0.04846125541138043,-0.14160089998009032,1.20861360231826,1.450211987250009,0.2429570603049684
E01000926,-0.1592367398661718,0.9425759361326268,1.0431329366601534,1.4617011269487206,1.665667487974036,1.425922673017729,-0.8639808587704854,1.2572077965244102,-0.22705927775260046,1.5247485890734747,-1.2319698955741636,0.1761269499946577,0.0085328699131249,0.0361214229076226
E01002063,0.3013073796598492,0.4119175833113896,0.3624618731737864,-0.9486118186152632,-1.1642713888564094,-0.6570200019397111,0.0847623217726637,-0.1107743962246382,-0.1979649751685634,-0.34383561669008045,-0.05569054081548992,-0.1908961280150549,1.334034708979516,0.0130043653115217
E01001704,0.4487994915977262,0.5076913672005336,0.2563484366417926,-0.9486118186152632,-1.1642713888564094,1.6278623297711063,1.0572984347432268,0.902609725469752,0.7305837859923626,-0.24317515668195044,1.7211362932444532,0.1199838411535164,-0.2435518121215888,0.32930392692625
E01003390,1.0939545712326566,1.185904770291187,0.8294949837299408,0.8395071272370012,0.6434978604319243,2.52491727637148,1.4550865237640611,0.8078933537257734,2.7621447964708894,0.6963669508486257,3.6739731024671975,1.06122722486634,0.1402922102921666,1.5327415211916835
E01002701,0.7587787468538312,1.0745405203325409,3.04493971351843,1.7477673289257092,1.1295172357436198,2.0521521100602467,-1.2283101365652682,0.2459048774990762,1.5571294064249595,5.32184614983592,-2.520679238560805,2.643693533643069,1.5308653823161036,1.131470433815653
E01000231,-0.1376045634486165,-0.6607975766624056,-1.0136860195047022,-0.1879962938684596,-0.4810192847091636,-0.6570200019397111,-1.2587948312378927,-0.4554651531234943,0.0904089505439231,0.19056921481315506,0.8270533824616186,-0.1161675265259731,-0.702102139913336,-0.2770290924097736
E01003384,-1.4382391705541289,0.441232067930618,0.6664462793705797,-0.9486118186152632,-0.1182101967509128,-0.6570200019397111,-0.6535621126155392,-0.5236893524262772,0.9449519026272423,-0.6321988170831013,0.4294033804983833,-1.0772631925775882,-1.4409276452054691,-1.2775467602364003
E01001862,1.04786328625207,1.1969770505397732,0.8906070143319277,-0.9486118186152632,-1.1642713888564094,-0.6570200019397111,0.4141457300646817,0.4648642163928443,-0.6884671383658871,-0.8448403395369197,-0.27210202837042025,0.3238387921495735,0.526754262539889,0.8416690199787941
E01001188,0.7838524058832702,0.3516005128437515,-0.1328332787756086,-0.9486118186152632,-1.1642713888564094,-0.6570200019397111,-0.0706352681438866,0.7720424466565959,-0.5150067092338734,0.1260072181519583,0.046408784012908384,-0.1445933526132446,-0.4929661079449441,0.2870744007817747
E01000222,0.7114583609404289,-0.6589009441455617,-1.2128540257913965,-0.2418541671826362,-1.1642713888564094,-0.6570200019397111,-0.9033879031033905,-0.8250566904190773,-0.4674423736851043,0.2933338003218858,0.5935439218493012,-0.8448258278217347,0.284937926955428,0.0439967206333343
E01004580,-0.0187505032453439,1.2043685174561267,1.3591159111749138,1.846923453917748,1.4153343570575745,1.296495599322928,-0.5777221405031558,0.7497188824896055,-0.024309944942678643,2.510183052941739,-0.7490142127937638,0.4275063791474743,-0.0160295854312611,-0.1537576940451073
E01002362,-1.6179337269317755,-0.8148792284290977,-0.308534112574699,0.8856755050726067,0.4175587511151771,-0.6570200019397111,1.027557269208959,-0.6376193118058094,1.063014820407039,-0.27326110598672504,-0.6751256790088345,-0.5987846005979303,-0.803157679979888,-0.6913042237607769
E01002380,-0.2071716762459818,-0.0841528276823554,-0.412436183745867,-0.9486118186152632,-1.1642713888564094,0.5691010447716852,-0.0059482331068536,-0.5234009578104797,-0.11790161739868955,0.39124183832590576,-0.0033851456756559106,-0.1502177764017233,-0.2624620358424149,-0.0728934904904568
E01000573,-0.6455919789813214,-0.15831697174876,-0.4783693165941522,-0.9486118186152632,-1.1642713888564094,-0.6570200019397111,-0.6208468305278443,0.2324398983136579,0.4241668432825697,0.45378678738411937,0.40790878579766776,-1.216476392438942,-1.7037096509815934,-0.8130782647156486
E01001480,0.9326965288472444,-0.0076624847062098,-0.3659519368561568,-0.9486118186152632,-1.1642713888564094,-0.6570200019397111,0.9940984579829076,0.5311313968164518,-0.6128002751923783,0.34714633234689685,-0.6531425707921938,-0.337086980775014,0.3176256417713251,0.4252752752198504
E01003592,1.1329170708029126,0.664341339862855,0.5630497297956887,0.979809305754025,0.2279971588020225,1.083976531167823,-1.1457784022076745,-0.1902217287407231,1.2280555165097522,0.5516813648561051,-1.241996897912086,-0.1096277014373894,-0.0377485759032863,0.6036533324746541
E01003650,-0.2962814938751159,0.1630076548735087,-0.2430193415782153,-0.9486118186152632,-1.1642713888564094,-0.6570200019397111,1.1480089896227443,-0.1977566904181083,0.19466286768052915,0.2305310195731947,-0.7542648685887413,-0.7089865454090575,-0.5293773314475643,-0.531726714173791
E01003305,1.4668637942489224,1.2688125908818004,0.693586174353381,-0.9486118186152632,-1.1642713888564094,-0.6570200019397111,0.2461081447960675,-0.0059692150225174,-0.963758852942719,-0.6579440422197638,-0.16169797377129097,-0.1445809754014717,-0.1952855071263249,0.2387261779002328
E01000993,-0.8120122452845593,0.3369971541022006,0.2506670518761295,1.5364817635843722,1.61593343308486,-0.6570200019397111,0.7123009145457183,-0.4909467873962888,0.5335082869719303,0.38514535393913074,-0.4679959482564858,0.4185220932780734,0.1213580627210259,-0.2111700780364819
E01001736,0.2677529241939821,1.023068581436501,1.1315248848518815,1.076708619172822,0.7996910887621191,1.9794267319097372,-1.5339006124298715,0.8734793292932126,0.5299972956965696,1.2183225963285556,-3.036243876336405,0.0201551688071508,0.2814436562635515,-0.5555440817460798
E01002075,1.1115307145719204,-0.5524368067155093,-0.2427457790318531,-0.9486118186152632,-0.2051726948317155,-0.6570200019397111,0.232724620305647,-0.8888769271139516,-0.7302979122440917,0.230271514908585,-0.1529047304846347,0.4280389613230849,0.7260583206481034,0.8702180580630091
E01001870,-0.2157753827756913,0.9908121992988604,1.1327776377006662,1.5675656495449692,1.09598164778869,-0.6570200019397111,-1.2892795259105174,0.3921793074242795,0.14176874240982662,1.7757033134322606,0.847082436614558,-0.0023343434312843,0.5721084222728762,-0.4441185790379943
E01000555,-0.3283610282216041,-0.0510214478374445,-0.5276736107356373,0.068017041714377,-1.1642713888564094,-0.6570200019397111,-1.6669923281957209,-0.4551429261149273,0.21573976339908388,-0.035890797992981775,1.095247302704636,-0.2042021678248172,0.6889680507790462,-0.2339180029412542
E01004400,0.8520675076545383,0.423678551579858,0.1209702469195874,0.7216415433460371,0.8838742017718987,0.9515241210156108,-0.6922256278100876,-0.1688458477157564,0.8107627862669468,0.08729715568600224,-0.658669382046473,0.1946842876041987,-0.8013243171169343,0.0011959575058184
E01004362,0.4266756748070446,-1.8992180796979237,-1.6441277555095788,-0.0601521770648739,-0.7499905885306194,-0.6570200019397111,1.6246111673093888,-1.5414749156924987,-0.280334452689352,0.09889786386668589,-1.067402032296891,-0.2421524700424856,-1.0527841981703956,0.1186737432255921
E01003545,0.7157602142052837,0.334700602404301,-0.0124716122177676,-0.9486118186152632,-0.1711720511939562,-0.6570200019397111,-0.3925833850523375,-0.0337057637655248,-0.4702687773255235,0.01183071874696086,0.2579351364085851,-0.0779271133865552,-1.1865863939040433,0.266150305204875
E01003045,1.314946918952909,1.0513321964414548,0.3685901165788399,-0.9486118186152632,0.0101052746998806,-0.6570200019397111,-0.2193410958152266,4.037510860486595,-0.8639464272410574,-0.3496489408114652,0.14411148719797853,-0.0518822901553114,-1.6771982212439438,0.45267202966253
E01001678,-0.5579570824715661,-0.2476971368828336,-0.26552188450534,-0.9486118186152632,-1.1642713888564094,-0.6570200019397111,0.9703055255554932,-0.5942946523687646,0.3665889634077439,0.25187719774276246,-0.6375101382825825,-0.1504198785725612,-0.0928465881765091,-0.1031358132822365
E01003194,1.13980003602668,-0.5653474724193812,-1.077444694052032,0.1680722818244082,0.1581940481897044,-0.6570200019397111,-0.2795669560221192,-1.051121417725387,-0.7488714218811321,-0.18108858826892638,0.18368108198793187,-0.0954436467901243,0.6461852025838112,0.970654743475739
E01000669,-1.3254077049216528,0.3100612692278601,0.2530203516680747,0.50714894028129,0.3388236887826309,-0.6570200019397111,-0.3873786810838406,-0.2670023445152052,0.8708193728585324,0.1283190032180634,0.25451554179710767,-0.2887905246111393,-0.1432934117946955,-1.0522490073940547
E01004763,0.4374917630158223,-0.2142954067710274,2.806485281782065,2.8633685489777583,2.158625743298348,4.027923816412788,1.0379666771459526,2.060226219453326,1.7621834917358503,8.036001689023747,4.180850699519026,5.78823373075207,5.100932938516848,4.952480218935158
E01001012,1.2654141513604389,0.8090913473786703,0.6403403055629097,0.2413337304625927,0.2287452110176297,-0.6570200019397111,-1.3316606867968497,-1.0946055763784082,-0.8314024081813735,0.1545357147070535,0.8749277070223032,0.033225882273618,0.8125986574514501,1.1884729980434436
E01000001,-1.7049540729751231,0.4373793630980823,2.4469742826990037,1.7303818962306237,1.0169371637783864,2.231148835781948,-0.0490729231315422,1.2216072892323755,-3.804006294980136,4.2341999993242725,-0.10948899531335739,-2.653773197998056,-3.838763787642781,-5.408985312573061
E01003925,1.0493382073714488,1.4424390397560023,0.9718405134557604,-0.9486118186152632,-1.1642713888564094,-0.6570200019397111,-1.5636417779641396,1.62216282537975,-0.6894361910426022,-0.9218993968732601,1.0273439239910123,-0.054920163050631,-0.3320074169539688,-0.5540024337589622
E01003933,1.0951836721654724,0.3980016486196877,0.8169607099962441,0.7470316091090901,0.0275037769633533,0.7820316089841682,-0.6260515344963414,0.7943271572363418,0.8564682492767542,0.6102954737673989,-0.48959208882918137,1.8242865098299168,0.5799499342305997,0.7092722310789485
E01033081,0.5101316281452267,1.0051138145926592,0.9593622983628854,1.339394657620019,1.0618928023620806,2.2734955757451494,1.5584370739956426,0.557060033987188,1.1597819996358427,1.2849647371493116,3.5430997928063093,0.143435638182967,2.0781532459134304,0.0555102707180663
E01003230,0.3135983889880056,0.2091983762807183,0.0744608448542958,0.3948295023843897,0.2348928457443226,-0.6570200019397111,0.6067197768990668,-0.0765811868794167,-0.20604041414118973,0.029399338320942853,-0.39862702899508595,-0.0552300748407966,-0.218278376280159,0.2824317337306414
E01002376,-1.623464681129446,-0.8413127527799507,-0.96328563693556,-0.9486118186152632,-1.1642713888564094,-0.6570200019397111,0.8914914368896828,-0.8932368684104629,1.066648767944721,0.9137841398994038,-0.5857277055944953,-1.3204813006338243,-1.224687778411651,-2.276835438574145
E01001844,0.701011003011496,0.5890342123829331,0.541508978151857,0.9406741131637516,1.3965559522703452,1.0322730537824596,0.0096658787986371,1.7358477757573556,0.723634768813782,0.5093834777932074,0.00997782622496025,1.39990862200823,0.9358218919555586,0.794337058017692
E01000260,0.1050199606891911,-1.5077521946866146,-1.2509936368430694,-0.9486118186152632,-0.3700915939503851,-0.6570200019397111,-0.9680749381404232,-0.8620231821349936,-0.06900021477572073,1.1867073489218263,0.6360445977348066,0.0808004132599694,-0.2425330181874554,-0.2972115622463628
E01004329,0.4612134110191642,0.8959693712716479,0.7282489136066805,1.0981381488737123,0.8786307535259686,1.242267928311872,-1.2394630736406185,-0.5612191947460152,0.572950628616429,0.7997179139073322,-1.5397452247105965,-0.2568268689680081,-0.1286128564063874,-0.1174949476595371
E01002623,0.7896291802675037,0.240785086891439,-0.1282797191485679,-0.9486118186152632,-1.1642713888564094,-0.6570200019397111,0.655792700030609,0.2282453429707103,-0.5188021655510078,0.12168765767297819,-0.4308689210461591,-0.4731129515831812,-0.1950288170599333,0.6419962488635703
E01004031,0.6287398681619362,-0.3671566818268739,0.5659577917894857,1.1848201941829175,1.0225337558975702,0.8078187009903564,1.258051302099536,-0.858440014849214,0.5079078235594232,0.6705582207673536,1.0162773686412736,2.4904815713241555,0.7939545077601259,1.0088156937458137
E01003341,0.1925319471056649,-0.0528240456558359,0.1042056019437802,0.4861403832826216,-1.1642713888564094,-0.6570200019397111,-1.084809012862425,-1.2724338131091346,-0.12649734026082032,0.050658551269145605,0.7127412197350866,-0.4294266430504821,-0.0357613836925183,-0.2034433786824575
E01003263,0.7780756314990367,-0.6171650184930166,-0.5301494852873502,-0.9486118186152632,-0.1863553870493325,-0.6570200019397111,-0.101863491954868,-0.3645896433673857,-0.5112112529167391,0.502906067376379,0.06692635168177312,0.4900367332994285,-0.3482903956260811,0.7199722257824287
E01004007,1.3371936458368725,1.1216435508862808,0.1625027736435032,0.9312298955785564,1.0780708832648018,1.5435007840314217,-0.9361031851910852,-0.8165336494070315,2.0639594407510478,0.1513274409312653,-1.4448760002767511,-0.1661260633994452,0.0940584443993792,0.2725553525682232
E01003955,-0.0690207313975037,0.7116682186697314,0.7671389686962056,0.8394177349218976,0.787969741299774,1.1084614089740594,-0.5963103689620733,-0.664072437503159,-0.07650681717329705,0.6439500554732894,-0.6609870317655411,-0.6609344301461408,0.0376515039870645,-1.5014098455906133
E01033709,1.101452086922832,1.3113940271464528,1.4391375642291555,1.1017958893149873,1.1745524959441915,-0.6570200019397111,-1.3509924443941237,2.509485884043074,-0.7236760522865379,1.585635852426467,0.8876290584363622,0.8680401902736968,1.3074762822914672,0.5428740627515792
E01003478,-1.6657457532183042,-0.4554235346651789,0.4383298682016217,0.8271809582310724,0.7394051524117875,-0.6570200019397111,-0.3152563546632408,-0.3198001851758203,1.0944282780105559,0.3625781204003171,0.20712973075234872,0.1738857605900723,0.8653468200406069,-1.189470523605623
E01003486,1.5742872157770096,-0.510922051274821,0.2079949591496934,0.0373860137202823,0.7654528867937148,1.290303198584028,0.8461361594499243,-0.0402318681080956,2.0313078300070195,0.007776102396519995,1.0917721929758424,1.83064169789854,0.0985695648277309,1.8967794690477449
E01032787,1.1228384431538243,1.426639135263939,0.7660170291194355,0.3936337222778918,0.5739931694644469,-0.6570200019397111,-0.6899950403950175,2.538254356831078,-0.7377273160989078,0.3015301345005356,0.45334054277872543,-0.2745279459443732,0.0393276934925653,0.2665314417855834
E01002175,-0.9013678831002564,-0.2213552931927229,-0.3155030805916372,-0.9486118186152632,0.2464933686808439,0.8210438861861171,1.6997076102834154,-1.015751558948652,-0.7400625896239882,0.2992899510587509,1.3955345417272136,-0.2048295894424512,-1.2794972522363368,-0.2473944096163088
E01000286,0.4786666442651463,-0.3044831980092956,-0.6578327305724063,-0.9486118186152632,-0.3616889815142701,-0.6570200019397111,-0.5241880425414733,-0.3262121381609654,-0.31449355954356145,0.6240279028929349,0.3444020287273722,-1.2061641337005002,-0.9433425127907276,-0.2624671024281954
E01033737,1.1030499181354925,0.0220879483743552,0.7325615382291197,1.2674191823508418,1.4305536498254994,1.9452885927468009,-1.7034252559751992,0.911372636502198,2.145750422979266,0.9284625458040259,-3.3136537190453543,2.236179834158347,2.000059840828444,2.359590088470989
E01004074,-1.1635351120698327,-0.6753498195095786,-0.060658917185807,1.294063815829389,1.245960254671559,0.9449314755595586,0.1985222799412388,-0.8266388935388956,-1.0994609503135033,-0.0784965098375443,0.18758995091632255,0.6944332474398297,1.2123383700080417,-0.8468040061029438
E01003233,-0.2809177322149204,0.6700589416130364,0.4426091859248464,-0.9486118186152632,-0.0817841336028246,-0.6570200019397111,0.5427762710003908,1.4705524183755427,0.18456856896474624,-0.4198643047959897,-0.35661486662550596,-0.8303962374681024,-0.1548908441466465,-0.92157653419942
E01000292,-0.939838742297386,-0.538678931082764,-0.1896911614695105,0.2446256114282678,0.3401049785392608,-0.6570200019397111,0.9026443739650336,-0.1102472706489638,0.6174928522872442,-0.046403316357017284,-0.5930554083333757,-0.2434802921415914,-0.5782320461293352,-0.3487363006666149
E01000997,0.3464153838941832,0.7752192284313194,0.1414326343537018,-0.9486118186152632,-1.1642713888564094,-0.6570200019397111,-0.3308704665687316,1.358109429305562,-0.227601836198102,-0.1341646684858126,0.21738851458678116,-0.5204785624372662,-0.7244580678246016,0.2083591813133833
E01003100,-0.2143004616563125,1.1795656880042802,1.5614210619065592,2.0075564543884,1.4619017038035689,1.319441664030692,0.1360658323192761,0.8340916232940002,-0.2827569577303505,3.1346409308485024,0.1795309282130668,0.5391062585801982,0.4900692543975956,-0.2301659098082167
E01002209,-1.1394447337866462,-0.2212831122294511,0.0455052475798163,1.0762489561125677,1.1511831671441104,1.1250237235555196,0.5227009842647596,0.2554847144051915,-1.2819023571903805,0.04897497520542124,0.5880510076236749,0.5884181763384482,0.1047622091175171,0.3094632891460577
E01003539,0.7312468859587608,0.2883625148364221,-0.054082133371416,-0.0309422145814952,0.3994171521442756,-0.6570200019397111,-1.5182865005243809,-0.8237857427297832,-0.48044383043103267,0.0016734209758033963,0.9975445995195659,-0.4255604717467793,-1.1937241692277225,0.0383764822304059
E01002291,-1.1835694572747275,-0.6639126505609653,-0.9284616235483774,-0.9486118186152632,1.1317434306650398,0.5604648385352939,1.65583939112037,0.003934962740627,-0.6633490647667857,0.8807496692287061,0.9280397569846576,-0.1716800401295946,-1.4669956339677797,-0.1196423625430486
E01032569,1.5122176186698195,-0.4726278055190942,-1.0046244580558852,0.4015818138239783,0.5816210034983821,-0.6570200019397111,1.2045172041378531,-0.8197349039241965,-0.9935572227517101,-0.4034389120780136,-0.7913918957990677,-0.246431587898328,-0.7628134168421091,0.9326923357706896
E01003534,0.5735532362785138,1.0091316609428376,0.3054380866604711,0.6262215377659274,0.2503831500276129,-0.6570200019397111,-1.533157083291515,-0.781855232671131,-0.3768359484122368,0.19127190832080282,1.007314869838073,0.0203616087484472,-1.0703164530544067,-0.0135464443216045
E01004181,-0.2682579926069192,-0.3437393854639092,-0.4720802221601682,-0.9486118186152632,-0.3774027836775064,-0.6570200019397111,1.156187810144668,-0.0541066721485067,0.17625086682294105,0.4478208780756546,-0.7596385172639202,-1.100459149265432,0.1180324224067664,-0.4510316770356604
E01004151,-0.4595060977530331,0.3053088199751956,0.2025346302813273,-0.9486118186152632,-1.1642713888564094,-0.6570200019397111,-0.9301549520842316,0.7649791394342971,0.30190469723700686,-0.19212674396373983,0.6111304084226138,-1.3705924239367628,-0.915207375245744,-0.4671392722436986
E01001791,1.02426454834201,0.7366259918506777,0.3803156863907398,-0.9486118186152632,0.0467101375244895,-0.6570200019397111,-0.928667893807518,-0.0592355182591466,-0.6729622955384448,-0.36077195491503183,0.6101533813907629,-0.2302679508651312,0.5156525830010958,0.4869546773206072
E01004636,-0.3579823607024611,0.257279911642123,0.0204159288877699,-0.9486118186152632,-1.1642713888564094,-0.6570200019397111,-0.7933455906265988,1.0899579248971227,0.23520157132311334,-0.019366791430947293,0.5212439214923492,-0.7382425192217325,-0.3050651216021061,0.0452637407992316
E01003815,-1.2998424055190876,-1.0057997766591604,-0.517533123589701,1.1628394939056086,1.1870305059068005,0.6704488629626771,0.0996329045397977,-0.8157543982030975,-0.8714778628109433,-0.6018079555144368,0.06679876756237632,0.960265678202412,0.4549594483105484,-0.2085312152184431
E01002328,-1.1269079042719268,-0.3277582020361849,-0.5776474121491085,-0.9486118186152632,-1.1642713888564094,-0.6570200019397111,0.4647057114729372,-0.9520746241511768,0.7404010334506171,0.5479631621571663,-0.30532094745334404,-0.870542748204208,-0.8871329882498327,-0.8981225501166511
E01002601,-0.2226583479994589,-2.579221634117592,-1.9225861550876813,-0.6643477833602351,-0.5089034248702443,-0.6570200019397111,1.3279430411050654,-1.3319000230779003,0.14629098823449738,1.2772658504515784,-0.8724851394426759,-0.4624279990796356,-0.5662703958569834,0.3040702371076213
E01000168,-1.601463774432046,-0.6824054239390356,-1.0283651275596486,-0.9486118186152632,-1.1642713888564094,-0.6570200019397111,0.4929598187304916,-1.0450065294305932,1.0521937321837198,0.9755193138548754,-0.3238844610585072,-1.172181298712868,0.1000375232208812,-1.758092089249359
E01002647,0.4768229928659229,0.6016872532011648,-0.3580280044336733,-0.9486118186152632,-1.1642713888564094,-0.6570200019397111,-0.1970352216645256,-0.2120935471188405,-0.3132822436976675,0.3396295964010203,0.12945608172021802,-0.8814384921080447,-0.5663397031179297,0.1678509732324874
E01001031,-1.6160900755325522,-1.088379310451266,-1.2178416433692905,-0.9486118186152632,-1.1642713888564094,-0.6570200019397111,0.737580905249846,-1.0782322560750424,1.0618035045611454,1.1552589761019434,-0.4846054077979477,-1.282223017946145,-0.9730000682475084,-1.2823700429673557
E01001946,0.3092965357231508,0.8670237544677047,1.5491671570222054,0.9064378138275208,0.302981675649671,1.198980973345875,-1.6476605705984468,-0.7930230474853229,0.37084066145385053,1.4042236910646035,-1.9755136746797455,0.539866940836374,0.1635364809619351,0.3238773762443367
E01002007,-0.8689196184739235,0.0545236912418969,0.2801463816913475,1.0052467700010863,1.3419398781911185,0.9551994373702182,1.5167994422476672,-0.3761777324589002,-0.8299915306862363,0.2816162453227185,1.4488459738384325,-0.1635062066383396,1.2520508924691085,-1.4077683231503493
E01002069,1.3588258222544276,0.596383889861254,0.6524562716774148,1.9628679401217015,2.0288586570441174,1.5095581348184024,0.9844325791842704,0.1541132161969126,2.051226573785476,1.2806854980069324,1.4860582080878764,2.616683989363035,1.4313630155235924,2.372062852539739
E01001027,-1.0511952868104832,-1.879735217685682,-1.7248854872957629,-0.3039632333427526,-0.1445382642305678,-0.6570200019397111,0.7621173668156171,-1.0470413727024717,0.6906563293792388,0.5243017698644095,-0.5007263538234843,-0.277126326131512,-1.5108564046939703,-1.6803068410310409
E01004652,-0.3361043640983427,1.9671819207415968,2.154742412185578,2.0015982926203004,1.956874211859683,1.947297875445692,-0.6082068351757804,-0.0285108061510739,-0.6544953141367281,4.3129287332672,-1.1843598779693454,1.4465579428990123,1.510626329723749,0.6697046147540251
E01001848,1.3556301598291067,0.6572242108844665,0.8472437224118153,0.9533548294146258,0.7471602388992987,1.0489884180780624,1.1368560525473936,0.5888547723818585,1.4220403368580457,0.8077238944525288,1.192548832144161,0.2132697534698079,0.4107333325942889,1.734245692911482
E01002134,-1.257930063710074,-2.5811653335847966,-1.541584537874477,-0.9486118186152632,-1.1642713888564094,-0.6570200019397111,0.9695619964171364,-1.5511465081151732,0.8264852128988138,1.4623653120222777,-0.6370216247666571,-0.4636706867581125,-0.3955821395989494,1.4037421262838754
E01004041,0.7348112786639261,1.2865079360056844,0.3690516222501995,-0.9486118186152632,-1.1642713888564094,-0.6570200019397111,-1.2766395305584537,-0.344285712509669,-0.48278570773309437,-0.3500867305456749,0.8387777068438271,0.1478776730295906,-0.0784654376984094,-0.5164035552917254
E01002344,0.1036679496630939,-5.062686408793594,-3.1026127807821324,-0.8950966597702213,-0.8664099571073781,-0.4409657241299347,1.4060136006325192,-1.812081745779541,-0.045714012492251814,2.7771383366384845,-0.6200038055394557,-0.2172959470909702,0.3495958972660182,0.4398403552817617
E01000986,-0.697582948439423,-0.5179805431290514,-0.6603051864801767,0.5406030607184525,0.75423655634631,-0.6570200019397111,0.4230680797249619,-0.5582162279811665,0.4583259501367791,-0.3569630048194521,-0.2779641905615243,0.91984216857721,0.155667800541714,0.2948397683345792
E01002721,0.785327327002649,0.7063926040520034,0.7028905470669927,-0.9486118186152632,-0.0163930743062348,1.2138160838233438,-1.677401736132715,0.3099840540700225,0.9532429405818099,-0.6667702801406973,-2.03605720635109,0.4733906570376342,-0.1303366849535752,0.1998431553596788
E01003241,1.0693725525763438,-0.4802130975515075,-0.8153650058363914,-0.9486118186152632,-1.1642713888564094,-0.6570200019397111,0.3383057579522982,0.1142230559705497,-0.7025991565679832,0.773464881021704,-0.22227364974603442,0.3234255670226333,0.8462845862479962,0.0300283153743925
E01001456,-1.7818957913693825,-0.5629786664720611,-0.5254726690688163,-0.9486118186152632,0.4707197343206931,-0.6570200019397111,-0.4736280611332179,-1.1509086855813582,1.1707411763018747,0.4984695842379862,0.31118310964444845,-0.6099040937246568,-0.470080449807416,-2.022831951405466
E01001671,0.397791802885877,0.0970247428712761,-0.348554524714837,-0.9486118186152632,-1.1642713888564094,-0.6570200019397111,0.4379386624920959,-0.267468866183455,-0.2613571711036801,0.33064294157632024,-0.28773446088003135,-0.5175810679555161,-0.64779318482381,0.4483082822591983
E01000223,1.1948637578168209,-1.045820152836309,-0.7371234577771508,-0.0651904972212181,0.5284121503329428,-0.6570200019397111,-0.9338725977760152,-0.6019908557286388,-0.7850493884784981,0.04805344472591603,0.6135729760022406,1.3363056474733543,1.01429609207897,0.7684663771363754
E01003521,0.8057304024873887,0.9492545636349916,1.5842104095124705,2.1782082744741253,2.209938123658739,1.1353328352977916,-1.1755195677419426,1.050104355066238,0.9147721823416378,3.450740222508106,-1.334605963792494,3.294867380200271,1.7663085447678106,2.1949463016716604
E01001516,0.8343684542219931,-0.2787615860762796,-0.1370504513104555,0.1815936973772622,0.0355822261731471,-0.6570200019397111,1.4491382906572077,-0.1625396966466957,-0.5481967634113677,-0.024887498180688066,-0.9521128425385083,0.4917128212384002,1.165835902259332,0.532886123427482
E01001570,-0.1058937593819729,-0.7431017127531582,-0.4014999647113431,-0.9486118186152632,-0.2495136793281201,0.3828676547437826,-0.5955668398237166,-0.5865600336200814,-0.04054329530657839,0.3808676116987912,-0.2280232792064724,0.8276593818075438,-0.0883386226253436,0.1549274686400802
E01001451,-0.2267143810777505,-1.483646886457729,-1.1733466934504386,-0.1197192722308951,0.0587944041763144,-0.6570200019397111,0.1137599581685751,-1.2769092542717206,0.14895588309546404,0.14047221221441367,-0.07474256793657867,0.9291217008761844,0.271013231546413,-0.6589429592726589
E01000278,-1.8031592375070928,-0.5412503527491704,-0.7358643916780854,0.2666917896602666,0.361504943261887,-0.6570200019397111,-0.7524514880169804,-0.9114667358729182,1.1847116857245181,-0.19624899156389197,0.49437567811645494,-1.2193907477846309,0.3281721410725253,-1.9007741195421244
E01003397,-0.5543926897664007,0.5406685978471343,0.1907053669217163,-0.9486118186152632,-1.1642713888564094,-0.6570200019397111,-1.4669829899777689,0.9291808900173756,0.36424708610568224,-0.18090536493530035,0.9638371669207169,-0.5521162352459227,0.2281837219400999,0.2017426966314696
E01001559,1.3982799621978097,-1.6902802767588985,-0.5760383820729277,-0.5264834789010221,0.0620202332431035,-0.6570200019397111,1.3019195212625811,-0.8258372884290544,-0.9186979034754641,0.3032746913742711,-0.8553871663852888,2.5861173392327443,1.2597206298738388,1.33039613058172
E01000731,0.882917941068211,-0.4134829270814176,-1.0369798171933604,-0.9486118186152632,-1.1642713888564094,-0.6570200019397111,-0.0327152820876949,-0.8015534698618791,-0.5800947473532417,0.9836913102551168,0.0214945947007155,-0.88580490491367,-0.6589713378424574,-0.0502768357520377
E01003319,0.9704299274846848,0.7001483120847677,0.2518599875884242,1.336253742096053,1.2031567482740229,-0.6570200019397111,1.0929878333843484,0.0954314508752951,-0.6375918728383413,0.3365488508992973,-0.7181148684102652,0.2565660919159254,1.0893042814741427,1.274626018643629
E01000674,-0.8084478525793939,0.0922068853836107,0.3462027817078675,-0.9486118186152632,0.0731768423144906,-0.6570200019397111,0.5189833385729763,1.0816241369332769,0.5311664096698686,-0.3284120503655632,-0.34098243411589463,-0.5907610579389266,-0.3132102397210053,0.0188932055660038
E01033493,-0.879489886496138,2.071869556558413,2.4007965947473635,-0.9486118186152632,-1.1642713888564094,-0.6570200019397111,-1.7026817268368426,-0.4288576178089676,0.5778424469316489,-2.2774240238686274,1.1186959514690529,-0.3816859204543452,-0.5020769689175582,-2.167271538300568
E01001461,1.3620214846797485,-0.5312369342446739,-0.7254875186298224,-0.9486118186152632,-1.1642713888564094,-0.6570200019397111,-0.8357267515129307,-0.7159179028959023,-0.8948753585062166,0.6882060344301105,0.5490891919000942,0.4384660384094433,0.9265656762757788,1.298662094584929
E01002081,1.5187318536137424,0.7461250531334245,0.4726148126958672,0.6217909750768625,1.183122620288945,1.964719939354484,1.2929971716023008,1.3591181930352023,2.983882755327715,0.293867625221932,2.5403773245759917,1.3415746646196829,0.97229065724348,1.4740884237322966
E01000973,0.1795034772178191,0.4343757036682372,1.0541094332200198,1.374086073588365,1.058478649588861,1.7847899888089478,-0.4542963035359436,-0.5526565509207214,0.32037600909475855,1.448437092225754,-0.810823494503863,1.311660841579763,1.8307800871775053,0.553951803096814
E01002098,0.3126151082417531,-0.0379114271012212,1.1333825761355647,0.0898315336727892,0.0820740008825472,1.3742997824764602,1.3420700947338429,0.093137722858159,0.42962687525549637,0.10181349505227455,1.8444066392608827,0.5390191240622648,0.261818066575993,1.0513602826816055
E01004150,0.2794293830557308,0.588918265709862,0.5120141952583878,0.544653777692048,-1.1642713888564094,-0.6570200019397111,-1.0639901969884376,0.7910874934416758,-0.1835906937972885,0.2788704656794348,0.6990628412891768,-0.7203174161338787,0.1668632261577703,0.3393368647902885
E01003835,-1.931231554706483,-0.7582020326445181,-0.4701626741140211,-0.1830552160617855,-0.0094675801969954,-0.6570200019397111,0.1553975899165499,-0.6980220532369239,1.2688577598192847,0.08606572989412896,-0.10209932482839804,0.2224920416845256,-0.1400854529280346,-2.127998540307969
E01003261,-0.3654798763926365,0.0640645968442718,0.0045608948027702,-0.9486118186152632,-1.1642713888564094,-0.6570200019397111,1.091500775107635,0.2623640783187485,0.2401275890964154,-0.004326518713368742,-0.7171378413784146,-0.629166969167984,-0.1579523261832784,-0.5744194861845622
E01032646,-0.5680357101206543,0.6025756638114751,1.7078799696286968,2.0422203560354424,1.3260424282065495,2.49115928399609,0.1925740468343849,0.3095496856886822,-1.4150674329083797,3.487867239640918,0.47973262462817573,2.0756525895041205,2.497669778520933,0.4727266077212705
E01000259,-0.6560393369102543,-1.8610751445037392,-1.8107344354495265,-0.260600927015167,-0.0952894148272844,-0.6570200019397111,-0.9673314090020664,-1.209686909627656,0.43103096640930205,0.4718790724564317,0.6355560842188811,-0.7065467397637262,0.2795869801340184,-0.5323826256258589
E01003298,1.0198397849838734,0.20257114290689,-0.3016874225075804,-0.9486118186152632,-1.1642713888564094,-0.6570200019397111,-0.9814584626308436,-1.0507500630576667,-0.670055137508299,0.2861842545182671,0.6448378410214627,-0.3405593430781876,-0.458599767196303,-0.1551007248848034
E01001855,-0.0507071274985506,1.366208238985117,1.52722085278957,-0.9486118186152632,0.7462077153330119,2.1260192501935835,-1.4818535727449027,0.2145617115531272,-0.107804329183939,-1.4487397505918673,-3.1504492216238007,-0.0177694162745572,0.4598498156853958,0.0146536813371353
E01032640,-1.1663620442153089,1.440712213472034,2.395953124743061,2.0344048358848705,1.274520830938248,3.131964802865743,1.611971171957325,1.7601127512146748,-3.6530048698808852,4.87433862353075,5.048636973804585,1.8100925896171864,1.5193169389377044,-0.6397721487770794
E01002704,0.3414989801629207,-0.170092782300771,2.277575467701244,1.6618372569084188,1.16392709139007,2.75870715059003,-1.513081796555884,1.196238215409927,0.9420956784946521,3.7849597676465443,-4.174149571586327,3.1950836480875235,3.138800494103001,2.199122259888196
E01000967,-1.231750213841101,-0.9049064222017724,-0.6980374992501361,-0.9486118186152632,-1.1642713888564094,-0.6570200019397111,0.3866351519454839,-0.701640624149252,0.8092845278871197,0.6621666216253221,-0.25402702828118234,0.4346914231399546,0.4157725196552767,-0.874627789847768
E01004057,0.2828708656676146,0.1753447002115132,0.2663276273064628,0.6886856989357939,-0.0221757087422143,0.7087062875487486,-1.2275666074269114,0.1289056052188427,0.20047236106299593,0.18341602815746297,-0.8699841730683385,0.0553097018069243,0.2038805009136124,-0.2753333573541933
E01001237,-0.2010261715819036,-0.29698033008735,-0.1763394068563983,-0.0101404526710566,-1.1642713888564094,0.7169482747033247,-0.3174869420783109,0.7712835199634367,-0.1441253668858603,0.0017881614092695006,-0.22762171536387937,-0.118674416164526,-0.0499951243485435,-0.3176782942328564
E01000282,-1.3512188245107817,-1.155262811232017,-1.2277483679583403,0.1426931018695073,0.3802311636992545,-0.6570200019397111,0.8453926303115676,-1.3645822330803348,0.8877777947010479,-0.17519122293920078,-0.5554398676071236,-0.6880034089462453,0.633537258917295,-1.1516377952950418
E01000700,-0.6026963564260555,-0.0772093220740251,-0.1836616717631826,-0.9486118186152632,-1.1642713888564094,-0.6570200019397111,-1.3628889106078308,-0.4177544341786278,0.3959835612681038,0.17422363246119218,0.8954452746911677,-1.3142825860094938,-1.039986423068264,-0.7363387827703336
E01003212,0.3949648707404011,0.1503244193015916,0.0580212519034028,0.7372082940690889,0.7530766017660441,0.7696130836393856,1.1896466213707193,-0.6703585694701847,0.30397013209975143,0.042773748135460456,0.9155676047142959,-0.1883789992814538,0.3724052100096071,-0.4413856560735703
E01002537,-1.5743006438168203,-0.5027891943616037,-0.4241020236967202,0.2232980924449411,0.0198407417896792,-0.6570200019397111,1.1576748684213816,-0.3765862297155544,1.0343470120542158,-0.09470117289351682,-0.7606155442957709,-0.3034905825977509,-1.1229530189213377,-1.0508099038425918
E01002212,0.0901478394021219,-0.2122071665651515,-0.3538587620198159,0.4739633650207801,0.1136113993637451,-0.6570200019397111,-1.104884299598056,0.7811305840056829,-0.0592289336188429,-0.1677160895889994,0.7259310846650711,1.37534729494643,-0.5274114421773249,0.8310314114211217
E01002758,1.486775229360536,0.8194799433929972,0.3763076411146293,1.2148871062396864,1.4314741145762735,-0.6570200019397111,1.5049029760339605,0.2067231826451691,-0.9768410640783738,0.4571713011696344,-0.9887513562329098,0.1616765948444539,0.7712060468649856,0.9797452229056944
E01003410,0.2715631370857106,0.6480193342645661,0.0615747815191653,-0.9486118186152632,0.2923246515376119,-0.6570200019397111,0.1078117250617212,-0.6714400285087414,-0.17842241285480762,-0.0584105654777329,-0.07083445980917566,-0.4658766527792108,-1.1526215934623436,0.3457806860910329
E01004754,1.5317603235015884,1.3994487490440637,0.9484840375350077,0.8986547776263787,-1.1642713888564094,1.4975998527611571,-1.676658206994358,-0.6609795186029985,2.2939640349413613,0.8523597118331921,-2.5109630839255366,-0.0581846708194365,0.9247070092239402,0.5446082643881434
E01002769,0.1334121922372325,0.1074792178270641,0.271278498123095,0.0482553088709292,0.0412544549383112,0.8024425441724584,-1.6238676381710322,-1.2163606184857838,0.10705561896246996,0.013090627716971738,-1.3030604789732843,0.1722105658566738,0.0694936596004695,-0.4506552726628405
E01004534,-0.6318260485337861,-0.0972212647517177,0.4035708831671245,0.2990800795772519,0.5591644753655758,0.6774647814658413,0.440169249907166,0.1774125719197897,-0.4280398958943675,0.12070001185268542,0.2981991646963415,0.3029636223114136,1.101430371857147,-0.1875701287598092
E01000679,-1.3116417744741178,-0.3640733043513295,0.0865234384820821,0.8147885684094921,0.805690950609179,-0.6570200019397111,0.0014870582767131,-0.5949301814874438,0.861774881209191,0.07049830857468244,-0.0009770270318505043,-0.9120104430510926,-1.797439761644468,-1.1547144660657418
E01000566,-0.4673723437230532,-0.1076607442226478,-0.5148464464256578,-0.9486118186152632,-1.1642713888564094,-0.6570200019397111,-1.454342994625705,-0.8410127581505772,0.30707297817948775,0.48838942385144896,0.9555324371499859,-1.4910493574656118,-1.1512803177652686,-0.9387571476765252
E01003551,1.1594656509517305,1.1908086463925034,0.8793309740157342,-0.9486118186152632,0.0972366859391649,-0.6570200019397111,0.9301549520842314,0.9484799373627648,-0.7617921242373343,-0.8341437544257965,-0.6111304084226136,-0.22250583352967,-0.6852928667214045,0.4911963367081947
E01002353,-0.407638038388213,-0.8006989616901924,0.2848484121565087,0.6520685894955742,0.5781485649174924,0.3145538852361112,-0.2089316878782327,-0.498355544574413,-0.12822412874503944,0.1857407023349486,-0.06572027417103662,1.3536346632056144,0.6028892610247149,2.088855752676724
E01003784,-0.0548860706701238,0.8130427030222251,-0.0786609403823862,-0.9486118186152632,-1.1642713888564094,-0.6570200019397111,-0.7517079588786236,-0.91535674153988,0.03606124625814786,0.07461869771012218,0.49388716460052956,-0.6819981207470108,-1.1893116717158496,0.1454354273066043
E01003395,-0.8539245870935727,-0.0837707776942482,-0.0108782165231974,-0.9486118186152632,-1.1642713888564094,-0.6570200019397111,1.0602725512966535,1.356049950364454,0.5610455338685861,0.010319204759360892,-0.6966202737095497,-0.3930172531397669,-0.1799781218456146,-0.3089253396227383
E01000273,-0.5484930052888857,-0.6223062322645009,-0.1337592689866916,1.132511683036196,0.8175619780052957,0.5165937440233238,1.069194900956934,-0.1293486448789037,-0.2833480551727902,-0.1514839348418094,0.5523393969759893,-0.0217855123096978,0.4876477088064202,0.1817156663159637
E01001911,1.145085170037787,0.4118865923576489,1.4201865547348858,-0.9486118186152632,-1.1642713888564094,-0.6570200019397111,-0.8208561687457967,-1.2899609710183433,-0.7523438606393613,-1.347205750460005,0.5393189215815872,-0.0743285716417095,-0.5161097352055334,0.4671426684700577
E01002105,0.7730363176744925,0.9927967959866568,0.925406479230298,1.6313823587510017,1.276512852283295,1.1928512742174762,0.3174869420783108,0.8456294970395852,0.9221173565544041,1.5096918048901833,0.3787147034055231,1.14105403403587,-0.1295734784847629,1.3377663798227972
E01002755,1.355015609362699,0.667522357402117,0.3780779310523179,-0.9486118186152632,-1.1642713888564094,-0.6570200019397111,0.0602258602068925,0.4116977993834355,-0.8902723582918194,-0.3586491937538354,-0.03956959478995328,-0.1352296429600557,0.2583408033881433,0.3855200652795669
E01000971,-1.4629440993037233,0.9532223365637916,1.0093637098517572,0.5346746202883433,0.5059416753871793,-0.6570200019397111,-1.2104654372447072,0.7391283752104727,0.9611835349622212,0.5396811582978218,0.7953000039264708,-0.6720367084160492,-0.5149906184012982,-1.3520871957461504
E01000641,0.9408085950038276,1.08888619420125,0.4826711669439361,-0.9486118186152632,-1.1642713888564094,-0.6570200019397111,-1.0550678473281572,-0.2902694959909545,-0.6181300649143117,-0.4578675734678385,0.6932006790980726,-0.3154488884200106,-0.7370275402654306,0.3960346916180365
E01001604,-0.6417817660895928,-0.3055398719660052,-0.0632291638533006,1.25663201898514,1.4062795269978274,1.2155527248141955,-0.7561691337087638,-0.3798028222432941,-0.7801195745062712,-0.07945579183171537,-0.9191634509000776,1.469034028129748,0.1959324609630195,0.1046553231207862
E01001072,-1.411690590405311,-3.3422128174412062,-3.1248007452652984,-0.9486118186152632,-1.1642713888564094,-0.3377779615205997,0.9167714275938104,-1.6136245860049858,0.4768379699249178,2.9642229177764445,-0.30966518399296733,-1.4594417959359989,-0.6375887427093204,-1.357058353904366
E01004357,-0.1390794845679953,-0.7368917346613677,-0.644771816135893,-0.9486118186152632,-1.1642713888564094,-0.6570200019397111,1.5695900110709933,-0.8464418572053808,0.09137800322063828,0.6116381650965356,-1.031252032118415,-1.0835309313615336,-0.1215873972227573,-0.3264400672762311
E01001202,1.1041561089750265,0.8932375551923513,1.1255458174451132,1.927614688885226,1.8263328908387024,1.8435422091745135,1.0506066724980163,0.8872444574793522,2.035558392413355,2.1696186507205293,1.9368377459904775,1.816899350735307,1.0752617563358262,1.2886607525164189
E01000232,-0.5021559001217359,-0.3291795939947217,-0.6705914327537277,-0.9486118186152632,-0.4040444213553936,-0.6570200019397111,-0.5197268677113333,0.0091504099662034,0.32992647047202034,0.6361309585723286,0.3414709476318202,-1.1621089768148356,0.568830989435374,-0.6393278610297766
E01004396,0.1112883754465509,1.075814968537097,0.7551648861688215,1.1177156268755029,1.510960730667366,-0.6570200019397111,1.559924132272356,1.3137192693440756,-0.07311868865176017,0.844059594138552,-1.0249013564113856,-0.2300813485487603,-1.4518654853081183,-0.2987266849176379
E01000505,0.1551672787480693,0.3934897507129378,-0.0951260710868936,-0.9486118186152632,-1.1642713888564094,-0.6570200019397111,-1.678145265271071,-0.6889734295976389,-0.10194800578403618,0.09023771529146295,1.1025750054435162,-0.4597190514299879,-0.5386971321011798,0.1305114643401964
E01003244,0.8499780360687518,1.720745603112728,0.8471781324400458,0.6426713462519957,0.6064173652004944,1.6726968834380431,-1.6231241090326758,1.6319335848417873,1.4217556119229897,0.5444571108904958,-2.714994638612107,-0.0086764968900857,0.5073389918597668,0.0145979594426363
E01001733,1.0337286255246902,0.6289879772845128,1.9261743333569763,1.7509947885962902,1.5997760853884997,1.0711214219109333,0.2371857951357869,0.6684000221132052,1.1072488752420409,3.372721219635999,0.2540547861429194,1.3885321975002454,1.219396697107059,0.9135525856443518
E01002282,1.3655858773849134,-0.1618453902611725,-0.3351603558212969,0.6273832334028345,0.908544841329858,0.6328446293351728,0.8885173203362561,0.103767439143441,0.8642036883990023,-0.21027398774360978,0.562293414246079,1.924092974852943,1.463492910354328,2.3512189400238457
E01000272,-1.88464862935277,-1.32547431926075,-1.3375278737146816,-0.9486118186152632,-1.1642713888564094,-0.6570200019397111,0.5093174597743392,-1.1306464026835,1.2382518461130307,1.2687947487330902,-0.33463175840886505,-1.1235394156905272,-0.1452724948237952,-1.7231034020730491
E01004072,-1.2543656710049087,-0.4117474786340198,0.3200978245829026,0.6127500682549701,0.2382818852100415,-0.6570200019397111,-0.9167714275938108,-0.5476963120508751,0.8241433355967521,0.19613996386144103,0.6023371651359573,0.2883900126078608,0.1801665302943859,-1.6198759807072305
E01000402,0.4506431429969497,-0.6196347463001529,-1.2099349039678375,-0.9486118186152632,-1.1642713888564094,-0.6570200019397111,-0.2379293242741441,-0.2863029775846653,-0.2960815586859734,1.1477585496590141,0.1563243250961123,-0.5474555838320354,-1.5522258336222814,-0.1302364432992667
E01000886,-1.265304669306968,0.6902442898564364,0.863956855265545,1.025182852792592,1.0364122065787569,1.3612270590011415,-1.3480183278406968,0.4321042488608529,-1.7223669537411361,0.8857137535708478,-1.8349590238862281,0.2369893909326532,0.1413125872205513,-0.763016579331748
E01003603,0.3868528045838179,0.2443358985885335,1.9902205082715785,0.4233587149690568,-0.2442140279896095,-0.6570200019397111,-1.2431807193324025,0.4016772146413773,-0.2541700304180427,0.8425771968869186,0.8167945986271865,0.8100797839962481,-0.476328157234843,1.726795532491298
E01002418,-0.851589295321223,-0.3149138064437861,-0.7764511724217419,-0.9486118186152632,-1.1642713888564094,-0.6570200019397111,-1.1234725280569735,-0.4639082956787471,0.5595112004637871,0.7365507587369419,0.7381439225632048,-1.817358904870448,-1.3576229587026525,-1.48646345910728
E01002897,-0.362530034153879,0.3583613187453272,0.5591582789634925,0.2456666364547222,1.0836356727301273,1.62011600029277,-0.8282914601293637,-0.9560238511272874,-0.5873407089193837,0.13736653363877244,-1.3419282474614431,1.1338026615335863,1.3203992604429886,-0.228046353765977
E01001537,-0.904563545525577,0.1956978202045931,-0.362451540008051,-0.9486118186152632,0.3040369406885362,-0.6570200019397111,1.328686570243422,0.7238689512995601,0.5943163424358066,0.3438258145269401,-0.8729736529586013,-0.7705171222089436,0.2932742838390603,-0.9010161968885712
E01004040,1.3557530699223883,1.053767650580886,0.770396041118602,-0.9486118186152632,0.9168973819038756,-0.6570200019397111,-0.8602632130787018,1.623340540612345,-0.8907568846301769,-0.7308067896195162,0.5652101379256308,1.844233764192949,-0.0348965806485439,1.039791481033127
E01003799,-1.569015509805713,-1.966941063779472,-1.2808024389778825,0.621262750470058,0.6454006489903173,0.0053301436710138,0.7985502945950955,-1.4422035910551558,-0.008363078089313412,-0.7957148460481579,0.004256387798722254,0.4268479569941633,1.3718734270396724,-1.1302425731020789
E01000576,-0.2623583081294042,-0.3025652326783689,-0.5936827264178274,-0.9486118186152632,-0.3968743200744101,-0.6570200019397111,1.0952184207994184,-1.1060432967748826,0.17237465611608047,0.563174450787683,-0.7195804089580412,-0.6211607405801156,-0.565369085356812,-0.605070223049986
E01001287,0.9690779164585874,1.0746597538395446,-0.0234549615380604,-0.9486118186152632,-1.1642713888564094,-0.6570200019397111,-1.6632746825039375,0.6531710238536697,-0.6367035745513523,0.02224965372017053,1.0928047351250094,-1.6589543141509555,-1.7601552859907184,-0.9216683948873786
E01001177,0.9926766543686478,-0.4762006384040451,-0.4586726643964418,-0.9486118186152632,-1.1642713888564094,-0.6570200019397111,1.715321722188906,0.3017908097322204,-0.652208417378795,0.4351023103222169,-1.1270006812397837,0.3804365332136595,0.6486327693690603,0.8762805324882629
E01002480,-1.979412311272856,-1.3727134605558573,-1.360744118434712,-0.9486118186152632,-1.1642713888564094,-0.6570200019397111,1.5710770693477063,-0.9456863456676934,1.30051348059198,1.2908179528583752,-1.0322290591502656,-1.6562302788139385,-0.7673026670244195,-2.7064349090954414
E01004002,-0.1423980570865975,-0.6170207477150227,-0.462491426566289,-0.9486118186152632,-0.4504846654393679,0.5063245292534546,0.4423998373222362,-1.3318976212110003,-0.07209962922097804,0.43872483324901485,0.22399788937398615,-0.6355259487481558,-0.4559212239234756,-0.669855623750763
E01003576,1.287906698430965,0.5990173000234482,0.0889559231321874,-0.9486118186152632,0.42506747841262,-0.6570200019397111,0.7465032549101265,0.8423910128806957,-0.8461804615012796,-0.08438464001902386,-0.49046756998905194,0.4326619232038974,0.6712224988787436,1.0599596224779724
E01003763,-0.9296372045550162,-1.3947099058543184,-1.714385258127865,-0.1730669608835989,-1.1642713888564094,-0.6570200019397111,-0.4476045412907334,-1.174202891241314,0.6107902379399643,0.2967034464078338,0.29408513658706115,0.3929037220813342,-0.1103604348803684,-0.994591530135336
E01001145,1.3577196314148934,0.6594941003269563,0.3831139734782944,-0.9486118186152632,-0.0828332362364473,1.6351140944854008,0.8163949939156562,0.3965686656609896,2.2200265056860156,-0.3634264431181646,1.3348989612188125,0.143435638182967,0.2493340148061598,1.282111243025598
E01001698,0.8717331225795886,0.8481030670334133,0.2324779364970863,-0.9486118186152632,0.287250158247719,-0.6570200019397111,-1.1071148870131262,0.4849640939837977,-0.5727460978881517,-0.22053131812842472,0.7273966252128472,-0.0752715353651636,0.1659615623311722,1.0201838215536454
E01004116,-1.6806178745053737,-0.6663777203067504,-0.9608495848594134,-0.9486118186152632,-1.1642713888564094,-0.6570200019397111,-0.9688184672787798,-0.3244727325091466,1.1041995591674338,0.9114732721092088,0.6365331112507319,-1.5976641524839923,0.475171152345445,-1.8563311168464929
E01002402,0.5155396722496156,0.0197243672138065,-0.4410801297577856,-0.9486118186152632,-1.1642713888564094,-0.6570200019397111,0.9955855162596208,-0.6097925365920034,-0.33871987646144047,0.41841382404458927,-0.6541195978240443,-0.9274824375024148,-1.1573289540699483,0.6111657797638386
E01001374,-0.953973403024766,0.85383199748124,0.846202782385433,-0.9486118186152632,0.2809976967817631,-0.6570200019397111,-0.753195017155337,1.608353549096329,0.6267796071057645,-0.8027179603159414,0.49486419163238027,-0.860073460359239,-1.0161097256422356,-1.1523902512806163
E01003213,0.2019960242883453,0.1660289710116589,0.1419019279959367,0.0426421519883415,-1.1642713888564094,-0.6570200019397111,0.6059762477607101,-0.1044929649748278,-0.13271542826974256,0.006051003581041425,-0.3981385154791606,-0.3437608795804724,0.4482205677301965,-0.1156726929936378
E01000527,1.12406754408664,0.8219153731375121,0.1559868404941335,-0.9486118186152632,-1.1642713888564094,-0.6570200019397111,-0.7792185369978214,0.0466662696919765,-0.7385348599961704,-0.14797096044118896,0.5119621646897675,-0.0297792326048886,0.128636261692344,0.8745313174075827
E01000009,1.0559753524086533,0.7599962916640004,0.6395921597170057,1.663255300251537,1.295991282865313,-0.6570200019397111,1.6796323235477846,1.1948528784768233,-0.6937969280878205,1.0638050496486373,-1.103552032475367,0.9277693265340492,0.6377312000847232,1.527726996504876
E01001685,-0.1691924574219785,0.1395590143480882,-0.3547871385907262,-0.9486118186152632,-1.1642713888564094,-0.6570200019397111,1.3249689245516387,0.1240007042992986,0.1111628287035728,0.3365552727598542,-0.8705310853789746,-0.4098017201000846,-0.5352264789106069,-0.231981863688449
E01004319,1.0425781522409627,1.6777906796840036,1.2855280144062948,1.2381874346598187,1.4736887950698248,-0.6570200019397111,-1.4260888873681503,1.9035699674529445,-0.6849946996076578,1.5917246343410607,0.9369689235448225,-0.1440199477678928,-0.317067238201401,-0.0320157922281515
E01004626,-0.5671753394676834,-1.2437128046226098,0.493225988343287,-0.0877242944204804,-0.6445635477167271,-0.6570200019397111,0.5197268677113329,-0.5406951133320574,0.37264554263721367,-0.04326790181725894,-0.34147094763181995,0.981500602621785,0.2650389575327943,3.256681012066339
E01003019,-0.0060907636373428,0.7192408710355046,1.1936664530967884,0.8022507692599653,1.0123559378835776,1.058627493460799,0.0118964662137068,1.123249122758637,-0.006447849842662388,0.9576198302367128,0.012593926208857513,0.2014834973491697,0.7449992319026187,-0.524035811203492
E01004208,0.5669160912413094,0.5797397688763171,1.6522471286446083,1.9300413498211544,1.8285207261990413,1.527077260791997,1.5814864772847002,0.8995568176744219,0.8657246717116845,3.188905278407366,2.4150520377115043,2.868441359315553,2.5828936310470385,2.194047100805812
E01000739,1.440438124193386,-0.1217688094701136,-0.939759342338534,-0.9486118186152632,-1.1642713888564094,-0.6570200019397111,-0.2944375387892532,-0.6949731102357579,-0.9463966591515722,0.8914668187964404,0.19345135230643892,-0.3069336285643346,0.5148662078845682,1.0011770533138666
E01001508,1.0064425848161829,0.5309338894802008,0.173948086125557,0.0658898798113353,0.0586016906617785,0.8282604241031388,1.1234725280569733,0.0814160147425792,0.8335965621353109,0.011461418488224753,0.9305278325566942,-0.0771896789787044,0.1315981068978205,0.8375788614815444
E01003678,-1.1704180772936004,-0.3703696677865019,-0.854468383814431,0.9462528184788572,0.4614846353200591,-0.6570200019397111,-1.2959712881557277,-0.9578784507673258,0.7689880874137143,-0.8085431164854793,0.8514790582578862,-0.8582808193562503,-0.4997398196394303,-0.7510755393733888
E01000393,-1.2606340857622684,-0.3752258714600012,-0.102641410357887,-0.9486118186152632,0.4431396021595594,-0.6570200019397111,1.520517087939451,-0.2583563764401523,0.8282618094727915,0.0973668549448307,-0.9990101400673419,-0.0864043517235018,-1.287267841438702,-0.344339983637212
E01004222,1.273526217517022,1.2335957658031975,0.7764507466538639,1.396243239179523,1.4346733103592064,1.651582305947035,-0.6833032781498072,1.807944995119254,2.1033333670107686,1.0841141055713501,-1.1285316037878268,0.3842983400634318,-0.0955251727906335,0.9113523389278122
E01001912,1.1825727484886646,0.8584373274044518,0.4547419266298985,1.954525335087736,1.6401679009160053,2.6800208322567456,-0.7241973807594257,0.9055951721698464,3.1693196016087377,0.8888046165247451,-1.9408640671010315,0.8296327232725124,0.4817544410633902,1.3414862900212088
E01002386,-1.4690896039678014,-1.0240953713191214,0.0538498717391015,1.5123741808174895,1.4505677347704369,1.1265212692987432,-0.5420327418620343,-0.4253563365776823,-1.6549606853753955,0.08144115565855052,-0.6106114123638969,1.6814579627219626,1.0356794992521667,0.3521804900364086
E01000709,-0.3016895379795047,-0.5225246537269989,-0.0272955095243804,-0.9486118186152632,-1.1642713888564094,-0.6570200019397111,0.9517172970965754,0.7483829966473344,0.19821606082848472,0.02589284292995273,-0.6252973003844485,-0.1316547395627453,0.631577729677007,-0.8515277039992669
E01000806,0.6093200734234491,0.3615005620461544,0.3688247766689139,1.422302133574374,1.5757562717319449,-0.6570200019397111,0.7487338423251967,0.2779571606018263,-0.40033547582257945,0.5245802667712882,-0.4919331105368281,1.3268864592970122,0.671485991292214,0.7853753119418757
E01004141,0.2249802117319978,0.8181455504160274,-0.2346453416744449,-0.9486118186152632,-1.1642713888564094,-0.6570200019397111,0.0260235198424843,1.7459862508941115,-0.14781649914855383,0.22258734429539498,-0.017097973057387146,-0.5514252097144479,-1.1083813536542089,0.4756931655134664
E01001060,0.1754474441395274,-2.7355322505324997,-2.890305995872889,-0.9486118186152632,-1.1642713888564094,-0.6570200019397111,1.722757013572473,-1.6682228368199754,-0.11527248008886964,2.741778427099581,-1.131885816399037,-1.0728127612006482,-1.2170240570179274,-0.3142750136865351
E01002606,1.2925772819756645,0.0355931221011621,-0.2555854741097192,-0.9486118186152632,0.3941789308760501,-0.6570200019397111,0.6773550450429534,-0.1806823367016464,-0.8492491283108776,0.24245140140686502,-0.44503581300799433,-0.3940397215052351,0.1638608821134844,0.5239443947036365
E01003742,-0.4312367762982734,0.9782346063037746,0.4535541268739644,0.2415491936287865,0.7722092617986416,-0.6570200019397111,-0.7807055952745348,-0.9645603175187334,0.28333118759996634,0.10955563361341442,0.5129391917216182,-0.3528687500873497,-0.7248643019298039,0.2039099419947157
E01002278,1.0653165194980525,-0.0657664620395968,-0.7040108276435589,-0.9486118186152632,-1.1642713888564094,-0.6570200019397111,0.804498527701949,-0.2651460420391391,-0.6999342617070168,0.6678329915357931,-0.5285716242312293,-0.9477628740040112,-0.043805868803162,0.1087101534740656
E01003857,-1.801807226480996,0.6400143259262735,0.6411740313539965,0.2323718302773364,0.8407725406148017,1.92095789260586,1.6699664447491471,0.2896799038495847,-3.461195812662943,0.14899078319202647,3.207935222427822,-0.5656658059646656,-0.8472856337040158,-1.851486503305745
E01002768,0.8575984618522088,0.8928988427336682,0.7654074340381051,0.4077641136751013,0.5875492400134937,2.1981338995940622,-0.8840561455061162,0.5102343906269667,1.8851162512370654,0.31210568394088145,-1.943273782581455,0.2181955071976116,0.8223280333119004,0.3848972323826123
E01000072,1.3954530300523336,-0.9063950718117374,-1.57531754799278,0.405872912182218,0.474912883917216,0.2423864117856696,1.188159563094006,-1.1794174406719553,0.3382388527698253,-0.6393787208155806,0.28799373312718507,0.6687217520516957,-0.2680720141975163,0.3772710524198152
E01004275,-0.5938468297097828,1.1343142986152452,0.8761317600970036,1.012868769177989,0.2567215582528384,1.1279144198912197,-1.674427619579288,1.1570340362717146,-0.6698084024363495,0.8874064974871971,-1.8886110571876085,-0.7777698590342387,-1.0929110095903491,-0.0771889043856084
E01000919,0.2907371116376346,0.2452043367663939,2.2836445755561927,2.7522892335459166,2.4439070135464296,3.4646732195322576,1.237976015363905,2.6091017103400804,1.007309084615073,6.285250378548843,4.2891823468545764,4.484813772435946,4.386847809391767,2.9026380430101955
E01004158,-1.4566756845463635,-0.2374808193094722,-0.2759492617066888,-0.9486118186152632,-1.1642713888564094,-0.6570200019397111,-1.0409407936993798,0.349385136883429,0.9570650610861817,0.2617687309931213,0.6839189222954909,-1.5594395928555782,-0.1959453639639015,-0.9599976703481812
E01004460,0.8886947154524445,0.8289847556400214,0.6106322732930444,1.7079247262844084,1.6126427700601258,-0.6570200019397111,1.670709973887504,-0.5198411951610507,-0.5838902036703761,1.0429139582244489,-1.0976898702842626,0.7525670859466054,0.2447824568217876,0.2268967086580589
E01002577,-0.8004586965160922,-0.7250579867878916,-0.5618919599248494,0.7109666847885868,0.5260802752668142,-0.6570200019397111,-0.0408941026096186,-0.9445922550099346,0.5259173743376615,-0.39948646395713167,0.026868243375894357,-0.2604971474999875,0.0676842226562213,-0.9152832588460724
E01000710,-1.0781125972391457,-0.8375753467296428,-0.4929234870808933,-0.9486118186152632,-1.1642713888564094,-0.6570200019397111,-0.8097032316704462,-0.5276911649536812,0.7083415407292905,0.46759304551798336,0.531991218842707,-0.6305466015864711,0.6592482281713077,-0.787621627646287
E01002745,-0.3442164302549259,0.6419843936118791,1.0524177019938912,1.2575327496618087,1.0558429098195448,1.2886351367572575,-1.629815871277886,-0.4700362020108233,-0.4435693866756514,1.32344972658114,-2.1002379981733275,0.5604319789956882,0.6170383047931494,0.1798240714278805
E01003858,-2.0010444876904114,0.3047688827045015,0.6456685201497475,1.2168986422151828,1.3637231344525278,-0.6570200019397111,1.4781359270531191,1.5038197820818258,1.3147262531838024,0.7857131454913142,-0.971164869659597,-0.0348010007846663,0.4654826832552056,-0.9113780270374424
E01000814,-1.9550761128031064,-1.2550747722493605,-1.352967200397453,-0.9486118186152632,-1.1642713888564094,-0.6570200019397111,0.878851441537619,-1.3762085688999253,1.2845241114261798,1.2834406764958293,-0.5774229758237643,-1.7822912193749434,-0.6809255665158296,-2.301587355442131
E01003786,-0.7048346439430353,0.6099512326794855,-0.1199269697079199,-0.9486118186152632,-1.1642713888564094,-0.6570200019397111,0.933129068637658,-0.4236309955455913,0.46309045913062863,0.11376414083564748,-0.6130844624863149,-0.926454378986518,-2.106254397135369,-1.0617605663866596
E01000656,-1.6239563215025723,-3.933302186842848,-3.486825145831248,-0.9486118186152632,-1.1642713888564094,-0.6570200019397111,1.73019230495604,-1.820880890506348,1.0669717855036263,3.3076435427804105,-1.1367709515582907,-0.9598971885439096,-1.886979689180274,-0.708352866609578
E01001846,1.551425938426639,-1.7360230057100978,-1.370080451820929,0.2728833201391718,-0.0670164727969182,-0.6570200019397111,-0.6468703503703288,-0.6565806944215518,-1.0193178730743884,-0.37387210255067177,0.425006758855055,1.2900646316971691,0.3149649780711062,1.1421698407307246
E01002368,1.3261317374415311,-1.9559652496183093,-0.9145962338040616,-0.2642201926389819,0.5210984604097683,-0.6570200019397111,0.8387008680663572,-0.8885430621328524,-0.8712950767061473,0.2416547930825965,-0.5510432459637954,0.9817200602582836,1.2432983131153177,1.4130463435802665
E01002284,0.8780015373369484,-0.105193278589062,-0.4335994791855665,-0.9486118186152632,-0.3780926300845245,-0.6570200019397111,0.4245551380016755,-0.5938117967219224,-0.5768645717641911,0.4113175905008512,-0.27894121759337515,-0.2242908078601839,-0.1227103897112148,0.3367276970758717
E01002388,-2.118423626774305,-0.7806636622693736,-0.8898758274167281,-0.9486118186152632,-1.1642713888564094,-0.6570200019397111,1.7249876009875431,-0.8767136954062604,1.3918466953723836,0.8441467269875446,-1.1333513569468132,-1.8876337198990565,-0.8802970101129559,-2.342515133062771
E01003329,0.0274636918285241,0.2061147712234711,0.1691617948263262,-0.9486118186152632,-0.1837614966816451,-0.6570200019397111,-1.6625311533655809,0.3357672542149439,-0.01804419485844853,-0.16046887783042332,1.092316221609084,-0.236200474197808,-0.2350092491738799,-0.3022578062472365
E01002086,1.0651936094047707,-0.3422407129634597,-0.1158279945022109,0.3340803847638809,-1.1642713888564094,-0.6570200019397111,-1.6536088037053005,-0.9127331257175884,-0.6998535073172903,-0.038695860969727304,1.08645405941798,0.2137502563338655,0.5837269908495218,0.5252953363025752
E01003766,0.0650741803726828,0.8119518219246569,-0.0943081698890596,-0.9486118186152632,-1.1642713888564094,-0.6570200019397111,1.3985783092489523,-1.3757279094001933,-0.04275503811468516,0.08946184454873804,-0.9188939234555845,-0.664584605788737,-1.6465134171272242,-0.5299981295775388
E01000922,0.288647640051848,0.3129690707727953,1.50594386072008,1.392176693525608,1.433196184048896,1.3982441186804018,-1.3903994887270286,-0.6263828174594571,0.40359986507347406,2.0965399446524695,-1.9441179077288053,1.552234010377871,0.9328054150254214,1.2222393029749763
E01001141,0.7392360420220624,0.0478345957944359,-0.300855346713776,-0.9486118186152632,-1.1642713888564094,-0.6570200019397111,-1.0297878566240295,0.9216352263085452,-0.4856928657632398,0.2853949375862806,0.6765912195566108,-0.7112553189257642,-0.5231821167159061,-0.1335242133703138
E01000398,0.1209982728157945,-0.2166316081841099,-1.0014166783719909,-0.9486118186152632,-1.1642713888564094,-0.6570200019397111,0.9636137633102826,-0.5584829192356383,-0.079498285440135,0.9499556964621104,-0.6331135166392542,-1.38764696784465,-1.449141319221077,-0.3741388754871101
E01002718,0.0489729581527979,0.9241145298450392,1.1522540156545689,0.802417080167003,0.7539508790237079,1.362600036294332,-1.2379760153639052,-1.439126079184878,0.06673055455644322,0.9245883028522432,-1.6868661634663698,0.6383757434735915,0.2062227428745826,-0.7341041924575937
E01004005,1.5116030682034118,0.8705169068027832,0.8434349968878612,0.94830684621066,0.3975492322746506,1.0423299062737217,0.4119151426496116,-0.2903816997708215,1.5755890844035323,0.7998351818824254,0.42935147203069635,0.6624784262203718,0.776742540692908,0.680951773649387
E01000290,0.1133778470323375,-3.1443016520300007,-3.2560772614350952,-0.7201611864396756,-1.1642713888564094,-0.3225570307946067,0.7227103224827119,-1.6459301654421934,-0.03657082169663589,2.3449004637343482,-0.23311529574463624,-0.3284776864680402,-0.369926983340801,-0.329331284551313
E01003406,0.3981605331657218,0.144761633704743,-0.1770770697032526,-0.9486118186152632,-0.215793348810697,-0.6570200019397111,-0.8476232177266377,-0.4220667102502203,-0.261599434272859,0.16797740112626416,0.5569054081548996,-0.7772077109882388,-0.788142214856245,-0.3964504511002407
E01000036,0.036804858917923,-1.1574443549602418,-0.8829963249062704,-0.2581478069273921,-0.0925320262078389,-0.6570200019397111,-0.7137879728224318,-0.6107216580597681,-0.02418152847764456,0.22794356479950068,0.4689729752883366,0.070465942533929,-0.5579282283367971,1.102373450222108
E01004470,1.127140296418679,0.4980688249505606,1.0941099670848924,1.6848238069789094,1.6995335910821907,-0.6570200019397111,1.7049123142519125,-0.0613873178910534,-0.740553719739327,1.8433825199975378,-1.1201614920168288,0.803283754554514,0.7834606667033501,0.9687455078771172
E01033735,0.7590245670403942,0.5697164682107536,1.5207412723540523,1.3935743679452035,1.9941822287312232,1.3335641046570832,-1.6647617407806508,1.0677373706361784,1.0122079171579534,2.119266057428983,-2.220066500311516,2.5860104988192,1.058249347893612,2.8430829536318813
E01003764,-0.5545155998596822,-0.9726754390540856,-0.9004257341067733,0.3915151656525694,0.418357925060326,-0.6570200019397111,-0.0951717297096576,-0.8192451972065161,0.3643278404954085,-0.3525303304466497,0.06252973003844489,-0.4311275285370644,-0.1541927515701414,-0.7127309838623602
E01004049,-0.2408490418051304,0.6250375405213364,-0.0429880949891114,-0.9486118186152632,-1.1642713888564094,-0.6570200019397111,-1.3413265655954865,1.703853954944346,0.15824263791398432,0.04077901496642665,0.8812783827293326,0.1142389325934623,-0.845562442735499,-0.2935240336706098
E01001824,1.1074746814936287,-0.0838349594416524,-1.1730027951719986,0.044733926234277,-1.1642713888564094,-0.6570200019397111,1.0721690175103609,0.1638008523609069,-0.7276330173831249,-0.05247302051182492,-0.7044364899643555,0.4535360492691573,0.4286138418823313,0.2091420146299925
E01000639,0.3194980734655207,1.076959118594011,0.7196771930942844,-0.9486118186152632,-1.1642713888564094,-0.6570200019397111,-1.669222915610791,0.1212402561304657,-0.20991662484805038,-0.682694290957097,1.096712843252412,-0.4221053929094107,-0.167758431347384,-0.3407599479749103
E01003979,0.8695207409005205,0.5268301165617918,1.193388394002201,1.2070449424221472,1.0451981924602578,2.042981378025727,-0.1107858416151483,-0.0017167969719696,1.7764146814668962,1.4404734253256455,-0.2263334113686556,1.8560950350359835,2.7481280862740176,0.9963690261987376
E01000594,-0.1962326779439226,-0.0770560497527657,0.0283598268076497,1.0094010866371077,0.7734943192558495,-0.6570200019397111,1.3190206914447853,0.0259885778600614,0.12892879444335073,0.028626439996481783,-0.8666229772515719,0.3643282332103872,0.6565322571533654,0.0330618222862663
E01002798,0.2623448800895933,0.7751759771954883,1.055416742895725,0.2584221214240443,0.5857074045539863,1.9625679068800292,-1.548027666058649,1.7523639632627834,0.5148696421981254,0.2727430336855684,-3.0381094163690996,0.7602759445128668,0.1403902946798608,-0.4871013438767454
E01000357,-1.9790435809930111,-0.1741888831170486,-0.4639082939587928,-0.9486118186152632,-1.1642713888564094,-0.6570200019397111,-0.2446210865193543,-1.6260754469708878,1.300271217422801,0.44006889040295455,0.1607209467394404,-1.5652409459818415,-1.0805956702592563,-1.5528038739515175
E01002773,1.6179202988919648,1.0496792291862358,0.7353485818540073,0.457150413162501,-1.1642713888564094,-0.6570200019397111,-0.4431433664605931,-0.2268516845962414,-1.0630059979162967,0.3361649080130186,0.29115405549150897,0.1135862031535499,0.8441415433505862,0.8863673851074633
E01003316,-0.1806230960971639,0.3241723090157458,0.2023322813998053,-0.9486118186152632,-1.1642713888564094,-0.6570200019397111,1.6402252792148797,0.7023384716572186,0.11867298694811525,-0.19193479342324452,-1.0776608161313235,-0.3130114733088187,0.4523854559570335,-0.6268281769188533
E01001795,0.98419585793222,0.6314321043069521,0.7021272710602477,1.4861830123900477,1.5597502399731988,1.3409031667668996,-1.2692042391748866,0.1858855251248845,1.3197113426201794,1.0434896227855226,-1.7018799835835787,1.084734781777073,1.8378841364332303,0.8101673455859775
E01002898,-1.2115929585429244,0.6531096987510542,0.8498172605558547,0.8850462435756653,0.284145742729047,1.170000460654945,-1.6365076335230964,0.0330542677425405,-1.4175643196215093,0.7521275741807216,-1.9147146850873566,0.1930445370475315,0.0622454151662769,-1.0739795796743137
E01004682,-0.5371852767069817,0.7631451898347099,2.024436225914941,2.345081271436828,1.6932699009123962,2.728632375103773,0.3427669327824384,3.548919059086736,-1.465781137451749,4.747467478611384,0.9352849499051803,2.461434379293297,2.939778744736243,1.6839189816676312
E01002003,1.2372677399989604,0.5000495475817054,0.6520430321545286,1.81735178059028,1.7712656655149186,-0.6570200019397111,1.284818351080377,0.8766665402845917,-0.8129096529340589,1.1849915655075178,-0.8441513555190058,0.7455947744544287,0.9035221512310916,1.1623258178942812
E01004451,-0.3129972665614086,0.2212019956118464,-0.4026921008566662,0.0925647607938239,0.6201415621314611,-0.6570200019397111,-1.5547194283038597,1.062769928523372,0.20564546468330094,-0.03727509798935971,1.0214817617999083,-1.0014412458956692,-0.1587450231337529,-0.5042658786331494
E01003481,0.8154402998566322,-1.4148329037636935,-0.6121727980957508,0.5024340184507698,-0.1787908622580887,0.2433870672068203,-0.4453739538756633,-0.4256881002646193,0.19846762306435584,-0.30757643893349984,-0.10839826044410335,0.8584901275489454,0.8601162246754592,1.0051040640037645
E01002727,0.6345166425461697,0.6778887134328913,1.102153590673636,1.3357788942751734,1.4759215764063658,2.120104173479284,0.849110276003351,-0.0460326827170696,1.3452413820041973,1.4722335046714414,1.800202239898851,1.30735038298699,0.6726349012681557,0.415860445288457
E01001139,0.0735549768091107,0.200937117612903,-0.1597595908241011,-0.9486118186152632,-1.1642713888564094,-0.6570200019397111,-0.8320091058211472,1.7809157067181904,-0.04832709100579732,0.15154983599288085,0.5466466243204674,-0.615605165048244,-0.9961512245112412,-0.2912108924063073
E01003474,-1.922504938083492,-1.731206273920447,-1.4164031505885069,-0.9486118186152632,-1.1642713888564094,-0.6570200019397111,-0.8431620428964977,-1.5999603740064954,1.26312419814872,1.343616768572152,0.5539743270593477,-0.8425108752878797,-0.22894058712665,-2.172174943843894
E01001185,0.119154621416571,0.0918384196558359,-0.101621554396138,-0.9486118186152632,0.2703638169840126,0.8555652830477601,0.6662021079676027,0.3527014340940216,0.10194455739871727,0.09639940752623037,0.5699793950703165,-0.1764344993259763,-0.3493668634004471,0.1322500832165805
E01004305,0.9484290207872846,1.2614708937853312,1.2204005803327014,1.232311871675423,0.650222407994063,-0.6570200019397111,-0.1509364150864101,0.6424839500721253,-0.62313683707734,1.5039141233435638,0.0991682437328462,0.0276282379884305,-0.0961629736128732,0.5190285845671071
E01001598,-0.54726390435607,-1.138493691634413,-1.2889761914354907,-0.9486118186152632,-0.5712884281836,-0.6570200019397111,-1.389655959588672,-1.0755061509232555,0.35956333150155895,1.2227380491093964,0.9130317612644804,-0.820170395693394,-0.9092991889216814,-0.4415910980288868
E01002460,-1.6572649567818762,-1.0329196171264443,-0.3343778192239762,-0.2070515445188081,0.543309616793763,1.1822817016416205,1.6097405845422548,0.5593680961997517,-1.9593540331751034,0.06923344392315507,1.903166837494194,0.5797053377189969,-0.4370283075068603,-0.0285101525544212
E01004404,0.8214628944274288,1.1602371352360217,0.6700378881985105,-0.9486118186152632,-0.1174112078125734,-0.6570200019397111,-0.9316420103609448,0.5895152710738788,-0.53971755249011,-0.6356058596651195,0.6121074354544643,-0.5587980014063348,-0.8612732003192953,-0.2807967838995942
E01000880,-1.7214240254748527,-0.1837909481267813,0.0737474428029026,0.076836229184856,-1.1642713888564094,-0.6570200019397111,-0.3650728069331397,-0.4263008433333725,1.131010016556553,0.005666475417000883,0.23986013631934722,-0.5402630733324562,0.8414219398032381,-1.352983807770808
E01001676,0.7945455839987663,0.7169397255477676,-0.2030018401972666,-0.9486118186152632,-1.1642713888564094,1.1470218178871068,0.873646737569122,0.3939389181616599,0.9113611201524378,0.1925699448117741,1.0020918691176746,0.1945358313100314,1.0555729013559856,1.1358080834805049
E01032834,-1.2708356235046383,1.8135050972441824,2.3802578710752025,1.928260423592624,0.9523069059384202,2.223465697258084,-1.3680936145763276,-0.8911552126030939,-2.825659415716153,4.589757050739148,-3.041909222648287,1.6895865500220613,2.52073237576904,-1.3012754112684464
E01002187,-0.7826367329902654,-0.9085453695860356,-1.0228099204123768,-0.9486118186152632,-1.1642713888564094,-0.6570200019397111,0.3970445598824776,-0.8406276766950841,0.5142079878273533,0.9702495787001174,-0.2608662175041372,-1.3174369795477534,-0.7114369134255283,-1.1051978373793072
E01001578,0.6920385662019418,0.0831077533268542,-0.1899803814711,0.6363738707692946,0.7123375715449356,0.6438914638855131,-1.6974770228683458,0.070197702209613,0.4455977254569999,-0.12089855072699109,-1.0929909651667218,1.3038376318763558,0.901710764792922,1.0719528686963955
E01001010,1.4178226670295784,-1.6739843927060596,0.1953649665335201,0.4789995820507957,0.5888185349181331,-0.6570200019397111,0.5375715670318936,-0.4856017730032352,-0.93153785144194,0.0935797373169238,-0.3531952720140282,1.4591168095545488,1.3397883394032408,1.4852440213052651
E01004346,-0.0792222691398735,0.2483853574811855,0.0540058065518391,0.1141556433090109,-0.209599703946076,-0.6570200019397111,0.5680562617045186,-0.5996848794026739,0.052050615423948,0.006165067589347188,-0.3732243261669679,-0.3326867643531887,0.011650612900971,-0.5473878837762207
E01000551,1.399263242944062,1.3239173627633647,0.6244875180764898,-0.9486118186152632,0.4542822103941946,-0.6570200019397111,-0.9026443739650336,-0.2185331900825701,-0.919343938593274,-0.5923962402250711,0.5930554083333757,0.0701614748661105,0.3649665244696502,0.154030909723333
E01000189,0.5256182998987039,0.8601097867641379,0.6821467255502426,-0.9486118186152632,-1.1642713888564094,-0.6570200019397111,-0.503369226667486,0.7410491427497053,-0.34534173641899407,-0.6470924458866625,0.3307236502814625,-0.8619192903896387,-0.3256451002245726,-0.2995317226392939
E01001699,0.5387696798798313,-1.79452940666684,-0.9092632783975332,-0.9486118186152632,-1.1642713888564094,-0.6570200019397111,-0.2907198930974697,-0.7738550205634607,-0.35398245611970425,0.8625378921207604,0.19100878472681215,0.0530488944891076,1.3832140713271572,0.8289337903844378
E01000439,0.4692025670824659,-0.4567523695169418,-0.1782312713761489,0.6820400796878032,1.392356002187823,-0.6570200019397111,0.477345706825001,0.6290693293874856,-0.3082754715346392,-0.12156087053224707,-0.3136256772240749,0.5386581389826071,0.3510326113078678,1.319409527644078
E01003201,0.7885229894279696,0.3965034520571335,0.3315204690819497,0.2003930785276159,-1.1642713888564094,1.0251797280365638,-0.6505879960621124,0.3861922679157883,0.8083777838523442,0.0664344073942512,-0.6669696248668093,0.2014252574477079,-0.4859563960663802,0.3616127562280896
E01003090,0.5932188512035642,1.0401075840373142,1.3849059591015336,1.458214514306346,1.1850976154044126,2.200452386890949,1.3785030225133217,0.427437608974768,1.3053498370795895,2.019489970511207,3.033330266225826,1.3509958730537668,1.6367557579322778,0.8703309899788977
E01004443,0.9781732633614232,1.0531081688150468,0.9102663378085026,1.3588112321103714,1.5158107988358718,-0.6570200019397111,-1.04763255594459,0.4720712309575456,-0.6426793993910958,1.2368801240261669,0.688315543938819,0.8710689254948951,0.0522335740853722,0.0371025941931343
E01002870,1.405777477887985,0.6050968802963028,0.9548803683964134,0.8905924285666913,0.7429952613002728,1.1775064732173424,-1.3160465748913586,1.081365489828518,1.6553120801162517,0.8504092262808187,-1.5496533609900867,2.717524921298099,0.9362465045135536,1.352140274461899
E01001432,1.3461660826464263,0.5490126959572305,-0.0435977293789922,-0.9486118186152632,-1.1642713888564094,-0.6570200019397111,0.5643386160127348,0.6426979296681056,-0.8844580422315284,0.04135732135370188,-0.3707817585873409,0.5087854572017947,0.9360365966412474,1.0467066663770943
E01000596,1.546263714508813,0.2129220497650006,-0.4799689857709834,-0.9486118186152632,-0.2332613355574548,-0.6570200019397111,0.7636044250923306,-0.1052956122738165,-1.0159261887058852,0.455304252471136,-0.5017033808553351,-0.3715096569924833,-0.2990341981558063,0.5207031877511586
E01002204,-0.5704939119862856,0.367719133658493,0.2733515923159392,1.6022523450300137,1.2740687805254238,0.9285031248814496,0.2126493335700158,3.114060159420837,-0.5297053800051089,0.43797822980590184,0.1974455707237174,0.1820785225424228,-0.42337784326075,0.3416242399680417
E01003649,-1.2847244640454552,0.1794469671531581,-0.4392598910880799,-0.9486118186152632,-0.2015827543239274,-0.6570200019397111,0.5903621358552196,-0.5736358373832814,0.8440896698591392,0.4166871241298059,-0.38787973164472833,-1.1012927213068175,-1.3510416123387423,-0.802652062523135
E01003224,0.3225708257975598,0.4785854696752592,0.0776028793116518,-0.9486118186152632,0.8235078173795013,1.0469930246520307,1.3933736052804553,-0.8945530908239387,0.3377294045662904,-0.0736150084736068,1.4588524454628886,-0.2866407324396852,0.1580880641000644,0.3639974222663688
E01000302,-0.3727315718962488,0.0413992330210938,0.7595695487675882,-0.9486118186152632,0.0333709176610331,0.7907346084315171,0.3293834082920177,0.0575619946337897,-0.29473175355344416,-0.7205366510211967,0.2604548603796271,0.5607276204821102,0.0879987982217492,0.1652573732614061
E01003053,0.4211447206093743,0.8029363780336397,1.3230556893017074,1.3310336394915905,1.4716033443048946,2.1132852639145256,-0.3264092917385913,0.099185740650154,0.8899989320391908,1.7610316293813064,-0.6897959462359423,1.0635315780710808,1.571867395183831,0.4216265270896719
E01002289,-1.2386331790648686,-0.3571946208992916,-0.2181612469858543,0.7584246004822778,0.535160504647022,0.6453362618637314,1.7197828970190463,-0.4790176510032879,-0.7993349055981122,-0.16545885658596207,1.10983826597945,1.0591559641520234,-0.0224761189109354,-0.9009405067867534
E01003701,-0.2719452954053661,-0.2004523544052769,0.0143761985360376,1.235684333587071,1.3160552308196638,0.583264406869341,1.1628795723898784,0.2648876073045167,-0.1586160114255186,0.01776444330751905,0.6782662640504553,0.8819391044504375,0.4831821771611238,0.485523292542255
E01002562,1.0549920716624008,-2.231049032737308,-2.2058194371432127,0.2683113253999896,-0.2205147677346869,-0.0551858059554787,-0.6282821219114113,-1.2986238612197794,-0.05822058775132973,-0.5918463367729544,0.03467225526509956,1.1246378041878606,0.6744683492445365,0.9071934093003412
E01004179,-1.5609034436491298,-0.1928265701656458,-0.1331191091477087,0.0096834697459331,0.3332245298014953,-0.6570200019397111,-0.2468516739344244,-0.6351604750930037,1.025544783574053,-0.0012890548660374032,0.16218648728721644,-0.940994411196777,-0.7819961295981384,-1.135836179453073
E01002957,-0.5277211995243013,-0.2186874810402279,-0.8651189868608061,-0.9486118186152632,0.5327684849023829,-0.6570200019397111,-1.1799807425720823,0.2484442810412258,0.3467233835350831,0.8206620954446233,0.7752709497735313,-0.9503166380656924,-0.7512280948524037,0.2143868138773615
E01002393,0.3836571421584972,-0.2874264382664078,-0.557739180411861,-0.9486118186152632,-0.4429346612937766,-0.6570200019397111,-0.0669176224521031,-0.92025162628558,-0.25207041628515986,0.5290779782434818,0.043966216433281635,-0.6460452742669123,-0.5883744777164243,0.5606906865672994
E01002394,0.0085355374631632,-0.4099954838168507,-1.4084354502361636,-0.9486118186152632,-1.1642713888564094,-0.6570200019397111,-1.382220668205105,-1.303833841768241,-0.0056080188406039625,1.3360585138507342,0.9081466261052269,-0.9344448505377072,-1.6694667498944509,-0.2278627537621586
E01003651,-0.9395929221108228,-0.0038847836306987,-0.5168362544626482,-0.9486118186152632,-1.1642713888564094,-0.6570200019397111,-0.2981551844810367,-0.6222240259366243,0.6173313435077916,0.4902769792721137,0.19589391988606564,-1.1398143214270455,-1.0368772821509842,-1.2139097618810382
E01003778,-1.183815277461291,-0.510923729466789,0.3946464137107499,1.5704314974671734,1.3409540998826437,1.4550554934940616,0.7056091523005078,0.3249817775434701,-1.722516922752248,0.6197651584538225,1.026700473314542,1.7723238411759177,2.2730853803239963,0.5591879345651158
E01002379,-1.6584940577146918,-0.8006225357477702,-0.4675731526265568,1.2782668456071462,1.2714689340912209,0.9248782057930636,1.2610254186529626,-0.2359140370312977,-1.5339050084176218,-0.5976832588985375,1.1662949266631988,0.5255743597144868,0.2218338606604478,0.3557321188841519
E01002662,-0.1792710850710668,0.3044865021538252,0.0541406345592535,0.8003630593435811,0.4068124591413629,-0.6570200019397111,0.3256657626002343,-0.2079743448327538,0.11778468866112642,0.04333216391064695,-0.21396891997530343,0.0801744456972666,-0.0013842870818363,0.7941831152813411
E01002555,-0.4922001825659292,-1.3740960778075495,-1.302928078477313,-0.443310739306863,-1.1642713888564094,-0.6570200019397111,1.1955948544775732,-1.1060778676869978,0.32338536490419295,0.577602009733448,-0.7855297336079637,-0.4148634579416755,0.0586578738977204,0.2372139610936623
E01000399,-1.268746151918852,-0.5542866799886613,-0.7918992964807211,-0.9486118186152632,0.0815610594535177,0.5878887605634254,0.3070775341413166,-0.4164592189726454,-0.7458816027211894,0.7512050317947243,0.18052743094321158,-1.10673476367545,-0.4852905948903619,-0.9783883819250456
E01000891,1.2945438434681695,1.1650970944240258,0.9851032209681896,1.1586885027946487,0.9869974826788463,-0.6570200019397111,-1.416423008569513,-0.0991140880558527,-0.8505411985464978,1.1414277762018177,0.9306182478377929,0.5934090049675902,1.4349543384334935,1.025314477843266
E01001980,0.8037638409948836,0.9571307514305566,0.433387792810527,0.3701737046814144,0.0203783512489228,-0.6570200019397111,-1.1093454744281963,0.0007834991984544,-0.528088920369528,0.16042876482837404,0.7288621657606232,-0.1936835619505861,-0.5642416209709599,0.5633053358663513
E01000385,1.028689311700146,-1.1636674370011364,0.083481728921369,0.3437868076427448,0.558067368894765,0.1774409135455471,0.4416563081838796,-0.8602359359952176,0.182531571222614,0.028699917082374446,0.07836789879730129,0.0532468893944255,0.2163365558645891,0.7276845650610773
E01003268,0.392752489061333,-0.3366347171779055,-0.5285833462916666,0.5879480293964362,0.2160025013611829,0.5847244322496278,1.2855618802187336,-0.1717445439738832,0.22965197618101607,-0.3107795368239594,0.751699440532663,-0.5955532421006101,-0.4955752507089553,-0.0820337050589138
E01002732,1.5581859935571247,0.7135503185908683,0.514606091538126,1.1487334404485867,0.8115944512159678,-0.6570200019397111,-0.2461081447960677,0.2411708022383956,-1.0237593645093328,0.5911452260083918,0.1616979737712911,0.7339011735587404,0.8104913291979542,1.5173425123362738
E01003158,-1.4969901951427165,0.6665308549600419,0.9878700081334748,0.3176791602108018,0.5007150589815966,-0.6570200019397111,1.0788607797555714,-0.1936844221687214,0.9835525009163961,0.3138257145812802,-0.7088331116076837,-0.5926015634998295,0.021311030742368,-1.67291882358246
E01002159,-0.7092594073011715,0.0491331827541031,-0.089064880676858,0.0104652522891429,0.4435007251912398,-0.6570200019397111,-1.1115760618432664,-0.5523408435507569,0.4659976171607741,-0.0009320864463857275,0.7303277063083993,0.0114324425877276,-0.8846260375746813,-0.6893528778348798
E01004174,-0.1707902886346388,0.2051838478585998,-0.1334463154948386,-0.9486118186152632,-1.1642713888564094,-0.6570200019397111,-0.1695246435453276,0.2136074959159191,0.1122126357700142,0.12658875202906503,0.11138108163097997,-0.8006567409279427,-0.8728251484200593,0.1367835049997895
E01003710,-0.996254475113624,-0.1985564335514198,-0.8440910629855427,-0.9486118186152632,-1.1642713888564094,-0.6570200019397111,-1.062503138711724,-0.2985822614628587,0.6545591171715991,0.8007147583356063,0.6980858142573261,-0.9399561820299808,-1.1210800353062185,-0.5388091929382991
E01004706,-1.5358297846196909,0.3842909481544995,0.6525855211436333,0.2610484019545012,0.5883042365837592,-0.6570200019397111,-0.8729032084307655,-0.9235869327919712,1.0090708880698953,0.17035640743319083,0.5735148676963616,0.107375631062078,0.3294270801997771,-0.4183645841944944
E01003949,-0.1952493971976701,0.0386535301225554,0.0367622396246325,-0.9486118186152632,0.012242026886995,-0.6570200019397111,1.4498818197955643,-0.1160415710008549,0.12828275932554062,-0.03487309498669273,-0.9526013560544335,-0.1844408515773296,0.4347192019087004,-0.672220369544488
E01001155,1.479400623763642,0.675605656290955,0.5959545610749164,1.239342463394692,1.4393628504141396,1.127763045197725,-0.3130257672481707,0.607136820381456,1.6684133525230986,0.7385917937938893,-0.3530188924971513,1.3568024406313124,0.8243233762537532,2.1062407073195737
E01033135,-1.7855830941678292,0.5535472814704678,0.9239138094928644,0.8081615646390292,0.0798230265419384,-0.6570200019397111,-0.8662114461855552,-1.4331894406445886,1.1731638079936626,0.7466716298713593,0.5691182460530335,-0.3070314812726267,-0.9075940914272808,-1.854407780181384
E01002443,0.1103050947002984,-3.1598848633972447,-2.1716532088739093,-0.4145340844969641,-1.1642713888564094,-0.6570200019397111,1.5904088269449803,-1.4429734739367222,-0.07247265353395006,0.9002242747854404,-1.0449304105643247,0.6596695652386824,0.633806554730979,0.9179587987201135
E01003785,0.61018044407642,-0.509531330630518,-0.9929167287517564,-0.9486118186152632,-1.1642713888564094,-0.6570200019397111,-0.8528279216951348,-1.5994227300125807,-0.40090075655066326,0.9418925437947216,0.5603250027663772,-0.1490561895382361,-0.0300339989112935,1.0785520055592808
E01002421,-1.2882888567506203,-0.6573309137748293,-0.4150048735255814,0.3570020553341599,0.0085464114070465,0.4880629824788662,0.8498538051417075,-0.8630744230376616,-0.6287661017199966,-0.14815759282232566,0.41478218280847495,-0.3212292810988544,-1.0698267459247557,-0.2075534612513802
E01000153,1.413643723858005,0.5050462460007669,-0.3840408027095983,-0.9486118186152632,-1.1642713888564094,-0.6570200019397111,-0.9829455209075572,-0.0869867183005428,-0.9287922021912469,0.3643056442808175,0.6458148680533136,-0.5717902873536765,0.1498013295312625,-0.0516316633079842
E01004524,1.1626613133770511,0.7656094782003735,0.0525592590837791,-0.9486118186152632,-0.0503077293957368,-0.6570200019397111,-1.0870396002774954,1.290124000486168,-0.7638917383702172,-0.04985833434453448,0.7142067602828628,-0.3302224602996777,0.0095120520703865,0.5419403330659857
E01004231,1.0390137595357976,0.8539491315770847,1.200821119972162,0.3817285561943394,0.7064431808237812,1.290663793704692,1.4580606403174885,0.3873338184263937,1.341017440593847,0.45838771237464293,1.8818660774836622,1.4637007766990149,0.6850888561886928,1.3005819798879164
E01000511,0.9555578061976154,0.3937818610412658,-0.0113403316642349,-0.9486118186152632,-1.1642713888564094,-0.6570200019397111,-0.6461268212319723,-0.0790734373171683,-0.6278205916814634,0.010757572643710123,0.4245182453391298,-0.3442195753753449,0.2340555939504407,0.273465101874728
E01002521,0.853296608587354,-1.0132143635228126,0.4012605385474644,1.1409628809285608,1.3114982470470875,1.3002154835187747,-0.1635764104384741,0.0028527760816195,1.109469462519337,0.4578233800640608,-0.21268458159052614,2.6764877805884137,2.313918365465556,2.6548682317711343
E01003026,-0.1576389086535115,-0.8364672518776469,0.0148996344136706,0.8791199742225609,0.7570716506492333,1.2502296813906904,1.148752518761101,-0.707682938115835,-0.1970848425406558,0.01309856622167168,1.4362044955274442,1.316107380811081,1.4645049662628165,0.2345972093771812
E01002397,0.6599590318554535,0.4033885533092962,0.4278113710142638,-0.9486118186152632,0.3136573863637725,-0.6570200019397111,1.617175875925822,1.2931651149182928,-0.4336062843897999,-0.4058269226821299,-1.0625168971376375,1.3177285158659957,1.1759858853152587,1.7447948298293745
E01000211,-0.4977311367635996,-0.0583010612571175,0.7680391504110045,0.7442958672767275,0.9684631663253002,-0.6570200019397111,1.3673500854379708,1.6402376254684343,0.3270193124418748,0.5716483655576395,-0.8983763557867197,1.539045619161668,1.7922305641093996,0.5062758037807318
E01002711,0.2965138860218682,0.7013095973420284,1.9686101779242904,2.3260130436181323,1.8104818874310329,3.1614047599711785,0.8587761548019881,2.081218831203425,0.9374004106670856,4.579012951651312,2.714939023540751,2.711344115546147,1.8572962356349656,1.6833120920586184
E01032771,-0.6800068051001593,-0.8221008351263787,3.051875535896505,2.3408738383363152,1.771225076558605,2.0986880184825467,-0.4171198466181087,-0.5203567649889771,-1.4271221343503007,7.14405559983875,-0.8754044243687024,3.2403703448357177,2.9255641621539263,3.067576667609493
E01032573,-0.9077592079508976,0.0073551612886843,1.1226567789131483,1.5795338554575968,1.640039048369369,2.140724809174296,0.177703464067251,1.3418169903084916,-1.9432626572168954,1.773274390352292,0.38041421420497723,2.320485361895896,2.2184258905906566,0.5240113625585217
E01001223,-0.8888310535855368,-0.2906990176416774,-0.1800105610055122,-0.9486118186152632,-1.1642713888564094,-0.6570200019397111,0.1695246435453274,-0.4212223121314211,0.5839797805508449,0.1707601456453927,-0.11138108163097984,-0.9293357954807662,0.6006093551369522,-0.3807802403227732
E01001280,-0.6085960409035706,-0.6451652067134175,-0.682625544309588,-0.9486118186152632,-0.482756731239118,-0.6570200019397111,1.693015848038205,-0.5138557042509252,0.3998597719749644,0.6475466590207523,-1.1123452757620231,-0.9901205875608886,0.1109862105013269,-1.124622273029021
E01001881,-0.4480754590778477,1.010597303799568,1.4854596658726067,1.8337092039012928,1.775176261473948,2.562338034153292,0.2505693196262078,0.1825741487556923,-1.1481207909658662,2.723901061334738,0.6420432978701452,1.5017507334313838,1.6428344181401422,1.0289114805028636
E01003876,-1.6379680721366705,-0.9627549276272528,1.0686145747289082,2.056571730460906,1.9172195143998845,2.5518989423527554,1.64914762887516,0.4473478945646331,-4.179928990893151,2.197682525145976,4.208458089910075,3.082687900960708,3.304946654040984,2.200306599393392
E01001478,0.6240692846172368,-0.5663826274518394,-0.8212169980677626,-0.9486118186152632,-1.1642713888564094,-0.6570200019397111,0.7294020847279223,-0.8702858265952025,-0.41002600258973104,0.7790161500148274,-0.4792317591227689,-0.683652878792227,0.316558077390166,-0.4911255429337764
E01004148,0.4336815501240938,-0.0591351456882617,-0.2106257823655748,-0.9486118186152632,-1.1642713888564094,-0.6570200019397111,-0.1784469932056081,-0.6605515997355836,-0.28493745290374906,0.19980210645707056,0.11724324382208426,-0.503829954944182,-0.1801942055600234,0.6800025119713469
E01004108,-0.6852919391112665,-3.973306675171394,-3.2166736965130958,-0.8351276270829466,-0.9042201444331314,-0.6570200019397111,1.6892982023464218,-1.7732702717751778,0.4502505111641527,2.6863330712691122,-1.1099027081823964,-0.9280814489523764,-0.1915920712942232,-0.2372285539391273
E01004439,0.0116082897952024,0.4394993468944038,0.5064047177604011,0.5893974479926802,0.2173044972756149,-0.6570200019397111,-0.5464939166921744,0.4027124726397937,-0.007626878583760609,0.2984736482994339,0.35905743420513275,-0.4675504324934887,-0.3858557770876865,-0.6740698638601028
E01002054,1.2348095381333293,1.2947043589157703,0.5374553232699004,1.4257272816992648,1.456523478155263,2.06848497835578,-1.1361125234090372,0.5211762949776133,2.5541849807592305,0.7662647170803947,-2.3500316883934733,0.4871594579251954,0.7573479313693056,1.1649201257418424
E01004440,0.627387857135839,0.1074629336196784,0.6173622961456177,1.44054678983211,1.4429702160478746,1.227572558491542,-0.5717739073963023,-1.2169614132858135,0.7701641169507679,0.8893392738759499,-0.7018939583811848,0.9899062950935936,0.3832000638158067,0.6614867101458277
E01000208,-1.6517340025842058,-0.945256686214974,-0.6894211554253267,0.0718882157738238,-0.5245698325463283,0.3855789743574185,1.594870001775121,-0.1673719361520322,-0.6368739026276917,-0.0495612567802548,0.6149483395178653,-0.007921451963882,0.6382186756037118,-1.128719351972332
E01001619,-0.4742553089468208,-0.3594756487348855,-0.2032980413931286,1.048262664266434,0.6294977990668046,-0.6570200019397111,1.312328929199575,-0.3039630816251633,0.31159522400415846,-0.21310974651090878,-0.8622263556082438,-0.6322271960618657,-1.4291383809073166,-0.7437170982651957
E01004024,0.966619714592956,0.9739646917814058,0.8049660327269887,0.3351710435686818,-0.0110641332625373,-0.6570200019397111,-0.8394443972047142,-1.378154457646247,-0.6350884867568269,0.2698013052264465,0.551531759479721,0.7125797835160838,1.2730874079338363,0.5512707659478867
E01000913,-1.2398622799976842,-2.832433566646496,-1.1360214494029357,0.0779394541553249,0.1760559012299944,0.2280211113131044,1.109345474428196,-1.293513967935387,-0.28271477496027136,-0.08854089167520585,0.2529541879092803,1.1312468301390983,1.8236150376836584,2.824283553265371
E01003407,-0.8605617321307771,0.2805246116747368,0.5451571381373307,-0.9486118186152632,0.2729926835043275,-0.6570200019397111,1.597100589190191,-0.6761027468778273,0.5654062709138044,-0.5171425042395456,-1.049327032207653,-0.5506532669123423,-0.6793183914947247,-0.4070031319524675
E01001973,-0.0684061809310958,-0.314692831167474,0.018539945404627,0.0799392607584957,0.0723864768527792,0.3956702188382011,0.7695526581991841,-0.229486962465591,-0.02706628857889225,0.0014820695301487519,0.3044890686771905,2.060848270253329,0.1398812008024859,-0.1750618484577351
E01004468,-0.1143745558184008,-1.70742597379185,-1.045239482942286,-0.2184397359441383,-1.1642713888564094,-0.6570200019397111,1.2982018755707976,-0.8996516242313982,0.07514637088565929,0.22832183665230057,-0.852944598805662,-0.5589666895524702,0.4723486271309278,-0.4129117159302728
E01003838,-1.5443105810561186,-0.4105041094287721,-0.1345836094529485,0.4253990092372182,0.4795157101396002,-0.6570200019397111,-1.5599241322723565,-0.1457300563047348,1.0146429409610074,-0.05725173412085301,1.0249013564113858,-0.0589455411063892,0.1372350484587622,-1.3361616711604112
E01004207,1.1497557535824867,1.2733820488300809,1.0353815565956452,0.9996593594243424,0.585838014035565,-0.6570200019397111,0.5174962802962627,-0.1242299078041913,-0.7554125274489595,1.0350288636261813,-0.3400054070840438,1.9169940945019368,0.6373884448403526,0.7831221358953571
E01001305,-1.4917050611316092,0.4917033769989583,0.2650978220099554,-0.9486118186152632,-0.1133840995523555,-0.6570200019397111,-0.8401879263430708,0.4883819057374647,0.9800800621581667,-0.25147492704780916,0.5520202729956463,-1.446434022299147,-0.8899349724696296,-1.9862662795778856
E01004504,-1.154562675260279,-0.2291912802600141,-0.134136535999325,-0.9486118186152632,-1.1642713888564094,-0.6570200019397111,-0.3881222102221974,0.6538508015781632,0.7585707711390265,0.12724350335707144,0.2550040553130331,-0.9427106152079636,-0.7528267847801637,-1.6014154058715462
E01000879,-1.7538722901011856,-0.1374904098048827,0.8351750693053535,0.9819061826153296,0.8056634536432523,-0.6570200019397111,-0.6319997676031949,-0.2353135522218307,1.1523291754442866,0.8200635641171129,0.41523648853654804,0.9789788367496194,1.031808388623482,-0.7484091379810901
E01002839,0.6154655780875272,1.4942181424105925,1.5297726723727691,0.6676608405323445,0.8334594748983395,-0.6570200019397111,-0.2914634222358265,0.6331857501824553,-0.40437319530889254,1.0213693082598139,0.19149729824273756,0.5218900904461868,1.3151127185991576,0.6409388156907464
E01000608,0.3268726790624146,-0.8964478500674193,-0.664973228095119,-0.3627669705338249,0.1752959439108607,0.2006856942685088,0.3167434129399538,-0.5444137882136263,0.06559867053504813,0.24123032344216447,0.0635658717308316,0.8833897916021692,-0.1954062871261757,1.0971302340460676
E01004233,0.9637927824474802,1.602907840148552,0.92359581161456,-0.9486118186152632,0.1528167602701464,1.489597811362595,-0.284771659990616,-0.2323815944887684,1.435663619340832,-0.8761339025211278,-0.4241952414601146,-0.2096833893663858,-0.2730211216205229,-0.2232417337711036
E01001849,1.1185365898889694,-0.6572791476609577,0.1673811083711786,1.4363201880521212,0.97808537193419,1.3662930923113958,0.5487245041072443,-0.1171270947014636,1.5282488162628436,0.24041286505206372,0.749718499543724,1.8180610421139085,1.8576310689569,1.334027665487791
E01001725,0.6728645916500178,1.2454278679170745,0.6233838707651261,-0.9486118186152632,0.1162148305440961,-0.6570200019397111,-1.5272088501846612,-0.1590208812768854,-0.4420854953110576,-0.5913493073419285,1.0034067617106701,-0.5538904079095678,-0.63057743361567,-1.1538780197975755
E01002871,-0.9361514394989392,0.4553244049153315,1.1048714638343555,1.6548785495742284,1.6928823709257237,1.6917561870029365,0.6238209470812709,2.4366720776200417,-1.5837399897440356,1.8284280855361528,1.0553529468067715,1.695107751809838,1.967461834093756,0.2966040725736446
E01004219,1.0997313456168902,0.7143137642596213,0.8282394791244602,0.9213963179686168,1.0338903762738854,1.3574373322952784,0.6416656464018315,2.189902560278793,1.4928163840356883,0.7631368064615226,0.8710209032772276,0.5248533684761717,1.000267734656599,0.9656353162072124
E01001971,1.2789342616214108,0.8629753398884227,0.8067712468479857,-0.9486118186152632,0.4930261460609055,1.1852888524155238,-1.1450348730693176,0.6686063839113742,1.5159065232721374,-0.7653127396789712,-1.3571970706760865,0.0714114600587402,-1.1097280893547172,1.7226969924881643
E01000947,0.5369260284806078,0.38580219476894,1.7435298200027072,2.3062529788633936,1.9160484540664324,2.8534141542046223,0.8171385230540128,0.9864529268152696,1.5320723294274403,4.0210208411184,2.3316346276281803,3.1539536984645204,2.3044051746789664,2.4740822419203843
E01000661,1.267626533039507,-1.33151881135342,-0.989840324322637,-0.5312100714060798,-0.3064053742290809,-0.6570200019397111,-0.2527999070412781,-1.1836072132725668,-0.832855987196446,0.5258131493640452,0.16609459541461932,-0.1302119661273998,-0.0957361674288706,1.131021689821053
E01002859,-1.1003593241231089,0.26173375746519,2.128056596792562,1.6637724087718428,2.0170365119536107,1.7041174391971032,-1.2803571762502373,2.652112461659635,-1.8751415136213276,3.5406018500483714,-2.1818789924491884,3.028456808677105,2.349564283288781,0.507177786561051
E01002127,-0.6672241553988766,-0.2292461950969134,-0.3892673550108259,-0.0619275078804257,-0.0683810177383784,-0.6570200019397111,0.7628608959539737,-0.9013412425668916,0.438379615874392,0.024106357195025387,-0.5012148673394096,-0.7385349259454598,-0.5863959542347951,-0.1641157551117955
E01002076,1.078099169199335,1.0181199950938653,0.3426944155229844,-0.9486118186152632,0.3629655518056247,-0.6570200019397111,0.1650634687151871,0.048693764373725,-0.7083327182385479,-0.32508397273855294,-0.10845000053542767,-0.4130920142198255,0.491742201266492,0.5968089687124631
E01000175,-1.500554587847882,-0.9314799754463292,-1.1610149693268332,-0.0266601209565906,-1.1642713888564094,-0.6570200019397111,0.3494586950276489,-0.7384179519360565,0.9858943782184579,0.030952799514665702,-0.2296013524849148,-1.2525924816952667,-1.024827651905334,-1.4972020564574782
E01003054,0.2936869538763922,1.5167863787165394,2.056673294986588,0.8613290041126065,0.8080915304585744,-0.6570200019397111,1.3903994887270283,0.2952677146329597,-0.19295820300553507,1.7714723609557907,-0.9135202747804055,0.9095699279880896,0.4731876138816685,0.0704704503062048
E01002646,0.8915216475979204,0.9709927085718406,0.0431997082449579,-0.9486118186152632,0.8580921991102343,-0.6570200019397111,-1.0037643367815448,1.159982910468405,-0.5857475546340801,-0.04097975380189829,0.6594932464992234,-0.3524502749783761,-0.4033031815071677,0.488218179734581
E01004426,0.5896544584983988,0.8180997715165942,0.2726707701403868,-0.9486118186152632,-0.0306347522010388,-0.6570200019397111,0.4572704200893702,-0.0594062530377852,-0.3874147734663773,-0.25865871514609673,-0.3004358122940905,-0.2676068710820378,-0.9825759362621516,-0.5427108265314552
E01000429,1.4425275957791728,-0.5289508060129519,-0.9555685165838932,-0.9486118186152632,-0.1302534374795774,-0.6570200019397111,-1.1011666539062726,-0.5629590639687463,-0.9477694837769189,0.9064635883281362,0.7234885170854444,-0.229152718064305,0.3160572193859998,1.1461664129236178
E01000646,-1.3345030518244887,-0.5929711196592247,-0.3730512828130301,0.3449321469259268,0.3275004875530902,0.4734374886256006,0.6312562384648379,-0.2538490345851599,-0.6318037734189856,-0.12867737989416958,0.29886036821803613,0.3510564059855068,-0.3740736425011245,-1.1521275475670705
E01003735,1.1299672285641549,0.3759451943571421,-0.4836293694386184,-0.9486118186152632,-0.2384776963962736,-0.6570200019397111,-0.1100423124767916,-0.9712841008679172,-0.742411070703031,0.4587765356789208,0.07230000035695192,0.4398922285666931,-0.6177799677451818,0.6156976883660616
E01001487,1.1625384032837696,0.845275524116341,0.127062277081598,-0.9486118186152632,0.2789432840543115,-0.6570200019397111,-0.2342116785823606,0.011330361684432,-0.763810983980491,-0.12053277773977117,0.15388175751648556,-0.2995338892896337,-0.2519935312256848,0.4886358664721065
E01000969,-1.6952441756058796,0.4176524326128529,1.1457836818497718,1.2831619071395135,0.7731117473475819,-0.6570200019397111,0.3435104619207951,-0.2204823962879523,1.113809331544859,1.4702259743716868,-0.22569324435751184,1.319456468052364,1.818334686047836,0.0961447705726338
E01032574,0.9866540597978511,-0.4812326055893076,1.970213710032345,0.6887489619580826,0.2184018715461621,-0.6570200019397111,-0.1278870117973525,0.7380009234445731,-0.648251452282208,1.3569826476203601,0.08402432473916041,1.0282428297374375,0.976561784290244,2.4101415303857565
E01000570,0.4915722040597106,0.516379542042725,-0.1603355220347217,-0.9486118186152632,-0.0548224511181153,-0.6570200019397111,0.4305033711085289,-0.5846279688493813,-0.3229727704648191,0.15209617114598498,-0.2828493257207778,-0.7210740362265321,-1.2300123169557995,-0.4015786840814321
E01003070,1.4789089833905158,0.5744699526652429,0.0102187050115115,0.3078831966120001,0.2923074249909436,-0.6570200019397111,-1.2409501319173322,-0.0802339288426907,-0.9716727831358929,0.0031461675641792255,0.8153290580794104,-0.3269884179176089,-0.7090628576609119,0.5323993531405155
E01004476,-0.6212557805115716,0.2232709715204128,1.0029976074595996,1.4367491488660862,1.019150259041608,-0.6570200019397111,1.0104560990267548,-0.0528263686818454,0.4081774741167695,1.4410559588323006,-0.6638898681425514,1.4637825850979924,1.748962748993949,0.264855931354872
E01003971,1.6239428934627615,1.4132737756178313,0.4264052066133909,-0.9486118186152632,-1.1642713888564094,-0.6570200019397111,-1.4654959317010554,-1.109861786170518,-1.0669629630128836,-0.40449301851254577,0.9628601398888662,0.1099772359263988,0.7503422191850554,0.4040443793346039
E01001634,1.4165935660967626,0.8354154657827467,0.1002971759654166,-0.9486118186152632,-1.1642713888564094,-0.6570200019397111,-0.324922233461878,-0.7256351579137771,-0.9307303075446772,-0.0951430864945289,0.21348040645937835,-0.4059831689453018,-0.598067596874901,0.6961241759691562
E01001665,-0.1883664319739025,0.3054550547652242,0.3655803577650527,1.447125086157487,1.0284820310399203,1.4060946215036614,-0.2713881355001956,0.6780388495097659,-0.2648610268703396,0.5290405067282368,-0.3815973976667319,0.1846089982684017,0.8339651347699527,0.5588522388260672
E01002226,-0.579712168982403,-0.8363142602547187,-0.2487952473560642,0.3298388748375856,0.4417224078506527,0.1631292958415145,-0.0788140886658102,0.3126935077847101,-0.09456803791685646,-0.08206234445286302,-0.012856886786444309,0.7015602567667726,0.835426829910012,0.4000794747120835
E01002916,-1.4078803775135824,-1.1814657775579098,-1.2125584687167643,-0.2674013131172751,-0.5523478925490652,-0.6570200019397111,1.4900323932668262,-1.15224290767044,0.9250055683648551,0.3242397267663351,-0.9789810859144026,-0.6814952442459254,-0.4409044908071739,-1.2165309928531485
E01004719,0.8107697163119327,1.1431913332623893,0.7661326413628491,-0.9486118186152632,0.0822883531922262,-0.6570200019397111,-1.1770066260186558,0.4751663748581221,-0.5326919205839251,-0.7267624782237275,0.7733168957098301,-0.4238475730840066,-0.0994388522231434,0.2689880169237745
E01004350,0.8148257493902243,-0.3790510758207038,-0.6056155270648617,-0.125463316790708,-1.1642713888564094,0.5481099247845734,1.681119381824498,-0.2131698303108986,0.44661408021080956,0.07598253272551032,0.9214382179257142,-0.2155607774414817,0.1765071036122803,-0.3691155481447316
E01033603,1.287660878244402,1.6049722088520286,2.0113003711083857,1.5936594995872788,1.1194214506413147,2.826389053921795,-0.0743529138356701,2.625851651293891,3.6394306114333026,3.205327942940298,-0.21015026179232832,0.8743939695650269,1.90359132050893,1.7146832940452854
E01002955,-0.5264920985914856,-1.3069007152870835,-1.3124862318388242,-0.3096883026215833,-0.1511157787653417,-0.6570200019397111,0.7427856092183428,-0.8195417114667487,0.34591583963782047,0.40646163335236335,-0.4880250024094251,-0.5952139494371795,-0.1286417331440333,0.3529553897567689
E01001961,1.4204037789884911,1.4056532383970757,0.7318062796613645,1.2249625335052392,1.2869736309356203,-0.6570200019397111,-1.4796229853298326,-0.6633944970006224,-0.9332336936261915,0.8964352743690286,0.9721418966914478,-0.1853513962943841,-0.8057303487633609,1.1140701455750244
E01000640,0.7040837553435351,1.0627531625122733,1.0671904459863617,-0.9486118186152632,0.4914415640322432,-0.6570200019397111,-1.300432462985868,1.251604507378057,-0.4625971103015285,-1.0123494697759565,0.8544101393534382,0.8124748398981546,-0.030761616845188,1.1024264323830224
E01001391,0.6056327706250021,0.7040584240739753,0.5508574340417058,-0.9486118186152632,-0.0563545690740678,-0.6570200019397111,-0.3635857486564263,-0.1656562102022184,-0.3979128441307915,-0.5225498723040399,0.2388831092874965,-0.6239840663062997,-0.281110966640466,0.1749282475635731
E01003078,-1.0054727321097412,0.0162717788419851,0.0994142747864104,-0.9486118186152632,-1.1642713888564094,0.8481624529009816,-1.0721690175103613,-0.7903208592285202,-0.8528042187912497,-0.09430555600145428,-0.9093735038160236,0.1242189125106229,-0.1216177593789364,-0.8644445106915796
E01000670,-1.7512911781422729,-0.9440498747497033,-0.4739515559334026,-0.3058018593450056,-1.1642713888564094,0.2840854211958556,1.1665972180816615,-0.807584055832189,-0.4975162919791338,0.14493526704389292,0.3314132620646422,-0.5629805205012974,-0.2952048378232059,-0.8015778482748156
E01000974,0.5675306417077173,0.7494050031787596,0.8474087933279821,0.9502930042811544,0.7974657640972765,1.7973451851756836,-0.9145408401787408,-1.183912242306021,1.0200484663130316,0.805286648065916,-1.6437455757417843,0.3956977327049746,0.8157981539333881,0.5905971516684279
E01002760,1.314701098766346,1.175289948706037,0.6296063599790392,0.8511173103492397,0.1167388569533866,-0.6570200019397111,-0.1033505502315813,-0.3619587763859087,-0.8637849184616051,0.535868871684135,0.06790337871362376,-0.4054538640738231,1.102711661789297,0.3826963652104539
E01000667,-1.6170733562788049,-2.2198337761831377,-2.2603383024541284,-0.5670757915386276,-1.1642713888564094,-0.6570200019397111,-0.8885173203362564,-1.2442608640240795,1.0624495396789555,1.2817831320092528,0.5837736515307941,-0.2588083131020873,-0.759701411655116,-0.5577709985406869
E01003232,-0.8000899662362475,0.0614643728295181,0.0440288487684204,0.6351630220069202,0.5087424360917333,0.8382627008618417,0.5524421497990276,0.2033629585435276,-0.6706855760296566,0.027965496639235567,0.46309164856045504,-0.3358366500111988,-0.0671441528729101,-0.2646935216182958
E01004594,-1.8368366030662413,0.5281804949977131,0.5777095103819381,0.2426016302936761,0.4275221632933965,-0.6570200019397111,1.0394537354226665,-0.052889021384886,1.2068383885095142,0.14015326905481956,-0.6829418952636404,0.0546638344776282,-1.4563375014890652,-1.5734914501958026
E01002306,0.971781938510782,0.3605923552277471,-0.5983509966381217,-0.9486118186152632,-1.1642713888564094,-0.6570200019397111,-1.4223712416763667,0.0165853390019277,-0.6384801711253302,0.567602827091144,0.9345263559651957,-0.9338154067897908,-0.9894945062199728,0.5865420623867041
E01004602,-1.1924189839910004,0.4994178980100724,0.999927528998425,-0.9486118186152632,0.6871561260746122,-0.6570200019397111,0.2200846249535828,-0.1625324883175351,0.7834431231747154,-0.9485430717666623,-0.14460000071390355,0.659379989201208,0.2099469710775818,-0.5192546334919435
E01003371,-0.7700999034755458,0.5977491918670319,0.4267569406156554,-0.9486118186152632,-1.1642713888564094,-0.6570200019397111,-0.4587574783660839,-0.0520655336173545,0.5059710400752745,-0.40482667754410273,0.30141283932594143,-1.066963619356817,-0.523229739966269,-1.229185108783578
E01002625,-0.2691183632598902,0.1231530154812959,-0.8861022292970556,-0.9486118186152632,-1.1642713888564094,-0.6570200019397111,-1.1264466446104002,0.6809705469192272,0.17681614755102493,0.840567047212519,0.7400979766269062,-0.8953522537542841,-0.7493436821479573,-0.2163315865559464
E01000965,-0.158622189399764,0.9263463638262848,1.0344828237533557,-0.9486118186152632,0.3671705222576519,-0.6570200019397111,0.410428084372898,0.5834371783142899,0.10421795118711416,-0.9813226327669236,-0.2696594607907934,-0.0107961572600269,1.121881371686474,-0.5125031579348842
E01000569,-1.210609677796672,-0.9766077061808828,-1.1125420408188844,-0.9486118186152632,-1.1642713888564094,-0.6570200019397111,-1.5621547196874264,-1.4001352917940573,0.7953947728542025,1.0553705286271384,1.0263668969591617,-1.0450784730779228,-1.4122166421999909,-0.8552088616885095
E01003364,-1.6430073859612149,0.0387617033196095,-0.3872825790125632,-0.9486118186152632,-1.1642713888564094,-0.6570200019397111,-0.8022679402868792,1.4766065596518598,1.079488715911197,0.3673808315951169,0.5271060836834534,-1.4456693943648424,-0.6734318989195567,-1.6080007595749726
E01003841,0.6335333617999173,-0.1022597109859062,-0.7393348730528562,0.9025428222035036,0.6236934934382105,0.5969241136665482,0.5777221405031557,0.0558143725949273,0.3781713404706042,-0.6672813828785938,0.34485627666538726,0.4741912157735603,-0.3162299240289727,0.6063696805010409
E01002133,1.067651811270402,-0.5831776490937164,-0.5165536585933634,0.292030256596933,0.1894040180756872,0.4099733990632289,0.8818255580910457,-0.3301909233284363,0.4377088420825397,-0.15084929746510445,0.3615250214314148,-0.1650867756704072,-0.1773826728878319,0.7600998311938811
E01001985,-1.1299806566039658,0.0913476546516377,0.2288899408008351,-0.9486118186152632,-1.1642713888564094,-0.6570200019397111,-0.6595103457223929,-0.7175398304128343,0.7424198931937737,-0.21712770300582013,0.4333114886257861,-0.6092127350982119,0.6463767105542451,-1.645409807743269
E01001726,1.0557295322220903,1.5279031477744651,0.6355101237504411,-0.9486118186152632,-1.1642713888564094,-0.6570200019397111,0.9911243414294804,3.2203958702157376,-0.693635419308368,-0.6028524142393169,-0.6511885167284921,-0.098602857130106,-0.7412095507460126,0.3380609656245794
E01003225,-1.2161406319943424,-0.1006481529177246,0.2159767803198764,0.3934410746604751,0.3733905559003598,-0.6570200019397111,1.313815987476288,-0.7799366431841743,0.7990287203918843,0.08497413655076153,-0.8632033826400942,-0.0175158721153377,-0.5695487832583787,0.026869019351312
E01004736,-1.1718929984129791,-2.5464148068924093,1.79319355132854,1.8061715697474403,1.5842751146933665,2.280529994292511,0.6305127093264813,0.1925988471515759,-2.672537132982185,3.2388152114640563,1.437903145401676,5.250895881075541,4.6994368508622255,5.254227123664964
E01004249,1.460226649211718,0.6936780128511904,-0.1606830569682983,0.1246980230729053,0.6534081348424128,-0.6570200019397111,-0.9576655302034294,0.2499501257064034,-0.9593981158975008,-0.02003685954525782,0.6292054085118516,0.0582729658830606,-0.104560234965755,0.5085004887979702
E01003273,-0.1963555880372042,0.0353521916735277,-0.2786521128500014,0.1231885802549673,-1.1642713888564094,-0.6570200019397111,-0.4364516042153829,-0.675352398861225,0.12900954883307703,-0.034326758167038604,0.2867574338481809,-0.6375767674860893,-0.803157679979888,-0.5685637937421143
E01032774,0.9109414423364076,0.130313747121097,0.5568803447602827,0.6326771352069,0.3963425032677052,0.8350340503422168,-1.705655843390269,-1.361598078825236,0.7606671222187513,0.35232546117596647,-1.4242807073960462,0.3455182359866836,0.924578687953352,0.2732571142262552
E01033605,1.3802121784854198,1.3822705679827965,1.0182912192620657,-0.9486118186152632,0.9045105102268206,1.5933986107475555,-0.5754915530880857,1.283119704054882,2.199228167735525,-0.9659630853841419,-0.916987441187509,0.6426663468542166,1.836583721623244,0.8250912534140407
E01000875,0.299955368633752,0.716500688423802,0.5879286916567619,-0.9486118186152632,-1.1642713888564094,-0.6570200019397111,-0.5234445134031168,0.1002765421818568,-0.1970766768815745,-0.5577161054086132,0.343913515211447,-0.0776872748882427,0.2566285863516472,-0.1152471999485526
E01000629,-0.3466746321205572,0.4341484038783876,-0.2215284020985074,-0.9486118186152632,-1.1642713888564094,-0.6570200019397111,0.6089503643141368,1.54485433304512,0.22777216746829712,0.21014446038959841,-0.400092569542862,-0.4973593731504889,-0.2841727874096153,-0.5869413443239849
E01004075,-1.3443358592870138,-1.3660846588594986,-0.9667358941848052,0.4429809360105387,0.5624826330523555,0.1821426750189402,-0.1606022938850472,-1.1060078612812272,-0.24486092953442226,-0.42824557128097007,-0.029252531422400477,0.599380353716053,0.7360743128166646,-1.2663788555547348
E01001653,1.3928719180934208,-0.3990986225739727,-1.1492810404343656,-0.9486118186152632,-1.1642713888564094,-0.6570200019397111,-0.4126586717879685,-1.0892770014260766,-0.9151447103275084,1.0902215778664854,0.27112500133856965,-1.0314054102574592,-2.0727638819706997,1.069343483863145
E01004064,0.9279030352092634,0.5425644040251344,0.4312037537538243,0.1821106218050333,-0.1485565349151204,1.8401687240813047,0.4899857021770649,0.9901305379785522,1.7074981443722002,0.0785267837207734,0.9016563643932517,0.3292567766507075,0.9613070629940196,0.2744066450594464
E01004375,0.1989232719563062,0.979917631422438,0.7613369149367899,1.323375138731634,0.3291173735775611,-0.6570200019397111,-1.052837259913087,0.3896921668183842,-0.13069656852658598,1.0075343454259884,0.6917351385502966,0.2182961686346243,-0.377158726978033,-0.1894796600821033
E01002528,1.163521684030022,-0.5281974724407438,-1.3710234889356048,-0.9486118186152632,-1.1642713888564094,-0.6570200019397111,0.5762350822264422,-0.4956941997064029,-0.764457019098301,1.3005690852034473,-0.37859797484214663,-0.4822243048227796,-0.3825410769881829,0.9395775578983706
E01001120,-1.1260475336189557,-0.8246718612855032,-1.2026739145651002,-0.9486118186152632,-0.4183673756905758,-0.6570200019397111,1.2892795259105174,-1.2744793166411337,0.7398357527225332,1.1408706892967375,-0.847082436614558,0.2624719735751502,-1.199556755571845,-0.5721318446255806
E01001872,-0.3717482911499963,1.1860989449663626,1.1145605887314365,-0.9486118186152632,-1.1642713888564094,-0.6570200019397111,-1.5495147243353624,0.6336774923028632,0.24424606297245485,-1.0572853470334265,1.0180621671884307,0.0248904208215503,-0.0069617868240018,-0.5726079529585937
E01004735,1.1717566602798868,-0.8910803431853432,2.251730892255568,2.3853154271258954,1.910336776742808,3.060495772736628,1.0186349195486784,1.0666563020828683,3.5861563054625827,5.371088435033164,3.1175278652406453,4.67471936566332,4.156934168097129,3.3251556552963004
E01001337,1.192282645857908,-2.077310008230824,-0.1251662242188758,-0.3916639064798042,-0.5244853057369662,-0.6570200019397111,1.1450348730693174,-1.08437810075881,-0.7833535462942467,0.04902309233689198,-0.7523108145250398,0.9443233729382357,0.7400528650077548,1.952898701023997
E01002818,-0.7499426481773693,-0.1127345383539944,2.103137848284068,1.7387491456256006,2.1208053157192706,0.8947053626507718,-0.3353316413988716,1.880916520895949,-0.6709777090048135,3.6568291368367873,-0.300023017826056,3.34771667325051,2.5380170891610563,1.7931360622169277
E01004681,-0.8340131519819592,0.3498761901959086,1.683180380918999,1.799294021713126,0.4664804623677376,2.3298462728599563,0.3747386857317766,1.899986663479566,-1.943122433661352,3.0285363968523766,0.8730835302486182,1.9346531707623749,2.306917526752692,0.6062400642910813
E01004173,-0.6266638246159605,-0.3889145478614714,-0.536331584491556,-0.9486118186152632,-1.1642713888564094,-0.6570200019397111,-1.1375995816857507,-0.5180264875405409,0.4117306672647251,0.5087704797453407,0.7474256793657865,-1.1580196758361605,-0.9518972566924936,-0.9415611250536354
E01003847,-1.6362473308307288,-2.7484279461558105,-1.374040921370845,0.5985330995562417,0.3761635292408834,-0.2480008201170904,0.9190020150088808,-1.416661224765967,0.4057906799604209,-0.8224089715852061,-0.22791325341146107,0.8637610226312652,1.5291033074499598,-0.4613822894186934
E01004546,-1.6501361713715454,0.9621607543005974,1.1014330907154513,-0.9486118186152632,-1.1642713888564094,-0.6570200019397111,-1.3539665609475504,0.2288668475537618,1.0841724705153202,-1.0448324472666144,0.8895831125000635,-0.8775475438968284,-1.2707498536057895,-2.0246878349093813
E01002952,-1.69684200681854,-2.857223762926081,-2.1159856188967714,-0.9486118186152632,-1.1642713888564094,-0.6570200019397111,-0.202983454771379,-1.3987203770681054,1.1148591386113005,2.0072489661054096,0.1333641898476207,-0.9499346206539728,0.4344421147993555,-1.2363610595847354
E01001381,-0.0948318509866321,-0.2685035503940833,0.7983885895631575,1.1641708318387334,0.9228765109344746,-0.6570200019397111,1.1703148637734455,0.945819943090706,0.06230642291918342,0.9294607084422941,-0.7689202740665019,0.6372505074368204,0.873699240384524,0.6907715019036704
E01000493,-0.798246314837024,0.1101002597001783,-0.0384291801260866,-0.9486118186152632,-1.1642713888564094,-0.6570200019397111,-1.560667661410713,-0.0689203480666852,0.5244637953225888,0.03645437444730054,1.025389869927311,-0.7918574923838732,-0.5132608726095491,-1.318042649875954
E01003170,-0.7780890595388475,-0.4218281027570611,-0.1212982723037443,-0.9486118186152632,-0.438604435465843,-0.6570200019397111,0.3122822381098139,-0.2174126264437228,0.5112200754074816,0.1150649746849443,-0.20517567668864728,-0.1881826173045751,0.5620803774973075,-0.8543762605074792
E01001735,1.167208986828469,0.5118429584257963,0.8146576353082571,-0.9486118186152632,-1.1642713888564094,1.13727047075477,-0.2490822613494946,-0.0545987311065712,1.3274323139196111,-0.7727938609785756,-0.2832739006216024,0.5860055663298946,0.903084939699174,0.4762522168735384
E01004292,-1.4819951637623656,0.448642473989545,0.9174061424659614,0.221889235992611,0.2100825131337243,1.0566511607285043,-1.6580699785354405,-0.1318321943073173,-1.5659519099835335,0.20356254804670063,-1.7520015673885594,-0.1823852620865588,1.2015500736910436,-1.5466627767397312
E01004094,-1.929756633587104,-0.2465977047396064,-0.1631035485984266,0.7406582120783778,0.9941016943356746,0.6238056832319261,1.3428136238721995,0.0080712374263298,-1.203793155286145,-0.12080398268854944,0.837654770092736,-0.7865459785362315,-1.6713792852387996,-0.7102627053231821
E01002419,-1.806477810025695,-0.4489420479091759,-0.3128992498614277,-0.0962811164047851,-1.1642713888564094,-0.6570200019397111,1.2141830829364904,-0.0270471371842055,1.1868920542471273,0.030126289098878056,-0.7977425715060973,-1.0539696449129357,-0.8539842708655356,-1.28414228995872
E01002395,0.2688591150335163,0.0106589056766501,-0.9299842434424358,-0.9486118186152632,-1.1642713888564094,-0.6570200019397111,-0.2438775573809975,0.3949710099212815,-0.17664581628082987,0.8821940444554687,0.160232433223515,-1.0045779192527278,-1.06153324313107,-0.6025263085874665
E01001428,1.2883983388040912,0.4098377878843993,-0.567712751216294,0.1927226909286881,-0.1390238363017088,1.01394990301161,-1.099679595629559,0.5846989416566051,1.3063713706707276,-0.10941112908893304,-1.1150200193324378,-0.2338273534793372,0.59848266467665,0.2141776098851458
E01000771,-1.8079527311450736,-0.7880923048563474,-0.1296212948431263,0.8413583204675757,0.9950690839073256,-0.6570200019397111,1.0565549056048702,-0.0887843150927886,1.1878611069238423,-0.10905795492604517,-0.6941777061299231,-0.5980763375777352,-0.4171921872134116,-0.9028883156205034
E01003323,1.120626061474756,0.1179762234286943,-0.2457000537123178,0.1518812829021302,-0.1757111994471968,-0.6570200019397111,-0.8691855627389822,-1.1360650639278158,-0.736273737083835,-0.037317239366949126,0.5710723001167349,-0.1455770175455801,-0.4775859895695354,0.1767980193763181
E01002707,0.6084597027704781,0.8873447448437725,1.6401073150264105,1.6076047151497082,1.1319482760423458,1.770223979666165,0.633486825879908,2.5828508544261166,1.0771099565048476,2.636644252987985,1.1214135699752177,1.450013307325111,1.426088829909934,0.6220330918087236
E01000906,-1.0643466667916106,0.3296088418354556,0.6410302563505693,0.832709997850319,0.7818063606644859,-0.6570200019397111,0.469910415441434,0.7733056088246688,0.699297049079949,0.533792303387672,-0.30874054206482143,0.9034149476199616,0.9674588249790658,-0.3161189291681314
E01001190,0.7370236603429943,-0.3506086557882249,-0.6259409017744236,-0.9486118186152632,-1.1642713888564094,-0.6570200019397111,-1.553232370027146,-0.9577787515470836,-0.4842392867481671,0.5937749371779139,1.0205047347680576,-0.5343401588984952,-0.4644931474061604,-0.305953840763313
E01001044,-1.0967949314179437,-0.7454656859159069,-0.3571140461593531,-0.2758241632099774,-1.1642713888564094,-0.6570200019397111,-1.2364889570871918,-0.1719366164470949,0.7206162079676827,0.0985006829524328,0.8123979769838581,-0.5179399540041396,0.1820993993449312,-0.8008898601679134
E01001392,-1.023048875449005,0.504180890539463,0.1765835979194862,-0.9486118186152632,-0.143601163852004,-0.6570200019397111,-0.9651008215869964,0.4418619112654851,0.6721635741319245,-0.1675092879600302,0.6340905436711052,-1.537915587518531,-1.1427787427763434,-1.2021171119731384
E01004263,1.0617521267928869,1.0002070792947302,0.4372206633011547,-0.9486118186152632,-1.1642713888564094,-0.6570200019397111,-0.1197081912754287,1.3959643903922585,-0.697592384404955,-0.4147526885502801,0.07865067606398148,-0.1378432736390618,-0.1447105440562732,0.638082782232028
E01001149,-0.3147180078673505,0.4619769229410516,-0.0818389070166582,-0.9486118186152632,-1.1642713888564094,-0.6570200019397111,-0.4795762942400716,-0.012243867913269,0.20677602613946863,0.07763335441855757,0.3150912177718513,-1.1760832870318638,-1.7341907856091137,-0.4188288368314405
E01001182,0.2813959445482358,0.3754378918332172,0.1913416206644492,-0.9486118186152632,-1.1642713888564094,-0.6570200019397111,1.0617596095733672,1.052403421064531,-0.18488276403290874,-0.18150892275529498,-0.6975973007414007,-0.3443503544517271,0.2537922796939456,0.2660978105072334
E01003731,0.6641379750270267,0.3146524639448823,-0.5998762088452075,-0.9486118186152632,-1.1642713888564094,-0.6570200019397111,-0.3977880890208345,-0.5315322070526178,-0.43635193364049285,0.5690496614166818,0.2613547310200627,-0.3810337097074003,-0.0206975491373797,0.6233677925108849
E01002516,-1.5167787201610483,-1.578547597338692,-1.2603440405196764,-0.9486118186152632,-1.1642713888564094,-0.6570200019397111,-0.777731478721108,-0.9475248986079426,0.9965539576623245,1.1955772523582793,0.5109851376579168,-0.9924467253766528,-1.237150638879656,-1.2488952683253167
E01003657,-0.7977546744638978,-0.6360156968786357,-0.4949758753189795,0.2421291363702892,0.7440066621153689,0.3511039398039406,0.7115573854073617,-0.097990355455866,-0.2800948092012846,-0.11984808121511246,0.2498306014131157,0.1400812958697126,0.2938999092484132,-0.1384414797079447
E01000066,0.6143593872479932,0.3223155126053567,-0.0107463258220946,-0.9486118186152632,-1.1642713888564094,-0.6570200019397111,0.4766021776866445,-0.3297384108328234,-0.40364640580135625,0.010194091681529321,-0.3131371637081497,-0.8722152690551482,-0.5275313471489319,-0.2142313214453366
E01002040,1.540855670404424,0.8770966343899297,0.1184721652340896,0.227353588743973,0.4125535749780512,-0.6570200019397111,-1.503415917757247,0.0147540913392173,-1.0123729955579295,0.02693507193223922,0.987774329201059,0.1838467246837312,0.7115125737881397,1.1536845643872864
E01002389,-1.9357792281579007,-2.021798640581718,-1.817044555972776,-0.9486118186152632,-1.1642713888564094,-0.0186855720323091,1.7316793632327536,-1.3225109999105182,0.03617114220639217,1.7236699407462983,-0.032357419478548775,-1.5543568872835,-1.2752568190518083,-1.8630412292739376
E01033487,-1.0196073928371212,2.478271361686264,2.851615776646074,1.2045517663697691,0.7698904868218099,-0.6570200019397111,-1.7071429016669828,-0.4530800554213752,0.6699024512195891,3.4349188207669292,1.1216270325646052,-0.4726284749494807,0.331868038295471,-2.2123251178759413
E01001128,1.153320146287652,-0.1497728144726701,-1.1230488855103178,0.0288731678457445,-1.1642713888564094,-0.6570200019397111,0.3219481169084506,-0.7454596031571665,-0.757754404751021,-0.032425978970315704,-0.21152635239567655,-0.6722982165012292,-1.3687722657276322,0.2604849140517937
E01004648,-1.0579553419409693,0.4058686800178757,0.5535556717349629,1.2701046107480685,1.2741750212775302,0.8004620135136981,0.4758586485482878,0.869939313334348,-0.8468530632176412,0.7030736109763206,0.38090677196486966,-0.0638429887902148,0.8248576115566983,-0.6978688116880546
E01003862,-0.1226095320682656,0.1773360951824274,0.4388573938263852,0.6147030275511935,0.2400362058951245,-0.6570200019397111,1.6498911580135165,0.4747720349253277,0.08055691499731893,0.26976696864830546,-1.0840114918383528,0.663835554840114,0.5104293893215259,0.1120533261144529
E01000984,0.9355234609927204,0.4475071190357923,0.333112839918997,-0.9486118186152632,-0.1705302435022621,-0.6570200019397111,-0.7583997211238338,-0.3593327476964982,-0.6146576261560824,-0.31599477687965477,0.49828378624385766,-0.2371343964952779,-0.3491522302028667,0.1444650167110967
E01001130,1.2493129291405538,0.6323682837005764,-0.8032828865925477,-0.9486118186152632,-1.1642713888564094,-0.6570200019397111,-1.3985783092489523,-0.5137960382426109,-0.8208235831272328,0.7620036399130748,0.9188939234555845,-0.7568586109856247,-1.873753731321682,0.5668298987458705
E01000200,-1.194508455576787,-0.148921699468006,-0.5236829641333188,-0.9486118186152632,-1.1642713888564094,-0.6570200019397111,0.8676985044622686,0.577543926733431,0.7848159478000619,0.49677184898433924,-0.5700952730848842,-1.1550375516619316,0.4943589839590012,-0.8721233789397803
E01004471,1.051550589050517,0.6677953465898997,0.4725132934083483,0.2726540000972604,0.5997655081219313,-0.6570200019397111,-0.4104280843728984,-0.2089846690635014,-0.690889770057675,0.12883263954691662,0.2696594607907936,-0.6050962162601746,-0.3728833354163913,0.1464991108856736
E01002192,-1.6442364868940305,-1.044304599205411,-0.8772259733983208,0.7327467568985284,0.6228663318917305,-0.6570200019397111,1.0736560757870743,-0.8050408977063512,1.0802962598084596,-0.6427844870747743,-0.7054135169962062,-0.4933319256829312,-0.0881217755813806,-1.1072698354327444
E01032782,0.0710967749434794,1.7822808009356537,2.137520823275264,1.180890521311286,0.2064580185553153,-0.6570200019397111,-0.4461174830140201,1.4625502446260874,-0.046712003211272037,2.5241780793112554,0.29310810955521055,0.4903470645509211,1.1338489497926314,1.236976139195891
E01002128,-0.1207658806690422,0.4632332374233737,0.437657314002287,-0.9486118186152632,1.2236051480975825,-0.6570200019397111,0.5234445134031166,-0.7073946077110426,0.07934559915142503,-0.4151669005659808,-0.3439135152114468,-0.2361888201888727,-0.7677578298186395,0.4402631595647436
E01002481,0.0183683449256884,-0.7981383393770095,-1.05990646779387,-0.1949298804620787,-1.1642713888564094,-0.6570200019397111,1.1398301691008204,-0.4300398557773392,-0.012068370018705074,0.20660744106804318,-0.7488912199135622,-0.6564511174265755,0.6231723428786416,-0.1360760882463157
E01003715,0.0591744958951677,0.7502841892786204,0.1574818798989824,0.192203541827818,0.5198166656646559,-0.6570200019397111,0.9814584626308434,0.2296550464823047,-0.03887882740782451,0.030268575090287474,-0.6448378410214626,-0.5496306128036993,-0.6100957633759881,0.2392703458954654
E01003601,1.2505420300733694,-0.3766048823642231,0.7662162592031986,1.0793432280477055,0.939673486230811,-0.6570200019397111,-0.1405270071494163,-0.0414791704413389,-0.8216311270244955,0.8270103305910178,0.09232905450989129,0.854798896974653,0.6466226790883202,3.1463956187551827
E01000239,0.2713173168991475,-0.7117287065098816,-0.3000517601880926,0.503970990811755,-0.5470429070761957,-0.6570200019397111,-0.0401505734712619,-0.1049566496742763,-0.1782609040753551,-0.15121738287680414,0.026379729859969007,-0.2101096137750922,0.7235800282077096,0.2109156249864566
E01003918,1.141274957146059,1.0050714022935967,0.8952888540594613,-0.9486118186152632,-1.1642713888564094,-0.6570200019397111,-1.609740584542255,0.9983357064297148,-0.7498404745578474,-0.8492815880353206,1.0576317619783842,0.4623718733412085,1.3563736185617512,0.4883691182738489
E01002030,0.2891392804249743,-0.4897840823179551,-0.0745155470097941,-0.0751075666454103,0.6427312260715833,0.6218332217938454,1.034992560592526,-1.1334691173456692,0.17979641029381588,0.005596681413157314,0.6435927584859122,0.6738887272456311,1.551410826229741,0.7105932118680109
E01003254,-0.8094311333256464,-0.7889977714463752,-0.548705701400059,0.188504872959,-0.4337225886675935,-0.6570200019397111,1.0625031387117236,-0.6612324786378202,0.5318124447876788,-0.10343369853429712,-0.6980858142573259,-0.0393826285412433,0.1963873101453969,-0.3350424594340564
E01004421,0.5638433389092703,1.0028903666349802,0.3574972713702332,-0.9486118186152632,0.6317171536904596,-0.6570200019397111,0.7859102992430317,0.6444962631116893,-0.370456351623862,-0.3391261367445112,-0.5163587863330956,-0.5023718530872744,-1.4098431196530343,-0.2976508511886681
E01001460,1.2942980232816064,1.0513514506278052,0.516275493032487,0.6941071739670002,0.936262393198159,-0.6570200019397111,-1.3093548126461485,-0.1571012153528906,-0.8503796897670453,0.35835052345719925,0.8602723015445426,-0.3782015200134654,-0.0507054212234984,0.8063926813849217
E01000728,0.2596408580373989,-3.529677761169295,-2.2249913735500217,-0.1111979177738162,-0.0938856935520062,-0.394556829987857,1.547284136920292,-1.7212298402044024,-0.10244307388256331,0.24741440780346569,-0.6104915241537677,1.3430665489519775,0.8034006596573038,0.4236644797528963
E01001174,0.3577231124760872,-0.1296995019877063,-0.7690251226529432,-0.9486118186152632,-1.1642713888564094,-0.6570200019397111,0.1487058276713399,-0.471748102511289,-0.23503124005291828,0.7295063201606343,-0.0977027031850701,-0.9305718809072264,-0.8549432878122222,-0.206486705657871
E01002587,0.4953824169514391,0.3488579174740666,-0.4645338914287595,0.3559561387445517,-1.1642713888564094,-0.6570200019397111,1.1747760386035853,0.3522128024796083,-0.3254761565463333,-0.16535369030896202,-0.7718513551620537,-0.120017312908892,-0.3371673424158653,0.5457767219906381
E01002700,-0.6433795973022531,-0.0670217996231501,0.208380205490753,0.1307640322900002,-1.1642713888564094,0.9232393768068358,-0.3204610586317377,0.6927672807725633,-0.5939933784635651,0.0272486359193897,-0.29586226806202437,0.4510945233350979,0.1806981898943009,-0.7096119295407806
E01001876,1.2573020852038554,-1.5061871522925308,0.8493355358796341,-0.518218176971689,-0.777653772337922,-0.6570200019397111,-1.5487711951970058,-1.2515688397184837,-0.8260726184594399,-0.44014111304081655,1.0175736536725055,0.4895400856863875,1.0099476416373,1.491624570558964
E01002638,0.9454791785485273,-1.451464229137838,-1.992753838685512,-0.0552713624464554,-0.5192297315664455,-0.6570200019397111,-0.5569033246291683,-1.2572904224618668,-0.6211987317239098,0.11014221968455225,0.3658966234280877,0.2017252685883155,0.1030672578518768,0.4292567745901647
E01001086,-0.2397428509655963,-0.0561577002232118,-0.418001627226415,-0.9486118186152632,-1.1642713888564094,-0.6570200019397111,-0.388865739360554,-0.8391831264443274,0.15751584840644794,0.3965212837873888,0.2554925688289584,-0.6849011718808432,-0.3786316118333222,-0.2240690456203163
E01003889,-1.886369370658712,-3.3956460261035333,-2.9208385263275183,-0.4034576840898518,-0.8633850094088663,-0.166629087458807,-1.1390866399624642,-1.720798720470266,0.31432400684310524,1.178434747432516,0.18980496735346405,-0.1767316635054178,0.0676842226562213,-1.0691497104397436
E01000327,-1.4908446904786383,-0.8745537840105988,-1.162050145158466,-0.9486118186152632,0.1951870651145071,0.4172875608652527,1.4022959549407354,-0.841627147859806,-0.6221109445187436,1.102334501520903,0.5851606586484298,-1.227934860374257,-1.5722844671257443,-0.9657101307834968
E01001472,-0.5967966719485404,-0.27229057420274,-0.3667984172722499,0.7961689180724545,0.8401662953399837,-0.6570200019397111,-1.0283007983473158,0.4458732477380005,0.39210735056124313,-0.2920334990303359,0.67561419252476,-0.2554205477354124,0.1621658855548454,-0.6200240584487857
E01001085,-0.0279687602414612,0.2129408464194549,0.2091916103444094,1.0758976854322162,1.0827853256930036,-0.6570200019397111,-0.5531856789373848,0.7667607232898837,0.018376034908096153,0.22506876938138812,0.36345405584846097,0.601701942376905,0.4444530174930642,0.5938820832876913
E01003868,-1.7940638906042572,0.5343044522795789,1.0866249709826674,1.694027241987219,1.745953985392255,1.1504875387040294,1.6000747057436178,0.4051433003623694,-2.064048149779067,1.8407723026682101,1.840866009953549,-0.0875978599840877,-0.867676419423466,-1.517882868983152
E01001851,-0.6690678067981001,0.8261841096154142,1.168596528499559,1.0270636094300518,0.8673881877314765,-0.6570200019397111,-0.7591432502621905,1.5675015305267253,0.43959093172028596,1.2002229685281856,0.49877229975978304,-0.4820296247023776,0.5475176973252278,-0.9963321842911932
E01002828,-0.2934545617296399,0.5747331463588564,1.0105742127189432,1.7191014403224338,1.3253593097645942,1.92681144888039,0.402992792989331,1.6529606207235712,-0.5654316092668473,1.7372795846378448,0.776491127348128,0.8212682448728083,1.7989227511081938,-0.0738541443050212
E01002954,-0.8117664250979961,-0.3900617677752029,2.312411148077977,0.0182686488059711,0.0116369445387831,0.7585405977233214,0.1509364150864101,0.5365589394772577,-0.6157577893055578,0.042244627159248996,0.11449139851786086,1.1884725201245443,1.099201009360135,1.8579020238960604
E01003080,-0.0428408815285305,0.6657814926613626,0.4329711213785124,-0.9486118186152632,0.284613124622111,-0.6570200019397111,-0.7680655999224709,0.9079411721733108,0.028147316064974042,-0.4107215228587605,0.5046344619508872,-0.6234245583295236,-0.4326062567096141,-0.2623174365134971
E01003154,0.7882771692414066,0.4015023135924717,0.0721732354454734,-0.9486118186152632,-0.2065006211036043,-0.6570200019397111,-0.5308798047866837,-0.3879282859779282,-0.5179138672640189,-0.0684643841312781,0.3487986503707004,-0.1909865841282565,-0.3876959245864181,0.0078828645362268
E01001567,-1.6941379847663454,-0.6607773143746545,-0.552936880826465,-0.1243434095297234,0.4624853846084313,0.5497495241428627,0.782192653551248,-0.2683596706870894,-0.9313515509576468,0.068754057016693,0.4300100390778417,-1.218336399246148,-0.2818777702384801,-1.5403666542232817
E01002024,-0.1163411173109059,-0.00720780241816,0.2500953520042008,0.7672698892373601,0.9798184499650286,1.5350540804460562,-1.6379946917998096,-0.4775630049307069,-0.1785899068517594,0.19189063303104173,-2.514410435396278,0.0907073615225312,0.3762512816518412,-0.3634482828789209
E01000465,0.8182672320021082,-0.3131000432689352,-0.6405472395978495,-0.0513709304660881,-0.057775714395615,-0.6570200019397111,-1.720154661588225,-0.9457880908892444,-0.5376179383572272,0.0329055077056258,1.1301760190932988,-0.5283537793717694,-1.0578291431620412,0.6528859894006884
E01002274,-1.5118623164297855,-0.5358132984376751,-0.6424472097323156,-0.1179435386719715,0.9146142570482784,-0.6570200019397111,1.1740325094652286,-0.728093585341703,0.9933237820732738,0.07577249732576356,-0.7713628416461284,0.1019170661434434,-1.2604044286529603,-1.18264747417654
E01003383,-1.6432532061477778,-0.2793461708501178,0.7948432917789708,1.4077239323270034,1.1473088566770528,1.7185470728617156,-0.8989267282732502,0.5901777373671493,-2.824007987395893,1.1189199242868326,-1.5448478975911528,2.646289880675445,0.4416261822584543,1.4303025832794758
E01033700,0.9063937688849896,1.4237083750673205,2.069713280261341,2.0489688223190288,1.7192890654754254,3.1531708436191765,0.1263999535206389,0.5708952328342709,2.8580144048862475,4.240777982395134,0.39856064807609765,2.069207461141636,2.1887103116432765,0.8543018906601327
E01000375,-0.067791630464688,-0.6406337402156653,-0.4867666951795878,0.2497809615002406,0.4345572763223943,-0.6570200019397111,-0.8847996746444727,-0.3763128853608271,0.04454045717940549,-0.12158505314825198,0.5813310839511673,-0.4645046294169139,-1.0410210638224802,-0.2766659913108472
E01001184,-0.2138088212831863,-0.1886348895094667,-0.8293183721825347,-0.9486118186152632,-1.1642713888564094,-0.6570200019397111,-0.2966681262043233,-0.2953430821354961,0.1404766721742064,0.786701209247124,0.19491689285421496,-0.833541863118885,-0.7888211897481926,0.3101020078468847
E01003692,-0.4890045201406085,0.390312832773966,-0.2191366405653556,-0.9486118186152632,-1.1642713888564094,-0.6570200019397111,0.4498351287058031,-0.1776903484082406,0.3212857507713101,0.20787560713194123,-0.29555067713483696,-0.4108652793967278,-0.9418423997341708,0.6618723079830469
E01002265,-0.8916579857310128,-1.36615417654995,-1.435163736006971,0.1555031414608998,0.1460225920683231,-0.6570200019397111,1.4454206449654243,-0.8389229760155138,0.585837131514549,-0.22317246945984545,-0.9496702749588816,0.0860275089918526,-0.7343465639538455,-0.9302612891975056
E01001928,0.1798722074976637,0.2318666374199954,0.4625767467196308,0.951678217333116,0.4322878861383524,1.3994062977424997,-0.0810446760808804,0.064453585082134,0.25171429996107625,0.4402242136978905,-0.11341443010608496,0.3374606472436664,0.0421787720308092,-0.4263792655429248
E01001102,-1.5767588456824515,-1.6695915691254324,-1.4073426982772193,0.5413206108973662,0.5121448744809464,-0.6570200019397111,1.5264653210463044,-0.8164633841713678,1.0359620998487409,-0.761823609173372,-1.0029182481947447,-0.791201170042843,-0.3657207516250028,-0.9942553096424456
E01000027,1.257424995297137,-2.365680389109659,-2.4184897406745245,-0.6523710810993918,-0.5931815164494056,-0.2233089795617072,1.5703335402093497,-1.3083509900332846,-0.2807942925751881,1.5777527667516273,-0.350669580435673,-0.4327330070729138,-0.643383331952282,0.9211214039541272
E01002172,-0.7268355506404353,-0.8169957708135498,0.2857264053380263,-0.9486118186152632,-1.1642713888564094,-0.6570200019397111,1.5346441415682284,-1.1364701534485628,0.4775454948916298,-0.271043444994107,-1.0082918968699237,-0.4546292702577831,-0.713298745545046,-0.6801282604286594
E01001737,0.528691052230743,1.09045586535188,1.3877454253508388,1.0306906924043673,0.6137131005454723,-0.6570200019397111,-1.6870676149313515,-0.6781934244951946,-0.34736059616215065,1.4303362933358492,1.1084371676346203,0.1597334730258291,-0.1307713083242276,-0.3685047314609067
E01004166,-0.9230000595178116,-0.2911927365952676,-0.2277058861673743,0.5421159471112276,-0.3202802803218897,0.7185343594372626,1.014917273856895,0.0828891243761494,-0.6632072565261861,-0.12344299214242749,0.7292529332525769,-0.6914765685368872,-0.2561775887251741,-0.3711122018673186
E01004389,0.9580160080632468,-0.8977170088164338,-0.7982591643746225,-0.9486118186152632,-1.1642713888564094,0.3695732164410349,0.6654585788292461,-0.3053305236054688,0.35405705750193456,0.757238077643711,0.24593566738620445,-0.6162887229935703,-0.5941880437750392,0.1194160013545995
E01002589,0.4191781591168693,-1.560162256478503,-0.3393546380718016,-0.5463730555624403,-0.327940213503161,-0.0681226523496437,1.0387102062843097,-0.8458875899681734,-0.028555528006082114,0.18541423052257627,-0.07075969427473272,0.0503811322610827,0.5212234928275603,0.8313716679522258
E01003941,-0.0731996745690768,1.2893788929249157,1.6471644023517529,1.7801821097029318,1.4789277750754124,1.3911340928005465,0.3226916460468076,2.086426605389361,-0.10183056287494789,2.932252600806112,0.4489073502776407,1.4958376978319472,1.3946295840314176,0.0146149096041974
E01000477,0.445480919079124,-0.335073972450215,0.5084424282360018,0.106326703569007,-0.0355727342509031,0.8874619246149289,-0.1145034873069318,0.8066690698602264,0.3953473538251868,0.054061007348955484,-0.10161748522053078,0.2072352812668178,0.4524196610597698,0.3809565992409902
E01001116,0.8317873422630803,0.2820931333144609,0.0564372477740698,-0.9486118186152632,0.3921689211043782,-0.6570200019397111,0.1197081912754285,0.5373474497929422,-0.5465009212271161,-0.053537040248600565,-0.07865067606398135,0.964017792059384,0.9277895701988248,1.4035056436409294
E01000095,1.0254936492748254,-2.855490285710752,-0.7957022352351962,-0.4686839281154286,-0.0151708611883556,-0.6570200019397111,1.1457784022076742,-1.277959950797013,-0.6737698394357072,0.37293284922025854,-0.7527993280409653,2.1044415854713288,1.9238309955815684,1.7573567262114085
E01003776,0.4764542625860782,-0.6041157832013865,-0.3793808381749293,0.3676062670882977,-0.165701659305238,0.5009558723671901,1.1524701644528843,0.5443701756959616,0.23868256075687505,-0.1394627737263153,0.5773366966106537,-0.490690071012109,0.2328665199696848,0.0999705896561647
E01002453,-0.9486882690136588,-0.282167569130887,-0.9415148309428156,-0.9486118186152632,-1.1642713888564094,-0.6570200019397111,-0.158371706469977,1.2731259732071722,0.6233071683475353,0.8931320960339064,0.10405337889209965,-1.469082464129064,-1.3634305674633924,-0.8445530444454855
E01000296,-0.8245490747992787,-6.900432093261503e-05,0.6677391993454015,0.5865859947406324,0.2147790014269564,0.7754630704929978,0.9294114229458744,0.935630828055787,-0.6394073573160092,0.3916864624753358,0.720724235788874,1.0880004305998148,0.8339651347699527,0.506498975538742
E01000479,-0.3415124082027315,-0.4706593661206164,-0.9292076138844988,-0.9486118186152632,-1.1642713888564094,-0.6570200019397111,0.9561784719267156,0.2267935185030544,0.22438048309979405,0.8814573244781237,-0.6282283814800007,-0.7356080921137341,-0.1216997341447547,-0.3942015541665105
E01000225,-0.987773678677196,-0.3824710725132719,-1.088963132323438,-0.9486118186152632,-1.1642713888564094,-0.6570200019397111,0.8721596792924086,-0.792662719427278,0.6489870642804869,1.03300329735831,-0.5730263541804361,-1.0854031680010077,-0.0608425488357271,-2.4516274698368226
E01002321,-1.2006539602408652,-0.9852347189194568,-0.7503042671352986,0.8953747005210362,1.0449999902459026,0.3110915917011146,0.3085645924180302,-0.2650314962297546,-0.37351335157357757,-0.6718034584859235,0.09599185019793069,0.2197923703448789,-0.6540492776318462,-0.2539121107099268
E01001423,1.0037385627639883,0.1557882810228122,-0.3268865680154612,0.0990416445811011,-1.1642713888564094,0.8767962396445779,-0.5286492173716136,0.0365739824629783,0.8800741974177181,-0.032375383287723235,-0.4635176458824799,-0.2036163287155736,0.1190831487208101,0.7268726454692532
E01000247,-1.106504828787187,-0.3206151526136834,-0.388937326083444,-0.0554872444754908,-1.1642713888564094,-0.6570200019397111,1.2461548358858283,-0.5367379489974703,0.7269958047560573,0.02158106049803574,-0.8187486526908873,-0.822450090792339,-0.9255105798560948,-0.981068180216226
E01003807,-1.4684750535013935,0.3892489901715563,1.2205290405559497,1.877395553408102,2.0711409635356084,1.4240011181044885,1.440215940996927,0.94431654766801,-2.091110118094533,2.291415793545197,2.050869110291532,1.309984314232905,1.6060507573092049,0.066946496204831
E01000625,0.3573543821962425,-0.3464210909974326,-0.857279624991967,-0.9486118186152632,-1.1642713888564094,-0.6570200019397111,0.7160185602375015,0.2201129922967241,-0.2347889768837395,0.8132255841254407,-0.4704385158361124,-0.70999524722991,-0.0310856261912577,-0.0235306420705144
E01004359,-0.7468698958453303,-0.0782164056170469,-0.2254074840711948,0.0224294497416869,0.623339892438274,-0.6570200019397111,0.6468703503703288,0.1461525404480526,0.4907084604170107,-0.005055765835374954,-0.425006758855055,-0.9409367719659965,-1.3022159583298212,-1.0814661952692597
E01003699,-0.5800808992622476,-2.015861352110528,-1.47706072223908,0.0490819850541417,0.4039623127466606,-0.6570200019397111,0.0743529138356699,-1.433548408448308,0.38112475355847125,-0.07249707229299826,-0.04885135159253501,0.0765392838885826,0.1010562470224315,0.0188212767839527
E01000693,-0.8840375599475558,-3.598984456904732,-2.432199956244714,-0.9486118186152632,-0.8756558565285241,-0.186628370748111,1.5859476521148403,-1.4486767913799057,0.16498648949314787,2.3072136237292615,-0.2959828264059846,0.6974141045541403,-0.0888486071559337,0.350512201203256
E01033601,1.0216834363830969,2.062671837273981,1.2132918569968147,0.7569771261085474,1.4171637815960554,-0.6570200019397111,-0.926437306392448,2.485410105972645,-0.671266453354193,0.9184341830403515,0.608687840842987,0.1246979415422563,0.5789974823807074,0.0682411659194116
E01004644,-0.0800826397928444,-0.3092962003035624,0.0201488487736671,-0.2212787780059712,-1.1642713888564094,-0.6570200019397111,0.1598587647466902,0.187399548761712,0.05261589615203181,-0.004458512634864167,-0.10503040592395022,-0.1224669917744568,0.4264096079211313,1.1831030769060042
E01002944,-0.6562851570968175,-0.7975239717553276,0.1583398428706131,-0.9486118186152632,-1.1642713888564094,-0.6570200019397111,-1.2617689477913194,-0.6281986276417746,0.4311924751887546,-0.15020304630474732,0.8290074365253199,-0.3963003877339088,-0.3920163961432945,-0.4435085434314682
E01003155,0.0175079742727174,0.4536873546755388,0.4625000731143258,0.9118980185521312,0.5070030193992369,0.9944798352418586,-0.6022586020689268,0.2872008325920758,0.0174113273701507,0.42175290025316947,-0.5989340353584983,0.0876837072794383,-0.4723846158047158,-0.5161345456214169
E01000812,-1.0976553020709143,-0.8581160407551022,-1.0228085472930109,0.3030846122032692,0.6297111059744211,0.880805500725773,1.1799807425720823,-0.488714577410154,-0.9668208279648713,-0.3099975319144913,1.0393335288079724,-0.9243937702701918,-0.2253394353062919,-0.6992972434562279
E01003956,-0.8660926863284475,0.9935205635830276,1.0942147597103684,-0.9486118186152632,0.0247040447313636,1.280797028006934,-0.8416749846197843,0.5248625324265264,-1.1092889386280174,-1.0379850531645158,-1.0780148188488017,-0.46271121818292,-0.2090813482780177,-1.2928684409857956
E01003149,-0.4169792054776119,-0.2838758733484001,0.0809099977810651,-0.9486118186152632,-1.1642713888564094,-0.6570200019397111,0.1843952263124613,-0.3403213173782975,0.27396367839171976,-0.07675218013925307,-0.1211513519494868,-0.5788121862430387,-1.1892027811889672,-0.8784780293576107
E01003027,-1.1179354674623725,0.4675065245515222,0.642683617311128,0.3208595453078325,-0.0239199861633573,-0.6570200019397111,-0.7212232642059988,-0.9404872070681716,0.7345059630005998,0.20621117322724156,0.47385811044759013,-0.352184858450043,0.7936998408328645,-1.8799966480794923
E01003827,-1.3649847549583165,-0.8381851406384516,-0.2090628486888116,1.0067591802142524,1.092390802710172,0.3308787809420604,-0.604489189483997,-0.2463549671494188,-0.4516444917251048,-0.21047594215920423,-0.2000126461091191,-0.2110817248228803,-0.4710329745444768,-0.2567523336292854
E01032512,1.4750987704987872,0.8031827958626458,0.728558110233632,1.030473685720232,1.055590849408767,-0.6570200019397111,0.3717645691783499,-0.7543153712893333,-0.9691693970543787,0.7507599611138178,-0.2442567579626753,0.5374207541928098,1.0753975549684056,1.416199291174921
E01000716,-1.5154267091349511,-0.9073255991845148,-0.7597682541709576,-0.9486118186152632,-1.1642713888564094,-0.6570200019397111,1.0803478380322844,-0.3266859780390471,0.9956656593753356,0.7207251453152557,-0.7098101386395342,-0.6430014962985618,0.0361148422814279,-1.3494539070151732
E01004364,1.0150462913458924,0.2921850042079294,0.6700183267958232,0.430037393663968,0.9140487152475748,0.851468980396085,0.9450255348513652,0.3389919240329689,0.8642804307471145,0.2881329349623686,0.8046599286081568,-0.0661754851653042,-0.7122718479570511,0.3003330698618878
E01002548,1.0133255500399505,-2.0013498203833007,-0.9268345396640874,-0.3709915888403091,0.6273466689130865,-0.6570200019397111,1.1197548823651895,-1.2083471350848718,-0.6657751548528071,0.34384781846205625,-0.7357013549835778,-0.3595296971518784,0.1153610225963419,0.3580645382070887
E01002281,1.103172828228774,-0.3732312639604691,-0.692939316433119,0.0755574588496668,-0.5217495627017723,0.3901755091380693,1.1688278054967318,-0.5691542395629555,0.4304310199214458,-0.05235673388671163,0.4560479841044196,-0.1276398707085555,0.975795033562879,0.8250637465318724
E01002469,-1.446105416524149,-0.1668210471042956,-0.5524746325030362,-0.9486118186152632,-1.1642713888564094,-0.6570200019397111,0.7457597257717695,1.2788020927386805,0.950120183569723,0.5240839658775044,-0.48997905647312645,-1.4546322309914,-0.8871329882498327,-1.462996845525394
E01001950,-1.173613739718921,0.716087253690512,1.2850329953678217,1.1343602398983432,1.619857378168488,-0.6570200019397111,-0.3725080983167066,0.9015753712469295,0.7710877015465971,1.4576903369027288,0.24474527147860067,0.7567803915821437,0.4812610964492214,-0.621241508827202
E01000507,0.3144587596409766,-0.2258489359648533,-0.7449901616550714,-0.9486118186152632,-1.1642713888564094,-0.6570200019397111,-1.5004418012038203,-1.2956636376836304,-0.20660569486927358,0.7067064720980962,0.9858202751373577,-0.4568912066029013,0.1603940007799303,-0.0580444857095724
E01001780,1.2736491276103037,0.9905689308789672,1.1452003097613304,1.8438340056498237,0.9904475643304108,2.7272915452553943,-0.8877737911978995,1.247968767098474,3.47361249735349,2.1115592744186524,-2.421217954833359,2.0529782294546925,1.868459299465174,1.0160763145962193
E01003005,-1.5137059678290092,-0.2392010576270615,-0.0931014996795367,-0.9486118186152632,0.0096075998926756,-0.6570200019397111,1.1405736982391774,0.11783573459817,0.9945350979191679,0.08831718292681365,-0.7493797334294878,-0.9004293476527493,-0.3939994502018817,-1.6441732224751338
E01000815,-2.10465769632677,-1.3245371062355278,-1.5328150965284577,-0.9486118186152632,-1.1642713888564094,-0.6570200019397111,1.4959806263736797,-1.477910184573204,1.3828022037230423,1.4540465163187906,-0.9828891940418053,-1.3880550327874714,-1.194129089185916,-2.176531574015294
E01000544,1.0937087510460934,1.5084304047564243,1.0507392441085468,1.8245248444091655,1.3268051122839597,-0.6570200019397111,-0.5992844855155001,0.0557956571416525,-0.7185885257337833,1.9170998558717505,0.39374189383583263,0.6491589720743237,1.1914067348713695,-0.1266957771002977
E01000545,0.9185618681198646,0.9953734502421996,1.087559372491019,1.889937852902365,1.772575749598591,1.2525530670609013,0.1539105316398368,-0.3791599639855133,1.1505474851987276,2.05541962534952,0.19278110845845148,1.2726596464376403,1.998436587434547,1.165930225968394
E01002622,0.3922608486882067,0.2195160396943352,-0.7503164780330123,-0.9486118186152632,-1.1642713888564094,-0.6570200019397111,0.217854037538513,0.6578898831750163,-0.2577232235659983,0.711759078763895,-0.1431344601661277,-0.116130753668075,-0.6062316784215722,-0.1413669197063829
E01003627,0.801674369409097,1.2320168983339337,0.1941840627466524,-0.9486118186152632,0.7400981272235532,-0.6570200019397111,-1.3517359735324803,-0.7853500786025212,-0.5267160957441815,-0.1842052969082023,0.8881175719522875,-0.5011984137721442,-1.3855019452938708,-0.5298334721612019
E01002318,-1.3680575072903556,-0.4670874880073888,-0.6963066074559235,-0.0931845302031756,0.0869663268166449,-0.6570200019397111,-1.4075006589092327,-1.103745857415407,0.8988411460935458,0.06488500409314725,0.9247560856466888,-1.6737447537481385,-1.5049533022339854,-1.0812974340178003
E01003197,1.472394748446593,-0.0304036873396825,-0.8161286123630046,-0.9486118186152632,-1.1642713888564094,-0.6570200019397111,-0.5606209703209518,0.0304784917169323,-0.9673928004804009,0.7741892471976209,0.3683391910077145,-0.0551017462148842,-0.1551255033295621,1.2310198005793438
E01003264,0.6649983456799976,-0.1241138163888775,-0.4364669360438741,0.0258768020282442,0.0191660790825143,-0.6570200019397111,-0.1301175992124226,0.6613468457690771,-0.4369172143685767,-0.011294368495881653,0.08548986528693646,-0.1544414863905776,0.5182287889406146,0.0445566202668637
E01002610,0.6866305220975529,-2.6222597734350863,-2.6252140716616856,-0.6574550954451217,-0.7299840480180375,-0.6570200019397111,1.4721876939462653,-0.990536513315904,-0.4511299869603991,1.72596036804821,-0.967256761532194,-0.5196931333073089,0.3161643417078201,0.4942319677142382
E01001572,-0.384530940851279,0.3494765812709408,-0.1927879015384412,-0.9486118186152632,-1.1642713888564094,-0.6570200019397111,-1.2350018988104785,1.2406913868496328,0.25264451950398625,0.182880881885401,0.8114209499520075,-0.7605590576436861,-0.651032693247472,-0.6836731933639162
E01001982,1.01406301059964,1.03933861817893,0.510337962272633,-0.9486118186152632,0.0524162109400501,-0.6570200019397111,-0.7189926767909288,0.3221869430636024,-0.6662596811911647,-0.48411262249984993,0.47239256989981415,0.0087494697725716,-0.2539661403699416,0.350205800022444
E01000682,-1.9485618778591836,-0.4903125641122915,-0.8479944634524509,0.4517332445900012,0.8144137611785466,-0.6570200019397111,0.0624564476219627,0.0151651747535905,1.2802441287706878,-0.3830672903697328,-0.0410351353377294,1.5632576810794656,-0.6422228138779627,-1.7071168392301197
E01002582,-0.8215992325605213,0.2331301984610256,0.1349016511506265,0.1464240174951975,-1.1642713888564094,0.9461663660208248,0.8810820289526891,-0.289520528634583,-0.777369560197287,0.019752841728210364,0.8336501815004209,-0.5620529738098379,-0.5234487859956211,-0.9990957756313008
E01003894,-1.8867381009385564,0.2903082561366089,0.4926393759749183,-0.9486118186152632,-0.1620661158937527,0.9763951137864728,1.7116040764971228,-0.2159167226610829,-1.8422018627511754,-0.4673235343650557,1.671201857028799,-1.0403148859101687,-1.179668760106762,-1.0513725651425416
E01000384,-0.8303258491835123,-0.4708326062371656,-0.6209961120000348,-0.1109403002922582,-1.1642713888564094,-0.6570200019397111,-1.3219948079982122,-1.0157886157045577,0.5455406910411436,0.06889349514560866,0.8685770313152734,-0.9213335834097314,-1.156523295713205,-0.7263366263649753
E01002445,0.9208971598922144,0.2034015920492862,-0.8899371099960406,0.4558712587862613,0.0973594701682354,-0.6570200019397111,0.4148892592030383,0.9492487123941664,-0.6050478537786572,-0.4056967505745025,-0.2725905418863455,-0.126954114395571,0.2722764207744611,0.837673928848981
E01000128,0.7094917994479238,0.0694264958894092,-0.5132848201324834,-0.9486118186152632,-1.1642713888564094,-0.6570200019397111,0.5405456835853207,-1.0014465302330473,-0.46615030344948405,0.4869080466934834,-0.3551493260777299,-0.5563113665413114,0.5154770784867948,-0.3145256439707984
E01003056,0.8933652989971439,1.2433923474890771,1.4031134641411496,0.5128003822776427,0.6876553017178411,-0.6570200019397111,-0.9970725745363344,0.8475226176240341,-0.5869588704799741,0.719517120790489,0.6550966248558951,0.0331473895813057,0.5832626811842901,0.0277108902040995
E01002805,0.3891880963561676,0.4495398959112699,1.375645426428644,2.0826963457103247,1.8608584465451292,2.7213360193360416,1.49821121378875,0.7637019893413894,1.059111584910865,2.865051702616058,4.0771361406564965,1.7205939538345103,2.451477794899368,0.9473500156462864
E01002327,-0.3893244344892599,-0.5106011162592242,-1.0742599539272055,-0.9486118186152632,-1.1642713888564094,0.6151400133328192,-0.3301269374303748,-0.6794540085917439,-0.23948903782251563,1.0190556885604354,-0.20307428869244354,-1.2956149784399766,-1.7075172978157718,-1.132492612892857
E01033742,-0.6904541630290922,0.4140401282402203,0.1329763575742244,-0.9486118186152632,-1.1642713888564094,-0.6570200019397111,-1.720154661588225,-1.092643798416382,0.4536421955326558,-0.12614294439131854,1.1301760190932988,-0.8886889245442184,-0.7609753890025164,-0.5156306151107466
E01001690,0.8804597392025797,0.6309064233846341,-0.4395882124842821,-0.9486118186152632,-1.1642713888564094,-0.6570200019397111,-1.720154661588225,0.08424522925648,-0.5784796595587165,0.4169985736865476,1.1301760190932988,-0.4501859066439667,-0.5200815766411155,0.5410854636361132
E01002695,0.351577607812009,0.6045013327418971,1.9574659707544664,2.21588616070363,1.915654036550248,2.5137449586263663,-0.7316326721429928,1.0075323867818744,0.8837764392033554,4.337521754643119,-1.839137941165785,1.8173088041474827,1.619874486402768,2.3524470050234902
E01001007,-0.0020347305590512,0.6684776681699757,-0.2353619268912163,-0.9486118186152632,-1.1642713888564094,-0.6570200019397111,-1.4944935680969669,2.444667850769048,0.0013368586758546088,0.22326710550106932,0.981912167009955,-1.040448018525762,-0.6111653897158896,-0.1869661522954426
E01004662,-0.8410190272990083,0.817528477703905,1.3078777201470762,1.081554594984236,1.5108364383970487,1.4389889957528013,0.3487151658892919,3.384618453599868,-1.2102171255019978,1.4145411579025768,0.5017972863668037,1.751813257576899,2.409445671384159,0.5439484947923896
E01004373,0.6016996476399921,1.1633301781903924,0.8931634545720778,1.6034630966251875,1.060188687954764,-0.6570200019397111,-0.3234351751851646,-0.0400253323979742,-0.3953287036595511,1.432154638660594,0.21250337942752767,0.1512133998317019,-0.4951012215180196,-0.1255817460197024
E01002802,0.623454734150829,1.0238627025755314,1.2383398245836523,0.9777002284958726,0.0340829093179436,2.580968995104866,-1.6833499692395684,0.2325918088142662,1.6091173386946365,1.2107251294509755,-4.3446740785180555,0.428471323001787,-0.3028064464101501,-0.6858810747880212
E01004581,-0.3923971868212991,0.9398171851896922,1.2216435155574688,1.3529045876065109,0.8109459978032326,2.379122353953653,0.1888564011426016,0.350296344299608,-0.9335609187950804,1.6527671166174454,0.44931248564560167,-0.3126057139820619,0.2226769640841886,-0.5708450876512396
E01003997,0.9122934533625048,1.044808668830559,0.8763312927928884,-0.9486118186152632,1.1826344649188567,1.5832449340784869,-1.556950015718929,0.741924422437111,1.444383988429154,-0.8312982213657265,-2.465033225000415,0.5549143435531637,0.2402965416410593,-0.5938778011146971
E01002296,-0.6732467499696733,-4.010463698656428,-3.6392537911201694,-0.5545047915098251,-0.878630846755536,-0.6570200019397111,1.7093734890820529,-1.6011608528534236,0.44233658097097894,2.0179836646964304,-1.123092573112381,-1.0055526602508962,0.6607341714263023,-0.981068180216226
E01002609,-0.3257799162626913,0.0827682543813236,-0.6898250176735886,0.0491664881674175,-0.2679787082558117,-0.6570200019397111,0.9836890500459134,0.6213940198248201,0.21404392121483237,-0.033916273569037064,-0.6463033815692386,-0.969632627298386,-0.1393742687581069,-0.1180977650970088
E01002142,-0.5194862232744365,-0.6004204192111191,-0.5645106594698908,0.1308527517133829,-0.0123325084791198,-0.6570200019397111,-0.2557740235947048,-0.2396488622576528,0.34131283942342344,-0.07386777316317165,0.16804864947832066,1.1354282763448242,-0.1323018382069924,-0.0865386673407154
E01000805,0.2917203923838872,0.4036872910241428,0.2784861595243418,0.7749002574954993,0.1873938524799451,1.5459522794511378,-0.3539198698577891,0.1384040038607936,0.45098580556825074,0.21579899672434516,-0.5471432295496991,-0.4699954476038496,-0.557774818587632,0.066292701314502
E01001338,0.718218416070915,-1.166361104354654,0.3396342101300671,-0.9486118186152632,-0.3723467183113726,-0.6570200019397111,-0.7360938469731328,-1.3217336712901389,-0.4718838651200488,-0.32218102573544144,0.48362838076609715,0.3113518200709392,0.8839706926445408,0.968697772422927
E01004663,-0.0987649739716422,0.8573767205182494,1.5234722090754411,1.6104076848069466,1.6287473639315615,2.280739770850734,-0.5472374458305311,2.7644147589011285,-0.22525720410416195,2.4534113530849058,-1.2481062068044666,1.5616475822007083,3.0925896975254656,0.3020553976946741
E01001470,-1.0444352316799972,-3.017004992386052,-3.1042244180232714,-0.9486118186152632,-1.1642713888564094,-0.3008470826382077,1.4275759456448631,-1.5880121124134752,0.31421529245548774,2.944703970570963,-0.42948205849173765,-0.3443503544517271,0.6816298603462049,-0.644096933150209
E01001288,-0.3192656813187684,0.0880010960246955,0.2928498335402216,0.8814175013702689,0.4796227243323747,-0.6570200019397111,0.0356893986411214,-0.9188612920219192,0.20976393855934042,0.25812296855572125,-0.023448648764416706,-0.5801595270973212,-0.6307970836827909,-0.4194855625311797
E01004020,0.7754945195401238,0.1294960289872862,-0.1235877693076225,-0.9486118186152632,-0.2352573086950042,-0.6570200019397111,-1.3666065562996144,-0.8691587167445268,-0.5095154107324875,0.11723681860150739,0.8978878422707945,-0.3836677577045738,-0.4449104912224733,0.3043068142394473
E01000452,-1.522555494545282,0.1267908422391644,-0.2756727174629739,-0.9486118186152632,-1.1642713888564094,-0.6570200019397111,0.3554069281345023,-0.7277242764756321,1.0003494139794589,0.2615063978551633,-0.23350946061231748,-1.3021391589093592,-1.5812818775026865,-1.7166037781191985
E01001762,0.7109667205673027,0.5392061029761892,1.57512697070703,1.2215066433591883,1.1368673923034718,2.1886961045211275,1.3212512788598552,-0.1395295933896591,1.5560900917498164,1.9240280588528706,2.891817527134123,1.6783693355954667,1.9612889386766423,1.3349025018380762
E01000380,0.4286422362995497,-0.0375742313221056,-0.3131115986810773,-0.9486118186152632,-1.1642713888564094,-0.6570200019397111,0.5799527279182258,-0.3228894160096027,-0.28162652292497226,0.2970213630543892,-0.3810405424217735,-0.9296171309527906,-1.3229910908967664,-0.0192484316053576
E01002455,0.1395576969013107,-0.5022684626527126,-1.227056965693838,-0.9486118186152632,-1.1642713888564094,-0.6570200019397111,0.8743902667074787,-0.0172164889528754,-0.09169219828880078,1.1640007397713583,-0.5744918947282122,-0.6555196037017722,-0.8166774366607485,-0.212673214548888
E01000244,-0.364496595646384,-0.1113670300055006,-0.1210664372598377,1.3056158214258735,0.2167086148604178,1.281176538231135,-0.8290349892677202,-0.6535743343969583,-0.46698448660726805,-0.15806625593010698,-1.0621401776225041,1.4876193478112587,1.5936285559007777,0.7580805905167494
E01003708,0.8401452286062266,-0.7382029885508239,-1.3414906483907758,-0.9486118186152632,-1.1642713888564094,-0.6570200019397111,-0.963613763310283,-0.8214591855849833,-0.5519922197285021,1.2725538836253425,0.6331135166392545,-0.7702683653971094,-0.8824493819548441,0.517753062962735
E01004014,1.107966321866755,1.4278092201181023,0.4630863453082009,-0.9486118186152632,-1.1642713888564094,-0.6570200019397111,-1.1911336796474332,1.218721721935139,-0.72795603494203,-0.4392891801987082,0.7825986525124118,-0.2136462700486731,0.1404561547748704,0.2551182081990886
E01000423,-1.789884947432684,-0.502976783872302,-0.8608823900180779,-0.9486118186152632,-1.1642713888564094,-0.6570200019397111,-0.7108138562690051,-0.64983433483722,1.1759902116340817,0.8166432096089031,0.46701892122463523,-1.4738371074753909,-1.7510213285785554,-2.268067426550261
E01002197,-0.842248128231824,-0.0646916405325574,-0.6240351816830901,-0.9486118186152632,-1.1642713888564094,-0.6570200019397111,-1.0320184440390994,-1.4973934293667424,0.5533738668445911,0.5919671485763023,0.6780567601043868,-1.340599749684918,-1.010157034727793,-1.0008426283886993
E01000094,0.7863106077489015,-0.9111309167488222,-0.925284740449088,-0.9486118186152632,-1.1642713888564094,-0.6570200019397111,0.7918585323498851,-0.6321394100987774,-0.5166217970283987,0.8777360403743613,-0.5202668944604983,-0.3127597599600741,-0.6584408273334026,0.7294959645975009
E01000883,-1.1980728482819525,0.4028243933095438,1.3968126377431884,1.7425785882990217,1.6084881990777713,1.107718520853167,0.4007622055742609,-1.199973993043871,-1.3271274833732252,2.434055794396758,0.4439317175725731,1.6511473634093137,1.780581115230893,-0.0478834481103308
E01001080,1.6077187611495949,-0.2292058521043244,-0.9945708076884776,-0.9486118186152632,-1.1642713888564094,-0.6570200019397111,1.411218304601016,-0.0363656668414347,-1.0563033835690168,0.9434616226230179,-0.9271986532263153,-0.3607350919591374,0.1425431529275601,1.0299309093567424
E01002437,-1.7708338829740415,-1.2299018017544243,-1.566142874977468,-0.9486118186152632,-1.1642713888564094,-0.6570200019397111,0.9056184905184602,-0.6773457803512749,1.163473281226511,1.4856616408437127,-0.595009462397077,-1.383879485043723,-0.1915052063334564,-1.8075717323848397
E01003645,0.0531519013243711,0.421391016184969,0.659030503459829,0.3037149226474576,0.5636952015827852,-0.6570200019397111,1.6283288130011722,-0.5357113527575136,-0.03492186231123763,0.200157398380617,-1.0698445998765176,1.4229461261726832,-0.0766279821286119,0.7445123287497989
E01002975,-0.8227054234000554,-0.6329391029246222,-0.5002881226107567,0.5886186191147554,-0.4018820567185324,-0.6570200019397111,0.5249315716798297,-0.6117421724936127,0.5405339188781152,-0.29447890389065706,-0.34489054224329735,-0.8459535801766155,0.3975440623813117,-0.3251107152606684
E01000894,-1.6534547438901477,-0.4651745905015482,0.1384455250474155,0.8624202122976187,0.9012945278824828,1.276051959166653,-1.1851854465405791,0.1742867824008555,-2.1098941653344196,0.11939821910304736,-1.5123582110339104,0.864941014894432,0.777022241136952,-0.6701396529179346
E01000085,1.166348616175498,0.4763537634057437,-0.285638359573321,1.2053470982530177,1.2690948428573154,1.083094366712513,-0.3078210632796738,-0.1923951535492032,1.2632656158026168,-0.34429336786145454,-0.33339925959367067,0.040256561970598,0.0415932610274774,0.891249228923058
E01002359,-1.594457899114997,-0.4429858555971439,-0.3473051602029093,-0.9486118186152632,-1.1642713888564094,-0.6570200019397111,-0.0193317575972742,-0.8488668765463079,1.047590731969323,0.32945777963454714,0.01270135141405912,-1.2837313988295884,-1.469853730243044,-1.6892556694280674
E01004500,-0.9961315650203424,0.5521912638110006,0.9813116760507384,-0.9486118186152632,-0.1421907509535011,-0.6570200019397111,0.551698620660671,1.6169722582285966,0.6544783627818728,-0.9308838536468831,-0.36247702881661,-0.6616786626891504,-0.2392867118498302,-1.2194929726526815
E01003356,-1.7403521798402135,-0.922640884695615,0.3383138686078573,0.0226731723293748,0.4044934507213391,0.3243446296226634,0.3278963500153045,-0.8859400959254269,-0.564473883183269,0.007670648644363412,0.10635142020033714,-0.3418344330587273,-0.2895607170745793,-0.6994416123288236
E01002849,-0.1819751071232612,1.4764320638119213,1.515598003607694,1.8222925121279008,1.7115657927418244,2.58600456895167,-1.6320464586929562,0.8803839166570879,-0.4705884584562231,2.761862893370296,-4.220479598921378,1.1155253781026917,1.0003900432458033,-0.0299420409757856
E01004695,-0.7392494700618732,1.1466523761959513,1.822789051957682,2.415243832851276,1.6359405125236437,1.7928800219674084,1.4246018290914366,1.5767867341920727,-1.3253856061239262,4.402480016329616,2.554140158636265,2.959510556410436,3.135668018607717,1.9941370402582157
E01004553,-0.945738426774901,0.1381211123307693,0.4960772168474267,-0.9486118186152632,0.6109337019518182,0.8543640364849988,1.636507633523096,-0.2154413545124888,-0.808004899758377,-0.47058471084723574,1.3981732675153054,0.9392852684892068,-0.6805861321908825,-0.9164528540086144
E01003863,-0.0217003454841014,-0.2087817906460184,-0.1135457416937511,-0.9486118186152632,-0.2626481630868604,0.81246438952453,-0.6736373993511701,-0.8507613619152926,-0.01763075794621184,0.10771083252412815,-0.5473063984247404,-0.1583239407515078,0.7535257317111934,-0.8316488581846452
E01003544,0.8206025237744579,0.5411118624645113,0.5015664289738629,1.340222251704582,1.1764076444649905,1.5737059953728052,-0.168781114406971,0.4622566259364319,1.2913871114819193,0.672210488818777,-0.2656118516479536,0.3972946361653791,0.568461632037376,1.12726827358643
E01003151,1.0682663617368098,0.8232688911962861,0.4900066168546662,-0.9486118186152632,-1.1642713888564094,-0.6570200019397111,0.0981458462630841,0.8090687946468029,-0.7018723670604469,-0.4648260679480174,-0.06448378410214611,-0.2730479302169902,-0.0599271042363532,0.38016639601723
E01002286,-1.8258976047641824,-0.2045691000457009,-0.638101470413002,-0.9486118186152632,-1.1642713888564094,-0.6570200019397111,0.9502302388198622,-0.8070596018576824,1.199651247823877,0.6053105963095514,-0.624320273352598,-1.8773036912302807,-1.2170240570179274,-2.241888403196791
E01000441,0.8411285093524792,-0.0793963366454558,0.1573396127451923,0.338209650688152,0.5973162194328717,1.76390904430492,0.0334588112260513,-0.4334154354831831,1.4836741850695534,0.053213775465960594,0.05901829973332288,-0.1863973349555598,-0.6596155306634638,0.7718134770151143
E01000408,0.4690796569891843,-2.1588156733466928,-0.3660898235977817,-0.9486118186152632,-1.1642713888564094,-0.1073950526401541,-1.6826064401012115,-1.329737651581521,-0.05037683445477888,0.3472771333396326,0.18070360720733192,0.116626230846755,0.5108048334351682,0.8831488608854111
E01004654,-0.7299083029724743,1.285582287544909,1.8779872253189829,2.0555200483079297,1.8014535268568852,1.231157265277436,-1.1807242717104394,0.5217038611001684,-0.8986319101908857,3.8602403921093504,-1.453657265405717,1.3421734627737858,1.9480207178532596,-0.1865220029964617
E01003139,-0.638340283477709,0.5147932877012701,0.4170561821074318,0.2914802155060424,0.4752656957577783,-0.6570200019397111,0.7398114926649161,-0.1411641684469464,0.4194023342887201,0.12156362583880148,-0.48607094834572373,0.9317328854967588,-0.2681992649606146,0.2861717689157801
E01000113,0.5809278418754077,0.644463344882275,0.1437576577277981,-0.9486118186152632,-0.1269236573322076,-0.6570200019397111,1.5651288362408529,0.7766198918042072,-0.38168121179581255,-0.13637021313703712,-1.028320951022863,0.0821603479930518,0.4502639261038709,0.5595729034828323
E01002894,0.1122716561928034,0.694407730503979,1.081513672750816,1.6502832009135933,1.170285864812572,1.3699260217167293,0.0178446993205607,1.0280290459462085,0.15380386331975554,1.784803845699033,0.024445917948946943,0.7357304099720959,1.3646095906104938,0.8869202633158404
E01002050,0.4346648308703463,1.1107938774385808,0.0492558667157614,-0.9486118186152632,-1.1642713888564094,-0.6570200019397111,-1.3911430178653854,-0.4670624351963794,-0.28558348802155914,-0.04672469730270943,0.914008788296331,-0.9580307005459008,-2.1223842874730283,-1.5416334272222283
E01001518,0.3521921582784167,-1.325888958533981,-1.1103211886274529,0.1149957690464681,-0.6348435092681338,-0.6570200019397111,1.1807242717104391,-0.3965989385876818,-0.23139729251523639,-0.12768223897480252,-0.7757594632894567,0.5652920084093896,0.6372968582934379,0.4890913215384319
E01003846,-1.967490032224544,-0.1752015903346945,-0.0507646544225563,0.3289182792275316,0.1735971111634927,0.7167833149740404,1.2877924676338035,-0.5385882089928355,-1.41026402747629,-0.01669742277824752,0.9230681539491572,-0.656235106135339,-0.3071056740148241,-1.999733963921553
E01003528,0.918684778213146,0.9318378071951564,-0.7082514329045205,-0.9486118186152632,-1.1642713888564094,-0.6570200019397111,-1.1398301691008208,-0.4695904546868918,-0.6035942747635843,0.6718556798044233,0.7488912199135626,-0.4865208243124148,-1.875729869751355,-0.3249665088106457
E01002505,1.2049423854659091,-1.5622569646156577,0.0804332837389524,-0.1745655197114073,0.4709509980392049,-0.6570200019397111,0.4818068816551413,-1.0440984206831303,-0.7916712484360517,-0.01404087797798531,-0.3165567583196271,2.684857949808892,0.2206168329028288,1.674607901359326
E01004306,1.2319826059878534,0.8878047336205069,1.6281663431012647,2.460012546011438,1.671684822582176,1.76139028430943,-0.2721316646385522,1.1250374698621528,2.1700021926252173,4.005309631022675,-0.47933007014729795,1.803689229817364,2.1589608177826034,1.1261232300226782
E01001658,-0.0771327975540869,-1.0170685460669284,-1.105795116972515,-0.9486118186152632,-1.1642713888564094,-0.6570200019397111,0.8996702574116063,-0.4166593553465061,0.05067779079860152,1.0489703169271754,-0.591101354269674,0.0634684385592592,0.0764260883657049,-0.5000781723045659
E01033604,1.0876861564752969,0.9504790569091262,1.5374207971282985,2.356597505912882,2.214789158787036,1.601639101992407,1.5361311998449414,2.8500075485960066,1.7420806789066672,3.623082016051143,2.4603277954621707,2.290577025902916,2.019478305542967,2.593012798387246
E01001828,1.123452993620232,1.155769300116818,0.7413079338552877,0.3823495012706182,0.3629157850052835,1.2915728878628143,-1.394117134418812,0.0484852075805036,1.451021427348207,0.28343871879752164,-1.800603893320336,6.010301843488258e-05,0.5679719153211313,0.5557324177931664
E01003676,-1.087330854235263,0.3497728592286094,-0.2454164557609366,-0.9486118186152632,-1.1642713888564094,-0.6570200019397111,-1.2877924676338042,-0.2045011315901751,0.7143981199587603,0.23280495041749436,0.8461054095827074,-1.1652261659360108,-1.4862532517714744,-0.8015778482748156
E01003376,0.5714637646927273,-0.0140361487891367,-0.3711865077065978,-0.9486118186152632,0.0779073600305437,-0.6570200019397111,-0.7606303085389039,0.2634050949158043,-0.3754631237868903,0.3521119081210041,0.4997493267916337,-0.494548236746375,-1.0926631667544062,0.3783936233512619
E01001889,0.1109196451667062,0.234313156408217,0.5642361305633564,0.235739614419459,-1.1642713888564094,-0.6570200019397111,-1.3584277357776906,-0.9765013998112716,-0.07287642548258137,0.13301280786053318,0.8925141935956157,0.5007709851322686,-0.0435226659326711,-0.2238171415305069
E01002042,-0.0214545252975383,-0.2740453539127878,0.7621847893811963,0.3363887536517141,-0.0099702784181333,-0.6570200019397111,-1.5071335634490304,-0.0482611251831351,0.014096052252604196,0.25639039135223485,0.9902168967806857,0.5820490627598482,1.2507617553191417,1.9527916528191456
E01000733,0.1155902287114057,-0.7873656405614043,-0.863818736303859,-0.9486118186152632,-1.1642713888564094,-0.6570200019397111,0.8602632130787017,-0.6450842187651877,-0.07594509229217943,0.8194286623991421,-0.5652101379256307,-0.8303962374681024,-1.5169708331478151,-0.2182245584564419
E01002604,1.1704046492537896,-0.5178753455371509,-1.368878398854016,-0.9486118186152632,-0.1118182415458293,-0.6570200019397111,-1.3829641973434617,-0.6274162678722128,-0.7689792649229718,1.2985342274000578,0.9086351396211522,-0.6359733192714881,-1.0086341138828523,1.0577266235439324
E01000516,0.0527831710445264,0.2257218748067868,0.5385651554256238,0.9056090934840186,1.1567217044468714,0.7028179866725075,0.7405550218032727,0.1858255134971578,0.03709696200370464,0.4877295021870787,0.520475389443991,0.4077043796646291,0.3733293836033065,0.4990918680799999
E01000481,0.755705994521792,-0.319101504420315,-0.5299710910348123,-0.0383176116308875,-0.3465646604509333,-0.6570200019397111,1.138343110824107,-0.1181398980857625,-0.49651395398655906,0.020307226441869664,-0.7479141928817117,-0.161279490728377,-0.2285697395121146,0.4231442571136884
E01004641,0.0830190539917912,0.1739290991828425,-0.0949100123946814,0.0638646770629615,-0.2547754956427414,-0.6570200019397111,-0.1561411190549071,0.2529531422611924,-0.054545179014719634,-0.006061397291628002,0.10258783834432372,-1.0222312295412463,-0.0779675981115566,-0.879088848698395
E01004200,0.7232577298954591,1.599517928125514,1.6119405788897485,0.7221101660487508,1.0303220187111648,-0.6570200019397111,-0.6966868026402279,2.2068517574641717,-0.4751947950988256,1.1639986790827959,0.45773716442205364,0.430716032211507,0.6148337352112209,-0.239163766781517
E01000185,0.6180466900464401,0.5910674194639116,-0.1044444419982685,-0.9486118186152632,-0.0077426017428272,-0.6570200019397111,1.2989454047091542,1.4530871763955489,-0.4060690374931441,0.09907723206823385,-0.8534331123215874,-0.6582822763821303,-0.2038272146051775,-0.0885973888084263
E01002843,1.445846168297775,1.1826586243993369,1.146658126344273,-0.9486118186152632,1.888176555213687,2.2194026091170205,1.1591619266980948,1.8661099710619156,3.2089147583019284,-1.0877334505614111,2.572647004502864,1.312996186811424,1.0437574904831086,1.561423424349022
E01003003,-0.4070234879218052,-0.077275846859371,0.3519062549565755,0.9513982487946228,1.4064896457949745,-0.6570200019397111,1.5532323700271455,-0.4447000709779063,0.2674225728238924,0.33480299470555996,-1.0205047347680571,0.9606100177163868,0.2413608050511377,2.03963810921365
E01002726,0.5232830081263541,0.3419658737747182,2.253278039154832,2.129085796896993,1.5212478766176185,2.510997580314,0.7777314787211077,1.042588484503543,1.3139623672247063,4.79742226962446,1.9528818612027308,2.639053200626208,1.9736258931802693,0.8622018071245301
E01002372,-1.0075622036955278,-0.0482651385536833,-0.4644660172836943,-0.9486118186152632,-0.2784785114621603,-0.6570200019397111,-0.6528185834771825,-0.2957572080210768,0.6619885210264153,0.4405979533404735,0.4289148669824579,-1.3596775822095883,-0.7328862207472122,-1.1007395636168982
E01002221,-0.2168815736152254,0.2275651349178962,0.0790685758846713,1.2695590919699404,1.4289319824645506,0.9571664195260224,-0.9405643600212256,0.4976674375917712,-0.20759175927845475,0.10038222940349963,-0.9002766208153012,0.6540315763225558,0.3481044103589201,0.3488887256967566
E01000941,1.2865546874048677,1.61912267830836,1.1115663406997922,1.4692227209488926,1.3614749924067533,1.9834763623355416,-1.2721783557283135,0.8879887299066904,2.5518508113195466,1.6331385235981526,-2.523335697262006,1.085347574946291,0.540122270295642,0.3981739160418192
E01001503,0.7840982260698334,0.4118683022985813,-0.4725319567099754,0.5023921623639901,0.9839176634897848,-0.6570200019397111,1.4320371204750035,0.2547300708322634,-0.5151682180133259,-0.2373963515176119,-0.9408770316722251,-0.2517417880078283,0.458725554462947,0.34943098310399
E01003283,-0.940453292763794,0.1928329446508274,0.3280516607487278,1.031653095844487,0.9990259379015872,0.7526253146103415,0.2892328348207559,-0.3782485533598331,-0.7078089553426821,0.33843551140835043,0.21768395330261237,-0.3953191041987929,-0.8780524368147413,-0.7412735514880733
E01000773,-1.6684497752704983,-0.6033671532204848,-0.9068110375051032,-0.9486118186152632,-1.1642713888564094,-0.6570200019397111,1.634277046108026,0.6033558782803359,1.0962048745845334,0.8602116674281096,-1.0737527080039206,-1.4237107611236282,-0.5610475257065275,-2.8045686905621543
E01002405,0.4424081667470849,-1.914606985318331,-1.3320769239622905,-0.1523604312718822,-1.1642713888564094,-0.6570200019397111,1.4803665144681892,-1.3106555518118066,-0.29067101457431377,0.20295581462221682,-0.9726304102073731,0.0291485007014609,-0.0644988314135292,0.7892550119069666
E01002428,-0.8185264802284822,-1.4932037237034426,-2.024740583419333,-0.9486118186152632,-1.1642713888564094,-0.6570200019397111,-1.5918958852216945,-1.7466906202889665,0.5377882696274222,1.9206928470615423,1.0459074375961759,-1.2303320388787786,-1.3341873950796788,-0.2351752233307238
E01003743,0.1753245340462459,0.4321759715667057,-0.0668777611702345,-0.9486118186152632,-1.1642713888564094,-0.6570200019397111,-1.1442913439309612,-0.0529547452175535,-0.11519172569914343,0.06344103464861338,0.7518223010091147,-0.4232188786757463,-0.0911548135937748,0.1287470939819353
E01001260,0.1953588792511408,-0.0637118094025344,-0.6338529283726643,0.2810638773972538,-0.3599837989399355,-0.6570200019397111,1.1123195909816226,-0.2490724054376338,-0.1283546912245243,-0.1781531617480248,-0.7308162198243243,-0.5123193659822869,0.084242779570635,-0.2055804302708317
E01000530,-0.3726086618029672,0.3344225913391179,0.1271067732434788,-0.9486118186152632,-1.1642713888564094,0.934933505384125,-1.545797078643579,-0.8429551289122542,-0.34836432231593606,-0.12057498732481431,-1.4452174813487813,-0.7107725379146116,0.4307874700857245,-1.0773609659209782
E01002426,-0.1278946660793729,0.2471385707467723,-0.4707341395455225,-0.9486118186152632,-1.1642713888564094,-0.6570200019397111,0.6156421265593472,-0.4261955263076302,0.08402935375554828,0.44654396819856923,-0.4044891911861902,-1.0465991144209332,-0.3498640617971919,-0.0799878496926038
E01002593,0.4662527248437083,-0.6150175058367984,-0.8263173254848247,0.0313313047453408,-0.2839998466687339,-0.6570200019397111,1.6387382209381662,-0.6546744193615215,-0.3063373661812088,-0.025889599941120008,-1.0766837890994727,0.41924491734197,0.3019655020592067,1.4675104121429672
E01001610,-0.7179860239241627,-0.0150178921795372,-0.286820333218819,-0.9486118186152632,0.0242478259835391,-0.6570200019397111,0.3673033943482096,0.6065216584321113,0.4717311788313388,0.27208115791053966,-0.24132567686712314,-1.0616347483654864,-0.1686314411384299,-0.9448383405431396
E01003632,0.215884864829162,1.0689640241681535,0.3600595291170464,-0.9486118186152632,-1.1642713888564094,-0.6570200019397111,-1.659557036812154,-1.0519425419079582,-0.14184067430881028,-0.3415567247254767,1.0903621675453825,-0.706268680974771,-1.9377010961398664,-0.5018515170847334
E01002313,0.6072306018376624,-0.4337597270554331,-1.036627458402273,-0.9486118186152632,-1.1642713888564094,-0.6570200019397111,-0.2394163825508574,-0.4603388279302822,-0.3989626511972329,0.9833570585414984,0.15730135212796295,-0.6845506337418963,-0.1704393299269605,0.280812420626076
E01002149,-1.9158677930462875,-0.7751740886850103,-1.0443429531064663,-0.9486118186152632,-1.1642713888564094,-0.6570200019397111,-0.7368373761114896,-0.5916694520450345,1.258763461103502,0.9906760680043596,0.48411689428202254,-1.3763701378318884,-0.9857997531277704,-2.5513541525745684
E01000800,0.7781985415923183,-0.1470772776940613,0.1568969036969964,-0.9486118186152632,0.5351199552589739,-0.6570200019397111,-1.0989360664912025,-0.2253643731480844,-0.5112920073064653,-0.1488342571511116,0.7220229765376683,0.2022079874067062,0.6957644214375638,0.4683166528637148
E01032743,0.7343196382907998,1.4557797259788443,0.4654159597729294,-0.9486118186152632,0.0853412400714161,-0.6570200019397111,-0.9955855162596212,0.4913052190451875,-0.48246269017418925,-0.4414990800127667,0.6541195978240446,-1.0904994001333523,-0.9393755140619914,0.072270839784058
E01004493,-0.6190433988325035,0.7520341281574325,1.1940074587636873,0.998546521997043,0.584838365081477,1.108850754459412,-0.7546820754320503,0.4073860911601131,-0.6864267398385401,1.1922719951870075,-0.8368297887198238,-0.4834598150562524,-0.2574059331012548,1.1428784130028515
E01000438,-0.5643484073222074,0.1666258806246769,-0.2467990885526475,-0.9486118186152632,-0.2088011005108179,-0.6570200019397111,-0.4847809982085684,2.212290026518568,0.37078819167350957,0.23411653222451634,0.3185108123833287,-1.1937503290127045,-0.9179268397713914,0.0833824649282004
E01000133,0.942406426216488,0.3431259460720882,-0.2522237282937907,-0.9486118186152632,-1.1642713888564094,-0.6570200019397111,-0.2371857951357873,0.108554231713611,-0.6191798719807531,0.2392624095946948,0.1558358115801869,-0.6580692821454254,0.0426912758830956,0.233113714754721
E01003867,-0.872729831365652,-0.9779458562940622,-0.0629863868055676,-0.2384569521115564,0.0622191194285621,0.3826816804851649,1.247641894162542,-0.7239177439030277,-0.33397771847654223,0.015019541822175202,0.4774496967018158,0.7499672069362899,0.4610648821434925,0.5601593680911341
E01002434,-1.803405057693656,-2.170012096633056,-2.0698646273193835,-0.2385583504676143,-1.1642713888564094,-0.6570200019397111,1.6506346871518731,-1.4999040875403578,1.1848731945039708,0.4937834911845754,-1.0845000053542782,0.0124019540588348,-0.1948074969632237,-1.4401496420214963
E01000856,0.9811231056001808,0.684215133803235,1.3211480218671592,1.9648615250466668,1.504205381680122,2.083721039633188,0.9688184672787796,0.8029035307147463,2.044386857609351,2.5958729170582933,2.0187474238539704,1.9145417842909112,1.7158430148033783,1.6557015529710262
E01001459,0.4706774882018447,-0.0456748987065321,-0.6301840638454699,-0.9486118186152632,-1.1642713888564094,-0.6570200019397111,0.5435198001387475,-0.401568872060227,-0.30924452421135434,0.5978000508668083,-0.3571033801414312,-0.6438347184594835,0.5017867523641982,0.3296486457011948
E01001437,1.3133490877402487,-3.02427637032309,-0.7227271870549967,-0.7635239668233641,-0.4436115780788624,-0.6570200019397111,0.5167527511579062,-1.5614145394776286,-0.862896620174616,0.5518195287913226,-0.3395168935681186,0.7450515000507676,1.8743279177240888,1.404971224814482
E01002258,-0.4539751435553627,-0.3758148909094507,-0.7999008600955072,-0.1098530305982215,-0.4108240976307831,0.5709641521974855,0.4200939631715352,0.4693251921809701,-0.2592035329588195,0.08787153365961545,0.2398585935255173,-0.7930111619718264,-1.6520880641052544,0.2778181524299951
E01001646,0.5632287884428625,0.6815329598001831,0.1750039609161096,-0.9486118186152632,-0.2665402366235592,-0.6570200019397111,-1.3874253721736018,0.7180176534932059,-0.37005257967523064,-0.16601082562950517,0.9115662207167042,0.5945818028636953,0.4772152115609598,0.7130457009980025
E01001722,0.9986992489394444,1.361148058580435,0.7965849737362826,0.7712620857868561,0.5812135539321244,-0.6570200019397111,0.8401879263430704,1.0100144946315175,-0.6561653824753818,0.6143757883503133,-0.5520202729956459,0.5885120471697445,0.3801765761467594,0.5657005185424554
E01001893,1.1044019291615896,1.1876292464584066,1.0459199449332666,1.3273452740829863,0.193473317682958,2.107985820953394,-1.686324085792995,4.260054935153605,2.3280636073062055,1.3882968959763087,-3.5547472623838283,0.3414486414644255,0.3520394783775485,0.2923511048755691
E01032781,-0.748344816964709,1.8400999563869185,2.017705690568208,1.7586613947964236,1.4149326994384126,1.8365736336527907,-0.924206718977378,-0.6271218626721138,-1.3743903597181082,3.5484611040633656,-1.697373692118607,-0.3007350779087447,-0.6079509231401853,-0.3384590175766983
E01000415,-1.700406399523705,-0.2950128065592115,-0.7157264826259291,-0.9486118186152632,-1.1642713888564094,-0.6570200019397111,1.0483760850829464,-0.9318774119884424,1.1172010159133619,0.6789466003148882,-0.6888040574547442,-1.4967345108743146,-1.971261154513804,-1.7646157961638291
E01002424,-0.6414130358097482,-0.7575489263180981,-1.3116956553500307,-0.9486118186152632,-1.1642713888564094,-0.6570200019397111,1.3628889106078304,-1.0908888729685842,0.4214211940318767,1.2442900010913323,-0.8954452746911674,-1.030405306320154,-1.0624575220543573,-0.2649858667056537
E01004133,-1.667466494524246,0.0157986685193226,-0.3594524376697528,-0.9486118186152632,-1.1642713888564094,-0.6570200019397111,-0.9755102295239902,3.7159636238223457,1.0955588394667233,0.3409808306035938,0.6409297328940601,-1.588382315269102,-0.5373966510276171,-1.8646339529426328
E01033704,0.6759373439820568,0.380809703434582,1.3972473307680873,1.8956595823326956,1.481413314283454,2.9029201014739714,0.0974023171247275,1.0435733265698688,1.9621921031824392,2.648705291459306,0.2827511443115139,2.2562788411677044,3.142036574680719,1.0703966897202934
E01004506,-1.2075369254646329,0.4288934232082698,1.1149487598466996,1.1053916351010415,1.1868769300294244,0.8441747387617978,-0.6840468072881638,0.9633786626018088,-1.0193721685993309,1.2324550327008217,-0.5774550348433275,0.4153915712154521,1.1015558179553968,-0.2000564959660249
E01001407,-0.0427179714352489,-2.2368579396707693,-1.9374832256654084,-0.5591971717971697,-0.8144647281091301,-0.0868977897932603,1.448394761518851,-1.3132978740100196,0.0037120973021747567,1.0834351401965538,-0.1258623035241245,-0.3260569227252282,0.8121877264663238,0.304438701126316
E01004347,-0.3840393004781527,0.2178297708955962,0.2511098202467051,0.3518435429395004,0.5337644805719829,-0.6570200019397111,0.9390773017445116,-1.5186427659961936,0.2523215019450812,0.0883513688225018,-0.6169925706137177,-0.0747736918985049,0.0940584443993792,-0.5877411796761308
E01004480,-1.5601659830894403,1.3896777063623853,1.598091993163793,-0.9486118186152632,0.19599105345398,-0.6570200019397111,-1.4283194747832204,-0.0649256827600914,1.0250602572356953,-1.5159689519495965,0.9384344640925987,-0.305538652996404,0.3230870829816382,-1.6387912199582904
E01002239,-1.2640755683741522,-0.5345881553487902,-0.627970889842542,-0.9486118186152632,-0.4761546557661644,-0.6570200019397111,-0.4015057347126181,-1.0098186491273726,0.830522932385127,0.5957006078509789,0.2637972985996895,-1.0658093464923937,-0.0433543610809286,-1.082043732471978
E01001028,-1.7110995776392013,-1.952537113417324,-1.4575993388781403,-0.9486118186152632,-1.1642713888564094,-0.6570200019397111,1.425345358229793,-1.3356494111211974,1.1242266478195468,1.382695959665598,-0.9364804100288968,-0.867085604136644,0.1169579896750262,-0.8138297520054217
E01000473,0.5771176289836792,0.901831217004864,0.511463141998575,0.5031464169715752,0.8828700375393543,0.9501025606317544,1.2967148172940843,1.3340286861547763,0.5483209370831205,0.25734084730960705,1.2320120683202471,0.800273206399929,-0.6234754986636599,0.4112073214630125
E01003245,1.1727399410261392,1.1144151670678537,0.0764212857589466,-0.9486118186152632,-1.1642713888564094,-0.6570200019397111,-1.6878111440697086,0.5590671269142794,-0.7705135983277707,-0.07249413486471105,1.108925681150546,-0.4409321712075353,0.0180512691427848,-0.3856622868995673
E01004165,-0.2772304294164734,-0.1565271979744164,-0.0946299879145109,1.187940175108,1.2595729375521143,-0.6570200019397111,1.408987717185946,0.5541745148090657,0.1821459372729583,-0.112414764413632,-0.9257331126785393,0.7599514658064705,-1.2064986256503991,0.6204125965745552
E01002052,0.7831149453235808,0.3121553380536068,-0.1015341374254386,0.0385407710629754,-1.1642713888564094,-0.6570200019397111,-1.5837170646997705,-0.5483906157774874,-0.5145221828955159,-0.003913203945590511,1.0405337889209967,-0.5207200783548931,-1.331217124101913,-0.8707545239615239
E01004152,-0.4526231325292655,0.107981261425391,0.2193654785979106,1.012124316964767,0.3962327501954472,-0.6570200019397111,-1.000790220228118,2.2957789721562896,0.29738245141233616,0.22202513519155948,0.6575391924355221,0.0836291406105679,0.2299084973453551,0.0974447143677339
E01003986,1.2906107204831594,0.106778630606055,-0.0576742338123898,1.3004951062062704,1.0803855596263674,0.9123061572899352,-1.1926207379241465,0.039345016238039,1.177432106961186,-0.07500505882720915,-1.088035242519865,0.658723474885742,1.0596985370959215,0.6777667007986382
E01000671,-1.039395917855453,-0.2733786389236393,0.0570204175300074,0.1503927731633771,0.4119127395630974,-0.6570200019397111,1.626841754724459,-0.6531901004717504,0.6829039079655176,0.008575458719271454,-1.068867572844667,-0.1278158293733664,0.0553455610998806,0.3028156468983303
E01002055,0.4304858876987731,1.3955441220092852,0.3254160095610131,-0.9486118186152632,-1.1642713888564094,-0.6570200019397111,1.0156608029952516,0.3860653567236435,-0.28283783877086616,-0.3086934726361945,-0.6673094627540288,0.0002803059411464,-0.6601444600871753,-0.9317760286509916
E01004518,-0.6970913080662967,0.70230575372335,0.7009548695020575,0.2976854121246201,-1.1642713888564094,-0.6570200019397111,-1.6498911580135167,-0.5529699706446618,0.458002932577874,0.20866403920847928,1.084011491838353,-0.5515551475204803,-0.1412477469063859,-0.7405321695687808
E01002563,-0.3456913513743047,-1.0193102379870171,-0.8905617184715839,-0.3209086356027544,-0.6004128997518289,-0.6570200019397111,-0.0044611748301402,-0.0758048784039335,0.227126132350487,0.2857889459947603,0.0029310810955521043,-0.1993431115847718,-0.1395329514286196,-0.2359787358285915
E01003116,0.1675811981695073,-0.3150881322275969,-0.1336780080995083,-0.9486118186152632,-1.1642713888564094,-0.6570200019397111,-1.1584183975597384,-0.2713264334314469,-0.1101041991463888,0.12680853837214046,0.7611040578116963,-0.5776276500564242,-0.5350907307753613,-0.8020636704543803
E01004697,-0.2943149323826108,1.4901334200655192,1.5722832743416129,0.7391681308625506,1.3320069249060449,1.81397292622872,-1.6305594004162427,0.6707012682548582,-0.5338793191268925,1.1621816890815408,-2.9577906069627993,0.2746262224013792,2.374092247261418,-0.6523483911856717
E01002712,0.7086314287949529,0.5239095026888824,0.6621273403443609,1.6681367545569108,1.4383407325287876,2.1045433225420176,-0.6238209470812712,-0.7227730848287228,1.4913455416138273,1.1045189526254413,-1.3128582086417266,0.7274908522996574,0.1780416779207239,2.4630867976027435
E01001984,0.0704822244770716,0.130835982002198,0.3701669420468591,0.0852426369336431,-0.2355719222356894,-0.6570200019397111,1.3361218616269892,0.9220649638620658,-0.046308231262640734,0.03155400624573732,-0.8778587881178549,-0.3080641123919997,1.3301661412733634,-0.3847619173228552
E01000405,0.8322789826362065,-0.9481919456043084,0.4139627660043237,-0.9486118186152632,-0.5131842719799986,-0.6570200019397111,-1.3242253954132823,-0.7246846642625092,-0.5468239387860212,-0.39268997229836616,0.8700425718630495,-0.0274413832594207,-0.1137029364736223,0.8430075902159035
E01003280,0.701871373664467,0.02325836459823,-0.5329622437694961,-0.9486118186152632,0.4029811051828653,-0.6570200019397111,0.9888937540144104,-0.8893696741442346,-0.4611435312864558,0.505574283315453,-0.6497229761807161,-0.6575302699963397,-1.2412213052675896,0.19059743138062
E01003043,0.4634257926982323,0.9197204132686578,0.964372851703498,0.7866135067557927,-1.1642713888564094,-0.6570200019397111,0.0342023403644078,1.278104464295568,-0.30448001521750473,0.7585887106985725,-0.022471621732565873,0.1207530739303374,0.0279878345044678,-0.3750233298596101
E01000884,-1.833886760827484,-0.3981859446911723,-0.3197746787474245,-0.9486118186152632,-1.1642713888564094,-0.6570200019397111,-0.1524234733631236,-0.5583404605353012,1.204900283156084,0.3033420395537059,0.10014527076469697,-0.811876998404708,0.6911814629322871,-1.6828334440323292
E01000565,0.47817500389202,0.0275627703415636,-0.7083605871879721,-0.9486118186152632,-1.1642713888564094,-0.6570200019397111,0.1717552309603975,-0.4081906338333331,-0.3141705419846563,0.6719592248477579,-0.11284662217875589,-0.5964183757117281,-0.6961495556941828,0.1001425099493051
E01000099,0.8547715297067328,0.1497273931975022,-0.0023834951797054,-0.9486118186152632,-1.1642713888564094,-0.6570200019397111,-0.057251743653466,-0.1351906968938993,-0.5616019921059274,0.0022610116970810533,0.037615540726252075,-0.5746895156346502,-0.0985224915434162,0.0394933705326565
E01003562,0.6221027231247317,1.2748987006487151,0.5644904231914537,0.7869849178828192,0.9446633755512398,-0.6570200019397111,-0.8914914368896831,0.1862872747222083,-0.40873393235411076,0.44424544934096405,0.5857277055944955,-0.1201617483022207,-1.38768934343338,-0.0852080899242523
E01002082,1.816788829821536,-0.126790661572944,-0.2242695012331137,-0.9486118186152632,-0.2268746961796507,-0.6570200019397111,-1.6142017593723954,-1.2318938005197848,-1.1936666004933911,0.21274469942468202,1.0605628430739362,-0.0495792963693389,-0.7762698702426483,0.9186902328929538
E01002602,-0.3760501444148511,-0.1713146426639401,-0.6168792176370224,0.4000725199113527,0.047236110199038,-0.6570200019397111,-0.232724620305647,-0.7642311930497133,0.2470724666128741,-0.2467964230809873,0.1529047304846347,-1.0363976373979764,-0.2275610271390751,0.0537093714559719
E01003746,-1.973758446981904,-1.5546386074947682,-0.5455836517590394,-0.1303223724692433,-0.4292114700270285,0.5409960280808281,-1.233514840533765,-0.5867267522382894,-1.067795480208194,0.07110175587767147,-0.667326629307523,-0.7201969751856113,-0.5947429364654881,-0.5709925289979996
E01002680,-0.2994771563004366,-0.6163663058777947,0.0689910102842854,0.2707853515068955,0.1693785935103373,-0.6570200019397111,-0.626795063634698,0.0592058177637393,0.19676248181341202,0.018681754970646065,0.4118168939250706,-0.4427844451904968,-0.0938097501718434,0.1876502661230149
E01001764,0.8226919953602445,0.9993870693589032,0.6780225045390877,0.7751830447507613,0.9337020472401192,-0.6570200019397111,-1.0387102062843097,0.4963997315106093,-0.5405250963873727,0.5255915494781469,0.6824533817477149,0.2655382767499398,0.21496519448618,0.2750161301305961
E01001097,0.3545274500507665,-0.526226087717616,0.4112278922681802,1.5406160984240669,1.5182749892456626,1.459898942103414,1.6082535262655413,1.0207461004290164,0.517574249275735,0.6335443109493563,2.347887621629149,1.6260954629445863,1.8955356979273597,1.7662798685258545
E01002062,-0.350976485385412,0.128890910359421,0.4034218934400387,0.0870303431876532,0.9196408459474475,0.859211103139969,0.2014963964946655,-0.2030644667496959,-0.30156289318418905,0.03510994583549942,0.17312794111091012,-0.1010270543053342,0.8256835750996044,-0.6494840305499705
E01000250,-0.7000411503050543,-0.7965599644381175,0.170121743349509,1.4112054487246128,1.3510472965128038,1.3789482352316331,1.5881782395299104,-0.0857207890783945,-0.9653205088026771,0.24007673116135728,2.190015580633052,1.0291169583712172,0.445789607240567,0.4711337118365887
E01003198,-0.0304269621070925,0.1363132702262349,0.1587833569014027,-0.9486118186152632,-1.1642713888564094,0.9715072268826334,-0.0557646853767526,0.548043192145638,-0.0295600135791244,-0.15062376895607602,-0.05417579484835146,-0.4160309130587964,-0.2832313112411207,-0.358109074102333
E01001183,0.4948907765783128,0.6895892522634588,0.3176271693844705,1.0101746309376354,0.452485396959098,-0.6570200019397111,0.4386821916304528,1.5517807804467572,-0.3251531389874282,0.3208589086087233,-0.28822297439595684,1.7253874812687582,0.4618043093736423,1.662499959954211
E01001903,0.5998559962407686,0.6671078327588401,0.9345535515101978,1.1333397168051542,0.9887662602315443,1.8302372192046463,-0.9063620196568172,0.0439022083640482,1.0978787704829371,1.0591666574078187,-1.6588575024494001,0.4165954161803,1.313102039450596,0.4885261394513279
E01003829,0.683803589952077,-0.8763502623133986,-0.0135926702605694,-0.2307663575878535,-0.0619503223488109,-0.6570200019397111,-1.4350112370284307,-0.7461495475345743,-0.44927263599669504,0.00313673100592434,0.9428310857359268,1.127301302741974,0.5348357131940287,0.8521059259587839
E01000176,0.9291321361420792,-0.0445278090015053,-0.4978653264912005,-0.9486118186152632,-1.1642713888564094,-0.6570200019397111,0.240159911689214,-0.5704698883391061,-0.6104583978903169,0.4722809327882995,-0.15778986564388822,-0.755012523520868,-1.0174148652968245,-0.2583364525324824
E01003210,0.3384262278308816,0.1872562598413345,0.5407456027653853,1.2053450615874426,1.26103974955355,1.3879235789341928,1.2446677776091153,0.8092334573451235,0.4697097413362357,0.6517850418683822,1.7275037564833113,0.5270723616530916,0.8174172304271947,0.3385882160600655
E01004637,-0.4515169416897314,0.3420683314184398,-0.0395407809012724,-0.9486118186152632,-1.1642713888564094,-0.6570200019397111,-0.4498351287058035,0.3660037741113885,0.29665566190479975,0.03750885208022368,0.29555067713483724,-0.9089266466970904,-1.0636726172481308,-0.7098640415403926
E01004391,0.249193500108466,-1.2702323793542956,-1.072768707608932,-0.0172529790772097,-0.4882438367861332,-0.6570200019397111,1.730935834094397,-1.4455553561116874,-0.16372511392462774,0.018508456067062192,-1.1372594650742163,0.8944277412919573,-0.4827867442113561,-0.0726907952637855
E01003174,1.0942003914192198,0.6934934514065313,0.3975677665649939,0.2128009510820964,0.6517411976254369,-0.6570200019397111,-0.1063246667850081,0.3240769609029487,-0.7189115432926885,0.08460279884461558,0.06985743277732516,-0.5123193659822869,-0.6569443976896998,0.1335838223983796
E01002950,-0.1004857152775841,-2.0975212701454717,-1.7520497807639277,-0.9486118186152632,-1.1642713888564094,-0.6570200019397111,-0.455783361812657,-1.3443756142561532,0.06602112484659156,1.6620151288349427,0.29945878526223996,-0.9599297640315202,-1.5032253854251738,-0.1062216858681036
E01003543,0.4197927095832771,0.7538307568532018,0.682788330810972,1.745033401729617,1.402662956564698,-0.6570200019397111,-0.6602538748607495,0.346981588446468,-0.2758122068646813,1.1914884435763575,0.4338000021417114,0.2685717259132627,0.0067307418030764,0.2633301166003541
E01003607,0.9269197544630108,0.8511943089124117,0.1564786030751494,0.3082826557962859,1.0980765608163197,-0.6570200019397111,-0.124169366105569,0.3650591462180836,-0.6090048188752439,0.048239639331299926,0.08158175715953364,-0.0311104217199083,0.5142605670088131,0.5102896212003749
E01001909,0.3619020556476603,1.276689204090468,1.3741743199626415,1.1086645500542889,0.4816588488928919,-0.6570200019397111,-1.1175242949501198,0.6079818156600945,-0.2377768893036112,1.5234983541375404,0.734235814435802,-0.1033401022837742,0.0451146536025354,-0.1318175218118803
E01033745,0.3233082863572492,-1.2509257803434477,-0.3445674834878049,-0.9486118186152632,-1.1642713888564094,-0.6570200019397111,-1.720154661588225,-0.7304608420384623,-0.21242001092956453,0.3268607871470513,1.1301760190932988,-0.1871779557057082,-1.0721006269593532,0.3671882417972664
E01004185,1.463053581357194,-0.5722449362731122,-0.9927826305308792,-0.9486118186152632,-1.1642713888564094,-0.6570200019397111,0.4505786578441598,-0.655027267665202,-0.961255466861205,0.9417653366375422,-0.2960391906507623,-0.4837588461984676,-0.8188866975254756,0.6413386664173075
E01003318,1.5594150944899403,-0.4012923276330672,0.6535963072900773,1.5994266603810374,1.617966877126195,1.4674307145504728,1.6840934983779248,0.5237227142817285,2.288333606388166,1.0453793590063467,2.4712905256945237,2.3179791753935355,2.800448888379149,2.949462384528602
E01002590,-0.0201025142714411,-0.0924725738476535,-0.5521336844803998,-0.180255040177431,0.4643260612436467,-0.6570200019397111,1.3680936145763272,-1.004353976048166,0.013207753965615302,0.09952487947932748,-0.8988648693026449,-0.159217192179016,-0.0817470895046093,1.0074055156948756
E01003122,0.6142364771547116,1.1929365699007366,1.2134552226023132,1.507610701136561,1.2727461371518507,-0.6570200019397111,-1.023096094378819,1.4062736199758177,-0.40356565141163,1.829418078945295,0.6721945979132825,0.6729267553035146,0.244155363536291,0.1737158989555086
E01004395,-0.1748463217129304,-2.662584250878828,-2.524558308713349,-0.9486118186152632,-0.7281858217328221,-0.2287031138158819,-0.8907479077513264,-1.6543766878922896,0.03998789821500063,2.394825848428843,0.20371682012771028,-0.3325704127991903,-1.9289559014454047,-0.5979134700785781
E01004577,-0.5315314124160297,0.9397700177937202,0.967016064469058,-0.9486118186152632,0.0063636791354123,-0.6570200019397111,0.9993031619514045,0.7506729604584508,0.34922676961659727,-0.9173228675461677,-0.6565621654036712,-0.1785622643689449,0.333757125391978,-0.8728061310227717
E01003695,0.3964397918597799,0.5341297347697768,-0.1229072189929819,-0.9486118186152632,-1.1642713888564094,-0.6570200019397111,-0.1628328813001173,-0.5443072794843724,-0.26046887281669123,0.11659124052987699,0.10698445998765183,-0.9157269918297268,-0.8924346058495233,0.6854618005214745
E01001511,0.3024135704993833,-0.650780204459094,0.2927618448155868,-0.2155656515900121,0.5805515922662603,0.4161956712887734,1.482597101883259,-0.2164138392964513,0.12586321898082561,-0.06310939783836597,0.617050496069093,1.873228672434992,0.0073878085985029,0.5602778486919818
E01000621,0.5736761463717954,0.0638705239364996,-0.2147177560274969,0.3900529652384258,0.4800372192445395,0.7979574208850619,1.5041594468956034,0.512733308899828,0.4577691381821192,-0.08375129742786604,1.200255192844717,0.0383304231538944,-0.4563942765487817,0.3843900755741862
E01000046,0.8836554016279003,0.5981247407563519,-0.470709507151746,-0.9486118186152632,-1.1642713888564094,-0.6570200019397111,0.5286492173716134,-1.1690953303570273,-0.5805792736915993,0.446520601618712,-0.3473331098229242,-0.8095289700206494,-0.3086342155555263,0.1813231389624097
E01000583,0.2466123881495531,0.3392262285831049,0.932231780607461,1.41551329259351,1.476021318005707,1.6784566054775882,-0.3271528208769481,0.0630229325186914,0.4139281918822203,1.319586477227978,-0.5491118132015398,0.8072758111710203,1.6094218637597144,0.5704776444571167
E01004186,-0.5988861435343269,-0.4543254498470757,-0.4971662777887382,0.2222664065984161,-0.1124850591680326,-0.6570200019397111,0.6401785881251184,-0.4423178214857588,0.39348017518658956,-0.11050336204601276,-0.4206101372117268,-0.8132989466830487,-0.2670536108170501,-0.0797339230742042
E01004061,0.2668925535410112,-0.0017638140271855,0.5173153557986527,1.090625286805857,0.7939317408301723,0.825700003651385,0.1397834780110594,-0.5579223978222176,0.22037318243334042,0.5641972082869796,0.11541921830413503,1.3320072497080393,1.0869560784585872,0.1135117245840546
E01000256,-1.034233693937627,-1.138354459930896,-1.1614977872298176,-0.9486118186152632,-1.1642713888564094,-0.6570200019397111,-0.97104905469385,-1.363144650728672,0.6795122235970144,1.1018105282616812,0.6379986517985079,-1.110030845650391,0.2211413301131264,-0.9703903486147816
E01001394,0.7024859241308747,0.5006186649370038,0.1529875764147057,0.7247852433558636,1.0328272974180714,0.9556745785145792,0.8097032316704458,0.0586877162049426,0.6713479394561983,0.11088313780215625,0.7738127946485459,-0.4552030947307542,-0.3885610605528618,0.1389518242128235
E01002576,0.2877872693988771,0.18121957673851,0.1439530176505407,-0.9486118186152632,-1.1642713888564094,-0.6570200019397111,-0.1174776038603586,0.644500363384619,-0.1890819922986744,-0.1365555338686345,0.07718513551620543,-0.6595084721714,-0.0417798124194171,0.178361932145821
E01002736,1.5077928553116833,1.2208273121254474,0.9543983646293898,-0.9486118186152632,0.2097119819501298,-0.6570200019397111,-1.2915101133255875,0.4895690329637596,-0.9906500647215647,-0.9053535683545185,0.848547977162334,0.172837250251722,0.6466057977453293,0.7376810210747882
E01003476,-0.880596077335672,-0.0430465877439829,-0.0281798019367608,1.007021838848997,0.941488722034827,-0.6570200019397111,-0.2780798977454058,-0.6971400766002076,0.5785692364391852,-0.028377675964757394,0.1827040549560812,-0.549177476698441,-0.3279138857821213,-0.460405922877488
E01001499,0.4861641599553217,-0.1057551225536699,-0.780106248881817,0.7799123291074223,-0.2556889734816491,-0.6570200019397111,-1.3561971483626205,1.5081090352081488,-0.3194195773168635,-0.6084144815166723,0.8910486530478396,-0.5808540309842668,0.9711780549413912,-0.0940405144874923
E01000275,-0.6345300705859805,-0.5759792822996876,-0.623068203479055,-0.9486118186152632,-1.1642713888564094,-0.6570200019397111,-0.336818699675585,-0.1986800634890481,0.41689894820720597,0.5910498616236113,0.22129662271418382,-0.9780140074396868,-0.1023674806899872,-1.7041378574398236
E01003880,-1.7220385759412604,-0.2112301015628419,-0.0189526001111496,0.0192191935846283,0.2039192756829598,0.7599322420704983,1.4223712416763663,-0.6069686940725632,-1.30863263594693,-0.000364253690468232,1.0809057667437196,-0.6504650733208035,-0.3618093848315185,-1.5375152615504737
E01001781,1.5000495194349448,0.382336224808261,-0.1369729814705127,-0.9486118186152632,-0.1155325815960458,1.0522364412675642,-1.6089970554038984,0.6003974032678006,1.5784067680553462,0.1299341890538978,-1.6930453355881878,1.0213632922293272,0.6699056537824555,1.057544537864885
E01001822,1.5253689986509469,1.5042282203958122,0.553825065252837,-0.9486118186152632,-1.1642713888564094,-0.6570200019397111,-1.590408826944981,0.7222345719936177,-1.0021979424524203,-0.5253650023442106,1.0449304105643251,0.5234103995284561,0.5059673885481658,0.6976809510400998
E01004268,1.1315650597768152,1.98611063089926,2.048477476055993,-0.9486118186152632,-1.1642713888564094,-0.6570200019397111,-1.4996982720654637,-0.1750215630922452,-0.7434608777694725,-1.9432099439538797,0.9853317616214323,0.5461445707995697,-0.2224715946347942,1.7124939573983422
E01000873,-1.3460566005929555,0.628726726963382,0.900377117425916,-0.9486118186152632,0.9930608994267044,1.7308435351003335,-0.9613831758952128,-0.3470502725512281,-2.3298133650154487,-0.8541083748009666,-1.6640038547524558,-0.4063040572383026,0.1573855059792016,-0.229715059817015
E01001966,-0.6640284929735559,-1.4533580574219636,-0.9347976554253842,0.4158638157827894,0.1474438064469021,0.2530226839468777,0.0899670257411605,-1.2363793675896058,-0.16801427150936954,-0.3887485199700054,0.022763698319746267,1.1837207858222405,1.2035318324763502,0.2825831834385516
E01002113,-0.330942140180517,-1.569593488820564,-0.9724630851014712,-0.9486118186152632,-1.1642713888564094,-0.6570200019397111,-0.8052420568403059,-1.245755075456042,0.2174356055833354,0.922489975694316,0.5290601377471548,-0.7715304283087852,0.001336984318125,-0.4563271515703258
E01000354,0.2489476799219028,-0.1322489176511923,-0.7285651261890836,-0.9486118186152632,-1.1642713888564094,-0.6570200019397111,1.4127053628777293,-0.3620222958510747,-0.16356360514517515,0.6911254893338854,-0.928175680258166,-1.1595658788359051,-1.99403990065052,-0.6590944856025537
E01002762,0.1921632168258202,0.4879657469661571,0.8206897919656395,0.5365796640291808,0.3659604739565869,-0.6570200019397111,-1.119011353226833,0.5197458127672894,-0.1262550770916415,0.44036545284510115,0.7352128414676526,0.2358965779303267,0.7147356329338789,0.179029355480591
E01001677,0.0900249293088403,0.382978829893245,-0.0144792914253983,-0.9486118186152632,-0.2471127815102392,-0.6570200019397111,-0.0981458462630845,0.0182154592696278,-0.05914817922911661,0.013735226971307468,0.06448378410214636,-0.2760134340054423,-0.525334529327677,0.8235216179611446
E01004157,-2.0518063562156974,-0.6686225633293993,-0.9364944465479682,-0.9486118186152632,-1.1642713888564094,-0.6570200019397111,-0.9911243414294808,-0.7288614319119306,1.3480778161407492,0.8883697000629626,0.6511885167284923,-1.4089745917779448,-0.1489573263540386,-2.5232452974554134
E01004622,0.2257176722916872,0.1623033854284782,0.6029408102037962,-0.9486118186152632,0.5059032778431455,0.834262448830364,1.067707842680221,-0.5400881178347134,0.1883077780303526,-0.5719567784847833,0.8907485594697861,-0.3840581363937873,-0.8150309071508313,2.5546080338838526
E01000499,0.7141623829926234,-1.0801871209493503,-0.0741282376965894,-0.9486118186152632,-0.0516511365692041,0.2411590082774733,-0.4134022009263252,-0.646093221965865,0.17222669203157812,0.07031892237210619,-0.09969566479511734,0.4667856469468051,1.12593517243171,0.5903903687895065
E01003571,0.772913407581211,1.3190834357694925,0.882403927841223,1.5342656301589868,1.2285282263475117,-0.6570200019397111,-1.2751524722817402,0.6029401171246453,-0.507819568548236,1.3538420184040791,0.8378006798119764,-0.146903943232337,-1.5055809419468609,0.1280400058677842
E01004566,-0.8786295158431671,1.069977068017704,1.205326434141312,1.3367040325199464,0.9810717755874548,-0.6570200019397111,0.2706446063618386,0.1530784811758342,0.5772771662035651,1.6111647050195792,-0.17781891979682757,0.1523237143884931,0.2910988015860529,-0.4506084719396296
E01032583,0.90799160009765,0.6955351090287867,1.8418356941177725,1.8542725074767288,0.9997529529021416,2.1181488839313136,-0.5368280378935374,0.9247817862053144,1.923261394365845,3.4152652908919032,-1.1370817093272332,2.398182751086451,2.3322305176758977,0.7013487505760482
E01003660,-1.6351411399911946,-1.2118814848268342,-1.3233142945711596,-0.9486118186152632,-1.1642713888564094,-0.6570200019397111,-1.34504421128727,-1.3792348993772805,1.074320434968716,1.2553115795727219,0.8837209503089594,-1.018479231995657,-1.4352126441310242,-1.442810499265505
E01001863,0.0076751668101923,0.9932405326741548,0.901534077669213,-0.9486118186152632,-1.1642713888564094,-0.6570200019397111,-0.4565268909510138,-0.0166945079359884,-0.005042738112520152,-0.8552058809614261,0.29994729877816534,-0.3797277470070287,0.5786126029173673,-0.5993624988139246
E01004407,1.402704725555946,1.0534352013872046,0.3455849553436871,-0.9486118186152632,-1.1642713888564094,-0.6570200019397111,1.6454299831833763,1.785625691987767,-0.9216050615056095,-0.32782597297464955,-1.0810804107428007,0.1300026434333434,1.4203570869252915,1.3152583960558022
E01002658,-1.1358803410814808,-0.0629185514001691,-0.2514257698870388,0.712957809954126,0.6714733263497671,-0.6570200019397111,-0.8215996978841533,0.332617155563536,0.7462961039006343,-0.17925596626469323,0.5398074350975125,-0.9217559821060752,-1.0178221952824382,-0.6068944094978037
E01003836,-0.7056950145960063,-0.5282726413890922,-0.7707489720234835,-0.9486118186152632,-1.1642713888564094,-0.6570200019397111,-0.993354928844551,-0.8252750816262009,0.4636557398587125,0.7311415840470413,0.6526540572762685,-0.8324196183582027,-0.7327533828825152,-1.2450350723519388
E01003684,-0.0545173403902791,0.9859793652889264,-0.086047718076648,-0.9486118186152632,-1.1642713888564094,-0.6570200019397111,-0.1256564243822824,-0.5087397369614252,0.03581898308896907,0.08162588233238252,0.08255878419138434,-0.6491321742789048,-0.8308222460501572,0.1687740330500917
E01004605,-0.7508030188303403,0.2204312348683507,0.21173091327973,0.8195740845232135,0.8824416853158665,0.8746075801925083,-1.56810295279428,-0.4535681804216569,-0.6566580115004341,0.17352916941649862,-1.3714747290361322,-0.5198257162152458,-0.0544655960821237,-0.6326054672778257
E01003374,0.9658822540332668,-0.5409644139812112,-0.2550325443856941,-0.1561173434139658,-0.1641045045414527,0.5032309208425061,1.486314747575043,-0.3352404028304804,0.48606181612259625,0.039815003313598885,0.7479595390839858,0.0966954316607913,0.3365965262523235,0.8313140300139108
E01001325,0.6779039054745619,-1.818731876732233,-2.269711130962699,-0.5334817024510773,-0.7913648202474014,-0.6570200019397111,0.2632093149782716,-1.486913665962649,-0.4453964252898344,1.2108493582181408,-0.17293378463757403,-0.5403502425839943,-0.6103186710678165,-0.1861258649198307
E01004379,-0.8670759670747,0.1683181270741257,0.9646264609487852,0.9911408246188068,1.1040700850324412,-0.6570200019397111,0.1992658090795954,-0.2408760095386894,0.5696862535692963,0.9560806659539003,-0.13092162226799386,0.8135176491829534,-0.2816508382080039,-0.4766508903232009
E01004434,0.7586558367605496,-0.2581935524082395,-0.3600168694775358,0.1837512373550348,-0.147082788994659,-0.6570200019397111,-0.2200846249535832,-0.6740507437875723,-0.49845205933998943,-0.06615354523518326,0.14460000071390383,0.054718285093214,0.1259677986018056,0.2285346985566367
E01003690,-0.037064107144297,-1.4332064310150194,-0.7473387388462488,1.168514842063458,0.7028405643675668,-0.6570200019397111,1.1428042856542475,-1.0820271057971351,0.024351859747839672,-0.8732764083908282,-0.7508452739772639,1.24555737033436,1.5430470224861672,1.3024079120476428
E01000361,-0.946352977241309,-0.4842915844748694,-0.5928258896103848,-0.9486118186152632,-1.1642713888564094,-0.6570200019397111,1.2283101365652678,-0.94696379778401,0.6217728349427362,0.5623616452655185,-0.8070243283086791,-1.599749251009602,-1.7375802372486129,-0.8775723653048718
E01003554,0.3058550531112671,1.1759097673587988,0.8508281758108149,1.311929644271119,1.0370860393172328,-0.6570200019397111,-1.2052607332762104,1.3726903124974943,-0.20095288758843516,1.1162267060273277,0.7918804093149934,-0.2041891395648779,-0.3925759371266717,-0.1139052272319731
E01004550,-0.6782860637942174,0.2312194191962208,0.9109641080818645,0.244818208885449,-1.1642713888564094,1.0902203057381354,-0.4981645226989888,-0.174773342681745,-0.7394812398476481,0.22302060129953263,-0.5431090782447839,-0.363057778742828,0.0468643691087736,-0.6568264090544771
E01004741,0.1829449598297028,1.4137330405836512,1.5986415815829258,1.1134423015776471,1.6006326637585389,1.8018760667939289,-1.451368878072278,1.6174806572639844,0.3296441446577182,1.7799951619954228,-2.6151868454879934,0.6170138620326507,0.300774314430306,-0.1259187328620349
E01001479,1.078344989385898,-0.1242422613694825,-0.3152545251305156,1.2494236652708477,1.3034084269596915,0.7100990952424581,1.327199511966709,-0.1717116594024977,0.7657318013221642,-0.39388646428178936,0.942443172653792,0.471859781035885,0.6493187874134005,0.7803484087140967
E01000687,-1.6616897201400125,-1.4662458015184157,-0.8929362570491145,-0.3693883788509509,-0.3902098708764602,0.6045616501232153,0.8320091058211468,-0.9608838599925752,-1.0045938792006297,0.32984027640860836,0.5030007979327734,0.3469667811221613,-1.3341873950796788,-1.0455391739735445
E01002210,-1.3665825861709768,-0.0978595481121099,-0.4830254011587339,-0.9486118186152632,-1.1642713888564094,-0.6570200019397111,-0.8268044018526504,0.3396129272605055,0.8978720934168306,0.4582036042305536,0.5432270297089901,-1.2917071876391182,-0.8468737745683789,-1.1045462466165186
E01000662,-0.0819262911920679,-1.138575625934534,-1.0610824054433805,-0.3323634388204515,-1.1642713888564094,-0.6570200019397111,-0.0765835012507401,-0.1330116716216492,0.05382721199792579,0.3526649971450385,0.050316892140311126,-0.1869198286415236,-0.3989512446235376,-0.3785923125902785
E01004530,-0.418945766970117,0.6602847090302448,0.7535349139028774,-0.9486118186152632,-1.1642713888564094,-0.6570200019397111,-0.9740231712472768,-0.4663657129931023,0.27525574862734004,-0.7148121250675044,0.6399527058622093,-0.5415736151664338,-0.7208296478689686,-1.1121228387699378
E01003792,-0.9410678432302017,-2.004765355322501,-2.0945804817932414,-0.9486118186152632,-0.7371900881599314,-0.6570200019397111,-1.622380579894319,-1.6889753543434844,0.6183003961845068,1.9869438000699209,1.065936491749115,-0.5863632874063056,-0.3755601428629158,-0.5656295645503493
E01004300,1.2308764151483191,1.768075171842209,0.741195732644468,0.8089846874185015,0.4145571676461298,-0.6570200019397111,-0.567312732566162,1.0353837195049629,-0.8087104246682932,0.5996159980893122,0.37273581265104255,-0.4381898568695803,-1.04753563905171,0.050596168383047
E01002861,-0.4373822809623516,0.7953983154922056,1.4104552071703842,1.3871139578217169,1.986095653407512,1.464799128920222,-1.0074819824733283,2.9249963974835405,-0.6406771841587924,1.9564621047483612,-1.4757587303297497,1.9221416328899936,0.54054466610701,-0.4568404459645613
E01004552,-1.0307922113257435,1.1153857729557526,2.1820734018389047,2.504332274313788,2.3061004110021,3.497170424678931,1.6104841136806114,2.835302942786356,-3.6048560354377845,5.464636845146848,5.632137411779095,2.491937145485261,1.787936123105906,0.8306851141735231
E01001525,-0.2296642233165081,0.0514592528228402,-0.2784540341539948,-0.9486118186152632,-1.1642713888564094,-0.6570200019397111,0.1278870117973521,1.484154844033833,0.1508939884488944,0.2641447877395776,-0.08402432473916013,-1.1493992574690175,-0.359733018678711,-0.5647124185722227
E01002619,-0.0081802352231294,0.1367576114184966,-0.4207337316359555,0.0029504929122548,-1.1642713888564094,-0.6570200019397111,0.0498164522698988,-0.0208938341283702,0.005374578162167771,-0.0012413718931383998,-0.03273040556699844,-0.6155723342877417,-0.1423579747852204,-0.1355016064475869
E01000124,0.4539617155155519,-0.1499824793038913,0.0683942003991112,0.8788236212549086,0.9370998373552653,-0.6570200019397111,-0.0252799907041279,-0.5646650818857147,-0.2982619272085825,0.060106438867580825,0.016609459541461993,1.435502586460904,1.43888700337176,0.191310400576722
E01001919,-1.3440900391004509,0.3932438469354534,0.3004588913250812,-0.9486118186152632,-0.0959217422312335,-0.6570200019397111,-0.6847903364265205,-0.4485503920932644,0.8830940400969246,-0.285018855319011,0.4499209481672479,-0.2052589112323952,0.2426735491556362,-1.1825736374335862
E01001554,1.427532564398822,0.8716332589259809,0.052168635357495,-0.9486118186152632,0.6686552339840388,1.2337923165559406,-0.0594823310685361,-0.8938961850766561,1.7612787095886648,-0.04948778406114985,-0.07338884304319655,0.524648682260804,0.3846674946338054,1.144308086111226
E01002520,0.0905165696819666,-0.9588368108275168,0.1659668245741368,-0.3282783470921225,0.1458664748914547,0.9592228239497343,-0.5539292080757413,-0.2943819152509963,0.08682555958457891,-0.054483314843325886,-0.5313415392386526,0.0764162499985745,0.469720029736494,0.8404756184817744
E01001286,0.4501515026238234,-0.0090796444465377,-0.4662269365784071,-0.9486118186152632,-1.1642713888564094,-0.6570200019397111,0.0505599814082554,-0.9318084678262544,-0.29575854112706834,0.4422683821950657,-0.033218919082923716,-0.8737470895779472,-0.7073164759092551,-0.0601434063008134
E01004651,-1.250678368206462,1.0722264164252555,1.4525806303865527,-0.9486118186152632,0.4041073294587686,-0.6570200019397111,0.7992938237334521,0.0423421191257694,0.8217207039049643,-1.3779351534762934,-0.5251520296197518,-0.089786402388361,0.7875564657839511,-1.381795575486784
E01001203,1.0508131284908278,1.1408178219148286,0.9443367878920575,1.9486041363059667,1.6463841241135018,1.4328526664711485,0.1308611283507788,0.0534761287056423,1.5056603931209722,1.8401385709523537,0.1875047166948366,0.5652920084093896,-0.3867515446437328,0.6148919836933489
E01003524,0.8104009860320881,1.3597299612335054,0.2937581782869101,1.0922625068826697,1.2259856400970952,-0.6570200019397111,-1.142060756515891,1.3771574203863433,-0.5324496574147464,0.32086104423294665,0.7503567604613386,-0.2194009281172788,-0.6149563697661262,-0.1228932817998547
E01000064,1.1721253905597315,0.4258106972658185,-0.1171299547738243,-0.9486118186152632,0.2444955586566639,-0.6570200019397111,-0.4728845319948611,0.7655931374171406,-0.7701098263791395,0.111110859412321,0.310694596128523,0.2895074415049192,-0.0950075141819636,0.717138023036698
E01003336,1.1150951072770856,0.546326299801972,-0.1417641477536436,-0.9486118186152632,0.2869839093222739,-0.6570200019397111,0.4371951333537393,0.0449982572067684,-0.7326397895461532,0.13447914601502672,-0.287245947364106,0.6781958546469762,0.4242734862823894,0.3874193411514761
E01004097,-1.889687943177314,-0.3969292762995927,-0.7124823481567935,-0.9486118186152632,-1.1642713888564094,-0.6570200019397111,-0.6557927000306094,-0.5833162627179729,1.2415627760918075,0.6758691760162889,0.43086892104615937,-1.6737447537481385,-1.5049533022339854,-0.8769761898958623
E01033570,-0.4109566109068153,-0.9448346797717296,-0.3757073114145807,0.1934782095497268,-0.0078706996535311,-0.6570200019397111,1.1152937075350493,1.6091246525225191,0.27000671329513287,-0.0726911779272347,-0.7327702738880257,1.125124253659861,0.923734705614418,-0.7056262289514257
E01001832,0.7806567434579496,0.9394601679555432,0.9192261882617154,1.3924627349010368,1.4062330264198342,-0.6570200019397111,-1.6194064633408922,1.241907232535858,-0.5129070951009905,1.2799882120995636,1.0639824376854137,0.1971324846611355,0.6360376478673304,-0.1122708567570515
E01002307,0.1347642032633297,-0.0295458001347712,-0.6182914554019429,-0.9486118186152632,-1.1642713888564094,-0.6570200019397111,-1.4892888641284698,-0.3798522521365638,-0.0885427770894765,0.5865185819431149,0.9784925723984774,-1.2554604308228026,-0.97736180351346,-0.4305781321870808
E01003265,0.8671854491281707,-0.1710790518017214,-0.579277337078784,-0.9486118186152632,-1.1642713888564094,-0.6570200019397111,-0.3011293010344636,-0.5573242073838657,-0.5697581854682799,0.5495093282089122,0.19784797394976714,0.1643953664812599,0.5845292845427342,1.005636850013686
E01002914,-1.306479550556292,-0.2419609206393289,2.7108733383772394,1.3759327513223796,1.5923493566014737,1.7672761748246812,-1.4097312463243028,1.778332726858379,-2.3089101825937925,3.729979410959879,-2.4913844445348445,2.207780850960564,2.5780149691836582,0.5932947588280032
E01003355,-1.3373299839699646,0.5590371911629839,1.1181979346506026,1.2859775744920068,1.1954143214553712,-0.6570200019397111,0.8245738144375798,1.067211538023795,0.87865254866198,1.4379774678039534,-0.5417614891612137,0.3453224874402775,-0.2682921166643049,-0.6622706318740177
E01000738,0.1382056858752135,-1.2140263066295731,-0.6240756767814091,-0.328441172353189,0.0596675559650838,-0.6570200019397111,1.141317227377534,-0.5493029311724199,-0.09080390000181188,0.20497214691919582,-0.7498682469454131,-0.0222293260680687,0.1239639248772295,-0.059164465778748
E01001143,0.9078686900043684,0.1171395341519025,-0.4282503255395322,-0.9486118186152632,-1.1642713888564094,-0.6570200019397111,-0.3093081215563872,0.1936497525302284,-0.5964878884676731,0.40624332013263414,0.20322162262494592,-0.5040980744516229,-1.0688344879356626,0.192902773070352
E01003714,0.0205807266047565,0.7194688867365617,0.3661901204923283,-0.9486118186152632,0.3229852110411913,-0.6570200019397111,1.081834896308998,1.2519430979324455,-0.01352194903377778,-0.34737227615916993,-0.7107871656713851,0.21518080059767,0.0302198665405411,0.553348158883707
E01001431,1.4674783447153303,0.6969317277781748,-0.4464460485822918,-0.9486118186152632,-1.1642713888564094,-0.6570200019397111,-1.0022772785048313,0.0998438417114853,-0.9641626248913504,0.423503998059246,0.6585162194673726,-0.339952748885705,0.291163403552938,0.5123199053447961
E01000079,1.1394313057468357,-0.5029617623849055,-1.158574157639299,-0.9486118186152632,-1.1642713888564094,-0.6570200019397111,0.990380812291124,-0.8562792862081774,-0.7486291587119536,1.099037138678862,-0.6507000032125669,-0.4806740782572998,-0.1687901154190095,-0.5477888467146782
E01002023,-0.3857600417840946,0.0428208865779392,-0.0130923550330419,-0.9486118186152632,0.5004167585345837,0.9848817662509828,0.1070681959233647,-0.8724105388924273,-0.37992803130137204,0.012419562717850573,0.1054495139103097,-0.5924348111607903,0.2867962013246088,-1.6907141934595378
E01004216,-0.5542697796731191,1.2325446519750387,0.9201808356447772,-0.9486118186152632,-1.1642713888564094,-0.6570200019397111,-1.6208935216176057,0.4892234912095665,0.36416633171595597,-0.8728944159559047,1.0649594647172644,-0.8886889245442184,-1.613144624220917,-0.1066396084762253
E01001861,0.9083603303774948,1.2078390053762027,0.8443393975943707,0.6025726931782983,0.2291396672173881,1.6139904814542767,1.2409501319173315,-0.1859164465632374,1.4660849269599385,0.5087758647649819,2.002881700874002,0.2213933157864297,0.0927659902459202,1.1201581673838434
E01000775,-1.544802221429245,-1.8439152300030648,-1.1685289588262244,-0.5788987779366709,-0.4877581665155478,-0.6570200019397111,1.4417029992736403,-0.820357474365202,1.0149659585199124,0.6764599862481118,-0.9472277073792544,0.1585830535425376,-0.1195985118522364,0.1819753760858706
E01002659,-0.4738865786669761,-0.603344908911107,-0.5522340052624383,-0.9486118186152632,-1.1642713888564094,-0.6570200019397111,0.6951997443635142,0.3032913933843679,0.3113529608349797,0.5238557040331924,-0.45676013739020277,-0.8793667597748251,-1.7287288617982697,-0.3590817998430204
E01001054,1.1563928986196912,-0.119312665284626,-0.8036528383609814,-0.9486118186152632,-1.1642713888564094,-0.6570200019397111,-0.7710397164758979,-0.6745812672665357,-0.7597732644941777,0.7623545805329288,0.5065885160145888,-0.784685509540737,-0.7690688932969555,0.4892081141534523
E01001243,0.5906377392446513,0.4137680790196519,0.1687175870573376,0.3801961276478078,0.4706291536799635,-0.6570200019397111,1.297458346432441,0.7205691632940416,-0.3880608085841874,0.06414577326528166,-0.8524560852897367,0.0403827711037525,1.054812303023392,0.3448548739658478
E01002941,-1.2174926430204396,-1.5061907722545242,-1.375992938241608,0.2025043638691941,0.5602656131773708,0.5516784184337999,1.1331384068556103,-0.8626773413367899,-0.6716644157563031,-0.2786445746471201,0.6251280041606988,0.3031004878841971,-1.590267185398155,-0.1538386356945847
E01001175,0.9323277985673998,0.4328120883863992,-0.1874490683169083,0.2260289716899922,-1.1642713888564094,-0.6570200019397111,0.118221132998715,-0.619087831769623,-0.6125580120231996,-0.04236892015591788,-0.07767364903213057,-0.3387160412351235,-0.8041115106577857,0.57495357869378
E01001295,-0.1808689162837271,0.4411957883224689,-0.5314002517566581,-0.9486118186152632,-1.1642713888564094,-0.6570200019397111,-1.635020575246383,5.273920424332516,0.11883449572756782,0.5040925592314921,1.074241221519846,-1.027693639292124,-1.2963040429483386,-0.1519926171065136
E01002631,0.4620737816721351,0.1380550802299544,-0.5624392184342079,-0.9486118186152632,0.0570693765810284,-0.6570200019397111,-0.2594916692864883,0.4357167189976826,-0.30359171693051584,0.5335364898594211,0.17049121705794743,-0.1125444909660226,-0.6369694032525893,0.1472780057155103
E01003809,-1.7263404292061153,-0.8408535290328025,-0.4287533554192468,0.7329266022599161,0.5219320917659438,-0.6570200019397111,0.7948326489033118,-0.8695158191969753,1.1342401921456036,-0.31424473999496677,-0.5222209485241996,-0.3915714326811984,-0.0713307637227335,-1.5358189173266843
E01003165,0.3443259123083966,0.1658461115304515,0.3799990679864749,0.4801817151950623,0.7340640341953838,0.919014782738642,-0.6498444669237557,0.9859057076856416,0.3164406034913858,0.18246860423827063,-0.5972166715838441,0.1493110331003231,0.2944436468120058,-0.5552566754680571
E01001046,-1.1643954827228038,0.2765087332420525,-0.0387827529579423,-0.9486118186152632,-0.2309050855071293,-0.6570200019397111,-0.8855432037828296,1.2399251175437682,0.7650311223171274,0.036789777814340126,0.5818195974670927,-1.266689386676692,0.0045808095013568,-1.1527643240532524
E01001648,0.0336091964926024,-0.8983235306841444,-1.1833663766210587,-0.9486118186152632,-1.1642713888564094,-0.6570200019397111,-1.0543243181898003,-0.4740054979804846,-0.02208191434476176,1.122555330614657,0.6927121655821472,-0.3181841847169801,-0.2209921439659305,-0.3013950442345902
E01004718,0.8858677833069685,1.5780917607560487,1.1151851555879928,0.5985640143281573,1.3813155362582892,-0.6570200019397111,-1.0126866864418254,0.5729837424600241,-0.582032852706672,0.6675097034479197,0.6653554086903277,-0.1435510946158303,0.1442524739984956,0.4844472757868722
E01001924,-1.2587904343630452,0.9402719201857966,1.1384624536311745,0.4478108282744742,0.8829792765440795,-0.6570200019397111,0.7234538516210686,0.5167542402605781,0.8270504936268978,0.5098158143199665,-0.47532365099536594,-0.0084442437781856,-0.6416215647534447,-1.595537998066611
E01003032,0.9904642726895796,0.2220263505868083,0.8913252561028661,1.4161727355338751,1.044895882737253,2.432804725516473,1.6826064401012113,0.8684119182205589,2.4096061630544456,1.2622705261856277,4.093452898662678,1.128060623537679,1.014547757250417,0.8092846753298881
E01033736,-1.0515640170903278,1.0079030532477262,1.317650181129545,0.6443493421099494,0.2666671464208572,-0.6570200019397111,-1.720154661588225,-0.1792666657526356,0.6908985925484176,0.849027027341878,1.1301760190932988,-0.2537215920993536,1.269733271858702,-0.8518004093196863
E01033082,0.5820340327149418,-0.6029988306362772,0.0018430196476338,0.3236324578704631,0.4164374574882604,1.2056082459379995,0.9420514182979386,-1.0109395294158896,0.7017050292576812,0.0005964609784672815,1.1357449579975825,0.3725895437218175,0.439359670444892,0.8881393075275007
E01000457,-0.82700727666491,-0.1352314719091235,0.7164612672137949,1.473145266831014,1.479405010540466,0.5769692289754343,-0.5204703968496899,0.6794527356458655,-0.47715775077442685,1.0554515246637524,-0.3002954035749039,1.5011778006666334,0.8830013590352582,0.8140839186471287
E01001150,0.175570354232809,-0.3446571549954356,-0.6371207165395942,-0.9486118186152632,-1.1642713888564094,-0.6570200019397111,-1.035736089730883,-0.9785134204695302,-0.11535323447859594,0.6043802415940841,0.6804993276840136,-0.4021742354051389,-1.2177761069463515,0.1302752408799748
E01002827,-0.8304487592767938,-0.228105188624795,0.854276436308585,1.569050472576252,1.5764318166406197,2.16531594868063,0.4951904061455617,-0.4508693645920313,-1.7981839430240831,1.3404028461007416,1.0722436840606235,1.8644771776569975,1.8776798326434467,0.3031403185771732
E01000680,-1.2601424453891423,-5.015711902494177,-3.942971376437213,-0.8829161627768846,-0.9603554113342684,-0.3962711552385209,1.6907852606231353,-1.7799558512680316,0.4993581025994502,3.4813131576230347,-0.6700094284873935,-0.5345941286232199,0.4473062035570587,-0.9624454467629212
E01001607,-0.1149891062848087,-0.0435512450831422,-0.2244122534658248,1.089854423668775,0.9387733201966014,-0.6570200019397111,-1.482597101883259,0.251147929837315,0.07555014283429065,-0.24457668716520756,0.974095950755149,-0.1700410277804454,-1.2094769059044783,-0.404305702278552
E01003253,1.2002718019212095,0.2887844798951325,0.6424297112655681,1.2965923976798248,1.644493700770811,1.9396780676895584,-0.5479809749688879,1.6468846263049144,2.328140889452796,0.8329694796705805,-1.0629066786582928,1.2760518766344773,1.9415794455006523,1.2563782749579202
E01003271,-1.3209829415635166,-0.5324755484659722,-0.8552108493580987,-0.1061482388043464,-0.1130657567911681,-0.6570200019397111,0.2832846017139025,0.1163557483907475,0.867912214828387,0.09077912546573137,-0.18612364956755853,-1.021837602118678,-0.4289419006420308,-1.5256036920298777
E01002938,-1.8927606955093528,0.060517566555146,0.1922216102379801,0.549706547395533,-1.1642713888564094,0.728212107073884,-1.1026537121829858,0.2694965594969972,-1.3783312542634958,0.10566547769872989,-0.802965783121612,-0.810931498535689,-0.5282106140121349,-1.6293187455889446
E01000659,-1.4888781289861333,-1.3932321583968337,-1.694784432849235,-0.9486118186152632,0.1506231117397598,-0.6570200019397111,1.555462957442216,-1.6715661591209847,0.9782227111944627,1.6076925430059503,-1.0219702753158335,-1.450753533462331,-1.6238656836130958,-1.0345631478165689
E01000703,-1.0558658703551826,-0.1277016560975742,0.2704066686547697,0.3405921386862579,0.7255455696453343,0.73222111496979,1.5681029527942796,-0.189767692724348,-0.7731272848500196,0.0920983855921543,1.1481980924824475,0.5942689153306392,0.3851051580092379,-0.5114348964977934
E01001303,-1.1436236769582195,0.3843918856765331,0.412046389953606,1.1411705236569862,1.3246465252512083,-0.6570200019397111,-0.1940611051110987,0.6490145800099116,0.751383630453389,0.4702151945943273,0.12750202765651655,0.356306036471428,0.1254023441329665,-0.7898050939157018
E01000502,0.8188817824685161,-0.6265325639596906,-0.803939173613516,-0.1991601099613504,-1.1642713888564094,-0.6570200019397111,-0.8617502713554152,-1.1485246429996725,-0.5380217103058585,0.160112614219105,0.5661871649574814,-0.2707587069497822,0.2655471445481809,0.6151213256591352
E01001655,1.4431421462455805,-1.095874036286966,-0.9852290392680144,0.3791932620175762,0.2203737451334892,-0.6570200019397111,-0.9004137865499635,-0.9828922966688703,-0.9481732557255501,-0.37359221323448105,0.5915898677855996,-0.2483903940079855,-1.2581373069092634,1.4497854795562015
E01004554,-1.6637791917257991,-0.9163787544695964,-0.6066655755034153,-0.2347557065208772,-1.1642713888564094,-0.6570200019397111,1.710117018220409,-0.3898931488423729,1.0931362077749356,0.14241820579919884,-1.1235810866283062,-0.1738909164379719,-0.3027510427782844,-1.2329989608962748
E01002809,0.9833354872792488,1.154822882004996,0.9515886816981936,1.556612151916919,1.4025340210304786,-0.6570200019397111,0.2252893289220801,-0.3503273583633983,-0.6460710837595988,1.481254505558009,-0.14801959532538128,0.0197644668034552,1.0406379022552386,0.3040318238654152
E01001522,-0.559677823777508,0.1374822763388563,0.2166392632539366,-0.9486118186152632,-0.2498533151817936,-0.6570200019397111,0.1724987600987541,-0.0858953095549687,0.3677195248639116,-0.20550656549878757,-0.11333513569468118,-0.0086294723508618,-1.7237225936606864,-0.4709553308559391
E01003599,0.9648989732870142,0.5822235053766911,0.0364172861278619,-0.9486118186152632,-1.1642713888564094,-0.6570200019397111,-1.4930065098202532,-0.3292546601975704,-0.6339579253006593,-0.03454586802278348,0.9809351399781041,-0.0817179435001019,-1.0201617500209852,0.368430987919472
E01003326,0.8310498817033909,0.6709029571926877,0.4550417450627376,0.6253464621931807,0.7938030518370996,1.117002595893204,0.5390586253086072,1.110775226937688,0.9282848751794277,0.2845587454251942,0.6021298838083362,-0.3055247954988319,0.8859306463121348,0.2084805510833829
E01000056,1.1991656110816755,-0.2165554141304386,-0.5047898828113153,-0.0221277904225801,-1.1642713888564094,-0.6570200019397111,0.7836797118279615,-1.1011630444426532,-0.7878757921189173,0.011169884734287554,-0.5148932457853195,0.494337172239712,-0.2496319053062554,1.0452799067248475
E01004187,0.3638686171401654,0.2250244877644485,-0.3983384708252414,-0.9486118186152632,-1.1642713888564094,-0.6570200019397111,0.158371706469977,1.2684657437841598,-0.23906895953923146,0.37786858123395517,-0.10405337889209965,-0.8773087356850685,-0.7142488748519227,0.0491098492814188
E01002825,-1.1747199305584552,0.2022819132348543,1.188359066146229,0.4507173056601526,0.9340861711652312,1.3916667189414509,-0.7197362059292854,0.5307613502966324,-1.6348186314354145,0.5356139964502434,-1.0016329242089772,1.4593382435297042,0.5640396911430149,0.3944565563474165
E01000897,-1.8184000890740069,-0.0350426915181453,0.6510876782217527,-0.9486118186152632,0.0739476214752391,0.8511617857515098,-1.090013716830922,-0.1299882471573065,-1.5477526670269361,-0.6176294665159262,-0.9277780217114482,0.1471523006343717,0.5433664041753222,-1.9844846131973108
E01001122,-1.1991790391214865,-2.619174835986151,-2.065997456350741,-0.3955455514488635,-1.1642713888564094,-0.6570200019397111,-1.2342583696721217,-1.5783184053984636,0.78788461460966,0.8171961031642032,0.810932436436082,-0.8177975980318486,0.4167638608602352,-1.4855806579518591
E01000751,-1.641532464841836,-2.5461024769969813,-0.215299328575382,-0.9486118186152632,-1.1642713888564094,-0.6570200019397111,0.6676891662443163,-1.4536057603188026,1.0785196632344818,0.20423548762653823,-0.43868513730096476,-0.1911923657527641,-2.092384458269265,1.8616071621322472
E01003368,-0.2548607924392287,0.4188009295660775,0.1229513274084411,-0.9486118186152632,-1.1642713888564094,-0.6570200019397111,-1.3785030225133217,0.5592801163422803,0.16744863834277834,-0.11663308229408197,0.9057040585256002,-1.216941915802472,-0.5336328670022448,-0.4293555332681469
E01001745,1.2377593803720868,1.198400106684424,1.2523894622410137,1.123212985986943,1.3331809847692506,2.559326011369212,-1.364375968884544,0.6768372959970572,3.16782977800252,1.406700107502311,-3.491882906453284,0.7679111838236221,1.553377805624404,0.3919363401056191
E01001740,1.4814900953494283,1.151898563697543,0.6146794883792479,0.529956698689161,1.0546328878321396,-0.6570200019397111,-1.1316513485788973,1.6204367328763831,-0.9733686253201442,0.3257535124134087,0.7435175712383838,0.5541216706751988,0.870885273602361,0.2046314748023249
E01002547,0.565072439842086,0.2325977563745088,-0.7828583549334854,0.1306331136757103,-0.1947981834238398,-0.6570200019397111,1.0468890268062332,-0.1368342960216286,-0.37126389552112465,-0.10226722447200555,-0.6878270304228936,-0.4368472896510177,0.7632598777798426,0.2620651731055381
E01003239,1.1351294524819806,-0.1076505490031739,-0.4368717021647917,-0.9486118186152632,-1.1642713888564094,-0.6570200019397111,-0.7390679635265597,-0.4563592113422872,-0.7458027550715342,0.4144216598920887,0.48558243482979857,-0.6217237429406925,-0.3602844004253031,0.3838475034070034
E01004684,0.248333129455495,1.0110384638105268,1.0105961298786568,1.8878087519962148,1.5073047976003635,2.0886065967214384,1.3153030457530015,5.052452451227759,0.5186702123652258,1.9078122187184317,2.747150618047519,1.653443772494991,1.8118750784057076,0.9937503131871618
E01033705,1.0000512599655416,0.1017284414589164,-0.4281323807840527,-0.9486118186152632,0.1613906161359275,0.9826985141014783,1.384451255620175,-0.7632245490010887,0.9827488871934489,0.40613143634364257,1.3604981917438719,0.9064080456656544,1.5801787800911469,0.76631707361627
E01003048,1.281146643300479,0.8945178367151719,-0.0427911292616435,1.2923636827739464,1.1081799854078913,1.1979547239360917,-0.2646963732549852,0.5633393357099604,1.5347556733966758,-0.05530170140263358,-0.3170942707495605,0.0333190181455689,-0.7088210094416688,0.2292169600636927
E01004410,1.1259111954858634,0.2105494541346435,0.3930474290024547,0.4365941812274801,0.8188707381519007,1.3709897695514706,0.2765928394686921,-0.2951545249033096,1.5436127304345846,0.17160222044889284,0.3792059532427691,0.3100753590530609,1.0595746672967543,0.3529363012739849
E01004680,-0.98101362354671,0.4148754315958683,1.1887719297146977,1.8581787058001096,1.7127665963965628,1.7979632362867124,1.0781172506172143,2.0908456768903725,-1.7638264294333972,2.2089506858487558,1.9384151810162593,1.6126898252937412,2.459046208171592,0.7690945429712799
E01003805,-2.018620631029675,-1.7793955652854312,-1.514322836589193,-0.9486118186152632,-1.1642713888564094,0.3979185883111888,0.7658350125074004,-1.1357320088833147,-0.8032466718351694,1.4365045399874985,0.3047399870562264,-1.0981291756442058,-0.0889962022276907,-2.688438196859248
E01001440,0.9293779563286422,-0.5541615231790721,-0.8080186341324305,0.4042793182523493,0.2946480946925757,0.5458500593552985,1.716065251327263,0.1964041973953149,0.5073010126254953,-0.32666522254225344,0.9367143192945517,0.0772973127967081,0.5148662078845682,0.364634827188708
E01003511,1.172248300653013,1.311803862628744,0.5027073147937093,-0.9486118186152632,-1.1642713888564094,-0.6570200019397111,-1.4149359502927998,1.8877603322264536,-0.7701905807688657,-0.47687410011765624,0.9296412208059424,-0.5541247908717676,-0.659499799829157,-0.6105100924769788
E01001455,-0.9588898067560284,-0.3636267018814129,-0.692936939750399,0.3402528119991309,-0.3121581644028969,-0.6570200019397111,0.4156327883413949,0.8325551027996752,0.630009782694815,-0.2357737422881456,-0.2730790554022708,-0.9304916812387324,0.1262357166302723,-0.8733588964310529
E01001248,-0.1631698628511818,-1.6448948320276793,-0.8656827620871288,0.030543546698666,0.0958982047721945,-0.6570200019397111,-0.034945869502765,-1.273332147956589,0.10720586360698585,-0.026441021870038387,0.022960135248491553,-0.4432245619175509,-0.2337803342591539,-0.022713178469338
E01001464,1.29614167468083,-0.2969083406276705,-0.6899386268297371,0.0710591456582007,-1.1642713888564094,-0.6570200019397111,-1.6484040997368037,0.2872562166015598,-0.8515910056129394,-0.04902644937911327,1.0830344648065025,-0.6666707721602755,-0.2379513356693715,0.4770277919310235
E01003500,1.1300901386574365,-1.4304852682183906,0.0608936914619254,-0.0131877902635923,0.1146181188312515,0.066985387546169,0.3896092684989106,-0.853948718065968,0.07569952590007226,-0.0008030532313757734,0.02609812784197894,0.3234328080374525,0.8570058680522222,0.5184272094896251
E01001896,0.3175315119730156,0.9752627045807736,1.2265814112269966,0.8892549200370382,1.3934136881990822,-0.6570200019397111,-1.5747947150394903,1.5132765756827269,-0.20862455461243012,1.0907435547595803,1.0346716267298928,0.3729853700481881,1.031480430803625,0.1653275004066573
E01001535,-0.523296436166165,-1.1179324764052343,-1.1787034470016162,-0.9486118186152632,-1.1642713888564094,-0.6570200019397111,0.3955575016057641,-0.8311812624608956,0.3438162255049376,1.1181320204682828,-0.2598891904722864,-0.555173572636218,1.1493943543368503,-0.152796120446265
E01002962,-0.7107343284205504,-0.2562047395833307,-0.8985528367697719,-0.9486118186152632,-1.1642713888564094,-0.6570200019397111,-0.2245457997837235,-0.3855504049465114,0.4669666698374893,0.8523778406100772,0.14753108180945598,-1.358629236696579,-0.9122922940321466,0.0080428231871023
E01000040,1.1429956984520009,0.441729317158923,0.0055229540339012,1.2782664110236133,1.1202808842672545,0.9682886566043056,1.4156794794311562,0.2055575511120564,1.106749769358588,0.007059806631163274,1.370786381320677,-0.1536663892418793,-0.1522468380235638,0.5687633052643679
E01003255,-0.1492810223103651,0.4037370772326817,1.0404914982585642,1.8983460111133328,1.6970060791262953,2.297342996752373,1.584460593838127,1.747703003877607,-0.342949711152752,1.9752128853164808,3.6400494488841275,1.229462245586403,0.8387780309919838,1.0482660441904077
E01002459,-2.014687508044665,-1.2063303828246643,-1.2371758659470289,-0.9486118186152632,-1.1642713888564094,-0.6570200019397111,-0.4974209935606323,-1.2631138205002872,1.3236899904434174,1.1735996481429243,0.32681554215405967,-1.4215059616542745,-2.251575409658096,-2.2872998807977902
E01004283,0.8732080436989674,0.7927743122743006,0.2883509794448157,0.2147550113119568,-1.1642713888564094,-0.6570200019397111,0.2297505037522199,1.1934819261640632,-0.5737151505648669,0.061924817852485214,-0.15095067642093313,-0.0061845587262095,-0.3753056925812408,0.5063747791028647
E01002473,-0.326148646542536,-3.96349058812464,-3.680945839225165,-0.9486118186152632,-1.1642713888564094,-0.6570200019397111,1.3799900807900345,-1.838362614042468,0.21428618438401115,3.49178872677167,-0.9066810855574505,-0.2716710367325934,0.211690642733632,-0.4766116380233947
E01002317,-1.8085672816114815,-0.9276682555474196,-1.264166855185454,-0.9486118186152632,-1.1642713888564094,-0.6570200019397111,0.7368373761114894,-0.8269404340279947,1.1882648788724737,1.1992036195306115,-0.48411689428202237,-1.2907262324058864,-1.8060127953633585,-1.1622029494992383
E01003450,0.7799192828982602,-0.0209721623075077,-0.5218728666437917,-0.9486118186152632,-1.1642713888564094,-0.6570200019397111,-0.1159905455836452,0.4596262882191414,-0.512422568762633,0.495054769112928,0.07620810848435472,-0.9818531204779216,-0.7701400943578267,-0.0686046528162917
E01001340,1.2866775974981493,0.6596212796959283,1.4462983690583258,-0.9486118186152632,-0.0118021900938808,-0.6570200019397111,0.3561504572728589,0.800138399607946,-0.8453729176040169,-1.3719757261327075,-0.23399797412824275,-0.5071503237170824,-0.477664024934119,3.153487767910025
E01000363,-1.235437516639548,-1.0481933529536254,-0.7139384114671604,-0.9486118186152632,-1.1642713888564094,0.3666289284640467,0.9584090593417858,-0.5358545103195895,-0.45294713290984034,0.6772504148811551,0.3513804864567139,-0.9102484216107736,-1.0040298540423356,-0.746765782399611
E01004000,0.7727904974879295,0.580578524777732,0.4746857634996114,0.5513931202842711,0.3796056460109591,1.0157113288693986,0.5279056882332569,0.7088376438858559,0.7849320631411085,0.2617384642905723,0.5361997881131159,-0.0320145872023487,0.3025925690634275,0.0152764382112705
E01002886,-0.4635621308313247,0.3923161615549184,1.1895674526563724,1.2950424898885091,1.9851363484770672,1.2015172782801915,0.1241693661055688,0.8787981430226715,-0.5569779097502193,1.5405403957784398,0.1491916388089397,1.4774263917250323,2.5364336854325944,-0.3484945811236666
E01001770,1.1270173863253974,0.6936169003063599,0.7565287462851853,0.3003349763809567,0.9088694280073096,1.7052301122989546,-0.4275292545551026,1.6391901271641065,1.9218239842465317,0.2272120431470759,-0.729035758756086,0.9305339624035072,0.8545652038670667,0.5821648912841256
E01001500,0.1013326578907442,-0.1579601774833709,-0.0505968672860747,-0.9486118186152632,-0.2853128365704255,-0.6570200019397111,-0.9606396467568564,-0.4070543528077012,-0.06657758308393283,0.047996786292478444,0.6311594625755532,-0.1114682062073421,0.1923342377726291,-0.0812634320903021
E01002988,-1.6450968575470013,-0.4183868600600148,-0.1349115330191584,1.05308099065807,0.8186893123138563,1.0943334371143894,1.6870676149313515,-0.8863197623718793,-1.8002844985054909,-0.14207277084301426,1.846214501692201,-0.4163188737351511,-0.5969650450172915,-0.1199423332961388
E01001759,0.8357204652480903,0.9239883628931392,0.8650469342577966,1.0019990810488395,0.0545113535051963,-0.6570200019397111,-1.0424278519760932,1.2304905835670648,-0.5490850616983566,0.8667762331904281,0.6848959493273417,0.1384274991479061,0.5136624155344006,0.0595458321160563
E01002729,0.9572785475035572,0.4648051810043769,0.7130853382433926,0.6470679361089962,1.4012982397327212,1.679133707413862,-1.1413172273775345,1.2390028769484986,1.6073986764974049,0.4614146580867375,-1.916424227341749,0.8054125614366655,0.1229688686378799,1.311980669618199
E01001231,-0.5868409543927336,-0.6038756499120047,-0.5978146351664985,0.2835493507450399,0.6105046628663353,-0.6570200019397111,1.000046691089761,-0.4048522041227781,0.3855662449934158,-0.16950995166734353,-0.6570506789195965,0.247617048345749,0.4904988626398538,-0.4794296088394268
E01003873,-1.5246449661310684,0.0843753930311267,0.6163020732135898,1.2758343258445468,1.1570315906396,-0.6570200019397111,0.8275479309910065,-0.0481700489612451,1.0017222386048052,0.7862993400950569,-0.543715543224915,0.9366994460468768,0.4217428667664983,0.1124479062614815
E01003548,0.3418677104427653,0.275909794837217,0.0903426907191713,0.5719051632452828,0.9669366898505036,-0.6570200019397111,-1.2885359967721608,-0.61372346919259,-0.22461392377823025,0.05166745128376576,0.8465939230986327,-0.1181705944874451,-0.5477666077163127,0.3319469511144847
E01000387,-0.7927153606393537,-0.6322247068911424,-0.9920621364731066,-0.9486118186152632,-0.4198858454233515,-0.6570200019397111,0.0758399721123831,-0.5527432511465986,0.5208298477849069,0.941081867459097,-0.04982837862438558,-1.2611372945727255,-1.079705254370224,-1.8587784514144856
E01003315,0.7314927061453239,0.1572610250876286,0.2555617604352845,-0.9486118186152632,0.2257368214474034,1.0805254775030697,1.5978441183285477,0.0588738738796457,0.7903965055976888,-0.24242890633503344,1.7265112789324253,-0.1540929252394706,-0.0451450415151079,0.3010266553479604
E01002017,0.449414042064134,0.494935039105121,0.772918812920242,1.4678611214801949,1.0064182266161572,-0.6570200019397111,0.7561691337087637,0.331929573453695,-0.29527401478871074,1.1345374755462474,-0.4968182456960816,0.2980191836611683,0.3375531689043413,0.2847367243504375
E01001412,0.795774684931582,-5.669780252015177,-3.855211548482437,-0.8394111697611086,-0.8310945087150378,-0.449960799552031,0.8327526349595034,-1.8375077847507493,-0.3580674134950802,3.2361076355881773,-0.37470604145543873,0.1895322459952305,2.427897882898556,1.3114039517463032
E01001923,-0.1363754625158008,0.7172689852479075,0.9948337839123844,0.7405050960384576,0.5531027481694084,1.815930309059281,-0.3286398791536614,2.519146875049762,-0.24764833579442053,0.7366794866983424,-0.5967871173207131,0.1188985047918674,0.4820228734195518,0.0175664352059168
E01000820,0.2294049750901341,-1.4574222869493576,-0.9879927422736188,-0.0969086586190149,0.2198435406957332,0.1790361872307971,0.1092987833384348,-1.1112393941855765,0.04107179207191359,0.09574505137905849,0.01956843743787834,-0.0484107386625227,-0.4703254461453054,0.5242219766554723
E01000487,-0.1368671028889271,-0.2911426664216245,-0.516245412281702,0.8721896738431182,1.112365107120984,0.5612466847316633,1.332404215935206,0.0063738930211462,-0.07681620774523779,-0.45026391776098373,0.7478074489161256,-0.0763074237244583,0.0234880377463618,-0.0755167672773633
E01000152,1.0348348163642245,0.8432922859911326,0.2101150405888834,-0.9486118186152632,-1.1642713888564094,-0.6570200019397111,-1.2758960014200968,0.0680034963952279,-0.6799071730549033,-0.19931761077144053,0.8382891933279016,-0.6646315757084447,-0.8071713440223763,-0.5304718885194913
E01000823,-0.9030886244061984,-0.1891678431460222,-0.1664281101514374,0.3287700316920119,0.8590139572858227,1.523240899272772,-0.292206951374183,-0.2310545922574975,-1.3756215283635083,-0.054716575048929725,-0.4451015793849657,-0.3418920244788469,-0.3918595159173916,-0.5127410126556121
E01000337,0.0713425951300426,-0.3253592822123744,-0.9266770617455732,-0.9486118186152632,-0.372866339387973,0.6328285004957174,-1.49375003895861,-0.5754850681552587,0.04514762749761792,0.8790568128115167,-0.9452875972695965,-0.687445732486569,-0.5970987347940396,-0.31580281956445
E01003782,0.3099110861895587,0.3406205629102722,0.2811504487497038,0.5178368971783929,0.6924284105152783,-0.6570200019397111,0.7598867794005469,-0.1209795105425318,-0.20361778244940185,0.14559007602085938,-0.4992608132757082,-0.4075690476466204,-1.5750879721955018,0.0685477271204113
E01000746,-0.1524766847356858,0.4712306528316062,0.541643875386574,0.9869786238412068,0.971535235037816,1.766233975341006,-0.4319904293852427,0.4101138853222149,-0.2693095010275276,0.5345909267410589,-0.7629961734023653,-0.4414156360849639,-0.4538029983808673,-0.8029760072149279
E01004420,1.431096957103987,0.6933872189083009,0.8231728251340539,1.3454468412815064,1.858621293526418,1.4892076159544785,1.4290630039215768,1.314196946179432,2.1312004876885373,1.1075352774053866,2.128171509118797,1.7032808726184363,-0.0652049299720742,1.4989669702777269
E01002571,-1.823193582711988,-0.2989737831029523,-0.2823727452890019,-0.9486118186152632,-1.1642713888564094,-0.6570200019397111,-0.4743715902715745,-0.1277337654196917,1.1978746512498992,0.2678621234359846,0.3116716231603737,-0.6217095608603231,0.8388173754467013,-1.6215036779958998
E01004742,-0.9550795938643,1.6488132263745874,1.9979907261770589,1.7424384047117305,1.6083616895637696,1.9597363404665085,-1.516055913109311,0.4031000323296589,-1.8717041881338623,3.4813757735487862,-2.971069867099452,0.5844265888497435,0.7966805528389923,0.2896724977671866
E01004358,0.3208500844916179,0.0048328473248854,-0.2418034527455239,0.8168212237909505,0.1736744742235316,-0.6570200019397111,-0.4215810214482489,-0.2302550568311111,-0.21080492313503926,-0.1975101921884761,0.2769871635296739,-0.6574167458669626,-0.4399626085719201,-0.1598537125435793
E01004525,0.2699653058730503,0.7345226957974226,1.675205933636743,2.6230201292770268,2.232956754702115,3.0968593956124857,0.1665505269919006,1.070317678464865,0.8360445939823543,4.394098884613492,0.5157835643590782,3.165756697406912,2.141185197690927,2.7580345983745653
E01002786,1.2085067781710743,1.0941035298344042,0.9005443205490937,1.1405806854796257,1.4485768873605955,-0.6570200019397111,-0.6654585788292463,-0.7929249177742568,-0.7940131257381132,1.027143458436669,0.4372195967531888,0.6713083750053661,0.9367123670293964,0.4823220093334379
E01000422,1.201009262480899,0.624910369856188,-0.4220251430914503,-0.9486118186152632,-1.1642713888564094,-0.6570200019397111,-1.720154661588225,1.0134256089772755,-0.7890871079648113,0.40033803848934735,1.1301760190932988,-0.6590219995268718,-0.1467646565756185,0.0147112867859897
E01003976,0.9220033507317484,1.2206328607998485,1.377063360975041,1.5913228885450883,1.32448234779893,2.488656827648742,0.6022586020689268,2.14597460079132,2.2945499339135838,2.1913524452964097,1.4988149820490215,0.8738236805639326,1.4159888903876134,0.0373242246955206
E01001053,1.0338515356179718,-0.1682566993011006,-0.8660062267000188,-0.9486118186152632,-1.1642713888564094,-0.6570200019397111,1.2431807193324018,-0.9263443949451658,-0.6792611379370932,0.8215037416420468,-0.8167945986271861,-1.2144550917463095,-1.4554871087219785,0.1916111065321933
E01002777,0.7463648274323932,0.775620815248195,0.8973834459910685,-0.9486118186152632,0.667854406332409,1.76986559620172,-0.381430447976987,0.2104773398693424,1.3209654302876264,-0.8512685426968193,-0.6750806272182792,0.4096495633742432,0.9811393040968216,0.2336877061951933
E01000929,0.589900278684962,1.2302188511268997,0.7788101962076177,1.3297237700866091,0.8823310459969956,-0.6570200019397111,-0.6543056417538958,-0.6473940938292202,-0.38757628224582985,1.0356024302830853,0.42989189401430855,-0.1617004426349618,1.1973124575333625,0.4142809137803944
E01002533,-0.1957410375707964,-2.7112213624070747,-2.611742009765467,-0.9486118186152632,-1.1642713888564094,-0.1875333033218706,1.542822962090152,-1.59673088784976,0.036707963371301826,2.4775293376375025,-0.2893306865215993,-1.3617830446442576,-0.9740919242761804,-0.225940415171144
E01002675,-0.5894220663516465,0.0704653673514252,-0.2781182807653672,-0.9486118186152632,-1.1642713888564094,-0.6570200019397111,-0.6929691569484444,-0.3453503699020184,0.3872620871776673,0.2638262881069854,0.4552945968424269,-1.0398631490620844,-1.675446306653922,-0.4709869732148995
E01003159,1.2130544516224924,0.6033524151879541,0.6458744986319014,-0.9486118186152632,-0.0882081018102172,-0.6570200019397111,-1.156931339283025,1.1582453894188778,-0.7970010381579852,-0.6126841827444293,0.7601270307798457,0.1407035689498479,0.9288762837699824,-0.1521032685037767
E01002506,1.063104137818984,-0.1263694893863112,0.4530068708182925,1.2600664068741465,1.293734473658442,1.0958926327802516,1.2275666074269111,-0.6866871064728434,1.1650479925140258,0.5708187400013065,1.3452812013261992,2.0315967435885804,1.6675134810636398,2.0747849348789664
E01003608,0.4819852167837485,1.366237751563954,0.6670922043840188,-0.9486118186152632,-1.1642713888564094,-0.6570200019397111,-0.4884986439003519,-0.3910122437522828,-0.3166739280661705,-0.632811549184789,0.3209533799629555,-0.3211658853221522,-0.510292670157206,-0.864644177866403
E01004230,0.7574267358277339,0.7088898202671103,0.565566811947865,1.1526245755735791,1.029942499018174,1.5376237179998775,1.4283194747832202,0.7038421109462762,1.1646373136559511,0.65188620657991,2.1962179013078074,0.231193634127148,-0.0081303103428666,0.0106443911516501
E01003163,-0.4252141817274767,-0.0091059459433922,0.0649463512850273,-0.9486118186152632,-1.1642713888564094,-0.6570200019397111,0.2498257904878508,0.1387622357726044,0.2793742225033794,-0.06160887640491549,-0.1641405413509176,-0.709828035598732,-0.4011716669091441,-0.8525684199504471
E01000317,-1.004120721083644,0.1986058951299131,0.0696415729039579,-0.9486118186152632,0.4849649881091357,-0.6570200019397111,1.037223148007596,0.62547675178292,0.6597273981140799,-0.06606281912365093,-0.681476354715864,-0.5879996100982666,0.2402965416410593,-0.6952815480169527
E01004445,0.824781466946031,0.5682137666439483,0.4843675391500685,0.5100027046557565,0.9912294922314712,-0.6570200019397111,-1.0565549056048704,-0.0395947700182845,-0.541897921012719,0.24702875501398797,0.6941777061299232,-0.0642533004657226,-1.3134034151528318,-0.2274087062002289
E01003433,-0.138587844194869,-0.4403937716620772,-0.2949841792743152,-0.0675837042022355,0.3598935757106499,-0.6570200019397111,0.910823194486957,0.918845851728522,0.09105498566173321,0.019936123516414526,-0.5984290570085544,-0.6493649317387846,-1.2771433864479516,0.5262082972552429
E01000695,-1.5111248558700965,-1.8795854388217257,-1.7137919945066835,-0.9486118186152632,-1.1642713888564094,-0.6570200019397111,-0.8312655766827904,-1.1855101959695171,0.9928392557349165,1.6257233406372642,0.546158110804542,-1.2768215878557676,-0.2555476645023463,-1.4427150672935152
E01001229,0.9100810716834368,-0.0933220495423288,-0.616812004767755,-0.9486118186152632,-1.1642713888564094,-0.6570200019397111,0.2951810679276098,0.1174496016300905,-0.597941467482746,0.5851151575864665,-0.19393986582236417,-1.0206670111657927,-0.5484360719350352,0.0988517718702722
E01002049,0.9813689257867438,0.8406370715772061,0.241280297759092,-0.9486118186152632,0.6298702062421783,-0.6570200019397111,-1.4602912277325584,0.4882663132185457,-0.6447790135239786,-0.22888134205328448,0.9594405452773886,0.0347064591571452,-0.4879579082881879,0.4549503835593173
E01002627,0.8384244873002847,0.8107890719628092,-0.3004090864518012,-0.9486118186152632,-1.1642713888564094,-0.6570200019397111,-1.6945029063149188,-0.6344126814392104,-0.5508616582723344,0.28497160982759295,1.1133223027938741,-0.7513532566372112,-0.4373479225466599,0.2535674769034597
E01004234,0.5050923143206826,-0.8013658742704067,-0.5077347821942431,0.9454526873570652,0.9334925115169418,0.6025906966661757,1.493006509820253,-1.1261744052223508,0.30436392956723113,-0.4800392142902013,0.8996718328797217,1.3102773363388809,1.2998253052976982,0.3704665299042662
E01003875,-1.545908412268779,-1.1931784092364812,-0.91434082247711,-0.9486118186152632,-1.1642713888564094,-0.6570200019397111,1.656582920258727,-0.4410684569714296,1.015692748027449,0.8673545104441869,-1.0884081134816812,-0.6558117254315705,1.0671216803884318,-0.8795018310884298
E01002241,0.3072070641373642,-0.028612124315264,-0.407868324185461,-0.9486118186152632,-1.1642713888564094,-0.6570200019397111,-0.6104374225908507,-1.0762891119588618,-0.201841185875424,0.38690871276112987,0.40106959657471297,-0.9620239319532202,-0.8618409208864554,-0.3491386811548532
E01004131,-0.9623312893679122,0.173218103866737,-0.2790797185318066,0.4102376620119385,-0.2549992016446707,-0.6570200019397111,0.0029741165534267,2.14478115026702,0.6322709056071504,-0.1144890112454382,-0.0019540540637013374,-1.0222312295412463,-0.629661844127725,-0.7045519132857349
E01001006,0.9362609215524098,-0.3603104245982457,-0.2289091311584459,-0.0928327052187355,0.5641319779422402,-0.6570200019397111,0.8334961640978603,0.116726307389703,-0.61514215249444,0.021250253894708873,-0.5476236513523179,1.2488564933873356,0.7127984761074817,0.6006672665148636
E01002112,-1.6893444911283644,-1.5476730452089835,-1.4896433188557467,-0.9486118186152632,-0.1290639293224888,-0.6570200019397111,0.2699010772234816,-0.6553001426936822,1.1099331208379983,1.4130932577878264,-0.177330406280902,-0.3469075924086909,0.2273502276009368,-1.0837803840057545
E01002259,-1.5272260780899811,-3.0970932523330266,-2.763675036398117,-0.9486118186152632,-1.1642713888564094,-0.6570200019397111,1.1063713578747691,-1.4576572503970624,1.0034180807890567,2.6216548023392217,-0.7269081116969216,-1.4473079542265364,-1.598360831413007,-1.0658286832312631
E01003166,-0.1095810621804199,0.4226351532073464,0.8181302594109058,1.552435688137671,1.464469346794144,0.7400101337207211,0.5784656696415122,0.8670762209872553,-0.08109109647739118,1.270094612254821,0.428070457544262,1.165279316595487,0.79931247021227,0.6101122746305794
E01002452,-1.2226548669382653,-0.7642276015998328,-0.2781567966561385,-0.1565294649030627,-0.452752997206544,-0.6570200019397111,0.5212139259880465,-0.6143325213030396,0.8033087030473763,0.04353973453973538,-0.3424479746636708,0.2874887142012511,-0.570568568352235,-0.069868771147953
E01004740,1.0940774813259382,1.6449330600110394,1.319198797735912,1.9116504280043496,1.5339644655982445,2.491274886087248,-1.2468983650241856,-0.8459660477105206,2.7256477526608998,2.5218469463146795,-3.1063665822880036,0.9774346048063752,0.2780034919003498,1.005742922157728
E01000318,-0.4781884319318309,-0.1670781999750267,-0.1617655807444196,0.2714060347059715,0.5985341630901351,-0.6570200019397111,1.087039600277495,-0.5573263507279574,0.31417936447539896,-0.043904154821751584,-0.7142067602828625,-0.7097969328897848,0.1881294257378664,-1.027946155383718
E01001497,0.4436372676799005,-0.166598213269567,-0.949517977745094,-0.9486118186152632,-1.1642713888564094,-0.6570200019397111,-1.4952370972353233,1.181735768533233,-0.2914785584715764,0.9007239756766607,0.9824006805258801,-1.10804403745335,-0.075628496243928,-0.1041503211886378
E01001556,0.0366819488246415,-0.0912571801711303,-0.435022442173427,-0.9486118186152632,-1.1642713888564094,-0.6570200019397111,-1.267717180898173,0.288869775256835,-0.02410077408791834,0.4126674300085878,0.8329155446527228,-0.6465773751624013,-0.5653046835618933,-0.1474000223754216
E01000960,-0.2660456109278511,0.9541578896341828,1.3809092787473312,1.4948128410145372,1.7562858759387543,-0.6570200019397111,-0.5806962570565827,1.7234820929505006,0.17479728780786838,2.0642009221476334,0.3815290559376989,2.2106867690545524,1.2911617047785204,0.3961869156039426
E01003896,-1.5116164962432226,-0.3401515158474706,0.9712589405461404,2.0241694414634708,1.717623728638647,2.227014326596193,1.707886430805339,1.3447112871213385,-3.366391593452797,1.9659926672016834,3.8034875496027274,1.847311967530617,1.2535066843858154,1.2939380772504667
E01004624,0.0629847087868962,-0.9659082295525908,-0.5354863354274259,-0.9486118186152632,-1.1642713888564094,-0.6570200019397111,-0.5093174597743394,-0.2721591931222988,-0.04138221348933868,0.5079686664934333,0.3346317584088652,-0.6959660552013411,-1.0191596241590444,0.5858584223788234
E01001702,1.2788113515281292,1.0079242909890398,-0.1517162660240752,-0.9486118186152632,-1.1642713888564094,-0.6570200019397111,-1.0855525420007817,0.1167345735557192,-0.840204636661536,0.14391984302661504,0.7132297332510119,-0.8689908476402864,-1.0848629684038409,0.4059588957807724
E01003513,0.3303141616742983,-0.813488603618116,-0.1041965786836144,0.1389826462292006,-0.187297895170169,-0.6570200019397111,-1.165853688943305,-0.7370060642534377,-0.2170230111439615,-0.014481516233477843,0.7659891929709497,0.4131744502156802,-0.3607004651809388,0.1954790015105936
E01000858,1.2709451055581091,0.1293970761346702,0.4367205283965278,1.8000952511862045,1.3949287751940744,2.1570891484835597,0.6595103457223926,0.4717239621736231,2.7415418955176896,0.7861385492621197,1.422622610070414,2.512542208017813,1.1351405930497926,1.6113284638448082
E01003040,0.2459978376831453,0.00316059303914,0.5327165022736327,-0.9486118186152632,-1.1642713888564094,-0.6570200019397111,1.3762724350982511,-0.6750401969868284,-0.16162549979174484,-0.5053411700281527,-0.9042385179778238,0.0871173572088678,0.3143281788881448,-0.9187972062571482
E01001409,1.1555325279667203,0.3969968781087823,-0.2242592753227272,-0.9486118186152632,-1.1642713888564094,-0.6570200019397111,0.8305220475444336,1.3524720435234383,-0.7592079837660939,0.21273499900523327,-0.5456695972886166,-0.693783674110432,-0.0931887991491938,0.2583289951258681
E01004428,1.3446911615270476,0.6836567383083034,-0.276914486170056,0.5543454534570058,-1.1642713888564094,-0.6570200019397111,-0.8558020382485616,0.249873569247956,-0.8834889895548131,-0.15350628640475344,0.5622790568300786,-0.5222796758442678,-0.467628145076303,0.1979821870344618
E01000889,0.9473228299477506,0.8961790607683924,0.4843290159883949,0.360260942124971,-1.1642713888564094,-0.6570200019397111,-1.5762817733162036,-0.0373124609926141,-0.6224100475698038,0.17448482759843928,1.0356486537617433,-0.2946813280779179,0.0379554188549174,0.2339638929987972
E01001049,-0.7961568432512375,-2.777469819581964,-2.673479385295176,-0.6369476944560962,-1.1642713888564094,-0.6570200019397111,0.1011199628165108,-1.4499533122810346,0.5230909706972423,1.7028665306396638,-0.06643783816584743,-0.557964802944898,0.4167638608602352,-0.4066758884889552
E01004541,1.306220302329918,1.0939306214008298,0.7249022077022126,1.607619652664552,1.1920707743584549,-0.6570200019397111,0.3910963267756238,0.5672498139749687,-0.8582128655704927,1.165367035361998,-0.25695810937673425,0.135413633298124,0.9605138347855412,0.7922776380838711
E01000021,1.3171593006319773,0.2837079844553117,-0.27651553228547,-0.9486118186152632,-0.1723652040007036,-0.6570200019397111,0.6030021312072834,-0.0390278801680584,-0.8654000062561302,0.26230590195668724,-0.39618446141545927,-0.2777545144979386,-0.4991025014061723,1.0065883381204437
E01001720,0.0945726027602582,1.007592842284172,1.1774799955442696,1.4050177140125912,0.8575962980067975,1.3490204275249975,0.4349645459386692,-0.3434941352032249,0.12758037300779526,1.6543802516351658,0.5867760577203999,0.6442895040115598,1.260198663724398,-0.3102709398035539
E01001755,1.362636035146156,0.969852163382214,1.5283423013096946,1.6287021597048883,1.297896984696982,-0.6570200019397111,-0.1531670025014802,0.9150915693222516,-0.8952791304548476,2.489214406911439,0.10063378428062225,0.9671289213554992,0.806073103521623,0.8524566393253148
E01000513,-0.3821956490789293,0.295698956036228,-0.1187855853155529,-0.9486118186152632,-0.1645462184235782,-0.6570200019397111,-0.1449881819795566,0.2180608534171799,0.2511101860991873,0.11268141011146514,0.09526013560544346,-0.7924508080185484,-1.6145965518279517,-0.7011430416603482
E01003793,0.5586811149914446,-1.440867683096147,-1.685412922054822,-0.3662772636734304,-0.2171702147662593,-0.6570200019397111,-0.8505973342800647,-1.2472469595741724,-0.36706466725535886,0.6173284332500808,0.5588594622186012,-0.0200229167861226,0.1585398740517875,-0.2878489556081986
E01003417,-1.2547344012847534,-0.545019943762378,-0.9339421595084166,0.2275744685099482,0.2155436480682801,-0.6570200019397111,0.1687811144069708,0.6460982705252689,0.824385598765931,-0.2125413905691612,-0.11089256811505456,-1.5535047536180748,-0.6905233615773297,-1.1098444207797522
E01000718,0.7291574143729741,-0.3727852182176022,-0.7954242459704811,-0.9486118186152632,-1.1642713888564094,-0.6570200019397111,-1.537618258121655,-0.4518844339331301,-0.4790710058056862,0.7545488405407326,1.010245950933625,-0.7838521570827471,-0.1514261980019301,-0.2024998811462207
E01004591,-0.0273542097750534,0.8933216098718159,1.3497864383870748,2.1072672034636124,1.7959903516309983,1.2031734899016808,1.0848090128624248,0.1254437186138068,-0.032911860038553675,2.8443606932930408,1.3052134458824811,1.2673273612294234,1.6509382787807163,0.2790474171814831
E01001684,0.5401216909059284,-2.5475639155164367,-2.931606596128169,-0.9486118186152632,-0.8468833718833431,-0.6570200019397111,0.6245644762196279,-1.6683759390177142,-0.35487075440669313,2.780956664617644,-0.41035135337729456,-0.7970778246567267,-1.0431964199081163,-0.0565238803494126
E01003748,-1.8732179906775843,-0.9423161248572932,-0.4473999521297429,0.535619555487117,0.3967116242839555,-0.6570200019397111,0.0907105548795171,-0.4916078366306503,1.2307416878684883,-0.23963616348469033,-0.059598648942892594,0.8680798310677855,0.5262503626457881,-0.4690802212095888
E01003128,1.1321796102432231,1.1653559881990172,1.0809843093106444,1.3898987602160502,1.289646807408498,-0.6570200019397111,0.259491669286488,-0.2796635453409367,-0.7438646497181038,1.5024587513238679,-0.1704912170579472,1.582102043548531,0.8790680817374045,0.99973213373772
E01001058,-0.8957140188093045,-0.2021031808160401,-0.7379255046149522,-0.9486118186152632,-1.1642713888564094,-0.6570200019397111,1.6305594004162425,-0.2867249233339893,0.5885020263755156,0.7000048549353757,-1.0713101404242937,-0.869638441913947,-2.2993569802683536,-1.2387142777565368
E01002529,0.1642626256509051,0.2847274969016583,0.1708139565043426,1.31817087542591,1.3308258749840356,1.172400512937696,1.1227289989186162,0.0396169991574747,0.19258158656961388,0.22516198258029263,1.3162880542222115,0.8625759560759283,0.2301155959740579,0.6623251237739808
E01001142,0.2593950378508358,-0.3647223077845721,-0.4637724408450493,0.1992614673296519,-1.1642713888564094,-0.6570200019397111,0.8669549753239116,-0.274447861911166,-0.17042772827190755,-0.09241197706983871,-0.5696067595689586,0.0549442576270641,-0.3230952600959934,0.0212747295523909
E01001382,-1.382069257924454,-0.1655313582448045,-0.2234888977104131,-0.9486118186152632,-1.1642713888564094,-0.6570200019397111,-0.1799340514823215,-0.4793778650158941,0.9080471465223399,0.21200420969739553,0.11822027085393495,-1.058975197921583,-1.000014877534062,-1.5295442852780168
E01001765,1.4691990860212722,0.7969867652258077,-0.0019234461795881,0.3138848630504882,0.2980173749644678,-0.6570200019397111,-1.691528789761492,0.5407458912194859,-0.965293186347518,-0.0006037406406649954,1.1113682487301726,0.187632670453218,0.5789022670907049,0.3575398735734463
E01002102,0.7790589122452892,-0.3821419544526438,-0.1827226248277664,0.191869609042241,-0.1397901498661327,-0.6570200019397111,0.3568939864112159,-1.0628770332979662,-0.5118572880345491,-0.03505891858887562,-0.2344864876441683,0.0206581189680896,-0.0743472706341357,0.3426954326289027
E01001364,1.432571878223366,0.8873394631072903,-0.5611124597192777,-0.9486118186152632,-1.1642713888564094,-0.6570200019397111,-1.2119524955214207,-0.4321027996045303,-0.9412283782090916,0.5322779108619876,0.7962770309583216,-0.617703473453609,-1.116016580301309,0.5848637663718665
E01002090,1.340880948635319,-0.0777468292430578,-0.3068237609178531,-0.9486118186152632,0.7956761960497858,-0.6570200019397111,-0.6825597490114504,-0.5348094474653265,-0.880985603473299,0.2910566458386593,0.4484554076194719,0.4449945769936612,0.6484029231800043,0.3217731532596087
E01003350,1.1067372209339394,-0.5249257784705498,-1.3661261539409488,-0.9486118186152632,-1.1642713888564094,-0.6570200019397111,-0.911566723625314,0.0018250226712135,-0.7271484910447674,1.2959234153477985,0.5989175705244799,-0.4798723914127332,0.7435550551869878,0.5605321075674929
E01000358,-1.715155610717493,-0.4792403890953178,-0.4279860533318023,0.4389873667310652,0.6174250464884223,1.0702314247858131,1.2060042624145668,0.0301684505377699,-1.835613432987564,-0.18788047054974913,1.2907036600617054,0.5663137997878319,-1.79265815143034,-0.8470815367771096
E01003790,-0.2959127635952712,-2.066360189324613,-2.0530676750204897,-0.50378665072619,-1.1642713888564094,-0.6570200019397111,-1.4275759456448636,-1.6522796311715335,0.19442060451135035,1.0343080877127784,0.9379459505766732,-0.6322473383618045,-0.7933625595471973,-0.5003902674353902
E01001032,-2.012475126365597,-1.646042554175666,-1.5770970629850694,-0.9486118186152632,0.1699633533458131,-0.6570200019397111,-0.7851667701046751,-0.8553957923218471,1.322236411428345,1.496052913051057,0.5158702728171703,-1.5849629958171811,-0.2987981085408448,-1.2134723700684882
E01003526,0.9011086348738824,1.0626652011352673,0.8947604911621717,0.3924577510786712,0.3724623330388882,-0.6570200019397111,-0.433477487661956,0.0888621539825635,-0.5920463970327287,0.35115569011555314,0.2848033797844794,0.2385785184127072,-1.3650843647297122,0.4785463748336069
E01004149,-1.134405419962102,-0.2088593276654791,-0.6348247222887925,-0.9486118186152632,-0.066962672091512,-0.6570200019397111,0.4364516042153827,0.0680170518729157,0.7453270512239191,0.6022022343123009,-0.28675743384818075,-0.9659625146782896,-1.073342161113158,-0.74701272038487
E01003670,-1.1959833766961658,-0.2978908456501509,-0.3090571446226338,-0.9486118186152632,-1.1642713888564094,0.7300786595221712,0.4736280611332177,0.197210559842766,-0.8731619404691366,0.29317526001651706,0.3457857399842245,-1.0569286296418825,-0.5639658787964986,-0.5956131184934066
E01002857,1.7595127263523267,1.4106160942224109,0.7718678246118643,0.6942227272308923,0.6541558484266462,-0.6570200019397111,-1.6684793864724343,0.7658422688580077,-1.1560350548809522,0.5358481862638245,1.0962243297364869,0.3965930339052995,0.8910439685643164,1.0622509088791126
E01002800,1.31974041259089,1.280280879053614,1.3290356664458811,0.5082890140240185,0.1444457317493345,-0.6570200019397111,-1.5770253024545604,0.8233335403091817,-0.8670958484403817,0.6755342285005312,1.0361371672776687,0.4203814778447995,0.6440418017123241,0.3657496357086828
E01001192,0.7573038257344523,0.0744287222601414,-0.3204975468292924,0.1126702386174692,-1.1642713888564094,0.8967491721907687,-1.1353689942706806,0.1947764085744196,0.6791115788242722,-0.03611053507756988,-1.0181412057432984,-0.0867303777273048,-0.027239988516356,0.5065845758564447
E01002472,-1.4061596362076405,-1.2736234970514526,-0.4900826904631429,0.3957369802560667,0.1290743568581835,0.2316475240870168,0.8126773482238725,-0.3888007522554796,-0.3257333981986002,-0.1939438439996528,0.18825469559766245,1.7515580223843243,1.1748173871097307,-0.0842959676670767
E01001251,-0.019856694084878,0.2467345894338236,0.4289395468605136,0.9568173162784844,0.8955937307729744,0.8929545866318686,-0.3316139957070882,-0.3135179844408445,-0.017731126058437706,0.41041678607278587,-0.2961162384579652,-0.1584383693505832,-0.4046803046448264,0.0033154706822848
E01000093,1.555850701784775,-0.351437300713267,-0.3738461701206996,0.4426070715823359,0.6208817810803895,0.5932606820158567,0.9085926070718868,-0.6590674956903948,0.9230250484556848,-0.1654669585793946,0.5390322697460329,-0.2008022876283261,0.2311307686637667,1.095978210469639
E01001579,1.2714367459312357,-0.2161748961403316,-0.527167737052352,-0.9486118186152632,-1.1642713888564094,-0.6570200019397111,-1.7004511394217725,-0.8227792988541601,-0.8353593732779604,0.5000775457605245,1.117230410921277,-0.4322048841835204,-0.0088484022102372,0.5959648214295765
E01003852,-0.6153560960340565,-1.8700325020095705,-1.7314384340411082,-0.9486118186152632,-1.1642713888564094,-0.6570200019397111,1.1264466446104,-0.833999203823535,0.40430126340990885,1.642462961736099,-0.7400979766269061,-0.4318526131025187,1.243889767706116,-0.5550285577984903
E01001436,0.8108926264052143,0.2882224583960189,-0.6834640029622694,-0.9486118186152632,-1.1642713888564094,-0.6570200019397111,-1.020865506963749,0.0104640631069315,-0.5327726749736513,0.648342030808106,0.6707290573655065,-0.490173703034625,0.7096886544849014,0.2160874842486037
E01003428,-1.2254817990837412,-0.6470037280069418,-0.6497752730002313,0.214524679964921,0.4759070904017909,0.5672052327080389,0.596310368962073,-0.2206420015815924,-0.6950996890287596,-0.1393928324894938,0.3382303615933492,-0.5300828971784991,-0.3645779589161829,-0.7646887448675176
E01001063,-1.6173191764653678,-0.6967824566331224,-0.5936522572937984,0.9234784720401744,0.8650761124142736,1.0096656182199604,1.5130817965558838,-0.2486650879756955,-1.6329515661649028,-0.5482250794888774,1.5277066675369648,-0.7148092602361262,0.0304550049747425,-0.8193235970512232
E01000138,0.7636951505850937,-0.339605011765944,-0.5641070006807535,-0.9486118186152632,-1.1642713888564094,-0.6570200019397111,-0.1888564011426018,-0.7029653187320424,-0.5017629893187663,0.5351185678093711,0.12408243304503909,-0.4263904145081639,0.8771162724749689,0.200759186850918
E01001419,-0.4164875651044857,-1.354737669557473,-1.2251733865051324,0.6952643699903017,0.6987522532694436,0.113300291775506,1.607509997127185,-0.6293232867382239,-0.047188162647208286,-0.8518194026973753,0.18213135170655287,0.0843808053139533,0.6980985723775743,-0.4837594760754756
E01033740,0.15442981818838,0.2921417406426492,-0.4917643246710773,-0.9486118186152632,-1.1642713888564094,-0.6570200019397111,-1.720154661588225,0.0445075176299094,-0.10146347944567866,0.4664934503563374,1.1301760190932988,-0.6521193948529064,-0.6721075577534462,0.416396392979101
E01002885,0.0777339199806839,1.5366590989373643,1.886930038142382,1.379971346848442,1.5424409861794606,1.856878895972092,0.994841987121264,0.465876629078987,0.14434247551331525,2.603909386144125,1.847301090712415,1.2923741076578708,1.212771154631156,0.0292170631709736
E01000930,0.9410544151903908,1.0855032144491503,1.2431485531144904,1.4114948358350845,1.563709352006517,2.103917306656063,0.5182398094346197,2.151840230244209,1.9799006706241633,1.7546977628969604,1.0903337040676362,2.1761055805093634,2.358284090126499,1.7110475126685192
E01003946,-0.2036072835408165,-0.9012180045647896,-0.3542962907208137,0.014531458715859,-0.2990909535098863,0.7530691674656357,-0.1710117018220411,-0.0522716326411039,-0.1533303675060223,-0.005148441921791482,-0.128783639918006,-0.4350719910217643,0.1413125872205513,-0.3267894204931283
E01001414,1.4515000325887268,-0.8562304818984597,-2.0187478766793374,-0.9486118186152632,-1.1642713888564094,-0.6570200019397111,0.2565175527330612,0.2868045084589713,-0.9536645542269361,1.9150080946224874,-0.16853716299424581,-0.6730108593678877,-0.53464719462815,0.4676101107189164
E01000321,-0.5171509315020868,0.4405885459472853,0.7760103427025287,1.3200551327343006,1.433887585584137,1.45433364211256,-0.6609974039991062,0.2171448536380741,-0.752109997733333,1.0243764359393766,-0.9613107619849675,0.6075712254325062,-0.1454986753427165,-0.0877921899018602
E01001746,1.170896289626916,1.924646588035079,0.8300565143812163,1.173608055571396,-1.1642713888564094,1.887711709396337,-0.9769972878007036,3.494007526342742,2.2103146364174537,0.9741610118573097,-1.844289220229851,-0.2864079947073603,-1.201595130192609,0.526960657573315
E01002553,1.2093671488240454,0.2098653177714039,-0.6657176988467284,0.6775745018015873,0.4373012861847212,-0.6570200019397111,1.2439242484707584,0.1849831643927716,-0.7945784064661972,-0.4510733381365711,-0.8172831121431114,-0.6295632591345774,-0.9836955897708992,0.584867356274261
E01003602,0.640662147210248,1.1465413251554275,0.7311480748900183,1.095474875019591,1.4071917907899492,1.2386751022259133,0.5368280378935371,-1.2052904270257103,0.7935722506879269,0.8009543459609574,0.6649555247155134,-0.0840398608696725,-0.6327278876724285,0.2992719753398843
E01001371,0.7151456637388758,0.4875777830830646,-0.4240412079367761,-0.9486118186152632,0.0704586839246479,1.3553688959556802,0.1680375852686138,-0.3296549485851686,0.9692861887092522,0.40225050142871815,0.22775291642457954,-0.2356506020350845,0.1182950379223492,0.868318753229618
E01004129,1.1196427807285037,-0.1320466273962391,-0.5920323621795747,-0.9486118186152632,0.1415693127447716,-0.6570200019397111,0.7866538283813882,0.0142549358521221,-0.735627701966025,0.5616088957662565,-0.5168472998490209,-0.1384858278650963,0.1890614185515698,1.0227860168157172
E01002600,0.7146540233657496,0.3532883754055014,-0.6342816231504721,-0.9486118186152632,-1.1642713888564094,-0.6570200019397111,0.0542776271000391,0.1115523487895252,-0.4695419878179871,0.6016870440510104,-0.035661486662550604,-0.9852890232090712,-0.6933432594038306,-0.107231477865338
E01002672,0.6834348596722323,-0.3814560823727806,0.4139039643702693,-0.9486118186152632,0.5492092865364508,-0.6570200019397111,1.3487618569790534,-0.3641679648938867,-0.44903037282751623,-0.39263419237334823,-0.886163517888586,1.2673006283806898,-0.4467760945762388,0.2655121428663708
E01004043,0.6622943236278033,0.4825559275231378,0.5486597243319097,-0.9486118186152632,-0.0060962722932644,1.2305980271091803,-1.4379853535818574,0.3622255234190211,0.8150180880219837,-0.5204650988994418,-1.7695819391297307,0.6651798460344973,0.9894748146688664,0.5772473513021663
E01001262,0.9760837917756366,-0.3342441404897048,-0.77756677072683,-0.9486118186152632,-0.0455757558013333,0.6744053133521507,-1.5695900110709933,0.3843912276081612,0.6582760954504037,0.7376090284739756,-1.058539843250739,-0.7828545353166203,-0.1625893053630544,0.2416409176471302
E01000229,0.2763566307236916,-0.4090992428662877,-0.9374061785864032,-0.9486118186152632,-1.1642713888564094,-0.6570200019397111,-1.2528465981310393,-1.2715881843721004,-0.18157183405413188,0.8892345798500322,0.8231452743342159,-0.8303962374681024,0.5227228774444307,-0.5820678321582533
E01004106,-2.0712261509541845,-1.886315646489869,-1.594460180956681,-0.9486118186152632,-1.1642713888564094,-0.6570200019397111,1.364375968884544,-0.8988100081197493,1.3608370097174987,1.5125237719669389,-0.8964223017230184,-1.7124448246099735,0.0637027394542773,-1.5746077878155
E01002831,1.232597156454261,0.8832042797057328,1.5623854188477209,2.1381410917841444,2.079915594692729,2.374494807481714,-0.2423904991042842,0.169971351061766,2.9267955477173686,3.3406004652426935,-0.5755549815060238,2.6019766890752414,1.8375738637801708,1.9430345476503552
E01001293,-0.1659967949966578,0.6210226168376473,-0.2605052035670273,-0.9486118186152632,-1.1642713888564094,-0.6570200019397111,-1.3368653907653465,6.676230135796966,0.10906321457068993,0.2471183149144571,0.8783473016337806,-0.9501084212980364,-1.1100822443400362,-0.3674747465464643
E01002401,0.6785184559409697,-0.1819676572556274,-0.4157632176094955,-0.9486118186152632,-1.1642713888564094,-0.6570200019397111,1.6974770228683451,0.1288505896906092,-0.4458001972384657,0.39439790196987695,-1.1152763568575752,-0.3193934782247296,0.0036462797470311,0.8434717287724386
E01000289,1.2956500343077035,-0.5110956987292258,-1.0737099227175635,-0.9486118186152632,-1.1642713888564094,-0.6570200019397111,0.0988893754014411,-0.5725489319010604,-0.8512679880540341,1.0185339224543617,-0.06497229761807165,-0.8061291738454218,-0.8140007716917985,0.4064879257897891
E01000509,1.1219780725008532,0.4495666005622269,-0.4367111554410428,-0.9486118186152632,-0.044213144476641,-0.6570200019397111,-1.3740418476831813,2.2046390554844235,-0.7371620353708239,0.4142693633725005,0.902772977430048,-0.3971868173051545,1.5746336850998173,0.7321942803162418
E01001084,-0.5693877211467515,-1.2325481515638912,-1.1888710840557262,-0.1038319368337583,-0.2373068728559997,-0.6570200019397111,-1.1725454511885156,-1.1876677910000624,0.37409912165228637,0.12344278730315592,0.7703858146142779,-0.2836980515118013,-0.6158257898442182,-0.1877543969976236
E01001283,1.3631276755192825,-0.2067971463622123,-0.231864053986872,-0.9486118186152632,-0.3477390241978736,-0.6570200019397111,0.5970538981004296,0.815614370420646,-0.8956021480137528,0.2199489819239942,-0.3922763532880564,-0.6239840663062997,-0.143778847856306,0.7917971802959552
E01001057,1.3788601674593224,0.6705234127077796,-1.1610695560946802,-0.9486118186152632,-1.1642713888564094,-0.6570200019397111,0.8134208773622295,0.601749231770268,-0.9059387098987144,1.101404303145791,-0.5344337864223335,-0.7513532566372112,-1.530243095022534,0.9423208988303476
E01003724,-0.0730767644757953,-0.199220271673198,-0.6213312841571963,-0.9486118186152632,-1.1642713888564094,-0.6570200019397111,-0.3821739771153438,-0.5186706114535194,0.04801289593763484,0.5894021994269149,0.2510959471856303,-0.8430707452384173,-1.4389715866522246,-0.9031726162449234
E01032776,-1.1641496625362406,1.530997461091357,1.7152633826486603,1.2857192944395697,0.4955690169872852,-0.6570200019397111,-0.4989080518373456,1.129711746242701,0.7648696135376749,2.2053472261170652,0.3277925691859103,-0.1225404833752029,-0.238437066810364,-0.2642620938876678
E01002661,-0.2596542860772097,0.1009806714191178,-0.2876614153668691,1.0725328257476423,0.9087430263727206,-0.6570200019397111,1.1301642903021831,-0.3710472332224377,0.1705980595421026,-0.3085263106819944,-0.7425405442065326,0.4581795294029446,0.2410704809718004,0.8414175154955817
E01003883,-1.892146145042945,0.3468231527166132,0.4597690354486382,0.4406280514300622,0.2773451549002065,-0.6570200019397111,-1.64468645404502,-0.2819431091578194,1.2431778638863327,0.20258713419761262,1.0805918972268755,-0.5587980014063348,-0.905539274821627,-1.248208516776102
E01001107,-1.591139326596395,-1.7657240520729487,-1.6277042617032205,-0.9486118186152632,-1.1642713888564094,-0.6570200019397111,-0.2855151891289728,-1.0219955631631583,1.045410363446714,1.5440594998621062,0.18758919011533468,-1.0695099468261833,-0.4182249950983202,-1.662616120675495
E01002276,0.8778786272436668,-3.840389967807456,-3.8151285073709422,-0.9486118186152632,-1.1642713888564094,-0.6570200019397111,-0.6751244576278834,-1.7840793419099688,-0.5767838173744649,3.619075991628084,0.44357027246021835,-0.6510326672946686,0.2841708351303517,0.2526862665287508
E01000295,-0.6641514030668375,-0.0152225259327733,0.1303055334202025,-0.9486118186152632,-1.1642713888564094,-0.6570200019397111,-0.958409059341786,0.2914991452158499,0.4363607561312354,-0.12360936903337026,0.629693922027777,-0.3526975189397868,0.0759985142757959,-0.7421775537703773
E01004585,-1.1061360985073423,0.7968626826027421,1.2852709649342409,0.6717493005610533,0.7453311437856667,1.715268439928874,1.3688371437146842,1.095709659263877,-1.8973203400357004,0.8633798717260064,2.3479231520161825,-0.0684348603216016,-0.4705127675957797,-0.5993624988139246
E01001370,0.6237005543373921,-0.6864553300831278,-0.2065243766930887,-0.2755700584422205,-0.2888706726672717,-0.6570200019397111,0.1100423124767914,-0.1707632726782976,-0.4097837394205523,0.056911934555057615,-0.07230000035695178,-0.2798871960990968,0.1992829007021096,0.3108937767417918
E01033710,0.5343449165216949,1.665748095927933,1.2879581024111364,-0.9486118186152632,-1.1642713888564094,-0.6570200019397111,-1.488545334990113,0.2552803253041372,-0.3510752980895588,-1.2217722778284916,0.9780040588825519,-0.3372111417884029,0.5446382292226313,-1.241298436478275
E01001013,1.5353247162067536,0.459247470658899,0.5033032970157937,1.656649046266517,1.7933981080003418,0.8671739452783803,0.8714161501540519,1.157910117274822,1.33139359143642,0.8337969269840082,0.7556693809083866,2.3290411976581247,1.5573046330303235,2.6817546296293977
E01004548,-0.1514934039894332,0.5930030653407528,1.0465746918122214,1.4755468831045793,1.4528144861543015,0.9907076042587968,0.3115387089714569,0.1614301160222716,-0.1500856673273814,1.544270024439659,0.30864376799899057,0.8208546403454964,0.7440623289443268,-0.0578618879880865
E01003590,1.2963874948673928,-0.3483762440409222,-0.9648022332617712,-0.0402694904015582,-0.0466476288972466,0.6728378803431931,-1.5398488455367254,-0.4147356534438111,0.8722586141499987,0.03885209427173681,-1.0360686332798434,0.2758807650897771,0.1287981327026689,0.4832113294857114
E01002920,-1.859820790509894,-1.1499110921490312,-1.2552517245008037,0.2070684234797626,0.3925818948244398,-0.6570200019397111,-0.4044798512660448,-1.2757237075636103,1.2219394593883257,-0.2599229956626347,0.26575135266339084,-1.0054426781919252,0.3907556003728935,-1.6691028182276912
E01003235,0.8015514593158155,-1.3785688396302076,-1.1965109294712524,0.6906571507232331,0.169633107810991,-0.6570200019397111,-1.5472841369202923,-1.0853126457038191,-0.5266353413544553,-0.8263788293578225,1.0165966266406548,0.2371114681648529,0.7557020274629274,0.7438317726816673
E01000648,-1.673366179001761,-0.6561921131332673,-0.2537418149689332,0.4533990748426335,0.2012174417479502,0.8828791418426416,0.7546820754320501,-0.8758883192853951,-1.477380096105575,-0.11504630415580501,0.6662930631214722,0.3563973200199128,-1.6881404060195082,-1.0887347198057389
E01002979,-1.2076598355579145,-0.7704253690284836,-1.0585584229940013,-0.9486118186152632,-1.1642713888564094,-0.6570200019397111,0.7308891430046356,-1.168234145342356,0.7934566675007722,1.0041610307468447,-0.4802087861546195,-1.2122505615408423,-1.1302201486773131,-1.164893933045779
E01001839,1.313594907926812,1.409543739282726,1.7592646535296863,1.3906003653838217,1.6238778215942882,-0.6570200019397111,0.1353223031809191,1.590452801051819,-0.8630581289540687,2.4464340700052243,-0.08890945989841363,1.5483663659971816,2.146381470488667,1.6872556639006584
E01001446,0.767259543290259,0.3370630006871675,-0.3919571396457783,-0.9486118186152632,-0.195939151900712,-0.6570200019397111,1.7130911347738362,0.1683223867907572,-0.5041048666208279,0.37181517505861844,-1.1255351406920078,-0.3518529689961333,0.3577727593359533,0.1281606648306112
E01003716,0.3355992956854056,-0.5788962879743298,-1.1330568210543157,-0.9486118186152632,-1.1642713888564094,-0.6570200019397111,0.5918491941319327,-1.3563884340480352,-0.22049544990219086,1.0748310916147632,-0.3888567586765789,-0.4620002328507054,-0.7891813198489527,0.1719190426757998
E01001947,1.2691014541588856,1.5866580664594467,0.7605271548745591,-0.9486118186152632,0.7044147421703457,-0.6570200019397111,-0.7219667933443555,0.0377740615371561,-0.8338250398731613,-0.7214450474918475,0.47434662396351546,0.2846985553017758,0.2699336619277948,0.5448798657804571
E01001650,1.0116048087340086,0.1220223446712095,-0.4378294692467912,-0.9486118186152632,-1.1642713888564094,-0.6570200019397111,-0.953947884511646,-0.4825945679818321,-0.6646445933966394,0.41533020906555407,0.626762840932225,-0.4694904047299842,-0.1956704591893356,0.2368194063888524
E01001739,0.6164488588337798,0.9310247235271228,1.2076557602199884,1.2904350406780396,0.992866110794744,-0.6570200019397111,-1.4974676846503934,0.2538146887692541,-0.4050192304267027,1.5584013100645495,0.9838662210736562,0.3642523374499675,0.694248133444141,0.0319612213800939
E01002466,-1.5023982392471054,-0.0970507957391615,-0.4313287986230327,-0.9486118186152632,-1.1642713888564094,-0.6570200019397111,0.8000373528718087,1.8818373793196368,0.9871056940643517,0.4091635960829317,-0.5256405431356771,-1.6521235496786868,-1.5620852713699278,-1.0926877297843074
E01002323,-0.855768238492796,-0.4108050521214407,-0.8088766111245661,-0.9486118186152632,-0.3956075565487044,-0.6570200019397111,-0.3784563314235603,-1.231571343626081,0.56225684971448,0.7673099131142257,0.24865337960600353,-1.483474323063963,-0.0869285618934136,-0.9918847522065194
E01002124,-0.5186258526214655,0.3787671449908437,-0.000425539270815,-0.9486118186152632,-1.1642713888564094,-0.6570200019397111,-0.6877644529799474,0.427520579203881,0.3407475586953396,0.00040367158158003015,0.4518750022309494,-1.1019280500046325,-0.5426723099797514,-0.9275133876007436
E01002058,0.5445464542640648,0.3141824548206807,0.5040785495420456,1.1635153662889466,0.9913779242262208,-0.6570200019397111,0.3375622288139416,0.037309081798664,-0.35777791243683865,0.5865031382088141,-0.22178513623010912,2.039288125382335,0.8029819735802648,1.2712274792592717
E01001361,1.1245591844597662,-0.4157168383131299,0.4590935250612971,1.4568959220727646,1.62851692765313,0.4189291614060063,-0.0156141119054907,-0.4022381368046123,0.4711106360971522,0.6688514845118143,-0.006541206806666758,2.8158832208572955,2.0697444727900285,2.873498865885651
E01002106,-1.062257195205824,-0.0769680647967714,-0.4003291189161991,-0.9486118186152632,-1.1642713888564094,0.6506113678873847,1.4699571065311952,-0.745933169869012,-0.6911166068210778,0.3797569335397416,0.956370803816043,-1.1751670201705084,-0.8547835009974795,-1.0673014198303503
E01000602,1.351082486377689,0.4469189686868896,-0.4313139234115898,0.2920003558512657,-1.1642713888564094,-0.6570200019397111,0.4684233571647209,0.5771061746008611,-0.8876882178205788,-0.1259438191197898,-0.3077635150329709,-0.0847770323652777,-0.3509127609174757,0.6771096139136422
E01003751,-0.2838675744536779,-1.0173088090660334,-1.1884441671585142,-0.9486118186152632,-1.1642713888564094,-0.6570200019397111,1.2342583696721212,-1.035983253387963,0.18650667431817652,1.12737218273094,-0.8109324364360817,-0.5247882399363818,-0.0114481303403231,-0.0640905802735148
E01003937,0.5085337969325664,1.0013981145326818,1.8116124570473693,0.8480465750089204,0.6512833259053213,1.9733763280755652,-1.2193877869049876,0.648092666302761,1.003528556893113,1.5363317394425164,-2.4063109934227542,2.0006976881663165,1.4437692710053625,0.997608433204175
E01001800,1.3279753888407548,1.3436012816621103,0.7926339648501387,-0.9486118186152632,0.7121976142770967,-0.6570200019397111,-0.396301030744121,-1.7716485641840571,-0.8725063925520413,-0.7519019468927167,0.26037770398821186,2.04963673634702,0.6014022912072081,0.420723940183722
E01003429,-0.5389060180129236,0.4445198741073027,-0.1050313056179533,-0.9486118186152632,-1.1642713888564094,-0.6570200019397111,-1.456573582040775,2.3328450190427583,0.35407203300017304,0.0996339378337822,0.956997977697762,-1.051228435604864,-1.7700221171851385,-0.1888343344212038
E01003385,-2.0080503630074604,0.0387590950922737,0.121379357481901,-0.9486118186152632,-0.2359968538940982,-0.6570200019397111,-0.9598961176184996,-0.5884255942684476,1.3193292533981993,-0.11514189304325827,0.6306709490596277,-0.9026839142819556,-1.3151488668031304,-1.684304018505859
E01004156,-1.2863222952581157,0.2438178895971968,0.2943206317285661,0.9960863824640156,0.4920291587499081,-0.6570200019397111,-1.0000466910897614,1.4627484661371095,0.8451394769255808,0.29316877334303115,0.6570506789195967,0.222609660497329,-0.2366769439326637,-0.4265940203440689
E01000900,0.6337791819864803,0.9952049771921164,1.0163871143843894,-0.9486118186152632,0.3997835817461224,1.3487975785114543,-0.5100609889126961,0.2086316913805468,0.8548398259743349,-0.9641568289932952,-0.6879690267386023,0.5060283371768745,0.4981550645018315,0.4484766103839919
E01001899,1.464405592383291,0.6248033372087993,1.4380220395280434,1.055962350648273,1.3708792572039468,2.044337152390442,-0.919002015008881,-0.5177680364343317,2.9937387586774955,1.5184971331440564,-1.8787499624043342,2.7877344410823044,2.055219766605401,1.941403287483595
E01001708,0.1836824203893922,0.2581296166468888,-0.2414228815105228,-0.9486118186152632,0.1360603529992927,-0.6570200019397111,-0.649100937785399,-0.8274775364612024,-0.12068302420052929,0.22901659868503424,0.42647229940283116,-0.5480673274892195,-0.2444683822605012,-0.4912622537216086
E01002096,1.466372153875796,0.1848811877721623,-0.6788463162343134,-0.9486118186152632,-1.1642713888564094,-0.6570200019397111,-0.8595196839403451,0.2301497455164443,-0.9634358353838137,0.643961638603304,0.5647216244097054,-0.5948875162143891,-0.2392867118498297,-0.5117670640889047
E01002778,1.324533906228871,1.1762963615242727,0.6456596023040275,0.4196183751880739,0.398071802306318,-0.6570200019397111,-1.6900417314847789,-0.1661845037032474,-0.8702452696397059,0.270930633243394,1.110391221698322,-0.0890977225750985,0.1033958320387096,0.3244233901301522
E01000283,-1.908861917729238,-0.9023390042659531,-0.955291535766514,-0.9486118186152632,-0.4476219326887262,-0.6570200019397111,-0.7301456138662794,-0.989481715377596,1.2541604608891046,0.9062008410512407,0.47972027263869443,-1.2754715762077966,0.1873590568184149,-2.361628828048123
E01000658,-1.6098216607751925,-3.4891886173121254,-2.220831539124692,-0.7305808274353817,-1.1642713888564094,-0.6570200019397111,0.9123102527636706,-1.656800069031764,1.057685030685106,1.6224969434483096,-0.5994060840404052,-1.381354961712924,-1.982115133406512,-1.0696334060790982
E01002448,-0.0727080341959506,-1.337177564213383,-1.5402510200891024,-0.447701210210533,-0.1931175496250149,0.4620438687217899,-1.2037736749994972,-0.5716896137396198,-0.033594301407053204,0.6895722457218991,-0.5561962458622142,0.2750197553549725,0.7862372760514927,0.659688721725099
E01000314,-1.0264903580608888,0.1251367326087817,0.1675072130034822,-0.0173208187719574,0.4139841813767651,-0.6570200019397111,-1.597844118328548,-0.1816145225391004,0.6744246970442599,-0.002901362079428981,1.0498155457235785,0.1666385775145897,-0.0949764490347682,0.1524010038708992
E01000476,0.083633604458199,0.2502851131232593,-0.2420739737002414,-0.9486118186152632,-1.1642713888564094,-0.6570200019397111,-0.3137692963865274,0.7049737329268706,-0.054948950963350944,0.2296342324312094,0.20615270372049802,-0.3920221054089508,0.0514834462870529,-0.0354335630323274
E01001504,0.913645464388602,0.5411002438948922,-0.201855241208333,-0.9486118186152632,-1.1642713888564094,-0.6570200019397111,-0.3115387089714573,-0.3328473431545036,-0.6002833447848075,0.1914822674596594,0.20468716317272198,-0.6639737365811021,-0.9937696130180844,-0.2241136617512544
E01001532,-1.362034912719559,-0.458992233948596,-0.2292892134165502,0.9021853911538068,0.6761208920074411,0.5965018340861167,-1.550258253473719,-0.7166268462141249,-0.8124563235265408,-0.20686137869355903,-0.9247318915042134,-0.5137761932243411,0.7926377682987448,-1.1245512353211544
E01002151,1.1187824100755326,-0.6017849242608825,-0.3185644474708473,-0.1123418856226204,-1.1642713888564094,0.5673203459261592,-0.3145128255248841,0.5782718864347994,0.6347080239001532,0.03578813072120319,-0.17842952497499098,-0.1438689887946544,0.1319797188036119,0.3920585020003266
E01003981,0.6689314686650077,-0.016472641017767,3.343121779322955,2.08155648071641,1.6466861544561675,2.769219463800827,-1.5926394143600509,0.3538107344182079,1.8524180429760126,6.958896805573874,-4.410368065062204,3.230091008730471,2.62727618494134,2.2088374815309284
E01003448,0.5294285127904323,0.4909708032765532,0.0070420820347168,-0.9486118186152632,-1.1642713888564094,-0.6570200019397111,-0.6743809284895269,0.708342431208103,-0.34784512250050825,-0.006680202245790577,0.44308175894429314,-0.8479010362477531,-0.2377604689812253,-0.5732584911860257
E01002222,-0.6833253776187616,-0.0604446433324342,-0.749858632825634,-0.9486118186152632,-1.1642713888564094,-0.6570200019397111,-1.6543523328436571,-1.1089893933759951,0.44895844092853254,0.7113247613890796,1.0869425729339053,-0.7961803863577178,-0.0973774991816685,-0.3616569012174166
E01004143,-0.8716236405261178,0.6813393588696981,0.3570458913185361,-0.9486118186152632,-1.1642713888564094,-0.6570200019397111,-0.2498257904878512,-0.3881015894520246,0.572674165989168,-0.33869795229278415,0.16414054135091785,-1.0869875952186023,-2.153944862913557,-0.131276317752751
E01003515,1.5725664744710677,-1.415264773030512,-0.7973799160656132,0.7258087344872247,0.1623717994726438,0.8999295658192085,-1.174032509465229,-1.1493100633721036,1.4151990645925914,-0.5787453077851121,-1.0565465665006795,1.4866520864969466,1.1796912031769045,1.4376154886101524
E01000876,0.8943485797433964,0.9708770830771952,0.7589121042486177,-0.9486118186152632,-1.1642713888564094,-0.6570200019397111,-1.218644257766631,-0.4106397401623907,-0.5876049055977842,-0.7199129913804174,0.8006736526016497,-0.2913426915395383,0.2249539838174944,0.0935623295953962
E01003502,1.2221497985253282,1.0427668232752842,0.9048507682670708,1.9034736031680144,1.776462486439952,1.8792523732579935,0.8476232177266374,1.5026871125511905,2.2967279093555018,1.7223595522026673,1.5928979435413604,0.8584364811797285,1.1204023307683637,1.0245713065835136
E01002111,-0.4538522334620812,-0.0183811202679881,-0.4048140064764552,0.926753159963879,0.7463630709403957,-0.6570200019397111,1.5547194283038592,0.0136956648654148,0.29818999530959883,-0.37516265969969304,-1.0214817617999081,0.362764134470658,-0.3871322996988672,-0.3677671178909348
E01033083,0.0833877842716358,0.9563414490302948,1.9805142542144267,1.9988689143956595,2.118003044022473,1.1240100383374885,-0.8156514647772999,-0.2257696539144704,0.09372870659603957,3.9587883772667203,-0.9168004341943615,3.4853138526379355,2.020368636764427,2.79161230711812
E01000523,0.9998054397789784,0.997592570065514,0.5479003024862755,1.6253505543756388,1.7777633691593169,-0.6570200019397111,-0.191086988557672,0.4448456617563428,-0.656892171982918,0.8905300603886481,0.12554797359281522,0.3756591048399126,0.5157743403071141,1.0087654230777736
E01003187,1.1928971963243158,0.9661423796790892,0.880580038887522,0.2492902969579846,0.2363695452165464,-0.6570200019397111,-1.112319590981623,0.894896711042471,-0.7837573182428779,0.219520059389544,0.7308162198243247,-0.062199826247603,0.2584696596852524,-0.0807487389036453
E01032564,1.3621443947730298,0.0809814350882694,-0.6926341133679886,-0.9486118186152632,-1.1642713888564094,-0.6570200019397111,-1.3524795026708372,-0.536194063689704,-0.8949561128959427,0.6570409059169781,0.888606085468213,-0.5062219995166207,-0.2842710210718697,0.9238076255923912
E01000395,-1.8612957116292728,-0.6915346978703882,-0.9312482115823164,-0.9486118186152632,-0.4296583743435563,0.5402676540784224,0.5836703736100092,-0.2938675990926431,-1.005597867668175,0.8833930595713126,0.31533822350535595,-1.146610217017444,-1.90472976886,-1.084713673149904
E01004519,-0.2463799960028008,0.6974244247458043,0.2979187750571501,-0.9486118186152632,-1.1642713888564094,-0.6570200019397111,-1.6045358805737582,0.5641906895208038,0.1618765854516662,-0.28260927100659466,1.0542121673669067,-0.8733389219644373,-0.8525074713687251,-0.2479315710504469
E01001586,0.4957511472312838,-0.2357133647043793,-0.2772123678411973,-0.9486118186152632,-1.1642713888564094,-0.6570200019397111,-0.7479903131868401,-0.1469659589377234,-0.3257184197155121,0.26296692840048147,0.49144459702090276,-0.3412705108799911,-0.0371338896236866,-0.0332133282353426
E01004472,-1.1478026201297926,0.7115274875360319,0.963314548215104,-0.9486118186152632,-0.0541042503914327,1.1523536202830336,-0.6885079821183041,0.4111953345605809,-1.3226745046769182,-0.9138115654808705,-0.7934046657877939,0.6606362349922195,0.7508774414904474,-1.2350204619832674
E01002974,-0.5767623267436454,0.3023757971491552,0.2188225826553712,0.908175960190019,0.8510570402512714,-0.6570200019397111,1.4097312463243026,0.3627591619512166,0.37894438503586214,0.19872940911430154,-0.9262216261944647,-0.1541207482483641,-0.0396469535390525,-0.3312542982064609
E01002454,0.0812983126858493,-2.622318400263812,-2.891622054378836,-0.9486118186152632,-1.1642713888564094,-0.6570200019397111,-0.1769599349288945,-1.5038498376528648,-0.05341461755855195,2.743026855752311,0.11626621679023341,-0.6120268680218475,-1.2542108770209734,0.3419335818309612
E01000389,-0.9516381112524162,-1.007271115533084,-0.9781964611529592,0.0300615068687033,-1.1642713888564094,-0.6570200019397111,1.5420794329517953,-0.4903716929941001,0.6252452737009655,-0.029406059635890942,-1.013177032029177,-0.8244763279792358,-0.5617579617368677,-0.1110506526622653
E01003001,-0.7294166625993481,-0.5864495518327977,-0.7555931767029849,-0.9486118186152632,-0.4866778136772585,-0.6570200019397111,1.343557153010556,-0.1737690907667199,0.4792413370758813,0.7167646174855025,-0.8827439232771082,-0.3924468482529993,-0.4079474511204567,-0.2219562314170811
E01002495,-1.1238351519398877,-0.8877388369801201,-0.9057697323705411,-0.2770761933481745,-0.2904720473428825,0.3261412102559513,-0.228263445475507,0.2783138442328845,-0.36652895658185586,0.2509672294952243,-0.0744461163645752,-0.6084907052024,-0.6755881569209718,-0.4700959442645883
E01004136,-1.3810859771782014,-0.2771808360862658,-0.4293257148172757,-0.9486118186152632,-1.1642713888564094,-0.6570200019397111,-1.127190173748757,-0.1271375139344154,0.9074011114045296,0.4072634471111138,0.7405864901428316,-1.4546322309914,-1.3332377575574843,-1.306504991204
E01000983,-0.6355133513322331,0.5079003500186973,0.4013918772017785,0.7785545474624829,0.3872221258569604,1.026999905596009,-0.1420140654261297,0.9906713679021832,-0.6526721518232067,0.31250547130994716,-0.14584843178594067,-0.3322043166927609,-0.0112504796230874,-0.3065125112449995
E01003525,0.936506741738973,0.943305149722808,0.5201668099596004,1.9218429991892656,1.79654184924177,-0.6570200019397111,-1.060272551296654,0.0212491193123516,-0.6153036612738926,0.9996789421314712,0.69662027370955,1.1564593596519093,0.433354423820378,0.902932929142516
E01003870,-1.7624759966308952,-0.6721857062053559,-0.2293585678387648,0.5086812015827227,0.3066281807136654,0.3541849560109325,0.4357080750770258,-0.5664412144004882,-0.624242483337038,-0.11667039188151529,0.15432124540476444,-0.2483903940079855,-0.5192463371198442,-0.5025904925832272
E01002257,-1.9609757972806208,-1.6938534983804503,-1.6275005874267217,-0.9486118186152632,-0.7283812944814103,-0.6570200019397111,0.4713974737181476,-1.456207416472027,1.28840032213304,1.5438662920362716,-0.30971756909667225,-1.5275943949793442,-1.0997629434913403,-1.8275951860723356
E01003495,-0.0991337042514869,1.0634844695822734,0.2543626330461426,-0.9486118186152632,0.3245466242357076,-0.6570200019397111,-1.6461735123217334,-0.2644127614501983,0.06513282655960267,-0.24129139992166818,1.0815689242587263,-0.8602106171786478,-1.3040755384853582,-0.8841096048143949
E01002174,-1.0862246633957289,-0.0777652680949933,-0.4569567518430719,-0.9486118186152632,-1.1642713888564094,-0.6570200019397111,1.3576842066393335,-0.648345501914021,0.7136713304512238,0.43347457539437995,-0.8920256800796901,-0.692601411702766,-1.3370315256557284,-0.6190306556398265
E01000552,1.469076175927991,1.0383288148512737,0.4281750520928157,-0.9486118186152632,0.1344254857254649,1.4596233274428,0.014127053628777,1.615452809844678,2.1442978561749584,-0.406171914851451,0.02062017702459837,-0.2101096137750922,1.7535852900552302,-0.052316362095458
E01003418,-1.6377222519501076,0.2152378091787257,-0.3078517221095243,-0.9486118186152632,-1.1642713888564094,-0.6570200019397111,-0.6892515112566608,1.40667111172925,1.0760162771529678,0.29203178197415647,0.4528520292628001,-1.3961460349159878,-0.8793174668769461,-1.71036696327218
E01000666,-1.7952929915370728,-3.4416190590724205,-2.9996172656977533,-0.6531529875926725,-0.8988641477246027,-0.224453729157757,-0.8000373528718091,-1.6122695742225095,0.4029602068812814,1.9592089787250508,0.1795713673175779,-0.4701772149410571,-0.7952823038240127,-0.8260987167232279
E01001323,0.407132969975276,-0.4029683941357239,-0.5142822274316987,0.8192988863138051,0.6919566574246083,0.4999875530619169,-0.1739858183754678,-0.2885460267962545,0.20356141742876913,-0.4213508561857738,-0.08699074359702524,0.7606551933046641,0.6581001004779384,0.9114659675263398
E01000198,-0.8635115743695346,-0.2569271789976404,-0.4948032625435755,-0.9486118186152632,-1.1642713888564094,-0.6570200019397111,-0.1189646621370721,-0.0793112388857237,0.5673443762672347,0.4693762227382267,0.07816216254805619,-0.6305980665729541,0.5513763652624551,-0.3266306331998369
E01003663,-0.4322200570445259,-0.3627925304335089,-0.3381153025131169,-0.9486118186152632,-1.1642713888564094,-0.6570200019397111,1.263256006068033,0.1060878339778738,0.2839772227177764,0.3207401720186177,-0.8299844635571707,-0.5856414962892245,-0.6399476003380645,0.0311745248119195
E01002932,0.6795017366872222,0.1307604451748273,-0.0337488602000043,1.1680990443341657,0.9228999239060988,-0.6570200019397111,0.6007715437922133,-0.9537136000214008,-0.44644623235627584,-0.039422011346992386,-0.39471892086768323,0.7299162113817612,-0.6141609878624419,0.555785678047191
E01003175,1.204082014812938,0.6561203221226038,0.0276501878697373,-0.9486118186152632,-1.1642713888564094,-0.6570200019397111,-0.3159998838015976,0.3079395872362138,-0.7911059677079678,-0.02622929500016519,0.20761824426827413,-0.3029118485832651,-1.0985974773949183,0.5227916548725208
E01001895,0.0660574611189353,1.01209393631122,1.011216506719249,1.267212748910034,1.42679307066457,-0.6570200019397111,-0.3457410493358656,1.6776838719069918,-0.043401073232495264,1.2814264492229013,0.22715878490528815,0.138110267945343,0.3936250095376922,-0.2524867651583469
E01001498,-0.1599742004258612,0.2388609683615841,0.8815211259480124,1.632907534084811,1.5798957183121218,1.9355569008621103,-0.6795856324580237,0.2345345704954866,-0.309639167594174,1.4394424880154348,-1.3153766606308694,1.6770735508704089,1.845323013549168,1.0358582399687524
E01003150,0.668562738385163,0.5284353715473414,0.4124338361217587,0.1764664512828198,-1.1642713888564094,-0.6570200019397111,-1.4179100668462266,0.2735277218632942,-0.43925909167063837,0.07278073544936682,0.9315952748696437,-0.1952258991428091,-0.1291259922204323,0.4422103573326681
E01032764,0.3359680259652503,-0.1330153159188859,0.6245178553445633,1.091684309629059,1.041345217276557,0.5254138139273969,0.9145408401787404,-0.045571743129455,0.1765222418800609,0.68177634376285,0.480512390830678,1.0881492716297,2.7824398246300364,1.06176459568032
E01001596,-1.2272025403896831,-0.4001212564704328,-0.7711863151522516,-0.9486118186152632,-1.1642713888564094,-0.6570200019397111,-0.5249315716798302,-0.7168835553302061,0.806296615467248,0.7315564529077809,0.3448905422432976,-1.656944005399006,-1.6623733246986867,-1.4937256448818783
E01001327,0.9453562684552456,-0.2253996510271615,-0.7356384236455893,0.2576557071341789,0.6966060197331285,-0.6570200019397111,1.371811260268111,0.9434179079217798,-0.6211179773341835,-0.18954143823947697,-0.9013074368822718,0.5845574287401128,0.2519011051058199,0.5472419674475247
E01003769,0.5417195221185888,-0.0451158534537971,0.3223224868166283,-0.0090625053477374,-0.0154958226745792,-0.6570200019397111,1.5480276660586487,-0.3803956840988268,-0.35592056147313456,-0.0029210492604717113,-1.01708514015658,2.021504100569912,1.2806649214639363,1.32299663561348
E01000636,-0.0825408416584757,0.5651911733359288,0.1731104300648618,1.4203694700962788,1.001401956518751,0.8033316611712639,1.379246551651678,-0.4288966989184254,-0.06630767144397753,0.24588076981936668,1.10799242350308,0.6089529550512335,-0.7090883561201281,0.525012020407499
E01001806,0.8975442421687171,-0.784046810539346,-0.3053770507412897,0.7544686424388336,0.4413157417286372,0.9949723619433316,-1.1606489849748085,-0.7992590962222943,0.893031714579246,-0.23039740890475563,-1.1548136619675156,1.3041899215442148,0.2490393069963092,0.6735331390793968
E01002310,1.3429704202211057,-0.2445036064536263,0.1147670144762838,-0.0754692321295306,0.1056460397164822,-0.6570200019397111,1.3524795026708367,-0.1330469329811812,-0.8823584280986455,-0.008661378456323861,-0.8886060854682126,1.4859876363983255,1.1476587983264648,1.1724959512551392
E01001000,0.7879084389615618,0.2713562642870677,0.4786237871660203,0.8514068027684929,1.1508865378845816,1.1245935381140404,-0.8089597025320894,0.1858097285576063,0.8860767390816933,0.40750354835996894,-0.909750854062244,0.3998500073299793,0.0237356193298525,1.0647129851299353
E01002714,-0.563610946762518,0.7147202128518447,1.0779489509456095,1.9331606597918631,1.7491845580673309,1.802972105573864,-0.6156421265593475,0.3045500215651223,-1.0161748154088959,2.0838485052319613,-1.109985581202678,0.8401744051436392,0.6415782455185798,0.2661708918243092
E01003569,0.7544768935889764,1.4680769512721392,1.3416755455582012,1.782162020527387,2.000769550289621,-0.6570200019397111,-0.4803198233784281,0.5052588429211464,-0.4957064100892965,2.391083201164188,0.31557973128777655,2.4192451491244737,0.5529987251341975,0.5200148235760792
E01004692,-1.653331833796866,-0.2091077738790905,0.7278234257788535,-0.9486118186152632,-1.1642713888564094,-0.6570200019397111,0.3702775109016363,2.3840718212222507,1.086272084648203,-0.6904219035588692,-0.24327973093082447,1.0814778642615572,0.1430903803305436,0.4148659750038359
E01000419,-1.3319219398655755,-0.4918538003537149,-0.9142264115179302,0.2786171531179354,0.7174399956910186,-0.6570200019397111,0.4074539678194713,0.0215724010115034,0.8750993555140242,-0.25471916008235174,-0.26770540672709203,-1.380741914806732,-1.0148915332265425,-1.3014965915574388
E01002177,-0.5761477762772376,-0.08983438716551,-0.0157886104332545,0.0880828570329965,0.8724769385923863,1.371510522498643,-1.2082348498296371,-1.4325359106769566,-0.7901927376784253,-0.001390705915542033,-1.6571068101909152,-0.4061409660413384,-1.8610105388669669,-0.5514821929837977
E01004691,-0.9898631502629828,-1.210099136625866,1.103878041694743,1.4645940398715804,1.2983817298630538,2.011159430221346,0.3390492870906548,1.2561100494217394,-1.9907726092800069,1.6167332006112325,0.6818821710421948,2.5845672389135648,2.6910043247414066,1.4442795693522794
E01002079,0.6559029987771618,1.0659780374409753,0.3092182110436587,0.4137375837791568,0.3925319394782158,-0.6570200019397111,-1.3264559828283524,-0.7312904131616447,-0.4309413895288332,0.12793519549771673,0.8715081124108255,-0.5285554873778716,-0.0847100985510563,0.0298572343357557
E01000171,0.5060755950669351,-0.2086335718221425,0.0295900903037995,0.5255843950800253,0.1599819719575248,1.2805918721553815,1.4788794561914755,0.0189808851171852,0.6480762937389152,0.015552089712685782,1.8938410114963742,0.9105343054376211,0.6215776945773885,0.7685112319064858
E01001845,1.634758981671539,0.7995813907794945,0.088980106445642,-0.9486118186152632,0.3612264990804369,1.2889555697610109,0.0773270303890967,-0.2991196479196606,2.107131694642369,-0.08440758059598016,0.09967110651310515,0.5529631873839131,0.2391363362860661,1.025371913033618
E01004229,0.6131302863151775,0.6921149786822172,1.0537261815743153,0.3969090043825319,0.3766635162544429,1.3128887171202457,0.3479716367509353,-0.2445769931842511,0.8049718350279024,0.4182334096204685,0.45684803576816757,0.5285780129483607,0.4013015579011377,0.4033464173962522
E01000943,0.0996119165848023,1.411538234051048,1.5780192745148351,2.242116724150408,1.6725452422451157,2.760703882210893,0.4832939399318549,-0.3989170556345341,0.27499900483013134,3.5381034064214054,1.33423145621887,1.9358952467130308,1.8061184182255423,0.2521924586236307
E01000366,-1.1498920917155793,-0.1750201719822574,0.0083341557774453,0.0092098168034268,-0.303871322718624,-0.6570200019397111,0.6885079821183037,0.6484006062262881,0.7555021043294283,7.675604792149228e-05,-0.45236351574687444,-1.08376010934654,-0.8714541636826593,-0.7370194561573277
E01001284,-0.3519597661316644,-1.0769192438199295,-1.4057454067405062,-0.9486118186152632,-1.1642713888564094,-0.6570200019397111,0.7769879495827511,-0.2278149656381071,0.23124460622652643,1.3335067067981645,-0.5104966241419913,-0.9924799518819576,-0.4719168864940219,-0.5134617872424521
E01004597,-0.8459354310302709,0.7196464907192359,0.6693019773336688,-0.9486118186152632,-0.0783750351148485,-0.6570200019397111,0.4267857254167456,-0.5216321790355462,0.5557964985363789,-0.6349077659212833,-0.2804067581411512,-0.5984222231234958,-0.5301068135394112,-1.0597639702299493
E01002250,0.273160968298371,-2.102474913984416,-1.803577097645068,-0.9486118186152632,-0.8248637250892814,-0.6570200019397111,1.3465312695639833,-1.6367342439953732,-0.17947221992124907,1.7108945506099262,-0.8846979773408099,-0.8091761200947983,-0.2392867118498297,0.35678906863264
E01000461,-1.5830272604398117,-1.34196016836038,-1.264619832504124,-0.9486118186152632,-1.1642713888564094,-0.6570200019397111,1.539105316398368,-1.115776998749214,1.0400805737247807,1.1996333191686666,-1.0112229779654753,-1.3337941760487306,-2.1069834523609887,-1.4225357123544462
E01033580,-1.2981216642131457,0.9640047595771608,1.1570964311650769,-0.9486118186152632,0.4776325873682279,1.470236885216235,-1.6424558666299498,0.3711075359870709,-1.9085463522244508,-1.0976353498807343,-2.4147991974591494,-0.094367822289921,0.4954968921316099,-1.0788949430093968
E01000787,0.3510859674388827,-0.8548921916292943,-1.3559647905724472,-0.9486118186152632,-1.1642713888564094,-0.6570200019397111,0.5070868723592691,-0.4393631113250462,-0.23067050300770006,1.2862842259631937,-0.333166217861089,-0.4751911306442376,-1.165444606418935,0.0247662729896897
E01001834,0.9416689656567986,1.2969644288357625,1.3152580529416116,1.3363271630039366,1.4817917419933295,1.395419601465568,-1.6067664679888285,0.1516382817721511,1.3140233327693036,1.7576150625055453,-2.2421134244092094,0.3237949309455529,0.5723455029189352,0.0544584055019874
E01033711,0.3338785543794637,1.519947936793643,2.053406756588422,1.8991263059616104,1.3449988517205014,2.435095662707212,-1.1524701644528847,3.035133813254892,0.8130262196403859,3.8996787882763813,-2.8063750988586866,2.0781169113085034,2.007934516176212,-0.3372340733425471
E01000325,-1.7541181102877488,-0.8761440681955476,-1.107515509947668,0.440115844732092,0.4754570586924481,-0.6570200019397111,1.0974490082144883,-0.8086256719209063,1.152490684223739,-0.48743512421451146,-0.7210459495058171,-1.2051982621188009,-2.36625967712375,-1.4544344277069174
E01000571,0.3381804076443184,-0.6414650651476821,-0.674319744692649,-0.9486118186152632,-1.1642713888564094,-0.6570200019397111,-0.2565175527330616,-0.834586719400743,-0.22219129208644237,0.6396676793410737,0.16853716299424606,-0.4748691129550039,-0.7956667517894932,0.4389364331800331
E01003719,0.4252007536876659,-0.3462548930991499,-0.3290178562739996,-0.2151830252459808,0.4813418896652958,-0.6570200019397111,1.260281889514606,-0.6011514253131885,-0.2793654000126369,0.07079905767298654,-0.8280304094934692,0.2861792502737725,0.3795040064103286,0.7650805156278795
E01004071,-0.0750433259683003,0.5341259398116367,0.4299392464631864,0.8851240989362636,0.2842142714696504,-0.6570200019397111,0.0609693893452491,0.3240774725796124,0.049304966173255034,0.380549588123064,-0.04005810830587857,-0.131908018377434,-0.2118528908767103,-0.1707638331544087
E01000320,-1.3302011985596338,0.021557335494997,-0.2229693587369465,-0.9486118186152632,-1.1642713888564094,-0.6570200019397111,-0.3189740003550243,0.9889388743385682,0.8739687940578567,0.21151136888693386,0.2095722983319755,-0.7643673789561194,-0.3780531584409586,-1.4016588715770233
E01002449,0.2557077350523888,-0.4637973614142137,-0.484527769707874,0.4605048146319189,-1.1642713888564094,0.43319234482818,-0.0260235198424846,-0.5131946255780078,0.11077063333804729,-0.2231273707733416,-0.011273189581248573,0.1756359659046694,0.719522635801068,0.8463095475419681
E01000725,0.7667679029171328,-0.6011468627481559,-0.9012704450410272,0.1593080119699707,-0.4566944516319409,0.9650291681554132,1.6298158712778856,-0.683378603120415,0.7399533915203913,-0.14357960284677676,1.5728198545057879,-0.1815461393953889,1.1848916489663417,0.3062777620575373
E01002470,-1.0207135836766552,-0.6977670543549989,-0.1579456831533967,0.4525669940642126,0.2004567305977909,0.4239683596834404,1.6989640811450588,-0.486670473238586,-0.4327502637779976,-0.07148100305015127,0.720307014644154,0.4831998114275622,0.4154697297468345,0.4808073047440736
E01002028,0.7137936527127786,0.7240723055407131,0.5463987920000357,0.328131388166038,1.064189021891338,1.21219490135367,-0.5331103922017539,0.9201389353709704,0.8652570264370424,0.17929059411121798,-0.6462336992856214,0.0131235578520257,0.3143281788881448,0.5390729025704648
E01000715,-1.657879507248284,-0.4401117196277448,-0.2609351422498933,0.6950931035860055,0.8242308838118861,1.0480383934451474,1.4573171111791312,0.8934982704290523,-1.7375213753021241,-0.18137421786113414,1.5273242839402998,-0.9635947374672144,0.0077363206147057,-1.1424528495752486
E01000782,1.572443564377786,-0.5180912728648617,-0.7683222480595342,0.4609942289377755,0.347504785332129,-0.6570200019397111,-1.4469077032421378,-1.207140113643531,-1.0331268737175792,-0.35419212231994324,0.9506473019907323,0.2089921987921999,0.598187552540214,1.473877718221351
E01003923,0.6814682981797272,0.7226676112952688,0.8157793135453195,0.7023152902708168,1.125392156984402,1.223267010469157,0.1152470164452882,0.0271316641009558,0.833617687843819,0.5729342853895087,0.14097787327251748,0.473994625629479,0.4194589400931355,0.4473263594256544
E01001320,1.4130291733915974,-1.1230728044508689,-2.256252560239992,-0.9486118186152632,-0.5703399533176664,-0.6570200019397111,-1.1747760386035857,-1.4364532362180191,-0.9283884302426157,2.1403078444246026,0.771851355162054,-0.4602723813986496,-0.6608493783209162,0.6475813218786693
E01003025,0.29036838135779,0.6765768122214451,0.5158323750871694,-0.9486118186152632,-1.1642713888564094,-0.6570200019397111,0.1546540607781934,1.3718149991607258,-0.19077783448292593,-0.48932468743207036,-0.10161081131247283,-0.2437123701943009,-1.1562008799453287,-0.4802364460616081
E01033744,0.8614086747439372,0.5296935667957785,-0.1270147833728049,-0.9486118186152632,0.2025150529619788,-0.6570200019397111,-1.720154661588225,0.2070473582656559,-0.5659627291511456,0.12048772464630014,1.1301760190932988,-0.8143237837837062,0.0046445481126446,0.5755052541215937
E01003830,-1.2133136998488665,-1.06265672186393,-0.634405196098937,-0.9486118186152632,-1.1642713888564094,-0.6570200019397111,-0.8535714508334914,-0.6003957107594213,0.7971713694281803,0.6018042668103853,0.5608135162823026,-0.8598182158103298,0.4242307645410995,-0.8815672832504071
E01001016,-0.5226818856997572,-2.125255006405649,-0.984651491219967,-0.5638066537621119,-0.1809037412426874,-0.6570200019397111,0.8662114461855551,-1.48489569212969,0.3434124535563063,0.5551530623866031,-0.5691182460530334,-0.6632184654303093,-0.1206884002267323,-0.1873784004214391
E01000016,1.0556066221288087,0.2214344549636887,-0.3173730135099873,-0.9486118186152632,0.0822821129734037,-0.6570200019397111,-0.0877364383260906,-1.1444046623851154,-0.6935546649186418,0.3010637915251156,0.05764459487919139,-0.398252555870379,-0.8767016990336943,-0.3567127146190835
E01000912,0.3446946425882413,-2.0611816580208244,-1.264641540205431,0.1300981082712559,0.1666405004973781,-0.0299039520269699,-1.0431713811144498,-1.6913199197930513,-0.010307732055912303,-0.164527472021974,0.031194946936754443,1.1713972739990677,0.7214382952176256,1.2014850155475965
E01000843,-0.6249430833100186,0.7715830403339071,0.9372096207799,1.4048586788539492,0.4897033657979002,1.489134744699183,0.6000280146538567,0.6507468460465999,-0.9306244588163848,1.316647069658061,0.8935225644139285,0.3599963465049937,1.013152133892148,-0.589090064519193
E01000535,0.8768953464974143,0.4033855041887139,0.1269506639755132,0.8276607099684644,1.0607793096522045,0.8850185838035042,-0.139039948872703,0.1586578001103762,0.7760686777010247,0.10507207667694121,-0.12305293864343123,0.0156421093196148,-0.4361920512194098,0.3098887235390454
E01004406,0.3583376629424949,0.6731971354021721,0.6904857363661419,0.8370948824775669,1.093231880206348,-0.6570200019397111,1.5034159177572468,-0.0036795059853533,-0.23543501200154957,0.5780020763358518,-0.9877743292010589,0.4258909060142808,-0.2971444112292313,0.0981540145882639
E01000425,-1.6707850670428483,-0.636962732152567,-0.622406470459843,-0.9486118186152632,-1.1642713888564094,-0.6570200019397111,-0.6446397629552589,-1.0643984735579963,1.0977392079893327,0.5904221338608188,0.42354121830727914,-1.5131405854890527,-2.000676546502918,-2.229448569380879
E01003132,1.0215605262898153,0.3167062900484694,0.1352045198259768,-0.9486118186152632,-0.0924161595551846,-0.6570200019397111,0.0037176456917833,0.346252332470582,-0.6711856989644668,-0.12825660543712328,-0.0024425675796266224,0.0629499481610598,0.0356895551024293,0.6806266462367396
E01004211,0.9896039020366086,0.2885265165797076,0.9463778453476128,1.5695905407248938,1.619279124459389,2.061756603834555,0.5650821451510919,0.8414438540316561,2.040322380204422,1.4854257140092195,1.1650618444742604,1.8561433602294528,2.189646832381212,1.7555468821439884
E01000220,-0.192176644865631,0.5973820238833756,0.7054872817074695,-0.9486118186152632,0.2043167376763563,-0.6570200019397111,-0.7412985509416299,-0.4005189803962355,0.12626389958238404,-0.6692335733104612,0.4870479753775747,-0.3912512111170264,0.2596845797553389,-0.4437397688348276
E01003958,-0.2826384735208622,0.5412248163323328,0.5347476339068393,0.7579291523364212,0.9711180692731672,1.5217178709280537,-0.7821926535512483,-0.3881948945511896,-0.4300960161685215,0.4053008208809176,-1.1902765394175703,0.6607450143098214,-0.5208179628798322,0.1685627638167066
E01000475,0.2279300539707554,-0.2258372863156417,0.0497454224173439,-0.9486118186152632,0.1896587666589714,-0.6570200019397111,1.4327806496133602,1.5821348768821688,-0.14975460450198416,-0.04718909562710108,-0.9413655451881504,1.158501988330782,-0.2467425616452546,0.354877734315652
E01003191,1.155901258246565,0.0680597782269818,-0.5524914064867618,-0.9486118186152632,-0.2334977829567841,-0.6570200019397111,0.2609787275632015,-0.3906563406403602,-0.7594502469352727,0.5240998778767118,-0.171468244089798,-0.2730350193065983,-0.2573287530867711,0.4261976579677555
E01002552,0.8557548104529853,-0.2556821536177951,-0.5762662687415631,-0.0472383040231357,0.4716687482943457,-0.6570200019397111,0.7650914833690439,-0.1546510296957028,-0.5622480272237375,0.027221841201091973,-0.5026804078871856,-0.6404201019749187,0.0616039034492073,0.6419995823490099
E01003357,0.7066648673024479,-0.4799635614399577,0.3701630620804785,-0.149893935347682,0.0264601255037942,0.512342296603103,0.8572890965252745,0.5907918932496593,0.3620543010424632,-0.05548519809559124,0.4392254645665584,0.0091106222921255,0.4796594415959767,0.9934497529142456
E01004091,-1.9189405453783264,-1.1624297065260716,0.9799008994971968,-0.9486118186152632,-1.1642713888564094,-0.6570200019397111,1.0342490314541692,-1.30651523633325,1.2607823208466582,-0.9295455743347681,-0.6795223006521626,-1.0373113364907731,-0.0706337954957556,-1.5888743495316062
E01003432,1.372468842608681,-1.147722403173816,-1.9416890823289024,-0.9486118186152632,-1.1642713888564094,-0.6570200019397111,1.0558113764665134,-0.8693377215816991,-0.9017394816329487,1.8419092115734217,-0.6936891926139976,-0.7858975063323819,-1.0017333775943138,0.2151899502739219
E01003711,-0.2162670231488176,-0.565803581164359,-0.296846435371458,0.8555929209204052,0.8623358810259318,-0.6570200019397111,0.8290349892677201,0.4780813350149563,0.1420917599687317,-0.25397970870427605,-0.5446925702567659,0.6731675331571921,-0.3582461401844127,0.1971335282553925
E01001983,0.7487001192047429,0.9761923166091596,0.5959797701375481,1.0186412288920128,0.0685341722498616,-0.6570200019397111,-1.2223619034584143,0.0335614503216228,-0.4919109537721621,0.6070895654476913,0.8031162201812764,-0.0880355851040358,-0.0192350353119564,0.3251568749070928
E01001807,0.844815812150926,0.8892880841842183,1.0629596947553557,-0.9486118186152632,-1.1642713888564094,-0.6570200019397111,-0.3331010539838016,0.2318164076272856,-0.5550608865381,-1.008336129156603,0.21885405513455713,0.0318408988231816,0.0809588488988682,0.2385695269630439
E01003631,0.7236264601753037,0.4774175627710271,0.2337832063491361,0.1778895950825074,0.1676864494940369,-0.6570200019397111,-0.0609693893452495,-0.2903779269847629,-0.47543705826800436,0.041587599914538094,0.04005810830587883,-0.1980946261849838,-1.1427787427763434,0.0466465061686512
E01003125,0.9148745653214176,1.5196554962462272,0.6688436405042345,0.976584167033442,0.7682785827784316,-0.6570200019397111,0.1910869885576718,0.0565666897289953,-0.6010908886820702,0.6531821095374427,-0.12554797359281508,-0.3892142811401836,-0.5859232410025751,0.1739833140576036
E01000575,-0.1647676940638422,-0.0255585674784146,0.0802759598250077,1.281056556689033,1.3983836878194662,1.654184696477941,0.0535340979616821,-0.3636488146557545,-0.27255619799436703,0.1028380446783315,0.08855528558796547,0.8270466914735838,-0.3912766676085806,-0.2529857824381699
E01001496,-0.5331292436286901,-0.1165757430061735,-0.4692053393734947,-0.9486118186152632,-1.1642713888564094,-0.6570200019397111,-1.3606583231927607,-0.3382436390840924,0.3502765766830387,0.44509373028708255,0.8939797341433917,-0.6818270400091956,-0.010605789539875,-1.0068800729934375
E01002382,-1.4151320730171948,-0.4553223489412277,-0.5186565846730488,-0.9486118186152632,-0.4287123790170875,-0.6570200019397111,-0.5591339120442385,-0.7029971680230261,0.9297700773587048,0.49200376602348206,0.3673621639758638,-1.0367847664111518,-0.7278382497877008,-0.5043689720473553
E01002966,-1.2118387787294875,-0.9519289133698808,-0.5566469010006379,-0.3162798932922608,-1.1642713888564094,0.6987246104167203,0.1895999302809582,-0.1273414051328469,-0.8467415785556353,0.1760562224499494,0.13247813742059986,-0.6110885212899407,-1.2358024143034505,-0.1681020068704625
E01004710,0.9641615127273248,0.8875351795521561,0.8599378927455074,0.6714795478986924,0.9828083488787716,1.7148735087524165,0.6319997676031949,0.2096003439281175,1.653415036334745,0.5774307074417074,1.0837996590004026,0.5307253987102571,0.3955732499548876,0.5642604166802433
E01002026,1.5402411199380162,0.8464909100111567,1.7310787168706638,1.7522966436960892,2.08068895584486,-0.6570200019397111,0.8624938004937713,-0.1195594282189189,-1.011969223609298,3.033363425546197,-0.5666756784734065,3.553037399704665,1.8903656280162795,2.528682062205155
E01000664,0.0125915705414549,-1.8381822957706853,-1.7235077461785715,-0.9486118186152632,-1.1642713888564094,-0.6570200019397111,-1.362145381469474,-1.41984546584576,-0.008272913701570708,1.634939817499948,0.8949567611752423,-0.8933428507810126,-0.4685779296770798,-0.4578540486678342
E01004732,1.4753445906853504,1.1672838838276594,2.257770632385057,2.181334393397847,1.3521434942323625,2.2014553305553664,-1.1539572227295982,1.7816831270162192,3.2479052135702897,4.9249527328251315,-2.5403852792109403,1.402455500582295,1.4386220377239178,2.277961733909661
E01000330,-0.1138829154452746,-0.2911824720502435,0.6154121760136487,0.7875749701835041,0.8726972402638705,0.6809076587081604,1.510107680002457,0.1156358630307235,-0.07754374932270132,0.48468322617451476,1.028243884787685,-0.5099532209084958,-1.025885637038425,1.8707699567527176
E01004291,-1.1490317210626082,1.01184683258441,1.4207862949581105,1.1154440498636944,0.9725019629198228,1.80472811680265,-1.4394724118585709,1.9606804495542252,-2.073689854099829,1.5848076188389082,-2.5978563350428874,0.7501414669469416,1.8664865829160109,-0.3261570985703075
E01004627,-1.1055215480409346,0.8037755751300327,0.8928953532680165,0.7502669145476054,1.2635679896177436,-0.6570200019397111,0.6044891894839965,1.066698700572729,0.7263497696382473,0.6699098417102889,-0.3971614884473098,0.0934840981820467,0.277030296970511,-0.7768429311197071
E01001383,-0.9028428042196353,0.8684949979658678,0.5885174161489145,-0.9486118186152632,-1.1642713888564094,-0.6570200019397111,-0.8498538051417079,0.2630679198494767,0.5931857809796389,-0.5582745764197775,0.5583709487026758,-0.7524004804564517,-1.4187175518328987,-1.5763570420529112
E01000444,-1.6227272205697567,-2.595360546947872,-2.681986006722425,-0.9486118186152632,-0.375414677909853,-0.6570200019397111,1.321994807998212,-1.5293529291145909,1.0661642416063635,2.544163623337647,-0.8685770313152733,-0.9295340816549976,-0.8070985738639259,-1.1795564967140808
E01003104,0.5333616357754424,1.3195734885834522,1.2656864769023066,1.135895102506391,0.853231976270435,-0.6570200019397111,-0.5977974272387867,0.281614613738276,-0.35042926297174865,1.4376870704218985,0.3927648668039819,0.3112226429308908,-0.0510568148022486,-0.0932934170858918
E01000114,0.4267985849003262,0.2219831941415933,-0.0400102166561091,1.046312341071009,1.224756552758292,-0.6570200019397111,0.9398208308828684,0.2589291686151129,-0.28041520707907824,-0.04186318345621178,-0.6174810841296431,-0.1254825496274861,0.3157294692861228,0.7674728887996727
E01000154,1.0474945559722255,0.793354656488736,0.8293539351684402,-0.9486118186152632,-0.0594595345223715,-0.6570200019397111,-0.7286585555895658,-0.458694395536468,-0.6882248751967084,-0.7867349447158593,0.4787432456068436,-0.1230904237411399,-0.0631795202405948,0.3806392700721594
E01002279,0.5815423923418156,-0.6731373764114224,-0.8400970701385817,-0.9486118186152632,-1.1642713888564094,-0.6570200019397111,0.0780705595274532,-1.165358152498241,-0.38208498374444394,0.7969260095175144,-0.05129391917216163,-1.1619881058795054,0.0211044590455558,0.3120712468703879
E01003816,-0.8196326710680162,-3.588007568534314,-2.8364876144419124,-0.466912505644971,-1.0177939042927553,-0.2325536633006027,1.7168087804656196,-1.7135514268832792,0.1906085802177251,1.3243915392899999,-0.39925017108392,-0.7444090464671794,0.7378590891248236,-0.8475626406281044
E01000097,1.2858172268451784,0.3862282885942841,-0.2904200610712668,-0.9486118186152632,-1.1642713888564094,-0.6570200019397111,1.2558207146844658,-0.4569503508585009,-0.8448076368759331,0.2754959022951702,-0.8250993283979171,-0.6803648567317946,-0.2447459091233659,0.6465516081631429
E01002352,-0.1044188382625942,-0.2009718299721698,-0.0696875806823191,-0.9486118186152632,-1.1642713888564094,-0.6570200019397111,0.195548163387812,-0.3760504371726003,0.06860526531783202,0.06610646264595262,-0.12847905468836718,-0.6577533550746654,-0.517131355796817,-0.3506308449815861
E01003136,0.4261840344339184,0.8030531220243028,0.5352793278011984,-0.9486118186152632,-1.1642713888564094,-0.6570200019397111,0.2319810911672901,0.6076345723242487,-0.28001143513044696,-0.5077722966126504,-0.15241621696870924,-0.3230808603340767,0.3536399072677346,-0.544443078959338
E01002273,-1.0656986778177078,-2.170731319831813,-1.7149536636359597,-0.2424323267093375,-0.0749364819303037,-0.6570200019397111,1.374041847683181,-1.4820611321155823,0.7001853473669379,0.4157602068739683,-0.9027729774300478,-0.7812946238015813,-1.39277242114,-0.2189762544272944
E01002775,0.3327723635399296,0.5308476268417867,0.7463945524559688,0.7064733626115685,0.5219674049068352,1.7661061760867487,-0.079557617804167,-0.9008900382506244,0.5877113264788545,0.5273078693085249,-0.1405072001586884,1.2860922436843365,0.7745952151027466,-0.0119393057354132
E01002051,1.2239934499245515,0.8552330420224394,0.4724540535732335,-0.9486118186152632,-0.0280097836943183,-0.6570200019397111,1.537618258121655,0.1020111836379403,-0.8041881788436225,-0.44817549897225806,-1.010245950933625,0.8463655307263098,0.9060376050414186,1.262417641794114
E01001865,-0.6141269951012409,0.6985073533121099,0.9185813842563036,-0.9486118186152632,0.3249050219475646,-0.6570200019397111,-0.4067104386811149,0.6852327948352989,0.40349371951264623,-0.8713771574654982,0.2672168932111669,-0.4862339561333119,-0.6212231354724781,-0.9052428231127998
E01003023,0.0407379819029331,1.2875350399911454,1.4167374309051333,1.6278584124072288,1.527718087452908,1.7229409176916997,0.3212045877700941,1.870585530827824,0.07018913592474742,2.306247945071126,0.5534165272193899,0.7153879643358702,0.433354423820378,0.1194227144139579
E01002384,-1.5960557303276572,-1.1668192306340108,-0.7855678292861064,-0.0076767422507165,-0.1443761770998688,0.2869841030409679,0.4215810214482487,-0.8014611796554177,-0.4580426221714796,0.0060306017458843,0.12098705129942071,0.4065485076464512,-1.082660203100191,-0.9091518963766216
E01000002,-1.849987983047369,-0.3672797804373988,2.7753613066074965,1.6326211155700188,0.4560830574166946,1.9838675654870452,-0.9747667003856336,0.1459423149429811,-3.670131156108473,4.531113472503396,-1.933808040811887,-2.653773197998056,-3.838763787642781,-5.408985312573061
E01003022,0.1708997706881096,0.7678140286379287,0.8056614847240317,-0.9486118186152632,0.0090140218791825,-0.6570200019397111,-0.2252893289220801,2.3948871397872216,-0.11228456766899796,-0.7642600062123368,0.14801959532538128,0.0078995860733325,0.4366665984599411,-0.4135291842288158
E01033592,-0.1899642631865628,0.6693332801776372,-0.1771095490037924,-0.9486118186152632,-1.1642713888564094,-0.6570200019397111,-1.3859383138968884,-0.2724047911112923,0.12481032056731127,0.16800821137461658,0.9105891936848536,-1.2085874234294869,-0.930631046169522,-0.4302384265429529
E01002053,1.2037132845330936,0.7613024809147491,-0.1103875222924877,-0.9486118186152632,-0.0954640217225685,-0.6570200019397111,0.3345881122605149,0.3304440176594018,-0.7908637045387892,0.10471490827430967,-0.21983108216640776,-0.1664950587600879,-0.0476298583009805,-0.1941018505547828
E01004183,0.8060991327672333,0.0840832453939669,-0.3556706183221501,1.0878372951135928,1.1432300581196742,-0.6570200019397111,1.462521815147628,0.15322396595225,-0.5296232537743271,-0.3869117633869468,-0.9609060858251643,-0.2385510448976013,-0.3719087149706637,0.4886749239282517
E01004114,-1.9070182663300144,-2.6333445752772944,-2.6454182429940905,-0.9486118186152632,-1.1642713888564094,-0.6570200019397111,-0.6810726907347371,-1.7475270081330816,1.2529491450432106,2.5094750104846186,0.44747838058762124,-1.4309341111800746,0.8393451410516296,-1.8657751592808591
E01002863,-1.1415342053724329,0.1435384035204609,1.0634104597885907,1.0584613919537842,1.048336507380933,-0.6570200019397111,-1.2245924908734844,0.8305472381444009,0.7500108058280425,1.1255789154860454,0.8045817607290524,0.7871587060018178,1.2600685124940805,-0.7423005474435631
E01032567,-0.0149402903536154,-1.0058264040672849,-1.3835475566073825,-0.9486118186152632,-0.5315533156012825,-0.6570200019397111,0.6721503410744566,1.012741175092371,0.009816069597112237,1.312449563814033,-0.44161621839651694,-0.337086980775014,-1.1094021751250416,0.0231815920650836
E01001159,-0.5112512470245717,-0.6870573029633632,-0.8939575420138933,-0.2310402562299934,-0.5196851768682053,-0.6570200019397111,-0.941307889159582,-0.7469885785104813,0.3359022953117638,0.206540179565625,0.618458111161494,-0.5787462323674657,-0.4329100804709008,-0.153002626543614
E01004501,-0.1286321266390623,0.2305796482442517,0.0435945712441522,-0.9486118186152632,-1.1642713888564094,-0.6570200019397111,-1.476648868776406,1.4700996331583434,0.08451388009390587,-0.041354325509667875,0.9701878426277466,-0.7142371657930785,0.2994067398369991,-0.9398474812528584
E01000619,0.0558559233765655,0.0086501914637439,-0.3774513212865108,-0.9486118186152632,-1.1642713888564094,-0.6570200019397111,-1.3933736052804553,1.3763822320016357,-0.036698458885215425,0.358054784324331,0.915474328844107,-0.909970164316802,-2.6780348238005964,-0.5156591981650481
E01001788,1.441298494846357,0.6870750346548457,0.0225553751992858,0.3672806038445649,0.0177795123217978,1.269511280254196,-0.7167620893758587,-0.1763534012703679,1.8297446974208442,0.008284151823134411,-0.9099375577212188,0.2137502563338655,0.3020414560662145,0.4180475258235407
E01003939,0.1680728385426336,0.6520982282282829,2.745986381034156,1.82805656759648,1.3023055628464366,2.8743419859746964,-1.3376089199037031,1.062921172971055,0.483098816525038,5.019818438379979,-3.8447454792934788,3.0713307853911247,2.7075645133978714,1.9262471184061076
E01003573,0.7102292600076132,1.4689212088974417,0.8118708202497111,1.508546795302809,1.1710567236612266,-0.6570200019397111,-0.5018821683907724,1.6015610409952854,-0.4666348297878416,1.2247451240875646,0.3297466232496117,1.032633639752906,-0.6931584291590936,-0.2739320070349483
E01001647,0.2796752032422939,-0.8673284369201525,-1.2206843980592732,-0.9486118186152632,-1.1642713888564094,-0.6570200019397111,0.0052047039684968,-1.04343917937124,-0.18375220257674102,1.157955646798285,-0.0034195946114773897,-0.4776459688301498,-0.3310374376094065,-0.2841100034545321
E01004139,-1.1884858610059903,0.3188972719115501,0.0363427830006737,-0.9486118186152632,0.5422160124541415,1.0460109979175876,0.7933455906265986,1.069764330633837,-1.2431692814818192,-0.03447519347580895,0.8298482129448463,-0.718801909845164,-0.1764145854613876,-0.0417251957951151
E01000226,0.9962410470738132,0.2765757816303904,-0.5856692220765426,-0.9486118186152632,-1.1642713888564094,-0.6570200019397111,-0.6178727139744176,0.8560480944473275,-0.6545502946808566,0.5555727458610156,0.4059547317339664,-0.7810888267791802,-0.1882578521411503,-0.1860057875068813
E01000811,-1.8512170839801845,-0.7473163561604258,-0.819907406589713,-0.9486118186152632,-1.1642713888564094,-0.6570200019397111,0.7829361826896045,-0.7373341400396163,1.216286652107487,0.7777738560611916,-0.514404732269394,-1.447891411080634,-1.2220091161531057,-2.028384431733902
E01004019,0.4871474407015743,0.8517189977392711,0.6424744623315375,-0.9486118186152632,0.4352003399347973,-0.6570200019397111,-0.0118964662137072,0.2416649181269747,-0.32006561243467363,-0.6094588681261832,0.007816216254805611,-0.2212228967292213,0.0439352520983733,-0.5220984327725031
E01003444,-1.8192604597269777,-0.3808077827770795,-0.409195372780968,-0.9486118186152632,-1.1642713888564094,-0.6570200019397111,-0.5799527279182258,0.3168681964153293,1.1952905107786587,0.38816756674270464,0.3810405424217735,-1.0692914183834974,-0.8425413394993209,-1.3318750611774832
E01002148,-1.0660674080975523,-0.815291988395993,-1.170253404011453,-0.9486118186152632,-1.1642713888564094,-0.6570200019397111,-1.193364267062503,0.8620052254119696,0.7004276105361166,1.1101162098200068,0.7840641930601877,-0.5538904079095678,-0.1918164489822451,-1.291074107434446
E01002993,-1.101096784682798,0.2268274292082214,0.1632223955902156,-0.9486118186152632,-1.1642713888564094,-0.6570200019397111,1.0082255116116847,2.154600955140946,0.7234426116081015,-0.15483469351957432,-0.6624243275947753,-1.3418613525268863,-0.3210575986768537,-1.626418104887785
E01004467,0.8775098969638221,0.5230077709336269,0.3191255694990032,1.4587990528985482,1.2178327911425466,0.8506981956680454,1.4268324165065067,0.2428906397649657,0.7464960860279759,0.4655400785408557,1.2138037622427622,0.1353852873355521,0.229335133952015,0.6079791541509524
E01033494,-0.2515422199206265,0.8317052174279274,0.8494270593475944,0.4098117059525972,-1.1642713888564094,-0.6570200019397111,-1.5971005891901913,-0.0202785506307227,0.16526826982016923,0.3481051522735357,1.049327032207653,0.2659189670772314,0.5750254626282785,-0.6126213827849268
E01004595,-1.4064054563942037,-0.0216622680549713,0.6663203399452281,0.0179332618747225,-1.1642713888564094,-0.6570200019397111,-0.3933269141906943,-1.019918233167249,0.9240365156881399,0.011949297148691897,0.25842364992451056,-0.2526839764114323,-0.0777873873496514,-0.9356209265178104
E01001635,0.4205301701429664,-0.0353073963246286,-0.505579211501293,-0.9486118186152632,-1.1642713888564094,-0.6570200019397111,0.2855151891289726,-0.2259746832357408,-0.2762967332030388,0.4795984152763124,-0.18758919011533456,-0.8169000646964409,-1.6815112639113674,0.2933386157147365
E01004270,0.3433426315621442,0.0492444669336169,0.2137757775062176,1.3976845303374186,1.0507633768238311,-0.6570200019397111,1.2424371901940452,-0.974718260047714,-0.2255829764549455,0.2987910971812942,-0.8163060851112608,1.174268110875801,0.931770033556058,0.3553913135564465
E01004642,0.3296996112078905,0.2290321870129782,-0.0035756382916032,-0.9486118186152632,-1.1642713888564094,-0.6570200019397111,0.417863375756465,1.1062641035585232,-0.21661923919533022,0.003391892742508084,-0.2745445959500469,-0.7897993608228654,-0.3154987630380691,-0.4707185269762628
E01003292,0.1791347469379744,0.7168461015290164,0.8423224540181814,1.5998987374074916,1.4044787751965244,1.1515190624025688,-0.0520470396849691,0.9756151176536718,0.20627707583773772,1.3476306306736683,-0.05993315833886491,1.0524603852349252,0.7704059532055384,0.9475886142656008
E01033325,0.1012097477974627,1.3804756974010233,1.6525011815151815,0.685766321134604,0.3038715383183768,-0.6570200019397111,-0.012639995352064,-1.396307488927184,-0.06649682869420662,1.1332296559182526,0.00830472977073103,-0.350464715042419,0.1927080071883262,-0.5152760315480912
E01001398,-1.2515387388594328,-0.0691788389955801,-0.4258474172647319,-0.9486118186152632,-1.1642713888564094,-0.6570200019397111,1.0773737214788577,-0.303028085215738,0.8222859846330481,0.40396389294411017,-0.7078560845758328,-0.474384015584526,-0.0924249275895008,-0.7952995571303897
E01002116,-1.3499897235779657,-0.5867243792483159,-0.9025561116455204,-0.9486118186152632,-1.1642713888564094,-0.6570200019397111,-0.7992938237334523,-0.2276534248667404,0.886970250803785,0.8561753944703777,0.5251520296197519,-1.0871006237000886,-0.2828057624618954,-1.5154241337739365
E01000287,0.3792323788003609,-0.4187080659899223,-0.9576755996901034,0.2618193227696549,0.4463360722924228,-0.6570200019397111,0.1873693428658881,0.157930702365536,-0.2491632582550144,-0.250737976943886,-0.1231054060131882,-1.26216349623815,-1.229185377966791,-0.2345674613714362
E01000078,1.1619238528173617,0.4364658105590381,-0.1853433278044231,-0.9486118186152632,-0.1734155454562648,-0.6570200019397111,0.8505973342800645,-0.2612699619264724,-0.7634072120318596,0.17581887125675869,-0.558859462218601,-0.557692480217507,-0.2569331419389719,0.6416650173744279
E01003560,0.7750028791669976,1.3362738674681112,0.0649678160764606,-0.9486118186152632,-1.1642713888564094,-0.6570200019397111,-1.542822962090152,-0.5676382242082633,-0.5091923931735824,-0.06162923815975323,1.0136655455451025,-0.6034295745888486,-1.5220798762579244,0.1756777327245973
E01001137,0.4465871099186581,-0.4016487918751416,-0.3434645334764446,-0.1817796442369343,0.3213957917278962,-0.6570200019397111,-0.6372044715716919,0.3520920160514147,-0.2934166638250067,0.06243486070335271,0.4186560831480256,-0.4540119482482312,-0.4143165419364905,0.8015613988504432
E01000410,-1.5204660229594953,-0.4043922741455246,-0.2827270259730712,0.4678813266290397,-0.3777996618256278,0.6247880684028033,-1.5688464819326366,0.3465558646443303,-0.9499690295569555,-0.13228269598616352,-0.9801965630672256,-0.1185001265587856,-0.8890794596129938,-1.2339603518862148
E01000610,0.5556083626594055,-0.0703216236242854,-0.8555288197916154,-0.9486118186152632,-1.1642713888564094,-0.6570200019397111,0.0059482331068534,-0.2447172860970059,-0.36504580751220234,0.8115647496202941,-0.003908108127402675,-0.9222610919833826,-1.08313613744765,-0.2347487346270809
E01001422,-1.4633128295835678,-2.6501488494341454,-2.613427273039176,-0.6507968783021916,-0.4866939577458853,-0.6570200019397111,0.4788327651017146,-1.443263911972218,0.9614257981313998,1.700810310963705,-0.31460270425592574,-0.8339877779675976,0.7140748454975153,-0.7145792557796906
E01033734,-0.3649882360195103,0.8757938616859503,1.1544783761722728,-0.9486118186152632,-1.1642713888564094,-0.6570200019397111,-1.720154661588225,0.5311756241986193,0.2398045715375104,-1.0951518319727755,1.1301760190932988,-0.6324228747666685,-0.8295532585463367,-0.2477073773358202
E01003750,-0.8165599187359771,-0.6134282179087192,-0.3801580407000923,0.5812759987162758,-1.1642713888564094,0.895840726972231,0.5018821683907722,0.4412531365389424,-0.7315076312168236,-0.22097674477796878,0.449606486585589,-0.2214682288382131,0.1650063609091615,-0.6267709860276128
E01002678,-0.9242291604506272,-3.622109123488696,-1.4444798279263753,-0.4562416176808854,-0.326685147810713,-0.4551607048931115,-0.9940984579829076,-1.6875577899779286,0.42067279615347614,0.6590318134005364,0.4524745548686554,1.816310029107472,1.2118793567097856,1.0002208995736068
E01003783,1.1227155330605427,0.397127946812854,1.0292332668017052,1.6637268069806734,1.6029398714808587,0.7368461745591797,-0.7940891197649554,0.0605598959483979,0.8272686456538311,1.7123629766142887,-0.5851215301578737,2.7467281201131497,1.8436031482979025,2.193109889544792
E01032789,-0.1922995549589126,2.157818695366047,2.1451236905282367,1.4608410030808612,0.6501535170882785,-0.6570200019397111,-0.540545683585321,1.0488782003472872,0.12634465397211034,3.133684643803788,0.35514932607773003,-0.1657335903396511,-0.9263998188792936,0.2655703210740092
E01004716,-1.5408690984442348,-0.434943647372999,1.9083101601483847,0.983907228297471,0.9687233188898712,1.4442003649169084,1.1011666539062723,0.9182294922281792,-2.2253237142623514,1.8776001604035002,1.5903052834057694,2.257807586698964,1.539183364006777,0.6289326212202905
E01003682,-1.3982933902376204,-0.2401657220054655,-0.5649906649811812,-0.9486118186152632,-1.1642713888564094,-0.6570200019397111,-1.0275572692089592,0.4306230603401365,0.9187067259662066,0.5359568222084452,0.6751256790088346,-1.268063265802405,-0.8238274673360091,-0.853072137574734
E01003246,1.3937322887463917,0.3105756619411204,0.5327445312487581,0.3361098669868436,0.1802973508362247,-0.6570200019397111,-0.0297411655342681,-0.5179189539829803,-0.9157099910555923,0.1790606935359884,0.019540540637014096,0.3330119226087599,1.2873721686242017,0.498065601953963
E01001860,1.0074258655624355,1.1567528276460493,1.047442288048694,2.0914515888421485,2.071091516621532,1.979035339489368,1.1822113299871524,3.540690922376851,1.993731389863725,2.1906748375598966,2.3396380007893014,1.3784432614059527,1.1576218633003093,1.093911614372596
E01004241,1.2414466831705335,0.7640819976716582,0.0651333784634415,-0.9486118186152632,0.3223866170482769,-0.6570200019397111,0.2877457765440427,-0.5865916319015396,-0.8156553021847519,-0.06178629259676146,-0.18905473066311063,-0.472070969178679,0.182353385992158,0.2397269215992139
E01001313,-0.6077356702505996,0.3013537185479408,-0.4033082963528082,-0.9486118186152632,-1.1642713888564094,-0.6570200019397111,0.6528185834771822,-0.8091918843802374,0.3992944912468806,0.3825830164658609,-0.42891486698245773,-1.2107001200328416,-0.4768785970033602,-0.9113875180389648
E01004462,0.4739960607204468,1.0450262471888188,0.903287736380462,1.631017020057477,1.671296948567701,-0.6570200019397111,1.161392514113165,-0.6289271852612999,-0.3114248927339634,1.473277672045725,-0.7630581118753975,-0.0776872748882427,-0.5438869329087708,-0.244421198816693
E01002365,-0.6313344081606599,-0.4237660894577538,-0.5580115999168354,0.3590410495397563,-0.2968757279691679,-0.6570200019397111,-0.2081881587398761,-1.2668627788863762,0.4147993340743231,-0.20034907048949915,0.13678378445909828,-0.0981348810187486,-0.4709622376642998,0.1017186428918935
E01002925,-0.9172232851335782,-0.2237560262179986,0.4011820389071366,0.9441218041882112,0.7387633793474917,0.7501317133797543,1.5755382441778467,-0.2223969291276885,-0.6880382744290579,0.378764710380911,1.1818612026004578,0.0268240620572079,-0.3706501643059213,-0.1721301261859341
E01000549,-0.1914391843059416,0.9552755439270366,0.8978424141030902,-0.9486118186152632,0.0205119256945502,-0.6570200019397111,-1.3294300993817794,-0.3325012130545549,0.12577937324402647,-0.8517039252722506,0.873462166474527,-0.224723040294802,0.7180081728914779,-0.8131884093183281
E01000392,0.3943503202739933,0.1366236799778764,0.6499650941952948,0.5911990312585811,0.3584569948709517,1.8247545668299447,1.4759053396380488,0.1145349167194872,0.7195925478508206,0.3842587340401507,2.69316500871323,1.6567687421213633,0.4539422292144996,1.1384195843568132
E01001623,0.5412278817454625,-0.2688426650022683,-0.6770621885171091,-0.9486118186152632,-1.1642713888564094,-0.6570200019397111,-0.8550585091102048,-0.8447706788544601,-0.35559754391422954,0.642269193964845,0.5617905433141532,-0.7044683806457033,-0.9607060248198466,0.223821406135464
E01003497,1.0785908095724612,-1.6269153228257474,0.0038648839276454,0.0208309783253491,0.0141737947453771,0.9644233008906504,0.7725267747526108,-0.4923806699892781,1.040218108878192,8.050931332677143e-05,0.7450428221333208,1.511497665241288,2.047154026733688,1.1572104724949082
E01002065,0.7489459393913059,0.5177287909319036,0.7970662023057397,1.677026020712984,1.4863975859528933,1.1283111581524736,0.7346067886964193,-0.2154181541015007,0.8450440602681967,1.3367007614976048,0.8288650365407263,0.9265592676602532,1.8718633595947471,0.990647798979763
E01004659,-1.5052251713925813,0.8032263272767564,2.3038464880257163,1.6350214307509592,1.249700576860164,2.134542096601358,-0.545006858415461,0.9845924455437224,-3.212966493201459,3.7668383810823793,-1.1633400822242579,1.123832817889123,1.7078443502436127,-0.2009279652933576
E01000362,-0.7533841307892531,-0.7282633917257073,0.4053893344296908,0.7311073131489207,0.981131217309686,0.8545365805971478,0.9442820057130084,-0.3560655599408721,-0.6437942990008028,0.29638310707412047,0.8069235162814105,2.450707940272213,1.522187717416641,2.285222378026868
E01002557,0.5940792218565351,-0.346368912924378,-0.8709700436834983,-0.9486118186152632,0.2651089786919632,0.5071371630650879,1.34727479870234,-0.2130766980768899,0.3012796512082382,0.8262124770980186,0.683253119282992,-0.2778683133390238,0.6802261712868064,0.5129217212201577
E01002358,-0.2694870935397349,0.2061401538802505,0.2272959497642276,0.8556840151978062,0.3469074516214842,1.2667872976469297,-0.948743180543149,0.5611690466471378,-0.3413828269759261,0.19449351093245312,-1.2018558098412089,-0.5689494594935444,-0.2342951324682682,0.2109354325655912
E01003871,-1.886615190845275,0.1463938027511835,0.1451611918283355,0.0888205274660172,-0.2323579446673681,-0.6570200019397111,1.6759146778560012,-0.2913667053069423,1.239543916348651,0.012893293625788465,-1.1011094648957402,-1.0593189593528245,-0.3532645712699349,-1.5772447160642245
E01001803,-0.3581052707957426,0.4618814612551566,0.5197468335620465,-0.9486118186152632,-1.1642713888564094,-0.6570200019397111,-1.26846071003653,-0.4850371724432606,0.23528232571283958,-0.4930379890048175,0.8334040581686483,-0.0474931383445589,0.12304647442869,-0.9071358893264247
E01001099,0.0880583678163353,-0.1185459515268366,-0.3892848938022071,-0.9486118186152632,-1.1642713888564094,-0.6570200019397111,0.1516799442247667,-0.0044313215288697,-0.05785610899349641,0.3692802510691613,-0.09965675724877149,-0.897583153640446,-0.9523754992169526,-0.1940849420656514
E01000618,0.2989720878874994,0.2042066110222084,-0.6159843400679694,-0.9486118186152632,-1.1642713888564094,-0.6570200019397111,-1.1286772320254703,-0.9635420053427228,-0.19643064176376435,0.5843300250703992,0.7415635171746823,-0.8778161085458847,-1.0457130577291436,-0.1606755902722694
E01000541,-0.4700763657752476,-0.4275567419146425,-0.3618462575033653,0.3322146132632868,-0.3186819264068982,-0.6570200019397111,1.7041687851135556,0.3234467481205137,0.30884957475346553,-0.12021061449724818,-1.1196729785009034,-0.4131928484015356,-0.1827638972035589,-0.0982894260462414
E01004424,1.2536147824054085,0.2641355051275988,0.4771517111764531,1.2623764170578404,1.4888834244053166,1.2951674790171512,1.514568854832597,-0.6284508562270977,1.6236410973866475,0.6023450675479484,1.9616203255114284,0.9147138419124904,0.534996980518501,0.9840827097626872
E01033148,1.201623812947307,-0.6672248137829301,-1.2719023337786743,-0.9486118186152632,-0.2911651726714303,-0.6570200019397111,-0.5502115623839579,-0.8015389958102326,-0.7894908799134427,1.2065415859467858,0.3615000017847595,-0.7091160942764472,0.36997126926872,0.2840140489668086
E01002603,0.677043534821591,0.120895833581414,-0.1685046116633317,-0.9486118186152632,-1.1642713888564094,-0.6570200019397111,-0.14647524025627,0.3532471444385472,-0.44483114456175055,0.15984546611501177,0.09623716263729418,-0.981497598639204,-1.0793043549919823,0.3458140743478363
E01001133,-0.9376263606183178,-0.9567736553739185,-1.2783677020451067,-0.9486118186152632,-0.0599897001727757,-0.6570200019397111,1.579999419007987,-0.7407295160903298,0.6160392732721715,1.2126747106960236,-1.03809122134137,-0.949789035446716,-0.1749066126331513,-1.1047930951079494
E01003297,0.8612857646506556,-0.7578031543185003,-0.0336520349214093,0.1174606388812922,-0.4893606525595185,0.442963632325509,-0.3472281076125789,-1.2455277455334068,0.3815182707799079,-0.0039527895215242925,-0.15380942379358067,0.3431760403581466,1.36195521973018,0.4171621062637198
E01004707,-1.997971735358372,0.7983920405557265,1.1850143792861323,1.0489374136247365,0.742054019787155,-0.6570200019397111,-0.874390266707479,-1.2690902914857551,1.3127073934406455,1.243005918116518,0.5744918947282124,-0.174472312983817,0.307196424353771,-1.9161492207980784
E01004442,-0.5929864590568118,0.3096389128984503,0.7579460093208858,-0.9486118186152632,0.1992072490116553,-0.6570200019397111,-1.0193784486870354,0.0699887372855564,0.3896039644797289,-0.7189965423140667,0.6697520303336557,-0.529669699552777,-0.5771398644305538,-0.730972717852551
E01001348,0.0551184628168761,-0.9258474649957475,-1.1380458361593933,0.2655075831316343,0.1643980520403293,0.3785603083895714,0.7881408866581014,0.4457142060376901,0.02086566228191574,-0.3021597994517004,0.2983588571077211,1.52598579598194,0.4497590544651558,1.017150183647279
E01001907,-0.9056697363651112,1.1356536622691449,1.050003710350178,-0.9486118186152632,-1.1642713888564094,-0.6570200019397111,0.2520563779029209,1.0469273097964875,0.595043131943343,-0.9960459292280565,-0.16560608189869364,-0.5296139343343523,0.2593780843085302,-1.4843234147199698
E01000826,-1.9505284393516884,-1.2548084965687674,-1.4557879919083063,-0.9486118186152632,-1.1642713888564094,-0.6570200019397111,0.8654679170471985,-1.3109942617428634,1.2815361990063079,1.3809776945224006,-0.5686297325371081,-1.11009038077673,-0.9359871449245346,-2.188085327125383
E01000827,-1.843473748103446,-0.7112921516494467,-0.879408288514991,0.1120578294174502,0.5968743617543355,-0.6570200019397111,1.1539572227295978,0.3415755853958231,1.2111991255547325,-0.09854458398270469,-0.7581729767161439,-0.2999261195946264,-1.3601156224726414,-1.2702513054307911
E01003932,1.3208466034304245,0.606409304819431,1.5353688875589957,1.4585531253291282,0.5047829946026631,-0.6570200019397111,-0.3955575016057644,0.8846480719455153,-0.8678226379479184,2.23941708948228,0.2598891904722866,2.2827088705462137,1.4373375015514582,1.1944939042770704
E01002083,-0.1288779468256254,0.1439429045432103,0.249094585561522,0.5590945549579683,-1.1642713888564094,-0.6570200019397111,-0.4282727836934591,-1.1648111639075671,0.08467538887335838,0.13926742645695872,0.281383785173002,-0.2291697611989607,0.8315546765413852,-0.5305534450101692
E01003579,0.8049929419276992,1.267990993746055,0.7499045052020843,-0.9486118186152632,-1.1642713888564094,-0.6570200019397111,-1.261025418652963,-0.658996427394011,-0.5288964642667907,-0.7113682764675283,0.8285189230093948,-0.4254146973295436,-0.9893986765878696,-0.3697651355670433
E01003934,-0.0289520409877137,0.0615043307682174,1.966569423924532,1.8835082663407376,1.273501462720538,2.7405885995208954,-0.1903434594193152,0.8059926792185548,-0.07934563346378985,3.704049766294798,-0.5216531148779434,3.1364496837029376,2.954132812795018,0.9735336702512792
E01001591,1.0002970801521047,0.3464372485973431,0.0197454451785733,1.1017759818749366,0.9496108820795004,0.8396446837937668,-0.7576561919854772,-0.2525926729409157,0.8398941255641421,0.02175505724918033,-0.6361619937440355,0.9242400836629752,-0.2662198459560318,0.5737146837841931
E01001466,0.794914314278611,1.2547614060757677,0.2227037477628062,-0.9486118186152632,-1.1642713888564094,-0.6570200019397111,-1.399321838387309,0.2664265129421853,-0.5222746043092371,-0.21125940717771044,0.9193824369715098,-0.7917490965414329,-1.3814114288070205,-0.1435066189563718
E01004111,-1.0589386226872215,-1.1188304296706215,-1.1170885832841442,0.4505327150516917,0.4271494873516657,0.724536093762424,-1.377015964236608,-0.5217499698415278,-0.7672392532159609,-0.5032849523802533,-0.9976977677764897,0.429371742965776,-0.1396307775041902,-1.1856594467263166
E01004576,0.6758144338887753,-1.0684012535933791,-0.2322266432036066,-0.9486118186152632,-1.1642713888564094,-0.6570200019397111,0.8632373296321284,-1.4070036032564424,-0.44402360066448787,0.2202929383402911,-0.567164191989332,-0.1676941769916338,0.9799870217872144,0.6585906757282318
E01000090,0.7933164830659507,-3.003313276442762,-1.0240619392077053,-0.7101487061052872,-1.1642713888564094,-0.6570200019397111,1.0654772552651506,-1.4441945518650758,-0.5212247972427957,0.7272362611000233,-0.7000398683210273,0.5204361730481268,1.3081235579483446,1.0454853867569898
E01000907,1.1045248392548712,0.7621539947608683,0.3308527101623934,-0.9486118186152632,0.0478648657651237,-0.6570200019397111,-0.2067011004631626,-0.9395977856039128,-0.7256949120296946,-0.3138507910809366,0.13580675742724752,-0.546927989799318,0.3194147752919652,0.6195247214312679
E01002464,-1.683813536930694,-1.8503954848586377,-1.715563843237469,-0.9486118186152632,-1.1642713888564094,-0.6570200019397111,-0.5011386392524158,-1.3849221196227657,1.1062991733003162,1.6274041372840857,0.32925810973368635,-1.5644713089045807,-1.6588077446103775,-1.7725866955370404
E01000024,0.8596879334379953,0.5026236063282622,-0.5314422247190913,-0.9486118186152632,-1.1642713888564094,-0.6570200019397111,0.2081881587398759,0.188987764267892,-0.5648321676949779,0.5041323752797185,-0.13678378445909814,-0.7285522072281444,-0.7790839053478422,0.3354850695556217
E01032563,-1.298859124772835,-1.0138321081175758,-1.3051504011699944,-0.9486118186152632,-1.1642713888564094,-0.6570200019397111,-1.2297971948419817,-0.9241193058336356,0.8533764246776595,1.2380810956203088,0.8080013553405301,-1.0118204350441886,-0.5347251892413653,-1.7487981800860557
E01004085,-1.366213855891132,-1.8923790479481832,-1.8022443579028384,-0.9486118186152632,-1.1642713888564094,-0.6570200019397111,0.9673314090020664,-1.262017026576031,0.8976298302476517,1.709630297939309,-0.6355560842188811,-1.0966938098758985,0.2528288072003931,-1.4403554895099726
E01004502,-1.2242526981509256,0.5001178470493262,0.6358597478653014,0.6116660473459111,0.5776393005965712,-0.6570200019397111,-0.6349738841566217,-0.0229311456193306,0.8043585101138178,0.3889338186431366,0.4171905426002495,-0.8593222471542761,-1.084562825803958,-1.5889123010556636
E01001629,0.9188076883064276,0.3308001613890348,-0.4090481160769856,-0.9486118186152632,-1.1642713888564094,-0.6570200019397111,-0.6989173900552978,0.6762177189450126,-0.6036750291533105,0.3880278772929366,0.4592027049698296,-0.2282604617837375,-0.11028812619265,0.7049206932030271
E01001019,-1.811885854130084,-1.603832233210403,-1.6470699145303207,-0.9486118186152632,-0.6543411652814813,-0.6570200019397111,1.337608919903703,-1.3401176717045995,1.1904452473950828,1.5624299870090936,-0.8788358151497058,-1.3230556510672251,-1.5157507594838344,-1.0501615107326006
E01001804,0.667702367732192,0.8422407081122971,0.2625071879096612,-0.9486118186152632,-1.1642713888564094,-0.6570200019397111,-1.2134395537981342,-0.1685767195183275,-0.4386938109425545,-0.24901742092256235,0.7972540579901723,-0.8526069014083659,-1.0400805172081409,-1.2861638364422778
E01003652,-1.4323394860766137,0.2210617675112896,-0.2404127349135847,-0.9486118186152632,-1.1642713888564094,-0.6570200019397111,-0.4290163128318159,-0.146115041695155,0.9410756919203815,0.22805836168464477,0.2818722986889274,-1.3600047983255898,-0.715350180551816,-1.539820615683499
E01004749,-0.6743529408092074,0.9283384458357432,1.9422071529974556,2.416512509404405,1.9734339219055028,2.664414934124937,-1.3866818430352452,3.1606204145167687,-1.7967560463631216,4.693367881073066,-3.694695811462999,2.039188159226427,2.2274878553683126,1.4624007089018405
E01001148,0.4153679462251408,0.592348242857817,-0.1180044860944998,-0.9486118186152632,-0.0888011162135233,-0.6570200019397111,-0.5457503875538178,0.628116237543133,-0.2729050488345358,0.111940450158863,0.3585689206892074,-0.3920707140412504,-0.8580368010259418,0.2335920268356911
E01003866,-2.009279463940276,0.4429997649929115,0.657248036706469,-0.9486118186152632,-1.1642713888564094,1.044066487613246,1.3242253954132823,-1.0215194173418938,-2.0978213525495493,-0.6234732553814348,1.3825793573974074,-1.0825416197186026,-1.820992938781086,-2.8933378973000705
E01002989,-1.343967129007169,0.5979200042513805,0.8466639219775574,0.7909528748404893,0.3983593995429651,1.568891119663147,0.8684420336006252,0.8144632421617408,-2.1085380938185225,0.6696712631118726,1.3624909944582253,-0.7145892748451346,-1.6967746539193116,-0.8475467960236426
E01000925,0.8615315848372188,1.091393609705967,0.861268855172149,-0.9486118186152632,0.8430084140387766,-0.6570200019397111,-0.985919637460984,0.4596752955513182,-0.5660434835408719,-0.817009815021538,0.647768922117015,-0.2952072765439032,0.2611017234802781,-0.2069036704163755
E01004756,0.3864840743039732,1.5891759333149056,1.3414299271727488,1.092403371053737,1.3049426051448785,-0.6570200019397111,-1.2625124769296765,0.216198180150449,-0.2539277672488639,1.4653825744758797,0.8294959500412455,0.1970112139000768,0.2269774897716357,0.455635802389392
E01004511,-1.430864564957235,0.3012904806090901,1.0395646080459386,0.1926263288874403,0.8004943040759926,1.5370186574450022,0.9472561222664356,-0.2386230964073878,-2.1992655326161965,0.20024751408919994,1.4559503333025157,-0.3111310582018018,0.5063912281792,-0.0727499507736335
E01004510,-1.3229495030560217,0.4420213708962431,0.8848227064926533,0.5269163291298059,0.905606083673026,0.9823773073139684,1.6164323467874653,1.1495450132201743,-1.2996355705245273,0.46622753243580856,1.587946456292269,-0.0772551753118609,0.7444817739451983,-0.5177887880160567
E01000536,-0.948319538733814,-0.7401825453067776,-0.1821882843799719,0.1654208798849789,0.7727110574612414,0.5040227861012688,1.603792351435401,-0.1106538759919616,-0.47797465602688705,-0.030137746306869707,0.8083478892983761,1.043092432758633,-1.0837070133384252,-0.3925537206336053
E01000769,0.4822310369703116,-2.6259297677256423,-1.0127067824321183,-0.9486118186152632,-1.1642713888564094,-0.6570200019397111,1.648404099736803,-1.2997125804554053,-0.31683543684562304,0.9606656226069434,-1.083034464806502,0.3793287103910547,-0.3336260004407232,3.588752042079487
E01001512,-0.0557464413230947,0.5293695499103499,0.7602964370069486,0.6651844148016279,0.9327266981764032,-0.6570200019397111,-0.2483387322111378,-0.0588925219693836,0.03662652698623167,0.5057373405262299,0.16316351431906717,1.057969808372527,0.082066485011364,0.3572344959221769
E01003642,-0.2584251851443941,-0.4584228047958509,-0.3948497604268981,-0.9486118186152632,-1.1642713888564094,-0.6570200019397111,-0.0364329277794784,0.2985817635724662,0.16979051564484002,0.3745591493183608,0.023937162280342254,-0.03657837399439,-0.5169174295045765,0.9236165847111606
E01004628,0.4381063134822301,0.354556344942623,0.9217782799531474,-0.9486118186152632,-1.1642713888564094,-0.6570200019397111,-0.6089503643141373,0.9903944753887116,-0.2878446109338945,-0.8744097705064044,0.40009256954286226,-0.7715304283087852,-0.2672407174671349,-0.1794262080767514
E01002632,0.0493416884326426,-0.5845207542738825,-1.0291348316027975,0.3234736698954059,-0.0215717483653488,-0.6570200019397111,-0.2022399256330225,-0.3254744583511135,-0.03241847622972346,-0.33289802079574743,0.13287567633169547,0.2785951300949969,-0.5541331245646983,0.6481914880225614
E01002235,0.7719301268349585,0.4220492776576478,-0.4778699097959965,-0.9486118186152632,-0.1738945013079055,-0.6570200019397111,-0.4438868955989499,-1.0238193131755675,-0.5071735334304259,0.453313044193092,0.2916425690074344,-0.3878302171247856,-0.7866023530105707,0.1864723149323511
E01003072,-0.2665372513009774,0.0310296659284487,0.0895302344099133,-0.9486118186152632,-1.1642713888564094,-0.6570200019397111,-0.8706726210156955,0.6454855384240518,0.17512030536677342,-0.08492943848463867,0.5720493271485856,-0.3016602043732508,-0.0992922718155225,-1.4937256448818783
E01000948,0.8364579258077797,-0.0574299840637643,0.0971430400109763,0.9252726962958808,0.4087880934815366,1.6780294424589628,0.8379573389280006,1.0937609377553676,1.403601026883609,0.08988380255733468,1.406117086245749,1.1149373512495726,1.2426085297999012,0.5423112192897769
E01003349,1.0750264168672958,0.4508702311625447,-0.0962783849853463,-0.9486118186152632,-1.1642713888564094,-0.6570200019397111,-0.426042196278389,-0.5153337268860628,-0.7063138584953914,0.0913308138742898,0.2799182446252259,-0.5130151094763471,-1.1462994767505366,0.1859172774493541
E01004132,-1.6468175988529432,0.1078979959858355,-0.3027655030250315,-0.9486118186152632,-1.1642713888564094,-0.6570200019397111,-1.4967241555120367,3.564986152409752,1.0819921019927112,0.2872069344385401,0.9833777075577309,-1.2605276764616489,-1.1695851124550674,-1.9767793055928653
E01002633,1.2936834728151985,-1.7127720381772982,-0.7158341997618488,-0.9486118186152632,-1.1642713888564094,0.2777691782903985,0.3799433897002734,-1.22085359895932,0.35934539521174674,0.679048782063089,0.1055365631539136,0.5252283635883219,0.3582722650446646,0.7954625226511468
E01002550,0.8712414822064624,-0.0765242762883749,-0.9179616816994004,-0.9486118186152632,-1.1642713888564094,-0.6570200019397111,-1.285561880218734,-0.8504969216186438,-0.5724230803292467,0.8707893002959937,0.8446398690349313,-1.026450405986372,-1.264280608490307,0.0990644299052674
E01000992,1.0211917960099706,-1.0101331640686615,-0.918240695304348,-0.9486118186152632,-0.3272153107248347,0.2758431183140304,1.403039484079092,-0.9387756146512374,0.28168872940809553,0.8710539758992014,0.38701878640608517,0.6142770067470079,-0.1494137293560602,0.6623903927721709
E01004360,-0.6836941078986062,-0.4094867702248642,-0.8574882495812405,-0.9486118186152632,-1.1642713888564094,-0.6570200019397111,-1.0788607797555716,-0.1740441701474498,0.4492007040977113,0.8134234878764792,0.7088331116076839,-1.4794481481801969,-0.6009700898100712,-1.07446170213339
E01003734,0.3171627816931709,0.8160934012363015,0.2314097572655289,-0.9486118186152632,-0.0325624645960006,-0.6570200019397111,1.1770066260186554,2.164275303862715,-0.20838229144325132,-0.21951803068497,-0.7733168957098298,0.6498813978061193,0.311219887320439,1.145522100171683
E01000747,0.1470552125914861,-4.980760838234729,-4.364617237479806,-0.8432863901160976,-1.0281509680186809,-0.372556606971167,1.6394817500765229,-1.8232086444894584,-0.0547863910405077,3.68062231443284,-0.6107997579996601,-0.2765597024792346,0.0579717384830328,-0.0115578475383345
E01003722,0.5242662888726066,0.0877211681768632,-0.3702524889891801,-0.9486118186152632,-0.3838769681766203,-0.6570200019397111,-0.1353223031809195,-0.3495131126808418,-0.34445343813200513,0.35122588692685386,0.08890945989841391,-0.8745719959748965,-1.5272379108924554,-0.045990265088132
E01000717,-1.3745717422342785,-0.5099390796603943,-0.4260968491708334,-0.9486118186152632,-1.1642713888564094,-0.6570200019397111,1.5688464819326362,0.9580121755122488,0.9031211287490377,0.4042005069981778,-1.0307635186024895,-1.0347498654200478,0.0651015773459525,-1.4419483914032851
E01000734,-0.8458125209369894,-0.8352854388403751,-1.1889632770448324,-0.9486118186152632,-1.1642713888564094,-0.6570200019397111,1.6201499924792486,-1.1847323541266717,0.5557157441466527,1.1278646165042616,-1.0644709512013388,-1.6113983259762696,-1.6607901825237434,-0.9685869824699366
E01002467,-1.7677611306420025,-0.8243536173233122,-0.9295308839476132,-0.9486118186152632,-1.1642713888564094,-0.6570200019397111,1.2944842298790142,-0.8308478773243172,1.1614544214833544,0.8817639822805985,-0.8505020312260354,-1.24934089209287,-2.082578324196462,-1.3465231013217334
E01002369,0.255953555238952,-0.8631702587590206,-1.3136713420559358,-0.0066428805722287,0.373616236884647,-0.6570200019397111,0.1561411190549069,-1.380888521981788,-0.1681666053595722,0.00872656183643698,-0.1025878383443236,-0.9026839142819556,-0.3430874737936523,-0.0570599923557977
E01033569,-1.2628464674413369,0.4103539641256684,1.0739572454317006,1.0211809582242517,0.9544199160166208,1.8152170357583357,-0.0661740933137464,0.340293070662395,-2.2923404212467493,1.096704688981822,-0.12012034150897423,1.283808043141429,0.295243554110927,0.6989495692821885
E01000025,1.2321055160811347,0.6302204632429574,-0.3418163989471925,-0.9486118186152632,-1.1642713888564094,-0.6570200019397111,0.2342116785823602,-0.7609429586441261,-0.8095179685655559,0.32425107583781665,-0.15388175751648528,-0.8682079137768706,-0.3654802389778774,0.1441960494124231
E01002896,-1.082537360597282,0.7322225747919137,1.2411775791576023,1.33213364069729,0.8844958048165297,-0.6570200019397111,-1.49598062637368,-0.0586402855118928,0.7112486987594359,1.6534144072750654,0.9828891940418054,0.5990272748955452,1.0333865309576131,-0.5943628539452841
E01000924,-0.6650117737198085,0.9525822815167428,0.994733445716375,-0.9486118186152632,0.4214649225667327,-0.6570200019397111,-1.2179007286282744,1.4633455758656118,0.4369260368593193,-0.9436159029784377,0.8001851390857244,0.2275478032853135,0.6050522284468549,-0.3615859589259392
E01004307,-0.5632422164826734,0.4334885633746899,2.3083353837838883,2.644468964271644,2.194893738760449,2.8193491199594924,0.5003951101140586,1.439538755714147,-1.587976447364459,6.104321281546567,1.4107885133321043,2.9469928508545555,3.185903842701964,1.2270038989727037
E01000961,0.3702599419908067,0.8288124593330684,0.5000140744802289,0.9168001872177688,0.9370412010133372,-0.6570200019397111,0.3591245738262856,1.3853505137544662,-0.24326818780499715,0.4584129970949933,-0.23595202819194408,0.9277019692060912,1.0925608093519448,0.046632382913167
E01004390,1.1583594601121965,-0.665171075399411,-1.1673221402877405,-0.9486118186152632,-1.1642713888564094,-0.6570200019397111,-1.468470048254482,-0.9115116355627888,-0.7610653347297981,1.107335578408215,0.9648141939525674,-0.9827766238050544,-0.971410217006648,-0.1250268508616724
E01004302,0.5811736620619709,1.961916113205876,1.4033461632851607,1.9043973784447583,1.6751901321149658,-0.6570200019397111,-0.6223338888045579,2.9435611253219225,-0.3818427205752651,2.6725287544107696,0.4088858128295186,0.8607712632460612,-0.7695779432716588,0.5793121898918366
E01002350,0.6579924703629485,-0.3829820700196132,0.1489814816424975,0.2474254764811808,0.7781033826419813,0.6098959061793194,-0.1338352449042061,0.0314993688153966,0.40130691397117946,0.036861814082267234,-0.08162556796958191,1.2030127089528793,1.142839712901077,1.0399208277814085
E01004547,0.1565192897741666,0.5824811519452812,0.5268715244305748,-0.9486118186152632,-1.1642713888564094,-0.6570200019397111,0.1368093614576327,0.5808689244681874,-0.10283630407102515,-0.4997965549666837,-0.08988648693026448,-0.4925216706855893,0.2595626711229987,-0.5995546625548972
E01001319,-0.0943402106135059,0.437290324361936,-0.3515802504179074,-0.9486118186152632,-1.1642713888564094,-0.6570200019397111,-1.6506346871518736,1.200859166329299,0.0619834053602784,0.3335131807381408,1.0845000053542784,-1.4066363529055907,-1.3188967158296685,-0.7844951233507476
E01000503,0.81212172733803,-0.5919873287351126,-1.100813588278651,-0.9486118186152632,-1.1642713888564094,-0.6570200019397111,-1.506390034310674,-0.8907157171769995,-0.533580218870914,1.0442447799334047,0.9897283832647605,-0.402933377146679,0.3590782437550877,0.0525864747928195
E01004204,1.112759815504736,1.394630352339949,1.1288036681219131,-0.9486118186152632,-1.1642713888564094,-0.6570200019397111,0.4528092452592299,2.475637226171705,-0.7311054561413542,-1.070796500476708,-0.2975047311985383,0.0828840274401629,0.3812724996218214,0.1110355444563755
E01003111,1.1733544914925471,1.6486155760122718,0.8813773312320065,-0.9486118186152632,-1.1642713888564094,-0.6570200019397111,-1.5324135541531585,-1.238320783611103,-0.7709173702764021,-0.8360849530662608,1.0068263563221478,-0.0821981491183885,-1.4416602633557405,-0.0120151232603835
E01001273,-1.210855497983235,-0.8595790181401429,-0.5568702896945507,0.5554836101745614,0.5253550084437902,0.4067365334922824,0.8349832223745736,-0.4341346087676141,-0.4924991678097724,-0.30933231891848284,0.3396181813928496,-0.4146761461317688,0.2977016144576297,-0.5339003549023438
E01000291,1.0607688460466342,-0.3046081909503849,-0.5623604212327521,-0.9486118186152632,-1.1642713888564094,-0.6570200019397111,-0.5323668630633971,-0.6212589277895333,-0.6969463492871447,0.5334617419028465,0.34977567740255106,-0.6493286367342821,-0.4743828144317825,-0.611684466462165
E01001034,-0.4627017601783538,-0.5241829000666492,-0.0215345385655316,0.8082145373695736,0.4899370564759289,-0.6570200019397111,-0.2832846017139027,-0.6749040308751132,0.30400431136988976,-0.017404527124208362,0.18612364956755864,-0.3233112210799153,-0.3602844004253031,0.3513270015615407
E01002191,-1.6670977642444014,-0.9021590255810636,-0.921736545321766,-0.3094902827575548,-1.1642713888564094,-0.6570200019397111,0.7576561919854768,-1.0860347164783717,1.0953165762975445,0.2852685040396051,-0.4977952727279321,-1.360828557080239,-1.6196965127549448,-0.6810336643949705
E01001299,-1.4421722935391388,-0.0539252990469173,-0.0206935717046878,0.9520099200496992,0.847167974150955,-0.6570200019397111,-0.7123009145457184,-0.6070654381561005,0.9475360430984826,-0.01970048554412255,0.46799594825648594,-0.172260618653405,-0.6720724116645178,-1.3840179951841869
E01002496,-0.2279434820105662,-1.1944760497238,0.0126512326423964,-0.3784573735524945,0.4553871748790449,-0.6570200019397111,-0.8260608727142935,0.0604276140459923,0.1497634269927267,-0.004787952278042926,0.5427385161930646,1.3236087430153511,0.5411064269722203,0.4784128084600825
E01000595,1.5159049214682665,0.2157172374244398,-0.469114532711377,-0.9486118186152632,-1.1642713888564094,-0.6570200019397111,1.1294207611638267,-0.5261887993446871,-0.995979854443498,0.4450075900141887,-0.7420520306906074,-0.2669052081370578,-0.5887570895891691,0.7470422089314723
E01001492,1.0155379317190187,0.7065777079026951,-0.4374118303709976,-0.9486118186152632,-1.1642713888564094,-0.6570200019397111,-0.272875193776909,-0.2705637596394412,-0.6672287338678798,0.41493403189206307,0.1792844603446038,-0.5787178197711886,0.5255891119484163,0.3090274738992736
E01001039,-1.3435983987273243,-1.1603929663435404,-1.2064612598897513,-0.9486118186152632,-1.1642713888564094,-0.6570200019397111,-1.367350085437971,-0.8638825465499644,0.8827710225380194,1.1444634098328788,0.8983763557867198,-1.3019110025011371,-1.0906786022009662,-0.9059499806408446
E01003173,-0.3942408382205226,0.6590075492166488,0.8715928029764569,-0.9486118186152632,-1.1642713888564094,1.188618686214345,-0.2349552077207172,-0.660636438194137,-0.4686020271777197,-0.8268032339234717,-0.27927215032021746,-0.3913274114359298,-0.5510876703254455,-0.7300306065454488
E01003169,0.4413019759075508,0.5688169594753019,0.6401043331617169,0.4475458083806128,-0.2242788086658752,-0.6570200019397111,-0.376969273146847,-0.4527070446808736,-0.28994422506677736,0.2864760112327937,0.24767635257415288,-0.1140255097131859,0.0234567371556123,0.1766416943302009
E01000612,0.401479105684324,-0.2201505908710332,-0.4472869555239231,-0.9486118186152632,-1.1642713888564094,0.6728650873175176,0.7509644297402664,-0.6310986768916331,0.27014127350244155,0.4243016923224331,0.5052977465895342,-0.4920072163605654,-1.197882435666754,-0.0107229146816244
E01003358,-1.8105338431039868,0.5049413732296769,0.9917015058726396,0.943733548059112,0.7384102478478973,1.036302544847094,-0.0631999767603196,0.0592439128914235,-1.8762608291404506,0.9359019807527506,-0.0654942967509964,-0.2027948833144295,-0.0678427224511972,0.0976274103082318
E01002640,-0.0353433658383551,0.3190857356413933,0.0443766138058483,-0.9486118186152632,-1.1642713888564094,1.2790391879307423,0.2052140421864488,-0.5733487290403011,-0.04520554994062885,-0.042096180326352955,0.26247680187014055,-0.3643548136573635,-0.8714541636826593,0.0983118319721772
E01001404,0.0273407817352426,-1.408662360294296,-1.6263457263555163,-0.9486118186152632,-1.1642713888564094,-0.6570200019397111,-1.2863054093570907,-0.207470012923865,-0.01796344046872231,1.5427707771752677,0.8451283825508566,-0.7934815323631795,-0.1035717395868272,-0.3161641518706653
E01001056,1.280286272647508,0.4815087650455333,-0.7594426486899211,-0.9486118186152632,-1.1642713888564094,-0.6570200019397111,0.2453646156577109,0.3604040758502599,-0.8411736893382512,0.7204162721077385,-0.16120946025536567,-1.0336167179342737,-1.717007588169664,0.6466251923998133
E01000705,-0.2798115413753863,0.1594988763115981,-0.071948249862321,-0.9486118186152632,-0.1143268854545163,-0.6570200019397111,0.8847996746444724,-1.007822588931404,0.18384177945720984,0.06825096014808169,-0.5813310839511671,0.2181416927524983,-0.628426815787797,-0.1188327214148291
E01002534,-1.1797592443829994,-1.026012885438019,-1.288454865482746,-0.9486118186152632,-1.1642713888564094,-0.6570200019397111,1.1532136935912414,-1.0773774577529645,0.7751254210329104,1.222243513149272,-0.7576844632002189,-1.478722824386672,-0.8924346058495233,-1.376775941362547
E01003049,1.3503450258179996,0.860120168459275,0.5838377931612307,0.3471762494717185,0.5292583445644256,-0.6570200019397111,-0.5866444901634362,0.8709999522833689,-0.8872036914822213,0.202694615329561,0.3854371640651017,0.198094883539971,0.5820828140809686,0.8778815770358082
E01000464,0.5959228732557585,0.3546554325337938,-0.4117675089327191,-0.9486118186152632,-1.1642713888564094,-0.6570200019397111,-1.720154661588225,-0.2079322843155377,-0.3915332473424167,0.3906075254953433,1.1301760190932988,-0.8876831799064079,-1.6738071262288066,0.0684065345713165
E01003861,-1.4089865683531164,0.3533915458337988,0.610339794432569,-0.9486118186152632,0.7832719620677606,-0.6570200019397111,1.4521124072106344,-0.4114118971960512,0.9257323578723915,-0.5789755423699452,-0.9540668966022096,-0.4483843290311263,-0.0222924109733681,-1.067121948200883
E01003443,-1.922136207803647,-0.1038658676600433,0.0653484844550202,0.3806383699237298,0.2217161671577211,-0.6570200019397111,-1.2543336564077523,-0.3840146690126921,1.262881934979541,0.024874140599945086,0.8241223013660663,-0.7069531630510544,-0.7306364097665187,-1.3504379102265225
E01004209,1.4411755847530756,0.9984616579211888,0.1644030720652296,0.5272745459526254,0.8463352153169925,1.5037502873126238,1.2290536657036244,0.9264252516943922,2.167168199640376,0.08668555517641069,1.8481898029244588,0.5304612923863387,-0.0959537248452579,0.4237544810136645
E01002170,-0.2637103191555013,-0.0039767750705639,-0.5553843675315485,-0.9486118186152632,-1.1642713888564094,-0.6570200019397111,-0.1851387554508183,-1.3471145803287796,0.1732629544030693,0.52684417491459,0.12163986546541233,-0.9943687656123922,-1.042169646974951,-0.7915113407244745
E01004386,-1.2955405522542327,-0.7871976196132866,-1.0508403030204616,-0.9486118186152632,-1.1642713888564094,-0.6570200019397111,0.0193317575972738,-0.3213059546745015,0.8511960561550503,0.9968395309224544,-0.012701351414058858,-1.3609853296099963,-1.1375687282242255,-2.277265777028077
E01003488,1.3850056721234008,0.8917662073169995,-0.5038223446767244,-0.9486118186152632,-0.0423262129749638,-0.6570200019397111,-1.475905339638049,-0.2540109592413658,-0.9099764293850277,0.4779318306427935,0.969699329111821,-0.2143828044351799,-0.4212104927074819,0.2168252954565027
E01001783,1.3068348527963258,1.6061366550499303,0.7125699548685478,1.069772385922779,1.352524779585893,-0.6570200019397111,-1.402295954940736,0.7365051315937317,-0.8586166375191241,0.7622876607566134,0.9213364910352113,0.0448677986630757,0.4517274884756109,0.4141605703648792
E01001609,0.3120005577753453,-0.634458747963403,0.2346200626359935,0.8229525977376633,1.514453233720893,0.5041811810744754,-1.0662207844035074,-1.055992614068047,0.1573048097150687,0.1930811900276641,-0.537568454366714,1.9084534662889208,1.4901730988799264,1.786517806020126
E01001301,0.1237022948679889,-0.0814952411855513,0.3723766156540227,1.2876122363407032,1.4043541980737309,1.1916395150288075,0.0832752634959501,1.1402635686889062,0.14740854266444084,0.47947668684325867,0.09923409460621013,-0.0091749732408768,0.1548027862867245,-0.1206858731402076
E01002088,0.4991926298431675,0.0741230473202907,-0.2612980541338143,0.6113548001786587,1.03947684708683,0.8074062034624668,-0.4245551380016756,-0.595422663065087,0.4030512260581164,-0.1597458196720504,-0.34278845213441655,0.4961524980275719,1.0577297187055592,0.6479714458691185
E01000308,1.004967663696804,-0.9444668809191284,-1.0768585260941066,-0.9486118186152632,-1.1642713888564094,-0.6570200019397111,0.3546633989961457,-1.5766840223410508,-0.6602838563514211,1.0215207248294824,-0.23302094709639218,-0.6236399427424726,0.283429661340428,-0.3075753991146217
E01001608,-0.5359561757741661,-1.2873029266733582,-1.1272482251112057,0.0099579884796254,0.1944152786840512,0.3086541243600427,0.4334774876619556,-1.197423794012493,-0.16542508412893236,-0.011225124839335566,0.13379461438409213,-0.7489146670525663,-0.400863480820699,-0.6697787083483571
E01002115,-0.7124550697264922,-0.8747067915038942,-1.0913387306290343,-0.1702352115335981,-1.1642713888564094,-0.6570200019397111,-1.0654772552651508,-1.1418070275668823,0.46809723129365693,0.1857842796634421,0.7000398683210275,-1.019737093327842,-0.0323116117252779,-0.8822542095579389
E01000616,0.2775857316565073,0.4754022687984132,-0.1632988309546436,-0.9486118186152632,-1.1642713888564094,0.963509924496264,-1.4550865237640616,-0.6861627289666674,0.2674566073496016,0.1549072010096309,-1.4019903066474422,-0.1539895748148013,-0.9512908287506844,-0.0431202117691589
E01002523,-0.189349712720155,0.1956148042943792,-0.0396897102790969,-0.9486118186152632,-1.1642713888564094,-0.6570200019397111,-0.2602351984248451,-0.3349537627860754,0.12440654861867997,0.03765012824816702,0.17097973057387283,-0.4222866731037623,-0.6545497472222764,0.3344976342427646
E01002238,-0.962700019647757,-0.5160115212351236,-0.5401122472196161,0.1538977019594465,0.4813074081827667,-0.6570200019397111,-0.9048749613801036,-0.6978392571912361,0.6325131687763292,-0.08312203364725136,0.5945209488811517,-0.5087901256027185,-0.4762274821425981,-0.7547022824277668
E01004330,-0.2124568102570891,1.043516767673458,0.6379577111409677,0.8168739563160426,0.7672488585236659,-0.6570200019397111,-1.1383431108241076,0.8868710590615932,0.1395883738872175,0.5211310394620494,0.7479141928817119,-0.3464230260836637,-0.9074249274621592,-0.3617896560288886
E01004127,0.0953100633199476,0.1579874061301644,-0.121814449145893,-0.9486118186152632,-1.1642713888564094,-0.6570200019397111,0.6639715205525326,0.0060274642253364,-0.06262061798734596,0.11555462613790206,-0.4362425697213379,-1.002787289685512,-1.263463386066915,-0.0830546245319487
E01002862,0.6340250021730435,1.5351643472393857,1.806619976797057,1.6500082762680457,2.068027491838165,-0.6570200019397111,-0.641665646401832,3.960297571303251,-0.4165671081575584,2.9809379137863288,0.4215871642435776,0.3411485520648856,0.2854052902922246,0.2492384723183326
E01000442,-0.5809412699152185,-0.5276352197773879,-1.0334302392355363,-0.9486118186152632,-1.1642713888564094,-0.6570200019397111,0.9621267050335696,0.1160594770938093,0.3816900342865551,0.9803241386532286,-0.6321364896074038,-0.4026224286273854,-1.9131310007109992,-1.2540044045340866
E01002717,0.3523150683716983,0.2815232134481316,0.1717472112911565,-0.9486118186152632,-0.02063737309127,-0.6570200019397111,-1.584460593838127,-0.4747678019312081,-0.23147804690496265,-0.16292143444500384,1.041022302436922,-0.0650427650791829,1.0715001211704422,-0.325381358327576
E01001103,-1.567663498779616,-1.7397776587763558,-1.6092126456396223,-0.9486118186152632,-0.7202851098113021,-0.6570200019397111,0.3055904758646035,-1.2626661722200672,1.0299862750089976,1.5265181343188812,-0.200779055045319,-0.3084058086613417,-0.6102581711369116,-1.70742640753539
E01004098,-1.7397376293738058,-0.4138811968045046,-0.5679739547374631,-0.9486118186152632,-0.279441598470224,-0.6570200019397111,-0.4230680797249623,0.0407993006433397,1.1430424206257663,0.5387868061296082,0.2779641905615246,-0.981497598639204,-0.4124730838448441,-0.7232407238400019
E01004492,-0.3793687169334533,-0.3411567117527931,0.5616123095202,0.840186793486512,1.0724043022833247,1.1094954111526487,0.6609974039991059,-0.1933332851869307,-0.4209078505725346,0.47185924551833136,0.7333735865208214,0.9786382318216252,0.0688734055205042,-0.1702210804508053
E01000579,0.83412263403543,0.7632042632306761,0.5515363413034364,-0.9486118186152632,-1.1642713888564094,-0.6570200019397111,-1.3532230318091936,-0.3461940976662819,-0.5480352546319152,-0.5231938917562613,0.8890945989841381,-0.2172386947996434,0.1516263192086249,-0.5530480526340188
E01004256,1.186260051287111,0.5367840743848153,0.9285732619689356,0.2490456863758071,0.2361352532851353,-0.6570200019397111,0.5264186299565433,0.2354667644031781,-0.7793965811976595,0.2312571653772757,-0.34586756927514817,-0.0530416095600063,-0.4417751759541846,0.9326295230094852
E01003605,0.8664479885684814,1.201782444740638,0.5567597543202354,0.7654603408245972,1.1846502729844812,-0.6570200019397111,-0.416376317479752,1.5040290463972543,-0.5692736591299224,0.4261775112993864,0.27356756891819645,0.2169962656478142,0.4677412432811815,0.3984342349428358
E01004640,-1.847652691275019,0.302578582529461,0.5044960813062452,0.7398318297193748,0.4940186916962264,0.9755704291290108,-0.8424185137581409,1.6773775716159722,-1.802515328908542,0.3732422589190539,-0.8218385909732531,-0.8788297833637296,0.2149651944861796,-1.2540044045340866
E01003900,0.2332151879818626,-1.7286749929770728,-1.4228041547548047,0.2213043559546842,0.2554186644718872,-0.6570200019397111,1.076630192340501,-1.2297886391591644,-0.15322704326021347,-0.3148727571176609,-0.7073675710599076,0.3036331577360966,0.0428220438270424,0.2600617072787829
E01004638,-1.6353869601777578,-0.6165395257908965,-0.5020831568916093,-0.9486118186152632,-1.1642713888564094,-0.6570200019397111,-1.149496047899458,-0.2024017368279891,1.0744819437481687,0.47628201655504204,0.7552418956205922,-0.9979893288903712,1.1285664689660888,-1.6668531808639089
E01003795,-1.388460582775095,-2.2290143978156958,-1.7961287820712837,-0.9486118186152632,-1.1642713888564094,-0.6570200019397111,-0.7673220707841143,-1.3436315399754952,0.9122463747881054,1.7038289904278583,0.504145948434962,-0.3613588881589819,0.912119239876864,-0.0815825081864322
E01001246,1.0143088307862032,-2.022503892169733,-0.0036539955031693,0.1643274062717807,-0.4527555892624659,0.2613730321066847,1.4045265423558058,-0.6698404520220482,0.26511297459517613,-0.0006004516035645613,0.3671053610498549,0.6405904254553983,2.3330253303497783,1.3074992538527772
E01001811,1.589650977437205,1.2932767617211984,0.5715146718450579,-0.9486118186152632,-1.1642713888564094,-0.6570200019397111,-1.4610347568709152,1.8968341955385717,-1.0444324882792562,-0.5421455722242458,0.959929058793314,0.4434815800964397,0.4918663138777918,0.306450661414409
E01002740,-0.3091870536696801,0.3497266950311054,0.9212719090272856,1.6538685551781207,1.119755213676222,1.8350466038770883,-1.397091250972239,-0.7155046445385876,-0.5673726527993095,1.5236626411091458,-2.563727555403,1.7641542708148357,0.6698756616916582,0.199765108471231
E01003808,-1.7394918091872429,0.7736800722451943,0.800587925353572,1.4793552508428642,1.341372391473008,-0.6570200019397111,0.2416469699659272,0.8000933202123272,1.142880911846314,1.1843539511332017,-0.1587668926757388,0.0143402139224361,-0.631435240986051,-1.541220184563424
E01002973,0.4111890030535676,-0.5577689280120036,-0.988405572997252,-0.9486118186152632,0.0779711094916281,-0.6570200019397111,1.5286959084613745,-1.1837028144989967,-0.27015939958384283,0.9376132081303845,-1.0043837887425207,-0.2378494284478532,-0.0204299163909275,0.394497770112145
E01001798,1.5435596924566184,1.3667341695512158,0.752590841272057,0.9905634231811812,1.0726536310975372,1.3136970289857264,1.4350112370284305,0.4609321728350669,2.0277697820423812,0.7454889599852538,1.8851699986453812,0.6124851913040078,0.2489622385394283,0.4950727111670443
E01003008,-2.065941016943077,-0.1412488277130947,-0.0611725198333445,-0.9486118186152632,-1.1642713888564094,-0.6570200019397111,-0.4899857021770653,1.2641130642363376,1.3573645709592692,0.058028975288387186,0.32193040699480613,-1.2400607699537791,-1.0442826592183576,-2.268775174157476
E01002756,0.7577954661075786,0.4793463323794505,0.3732525091031659,-0.9486118186152632,0.007349438295137,-0.6570200019397111,1.5539758991655022,0.756543372383857,-0.4978867786119056,-0.35407174146306425,-1.0209932482839825,0.248783475810586,1.1187174798693804,0.1497444621634585
E01002519,0.8923820182508914,-1.285515511270425,-1.5836489503313846,-0.9486118186152632,-0.6769714690523223,-0.6570200019397111,-0.3628422195180695,-1.2092126089643729,-0.5863128353621639,1.5022681108220075,0.2383945957715711,-0.318498932003289,-0.5119880702935944,0.0285713438283673
E01002248,0.2453832872167375,-1.2076552214402922,1.8757203852947768,-0.9486118186152632,-0.6185832053387249,-0.6570200019397111,0.8595196839403446,-0.737828194191299,-0.16122172784311356,-1.7793305259082004,-0.5647216244097051,1.0537385753756334,1.206962297574574,2.298649718290936
E01002497,-0.4409466736675169,-1.0616229234763317,-0.1884514852010025,0.5174605708894473,0.6008086352583885,0.1066043199563473,-0.4193504340331788,-0.1223152469680722,-0.04700682028333903,-0.09751621311707498,-0.0447045678435061,1.679093023646096,0.6758805630896972,0.8491618673520736
E01003431,0.8607941242775294,0.6868578294843073,-0.3303566020273625,-0.9486118186152632,-1.1642713888564094,-0.6570200019397111,0.8773643832609054,2.230419975134072,-0.5655589572025144,0.3133801770407351,-0.5764459487919135,-1.0084685959116653,-0.9989454252054633,0.1928236096816059
E01001339,1.1885953430594611,-1.3338453289032806,-0.093385861423201,-0.9486118186152632,-0.016223703518034,-0.6570200019397111,0.521957455126403,-1.1024463656045638,-0.7809309146024588,0.08858693183761565,-0.342936488179596,0.0162792350240328,-0.5417268690829292,0.7011115056161948
E01003473,-1.834501311293892,-0.1604259357222808,0.1162880773446392,1.0918522984735062,1.2256099776916858,-0.6570200019397111,-0.4520657161208735,-0.5547437098803291,1.2053040551047154,0.12696940453380917,0.29701621768261316,0.2213303518693746,-0.9124820955753744,-1.2100413472983162
E01003516,1.3573509011350486,0.7495353253058757,-0.0879396904670779,0.2718857048204717,0.7107582807336151,-0.6570200019397111,0.0698917390055297,0.8898955693660743,-0.8918066916966183,-0.023909544724335593,-0.045920270496982905,-0.072861074336342,-0.8507251590150836,0.5659588632956843
E01004402,1.0483549266251964,0.2796366917622408,-0.1854204319104792,0.105756279748967,0.2917380438472711,-0.6570200019397111,-1.339839507318773,-0.5254070068558485,-0.6887901559247922,-0.019609375068298924,0.8803013556974818,-0.4076423941113979,-1.080039236534612,-0.2300387600024925
E01002194,-1.8171709881411915,-0.8425695002762764,-1.07777159036156,-0.9486118186152632,-1.1642713888564094,-0.6570200019397111,1.1866725048172926,-0.6428348040087382,1.1939176861533123,1.022386868384744,-0.7796675714168594,-1.6489319713172568,-0.244070437918825,-1.5392975692884727
E01001989,-0.4683556244693058,-0.3955064400930466,0.0668992106533611,-0.9486118186152632,0.2312624038296218,-0.6570200019397111,1.35173597353248,-0.177892046422653,0.3077190132972979,-0.06346138188181047,-0.8881175719522874,0.4903808729583805,0.8489732503518007,-0.4506879635112861
E01001664,0.2488247698286212,0.709874536278293,1.036194208656125,1.9074581508911088,1.7687512311004066,1.884839833493945,0.9368467143294412,0.0669510252349002,0.46899483773294753,1.9764970892072882,1.7658060050460533,1.4146186997093668,0.5469887746167231,0.1822702736383404
E01001401,-0.7838658339230811,0.2635373431252416,-0.2250451579624911,-0.9486118186152632,-1.1642713888564094,-0.6570200019397111,0.0490729231315418,-0.0375565133070237,0.515015531724616,0.2134804965653579,-0.03224189205107289,-1.0694124583609337,-1.0649188622231958,-1.2306352046345803
E01004369,-0.3434789696952365,1.1144630397266233,0.9501780932775664,1.2047621934685788,1.2843004031235643,-0.6570200019397111,0.5115480471894093,0.5158187111367905,0.22567255333541425,1.1447386438428728,-0.3360972989566411,0.1965976386460748,-1.588727356187118,-0.5485209811756729
E01002272,-1.2425663020498785,-0.372479154678305,-0.4250646450321369,0.7402416356671789,0.7558840979170391,0.7734447040752729,1.3651194980229004,0.7596605799454043,-0.9610563257828744,-0.31465054810287785,1.0558444461757073,0.0701347035785926,-1.3125932502224589,-0.8384398839678567
E01002513,-0.8160682783628509,-1.5571642892629571,-1.7057495426448963,-0.9486118186152632,-0.6381445839228288,0.2004724690655314,0.1055811376466511,-0.9091955307384112,-0.1635992226894581,1.6180941757505285,0.021166111350771875,-0.5567133651948114,-1.2068015764522135,-0.4765590664285078
E01003345,-0.2414635922715382,0.6138746601677575,0.7922932524654211,0.5614491312562147,0.642185260006578,1.0294346440934192,1.4052700714941622,0.1599988527794945,-0.24857098717156945,0.44483235829687146,1.4466336959037267,0.0043804846142086,-0.1046413870228561,-0.4092754815844389
E01002383,-1.395835188371989,-0.4576950750460912,-0.5191784506415916,-0.9486118186152632,-1.1642713888564094,-0.6570200019397111,1.4075006589092325,-0.3324880281859175,0.9170916381716813,0.4924988142489749,-0.9247560856466885,-0.941720261202274,-1.1080976391635562,-0.8081984701383575
E01004422,0.6969549699332044,-1.9058953171830904,-0.616456667147714,0.223928238597525,0.1250771146955452,0.109811979805418,1.5086206217257436,-1.5150166413911614,0.07653400508359075,-0.13804205564608835,0.1656646172469845,1.0030277365924762,1.1537304486168265,0.2569612160227369
E01001187,0.1819616790834503,0.5671714510349966,-0.0417117777870488,-0.9486118186152632,-1.1642713888564094,-0.6570200019397111,-0.3613551612413562,0.7481222280679364,-0.1195524627443616,0.0395682853842481,0.23741756873972047,-0.5974523018284876,-0.3781448635472306,-0.0485491697233865
E01003567,1.0194710547040289,1.215305621854648,1.1460010088834451,1.317393670633748,1.110029881776195,-0.6570200019397111,-0.4624751240578674,0.4590859759944463,-0.6698128743391204,1.50973447564294,0.30385540690556817,0.514323761228478,-0.8336456766020026,0.5488400176805787
E01001018,-1.6737349092816058,-2.0791501805418204,-1.9013035629808817,0.1051107170769554,-0.0070630003263987,-0.0524140818071437,1.3978347801105953,-1.5103314774726593,0.08772727845855832,-0.1998473808858907,-0.07326622651758746,-0.8634730597781447,-1.0921437130110692,-1.1672088511545984
E01000830,-2.014072957578257,-1.454352772275446,-1.5662713590682469,-0.9486118186152632,-1.1642713888564094,-0.6570200019397111,1.3071242252310782,-1.1801210184798392,1.3232862184947862,1.4857835223707296,-0.8588067609967663,-1.1637987746858196,-1.2235881718323125,-1.9227567182994292
E01003168,1.3749270444743125,0.0343651317033082,-0.5447859741862018,0.4246735077931111,0.6037420333667333,0.8442719920748324,-0.8305220475444338,-0.3336583815551674,1.1608123947958895,-0.23135617065414157,-0.7011865035424077,-0.5110473544371413,-0.8890794596129938,0.4976180953317612
E01001805,0.7222744491492066,0.0058263052378673,0.3384658375245217,1.1758774909705272,1.0510730811350022,1.0445963847122235,-0.2706446063618388,-0.5303074610684233,0.7544852783512739,0.3979943598075727,-0.28271437734743965,0.4517495901893996,0.8032727891804782,-0.1986393684466723
E01000041,1.0725682150016644,0.5641558857287514,-0.4703919258877989,-0.9486118186152632,-1.1642713888564094,-0.6570200019397111,1.139086639962464,-0.6465869034936255,-0.7046987707008661,0.446219340278361,-0.7484027063976371,-1.0018902203506506,-1.1227631387509227,-0.1090181994640626
E01000470,1.2967562251472375,-1.0633627797251095,-1.3081484880105,-0.9486118186152632,-0.4747772176281293,0.4667320195998274,-1.720154661588225,-1.163416537365817,0.6052376518916187,1.2409251162304473,-0.80285125922713,0.3895662311719037,0.8033046254269682,1.5960756716123323
E01000957,0.6567633694301328,0.4685622730311912,0.5906909136242107,0.3492378267354268,0.6748514851817973,1.2430957663982616,-0.2185975666768698,0.5620546713176046,0.8164197640640556,0.20629161094648304,-0.27173770968097855,0.4844781063463073,0.7449992319026187,0.1866654118505496
E01003745,-1.7731691747463911,-1.3972006512415265,-1.686849574007914,-0.9486118186152632,-1.1642713888564094,0.2753731782171307,-0.9963290453979776,-0.4844564580736715,-0.4882832311665605,1.6001654421300293,-0.274362295781281,-1.4708748642163914,-0.6249214882015899,-1.4031312253230297
E01001252,0.6060015009048468,0.6092058528477017,0.7814039870036724,1.5494628016007808,1.6963126276640397,2.097780845893002,1.0431713811144494,1.2325924266609656,1.2712583411805984,1.2107564108847304,2.188344942285641,0.8091561126417917,0.7519483911117109,1.0923940602455506
E01001328,1.0965356831915696,-0.7029007245704879,-1.2854873105045774,0.3049122399619425,0.4883252103483708,-0.6570200019397111,1.0758866632021449,-0.4342929506525094,-0.7204458766974875,-0.3919608152886038,-0.7068790575439825,0.5585215792835769,-0.0564305803096507,1.0635275270574318
E01002489,-0.3234446244903415,-0.1756613205497542,-0.0305013270270758,0.2661174711072601,0.2524711867300084,-0.6570200019397111,1.5138253256942404,0.1083270860280948,0.21250958781003332,-0.008116936013860935,-0.9946135184240137,1.1758515309249624,0.566251396585949,0.8934296418117931
E01000042,1.4116771623655,0.0158162151777393,-1.1257479142098514,-0.9486118186152632,-1.1642713888564094,-0.6570200019397111,0.9063620196568168,-0.0689102013391646,-0.9275001319556266,1.0678977762009465,-0.5954979759130022,-0.7582281297599693,-0.4242919579966815,0.8203920957729725
E01001020,-1.3728510009283366,-0.7798563064512709,-0.7068193747106081,0.3259788349272861,-0.4846881047294812,-0.6570200019397111,1.5316700250148012,-0.674580198158822,0.90199056729287,-0.23040815627219688,-1.006337842806222,-0.758991894052945,-1.2494815271621258,-0.2911294112717386
E01001029,-0.4432819654398666,-1.1442403495014215,-1.011401459834582,0.3158912464682274,0.4559460656268053,-0.6570200019397111,0.9286678938075178,-1.3261294918849118,0.2912451177931401,-0.3194928678269309,-0.6101533813907628,-0.5596711777695018,0.9063706568687948,-0.266340461239376
E01003736,0.5610164067637944,1.279427576386062,0.1458915299144446,-0.9486118186152632,-1.1642713888564094,-0.6570200019397111,0.0394070443329051,0.4501005573686127,-0.36859900066015794,-0.13839442951270436,-0.02589121634404359,-0.8807210949113123,-0.915826798239166,-0.5043864427293488
E01001474,-0.6951247465737916,-0.6535566983048419,-1.0188283575393515,-0.9486118186152632,-1.1642713888564094,-0.6570200019397111,0.626051534496341,-0.7332765832975737,0.4567108623422538,0.9664726211022059,-0.41132838040914504,-0.7479957084534596,-0.2560096353014898,-1.3170946883804184
E01001624,0.5864587960730782,-0.1268542910058899,-0.3677774653957629,-0.9486118186152632,-1.1642713888564094,-0.6570200019397111,-1.4402159409969275,0.2613626463746515,-0.3853151593334945,0.3488780502947867,0.9462506803474041,-0.9716125533663448,-0.4882574065993833,0.4148048106478644
E01000044,0.7992161675434657,0.4773019906249882,-0.1747335084729399,-0.9486118186152632,-0.1803407459389632,-0.6570200019397111,0.6505879960621122,-0.930963687571288,-0.5251010079496563,0.165754271245541,-0.4274493264346817,-0.502396528921278,-0.1697273924056602,0.2197678942390829
E01001546,0.7675053634768222,-0.0874747852295689,-1.0396190363526234,-0.9486118186152632,-1.1642713888564094,-0.6570200019397111,-0.2208281540919399,-1.0720271223151794,-0.5042663754002804,0.9861949047415095,0.14508851422982919,-0.4316841947610985,-0.0886517913600097,0.4038954168061083
E01003556,1.4357675406486867,0.776377500856599,0.4159394011738676,1.5169582546962703,1.5772758061778882,1.113784086973295,0.0825317343575935,-0.115427521085417,1.5991350393672905,0.6309627080641219,0.0919225323977948,1.5094582413080175,0.9819506257923888,1.6280297817312577
E01000182,-1.441680653166013,-0.0962794763626049,0.3536122235869698,0.8786768901263136,1.0624235908633313,-0.6570200019397111,1.470700635669552,-0.019079535018359,0.9472130255395778,0.3107108889320493,-0.9662797345003434,0.4893331635250815,0.5100927435456847,-0.5445825021740368
E01001410,1.5192234939868687,0.7428619298372131,-0.3150376473010795,-0.9486118186152632,-1.1642713888564094,-0.6570200019397111,-1.317533633168072,-0.2273030943962715,-0.9981602229661072,0.29884843553855095,0.8656459502197213,-0.575944713657369,-0.2986984147922034,0.7756594481352828
E01004289,1.1425040580788746,1.1244902726035304,0.7104969641928353,0.4008450339070979,0.7249634958842288,1.31865125809798,0.5494680332456009,0.8311468553003042,1.5065644135677554,0.2847991797027672,0.7245567133239342,-0.1429290983672063,-0.3798403536026585,0.5549353278915652
E01003335,1.100100075896735,0.643272051557203,0.0447368506355371,-0.9486118186152632,-1.1642713888564094,-0.6570200019397111,-1.5733076567627768,0.2225258344459685,-0.7227877539995492,-0.04243790524049624,1.033694599698042,-0.2512533024038302,0.1936557407342002,0.6371313858101999
E01004677,0.3976688927925955,1.5359738162836016,1.5162624893547376,0.6248736879192779,0.5899045084503259,-0.6570200019397111,0.202983454771379,0.7024059062569333,-0.26127641671395385,0.9474725335767598,-0.1333641898476207,-0.1841544816324499,0.1750440307866225,-0.4599934954896066
E01003672,-0.1843103988956109,0.2225077276323798,0.4851576984272028,1.3110812776865943,0.8060664352677784,0.9256897903805708,1.1472654604843875,-0.129908088841572,-0.17061425451863743,0.6360811751334244,1.0620119236266616,-0.0670635871678994,0.6272299448774629,-0.529453664332613
E01002824,-1.1227289611003537,0.0217336992895528,0.3132804678726535,0.2186838999491117,0.7492064002470068,-0.6570200019397111,-0.1360658323192761,-0.5153987821647296,0.7376553841999243,0.06850939449227426,0.0893979734143392,0.3798134129181793,1.1455594688049142,-1.0109822675709563
E01003694,-0.3005833471399706,-0.1915966616805651,-0.9114701309051444,-0.9486118186152632,-1.1642713888564094,-0.6570200019397111,-0.4572704200893706,-0.5827483113447468,0.19748927132094835,0.864631338491421,0.3004358122940908,-0.7178626733988275,-0.907014007374468,-0.0017232091126129
E01001724,0.5857213355133888,1.525875850723232,1.8937726237001915,1.6114258732705369,1.583641662085119,2.1008897029205427,0.1710117018220409,0.7038996101405111,1.230535922560947,3.051674203921917,0.3592767234368439,0.3977580429432804,0.5903542078642348,-0.0121229525336012
E01001344,-0.0532882394574634,-0.7182232174956507,-0.4544017227355688,-0.305285244461235,-1.1642713888564094,-0.6570200019397111,-0.1286305409357091,-0.1887916783229482,0.03501143919170639,0.13872214100893446,0.08451283825508568,-0.5190605133378562,0.4183181719685409,0.5452779689722344
E01001435,0.6519698757921518,0.2772506931210771,-0.8054562754177973,-0.9486118186152632,-1.1642713888564094,-0.6570200019397111,-1.2126960246597775,0.057186611156651,-0.4283572490575928,0.764065342239153,0.796765544474247,-0.8624523869123174,0.1449147066620108,-0.4927405070338043
E01002034,1.6422564973617146,0.1366030241590879,0.7575936972302705,1.0610185949820956,1.0443507977402606,1.1048349820709429,1.3398395073187728,-0.071603296066128,1.8144224278185195,0.8038210002025528,1.4803015580464773,1.8432902507384676,2.548668821501159,2.4448536400638305
E01000606,0.0860918063238303,-0.0007802680117464,-0.9829451072136738,-0.9486118186152632,0.0007856054492723,-0.6570200019397111,-0.7650914833690442,-1.0419935766416903,-0.05656403875787622,0.932433345752938,0.5026804078871858,-0.7897906342455769,-1.6765103351629784,-0.6906252396652275
E01003961,1.2783197111550029,1.0273062429421471,0.3504935507549309,1.303365027540409,1.1181421768355853,1.7487398671535783,-0.807472644255376,2.152648527070095,2.235448641865,0.4568210364324362,-1.412059604645295,1.1131773235453613,1.4797350305013677,0.9231002594801142
E01002135,-0.420912328462622,-0.7128679801128937,-0.4889810441158946,0.832010750626091,1.1037228668930334,0.3608852865768908,0.5345974504784669,-0.6820082561752214,-0.1519010662809797,-0.40683748555679516,0.19292835411919668,-0.0637806926112937,0.1057389244747996,0.0239338711501192
E01000931,1.1402916763998063,0.7612691686272702,1.0330598337975063,1.879362373236725,1.648334767604936,1.9217258336220957,-0.3375622288139418,0.4193024382424618,2.191327972401755,1.9414937809412183,-0.6487020555668049,2.2755968292889857,2.075897609436007,1.798752865134037
E01000813,-2.056968580133523,-1.5508559164063809,-1.0307447121235318,-0.9486118186152632,-0.1209934154854468,-0.6570200019397111,1.621637050755962,-1.1449133251145729,1.351469500509252,0.9777766158955694,-1.0654479782331896,0.6691271587958295,-1.1641340780641574,-1.3946570751794265
E01000172,-1.377275764286473,-1.291851090983553,-1.161333618478797,-0.9486118186152632,-1.1642713888564094,-0.6570200019397111,1.640968808353236,-0.73456078157038,0.9048977253230156,1.101654795844216,-1.0781493296472486,-1.00262427331463,-0.6676593461726287,-1.225552820750864
E01000003,0.0506936994587398,1.7061118555371169,1.8584909774401253,1.1083991525306494,1.3196072890096835,1.7946918769162532,-1.4246018290914368,-0.3714640443251338,0.09097957062943418,2.059949824380493,-2.556721330510438,-2.653773197998056,-3.838763787642781,-5.408985312573061
E01003840,-0.4652828721372666,0.2054917166634449,-0.252900196015816,0.6556525077612674,0.7628103456044066,-0.6570200019397111,-0.7323762012813493,0.3843080312604739,0.30570015355414126,-0.16581464773108584,0.48118581318647036,-0.646184246929488,0.1010065066570914,-0.782870951776754
E01002218,-0.2563357135586075,-0.5070631877137335,-1.1775193665759067,-0.9486118186152632,-0.4440006467673387,-0.6570200019397111,-0.9331290686376584,-0.5258405019423564,0.16841769101949353,1.1170087877822636,0.6130844624863152,0.8757421638778059,-0.3160338690906528,0.1164653793125095
E01000888,-0.4951500248046868,0.9019404183553632,0.8267966142962723,0.4591108644368909,0.8938902606561284,-0.6570200019397111,-1.0141737447185384,0.1757016412113541,0.3253234702576233,0.37959130830305626,0.6663324357221782,0.0286586418129403,0.3357164390376844,-0.0956224172727333
E01002880,1.488741790853041,1.0788437123119905,1.1088198930531687,-0.9486118186152632,0.6243605361193515,1.7010401175992311,-1.208978378967994,0.3161079378187732,2.532409510987547,-1.0518396552659481,-2.056520723934644,0.5545066004246534,-0.1922022994990798,1.2383922103387257
E01002591,0.2906142015443531,-0.4283403894572729,-1.0794632900871717,-0.9486118186152632,-1.1642713888564094,-0.6570200019397111,-1.2967148172940843,-0.3387747579500557,-0.19093934326237846,1.0239916347380074,0.8519675717738114,-1.0074717436726903,0.0988154423213074,0.1487371039928345
E01003352,0.9532225144252656,0.3483482716086292,-0.4619574726065891,0.7463039755220665,0.558404740566311,-0.6570200019397111,0.5613644994593081,-0.6479164166660581,-0.6262862582766643,-0.3447606983284236,-0.36882770452363955,-0.290334996232664,0.1948266949711521,0.5767974134584479
E01001672,0.7148998435523127,-0.5493809035557279,-1.0094377471362814,-0.9486118186152632,-0.4796992275481353,-0.6570200019397111,-1.6959899645916323,-0.7086917034859973,-0.46970349659743965,0.9575645770898421,1.1142993298257249,-0.6965461013755274,-0.7217160342453676,0.0535899924993818
E01001873,0.377511637494419,1.5055244999210842,1.262099069099101,1.6853131557914436,1.409225847048314,1.7340957882310537,-1.57256412762442,2.831840503418829,0.6546413405872804,2.127032165064849,-2.726976830436748,-0.1908961280150549,0.2082370560996328,-0.0745619418136781
E01002014,0.2710714967125844,0.3492916154928467,0.7965329774737793,1.464889508125364,1.4021289782278357,2.047432823415112,1.4602912277325584,0.6797272463678232,0.5550006798616068,1.166832801577196,2.989848191404792,0.4641180130652992,0.9999712644947892,0.8717835310631026
E01001092,0.1020701184504336,-1.2065365147539528,-0.8130897540815964,-0.9486118186152632,-1.1642713888564094,-0.6570200019397111,1.562154719687426,-0.7263885025815277,-0.06706210942229042,0.7713065503167803,-1.0263668969591615,-0.3644230880148018,0.7370919358280716,0.0936652993693824
E01001605,-1.5666802180333634,-1.7090635361744286,-1.9338140684788396,-0.9486118186152632,-1.1642713888564094,-0.6570200019397111,0.0654305641753894,-1.5256584106954876,1.0293402398911875,1.8344388803634932,-0.04298918940143073,-1.314777763508996,-0.7474180508225445,-1.6498633626437873
E01002879,1.4158561055370733,1.425853788043585,0.7884030613693427,0.5145259932309845,0.8341770650354605,-0.6570200019397111,-0.7383244343882029,0.4170357260496828,-0.9302457812063197,0.40565386821740984,0.4850939213138732,0.4678439189818501,-0.6288011848524372,-0.0406338272405872
E01003398,-0.4151355540783885,0.1798571521599675,-0.2655881023151208,-0.9486118186152632,-0.258084064308001,-0.6570200019397111,0.7323762012813491,0.2355573273526704,0.27275236254582585,0.25194001273972333,-0.4811858131864702,0.2495256597904613,0.3390281745424043,-0.1611065455795093
E01004544,-0.827867647317881,0.8405991437891338,0.9674211536201434,0.782855293540455,-1.1642713888564094,1.3352792135104363,-1.292997171602301,-0.554061758408673,-1.1054344610013553,0.757350771194543,-1.726512246368339,-0.4746433582539103,-0.2233455281075408,-1.4382652234349629
E01000060,1.2109649800367055,-0.9580814678358416,-0.6706613944522047,-0.0677651178871247,-0.3730170137843219,0.2139704074701962,-1.0558113764665138,-0.8815427130096612,0.25911067021059186,0.0454474484573971,-0.22591239043420866,1.3688636721968732,0.5885859007352396,0.9708164493012926
E01001894,0.9234782718511272,0.1484466869177726,1.1833845819987785,1.823565711902908,1.6678472799013426,2.116058228542435,-0.6037456603456404,1.2821180952190048,1.9541337960307255,2.157979547727528,-1.2775609725211783,1.96927563099238,2.155134752401115,2.128659077208715
E01002011,0.2597637681306805,-1.474794392210735,-1.0946269478078368,0.3907322149286781,0.648193800496312,0.5292114633240866,1.5249782627695911,-1.365113032221953,0.13746996385101615,-0.42770601183757456,0.8070359779777189,0.4969653065608809,0.6975701710571612,-0.1175495471656268
E01003989,0.8309269716101093,0.1729847600190301,0.4663733665667071,0.5289887863887819,0.7029889442013973,-0.6570200019397111,0.2059575713248058,-0.1186600235584255,-0.5459356404990323,0.24670628118417287,-0.1353182439113221,0.8190459861786311,0.4956629026126883,0.7541456247446443
E01002686,1.2767218799423423,-2.017914230337456,-1.730077061401752,-0.3089373456698964,-0.1502519625479766,-0.6570200019397111,1.1941077962008595,-1.3522044649136251,-0.8388318120361894,0.5344854151538316,-0.7845527065761129,0.63049120812672,0.3385060956671279,1.1522703812645596
E01002945,-1.272064724437454,-0.310586159425698,-0.5181337229715631,-0.9486118186152632,-0.3280504225207954,-0.6570200019397111,0.5911056649935762,1.0293060368400146,0.8357719677173342,0.4915077732339515,-0.38836824516065366,-1.1690925964648866,-1.256219382720962,-1.016712857944797
E01003749,-1.3866169313758718,0.0913994508146113,-0.2726205112139571,-0.9486118186152632,-1.1642713888564094,-0.6570200019397111,-0.7873973575197452,-0.5491779753080174,0.9110350589422116,0.2586110389344946,0.5173358133649464,-1.3551968616756942,-1.8744861294342168,-1.294637627794392
E01003806,-1.4399599118600708,-4.232336781899864,-3.79418607997694,-0.8246132694538739,-1.0528849302984835,-0.6570200019397111,0.9732796421089198,-1.866761070823178,0.9460824640834099,3.128736188326162,-0.6394641923462838,-0.5594093256114923,0.8974692320766886,-2.103102495627786
E01000861,1.0886694372215495,0.5630917471383496,1.631486787822559,2.0010161194213807,1.536701446318383,2.1349910821654032,0.0431246900246884,0.3222349753472408,2.3242995398940365,3.2646313610559505,0.09207082862385706,2.477563700533159,2.1469798020021864,1.9071352472478085
E01004660,-1.3508500942309367,1.2869354274743017,2.015662061586665,2.480312537689244,1.8762831505266944,2.200608364791548,0.8543149799718478,2.8576147587664824,-2.97269201694405,4.999471883097954,1.8800126910927721,2.356636200756693,1.4824285259689076,0.3525308020905844
E01001445,0.8890634457322891,-1.908987656607971,-0.8982893427321755,-0.6429081186401232,-0.5791356943264927,-0.2094547367004796,0.918258485870524,-1.4898132246923437,-0.18621854993587775,0.5775175113304158,-0.19233358938099168,-0.0921907596666992,0.8584904040108785,0.847473804708222
E01000923,0.047252216846856,1.015920484184274,0.9896285752829608,0.8867624080468214,0.6865596428509595,1.4808672806507728,-0.4639621823345808,0.8413074404247072,0.06997426186672429,0.8775654184898634,-0.6870664152786087,-0.1301537003793326,0.1849647486503653,-0.443206893570601
E01003483,1.2510336704464955,-0.2313826875959252,-0.9367125548789484,-0.9486118186152632,-0.3246985252849911,-0.6570200019397111,-0.8721596792924089,-0.4739388578758443,-0.8219541445834003,0.8885766002034688,0.5730263541804363,-0.2192387876262841,-0.1034450206643375,0.2410312533671749
E01001683,0.3879589954233519,0.458143958671417,0.3055833254018286,1.00469189660374,0.8717036435694955,-0.6570200019397111,1.4305500621982905,0.8402031237039361,-0.254896819925579,0.30701709076844097,-0.9399000046403747,0.8088197412757072,-0.523229739966269,0.8511569982134641
E01001669,0.7616056789993071,-0.649297381539312,-1.2416404809453916,-0.9486118186152632,-1.1642713888564094,-0.6570200019397111,0.1851387554508179,-0.4380681469640514,-0.5003901646934198,1.177834834695938,-0.12163986546541207,-0.299320749429729,0.2586399500035928,0.5804417499783419
E01000804,-1.392270795666824,-1.7533976989859967,-0.597958106991571,-0.9486118186152632,-0.6913940197828123,-0.6570200019397111,-1.1978254418926435,-1.2449630905786375,0.9147497608696199,0.5672301273290143,0.78699527415574,-0.2373082495968629,2.0961059492012284,-0.512862713284866
E01002748,1.3562447102955146,0.4829403058030707,0.204653752894511,1.493361759916217,0.9757727261558512,1.6111865100908958,0.8855432037828294,-1.0971015138875515,2.1851631816102683,0.30562208859600554,1.4267752640375677,2.051057075118147,0.540822055130275,1.296927146320426
E01002385,-0.5977799526947929,-5.322676817408126,-4.273037167431854,-0.8432638109887989,-1.028122895753225,-0.5763720227326933,1.728705246679327,-1.8720578157772587,0.34454364048375147,3.603297606305367,-0.9963773397371831,0.3980689537128174,-0.3750502850302132,-0.4587588871728241
E01001968,-0.9602418177821256,0.4826425137730613,0.4377472023758811,-0.9486118186152632,-0.0950594592075455,-0.6570200019397111,1.5197735588010943,-0.4455777452193006,0.6308980809818039,-0.4152521697395283,-0.9985216265514166,-0.8856553299694655,-0.6255996904408662,-1.3465757244019054
E01001135,-1.348391892365305,-1.051515627393728,-0.7838292758874951,0.7311543076421563,0.7474720098230606,-0.6570200019397111,1.3911430178653852,-0.1501877867696766,0.8859204437373435,-0.5731001515211741,-0.9140087882963309,0.3422267896514913,0.0492695002096727,-0.7604825403371368
E01003819,0.8219545348005551,-2.1171759772934444,-2.118190911179646,-0.0467753559552121,-0.1820221651472361,-0.6570200019397111,-0.7539385462936937,-1.4150935325857692,-0.5400405700490151,0.099079133851523,0.49535270514830565,-0.2037696772919359,-0.632498173357948,-0.0925616136295238
E01001380,-0.7721893750613325,0.6648685585383021,0.744757641754443,-0.9486118186152632,0.1326138960686213,0.9392229988478452,0.3241787043235208,0.7537876403928588,-0.7252580205235482,-0.7064859009722969,0.3044760948373461,-0.915150705416469,-1.1658889222249478,-1.1873069341219715
E01001523,-1.318033099324759,-1.1009208145451848,-1.1322007621807066,0.2955384643300562,-0.609475845716225,0.247197378222149,1.6052794097121146,-1.100097516592537,-0.3258143265630937,-0.3346088745682052,0.39682086139483363,-1.100255605384365,0.0016959804240657,-1.0218492433118471
E01000841,-1.921890387617084,-0.6332823096830152,-0.455100988123004,1.1187020100658855,1.0841012011154898,-0.6570200019397111,0.8922349660280394,0.4338750692188587,1.2627204262000886,-0.5091223901961752,-0.5862162191104205,-0.4710696554388698,-0.2948193195964717,-1.902715552859903
E01003422,-1.2608799059488316,-0.6307449092737284,-0.3084287053027068,0.4453880516317183,0.7679362961890109,0.5967196174973025,0.3918398559139807,1.0193762471761854,-0.7523917751878215,-0.137370460122066,0.23381852894118868,-0.2479912019822761,-0.4880244689809092,-0.5824358052267122
E01003454,-1.799471934708646,0.1212858547045522,0.374242008919963,-0.9486118186152632,-1.1642713888564094,-0.6570200019397111,-1.4156794794311562,0.0427786364243157,1.1822890540327304,-0.3550103926837957,0.9301297343218675,-0.7450782493294766,-2.153371484365725,-1.5064309233443285
E01002217,1.0466341853192545,0.8325503165703482,0.1387092834380647,-0.9486118186152632,-0.1103914712383103,-0.6570200019397111,-0.8483667468649946,1.758461890436844,-0.6876595944686246,-0.13158126562100259,0.5573939216708251,-0.8607186780341921,-1.815503548453136,-0.2414784673774737
E01003995,1.1636445941233036,1.3265361728540173,1.028686640216786,0.6615538021263417,0.6239186384692343,-0.6570200019397111,-1.7049123142519127,0.024576489775322,-0.7645377734880272,0.680531558031987,1.120161492016829,0.1356564196289732,0.1833591722402867,0.5803909478593675
E01033591,0.9258135636234768,0.5177672468908117,0.4362111718846269,-0.9486118186152632,0.1524639464914316,0.6869040750956331,1.0141737447185384,-0.0863502821455591,0.6359451096317764,-0.4137950730617711,0.6966400781021623,0.8356086742086866,0.860693406443205,1.124401356553085
E01002345,0.9151203855079808,-0.8167296439507274,-0.3798346532269872,1.1905973791881368,1.1625098468309638,0.3331891054816163,-0.8491102760033513,-0.4491816514220039,0.30490814265539595,-0.4522301426568857,-0.28291429331680495,1.406891747207518,0.8197098882597124,1.1726292123525712
E01001008,0.9202826094258064,0.1732611938373513,-0.7257495568369015,-0.9486118186152632,-1.1642713888564094,-0.6570200019397111,0.8483667468649944,0.3450174716407756,-0.6046440818300257,0.6884546069702744,-0.557393921670825,-0.1241987310493937,-0.2141585599199929,0.9036694705360006
E01004751,-1.073319103601165,1.2596847779636455,1.5121607654862128,0.5176015378848816,0.9501207974993154,1.4895885273409486,-1.530926495876445,3.085230536297607,-1.5988038229001662,0.7826967377448436,-2.2804505444598324,0.5677738687401489,-0.2599049472060733,-0.1431577722097923
E01000414,-0.6152331859407749,-0.2900636309728582,0.3096514716379351,1.2439121052056312,1.2470600745265747,1.074763031030881,1.5829735355614136,0.4900112173128573,-0.6612298837124929,0.3851792139651657,1.7013214351216552,1.1503078471141397,0.2882947101443225,0.6637745305810944
E01002771,0.729771964839382,0.617446847962297,0.6667929793674827,1.2996631795171063,1.4693477180482128,1.2076659157386946,-0.1732422892371111,0.4439587287811772,0.8813207281981787,0.8666062836444268,-0.2092188078762036,0.2096217737186006,0.6354351051015892,0.1100887305243401
E01032576,-1.527840628556389,-0.0880159686520219,-0.4376059651075858,-0.9486118186152632,-1.1642713888564094,-0.6570200019397111,-1.2074913206912803,0.6744205661861854,1.003821852737688,0.4151181903975944,0.7933459498627693,-1.4644197143613154,-1.1952419029183674,-1.6004107274740558
E01003144,-0.1636615032243081,-1.308788275460895,-0.6369332857161589,-0.0292145917779908,-0.3383875232952642,0.2606645452821645,-1.5643853071024962,-0.7823849982552863,-0.04266075131815977,0.01860774593201196,-0.4077797847219714,1.0789498443734336,0.3253590456648775,0.1552899783684019
E01000735,0.9004940844074746,-1.3244357184388755,-1.374730728687092,-0.3264316431028821,-0.1704589952274775,-0.6570200019397111,1.0877831294158515,-1.0891739015809907,-0.5916426250840974,0.4487556105893498,-0.7146952737987878,-0.832201143876048,0.1080855335937067,1.0020849175347026
E01000448,-2.065449376569951,-1.3704051239393786,-1.2934268563647175,-0.9486118186152632,-1.1642713888564094,-0.6570200019397111,1.481110043606546,-1.190073579551882,1.3570415534003641,1.2269600024619576,-0.9731189237232986,-1.390109995756394,-1.015478219563696,-1.6957490635535173
E01000306,-0.562750576109547,0.717983704652331,0.1776859239916251,-0.9486118186152632,-1.1642713888564094,-0.6570200019397111,-1.223848961735128,-0.8413309283164563,0.36973838460706815,-0.16855496750002893,0.8040932472131272,-1.0574605506156,-2.013924538338374,-1.669102818227692
E01032719,0.6331646315200725,2.0099960187154142,1.8527888293370367,2.403361603935503,1.2040654031502462,2.9638378284454907,-1.5673594236559232,1.639879095467957,1.876597286532941,4.452921532629243,-4.645399150601947,1.1064595711953786,0.4103034312726104,0.5692152317499467
E01000158,0.0886729182827431,-0.5317671158029615,-0.2967856863216881,-0.9486118186152632,-1.1642713888564094,-0.6570200019397111,0.730145613866279,-1.0332009708479284,-0.058259880942127716,0.2815344096405956,-0.47972027263869416,-0.8320109459655297,-0.5510079302190645,0.4039582932865906
E01003833,-0.2570731741182969,-0.0794418284364516,-0.2726206365152529,-0.9486118186152632,0.2792868156310667,0.8685154220023995,-0.9665878798637098,0.012758102721498,-0.22327201630484894,0.25861115779678473,-0.8394964803822346,0.5640164429165296,0.1051219806282911,0.2088725103889499
E01002138,-0.1543203361349092,0.4663327739164074,-0.235642570812071,-0.9486118186152632,-0.0899485808596599,-0.6570200019397111,-0.3278963500153047,5.605623207827645,0.10139154754669491,0.2235333276412146,0.21543446052307968,-1.3577103634938656,-1.5566192813054924,-0.8311936539843215
E01003942,0.9765754321487627,0.9232173375911904,0.7745722643442571,1.0866738812692356,0.3210347325423933,1.2268116853998572,-1.6759146778560012,2.545692040407612,1.1980741518345175,0.8417074488184741,-2.0560317105268795,0.8273956110419567,0.6440418017123241,0.1828954178622276
E01001215,0.9087290606573394,0.5274600079146889,0.362771805203422,0.5020500148080118,-0.1791102540059696,0.9486162210006462,-1.1777501551570124,-0.0688841830368851,0.8620351274342323,0.1821295901743072,-1.1172329014679698,0.484355264316907,-0.0387755423751391,1.048720171661976
E01002156,-1.6100674809617554,-0.9092980905131852,-1.2034623492622232,-0.9486118186152632,-1.1642713888564094,-0.6570200019397111,-0.909336136210244,-1.5125760456729844,1.0578465394645584,1.1416186077686346,0.5974520299767039,-1.1986839244923528,-0.867676419423466,-1.542505429907962
E01002763,1.0699871030427517,0.6856638824762663,0.7254976271387447,1.51139413142403,1.320682211813588,1.9194841333555728,-0.8981831991348934,0.8572914482761413,2.053823267185656,1.0965128560195578,-1.7240483995859768,0.8786308383338562,1.6704790549260204,0.3474151001126023
E01004312,1.3450598918068923,1.3785293994246035,0.8689204857900472,0.6260114914295007,0.2501944678397497,-0.6570200019397111,-1.2788701179735236,-0.3758402063078391,-0.883731252723992,0.5439542092430738,0.840243247391603,0.2716623083806009,0.8959453004762065,0.5720762431828377
E01000353,-1.8422446471706304,-0.6726317603559382,-1.1355007050817822,-0.9486118186152632,-1.1642713888564094,-0.6570200019397111,0.9978161036746908,-0.1610747862957889,1.21039158165747,1.077149388886543,-0.6555851383718203,-1.6185218938145998,-1.9908544748788568,-0.97462030243211
E01003369,-0.8002128763295291,1.0780368653248549,0.8996039523637456,-0.9486118186152632,-1.1642713888564094,-0.6570200019397111,-1.661787624227224,1.2280777682531705,0.525755865558209,-0.8533749412852513,1.0918277080931587,-0.29975672794602,-1.238454801829324,-0.8946668132287351
E01003121,1.0530255101698958,1.5710624517967955,0.5928887447202282,-0.9486118186152632,-1.1642713888564094,1.7377373258629212,-0.0691482098671731,1.336637290752713,1.8298817341080729,-0.5624212703655762,-0.12016142530278945,-0.3987168575486319,-0.6673559087451901,-0.2159778567902802
E01000279,-1.2924677999221936,-4.594886417194712,-3.928201798238299,-0.9486118186152632,-1.0706519430008674,-0.5044370709655998,0.2446210865193539,-1.8010992812856286,0.6519686713101042,3.7263386517145802,-0.12339594438024544,-0.8488071408332412,1.4688547635416347,-0.8624463862830224
E01002546,0.0755215383016157,0.1797479458986773,-0.8721061190757489,-0.9486118186152632,-1.1642713888564094,-0.6570200019397111,1.2803571762502368,0.0668669600450391,-0.04961916124141752,0.8272901716419454,-0.8412202744234536,-0.9296171309527906,-0.3333756961871105,-0.4791246947782692
E01001316,1.0039843829505517,0.250657629767491,-0.5624917576425794,-0.9486118186152632,-1.1642713888564094,-0.6570200019397111,-1.2372324862255484,-0.1228265769025504,-0.6596378212336111,0.5335863291734232,0.8128864904997833,-0.5316861725448074,-0.3736281883016583,0.3002535356423373
E01001868,1.1974448697757336,1.3354347392365822,0.6626622350127662,0.7115353352799879,1.0204135192711898,1.7735171532524132,-1.3041501086776517,-0.0968245722516355,2.1236890166213658,0.47150759556719474,-2.3129325881558143,0.1213224934624373,-0.04106919032945,0.7348116135028797
E01000285,-0.4247225413543505,-0.1190289547348378,-0.5999923849027705,-0.9486118186152632,-1.1642713888564094,-0.6570200019397111,0.5137786346044795,-0.3689695624094082,0.2790512049444744,0.5691598673979261,-0.33756283950441723,-1.3895063714613212,-0.5428473211004916,-0.474339639172424
E01000727,-0.5083014047858141,-0.8281807047095292,-0.6076255822399635,0.660533447496769,0.7002052109268854,-0.6570200019397111,1.678888794409428,-0.2681882094076312,0.33396418995833344,-0.40135702062419465,-1.1030635189594415,1.2481126327586798,1.075453365661285,0.3969178394779672
E01000780,0.3757908961884771,-0.0530096795633663,-0.6298661344350751,-0.9486118186152632,-1.1642713888564094,-0.6570200019397111,-0.8758773249841924,-0.6610784154716012,-0.246902135342679,0.5974984592706225,0.575468921760063,-0.6217237429406925,-0.7122718479570511,0.2586607516700278
E01000257,0.5601560361108234,-1.28942901197998,-0.6521065259744578,-0.425730646501158,0.2107923960919673,-0.6570200019397111,-0.5264186299565435,-0.9475227310441644,-0.3680337199320741,0.2776217328907301,0.3458675692751483,1.6288918769388274,1.7191171142880497,0.5538461408286721
E01000331,0.7914728316667272,-1.2615790682789958,-1.7392556703527149,-0.0534133755377717,-1.1642713888564094,-0.6570200019397111,1.1695713346350884,-0.8804456590676044,-0.5200134813969017,0.09289951627674842,-0.7684317605505763,-0.4513804592481486,-0.7891120717189917,0.5096892515717216
E01000494,0.0667949216786247,-0.0057858954930788,-0.2701038184354011,-0.9486118186152632,-1.1642713888564094,-0.6570200019397111,-1.1465219313460313,1.0478740618281324,-0.043885599570852855,0.2562236744209327,0.7532878415568908,-0.4049787571971668,0.5246187783794815,-0.2955568316049445
E01002137,-1.903330963531568,-1.3748660868726994,-0.847025008562721,0.5103728745804261,0.210109869582429,0.1683417586648914,1.6208935216176052,-0.942094313944162,-0.32041008172224644,-0.43229858846166597,0.27286406603763685,0.0017571751572868,-0.9728179998765816,-0.9636441117383532
E01001002,0.3293308809280458,0.7290472141903793,0.1499793760654322,-0.9486118186152632,-1.1642713888564094,-0.6570200019397111,-0.116734074722002,-0.7833585735239458,-0.2163769760261514,-0.14227220868421214,0.07669662200028013,-0.9396712385512112,-2.242756838619747,-0.1932787614541986
E01003494,0.251160061600971,1.256259321439778,0.3752538859322785,-0.9486118186152632,0.384340184557484,-0.6570200019397111,-1.5941264726367643,-0.0383432461042543,-0.1650171841602479,-0.35597027117666324,1.0473729781439518,-0.5203779093459162,-1.9235614888417871,-0.2583980927534546
E01000848,-1.7338379448962906,0.8410275137194229,1.2213624006545618,1.1862207436499657,0.4081431318239132,1.3617996035557327,0.2773363686070487,1.558112236994296,-2.361139825989655,1.4488054151705616,0.3776765568206655,0.5302453285130663,0.5608112841062125,-0.7993233673759418
E01003885,-1.72277603650095,-1.1279141022987342,-0.6152560956787667,0.3789522214506473,0.1330751352463616,0.3397115148247956,0.4000186764359043,-0.6014516078176045,-0.585246857063595,-0.23315266421852063,0.13589095053025083,-0.396162413175536,-1.0605157306084894,-1.095185012115529
E01002015,0.6549197180309094,0.5374055858581539,0.2172750616622059,0.9245929090322774,0.9441992719950908,-0.6570200019397111,-0.9851761083226276,0.184286640563787,-0.4302953544110232,0.2008909813224264,0.6472804086010898,-0.2649406590265785,-0.5716659575902164,-0.0670251101398682
E01004531,0.5836318639276021,1.3118958463516903,0.9691967017265072,-0.9486118186152632,-1.1642713888564094,-0.6570200019397111,-0.9479996514047924,-0.8858483235481825,-0.3834578083697904,-0.9193914458206968,0.6228547328048222,-0.6832375613494718,-0.9873005634321584,-0.4445523250463423
E01001351,0.7740195984207451,0.2671326361046314,1.0712680989308716,1.4071722060094398,1.129118595637151,1.8953960975445836,1.5011853303421767,0.6801281832678655,1.467073726269706,1.5074586940000934,2.8453408168217384,0.8237055000097734,0.5875891776950594,2.0930956037974218
E01001902,-0.3589656414487136,1.4195156669987326,1.5468905149970835,0.5976604998665966,0.9131763361972975,-0.6570200019397111,-0.7494773714635534,1.0827337658815526,0.23584760644092348,0.924515358432054,0.49242162405275347,-0.1971488424876003,0.5374133863219681,-0.4021495195154677
E01004051,-1.1695577066406295,0.0703603775669193,0.2619502426592539,0.5732481120157213,-0.1196307370179218,1.5710578511095166,-1.1673407472200188,0.8222823806904545,-1.8374428173434019,0.15016248204647736,-1.83395984584006,0.7124963646488027,0.0968820647593701,-0.6512629214429447
E01000264,-0.2655539705547248,-0.698405811873288,0.0842398115519053,1.3662034110145556,1.3872522732337065,0.427345100757965,-0.2788234268837626,0.1606685998465586,-0.11348318830338654,0.11508871788543638,-0.11915382545532262,1.5450373754099236,1.6247134312338247,0.8421338895132277
E01002586,-0.245765445536393,-0.8268834182394491,-0.7345150135796148,-0.9486118186152632,-0.5366197549477859,-0.6570200019397111,0.6275385927730546,-0.3157047317109416,0.1614728135030349,0.6967696228319732,-0.4123054074409959,-1.0466459557978982,-0.805285812280393,-0.0313475459282832
E01000568,-0.5354645354010398,-1.446733502702719,1.4727528916759818,0.357992888693543,0.3037822112182129,-0.6570200019397111,1.695989964591632,-1.0471561978184487,0.35181091008783766,0.5272350620228533,-1.1142993298257247,1.099700842506153,0.1609491599243015,2.7303079827132137
E01000770,-1.7351899559223878,-1.745878443374303,-1.2432882800817804,0.2660494496329437,0.2017066590244133,0.4906242193232952,1.5807429481463435,-0.9400761629373016,-0.8513262175020445,-0.3307761626508468,0.7755507748851039,0.4456380752825393,0.7674374573014079,-0.4701992557534743
E01000324,-0.5991319637208901,-0.2413038630356699,-0.1651532416579861,0.2693556399477827,0.4536987887014381,0.6385033451579301,1.3896559595886715,0.3959182637583919,-0.3825477630268279,-0.04448495709623765,0.8872999788160201,-0.9519386096525816,0.3162633856582775,-0.5791411130018909
E01003087,1.4414214049396386,0.5826090505584343,0.2640797847591077,0.8641307724371396,1.0697497243138736,1.141744061630758,-1.19410779620086,2.895664627226936,1.6457343293972964,0.22819946838892133,-1.363365485259323,0.8459689393923293,-0.1400854529280346,0.6998430993478061
E01001181,1.4405610342866677,0.8717883689422988,0.1783712466275476,0.6036095943514043,0.9188049268785116,1.6155085558138798,-0.086992909187734,0.0775159085164263,2.3272386760622035,0.1076665958208083,-0.14053778908792414,0.2351821961860223,1.2236484086232358,1.4641012393571708
E01001507,1.3773852463399436,0.2425040945032134,0.2785593206995636,1.3316244347898207,1.3931144340448212,0.6464687094913016,1.7123476056354794,0.3556218010725969,0.890436462673742,0.37093639798199274,1.1069791468156887,1.4780691466940177,1.4211224470143269,1.720653947775484
E01033151,1.347395183579242,-2.301859826278368,-1.9490072376411456,-0.9486118186152632,-1.1642713888564094,-0.0678439865587054,0.6201033013894875,-1.1485183947137731,-0.09141266072401448,1.8488513001930775,-0.042070280044477236,-0.0249622437165241,0.7172207772757127,0.6489379290969581
E01000018,1.0844904940499762,0.3317881499685623,-0.0620985662241504,-0.9486118186152632,-1.1642713888564094,-0.6570200019397111,-1.3777594933749648,-0.9248885573566769,-0.7125319465043136,0.05890743383929167,0.9052155450096748,-0.9263460753428358,-0.4228936626341932,0.3516411615027877
E01002913,-0.0938485702403796,0.9570324228244542,1.0103901787269234,0.9783622592948084,1.4156675874546127,1.2969888206297595,0.1420140654261295,0.2352616869462101,-0.12172054643385909,0.9885276180285579,0.18419065522987318,0.0652522463771406,1.0231198459985087,0.3510194299168577
E01000964,-0.1152349264713718,0.7484048319759813,0.6045022766491395,-0.9486118186152632,-1.1642713888564094,-0.6570200019397111,-0.7353503178347762,-0.6497304639374692,0.07571165161374317,-0.5734380040092072,0.48313986725017183,-0.1058179964219939,0.9773769159459278,-0.947828658711144
E01003177,0.6099346238898569,0.97433271432827,1.1960959626003465,1.8202726253647172,1.3639692954793996,1.378378278682138,0.3576375155495725,2.018982512502685,0.8407206369859381,2.1772207380306714,0.4929597830753761,0.6439727906303918,1.284188813782522,0.4566209496115415
E01003930,0.8351059147816825,1.116508630307044,1.4907492228912973,1.6596095138023097,1.1249061130178446,1.302114321331059,-0.703378564885438,1.6364084292158243,1.0874033714655038,2.474061593003797,-0.9158793026546165,1.461542127051778,1.3358740808310725,0.427871902219357
E01002674,-0.4969936762039102,-0.1249107268807313,-0.499685658590676,-0.9486118186152632,-1.1642713888564094,-0.6570200019397111,-1.226079549150198,-0.7582887944796989,0.32653478610351727,0.4740077213316667,0.8055587877609032,-1.3848294126943648,-0.5547529195155766,-0.7226649229247774
E01000043,0.7786901819654445,-0.441548981039372,-0.43201692892812,-0.9486118186152632,0.1310616445451652,-0.6570200019397111,1.686324085792995,-0.6637255444934763,-0.5116150248653704,0.40981636462308485,-1.1079486541186951,-0.3949656676911479,-0.3326972351778279,0.127529409748362
E01000377,-0.8014419772623447,-1.1545941461748075,-1.1715340216523886,-0.9486118186152632,-1.1642713888564094,0.3534892180009484,1.1212419406419032,-0.9156941600851762,-0.2833010978156001,1.1113310188493255,0.39634693678737215,-0.7668256240459395,-0.914662785188246,0.3748181077718719
E01003767,0.3537899894910771,0.4172250623703358,0.209098338354724,0.0772039531980015,0.0697051150815397,-0.6570200019397111,1.5190300296627373,-0.5178367570510807,-0.23244709958167784,0.016143218328117992,-0.998033113035491,1.0919807132368655,0.7002497441081389,0.9107747684925368
E01000195,0.7048212159032244,-0.2699159967256111,-0.5203698022869633,0.4165869797110165,-0.1237370073020781,-0.6570200019397111,-0.4349645459386695,-0.7243224191886473,-0.46308163663988605,-0.21677928426754484,0.2857804068163302,-0.1921168136454755,0.1367933095507367,-0.0769594186561693
E01003181,1.2541064227785348,1.1416155203969722,0.9423879810321424,-0.9486118186152632,1.2653239203303417,-0.6570200019397111,-0.1576281773316205,0.9632142080715088,-0.8239730043265571,-0.8939603765280668,0.10356486537617442,0.4661156678900556,0.0458162077497147,0.0225613517859465
E01003131,-0.0703727424236009,0.5135413863107618,0.8376445575497189,0.1215560887900241,0.3075944099563375,-0.6570200019397111,0.7940891197649552,0.235425825759007,0.04623629936365706,0.10182079621199408,-0.5217324350082744,0.7035590814253108,1.4617388174391177,0.2646133762632314
E01001247,0.2445229165637665,-1.895263899428748,0.2285826491822188,0.2462404741103781,0.0963315285904711,-0.6570200019397111,1.212696024659777,0.4847653745107726,-0.1606564471150297,0.05628629990803579,-0.7967655444742467,1.959900625327736,2.0381161577768028,2.099952222398036
E01002997,-1.3915333351071344,-0.3082440758584223,0.0325034117738003,-0.9486118186152632,0.3213266822445484,-0.6570200019397111,1.611227642818968,-0.1189550243861991,0.9142652345312621,-0.030833120553945458,-1.0586087890102345,-0.6268291674783913,-1.2062124337305196,-1.5209700425936004
E01003449,-0.0478801953530746,-0.3543476483921697,-0.6815839796932981,-0.9486118186152632,-1.1642713888564094,-0.6570200019397111,0.5048562849441989,0.1549981584958656,0.03145824604375082,0.6465586185158881,-0.3317006773133129,-0.927931743652142,-0.7796169247711756,-1.013380100763776
E01001171,0.5280765017643352,-0.4104050281823808,0.0694676557402157,-0.9486118186152632,-1.1642713888564094,-0.6570200019397111,0.5598774411825946,-0.3008069870214483,-0.34695682421351937,-0.06589783924666505,-0.36785067749178885,-0.5798337681302405,0.5278230371253224,0.2534075700926435
E01002346,0.6012080072668659,-0.1140784697770162,-0.7513009934596017,0.0559431735832781,0.581868097790247,-0.6570200019397111,0.3197175294933809,-0.5826171877344631,-0.39500568610064607,-0.04203016189039978,-0.21006081184790076,-0.9843823700414688,0.102225601680628,0.364392855203513
E01002807,0.9918162837156768,1.153255985022454,0.877521833190978,0.852106639875649,1.151536415928777,-0.6570200019397111,-0.1702681726836843,1.4891509604651945,-0.651643136650711,0.747742180697884,0.11186959514690532,0.0702255818357159,1.213486420179908,0.5291119876089868
E01004686,0.47424188090701,1.3813799379999694,1.566244595428702,2.0689367302795367,1.8807853133663837,-0.6570200019397111,1.1249595863336863,4.510673930461765,-0.311586401513416,3.2404609720842545,-0.7391209495950551,1.3785093380891809,1.5532941855486793,1.1152946666054706
E01003381,-1.4554465836135475,0.3008778434711452,0.6844532838489653,1.245199348531317,1.2575696561227363,1.02231357472962,-1.4744182813613358,0.0200061193584082,-1.4879227997219784,0.8522807831488523,-1.5073178238652096,-0.6364584730844859,-0.8026154213021311,-1.5218691968745812
E01001234,0.3955794212068089,-0.7719734052804009,-0.5319391708050295,-0.1086254303513497,-0.1155818783118625,-0.6570200019397111,1.1673407472200183,-0.0813435180158731,-0.25990359208860736,0.057782121349436444,-0.7669662200028002,0.8485697637660766,0.8635077731370222,0.113084934145404
E01004110,-1.2532594801653747,-0.2915889282260314,0.2368514714071063,1.4155622366962155,1.4736056657977503,1.0200793904027454,-1.2825877636653071,1.3180158618499465,-1.278424166543557,0.33527799862983315,-1.308341344097727,-0.22076270948979,-0.0975665453909628,0.2055259288779246
E01000643,1.6367255431640442,-0.976257920028882,-0.7228967951623607,-0.369091207725019,-1.1642713888564094,-0.6570200019397111,-0.6721503410744567,-0.3414841165579726,-1.075361419544415,0.2668148511870214,0.44161621839651705,0.4607682545572613,0.6108463632793156,1.0886747101999052
E01001526,-1.1029404360820216,-0.4809903534275651,-0.8367353122588899,-0.9486118186152632,-1.1642713888564094,-0.6570200019397111,1.0015337493664749,-0.3016820562699268,0.7246539274539957,0.7937370062615157,-0.6580277059514474,-1.4742756465839504,-0.7081563665264801,-1.7367996472672202
E01000417,0.0707280446636347,-1.6620769212420252,-1.9100400777918567,-0.195058867796258,-0.1054913206028047,-0.6570200019397111,-0.2319810911672905,-1.0387619155154495,-0.04646974004209325,0.3725702550195561,0.1524162169687095,0.5576929986579275,-1.1742995199411486,0.3495802072884016
E01003190,1.1472975517168555,-0.175392550928772,-0.3166855446066889,-0.9486118186152632,0.0300992154986032,0.9891387763141294,0.8966961408581796,0.3271484442745178,1.134836496373407,0.30041165039851625,0.886956923494062,0.923911067935433,1.0934969639224748,1.0969833611413775
E01000978,0.1760619946059353,0.4360426711686848,0.0717943801686554,-0.9486118186152632,-1.1642713888564094,-0.6570200019397111,0.1613458230234038,0.8614951597424989,-0.11567625203750102,-0.0681049975381438,-0.10600743295580105,-0.6494958642978234,0.6220400165517495,0.1126249273053039
E01002541,-0.4721658373610342,-0.5777677934354623,-1.1596202072114097,-0.9486118186152632,-1.1642713888564094,0.4234771222617588,-0.7256844390361391,-0.1460419069481454,-0.1999514300359644,1.1000294336658236,-0.3073107579131629,-0.3864094164335991,-0.946666534825459,-0.0653222387469938
E01003697,-0.1054021190088467,-0.3211784518922695,-0.8582027271104231,-0.9486118186152632,-0.3697490032783991,-0.6570200019397111,-1.2387195445022618,0.2568734294181462,0.06925130043564212,0.8141012497047969,0.8138635175316341,1.2764662842536243,-0.181115053482883,0.4202024632021491
E01002780,0.6590986612024826,1.3344551049155056,1.1308473996224604,1.1531073838225967,0.7236785946393408,1.5382959162125704,-1.0483760850829469,-0.3534688220206208,1.0138887789089515,1.3039884864812419,-1.6127126503380196,0.0997974435729184,0.3836942911100737,0.1614351125426835
E01003864,-1.5765130254958886,-0.4597344573904874,-0.3909866555966569,-0.0351427373095494,0.5613057424173655,0.6803436992378533,1.574051185901133,0.6245299125048291,-1.072570703662533,0.013740341329172576,1.0708958066057068,-0.022176025206562,0.0678609355254341,-1.2682080629267647
E01000758,-2.050945985562726,-0.7074667704055013,-0.8086484038698707,-0.9486118186152632,0.2023564496561563,-0.6570200019397111,1.4008088966640224,0.0223065422414328,1.347512535412665,0.7670934330153278,-0.9203594640033606,-1.587792211683087,-1.95921326804796,-1.974725553411796
E01000863,1.1324254304297865,0.1629916669371056,1.9228150590685484,2.464870580579952,2.360559953494878,3.57987491219776,1.2372324862255484,0.4014423338212516,4.053941388330343,4.7394902709941675,4.429137537994902,4.0404894117494345,3.653948637590166,4.287211625267683
E01001582,0.4256923940607922,-0.7904965126392494,-1.0486264091945852,-0.9486118186152632,-0.4589489065939058,-0.6570200019397111,-0.6996609191936546,-0.4726265762976041,-0.27968841757154195,0.9947394050740687,0.459691218485755,0.0301185889667287,0.0798014655093915,0.4929719742651794
E01004675,1.0670372608039942,1.6132847931771528,1.082238312076652,1.47586178910454,1.1601580467146728,-0.6570200019397111,0.67809857418131,1.33978621268952,-0.7010648231631843,1.5972341714989253,-0.44552432652391966,1.2138267511854322,1.9140358149844217,0.771641506763456
E01003076,-0.0397681291964914,-0.1624377417653111,2.67402748903172,1.0531202971323996,0.7458347287008243,0.4281999085123499,-0.2297505037522203,-0.4761063895475826,-0.017028709283644927,2.8160726237892897,-0.09837914468736704,1.4082710115132722,0.7014950253773032,2.2737188944771534
E01000146,-0.0392764888233651,0.1422510118104319,0.873350150595739,1.471786506563027,1.478173532044906,-0.6570200019397111,0.1219387786904987,0.3086776507323186,0.02580543876291238,1.285384967151596,-0.08011621661175745,2.2079356242837025,2.774688163505677,1.5695364911951093
E01000657,-0.8156995480830062,-0.6164076707913216,-0.6152660153713332,-0.1190360226563493,-0.1261717157981458,0.5575197997852643,1.3450442112872696,-0.6102545198189319,-0.4547686487321682,0.07323881934542377,0.7498887793792073,0.7803246013208596,-0.7366215075822217,0.384513106836083
E01000348,-1.8679328566664768,-0.6036430201557947,-0.8639218423006074,-0.9486118186152632,-1.1642713888564094,-0.6570200019397111,1.1643666306665916,-0.8603981377593611,1.2272692491102586,0.8195264699662278,-0.7650121659390989,-1.840780787458827,-2.2750651740175507,-2.2958262791957256
E01000406,0.4255694839675106,-0.6247015311474575,-0.7446909627765669,-0.9486118186152632,0.0463875804063163,-0.6570200019397111,-0.0907105548795175,-0.5017663260754363,-0.2796076631818157,0.7064226485058304,0.05959864894289286,-0.0571691535286251,-0.0413200358828296,1.1660473766027355
E01004328,0.4146304856654514,1.1291296369867,0.9616089922119048,1.3015072077808123,1.3436953442939854,-0.6570200019397111,-0.2074446296015193,1.310808976835112,-0.27242052249617826,1.251541034430637,0.13629527094317287,0.1442122849609831,-0.3187304582841443,0.0773553406913525
E01032765,0.7877855288682802,1.3363927139624114,1.0290826203484928,-0.9486118186152632,-1.1642713888564094,-0.6570200019397111,1.101910183044629,2.338146451654427,-0.5175908497051138,-0.9761999359941443,-0.7239770306013695,-0.1502642289748102,0.4651133957553844,0.7043964233478001
E01004124,0.4212676307026558,0.4219138616132204,-0.3068030166092009,-0.9486118186152632,-1.1642713888564094,-0.6570200019397111,-1.248385423300899,-0.5761433484090172,-0.27678125954139643,0.29103696754230285,0.8202141932386637,-1.0498733211825964,-1.0060578276325165,-0.0837962509993398
E01001915,-0.711963429353366,-1.114998657567679,-0.1167319944014876,0.6285085435554117,0.3272273166641819,0.8296234640624582,0.692969156948444,-1.0489097314982954,-0.5906615665459267,-0.07336705578759745,0.5749034724760094,0.8742467682545726,1.578705303349459,0.1004367153122649
E01000416,0.5796987409425921,0.1926557408826576,-0.3182051100177558,-0.9486118186152632,-0.1854262303931475,-0.6570200019397111,-1.720154661588225,0.9620201339509756,-0.38087366789854993,0.30185312810661324,1.1301760190932988,0.7344350300101901,0.4962376831875806,0.9420006448791092
E01000742,0.4228654619153162,-0.0106530563085151,-0.038958483908177,0.4913182599539455,-1.1642713888564094,-0.6570200019397111,1.064733726126794,0.1026769701023754,-0.2778310666078379,-0.01914101452420931,-0.699551354805102,-0.4371983891297255,-0.6257126914098156,-0.0446442108618107
E01001088,-0.3064830316174857,0.4004655844873973,-0.2228346260222825,-0.9486118186152632,-1.1642713888564094,-0.6570200019397111,-0.2096752170165895,0.8738733257507725,0.201365482027809,0.21138355984144946,0.137760811490949,-1.0753333256892803,-0.8433879576399311,-0.6456301038306879
E01003659,-1.0287027397399569,-0.7254126044098578,-0.9403348290118406,-0.9486118186152632,-0.4923609603499742,-0.6570200019397111,-1.3703242019913977,-0.6513208573645212,0.6758782760593326,0.8920127322561947,0.9003304098504212,0.2704107054451844,-0.7910137871181271,-0.909085960691599
E01000053,1.3616527543999035,0.1689465575030939,-0.207023310240357,1.3160740601742449,1.162573931072328,0.9320135763138696,1.6142017593723952,0.306439530200406,1.2690788533258852,-0.27245800845873897,1.5044579546448065,0.2621098820529339,0.32393392475885,0.6947187423241353
E01001625,1.3832849308174588,-0.238558919394255,-0.8649499971227516,-0.9486118186152632,-0.3570722836639644,-0.6570200019397111,-1.0134302155801818,1.0345001918908725,-0.9088458679288599,0.82050178978188,0.6658439222062529,-0.5288886328048316,-0.1427822568210869,0.616588663050681
E01004726,-1.2209341256323234,0.1446533159964425,1.2156861663908398,-0.9486118186152632,0.4339501695925224,-0.6570200019397111,0.8230867561608667,0.7625182540294604,0.8021781415912086,-1.153214265165432,-0.5407844621293632,0.8784986975614536,0.0396083547992963,-0.6965747034959551
E01033098,-0.154934886601317,-0.5852239744664316,0.2746459439985922,0.6529526496373772,0.5048805948928715,-0.6570200019397111,0.3353316413988715,-1.3750191798903295,0.1017953194953262,0.1793307968460395,-0.22031959568233306,1.4629982059010338,2.0252611267685228,0.1943956685048371
E01001162,0.7961434152114266,-0.4463706428396702,-0.3019251048212308,-0.9486118186152632,-1.1642713888564094,-0.6570200019397111,-1.4840841601599728,-0.2765191691678328,-0.5230821482064998,0.2864097227700717,0.9750729777869999,-0.224723040294802,-0.5092528790418723,0.2485211508446208
E01002639,-0.4681098042827426,0.2336091074874637,-0.3785717178275742,-0.9486118186152632,-1.1642713888564094,-0.6570200019397111,0.2379293242741439,0.2946626342919652,0.30755750451784536,0.35911760572471946,-0.1563243250961122,-0.8042184279153548,0.0257590232811751,0.1739833140576036
E01001277,-0.1474373709111416,-1.043871399428126,-0.2367310129477177,-0.0665362683533273,0.0295235535350622,0.2154504397584574,1.5628982488257828,-0.1296010732531325,-0.03176544639963625,0.015751198205044344,0.3367271150072379,0.0813803461581673,0.6606869174981288,0.5483912172353388
E01003726,0.9990679792192892,-3.381836269998515,-2.3207358894453054,-0.4664526105005791,-0.67562978639904,-0.6570200019397111,1.4469077032421376,-1.6775225529174702,-0.6564076456445607,1.082513313914146,-0.9506473019907322,-0.2690095857073895,0.2870770652340597,0.482754984362709
E01003171,0.5889169979387094,0.868133644324371,0.9343073755567954,0.3871370733117503,0.3674383939289579,-0.6570200019397111,-1.0268137400706026,0.9297402356624972,-0.3869302471280197,0.36170502294664014,0.6746371654929093,-0.2390509230061443,-0.4509828960396125,-0.1941126778258912
E01002543,0.9369983821120992,-0.1334202165618528,-1.0423833122994317,-0.9486118186152632,-1.1642713888564094,0.6586499056592034,-0.0513035105466124,-0.1656797678003771,0.6171538959809604,0.9888171295745658,-0.033791052381512206,-0.8503518851346084,-0.509360154545617,0.529472914661428
E01001569,-1.0704921714556888,-0.4015696180124203,0.1301994828538931,1.4788021045332622,1.504653534550412,1.5910339094144956,0.9279243646691612,0.0765719881091386,-1.703189344548757,0.1925392692534795,1.4763591295605376,-0.3191550256932961,1.0392670377249482,-0.1285834795710324
E01001847,1.7222709680880128,0.6037313909424643,0.9989165788899184,-0.9486118186152632,0.375789125983399,-0.6570200019397111,-0.0022305874150701,0.9801576946608924,-1.1315664747938943,-0.9475840725457025,0.0014655405477760522,0.3009282392892818,0.7670789778151584,1.455575458811838
E01032562,1.0361868273903214,-0.1609734057852443,-0.7814627581729625,-0.9486118186152632,-1.1642713888564094,-0.6570200019397111,-1.6216370507559623,-0.5195227802334691,-0.6807954713418921,0.7413048082105537,1.0654479782331898,-0.6799873755216996,-0.9162722049323516,0.7747072018457163
E01003992,1.034711906270943,1.3572809782917137,0.3951621561137142,-0.9486118186152632,-1.1642713888564094,-0.6570200019397111,-1.603048822297045,1.0765300804629956,-0.6798264186651771,-0.374855491558959,1.0532351403350562,-0.155863469531212,-0.8861162649698658,0.1038434394855951
E01001897,-0.3887098840228521,0.73595855765169,1.0700752186321554,0.4582825693653677,0.780331311493798,-0.6570200019397111,-1.2602818895146062,1.9510569258709825,0.2553901687546792,0.4903968206089518,0.8280304094934693,0.0070728359638436,0.6044227925035967,-0.5510688266578528
E01000352,-0.4709367364282186,-0.7308847882837689,-0.325395984885586,0.3554840822492044,0.825764155166104,0.4862206995481841,1.3948606635571683,0.4852212390621348,-0.22897918942906723,-0.11567309305462854,0.6782101276070106,0.682247958345576,-1.0625015179520076,0.5463778197118562
E01000228,-0.7735413860874296,-3.780750469820013,-2.9106134698920068,-0.9486118186152632,-1.1642713888564094,-0.2158683106050715,0.1345787740425625,-1.731193343714955,0.1669830721977988,2.761042336960338,-0.029051292595869613,-0.6990930885292819,0.2909113130256927,-0.3463842478491915
E01001396,0.0160330531533387,0.2888238355668541,0.1989523519666018,1.4827128549227282,1.398680026900834,1.0692905075636487,0.2334681494440036,-0.4797801947684596,0.0171439915441285,0.2949892097779916,0.24964527601892442,-0.332847555626876,-0.6136686137854944,-0.1087307620589227
E01000014,1.189455713712432,-0.6021225247951554,-1.3924247293724366,-0.9486118186152632,-1.1642713888564094,-0.6570200019397111,0.3360751705372281,-1.1779106904339354,-0.7814961953305425,1.3208705548148527,-0.22080810919825833,-0.2846255801282549,-0.8478815897269135,0.3904504748603797
E01001581,0.1632793449046526,-0.0647528919612556,0.1559511693582585,0.9056039529036398,0.9816731470900184,-0.6570200019397111,-0.470653944579791,0.1707181475241166,-0.10727779550596961,0.1412299954307839,0.309229055580747,0.002375635808274,0.8933009211353611,0.3791448252319567
E01004086,-0.4098504200672812,-1.0936931540356711,-0.5731982472762264,0.4629960839123331,0.2980407289127681,-0.6570200019397111,0.1606022938850468,-0.6058285808875171,0.26927992378759646,-0.265388543794306,-0.1055189194398755,-0.0637806926112937,0.070507099816273,0.239526088227393
E01003635,0.5325012651224714,-0.7429517534959341,-0.9321850876140746,0.6532429749127328,0.7605595346737235,0.406791037647034,-0.1873693428658885,-1.004107290111674,0.21661674218752852,-0.6089433598023045,-0.07622016940765766,0.113297440659926,-0.4695759116437375,0.1824086564352655
E01003152,-0.6979516787192677,0.0886754609092471,0.6151974561150435,-0.9486118186152632,-0.2854624755643575,-0.6570200019397111,0.1568846481932635,-0.4076196683993643,0.4585682133059579,-0.583583577652775,-0.10307635186024888,-0.2076477095207908,-0.5939231296642806,-0.3320204234352126
E01003009,-1.244409953449102,-0.2107624418742322,-0.5697323948186749,-0.1054562505549644,-1.1642713888564094,-0.6570200019397111,-0.1665505269919008,-0.1923080723421891,0.8176022300289248,0.06008184217727808,0.10942702756727857,-1.137584740509084,-0.8229787739518767,-1.225160489246897
E01003267,1.165242425335964,-0.5545276809355316,-1.2343415803013125,-0.9486118186152632,-1.1642713888564094,-0.6570200019397111,-1.1636231015282352,1.6243350481808794,-0.7655875805544686,1.170911011282066,0.7645236524231738,-0.7351107204843054,-0.6749162869957137,-0.0976833663718817
E01004102,-1.0081767541619358,-0.992085618536288,-0.609781089228865,0.4391666106884253,0.5741785957608218,1.37475593291191,0.767322070784114,-0.429662474404924,-1.3859969742079932,-0.2677954942185369,1.0548805692647132,0.9913163273666572,0.635270022927694,-0.0556329945048306
E01002436,-0.9913380713823614,-1.0632813539128272,-0.8930448542100031,-0.9486118186152632,-0.5667722129208033,0.3167966521296427,1.6744276195792878,-0.2885338126710112,-0.31405258214258885,0.8471529032571536,0.5304530641161254,0.3213070071251803,-0.4849400466354172,-0.4611086726163167
E01002706,0.554625081913153,0.8344218073254065,1.4127091547017907,2.043323818826684,1.6501182352347263,1.973195590381306,-1.314559516614645,1.258875100470798,1.0943837659459041,2.8866222648766793,-2.593883041477799,1.357119773499018,1.0312545921145837,0.192197453587971
E01003059,1.3287128494004443,1.760051957654327,1.5613275688177584,1.1805155717535014,1.0996038017184664,1.576500212468295,-1.2149266120748474,-1.5072300534645426,2.094716089389154,1.8431715075974002,-1.9153320620693828,0.3672592482401569,0.1022461244876026,-0.0112137929878494
E01000110,-0.1275259357995282,0.055102774636214,-0.3389390009328358,-0.9486118186152632,-0.2138126459172757,-0.6570200019397111,0.8795949706759755,-0.2164710377002918,0.08378709058636949,0.32152154207453776,-0.5779114893396895,-0.8693414429463521,-1.7222343329889909,-0.2436594470766895
E01004017,-0.3702733700306175,-0.7457522629363545,-0.6691238014541813,-0.9486118186152632,-1.1642713888564094,-0.6570200019397111,1.4037830132174491,-0.6308846383061211,0.24327701029573967,0.6347387461762092,-0.922313518067062,-0.5506017774388221,-0.3911263636078156,-1.1594282194155354
E01000184,1.0100069775213485,-1.4569485575344936,-1.8309864366538484,-0.9486118186152632,-0.6987905238147066,-0.6570200019397111,1.0810913671706417,-0.2229890141629502,-0.6635947863301982,1.7368953735340875,-0.71029865215546,-0.4219547211822906,-0.564467187347891,0.598903360665755
E01000116,-1.4737601875125008,-0.1627343935465396,-0.2876489966315051,-0.9486118186152632,-0.3259525571658301,0.7092895639972161,1.2468983650241852,0.9685358457167148,-1.0453227208371971,0.2728672378174678,0.8844119976768459,-0.5893358983536657,0.104436772890176,-1.1296489979762712
E01032579,1.2061714863987247,0.5928900005808434,0.8988234721794961,1.4428373845826483,1.1066622655161442,2.3452359575769743,-0.0840187926343071,0.2548279330816408,2.8287567409063556,1.2968561078009588,-0.19704389359818045,0.9374736534804684,1.6075569094310298,1.3114969527223448
E01033738,0.3437113618419888,-0.2880722496824575,0.6667612833533524,0.7252265865227406,0.8523050450410653,-0.6570200019397111,-0.8364702806512873,0.472796217325835,-0.22582523962412424,0.4835530095518736,0.5495777054160195,1.1958330748879047,0.8096134971939432,0.8977755659741705
E01004513,-0.0672999900915618,0.6289950047278459,1.1905465628677014,0.2162647825148946,0.2046760525974574,1.574119170672435,0.8929784951663964,0.0937542928654422,-0.10593820458919236,0.25747329349243875,1.4056545682396469,1.0580359595467743,-0.5164222173545245,0.5099560739569612
E01003730,0.4447434585194346,1.2792820387440522,0.0293158951641534,-0.9486118186152632,-1.1642713888564094,-0.6570200019397111,-1.2736654140050268,-1.5837942255381685,-0.29220534797911274,-0.027809404626001958,0.8368236527801256,-0.557818903359015,-1.4855954711253097,0.5037100854675494
E01003536,0.870504021646773,0.5603379611040015,-0.3580731774201476,-0.9486118186152632,-0.1817319758383137,-0.6570200019397111,-0.1843952263124615,-0.6141127139441429,-0.5719385539908891,0.339672448029872,0.12115135194948692,-0.8099358949301579,-0.056626939423122,-0.1418832316156917
E01003800,-0.6840628381784509,-0.4240294261233498,-0.4503081493876732,-0.9486118186152632,-1.1642713888564094,-0.6570200019397111,0.9316420103609444,-0.3238817080871002,0.4494429672668901,0.42716763252791434,-0.612107435454464,-0.0472816064771645,-0.5316019934225693,-0.9803481438124406
E01033084,0.6594673914823272,0.8439266450296985,0.6392218287072525,1.6921084041500427,1.6695885829239132,1.680272622003426,0.2691575480851251,0.6792521429287617,1.10808500301177,1.081632628471701,0.45225805905300637,0.8721769912685777,0.3420739909489875,1.4335454102205505
E01004198,1.4293762157980454,0.892238620112003,0.9177024030758368,1.777927491740324,1.329473919586888,1.3880964833472844,0.4654492406112938,-0.256630032184131,1.984112098529516,1.6316083316646903,0.6460884540692009,0.7850195892778924,1.295905342811206,1.1025309696776144
E01001294,0.3600584042484369,-0.2186454458830511,-0.7300609736786513,-0.9486118186152632,-0.4039268138398236,-0.6570200019397111,-0.3360751705372284,2.1470193551873207,-0.23656557345771728,0.6925444679413353,0.22080810919825855,-0.9343889035914194,-0.460570190917406,0.3231398684560538
E01004565,0.0349612075186996,1.179548205514023,1.2770988779926828,0.8764675158696963,0.8219838431964452,-0.6570200019397111,-1.147265460484388,0.7886523446763142,-0.022970212631750652,1.119335681114223,0.7537763550728162,-0.1545578497038405,0.4598498156853958,-0.7597600545563109
E01001089,0.8230607256400891,0.4701140644549554,0.2388071040155438,-0.9486118186152632,0.1860489455306746,-0.6570200019397111,-0.0929411422945876,0.0138287654693326,-0.5407673595565514,-0.22653524123842933,0.061064189490668906,2.192795998160589,1.3342135227702838,0.6236012346471095
E01003907,0.2157619547358805,-0.2054528171154874,-0.7639328958642166,-0.9486118186152632,-1.1642713888564094,-0.6570200019397111,-1.3286865702434223,0.3048728320524762,-0.14175991991908407,0.7246757736457791,0.8729736529586014,-0.9225714378006836,-0.4808672939138873,-0.2452451810691466
E01002904,1.50988232689747,0.6543717048309429,-0.4650355316000685,-0.9486118186152632,0.074176903094542,-0.6570200019397111,-1.6803758526861416,-0.5036201105664759,-0.9920228893469112,0.44113820135185666,1.1040405459912925,-0.7509378209785947,-0.3406361868770595,0.3463139682659817
E01002229,0.1567651099607297,-1.3857798013300209,-1.2678549658309606,-0.9486118186152632,-0.6749002922661383,-0.6570200019397111,-0.6624844622758196,-0.8789618788138737,-0.10299781285047765,1.2027022048773,0.4352655426894875,-0.4527762263538086,0.0990181895844893,0.1716458539483987
E01001585,-0.711103058700395,0.0568978320565382,0.0916511877746932,0.6924712208461676,0.5614966781926553,-0.6570200019397111,-1.3182771623064289,-0.0604914496019776,0.46720893300666805,0.06346580989034314,0.8661344637356467,-0.3749251405692068,-0.0105291056743096,-0.7309623419861963
E01000166,-0.4580311766336544,-0.8392152284127607,-1.2227489809283711,-0.9486118186152632,-1.1642713888564094,0.4361365072313835,-0.1546540607781936,-0.6057285765274197,-0.1997641175800829,1.159914134508422,-0.06745028189695146,-1.0193016959604462,-0.4798472624287443,-0.7169658877007437
E01002360,-0.5940926498963459,-0.995030986542075,-1.152306417817221,-0.2131957829510715,-0.042508068435338,-0.6570200019397111,-0.4773457068250014,-0.5944199654169071,0.3903307539872653,0.24566686894608697,0.3136256772240752,-1.060623647286215,-0.5099827861134952,-0.2691360807159673
E01000501,1.1887182531527427,0.639192402273852,-0.2378051182162042,-0.9486118186152632,-1.1642713888564094,-0.6570200019397111,-1.5093641508641007,-0.2305776022148291,-0.781011668992185,0.22558474566709114,0.9916824373284618,-0.935216465551609,-0.8030177637324075,-0.0868670317238151
E01003990,0.9608429402087226,0.9817362628084592,0.3146974336498792,-0.9486118186152632,-0.0808651143706619,-0.6570200019397111,-0.6409221172634754,1.209960670520377,-0.6312930304396926,-0.29852570484816804,0.42109865072765235,-0.0429932254495032,-0.6766595637627287,0.2407210250197283
E01004138,-0.5465264437963806,0.4092373571757444,0.209207660395661,0.5242870515872594,1.162923497132503,0.9788025332864004,-0.6476138795086857,1.1339597320932306,-0.5349414676959049,0.10968486743830977,-0.6338861058545352,-0.4157637289598029,-0.5567772410985597,-0.2964396986829617
E01004393,0.299094997980781,0.5304654901488292,0.6218164339203606,-0.9486118186152632,0.4312544558224969,-0.6570200019397111,1.6238676381710322,0.616517424379742,-0.19651139615349061,-0.5898624182260509,-1.0669135187809657,1.2307818516392397,-0.1427822568210874,0.8214197041423577
E01001859,0.1458261116586705,1.551163786113919,1.0608254950421043,-0.9486118186152632,0.0387473863985119,-0.6570200019397111,0.7420420800799863,-0.9601641176566288,-0.09581067216484021,-1.0063116020853276,-0.4875364888934999,-0.9239399863369392,-0.5867076550455013,-0.8174993149838771
E01004730,-1.6566504063154683,-1.2237919264472312,-0.587341185268785,0.582630089443891,0.1242721870636526,-0.6570200019397111,0.7531950171553365,-0.8354938861925432,1.0884524531708122,-0.34220264730723315,-0.49486419163237994,0.8097592027324224,-0.4833575981856539,-0.7727620156473392
E01000783,0.9832125771859672,0.0961133849487833,-0.6704470609721783,-0.9486118186152632,-1.1642713888564094,-0.6570200019397111,-1.490775922405183,-0.1205246627688601,-0.6459903293698726,0.6359940057940764,0.979469599430328,-0.995124621248634,-0.7245428961434096,0.8964090052474466
E01001883,0.437000122642696,0.7565310565202941,1.156664949856895,-0.9486118186152632,0.4639684376045338,1.6734460456034166,-0.701147977470368,1.3556040324903784,0.7312961271646277,-1.0972260416122814,-1.1733333102806207,0.181073998388123,0.3802774855995872,-0.1998467686014648
E01003872,-1.496252734583027,-0.661947552003084,-0.3282697811916941,-0.9486118186152632,-1.1642713888564094,0.5385007023540735,1.6521217454285868,0.2887272087381428,-0.8057331484721633,0.31140059413268745,0.8896687202877319,-0.8900436512047003,0.4977560658045425,-1.3759755966548337
E01004160,-1.231135663374693,-0.1154745368276529,-0.2158416769779611,-0.9486118186152632,-1.1642713888564094,-0.6570200019397111,-0.983689050045914,-0.6674203414754958,0.8088807559384883,0.20474996573103188,0.6463033815692389,-1.23832392564107,-1.0201617500209852,-1.0397054945926456
E01000421,-1.5628700051416349,-0.5482128270159973,-0.8954725287498266,-0.9486118186152632,-1.1642713888564094,-0.6570200019397111,0.1063246667850081,-0.7517583538273279,1.0268368538096733,0.8494558240173816,-0.06985743277732516,-1.434720156949332,-1.8980085485907208,-1.9787407798277012
E01000790,-0.6138811749146778,-0.7990660843765023,0.8156446099641209,1.6496267715569377,1.600581724443659,0.2495149044578487,1.718295838742333,-0.371930966847524,-0.15317250270730773,1.3455091846729303,0.4287404220341122,2.124808900893797,1.5934211657731436,1.72166282519837
E01002854,1.5114801581101305,0.0628720554191788,0.240960012727268,1.0324321835670758,1.3181898742425933,-0.6570200019397111,-0.9517172970965756,-0.7214625402614714,-0.9930726964133528,0.24877487209236368,0.6252973003844488,1.097594961926874,1.3215966919588116,1.67687370360303
E01002810,1.080557371064966,1.3129954238528885,1.086106385231641,1.2897537433859552,1.5207435783273138,2.0540112420550334,0.5204703968496899,0.4763750672599041,2.2194769878528726,1.4008097760678972,1.0690520462861077,1.2996494809860422,1.3989210138249613,0.9838735530676616
E01003915,0.7761090700065316,1.1715159549059906,0.7436175711277254,0.4425968661130997,0.4196921120334701,-0.6570200019397111,-1.4372418244435008,0.2999874244931887,-0.5099191826811188,0.32912280656776627,0.9442966262837028,0.1465705672967966,0.6203581231720862,0.0526431679301613
E01000105,1.487021049547099,0.3571168509639734,0.1003015655801635,0.7394500885589202,1.0137228862167114,-0.6570200019397111,1.217900728628274,0.2542907861193524,-0.9770025728578262,0.07416800155085024,-0.8001851390857241,1.4284390525323578,0.963057693892982,1.1669123393401006
E01001388,1.1518452251682734,0.030283481057788,0.1100385353242219,1.6820621579040202,1.330674545506554,1.7748992022390355,1.3264559828283524,1.814792798261768,2.0444091712540104,0.18509165618005846,2.3543256657272384,0.5037706680010352,0.7614344173053974,1.5293288178775142
E01004388,0.0457772957274772,-0.3628582000678209,0.1128280342446741,0.9422689630159544,0.8043618877395461,-0.6570200019397111,-0.5383150961702508,-0.4126031284812688,-0.030076598927661798,0.10631435482685765,0.35368378552995394,-0.0665510739986364,-0.063538736009858,0.3422673543696385
E01002935,-1.4065283664874852,0.2820790538968691,0.4617140167277709,0.9440542234009404,0.8839146570832689,1.3888288086112868,0.0327152820876947,1.0066462368883038,-1.9534271155067935,0.43588306749526456,0.045435926245235195,0.319462811359718,-0.13021031739246,-0.5330405679375454
E01002999,-0.5220673352333494,0.0191380184048,0.4976685270762621,1.1422842567303182,0.8406214604814505,-0.6570200019397111,1.556950015718929,1.2647071179463258,0.343008681607675,0.5684789235493802,-1.022947302347684,-0.2373980190274625,0.2982029342945856,0.1588053620969046
E01000199,-1.5627470950483533,-0.7193953926652391,-0.8836972317915002,-0.9486118186152632,0.4288738506224203,-0.6570200019397111,-0.8015244111485225,-0.3825508354046677,1.026756099419947,0.8382856381550088,0.5266175701675281,-0.9723155927669044,1.12593517243171,-1.38902168674324
E01004643,0.2934411336898291,0.5038388794753108,0.3011229710375875,0.0752804668660278,0.2610046813278396,0.8420087058093377,-1.3710677311297543,1.7855948402227726,0.24707998920939786,0.022668677843794952,-1.1544509658655095,-0.4436138929606719,-0.4610304138607398,0.2747610954375226
E01002866,0.1894591947736258,0.5211340436567583,0.4640173436661813,0.9378145326514042,0.6415485411827458,1.028508736903102,-0.3910963267756241,-0.9222785410734023,0.19486043711130066,0.43516220829244584,-0.40224598905944003,-0.1605636641074553,0.7548609421200115,-0.4854254237346476
E01002164,-1.312379235033807,-0.1405948636896933,-0.4762481615331225,-0.9486118186152632,-1.1642713888564094,-0.6570200019397111,-0.9777408169390605,-0.38693598288156,0.8622594075475485,0.451774634624111,0.6423952734418362,-0.5408621698111447,-1.189808653181963,-0.8004379081504984
E01003936,-0.5366936363338555,1.0396687358076,1.1484447179069364,0.4482114641245903,0.4249686818619504,1.3879980435816086,-1.5220041462161644,1.488099273246881,-0.7449297172340907,0.51474608847922,-2.1125387772711326,1.2401509454278594,1.650697850965849,-0.9307542992182448
E01000161,-0.5047370120806488,0.0801467224772037,0.1068227207900354,0.9250006288630072,0.5954855423514396,-0.6570200019397111,1.2684607100365295,0.4984303778129437,0.33162231265627184,0.09881108390764017,-0.8334040581686479,-0.2282835164040035,0.1909311244794239,-0.0480350188768187
E01000033,1.284219395632518,0.4055983835043448,-0.9130042432054905,-0.9486118186152632,-1.1642713888564094,-0.6570200019397111,-1.3405830364571298,-0.693062399889746,-0.8437578298094917,0.8660866155506124,0.8807898692134073,-0.7839926080272689,-1.144301318222567,0.2886487796329866
E01003824,-1.9152532425798796,-0.6374016510553528,-0.3915102163695201,-0.1413061959774271,0.4432662083008739,-0.6570200019397111,-1.2706912974516,-0.2195812647976344,1.2583596891548705,0.055322819361476296,0.8348695987164243,-0.8763203902669905,-0.7306364097665187,-1.4836573634051575
E01003677,-1.2166322723674683,-1.3442469454595056,-0.182367500571735,-0.9486118186152632,0.0679892992805069,-0.6570200019397111,-0.2126493335700162,-1.046911513063465,0.7993517379507892,0.1729959663736736,0.13971486555465032,0.7848341940714276,-0.5045515142073433,0.0655619153468369
E01000723,-0.6042941876387158,-1.347987418481587,-1.7907934361767504,-0.9486118186152632,-1.1642713888564094,-0.6570200019397111,1.0178913904103215,-0.972481757169714,0.39703336833454517,1.6987678182559034,-0.6687750033018047,-1.4280432519048385,-1.7562631334433318,-1.7718138307115257
E01003011,-1.6232188609428828,-0.2316207743121347,-0.164888963292751,-0.0247883675460791,-0.0311703446111534,1.189731779603039,-1.3309171576584926,-0.0616732348852432,-1.9311950641147941,0.004087328226392657,-1.583434438485257,-0.0749985593740315,-0.0534575587809253,-0.8497778928448811
E01001441,1.246977637368204,-0.6659954258296893,-0.6417604106660704,0.1665189440227223,0.5524980904602508,-0.6570200019397111,1.6952464354532752,-0.7196387599758696,-0.8192892497224338,-0.10686526589970265,-1.1138108163097993,0.6547863710358139,0.3682435190656992,1.3052570012353977
E01001945,0.5680222820808435,0.8044449450877237,0.8454598449674691,-0.9486118186152632,0.008526062413668,-0.6570200019397111,-1.6387382209381662,-0.7004555236157792,-0.3732020008745549,-0.8020132011007693,1.0766837890994727,0.1532730221863617,-0.0689168185869481,0.5267943631114851
E01004658,-0.3648653259262287,0.8549408676556427,2.262802964452646,2.377426587216676,1.838828853468017,2.4561519712384468,1.3703242019913977,3.166147875029957,-0.8961646895102651,5.379647929322432,3.3657244899569227,3.084784180425008,2.66451598212986,2.417218492178674
E01003831,-1.1035549865484295,-0.5605745263209073,-0.6804288372258613,-0.9486118186152632,-1.1642713888564094,-0.6570200019397111,-0.8624938004937718,-0.5270421310273216,0.725057699402627,0.6454628367190932,0.5666756784734067,-1.1036913548117204,-0.0859998569383213,-0.7330029927543418
E01001675,0.8196192430282054,0.8586405015927303,0.5521642335093679,0.1984385403934145,0.3840645748240743,-0.6570200019397111,-0.2409034408275708,-0.3367739003210204,-0.538506236644216,0.10957066455504746,0.15827837915981363,0.8215664005774429,0.4571468105456174,1.0174609142814772
E01004196,-1.767269490268876,-0.2924002358696461,-0.1126915499695219,-0.9486118186152632,-0.3235553178665486,-0.6570200019397111,-0.9762537586623468,-0.3165128881280178,1.1611314039244491,0.10690053615916098,0.6414182464099853,-0.1387394584800587,-0.7408112178764937,-0.7341041924575937
E01000732,-0.5230506159796018,-0.854327277777526,-1.2126148965078152,-0.9486118186152632,-1.1642713888564094,-0.6570200019397111,0.8751337958458356,-0.8945666975974762,0.34365471672548503,1.1503008222562379,-0.5749804082441377,-1.3506492015956475,-0.6743479906563041,-1.6447556395507088
E01003176,1.1688068180411293,0.8683805084671221,0.2613118478920157,-0.9486118186152632,-1.1642713888564094,-0.6570200019397111,0.9004137865499633,1.2359717998677229,-0.7679294578565303,-0.24788350725456007,-0.5915898677855995,0.4605435837560656,0.1498013295312625,0.7997076215789011
E01003117,0.3328952736332112,0.4448980685624985,0.7411187056994117,1.4677629400411392,1.2282450220502996,1.8207043210008595,-0.4840374690702116,0.4687795312290701,0.6061038631447512,1.0877865703968523,-0.8812891114624541,0.6831819734177885,1.149427827528153,0.15859755548569
E01001802,1.089898538154365,0.6867801237557916,0.1498400405229328,-0.9486118186152632,-1.1642713888564094,-0.6570200019397111,-0.4401692499071664,0.1626698944253748,-0.7160851396522693,-0.142140033341844,0.28920000142780766,-0.2777725819440682,-0.0830441182933079,-0.7108000940174563
E01003099,0.6750769733290859,-0.4662740639960773,0.2115723988122211,1.186515928414139,0.9861773063526188,1.0584694586856525,0.3100516506947438,-0.7520546480360109,0.7145483585307861,0.251034021203489,0.32818020287545846,1.2814764956650777,0.8691898083481053,1.009249684010257
E01000471,0.2660321828880402,0.5863343215492755,-0.5413178539112754,-0.9486118186152632,-1.1642713888564094,-0.6570200019397111,-1.0840654837240684,-1.331636108497006,-0.17478846531712575,0.5135005138476864,0.7122527062191613,-1.1505539541032577,-2.412717686482708,-0.5397663163435739
E01003014,0.6539364372846569,0.0002759307246449,0.8187623047231015,1.2207617652974765,1.030420760279646,1.9551375340403343,-0.2215716832302965,0.3893744175344301,1.2785356734118458,0.9995137164728037,-0.43320311436404796,1.6796834080997989,1.7423136584998322,1.126559366358294
E01002145,-0.3474120926802466,-0.553516842341817,-0.5637245679010887,-0.9486118186152632,-0.4279142972844912,-0.6570200019397111,-0.2639528441166286,-0.5228793016848093,0.2282566938066547,0.5347557875547552,0.1734222981534996,-0.8380709187968705,-0.8491785022044096,-0.6654283642266221
E01003911,0.887711434706192,1.1266288512292062,0.6982057660102708,0.3625271580601752,-1.1642713888564094,-0.6570200019397111,-1.5123382674175274,0.9579121206872264,-0.583244168552566,0.25311855209293116,0.9936364913921631,0.2335285468997774,0.1096518979762935,0.1513984024116847
E01002429,0.9043042972992033,-0.8976327554661888,-1.6227970426623153,-0.9486118186152632,-1.1642713888564094,-0.6570200019397111,0.4312469002468859,-0.3785960628587324,-0.5941460111656116,1.5394044538833698,-0.28333783923670336,-0.9686166817497152,-0.7366215075822217,-0.1517118695871811
E01000638,0.837195386367469,-0.1066644497341691,-0.4829476788888507,-0.9486118186152632,-1.1642713888564094,0.6008731315692231,-0.7628608959539741,0.1976950834760464,0.5030482135419267,0.45812987596677285,-0.4583826155035677,0.1967536176861928,0.1943023504233463,0.4845304584874632
E01000180,-0.4994518780695415,0.2320307094968275,-0.0478102353980176,-0.9486118186152632,-1.1642713888564094,0.9657232052739018,0.3925833850523373,1.8473240779197124,-0.4823322685693876,0.04535335434933731,0.37912688495002156,-0.2342261935982539,0.2448423542953064,-0.2650887538410483
E01000762,-1.6037990662043955,-0.5337808111509852,-0.6460940620597174,0.1848722647064953,0.5710196879667447,-0.6570200019397111,0.9933549288445508,0.2547154713835649,1.0537280655885188,-0.11944487246639887,-0.6526540572762684,-1.030419981252763,-1.764396292560004,-1.6159092311893122
E01004035,1.212562811249366,-0.310327269927887,-0.3354337934789742,0.0280249722604792,0.9789424256510678,0.7728243355224771,-0.9569220010650726,-0.4969106893959932,0.9370980488830581,-0.00940052275747556,-0.7395326096199539,0.5506540261420588,1.40963409620599,0.8955209074842894
E01003522,0.97792744317486,1.4897210492040778,0.1294714967710401,-0.9486118186152632,0.5349855360477085,-0.6570200019397111,-1.4127053628777295,-1.0331004957195966,-0.6425178906116432,-0.12281819201081653,0.9281756802581661,-0.5797472445914985,-0.8185566468810005,-0.243748647043556
E01002181,-0.7793181604716631,-0.4439747897083534,-0.2782451480201881,-0.9486118186152632,0.2617026195547021,-0.6570200019397111,0.7844232409663181,-0.6604250576999492,0.5120276193047442,0.2639466358843038,-0.5153817593012447,-0.1152309801937217,0.7008758580106679,0.1377065936671254
E01003780,-1.7596490644854192,-0.5852694628158646,-0.8727492972783868,-0.9486118186152632,-1.1642713888564094,-0.6570200019397111,-1.6930158480382054,-1.316493790496944,1.1561246317614209,0.8279002980864435,1.1123452757620234,-1.29901341745414,-1.008082501572947,-2.2644914741312308
E01001700,0.9647760631937328,1.0298335184727954,0.5407434307925213,0.2623668270066276,-0.0764633166060197,1.11591234651038,1.066964313541864,1.646706787045668,1.076605520535565,0.14187313816171174,1.1906386507673383,0.4035634066772774,0.7662551726108872,0.8895399252554157
E01000615,0.0934664119207241,-0.7025450588122352,0.4338032998983553,-0.152784744050902,-0.2851023605778848,-0.6570200019397111,-0.44834807042909,-0.4062589258747286,-0.06140930214145198,-0.0662785261434069,0.2945736501029864,0.9122934693180468,0.3487339075213839,0.8843258098155974
E01001457,-0.5811870901017817,-0.2276862730320131,0.0167507349416884,0.2794291039594218,0.1274017425227473,-0.6570200019397111,-0.7740138330293246,0.1645847511836071,0.38185154306600766,0.004680642855417767,0.5085425700782901,-0.0711058595789716,-0.0886517913600097,-0.5506570517344833
E01003193,0.9682175458056164,-0.5886804929324143,0.3868804693304495,0.1508270974555353,0.9120305654460648,-0.6570200019397111,-0.2974116553426801,-0.598000873635181,-0.6361382938232684,0.05835205825134694,0.19540540637014037,1.916423881277227,0.8746211725431671,1.27854208148509
E01003382,-1.5127226870827566,0.4142483855255257,0.4211652450790155,0.1773974913794558,-0.152790285312824,-0.6570200019397111,-0.3747386857317768,-0.6340281399886963,0.9938890628013577,0.07471365793323104,0.2462108120263768,-0.8245116197480645,-1.5238772043532098,-2.529909055966448
E01001793,0.5514294194878323,0.315294447352045,0.3692982376521987,0.2005561397346472,0.3861557245733103,-0.6570200019397111,-0.4178633757564654,-0.2102195813757458,-0.36230015826150935,0.07406502895433331,0.27454459595004715,0.3937087997217971,0.6595552239534092,-0.2531500646712528
E01003238,1.2276807527229985,0.5221883648894103,-0.3039286454353901,-0.9486118186152632,-1.1642713888564094,-0.6570200019397111,-1.478879456191476,-0.2177421011044202,-0.8066108105354105,0.28831030507573896,0.9716533831755224,-0.6618817581439914,-0.8461109791804814,0.512356433401103
E01033602,1.3949613896792077,1.6163264645347375,1.1699744807995018,1.7223100573616708,2.0440759986373918,1.78571097740459,-0.9308984812225884,1.5446675293685703,2.4909978666057233,2.015058815137481,-1.6623156367684369,0.7451578835127056,1.1359424078985092,0.8057091218255131
E01003129,0.5113607290780424,1.3146756919428526,1.2744368412155234,1.7337304346105384,1.3924860049872465,1.4829698953654,-0.9822019917692004,0.6297369179462792,0.7583325668948392,2.209529938604271,-1.4565759849616586,2.267753505419684,1.492965796999082,0.2625342310865845
E01000045,1.1908077247385294,-0.4514151628484493,-0.6669230902589454,0.5816639827918244,0.6611510457367786,0.5771077466550607,1.7279617175409705,-0.0060238260812455,0.6872243627232925,-0.38792514089584956,0.997220093116278,1.5556084848875158,0.2836081168053491,1.2590948856224735
E01001434,0.7865564279354647,0.1450716651028854,-0.7691905391060792,-0.9486118186152632,-1.1642713888564094,-0.6570200019397111,-1.305637166954365,0.9319567800805332,-0.5167833058078513,0.7296632361630725,0.8578297339649158,-0.3111310582018018,0.938670354996009,0.2280734569838672
E01002196,-1.8204895606597933,-0.6767574368895402,-0.7043611345639348,-0.9486118186152632,-1.1642713888564094,-0.6570200019397111,0.5561597954908113,-1.3522739796374927,1.1960980546759212,0.6681652968206043,-0.36540810991216216,-1.6872751912276205,-1.5545540725358271,-1.7995401218522715
E01002285,-1.5760213851227622,-1.360454948160972,-0.8627136244156414,-0.2880769000811248,-0.3021919783660096,-0.6570200019397111,1.6327899878313124,-0.348850882121813,1.0354775735103834,0.24852786657940976,-1.0727756809720697,-0.3327139362369463,-0.8694808145178112,-0.7867419264337191
E01003375,0.0250054899628929,-2.8614890629097145,-1.1892093232182823,-0.5234432492362597,-1.1642713888564094,0.160802371090673,1.5918958852216942,-1.2849343827150406,0.004020942076317203,0.6224835921674311,0.2559806328731343,0.0892629170023923,0.8404231657804369,1.0160174209441797
E01004184,0.8839012218144635,-0.372974248815686,-1.2763322922472111,-0.9486118186152632,-1.1642713888564094,-0.6570200019397111,0.8067291151170191,-1.066983882995899,-0.5807407824710519,1.2107438969060145,-0.5300371647790053,-0.7659401682178674,-0.4040448741001717,0.6444367095104623
E01004038,0.3427280810957363,0.4548589249632187,0.6813691562723263,-0.9486118186152632,-1.1642713888564094,-0.6570200019397111,-1.1993125001693568,0.3548778363708039,-0.22517920450631415,-0.646354834479839,0.7879723011875905,0.4262192511699716,1.0836197874246436,0.3701278762496285
E01003580,1.0553608019422456,0.1377295480696512,-0.9906970307356172,-0.9486118186152632,0.0171334023049503,-0.6570200019397111,0.7926020614882416,-1.0903509939948268,-0.6933931561391893,0.9397869120228551,-0.5207554079764235,-0.1646337174683074,-0.778656351535363,0.0356269809117738
E01002796,0.4531013448625809,0.7900456016837051,1.1934914429563872,0.5646532616451977,0.1950770816664516,1.5584745670796285,-0.2364422659974305,0.4146796659117661,0.7061469222779082,0.6739088360109574,-0.36848925813967187,0.2798458136870516,0.1297752951166301,0.3546535462541114
E01003337,1.0782220792926165,0.4259925992140086,-0.0210197199095711,-0.9486118186152632,-1.1642713888564094,-0.6570200019397111,0.0081788205219235,-0.4282344665221949,-0.7084134726282743,0.0199395547302017,-0.005373648675178727,-0.1465286374610282,-0.2676647376152628,1.0984544432281518
E01002183,0.0261116808024269,0.474943355872091,-0.0978333285257801,0.8423156620605584,0.8501119265092495,0.90393056261623,1.1777501551570124,0.0154156030657594,0.02360314631859316,-0.08240654488878058,1.0646043603724304,-0.4204658240808552,-0.2720462791563847,-0.1734334307592692
E01000458,-1.7882871162200236,-0.7515780598820865,-0.8468307950426501,-0.9486118186152632,-1.1642713888564094,-0.6570200019397111,-0.0966587879863711,-0.7726033957797536,1.1749404045676404,0.8033137005448175,0.06350675707029567,-1.4033462740031346,-1.3121416622335225,-1.5667605322229212
E01003718,-0.023789817069888,0.7555156502876691,0.0461126080163018,-0.9486118186152632,-1.1642713888564094,-0.6570200019397111,-0.6096938934524938,-1.0887560729526249,0.015630385657403184,-0.043742964951436814,0.4005810830587875,-0.5770852672773767,-0.5784191905094905,0.080792156778808
E01002157,-0.9933046328748664,-0.2972757291600892,-0.0972203458321549,1.4861280253149298,1.4434262001365112,1.1515144145046974,-0.9227196607006646,-0.3713242290694116,-1.143804602749705,-0.14448188057197492,-1.0625249898436988,0.6238477976739247,-0.5041260969835258,0.3746199305980775
E01002671,-0.1280175761726545,-0.0922859712464205,-0.4661789171335458,-0.9486118186152632,-1.1642713888564094,0.7059475888144666,1.1361125234090372,-0.18293123261468,-0.09037369922495775,0.442222830382147,0.802035896522529,-1.1786808346302065,-0.5927911509098702,-0.8576154474158755
E01003464,-1.722161486034542,-2.058844547758753,-0.8058834667278874,-0.2231053307528763,-1.1642713888564094,-0.6570200019397111,-0.6305127093264815,-0.5566850990483629,1.1314945428949106,0.1797968973925999,0.4142594615046974,0.1353896137672133,0.872959774329251,-0.5897294228392088
E01001355,0.521070626447286,0.7089038093026662,0.8669773958966956,1.366150332362712,1.121215557591014,-0.6570200019397111,1.4164230085695129,0.9651745115979966,-0.3423538239991223,1.1844214575552292,-0.9306182478377928,0.2329551483620963,-0.2663825689618375,0.6542463869587046
E01001879,0.3654664483528257,1.09892576290435,0.991291199155512,-0.9486118186152632,-1.1642713888564094,-0.6570200019397111,-0.307077534141317,1.4757703796945627,-0.24011876660567288,-0.9403505472082153,0.2017560820771698,-0.0364024844950306,0.3162393315680737,-0.1571068259271315
E01004743,0.2039625857808503,1.8408549025548813,1.8905793045288275,1.5959373980171092,1.3286441115232288,2.495332795217705,-0.3866351519454841,1.870082897157775,0.5089545292963601,3.017246216014733,-0.9647833744335469,0.5956127702886433,-0.8678640066016753,0.4231442571136884
E01001358,1.5289333913561125,-0.0718709105035459,1.014157801776533,-0.0449312013091422,0.1376185106274379,-0.6570200019397111,0.1576281773316201,0.140359564435466,-1.0045398197544821,-0.045567328350858534,-0.10356486537617417,0.1764705050860913,1.272037340088186,-0.086547848141618
E01000249,-1.755838851593691,-1.8916180157148863,-1.379323262467012,-0.4866322225123959,-0.7492804757857711,-0.6570200019397111,-0.0356893986411216,-1.5172523692312314,1.1536212456799069,0.6712231447773709,0.023448648764416834,-1.1888651218749062,-1.3788516055302995,-1.8530270909418032
E01002735,1.0892839876879572,1.6789044681296112,1.7003489645205143,2.1856856277921493,2.1268434619649232,2.4091327164226213,0.7755008913060375,0.960957936253548,2.6242296922143535,3.716428293983751,1.868284568860278,1.7536948373128816,1.80874377624968,0.600992384359265
E01000543,0.2575513864516123,0.0483798589751208,-0.0285287631718401,0.091406284372776,0.27729166871398,1.6924696206275285,1.6231241090326751,1.342003787103006,0.43589789731985423,-0.002607708239288795,2.747088245045927,0.6830959496258481,-0.3741919430946642,0.5463508058691099
E01002708,0.8963151412359015,-0.3274278668628908,0.6521067692344258,0.165792980170751,0.020684687440373,0.9745234808283912,0.133091715765849,-0.7215294400408057,0.8734801513564019,0.10811472466089565,0.12970100211755803,0.8385860590217318,1.090223995282896,0.6951385872895749
E01003438,0.6987986213324278,0.2249595721105857,-0.0787502962208022,-0.9486118186152632,-1.1642713888564094,-0.6570200019397111,0.103350550231581,-0.5502696344229038,-0.4591246715432991,0.07470346171450586,-0.06790337871362356,-0.697215775252174,-1.3226908337438714,0.2888675893033536
E01003343,0.2978658970479654,0.4610691808103029,0.2801273373636371,-0.9486118186152632,-0.0444568143403311,1.1680772133422552,0.7479903131868397,0.0278088175178715,0.3479303669734785,-0.26573210294037114,0.8737104406342845,-0.545850451119714,-0.6021293713605974,-0.4192652627565408
E01002912,-0.5792205286092766,0.6753603506916096,3.449715255457883,1.903959685546934,1.4862714249005655,1.2711161956255888,-1.1695713346350889,2.488374225710337,-0.7362565947540662,6.568118773008052,-1.4866610653940966,2.1004138815656,1.4658422604782204,2.5315327043868145
E01000767,-1.8947272570018583,-0.5878337996276938,-0.7397145281490015,-0.9486118186152632,-0.1329477369191406,-0.6570200019397111,-0.4513221869825169,-0.5120285414729198,1.2448737060705843,0.7017019438035557,0.29652770416668794,-1.166712902860355,-1.8758882649059376,-2.116200038031468
E01004631,0.2008898334488112,0.5057328480803381,0.4482080463894549,-0.9486118186152632,0.1727974407805062,-0.6570200019397111,-0.9353596560527284,-0.0413000857771566,-0.13198863876220618,-0.42517545000349505,0.6145500030340911,-0.9761880334426974,-0.2004973640736779,-0.3342492030437553
E01002215,0.692530206575068,0.3332504202989155,-0.0084858523943789,1.0149842747399498,1.041409407538483,0.9677909667502492,-1.408244188047589,-0.0165531515732028,0.6702244781250349,-0.008613006738058935,-1.362886004170996,-0.3783722935864027,-0.435050908179625,0.0634580395652652
E01002819,-0.97314737757669,-0.635894843253645,2.61812658766443,1.9065645437367649,1.756388996907179,0.7941051101597563,0.1249128952439254,1.5334854178763797,-0.7727813054722154,4.9916273230555275,0.09919396843805148,3.5526553385821504,3.259654566267287,2.1065750637192795
E01003387,0.9092207010304656,0.1643227477016739,-0.2246079067336923,0.0137416816602164,-0.2998004010790174,-0.6570200019397111,0.4275292545551022,0.3499007287550656,-0.597376186754662,-0.0030864903527019747,-0.2808952716570765,-0.7628163220248741,-1.1247991377447395,0.5294818575556878
E01002905,1.4962393065432162,0.310323599771679,0.6230730594494902,0.1713718916703189,0.1613858387386603,-0.6570200019397111,-0.6728938702128133,0.3627359813018687,-0.9830591520872959,0.1067772088466722,0.4421047319124423,0.2139389097743186,0.8129321130033532,0.7166679086639838
E01000620,0.2093706298852392,-0.953339962475784,-1.0759736394897248,-0.9486118186152632,0.1330933144359213,-0.6570200019397111,1.545053549505222,-0.8560177984730416,-0.13756069165331838,1.0206813109384314,-1.0151310860928784,-0.0469802462338714,-0.3473265604792438,0.0855092472289992
E01001357,1.426426373559288,1.5196121236586626,1.137695548087171,0.3696794357071989,0.0199343551619906,-0.6570200019397111,-1.302663050400938,-0.0011316492168393,-0.9371906587227784,0.4205826482234578,0.8558756799012143,0.2878064400233545,0.8745512684267347,-0.5169884808516597
E01001442,1.494887295517119,0.854327777569549,-0.1383561747459414,1.1056188708866843,1.8018470785342031,1.2523665881483397,1.5658723653792097,-0.3795611321046639,1.8721469019530732,-0.1529691977028085,1.9610462317057311,0.3322583277087774,-0.0941529902463483,1.010132410677722
E01004623,-1.311273044194273,0.5319588383782279,0.5344223425394713,-0.9486118186152632,-1.1642713888564094,-0.6570200019397111,0.0267670489808408,-0.2508368369595763,0.8615326180400121,-0.506959350264997,-0.017586486573312365,-0.2718255886857623,-0.2722483267626276,-1.5468206306582732
E01003917,0.9070083193513976,1.0246763264523902,0.7240431052387944,0.7454433873621571,0.3574787547670331,-0.6570200019397111,-1.5614111905490695,0.7016971428410248,-0.5959226077395894,0.5397331449654217,1.0258783834432363,0.074154897660943,1.11393557167399,-0.2731192504151096
E01004469,1.3392831174226587,0.1988764649620545,-0.557039980159527,-0.9486118186152632,-1.1642713888564094,-0.6570200019397111,0.2037269839097356,-0.4709662167823457,-0.8799357964068576,0.5284147086205391,-0.13385270336354596,-0.5417998512187499,0.2574104827264725,0.2946076061230055
E01003135,0.9921850139955216,1.1634730466306176,0.9730515391584528,0.4173922415515351,-1.1642713888564094,-0.6570200019397111,-0.5546727372140982,-0.3567868586297567,-0.6518853998198899,0.40614416307451795,0.3644310828803116,-0.2297679493192544,-0.1171894707463278,-0.1683668213995574
E01033322,0.3708744924572145,1.0808480694529927,1.1419727690560857,-0.9486118186152632,0.2377316448855008,-0.6570200019397111,0.4937033478688486,0.6390140323584943,-0.24367195975362843,-1.0832888652634014,-0.32437297457443276,-0.2892978594099269,0.3473051315036167,0.1315144869780741
E01003455,-0.9851925667182831,-0.0451005160788216,0.0740300456050822,-0.9486118186152632,-1.1642713888564094,-0.6570200019397111,-1.555462957442216,-0.2661791555001324,0.6472912220962354,-0.0702257761936079,1.0219702753158335,-0.5498524629968689,-0.8346534182272288,-0.2852124561635914
E01000946,-0.4695847254021214,-1.242549292724057,1.1152545608806048,0.8718144138228919,0.5140852991143889,1.217099792178774,0.7316326721429925,-0.3377563420776192,-0.5715314716972486,0.9722950012574312,0.8904699732164374,2.3035331356850643,1.8899736644796044,1.2815093401201103
E01004537,1.0863341454491997,1.0797595818800274,0.7353411980084331,0.9383316690705484,0.8786765564206315,1.7801518184002538,-0.3658163360714964,1.8401084609401832,1.9338397044116786,0.6899939336635897,-0.6512086158581927,0.2286143682688743,1.0874254689813678,0.5053526572401744
E01001333,1.3469035432061158,0.1396894519188037,-0.1795305320691753,-0.0713269762489351,-0.0778434916267766,-0.6570200019397111,0.1085552542000778,-0.2504562864785446,-0.884942568569886,0.012805369996856747,-0.07132297332510096,0.3015892472966067,1.3430207511334338,1.2829634485726606
E01000977,0.7944226739054847,0.4940620631910987,0.0816269247749649,-0.9486118186152632,-1.1642713888564094,-0.6570200019397111,0.7189926767909287,1.3259261921560943,-0.521951586750332,-0.07743226555875074,-0.47239256989981404,-0.1368354843449679,0.0639527038251072,1.3036703807658383
E01032803,-0.313734727121098,1.5367648917299328,2.080379025130231,0.6956163418586713,0.8595916836397314,2.641514364181522,-1.528695908461375,1.0812820408879444,-0.8287347882329505,1.4471456471406001,-4.038072200666243,0.9383421271296308,2.1768569919429748,-0.6587178068373292
E01002422,-0.3426185990422656,-0.002282131052816,-0.1737014366418623,0.6566996272375257,1.0095699754238223,0.8662996212249846,0.5851574318867228,-0.5673555880389188,-0.2968103625749496,-0.11406966869333367,0.5069216616004526,0.3549403689978727,0.178294486822665,0.3942207532092745
E01001618,0.4553137265416491,-0.5089557715339283,-0.8141858882186094,-0.9486118186152632,-1.1642713888564094,0.4859433362749538,0.5122915763277659,-0.2184262441211559,0.22125667132743093,0.7723463561139384,0.2489446777462697,-1.125501092930559,-1.1754113363217331,0.1872542972703925
E01004464,1.2635704999612152,0.8630541263440122,0.6953716596448872,1.7305443740484947,2.133461421572605,2.1229424975139266,1.42162771253801,0.7785976215307725,2.682487512972583,1.2033715134712242,3.0180338865904535,1.187681260405578,0.9233238715183444,1.372591212542967
E01003347,1.5015244405543235,0.582949839147274,-0.2777113951364197,-0.9486118186152632,-1.1642713888564094,-0.6570200019397111,-1.332404215935206,0.1019547063539899,-0.9865315908455253,0.26344031159054104,0.8754162205382283,-0.1804698190520229,0.3648184597370296,1.1140701455750244
E01004378,0.4011103754044793,0.0817228971184333,0.0358054039192901,-0.9486118186152632,0.0346850508725129,-0.6570200019397111,1.431293591336647,-0.1087144722437157,-0.26353753962628923,-0.03396542932813186,-0.9403885181562999,-0.8961968052068613,-0.7024423755128335,-0.2410513091957278
E01000737,1.0235270877823204,-0.991223273825088,-1.3429039676586791,-0.9486118186152632,-1.1642713888564094,-0.6570200019397111,-1.0164043321336087,-0.8701301721379874,-0.672477769200087,1.2738945749863522,0.6677979762699544,-0.5743014781710299,0.0940584443993792,0.6100045353183738
E01004618,-0.6630452122273034,0.6139697593106553,0.7757173814525857,1.0834361454672967,-1.1642713888564094,-0.6570200019397111,-0.5316233339250404,0.3367338979007477,0.435633966623699,0.8404402497329742,0.3492871638866257,-0.659292914115174,-0.603198609109299,-0.6017214586414215
E01003219,-0.0623835863602992,0.0327283719785559,-0.0852240053296969,-0.9486118186152632,-1.1642713888564094,-0.6570200019397111,0.0475858648548287,-0.3985219346977905,0.040987264031449915,0.08084449868548066,-0.03126486501922238,-0.4263729700035939,0.0026011690439643,0.4251083996174854
E01000778,-0.6820962766859459,-0.0233836701711287,-0.2488636740594133,0.0658428504865194,0.058555494560636,-0.6570200019397111,1.339095978180416,1.9830958382567556,0.44815089703126987,-0.016385893682619845,-0.8798128421815562,0.2946946794909036,-0.7265771605483924,-0.0164498354756971
E01002041,1.283973575445955,0.8262182922468541,0.2633069567750731,0.3064990898914251,0.290990092158074,1.1805241518148235,-0.9509737679582192,-0.232855431744029,1.5157618161059823,0.08070334261364072,-1.1226475008170236,0.1147849766346529,0.7759330863859297,0.7114458955472646
E01004340,1.4620703006109417,-0.1486963372520041,-0.4511901074845711,-0.9486118186152632,0.2757663056492043,0.6662206325608275,-0.8379573389280008,-0.2161118777543084,0.9740614005214209,0.4280042684021551,-0.5582644683996004,-0.3036617110074556,0.2324592790668365,0.1403985417641245
E01003007,-1.899029110266713,0.0119300204255484,-0.2922100385066297,0.078248869393321,-0.241854342502397,0.8463545932309581,-0.8766208541225492,1.3444298859929982,-1.6072520101535321,-0.022865105138522565,-0.7419320864086651,-0.9456475683364396,-0.6639290899386026,-1.8087094501342935
E01003664,-0.3554012487435483,0.4916128993516219,-0.3484323879652847,-0.9486118186152632,-1.1642713888564094,-0.6570200019397111,-0.3531763407194326,0.1371892410869407,0.23350572913886183,0.3305270812122077,0.2320439200645417,-1.1275963477121491,-1.5411610183162796,-0.305914937031395
E01000534,0.0537664517907789,0.4763459967101618,0.1116034203941474,-0.9486118186152632,-1.1642713888564094,-0.6570200019397111,-1.3963477218338822,-0.9064951405810724,-0.035325634259868934,-0.10586832358377593,0.9174283829078085,-0.590874959430933,-1.3332377575574843,-0.2509649774344383
E01000088,0.8300666009571384,0.1268881189474177,0.0058590332620419,0.0262128170573925,-0.2885977247938308,-0.6570200019397111,0.2364422659974303,-1.3355416854260749,-0.5453703597709485,0.00015358176703108193,-0.15534729806426134,-0.3725079729800492,-0.1581106417417247,0.8323267904910302
E01033708,0.1332892821439509,-0.5744119084301801,2.2543665215032984,2.455896887336624,1.6987673727507164,3.3426611926216534,0.0565082145151088,2.094683892634244,0.4455409108149829,5.536491723075843,0.1888878157239938,3.865821804287673,4.624897488543372,3.6393692027362974
E01001362,0.8498551259754702,0.3845447956503295,0.0097166873651134,0.3206340756011184,-0.0241225229858672,-0.6570200019397111,0.0691482098671731,-0.4105289109154332,-0.5583718165168768,0.0031155010712182016,-0.04543175698105762,0.7074136375393855,0.910080476581562,1.101617442420423
E01004478,-1.943891294314484,0.969770897115056,0.8935051857595547,-0.9486118186152632,-1.1642713888564094,-0.6570200019397111,-0.6171291848360608,0.9281876349938856,1.2771754619610898,-0.8475895792055398,0.405466218218041,-0.5083092256524467,-0.4217309575065845,-3.5292840445044327
E01000958,0.5261099402718301,0.5529229430314593,1.5140599122288816,0.3258675238176338,0.1707538455999597,0.7127539432164207,-0.0996329045397979,-0.3941701953495146,0.3749869344941025,0.4933829545095696,-0.07101374558484617,1.4517191432601797,1.2810880714558348,1.4523515348625144
E01004731,-1.1298577465106845,-1.358353822370669,1.742092935853809,1.8102471752207847,1.1627716302461848,2.330470625979056,0.2111622752933026,-0.0195937005685038,-2.633100289778041,3.153618816101442,0.49210747988594467,3.6605203661615975,2.804742295260866,2.196408975954361
E01003312,-0.141414776340345,0.1298819790727779,0.1924066657508083,-0.9486118186152632,-0.2375939470888004,0.8532982747853043,0.0803011469425234,0.3451059578207076,-0.12066898468036605,-0.18251923711157336,0.06852083014933642,-0.4159758882056362,0.2107822415522913,-0.7052507555766575
E01002309,0.3874673550502257,-0.2929065220436753,-1.0829870847916403,-0.9486118186152632,-0.3749152502018012,-0.6570200019397111,0.7643479542306872,-0.5151150767645383,-0.25457380236667404,1.0273343480410402,-0.5021918943712603,-0.8066370468531497,-0.8195994851680042,0.3187264149108308
E01000807,-1.73064228247097,-1.851673252347052,-0.9082678389568892,1.2268302643450144,1.16311614417756,0.8397873109660732,-0.8111902899471596,-1.5874350333745144,-1.453371428640483,-1.1142904729635554,-0.6812273122765143,0.7520653303953238,0.8809619432336863,0.1155405242898601
E01000343,-1.389566773614629,-0.6704891149461223,-0.537931523046852,0.5663683623907256,0.8835177925568193,0.5586287838318318,1.42385829995308,0.1800367148022253,-0.7762519967974626,-0.30466739578639446,0.7954082304516487,-0.9338582360250584,-0.4162655854062605,-0.4560334949016613
E01002160,-0.6856606693911113,0.0512702362385149,0.1977722347482212,-0.1021803983259616,0.0774418501474728,-0.6570200019397111,-0.5122915763277662,-0.7446029908336198,0.4504927743333315,-0.020208445724388825,0.33658581247256664,1.207958468707048,-0.2279607879346342,0.0149144792859936
E01002104,0.5960457833490401,0.0835147185932558,0.1560240990376583,0.1579733469697769,-0.1702387689519015,-0.6570200019397111,-1.2714348265899569,-0.7965292761114265,-0.39161400173214295,0.02464764913292283,0.8353581122323497,-0.0616361846601116,0.1287384940717043,0.9678986860533004
E01000987,-1.2244985183374886,0.0546035872211661,-0.1549161531238199,1.0374819940258884,1.0177318634183463,-0.6570200019397111,1.0119431573034685,-0.5088057786777742,0.8045200188932701,-0.16072271944972052,-0.6648668951744022,-0.2198415924873936,-1.5181520292632775,-0.653209080647993
E01000859,-1.5623783647685086,0.882290176428199,1.507428746488365,1.8797671672879623,1.9789861003609348,2.506231391255975,-1.6491476288751603,1.3332607910525622,-3.915681702802014,2.8336150646748774,-4.133145556302285,1.3518842332260506,1.5167200561134495,-0.4317540274815203
E01004458,0.6490200335533943,0.9033631854621252,0.7132457013865896,1.3486888857700754,1.4086255187272538,1.1575346378147804,1.685580556654638,0.7139366363733565,0.7512631694737649,0.9619465502833755,1.9511178791548622,0.1044756659924187,0.0851325636568401,-0.0926181740569296
E01000952,1.0836301233970054,1.2300025722485095,0.9140432967819692,-0.9486118186152632,0.4852879212878888,1.4822199612072449,0.4803198233784277,0.627191618183245,1.6061781994645112,-0.8670722740534346,0.7119396299750438,0.1465795142155949,-0.4970880150776876,0.618605323574154
E01002643,0.3979147129791586,0.0592198727259448,-0.1819175976888491,-0.9486118186152632,-0.1506988589974287,0.5223611773788628,-0.0133835244904206,-0.7993433392662672,0.20785519796816554,0.17256918318173894,-0.00699103361029495,0.0662517741018564,0.7946687760827915,0.3931543690848708
E01000194,0.050079148992332,-0.4522671168808645,0.0946881382574549,0.5275814104445344,0.6580165587384685,0.512161818549531,1.5495147243353624,-0.6495332659481365,0.02564862801932567,0.049955701534235133,0.7936022790848745,0.8239731157528812,1.3360445306251918,1.062984310431666
E01000177,-1.40296397378232,0.2860481294775061,0.5100894594650066,0.7384214567536531,0.4927347667519868,-0.6570200019397111,1.230540723980338,0.5558338656359494,0.9217753927758048,0.3766610017328337,-0.8084898688564552,-0.6138212976855598,0.5991483638377185,-0.7747971256618366
E01001584,-1.3137312460599042,-0.7596219462267614,-0.0905758664601411,0.1776693727961632,0.3635136176255907,-0.6570200019397111,-0.3427669327824387,-0.3481635112952211,0.8631477058345374,-0.016092557384442305,0.2252047308415867,-0.0244397097464148,0.6515970607298479,-0.4071844275429151
E01000468,0.2048229564338213,0.3121795215361639,-0.5980866619804865,-0.9486118186152632,-1.1642713888564094,-0.6570200019397111,-1.720154661588225,-0.4586691125763804,-0.13457277923344665,0.5673520761108416,1.1301760190932988,-0.7736067837163509,-1.3741631902165514,0.4320718572008084
E01002668,-0.3892015243959784,-0.2343345113292431,0.31806706507973,-0.158836956977483,0.1520162831744511,0.4992492727106622,1.5457970786435786,-0.0697511429623494,-0.19430857799257326,-0.05052080473202336,0.771738067271073,-0.1332206001101453,-0.7050335263674465,0.3462466919999554
E01003903,-0.6790235243539068,-1.6191869220959545,-1.3543224171879369,-0.4293736849576731,-0.2933294820461205,-0.6570200019397111,-0.4966774644222755,-0.9312252240285716,0.4461320372881133,0.5815104068887675,0.32632702863813423,0.422045213754474,-0.2024974677637822,-0.2496013211547566
E01004705,-1.8249143240179295,1.1191216713288912,1.448327013113464,1.400626871580907,1.5862718655342294,2.782381083403441,0.9643572924486395,-0.904825408803533,-5.077607093979465,2.02856573340323,2.6832094881512547,0.4115923267497339,1.1203360037164911,-1.229336723155872
E01001365,0.7745112387938713,-0.4970450126783705,-1.6489884668324133,-0.2880145337622515,-0.302125416370086,-0.6570200019397111,-0.4647057114729375,-1.3566485893754865,-0.5088693756146774,0.47493264445406747,0.3053209474533442,-0.7087360521951866,-0.4345864258214031,0.5301890869278909
E01003304,1.201500902854025,0.655178967540002,1.0767571571828196,1.97719571797049,1.9703917319887256,2.475935789016273,-0.939077301744512,0.915337013785798,2.974839085911645,2.1289596404759488,-2.3250951000420708,2.136036602327868,1.87257689900497,1.486674975114644
E01001161,1.4444941572716778,-0.4195849226707208,-0.821679173015096,-0.9486118186152632,-1.1642713888564094,-0.6570200019397111,1.1323948777172534,-1.116175493729889,-0.9490615540125391,0.7794545746321357,-0.7440060847543087,-0.7635672346113009,-1.2486123835843603,0.474473451645157
E01004477,-1.855887667524884,0.0095210989494246,0.1896610461240044,-0.9486118186152632,-1.1642713888564094,-0.6570200019397111,0.2996422427577497,0.092353424449748,1.2193553189170854,-0.17991470988416514,-0.1968709469179161,-0.3764140520673617,-0.060302737842874,-2.241478155115739
E01001341,-0.7260980900807459,-0.0401150336983933,0.3438578271896947,-0.9486118186152632,-1.1642713888564094,-0.6570200019397111,-0.6691762245210299,2.462577293636384,0.4770609685532722,-0.3261875987955092,0.4396621643328156,-0.3061771103721609,-1.2201544174451149,0.1480676505698615
E01003972,0.7550914440553842,1.2724747747670742,1.1818591753927123,-0.9486118186152632,0.5713770774710084,-0.6570200019397111,-1.6952464354532757,1.6459608600200328,-0.4961101820379278,-1.1211255817164163,1.1138108163097995,0.4750248183673771,0.9053278650550742,0.6981961771372817
E01033320,0.3027823007792279,0.4305785842123395,0.2435142941039947,0.828317439458222,0.2342640260022805,-0.6570200019397111,-0.6959432735018711,0.2267937371994385,-0.1989340278452785,0.2017071365636973,0.45724865090612826,-0.4770001023920457,0.5325464597894075,0.1599693992644228
E01003881,-1.914269961833627,-0.5416606719944066,-0.5111809220105256,0.1758288179141541,-0.443713794969085,-0.6570200019397111,1.483340631021616,-0.5815595855282076,1.2577136540370604,-0.08988033725737811,-0.9745844642710744,-0.5543994967791646,-1.7810604737766862,-1.3183573984739534
E01003458,-1.736296146761922,0.6537896527490052,0.7776092509771728,1.1398234764620288,0.2589336206700936,-0.6570200019397111,-1.6290723421395297,-0.2081833886471343,1.1407812977134308,0.8863372797778354,1.0703331133924434,-0.416498475763679,-1.7712483979453342,-1.4900494666094817
E01003468,-1.9264380610685017,-1.0316342045723823,-0.7473658446747223,-0.9486118186152632,-0.5753692631814411,-0.6570200019397111,-1.4773923979147623,-1.5240927042950352,1.2657083386199603,0.7089600730878207,0.9706763561436715,-1.1138124675501464,-0.6777541867595887,-1.6043972454928026
E01004551,-0.1519850443625595,-0.1226298793979061,1.2486624621359437,1.9674295374503563,1.587488764331218,1.6229782328339013,1.606766467988828,-0.6898031339318673,-0.2466684187167289,2.456655410311743,2.6077470027932774,2.562634377292214,1.8718758498035333,2.4070990515726973
E01003277,0.3394095085771341,0.594752974493151,0.640834161588836,0.2753788009429689,-0.0647748113338274,-0.6570200019397111,0.3687904526249227,-0.6152676181249169,-0.22299883598370504,0.17647214302162645,-0.24230270389897365,-0.3182677910701567,0.0111613508045229,-0.0852949315089838
E01000341,-1.304512989063787,-0.2907904314198102,-0.5569506614085941,-0.9486118186152632,-1.1642713888564094,-0.6570200019397111,-0.5702868491195889,0.2728346842980776,0.8570911266050677,0.5283299797977801,0.3746898667147441,-1.444535671688849,-1.695230434868733,-1.4433742849422453
E01001888,-1.010634956027567,0.9340775476838618,1.0660634907295818,1.0395063777932272,-1.1642713888564094,-0.6570200019397111,-1.0796043088939282,0.3034905620246462,0.6640073807695719,1.1081797977459114,0.7093216251236092,-0.0441821448291763,-0.9958847834344132,-0.6307121825920163
E01002616,-0.1881206117873394,-0.1681788268189022,-0.7363725582517212,0.358090286485268,0.5397912692621151,0.7554173165634062,1.6089970554038984,0.6880228279517082,-0.1421095677466582,-0.2636878603442485,1.2154642379516352,-0.476419478413132,0.5752986633212558,-0.0965231016895556
E01002109,-1.2830037227395132,-1.0557761707074342,-0.6870328154939866,-0.9486118186152632,-1.1642713888564094,-0.6570200019397111,0.7792185369978213,-0.7503015288008424,0.8429591084029716,0.6517274485541152,-0.5119621646897674,-1.1888315572349306,-0.1028436977231842,-1.0426497753937096
E01002110,-1.499940037381474,-0.2298060449035033,-0.2708948905087839,-0.0162210455284637,0.1674291489720197,-0.6570200019397111,0.5256751008181867,0.2788678425141612,0.9854906062698264,0.004394198352371172,-0.34537905575922284,-0.6499666379311673,-0.7646488953516907,-1.4262723660715682
E01001958,1.3092930546619572,2.1027884123807405,0.9322793473745736,-0.9486118186152632,-1.1642713888564094,-0.6570200019397111,-1.3658630271612575,0.8561151334376178,-0.8602317253136494,-0.884371207170445,0.897399328754869,-0.3460964108600108,-1.0201617500209852,0.5023055973901331
E01004613,1.03999704028205,1.0272498814877633,1.2482874047677948,1.8110043414735093,1.95808885635426,1.910053012098757,0.9212326024239508,1.5773543506445251,1.986449479364522,2.260653909441176,1.759603107103444,1.249175703385764,1.0720075833204872,1.0109502063864368
E01000326,-0.8454437906571447,-0.6198843508169156,-0.9063314688845724,0.6338044846705513,-0.0686543327899306,-0.6570200019397111,1.119011353226833,-0.4895765627655569,0.555473480977474,-0.5744369495770902,-0.7352128414676526,-1.3218842900915349,-1.144771773377155,-0.3804204930426093
E01000871,-0.5382914675465158,-0.5177388682298562,-0.0909118576100194,-0.9486118186152632,-0.1169463369234791,-0.6570200019397111,-1.3331477450735627,0.1598691274717988,0.35366826105154175,0.08624006258113236,0.8759047340541537,0.7379389532424595,1.0055145412744717,-0.4268404378314923
E01003228,-0.0853677738039517,0.425765099199788,0.5397683645881657,-0.9486118186152632,-1.1642713888564094,1.086735148117876,-0.5665692034278054,0.3361314413642087,-0.09277216030933079,-0.5120306499629663,-0.6157106672061431,-0.549333293544772,-1.023163275122522,-0.1795425180191057
E01004645,0.8202337934946132,0.6845079589274856,0.2505537287043357,0.1915627469803723,0.5191749507007474,-0.6570200019397111,-1.3130724583379318,1.986175734847463,-0.5389100085928474,0.0479967605367775,0.8627148691241692,-0.6114972129049778,-0.4863210604457053,-0.0406900983812641
E01003634,0.96219495123482,0.5454185888481461,0.137988049301135,0.2344325009159391,-0.1015563977467863,-0.6570200019397111,-0.9844325791842704,0.8104411142431106,-0.6321813287266816,0.03234888349417698,0.6467918950851641,-0.309126712313319,-0.7265045616041607,0.1787088257232877
E01001254,-0.4945354743382789,0.0586310675004187,0.0299908693443256,0.060416214183624,0.0532226190029794,1.327277196841521,0.6766115159045968,-0.121492540376853,-0.6563856581184027,0.0018119347858598586,0.8980510361805454,-0.7111547647951811,-0.7227239660674049,-0.2714693287329862
E01004333,0.7695948350626087,1.0248446683051409,0.5350374286405182,1.4158447784343946,1.1661104457787472,-0.6570200019397111,-0.582183315333296,0.6277004782324833,-0.5056392000256268,0.7575299496076426,0.38250608296954963,-0.0170430706199545,-0.2434335034956984,-0.1274835571838303
E01003661,-0.0956922216396031,0.3912433655369208,-0.186368476574567,0.0618291398153426,0.0546115886318126,-0.6570200019397111,0.8141644065005861,0.2433254593736607,0.0628717036472673,-0.011523002595301306,-0.5349222999382588,-0.5532832597932962,0.2162016153823019,-0.3242594528458176
E01002243,0.915366205694544,0.0657189889834549,0.4044321181282975,0.3467726294750301,1.053581616534102,0.7404065662877732,1.2022866167227837,0.230845261319879,0.6777431492541648,0.1402459890475057,0.8901809055814603,0.0848695118530208,-0.3228237369374869,0.9530985118040644
E01003623,0.9797710945740836,-0.3122514608318317,-0.3285475611169605,-0.9486118186152632,-0.0749058215930268,-0.6570200019397111,-0.0773270303890969,-0.7814513110827235,-0.6437292064575373,0.31166409945276924,0.05080540565623654,-0.251593116913923,-0.118663694161828,0.8216787488700802
E01002320,-1.2964009229072038,-0.1080295452139649,-0.3907561068044651,-0.9486118186152632,-1.1642713888564094,-0.6570200019397111,0.3264092917385909,-0.8018452213035746,0.8517613368831343,0.3706758611108037,-0.21445743349122873,-1.1632711926008112,-2.910983977615913,-1.574640279756937
E01002001,0.1957276095309855,0.8519973385570753,0.912018563499842,-0.9486118186152632,0.0444567786652078,-0.6570200019397111,-0.8141644065005863,-1.1230745185764563,-0.1285969543937031,-0.8651515881324651,0.5349222999382589,-0.0606785532795691,0.2677674914976142,-0.3647515897099568
E01001541,-1.1729991892525131,0.0939744086127217,0.3282372953855152,-0.9486118186152632,0.1272678824824588,0.931166022862388,-1.3762724350982514,-1.0586449597274383,-1.0922569898770682,-0.31136977771300894,-1.2815381297655728,-0.6720974707390472,-0.8299878880849273,-1.506175377925307
E01000810,-2.117931986401179,-0.8929215996222623,-1.0305574949725491,-0.9486118186152632,-1.1642713888564094,-0.6570200019397111,0.9048749613801036,-0.9947789370692428,1.3915236778134787,0.9775990194934998,-0.5945209488811517,-1.3255676100863776,-0.9866575794934962,-1.755499079998157
E01000834,-1.88231333758042,-0.2803560454910764,-0.4969957865278428,0.0577040706357136,-1.1642713888564094,-0.6570200019397111,1.2089783789679935,1.381296655456142,1.2367175127082317,-0.028678679971454683,-0.79432297689462,-0.4200973075468891,-1.64179782157609,-2.764584145287745
E01000061,1.539503659378327,-1.256709059497272,-1.123959924410195,-0.388455893047753,-1.1642713888564094,-0.6570200019397111,0.2907198930974695,-1.3846699896320511,-1.0114846972709406,0.4366088561866473,-0.19100878472681201,0.0216542680568016,-0.1950288170599333,1.837196274271563
E01003120,1.0584335542742846,0.976558799755558,1.0931675007584711,0.8131193620372541,0.4182712979015796,1.600591371290349,0.1479622985329829,0.165841450480759,1.6941196140555954,0.8888756608165875,0.2368271783081791,0.4257515420287636,0.8578929071958648,0.9416905994688608
E01003496,0.8100322557522434,-0.1587301490052256,-0.5191775178334787,0.6771768750925122,0.4369387568320151,-0.6570200019397111,-0.7472467840484833,-1.30652188988126,-0.5322073942455675,-0.35157500914476214,0.4909560835049774,0.4983181341173064,-1.0107769494614307,0.5514406055254789
E01002021,-1.075408575186951,-0.0484478470797896,0.0296106607970283,-0.9486118186152632,-0.2052072466927413,-0.6570200019397111,1.4201406542612962,-0.1807930196960887,0.7065649441553126,-0.028089022789068697,-0.9330608154174195,-0.4770570039447046,0.633409037989781,-1.756814238046
E01004574,1.1552867077801572,0.2904873502639151,-0.8567619997473976,-0.9486118186152632,0.23583400115373,-0.6570200019397111,0.3635857486564259,-0.8619490797162185,-0.7590464749866414,0.8127345587008286,-0.23888310928749626,-0.2361888201888727,-0.2401170031691778,0.8279646509267319
E01004029,-0.7876760468148095,1.1168904230916172,1.1838551411524547,-0.9486118186152632,-1.1642713888564094,-0.6570200019397111,1.1725454511885156,1.2429978381155078,0.5175189178061301,-1.1230189784256592,-0.7703858146142779,0.2650385472536892,-0.1768315422051045,-0.6256226913502777
E01001794,0.6688085585717262,0.8255188543374395,1.124315759151779,-0.9486118186152632,0.6245697149273747,-0.6570200019397111,-1.5591806031339994,0.7518690128960457,-0.4394206004500909,-1.0665392169867693,1.0244128428954602,0.9906948559622856,1.1923988437823765,0.3614147832734619
E01003451,-0.7563339730280106,-1.174352273908346,-1.510393766556595,-0.0875483149177446,-1.1642713888564094,-0.6570200019397111,0.4282727836934588,-0.7025284799467496,0.496926548425933,0.1322324291242952,-0.2813837851730018,-0.6533187435549974,0.3410539698297171,-0.628349172256347
E01002271,-1.4561840441732372,-1.3724586215591237,-1.6658967726285532,-0.9486118186152632,-1.1642713888564094,-0.6570200019397111,0.4089410260961849,-1.1789716379592976,0.9567420435272767,1.5802893671084695,-0.26868243375894285,-1.2771640242172615,-1.3586011348929374,-1.890672268284414
E01001186,0.8439554414979551,0.2173306283474481,0.2266779619885775,-0.9486118186152632,0.1257503330474995,-0.6570200019397111,1.2907665841872304,0.0874055388480503,-0.5544956058100162,-0.21502939376198602,-0.8480594636464084,-0.3364030556271191,-0.1343635758819439,0.84737853455251
E01001033,-0.510022146091756,-0.4873536731308189,-0.2919299055299166,0.7047084426364929,0.868079813243832,0.580596037303286,0.8409314554814273,-0.8104101834646278,-0.2961168369577912,-0.20572546908500602,0.4882414706962014,0.2766221938788175,0.1856393489443071,0.4864064782561584
E01002679,-0.6571455277497884,-0.94385945542052,-0.1435859710604191,0.2065163794148332,0.1085652727445938,-0.6570200019397111,-0.3390492870906552,-0.6318369005515414,0.43175775591683846,-0.02965285487816077,0.22276216326195994,0.0810970763856671,0.5840116315808864,0.2167205296768869
E01004023,0.8097864355656803,0.8073020924452441,0.8451754881212131,1.4283537449758028,1.20116250777898,1.2633060038552355,0.4728845319948607,2.113020049684517,1.0230080658906548,1.2072095736196868,0.5973978683993807,1.3615135041745814,-0.2943051369688967,1.046267030115898
E01003205,1.215143923208279,0.9004506725813155,0.5491618025805609,0.4875964439400647,-1.1642713888564094,-0.6570200019397111,-1.1918772087857898,0.9237545421573706,-0.7983738627833317,0.26776934208599734,0.7830871660283371,-0.1446681351106598,1.1689494281304251,0.0875247657516113
E01003404,-1.31102722400771,0.0912710263294586,0.4889576545546243,-0.9486118186152632,-1.1642713888564094,-0.6570200019397111,-1.0617596095733677,1.582125480478917,0.8613711092605597,-0.4638310099129158,0.6975973007414009,-0.9528519143927446,-0.4770533976034382,-1.225961542899466
E01001450,0.2586575772911464,-0.2607331727205069,0.5618603946669791,1.311102840254957,1.375949189218214,0.4619833352539905,1.2067477915529234,0.0781603324061763,0.11949549024568065,0.7366567592746474,0.5574973695520069,2.349841439362085,1.6588164869804147,1.3698044739158133
E01002776,1.019962695077155,0.975187965190638,0.8771847967236646,1.50601180709901,1.2884494700498477,1.266103019554464,-1.1621360432515218,0.4762472585903248,1.291377848070095,1.321050660873584,-1.4713839534938289,0.5287799553226595,0.029637286344491,0.1191535977724681
E01000801,-0.0775015278339316,0.0074617141668546,-0.0244768839373067,0.1109942213222148,0.4377960643801585,-0.6570200019397111,0.7970632363183819,0.1871794944382067,0.050920053967780314,-0.0027167926730155842,-0.5236864890719757,0.568076114198231,-0.4219582273400245,0.3206877523815482
E01004630,0.8925049283441729,0.8785014751188223,-0.0552133131120927,-0.9486118186152632,0.0083358344979312,-0.6570200019397111,-0.881825558091046,1.2502351710388626,-0.5863935897518903,0.05237600136303622,0.5793770298874659,-0.6295632591345774,-0.4063329702402397,0.2040546263284201
E01003240,1.0359410072037585,0.1882625190367208,-0.5855736599421154,0.0422614150612087,0.5674643111629837,-0.6570200019397111,-1.1309078194405404,-0.2783664744017595,-0.6806339625624397,-0.02474717149172482,0.7430290577224583,-0.293343822889952,-0.5733573645328696,0.6027049261695957
E01003668,-1.296646743093767,-0.0354179181115611,0.4085081302452914,1.1971395862150738,1.4088896082422957,0.7834892641463856,0.2096752170165891,0.7153364054344897,-1.015908802604343,0.48904125400734166,0.1642782814900611,0.6623889842645748,0.8778617779394575,-0.7263366263649753
E01003373,1.0702329232293148,0.1893717735043114,-0.1960082186326957,-0.9486118186152632,0.492022632422409,-0.6570200019397111,-0.1680375852686142,-0.2251354071463758,-0.7031644372960671,0.18593571274069962,0.11040405459912928,-0.4033066985146431,-1.8102704309587967,1.134938815755134
E01000299,-0.2042218340072243,0.6948169198435428,1.0529755083523176,1.91277197841208,1.8767767948593013,0.9826738683807048,0.3680469234865662,0.2500843233013632,-0.20068345963168127,2.014102046330528,0.3616700940481613,1.055506459153435,-0.2472171892531416,0.5131206651381053
E01033488,1.0632270479122656,0.962247855794372,1.013923402744048,0.795010344883474,1.3464802981977884,-0.6570200019397111,-0.4505786578441602,0.2186477391925063,-0.6985614370816701,0.8060795941009711,0.29603919065076256,1.5320627584481397,0.6873987934883692,0.5626611899491554
E01000445,-1.7649341984965263,-1.4209970550224809,-1.470881485094255,0.4363838487956855,0.4138503574822573,0.1754635812896975,1.2573077729611792,-0.8960882717010797,-0.30968167520886236,-0.6418689235877447,0.2206117246271424,0.083639202698043,-0.9649958581495924,-1.0376458096929442
E01004385,1.087317426195452,-1.2401165087133823,-1.5968982124027566,-0.2990680704439569,-1.1642713888564094,-0.6570200019397111,0.3026163593111768,-1.335443462785222,-0.7143892974680175,0.47758126707869647,-0.1988250009816177,-0.5773504893693191,-0.5044842374260933,0.2806614851017109
E01002446,0.304748862271733,-2.822782389132668,-2.3960110618642374,-0.5443886591348878,-0.9514165730804957,-0.0652173982964231,1.0230960943788183,-1.3817159822817628,-0.0198749279311574,1.304361249240631,-0.06672366548261828,0.3586816176095717,0.5067282713871554,1.354161366959527
E01002860,-0.9232458797043748,0.3775271321205592,1.1782410309770222,1.5986570119454788,1.862482697300777,2.402670071059383,-1.6156888176491089,1.456402305224535,-2.2182552433945926,1.8836032859332865,-3.881967166310835,1.0034002180132455,1.4243040912546523,0.2902245567658347
E01002186,-0.0278458501481797,-0.3716547307930206,-0.381150483280686,0.3997305927586486,0.3793257369069641,-0.6570200019397111,1.551745311750432,0.0594624235482937,0.01829528051836993,-0.152357508612034,-1.0195277077362066,1.237849091329795,0.3487033190076845,0.0839861608394022
E01003553,1.1960928587496364,1.204806697383196,0.6363003458662907,-0.9486118186152632,0.0554730760726729,-0.6570200019397111,0.296668126204323,-0.0224459088517993,-0.7858569323757607,-0.603602028277743,-0.19491689285421473,0.8977123944875081,0.5413391310666104,1.061568483135512
E01000754,-1.5290697294892048,-0.7548539601681266,-0.7409328861379474,0.449157037171422,0.0913281627641735,-0.6570200019397111,1.4937500389586096,-0.4964946704258123,1.0046293966349509,-0.332795219880591,-0.9814236534940292,-0.0674872185049312,-0.6296618441277254,-0.968860957777314
E01000996,0.11436112777859,0.6327772763700825,-0.0360493663095078,-0.9486118186152632,-1.1642713888564094,-0.6570200019397111,-1.0342490314541697,-0.3853643503842994,-0.07513754839491675,0.034196854934789994,0.6795223006521629,-0.9393250806302234,-1.4872770690660149,-0.670419830863123
E01004276,-1.8211041111262007,1.5976527953226445,1.7520030949456655,0.9302731633285388,-1.1642713888564094,1.542151290717009,-1.720154661588225,0.3646396871184409,-2.8084180555033216,1.6298414612964947,-2.652738731601161,-0.7817422055047671,-0.4798472624287448,-1.0854204378900414
E01002374,-0.2383908399394991,-2.038333775882895,-2.1235001227165,0.3298539517718047,0.0880382400151495,-0.6570200019397111,-1.0149172738568957,-1.2688604173723823,0.15662755011945906,-0.7004449070659498,0.6668209492381039,0.0373048762429262,0.0772232445508963,0.1970811966541621
E01001035,-0.0579588230021629,0.0741929159648114,0.1433498668063652,-0.9486118186152632,-1.1642713888564094,-0.6570200019397111,-1.3153030457530022,0.2950276119438275,0.038080106001304445,-0.13598337784944184,0.8641804096719454,-0.8807807066406069,-0.8255796851505053,0.381698101524792
E01003370,-0.6845544785515771,0.6634835599061574,0.7641230753982593,0.9505924541585082,0.39957753276032,1.0453440056408432,-0.4379386624920963,0.8214577353600439,-0.7155949206884843,0.7263696295219781,-0.45779655567448124,1.6485096121940612,0.0216736520281796,-0.3130326234400756
E01001856,0.9907100928761428,1.2370549856692938,1.4203031870749352,1.9614642744378583,1.6446140351484428,2.057917641066469,-0.0074352913835671,0.9411541477320832,2.038799777312414,2.7858739603177156,-0.015301217304712249,0.7641430814574285,0.813467975823317,1.0286870509608936
E01003775,-1.5069459126985232,-0.6357270260605321,-0.967441983860193,-0.9486118186152632,-1.1642713888564094,-0.6570200019397111,-0.4996515809757024,-0.1909278854019149,0.9900936064842234,0.9177268997143758,0.3282810827018357,-0.8459240704453642,-0.3557166194596962,-1.4648926181371122
E01000340,-0.7254835396143381,-0.2067528380931529,-0.7055718426159362,0.0145209344497833,0.0079244075612848,0.7530537594220366,1.0491196142213033,0.9224302592753802,-0.5463281069053832,-0.01024556247623883,0.7900434695727492,-1.1745917372294263,-1.837898821730664,-1.10276771913274
E01002744,-0.1106872530199539,0.7016135879933094,0.9679200201707951,1.1977045710186656,1.1753206131388194,1.3774796269775729,-1.6283288130011726,0.1018520248338652,-0.15246943600109833,1.1592822325390404,-2.242989765929689,0.5420030995964022,0.7150168972021395,0.2604584238732266
E01001438,1.158236550018915,-0.380415555367434,-1.1298601896845502,-0.0700082555602393,-1.1642713888564094,-0.6570200019397111,0.6899950403950172,-0.5155443844063865,-0.7609845803400718,0.07909954090677644,-0.45334054277872526,0.1300650262560606,1.0388038889245204,0.7694952649920609
E01001821,1.4618244804243783,1.209545166902443,0.4773482844494233,-0.9486118186152632,-1.1642713888564094,-0.6570200019397111,-1.246154835885829,0.701401778743005,-0.9604479229639422,-0.4528182242244434,0.8187486526908877,0.484988427588862,0.0615429591078394,0.7640496549100718
E01001136,1.0596626552071002,-0.1225206822241101,0.164700381130738,0.259176697496304,0.2458334007520775,1.1112418398709392,-1.1130631201199797,-0.3904671967123275,1.1775414786148628,0.04268650085784726,-1.2368823094946144,1.542273886970539,1.1615606069345852,1.6594929834741186
E01002652,-0.0558693514163763,0.2938448719463421,-0.2618443198244013,-0.9486118186152632,-0.223593182255073,-0.6570200019397111,0.7710397164758976,-0.4502499687376725,0.03670728137595796,0.24838861642270196,-0.5065885160145885,0.5827437112041807,-0.6560232727000761,0.7334525573701594
E01000355,-1.4152549831104764,-1.1566576465219691,-1.2443130404457523,-0.9486118186152632,-1.1642713888564094,-0.6570200019397111,0.9219761315623074,-0.9812517994029316,0.929850831748431,1.1803700562239328,-0.6057567597474346,-0.7703252609535087,-1.122155622576534,-1.0698194008547166
E01000160,-0.8231970637731816,-0.2918321842192586,0.1527207811551219,0.5769353688556464,0.9242639953623,-0.6570200019397111,0.1457317111179128,-0.8272526100987857,0.5408569364370203,0.08811002020765271,-0.09574864912136849,1.0575489259425763,0.329647345528508,0.6559855585157284
E01000719,0.593833401669972,-0.375816878670434,-0.040001122595992,1.0531269740506142,1.1062977378712189,-0.6570200019397111,1.4000653675256651,-0.391077352645063,-0.39016042271707024,-0.0421262611981447,-0.9198709504874348,1.9875862721877,1.2126194568551545,1.0345486716940648
E01003596,0.5778550895433686,0.8942089011060362,0.0347872406699034,0.7439841478919226,0.9046875031413126,-0.6570200019397111,-0.0096658787986371,0.8629758104986625,-0.37966235205265597,0.025881155607309317,0.00635067570702956,-0.1959782778984976,-0.9452050413902208,0.3481028770459342
E01001157,-0.0793451792331551,-0.5098234537170263,-0.8355524976155211,0.1650662830200767,0.4266254880021248,0.5035689270818322,0.1531670025014798,-0.2787630916335197,-0.03995576677555558,-0.13792154504953558,0.0771301431140105,-0.3129557205176944,-0.4946549301747573,0.3959668808330726
E01000887,-0.6953705667603548,0.7748790046904072,1.3487993223837025,1.3226370057935686,1.1748605615820027,2.2492669221188657,-1.5562064865805727,1.4374433862860114,-1.5640740144291145,1.7839718971739744,-3.500323774252499,0.7774534281367108,0.4868572489897854,0.0362144494275515
E01001011,0.9476915602275952,1.1279844543460222,0.426840272597185,1.4464798797087524,1.7571126988473709,1.7217307353885842,0.9242067189773776,2.756931739417425,1.6316696869122123,0.6174158661612272,1.591235113915991,0.6942405652916548,1.137592445037927,1.788618063683861
E01004656,0.455067906355086,0.6496009201716142,0.6562181738210129,0.9510927529154772,0.4000215222679498,1.0460039232049256,-0.0215623450123444,0.5782878796554339,0.4760028153720717,0.6241243494525943,-0.0225542974764104,0.7172014389981427,1.9960286425092977,0.335343407369286
E01001552,0.6604506722285798,-0.2031279234289404,-0.3429796150331641,0.4618412857059349,0.6392272672460064,-0.6570200019397111,1.7071429016669823,0.3197136639799959,-0.433929301948705,-0.1584021463778431,-1.1216270325646047,0.0035171147350066,1.052990801874184,0.5287154081206499
E01002314,1.356982170855204,0.2645292361333585,-0.7551797040367126,-0.9486118186152632,-1.1642713888564094,-0.6570200019397111,0.6587668165840357,0.6475763387113012,-0.8915644285274394,0.7163723924276022,-0.43282297510986045,-0.6601618754728577,-0.3056292441165261,0.6457281789348155
E01004137,-0.3193885914120499,0.409275789618201,0.8068418961071632,0.8322337930828837,0.8294692867486348,1.2345869650368555,-0.4669362988880075,0.2163567244036103,-0.39431299173879897,0.6714810916154503,-0.5764734681096871,0.7052376292181594,-0.0354424559033211,1.0692527032275865
E01000692,-1.6366160611105731,-0.714788857207649,-0.1471535039147006,0.993015530303668,0.4032917859236655,0.9394188519700728,0.0319717529493381,0.2244752967509557,-1.537467981244277,-0.1461257147258993,0.030034867451137988,0.081327882059879,0.5912163938361884,-0.5686436572756605
E01001051,1.324288086042308,-0.312885152001564,-1.2138697220855477,0.3098187959903755,0.4031476032171243,0.6915918979117119,-1.706399372528626,-1.1115555182561183,0.9158669108078683,-0.37607965578571606,-1.1801319806424269,-0.5134095791933027,-1.459096680138873,0.2928200737441741
E01000069,-0.2768616991366288,0.3956784173074119,-0.0950672813653908,0.0919427158406219,0.0841395474169473,-0.6570200019397111,0.6535621126155389,-0.7584330207282902,0.18190367410377956,-0.008740744036318577,-0.42940338049838306,-1.2767176376370095,-1.4527288732314416,-0.7642877551844707
E01000298,-0.8658468661418843,-0.3086265515201022,0.2459965327049014,1.2933696406758872,1.0683115692586345,0.6505713107386317,0.8357267515129305,0.4400226389530115,-0.5632951306048622,0.3181644471120525,0.543699848151106,0.5518775701375802,0.6759188269864611,0.598623708336098
E01002335,-0.270593284379269,-0.156312476376309,-0.7046841819646117,-0.9486118186152632,-1.1642713888564094,0.8255654817970101,-0.0505599814082556,0.1636018947122904,-0.22339247518960656,0.6684717434028594,-0.041740575410954404,-1.0584248127790226,-1.535105289404432,0.0053982855633809
E01004634,-0.7220420570024543,0.5724791472942247,0.4184945318431641,-0.9486118186152632,-0.0159178237848027,-0.6570200019397111,-1.1889030922323631,0.6209296704117676,0.4743960736923055,-0.3969888589322871,0.7811331119646358,-0.4739609204395867,0.365783366645436,-0.4804468565625933
E01001979,1.4093418705931504,0.513559640873277,0.6970456909803493,1.375550062649474,1.2279177573327484,1.6912780452575733,1.4424465284119972,-0.5709065504789751,2.383588963996435,0.9588212438975654,2.439578144961215,1.162658863313465,0.8489732503518007,1.7594084257375648
E01032581,0.7452586365928591,-0.2429674588314898,-0.145163509437651,-0.9486118186152632,-0.0945731468273686,-0.6570200019397111,0.4862680564852816,-0.3789861921816203,-0.4896498308598267,0.13770382068422404,-0.3194878394151793,-0.1210549998550293,0.0008460918646688,0.8767551911334339
E01001257,1.3896762556681002,0.7023536534042928,-0.1982408575974049,0.1709945010866738,-0.1585420172299893,-0.6570200019397111,-0.3799433897002737,1.0359918700549045,-0.9130450961946256,-0.033898096539862595,0.24963040663785424,-0.6878407952171015,-0.2212690930298588,0.9212077972139208
E01002093,1.555236151318367,0.0361685883822266,-0.7164517146890312,0.028357418978442,0.6965664681950317,-0.6570200019397111,-0.6297691801881249,-0.3285156846235469,-1.0218212591559024,-0.020316721451260046,0.41377094798877206,1.022516301285016,0.9652132807465154,1.0044893041188905
E01000029,0.3611645950879709,-0.148228877561116,-0.9650207932748662,-0.9486118186152632,-1.1642713888564094,-0.6570200019397111,-0.1747293475138246,-0.3771392123732505,-0.2372923629652536,0.9154301297100148,0.11480067624245749,-0.676215773011659,-0.9094144382593916,0.1146161997428429
E01032577,-1.0809395293846218,-0.6574443859600989,-1.1321527529712283,-0.9486118186152632,-0.4794471696726014,-0.6570200019397111,-0.0617129184836061,-0.914867775353674,0.7101988916929947,1.0739734819463138,0.04054662182180411,-1.1242126568530992,-1.0729771349536303,-0.9815909938444892
E01004212,0.551798149767677,1.6163521608962392,1.5906039302860544,0.891711712444403,1.1201373762385722,2.6030075310573717,0.1040940793699379,1.0876337634124766,1.4363347394687869,1.4183601544961753,0.27095767253843217,1.1063166211735782,1.6360309395481427,1.0507228066596337
E01003879,-1.750922447862428,-0.0674896244734479,0.3398061077311247,0.4680435356041132,0.9025041195840248,0.9026213609077048,1.245411306747472,-0.3910041219690174,-1.5804200027334345,0.1590440520823478,1.1241348485862461,-0.4335792866205177,0.2246603782213013,-1.682267421060337
E01004309,1.3001977077591214,1.336527203592081,1.7454416910023356,2.0744213057821894,1.7092462144459308,2.432517986415108,1.319764220583142,2.158554907493757,3.162754310019757,3.620781431815738,3.210350204395609,2.183589920909091,2.1419534224488976,1.8769220712192447
E01000914,-0.6902083428425291,-1.2625312186869362,2.169328123840249,2.142916218321989,1.3028827482300394,2.706182564723066,1.1911336796474328,0.9575462728831684,-1.8678297834268527,4.6486884194392815,3.2234251961163127,4.046640575803458,4.568989473464967,2.9601709773138176
E01004674,1.1288610377246209,1.3474633903990842,0.9861616695248316,-0.9486118186152632,0.4698906895906728,1.4581255129208095,-1.3837077264818185,1.183714990584741,1.6460210796485302,-0.9354846147766147,-2.017619538408789,0.5267675692912145,0.4449162727530315,1.0712043323375913
E01000982,-0.0261251088422378,0.5874381025642782,0.265658814745731,-0.9486118186152632,-0.0699282139048618,-0.6570200019397111,-1.3034065795392948,-0.2196308831740246,0.017164719062202245,-0.2520070913871232,0.8563641934171398,-0.5906428408646115,-0.4356691410488144,0.0690143196242542
E01002829,1.1396771259333986,1.5132837414862377,1.5557010560302709,1.9633518088430284,1.933705363513833,2.6927815019682426,-0.9152843693170976,2.919373912749756,3.068901482929787,3.0543884823760417,-2.4646608187377494,0.8889218981514139,1.1060242153961,1.16147247523021
E01002511,0.4523638843028916,-0.2684611103326898,-0.5959398124317409,-0.0184047773961682,0.5794700339616139,0.7048488964886727,1.3086112835077912,-0.1102280600260561,0.31884818466222276,0.01096813958932042,0.9223732191130922,-0.4160011823452113,-0.320789814643919,-0.1837138270265045
E01004497,-0.2685038127934824,0.1436890674619994,0.4316685617942127,-0.9486118186152632,-1.1642713888564094,-0.6570200019397111,0.140527007149416,0.1104029372827758,0.17641237560239365,-0.40948589944264324,-0.0923290545098911,-0.7361796649830372,-1.0180563494713444,-0.3493323831322161
E01033712,1.086211235355918,0.2274877708362124,1.3395606641095756,2.1554383314511907,1.7153709166502304,2.2503458341696314,-0.9175149567321674,1.3272085019861055,2.444350928511439,2.8873404027259926,-2.064725960670563,2.429295728721817,2.8666033702538933,1.349654511299698
E01003803,0.472275319414505,-0.0333806437450617,-0.5187818880660147,-0.9486118186152632,-0.2369969574604716,-0.6570200019397111,-1.3346348033502762,-0.3096843836280119,-0.31029433127779577,0.4921226303029621,0.8768817610860044,-0.5714175807480957,-0.5891065433121039,0.3452266758471558
E01000401,0.2273155035043475,-0.2282320037746374,-0.3262370192150403,-0.9486118186152632,0.1264281329518228,-0.6570200019397111,0.7412985509416297,-0.8162247677196917,-0.1493508325533528,0.30947229209720195,-0.48704797537757455,-0.5469685275236507,-0.7287482957828851,0.0145794036817606
E01004296,0.6373435746916457,1.1091369281112513,1.228235608922159,0.8623667113479182,0.4625096206092139,1.1393645040802012,-1.1859289756789362,1.0667447329497437,0.7261666459072496,1.05918950282661,-1.3512053792487722,0.3540120388864957,0.0556198102511539,0.4283619788591013
E01004499,-0.5870867745792968,0.4651522989434815,0.8735525720010615,0.8281270749091049,0.6859015545318982,1.0932941583943756,0.9747667003856332,0.6191662837123078,-0.6418585411181408,0.7234125362305643,1.0657067393289732,-0.4685300138010018,0.1254023441329665,-0.4169838138593013
E01004104,-1.9779373901534767,-0.8484230815808897,-0.7805387785321254,0.693299500235881,0.6934326248766918,-0.6570200019397111,-1.0290443274856724,-1.0296634040513069,1.2995444279152644,-0.5411471450710476,0.6761027060406852,-0.2705602444650769,-0.3121945874677923,-0.7403872420484342
E01002403,0.6765518944484646,0.5578108148547384,-0.4796102200490929,-0.9486118186152632,-1.1642713888564094,-0.6570200019397111,-0.329383408292018,-0.4496784236162487,-0.4445081270028455,0.45496392306723654,0.21641148755493034,-0.7638330023679801,-0.9259425736606534,0.0915981225243777
E01004370,-0.5078097644126879,0.8459573560266869,1.1121800079042716,0.9936107145009831,0.989021974273504,-0.6570200019397111,0.5859009610250793,-0.2772398496091101,0.3336411723994284,1.1050739723074725,-0.3849486505491762,0.2678873917191195,0.1611402974986771,0.2477823212093798
E01000980,0.6696689292246971,0.3237584690567938,0.066567845489415,-0.9486118186152632,-1.1642713888564094,-0.6570200019397111,-0.9918678705678374,-0.8571899017716855,-0.4399858811781748,-0.06314704497101381,0.6516770302444177,-0.6708077158184569,-0.5863959542347951,0.1936085903781922
E01004570,1.0932171106729671,0.979210528926634,0.3453287760625159,-0.9486118186152632,-0.0005261324500622,-0.6570200019397111,1.5383617872600115,0.0718927185156868,-0.7182655081748782,-0.32758295828084616,-1.0107344644495502,-0.1500827654135624,-0.2429284209096162,1.1042807612303922
E01002474,-1.0550054997022116,-1.96940439166606,-1.777874176849976,0.3532647569511934,0.4689603977320676,-0.6570200019397111,0.4238116088633188,-1.4769320672160084,0.693159715460753,-0.6280602889747098,-0.2784527040774498,-0.978491744664147,-0.2892966861277553,-1.1259702255203228
E01003680,-1.485559556467531,0.0050604351613964,-0.3170816683911368,-0.9486118186152632,0.2495318455111158,-0.6570200019397111,0.8178820521923694,-0.2878630203461584,0.9760423426718536,0.3007874181020781,-0.5373648675178855,1.256863294471394,1.330935181675343,-1.1845659252193022
E01000214,-1.0513181969037648,-0.6792292841763402,-0.335864310842321,-0.1538123914075168,0.1575805245996556,-0.6570200019397111,0.210418746154946,-0.8847933260911505,0.6907370837689651,0.051660092839094965,-0.1382493250068742,0.681870256367355,1.0126280694411256,-0.2304807129573078
E01003365,-1.626045793088359,-0.8004280922175634,-1.1322097877932165,-0.9486118186152632,-1.1642713888564094,-0.6570200019397111,-0.1308611283507792,-0.1001695614838787,1.0683446101289726,1.0740275858525243,0.08597837880286174,-1.461353677066784,-0.7801877779157032,-2.2675999299930885
E01001387,-0.2680121724203561,-0.3585096991667141,0.7840962866489968,0.5264205685491278,-0.0290754106714968,-0.6570200019397111,0.2163669792617995,-0.3526410638155259,0.17608935804348855,0.41276441301502476,-0.14215743313427695,0.2733833071727772,0.380580251526093,0.7766211955622362
E01003164,0.780533833364668,0.6062285013619929,0.6543172605994572,1.5198224060151275,1.3871561953646414,1.7609662496539225,0.7762444204443946,1.5400570998010767,1.374493737268179,0.9944460333014942,1.366940225884748,0.1498779852736712,0.3433536654472467,0.2348277247297869
E01003675,-0.4838422962227828,-0.0886048010716751,-0.5058841995141964,0.7256247058005822,0.6831726171429129,-0.6570200019397111,-0.7844232409663183,0.3605647107772135,0.31789406640280704,-0.3670820734416518,0.515381759301245,-0.3985418176567976,-0.1299465314118815,0.2224587214869053
E01002851,1.3516970368440968,1.4028964024177746,1.4041703368153995,2.000580257934377,1.484953648336595,1.767662776008098,-0.8238302852992234,1.780173852172117,2.3893445364697565,2.8091554546099533,-1.4562541290715687,1.5140212617300937,2.1323580843671146,1.2439346298942031
E01002036,1.7039573641890595,0.4220035534757746,0.2824052205312033,-0.9486118186152632,-0.1699091279441224,0.9636124087044836,-0.9874066957376972,-0.4666697217096424,1.6419544600359626,-0.26789292983454926,-0.9514773444507376,0.0849503153665874,1.4420696047471304,1.247681811233742
E01000979,-0.1435042479261316,0.6513683865516995,0.5632587146847138,-0.9486118186152632,-0.0680878088451026,1.6606974136131647,-0.2840281308522595,1.1640749202515364,-0.23831713337342908,-0.534313873687962,-0.4716847822997288,0.6150177457785798,0.7471677978991518,0.1552464729033667
E01002540,0.759393297320239,-0.0072015672938358,0.0349635201510248,-0.9486118186152632,-0.2968913140832288,-0.6570200019397111,-0.0899670257411607,-0.2053430549213621,-0.49893658567834703,-0.03316680843565504,0.05911013542696744,1.8744849773618832,-0.736910876884559,0.6674192852728466
E01000590,0.0069377062505029,-0.1427125935930426,0.1228869894614348,-0.9486118186152632,-0.362555886541548,-0.6570200019397111,0.7472467840484831,0.1578979288531906,-0.004558211774162561,-0.11657205055716635,-0.49095608350497727,-1.2427232904738048,-0.1227103897112148,-1.312893107623497
E01001954,0.7322301667050133,1.079455349113419,0.7153490036066901,1.1082149995776849,1.2944709870488873,2.024902400880321,0.4126586717879682,0.3885743947455611,1.4826946225579791,0.7927604957298854,0.8355935352475412,0.1685057107771713,0.2233642677229027,0.0595831166116747
E01004403,0.9425293363097696,-0.2516714864532197,-0.2190477723473513,0.0947243378443235,0.5789549578802564,-0.6570200019397111,1.2662301226214594,-0.2702231851799998,-0.6192606263704795,-0.020749155191876967,-0.8319385176208719,0.7243014726350872,0.0842158243456911,0.3009058311522579
E01003018,0.3620249657409419,0.6821356777610057,1.2345178564493773,0.9499055295626084,0.9489758322026182,1.0444380126010815,0.425298667140032,1.308348834371705,0.37811263573044396,1.1726753381850419,0.4441980946696239,0.8435219072033023,1.1594673302526688,0.668126843642304
E01003178,0.2869268987459062,0.7812170946072327,1.1099950998323884,1.3835480697433906,0.5818251437744052,-0.6570200019397111,-1.322738337136569,-0.0505890580942575,-0.18851671157059058,1.5357315777977232,0.8690655448311989,0.0503852122634575,0.2537277432975235,-0.1074458033865899
E01001259,0.133535102330514,-0.3657540657786662,-0.8341943013344952,-0.0438262814043546,-0.3515130346180615,-0.6570200019397111,-0.0587388019301794,0.2171420162702569,-0.08773523319221382,0.03655963419619457,0.038592567758102776,-0.632878409694252,-1.1990197542630678,0.1835860125120297
E01002592,0.5195957053279072,-2.528610632620196,-0.4627286677105758,-0.2597803699627435,-0.1756306553991392,-0.2726921267284224,1.3970912509722386,-1.211672895264027,-0.14168965792482172,0.12020782449022079,-0.3809757844612919,1.4194087636119332,0.8353020025082076,1.137023822860436
E01001729,1.426918013932414,0.9044001544511776,2.692280944564706,1.0501477161465365,1.0943883359152924,-0.6570200019397111,-0.2141363918467295,0.2011274201713998,-0.9375136762816834,2.8272926851594655,0.14069189258650094,1.6637315298036826,0.9663033481839468,3.303081307917245
E01003581,0.6899490946161552,1.0622814373645797,0.5418941126004173,-0.9486118186152632,0.0600522464922723,-0.6570200019397111,-1.3814771390667482,-0.7298206044773372,-0.4533103554830082,-0.5140471596507861,0.9076581125893014,0.0082175120318093,-1.2286091277700777,0.2970543530327062
E01003648,-1.5043648007396104,-0.2017000252605245,-0.6890337292349704,-0.9486118186152632,-1.1642713888564094,-0.6570200019397111,0.3754822148701332,-0.1239421203973951,0.988397764299972,0.6536255389768422,-0.24669932554230195,-1.017951198139674,-0.4809765391998425,-1.4134836299462297
E01003963,1.3295732200534152,1.7213475610845066,0.8184067985423538,1.0794638673440136,-1.1642713888564094,2.6449393637306517,-1.5205170879394512,-0.1442525029431438,3.5166405466813937,0.8834405678151622,-4.021675499116156,0.319731370219745,-0.5795415240098595,0.5021499467843107
E01003006,-1.471179075553588,-0.7222902405810426,-0.5444207080216534,-0.1389604374863394,0.1739624137183667,-0.6570200019397111,0.2542869653179911,-0.3833272604590914,0.9665940790738808,0.07565293976331161,-0.16707162244646978,-0.2433330924520839,-0.4321480172553603,-1.2001233050391928
E01001890,-0.6101938721162309,0.6724971825765521,3.1545577805521,0.6565049125014654,-1.1642713888564094,1.159922374293529,-1.5115947382791708,0.2924869162504737,-0.7077775249244205,2.070982679702173,-1.7533325577943812,1.3378987618133822,1.153060376627737,3.005864245201212
E01001486,1.4099564210595583,0.5614141211624988,-0.3533692409907649,-0.9486118186152632,-1.1642713888564094,-0.6570200019397111,-1.4729312230846223,-0.209365537367369,-0.9263695704994591,0.3352102383389447,0.9677452750481196,-0.2891559027803715,0.311024972091438,0.9353441248220516
E01002971,-0.7815305421507314,-0.4703839362971996,0.0160031970986823,-0.9486118186152632,0.0467625919953569,-0.6570200019397111,1.185928975678936,0.411962257224777,0.513481198319817,-0.01518082190343952,-0.7791790579009341,-0.0834806749032797,-0.6577626505362518,0.0986505409462333
E01003532,0.5794529207560289,1.293757716785892,0.3076383373809433,-0.9486118186152632,-1.1642713888564094,1.2794921542545288,-1.6409688083532363,-0.992879967214033,0.7414054658672102,-0.29182936269871257,-2.099606715664369,-0.2011956240722456,-1.8003060449292465,-0.4842733584575582
E01003531,0.8502238562553149,0.3081362326274124,0.4179717086288622,0.8606470149694966,0.2119071635676341,-0.6570200019397111,-1.3732983185448244,-0.5835574553287814,-0.5586140796860557,0.35972610337313043,0.9022844639141225,1.0661058495995586,-0.6378561412686932,0.8136793993914678
E01003707,-0.3799832673998611,-0.3685668589506002,-0.3842754618049708,-0.9486118186152632,0.4065371206635149,0.6962295163008984,-0.1368093614576328,-0.8065884523151706,-0.2645555664642402,0.3645282446720335,-0.09525071555308245,-1.0848741825457109,0.1756158443285815,-0.592392098879215
E01003252,1.341495499101727,1.3563995977374177,0.3079366421732903,1.4911908419948383,1.1988904447967346,-0.6570200019397111,-0.6766115159045968,-0.4568177462315705,-0.8813893754219303,0.459192300723452,0.44454729949206906,0.0119085619033104,0.1169311978347129,0.4899445793399103
E01000057,1.058925194647411,0.3770902703627599,-0.3112327322930783,0.8134170050633645,0.2211797376812809,-0.6570200019397111,1.6127147010956815,-0.2157144278631685,-0.6957350334412509,-0.25316199697952363,-1.0595858160420852,0.951822690208164,0.5554717967091503,0.6266186896033701
E01001062,-1.1484171705962003,-2.561038241226329,-1.540810482814125,-0.6093027636682348,-0.0755543730645557,-0.1602548427748422,1.455830052902418,-1.324800609042771,0.1840394131138232,0.9388200854676335,-0.2333038162347672,1.315391012032788,0.6402768611700334,-0.1415661140636901
E01002029,1.2169875746075025,0.1490285215689103,1.217148963957839,1.365360407430651,1.0197646660433912,1.7725037470822655,1.2000560293077134,0.5349309180061083,2.1571150361443565,1.6618470053332697,2.127103808656587,2.677242198793065,1.95732764057951,2.622710553654197
E01003621,0.4089766213744994,1.5401711560391669,0.2835249493872788,-0.9486118186152632,-1.1642713888564094,-0.6570200019397111,-0.5494680332456012,-1.1565067471028576,-0.2687058205687701,-0.268955117861067,0.36101148826883417,-0.556620587683078,-2.1178423169107763,-0.0938529256095066
E01004190,-1.9073869966098596,-0.5832868582779852,-0.8355836114450585,0.4928998894231621,0.5432961318222514,-0.6570200019397111,-0.7420420800799864,0.1793543558404461,1.2531914082123896,-0.4118590696850758,0.48753648889349993,-1.5570024000165008,-1.242947034455173,-1.478804379453153
E01003204,0.1999065527025587,-0.324854966831889,-0.0299477828532043,-0.9486118186152632,-1.1642713888564094,-0.6570200019397111,0.5353409796168238,-0.6847132947455331,-0.13134260364439607,0.02840882075587313,-0.3517297314662524,-0.3370521382554631,0.8830715405238498,1.1119426763704705
E01004259,0.6498804042063653,0.6854600524020067,1.8650264874651468,1.4185696718569034,1.315617690803079,1.6827229791225111,0.9019008448266764,1.1122348509384925,1.0935686898394767,2.6456700123278662,1.5176492764798546,1.1125915189154147,1.4372105087912317,2.0883136460562968
E01000136,-1.2920990696423489,-1.4019167807462518,-1.210023013715125,-0.3325588505283447,-1.1642713888564094,-0.6570200019397111,-0.5576468537675249,-1.067892465982385,0.848934933242715,0.4024038625539455,0.366385136944013,-0.4273415130571723,1.4844114349374955,-1.203434473957716
E01003906,-0.831554950116328,0.0249419505494209,-0.0108006752237753,0.6219730936962125,0.3865699589407265,1.328265603295958,0.6349738841566216,-0.836291296569956,-1.1045258374900047,-0.006717729382939555,0.8434139693164728,-0.744821791823216,-1.2934466214089293,-0.5214791631515122
E01003081,0.8813201098555506,0.1393876408331926,0.8015393365739043,1.6480412921018004,1.4507654313577083,1.325634820133737,-1.0758866632021449,1.2146446841640368,1.1683086253086081,1.320969923917677,-1.4262328232582617,0.3096637419276883,0.6420014124355787,0.9467872849184884
E01003361,-1.208028565837759,-0.0207280411252701,-0.2098056339902795,-0.9486118186152632,0.3788069543138339,-0.6570200019397111,0.5457503875538176,1.6163061033129542,0.7936989306699508,0.1990241040152473,-0.3585689206892073,-0.2913161607078416,-0.4778049810922233,-0.8765916913399059
E01001402,-1.288657587030465,-0.5699522308112348,-0.4119122033763793,0.9364171192479416,0.8769238646323824,0.4758643639055886,-0.7004044483320113,0.7101427769526073,-0.6132262229443629,-0.38572163886878136,-0.3332975172821573,-0.3488600086908807,1.0766609839483612,-1.0419239460064544
E01003203,0.5339761862418502,0.7115228149821925,0.4979599126484575,1.2894026155921028,1.4059846018232482,1.0797488467360576,1.0409407936993793,0.9572910532874364,0.576560171279156,0.6420708138289362,1.1239546215174212,1.623300509161851,0.7318638404443153,0.7779041043716154
E01000369,-0.4878983293010744,-0.292515212359952,-0.3838961917617381,-0.9486118186152632,-1.1642713888564094,-0.6570200019397111,0.3732516274550631,-0.6728552668681475,0.3205589612637737,0.3641684646265762,-0.24523378499452586,-1.4091145747155276,-1.654432594295503,-0.252323786587626
E01004584,1.0183648638644949,1.9316103408360292,1.1069393793560507,-0.9486118186152632,-1.1642713888564094,-0.6570200019397111,-1.2952277590173713,-0.5628642954114284,-0.669086084831584,-1.050055777747794,0.850990544741961,-0.3865040175756689,-1.3943512874720043,0.6943756890392788
E01003705,-0.5325146931622823,-0.0701890010257801,0.0717903344176259,1.103720445253476,1.2045318216045398,-0.6570200019397111,0.8201126396074395,0.2322331234266492,0.34987280473440735,0.079236459868318,-0.5388304080656615,0.8159471705643164,-0.4351369392917938,0.1594409946555272
E01002873,0.1041595900362202,0.3651379731637926,0.5853053467798001,-0.9486118186152632,0.6214269216339446,1.1631778302489788,-0.8104467608088027,0.7346101946766578,0.12115612593795377,-0.5552275694540234,-0.9426937047698962,0.0477589968298262,0.6867728736613489,-0.0871495549255593
E01000866,0.3558794610768637,0.7339914535868844,0.9014112645527114,0.9903222320926448,1.2464016860483855,1.097923449453804,-0.1152470164452886,-0.2874305908468341,0.39072840549527094,0.8926876155452946,-0.12653240183487052,0.6796658459994246,0.5507326316980673,0.35678906863264
E01001723,0.3904171972889832,1.0094474448697013,0.9888694575055504,-0.9486118186152632,-1.1642713888564094,-0.6570200019397111,-1.1480089896227443,-0.5629202973622739,-0.25651190772010435,-0.9380532544574289,0.7542648685887413,-0.1982538137788537,0.6736527713454493,-0.6629064783221943
E01003188,1.299706067385995,0.8810263135180184,0.338095170946393,0.5298439411468568,0.1638082727865062,-0.6570200019397111,0.7784750078594647,1.1669828397613358,-0.8539328829150008,0.17913767785695717,-0.5114736511738421,0.0590424742034985,0.1239639248772295,0.6504994409357114
E01001030,-1.5529142875858282,-1.1264872054666677,-1.228181183194494,-0.9486118186152632,-0.5317989637948699,-0.6570200019397111,1.2208748451817009,-1.4622517672209785,1.020295748241846,1.1650671857791748,-0.8021391931494256,-1.2811765313688337,0.030716311875313,-0.9841632540482022
E01003439,0.7330905373579842,-0.8434199854487853,-0.5588489945179838,0.8446312771867087,0.7255121261482663,0.9069240369856578,1.5524888408887891,-0.2292777642341164,0.6648574296166883,-0.4720213399942326,1.4079894469540453,0.6840324033063738,0.355139614846255,1.1354949543657356
E01033702,1.194249207350413,0.822174238590778,1.0532386057414331,-0.9486118186152632,0.870753458693139,-0.6570200019397111,-1.1874160339556497,0.078423984353009,-0.7846456165298668,-0.9991145892281851,0.780156084932785,0.6525824271781538,1.5814476008042733,0.3382827893213522
E01002299,0.1203837223493867,-0.5482544039048416,-0.1017052291863607,-0.9486118186152632,-1.1642713888564094,-0.6570200019397111,0.8424185137581405,-0.3496337731111065,-0.07909451349150369,0.09647878242115578,-0.553485813543422,-0.7275285751596997,-0.1354699345008964,0.1081241012782049
E01004540,0.6619255933479585,0.945998704361368,1.0433645885797609,1.7069361640177834,1.6760577286284597,1.9650381349086623,0.9970725745363344,1.360448925415667,1.300709033400782,1.7809567485023299,1.9592856322354566,0.4734745183843357,0.9620291275703834,0.3298054058713979
E01002567,0.2507913313211263,0.0569127124725231,0.2204040415533049,0.0388803978465271,0.0320114205319648,1.6056542836199328,-0.5911056649935763,-0.6328999361670606,0.40268417543051227,0.008569396822574986,-0.9491113430689447,-0.3857326280663536,-0.6816544330070569,-0.0574846528162418
E01000376,-0.2949294828490187,-1.3564174705926602,-1.1353198050620943,-0.9486118186152632,-0.6274140308019882,-0.6570200019397111,-0.9546914136500024,-1.0442700064633266,0.19377456939354026,1.0769777849898794,0.6272513544481502,-0.9394364925833308,-1.5601208064441658,-0.2630297356827556
E01002463,-1.5472604232948763,-1.6291091722966895,-1.6889089106892758,-0.9486118186152632,-1.1642713888564094,-0.6570200019397111,-0.956178471926716,-1.1526887189851336,1.0165810463144378,1.602118953244477,0.6282283814800009,-1.2262007050092028,-0.8559451371000236,-1.2951130331532972
E01000359,-1.7117141281056092,-0.3699653183060229,-0.6198282793922387,-0.9486118186152632,-0.2540626811156349,-0.6570200019397111,1.5926394143600509,-0.3756707804030377,1.1246304197681782,0.587976431343441,-1.046395951112101,-0.1968043809475975,-0.230958016002079,-1.2784908164689517
E01003843,-0.3545408780905773,-0.2329975188279863,-0.8251845481249304,-0.9486118186152632,-1.1642713888564094,-0.6570200019397111,0.8372138097896437,-0.1215580168160293,0.232940448410778,0.7827798148900044,-0.5500662189319446,-0.7993573179780953,0.002833354516732,-0.4341862596907144
E01004536,0.4490453117842893,0.9091899057076694,0.6168801487870408,1.2708815487177214,1.0587562611831232,-0.6570200019397111,-0.0550211562383959,-0.7569082624820992,-0.29503175161953193,0.7839815988636928,0.03615000017847602,0.3868802194593613,0.145962030517136,0.7237029931811457
E01000743,1.1514764948884286,-0.3968627995419682,-0.2370759221022672,0.6800752976856141,0.5884300444341762,0.5512722884661937,1.5911523560833372,-0.3840687715811298,0.6347770824521755,-0.16122947829779083,0.8771582006364372,1.884023803898792,1.0365631549341283,0.8974770876530901
E01003362,-1.4191881060954863,-1.225468646595288,-1.3811227286728902,-0.9486118186152632,-0.2654487236434694,-0.6570200019397111,-0.2587481401481316,-0.506459527241192,0.9324349722196713,1.310149343377265,0.17000270354202204,-1.2043622271106822,-1.238570204214376,-0.9819118711548692
E01004409,0.7356716493168971,0.4622495320398011,0.6490900989519283,0.9319404846045124,1.225504139253356,1.0207821602948464,1.0684513718185775,0.3717896738216777,0.7509604954573749,0.6049133413692509,1.0906560994949597,0.4356735418186524,0.8738625097073096,0.3006270910419045
E01004722,1.2013779927607438,1.9477461726108656,0.8802401222610297,-0.9486118186152632,0.517956371044271,-0.6570200019397111,-1.3123289291995752,0.8063353568243071,-0.78932937113399,-0.8350061831961569,0.8622263556082439,-0.2695175539692265,-0.2432155417033683,0.2440670244749361
E01004558,-1.7606323452316717,0.0353584689377923,0.4708263149240281,0.3695635508005431,1.207615244076695,1.2728536269773876,-0.7955761780416688,-0.3349515609911966,-2.2410272664018374,0.17400024475365855,-1.012652023757146,-0.6553704573817575,0.0822189939473632,-1.5452357767256406
E01003485,0.4916951141529921,0.4375926001628236,-0.1539034179555573,-0.9486118186152632,-1.1642713888564094,-0.6570200019397111,-1.211208966383064,0.937786465385519,-0.32305352485454536,0.14599460119792615,0.7957885174423962,-0.5272829996946511,-1.6228539816924443,-0.7252676762482614
E01000013,1.321829884176677,0.1521239498593359,0.0215831823357006,1.2270556836866282,1.4362197185994017,0.8204177436380181,1.3234818662749253,-0.2105911144737487,1.084452691049532,0.026483766557066257,1.0858080064751074,0.9092293472639524,0.5990221652131978,1.2455014297845983
E01001773,1.292700192068946,1.2656663513743411,1.5725200407527498,1.3008056621570865,0.7643237585017819,1.7451361262292593,-0.8647243879088419,0.4489269211593267,2.25593780556302,2.045542972866669,-1.5090617685712036,1.2582073600591992,1.7657315198097152,0.3336234299397116
E01002225,-1.6015866845253277,-3.0351545212742987,-2.604457792575028,-0.7195410950553193,-0.958499814679082,-0.6570200019397111,-0.483293939931855,-1.2327798488151218,1.0522744865734464,1.874014412094795,0.31753378535147797,-1.3160675775129256,0.2160126554877238,-1.5728007090818257
E01004661,0.1454573813788258,0.865277680678543,2.1183972808105698,1.9401932231273715,1.7736782091738332,2.422773531063617,1.406757129770876,1.825851200024265,0.35241029350244496,4.110100048120119,3.408253938643904,2.0249270341590164,2.89825044216492,1.7068255024548007
E01001932,0.6250525653634893,0.0711114794743396,1.2383358293158533,1.9282483757595328,1.5488967139115328,1.951344854358785,0.028997636395911,0.6756008966805469,1.219693107125803,2.3878190515231283,0.05658438856972795,1.4207380192497288,1.3975263992394336,1.37190861030119
E01000828,-1.1135107041042362,-0.6645395853952035,-0.8490275556089816,-0.1682418484470672,-0.4632740955021443,-0.6570200019397111,1.5874347103915538,0.1042628576683954,0.7315988049704544,0.1428419653381502,-1.0429763565006234,-1.1131992060949962,-0.7387180114055222,-0.3735413635257971
E01003527,0.1147298580584347,0.4375061550222306,-0.4227613069493613,0.7476106048820643,0.5010992987703511,-0.6570200019397111,-1.0513502016363734,0.373194760446065,-0.07537981156409555,-0.31606083640914406,0.6907581115184457,-0.4392289497662957,-0.3740736425011245,-0.5161345456214169
E01033571,-0.6353904412389515,-0.7941895881894823,-0.795970853608643,-0.9486118186152632,-1.1642713888564094,-0.6570200019397111,1.3725547894064676,1.737622713311938,0.4174642289352898,0.7550673590064383,-0.901795950398197,-0.4499725939072878,-0.0205563043455093,-0.2202174051789929
E01002947,-1.5516851866530126,-0.4775313392561874,-0.7863773051729178,-0.9486118186152632,-1.1642713888564094,-0.6570200019397111,0.2862587182673292,-0.2075216658789832,1.0194882043445834,0.7459668055778514,-0.18807770363125983,-1.0318877636207326,-1.7822150522747622,-0.9484617645169082
E01002814,0.5628600581630178,0.8835073828028082,1.3310324599771768,1.2894818154348648,0.9735314916968372,1.079852196359101,-0.243134028242641,1.0863820682951673,0.6078056700501461,1.716342152894104,-0.2625488144074516,0.7952416933276047,1.0075518005449091,1.0939843144263504
E01000102,1.446706538950746,-0.1819963837459886,-0.7612122376414088,-0.9486118186152632,-1.1642713888564094,-0.6570200019397111,-1.6082535262655415,-0.7531773751572014,-0.9505151330276119,0.7220949251012106,1.0566547349465334,-0.7295343950284762,-0.4306208694201173,0.2601729460614639
E01003860,-1.2424433919565971,-2.6693069261839084,-1.6821183277628606,0.3452822869190836,-0.0387835984260342,0.256774415870649,1.5502582534737188,-1.6226210155564635,-0.319027676222003,-0.5808056630784652,0.39806665748436665,0.4068467334871388,0.3284732375471926,-0.1266957771002977
E01000139,-0.7865698559752754,-0.9686897495905225,-0.790957061826485,0.1408605935253796,-0.1856109568947255,-0.6570200019397111,-0.7702961873375411,-0.6792271668376791,0.5167921282985938,-0.11141468118196904,0.5061000024986634,-0.3481934464435605,1.0780613238719632,-0.4033776248910787
E01003037,1.2965104049606744,0.6071558840504814,0.8241772302636293,1.3338965965792753,1.474208721254823,1.2533574095328948,0.6714068119360995,0.9220743253722862,1.6249909225939552,1.0993672024267889,0.8415127025509691,1.4767114387318507,1.6663910131891009,1.5045931979888878
E01002485,-0.4099733301605627,-0.2331157345500779,-0.3614238554302633,1.0227345104460326,0.8961180150036616,-0.6570200019397111,1.5941264726367643,-0.0756613130895529,0.26936067817732273,-0.36964064984698797,-1.0473729781439518,0.59982497303992,0.3228865904633176,0.1328352047149742
E01004169,0.719324606910449,0.5530108048599574,-0.1142031326132431,-0.9486118186152632,-0.1131943743022245,-0.6570200019397111,-1.2171571994899175,-0.1333755152911121,-0.4726106546275851,0.10833444131980861,0.7996966255697989,-0.8561436959347588,-1.3062708701828492,0.0836249120199576
E01003837,-1.4673688626618595,-0.9414831334067206,-0.7318022141994502,-0.9486118186152632,-1.1642713888564094,-0.6570200019397111,-0.3568939864112161,-0.5821313208422949,0.9640906929923666,0.6941962292784168,0.23448648764416843,-0.5737779140628537,0.3295526277562457,-0.5212929639568757
E01003492,0.5564687333123765,1.3039365410289334,0.4384682551018552,-0.9486118186152632,0.4214792833618684,-0.6570200019397111,-1.2521030689926824,0.693390268245744,-0.36561108824028615,-0.41593616887723206,0.8226567608182904,-0.353159769499823,-1.084782168058146,-0.5870087550184775
E01003386,-0.3313108704603617,0.7826599050292561,0.0534949859339327,-0.9486118186152632,-1.1642713888564094,-0.6570200019397111,1.150983106176171,2.9253453781977328,0.21767786875251421,-0.05074597589358582,-0.7562189226524426,-0.8530412420974122,-1.0885878863892973,-0.1302269000191123
E01033150,0.688597083590058,0.2983540247040621,-0.3253437463402451,0.1617686080089488,0.3477279778130733,-0.6570200019397111,0.3316139957070878,0.6482937267771054,-0.4524220571960193,-0.052630404969877975,-0.2178770281027062,-0.4086246074641335,-0.2372089376603348,0.7428366203050328
E01003143,0.8279771293713518,0.2109417192462815,-0.2023845468806602,-0.9486118186152632,-1.1642713888564094,-0.6570200019397111,-0.9197455441472376,-0.2519830392526909,-0.543997535145602,0.1919843730760891,0.6042912191996587,-0.469158969474984,-1.3611525975980552,0.0986505409462333
E01002375,0.8363350157144981,-0.11035122075862,-0.6552912810211858,-0.9486118186152632,-1.1642713888564094,-0.6570200019397111,0.6364609424333347,0.7865027568169944,-0.5494888336469879,0.6216170538122326,-0.41816756963209994,-0.679907882155465,0.6829176782616123,0.6005345095880157
E01002000,-0.021823255577383,0.3946686989126228,0.3150498752177038,-0.9486118186152632,-1.1642713888564094,-0.6570200019397111,1.2186442577666308,-0.9780189396664706,0.01433831542178299,-0.2988600350847777,-0.8006736526016496,-0.3268830472220228,0.1670393985282011,-0.2004739261474145
E01004092,-1.51456633848198,-1.6729309410848372,-0.8506340075246365,-0.9486118186152632,-1.1642713888564094,-0.6570200019397111,1.2327713113954082,-0.9573730245340084,0.9951003786472516,0.8069214728539349,-0.8099554094042313,-1.2009367079016944,-0.1357286232159716,-1.2258204999582465
E01000849,-1.487526117960036,1.0399748245859244,1.484839259884865,1.3170982244143792,1.7185251356643694,-0.6570200019397111,1.235745427948835,2.2551977752544885,0.9773344129074738,1.9556791527351165,-0.8119094634679327,1.8550670818586732,1.147095818827787,-0.7105676996441844
E01003388,0.618907060699411,0.532383128878131,0.0315995745359356,-0.9486118186152632,-1.1642713888564094,1.605857303309209,0.9487431805431488,0.3088221072264351,0.9938764234937851,-0.029975729868002433,1.5235461654400229,-0.8807103948474099,-0.7636974836156432,-0.0105417069423367
E01002033,1.300320617852403,0.8143467362374303,0.1639271324526814,-0.9486118186152632,-1.1642713888564094,-0.6570200019397111,-0.4602445366427973,0.2692111270562993,-0.8543366548636321,-0.15550321523632324,0.30238986635779214,-0.197155368696768,0.1250655745280642,0.1715390942815221
E01004122,-1.827618346070124,-0.5521992941099217,-0.5546577222861593,-0.9486118186152632,-0.3503559564223578,0.6695163934740963,-1.0089690407500416,-0.7097378510117092,-1.2236204437079623,0.5261548706468732,-0.6755213132899863,-1.7912823035739234,-0.8197297814005005,-1.5949783081747464
E01004011,0.9546974355446444,1.1404170669821978,0.4009250695694807,-0.9486118186152632,-1.1642713888564094,-0.6570200019397111,-1.0097125698883984,0.7872664077203175,-0.6272553109533795,-0.38032225937275604,0.6634013546266262,0.0104899774803504,-0.0876673287520432,0.2001393254111249
E01003058,0.5111149088914793,1.3883063063624332,1.5980810572443045,1.7699556868904351,1.7874622769722015,1.998620167250981,1.589665297806624,0.5222024730354213,1.021524564693158,2.828532655381436,3.177137123375355,-0.0724680613475279,0.7193102104857034,0.0699370014814437
E01001965,-0.9467217075211536,0.7031942229417955,0.5551393474745443,-0.9486118186152632,-0.0177577255704277,-0.6570200019397111,-0.7755008913060379,-0.7725029308746034,0.6220150981119149,-0.526611745992718,0.5095195971101407,-0.8344731899919243,-1.006702399558526,-1.421573275247093
E01001742,0.8397764983263819,0.7241489037778696,0.9275620542767417,-0.9486118186152632,-0.0423686458089564,-0.6570200019397111,-1.7078864308053394,1.2021886387944265,-0.5517499565593232,-0.8798963271859694,1.1221155460805303,1.1825921393725232,-0.2533607001487747,0.3207384689696064
E01000538,-1.1915586133380294,-0.9146738838098466,-0.8813119030149176,-0.9486118186152632,-1.1642713888564094,-0.6570200019397111,0.0765835012507401,-1.1538711920853104,0.7828778424466315,0.8360228870862595,-0.050316892140311126,-0.8954072469557914,-0.9930958519593188,-0.7492404371049868
E01003770,-0.2418323225513829,-0.887278931678846,0.8510312584027503,-0.9486118186152632,-0.7027444652238686,0.0951862313676308,1.3167901040297152,-0.9482251071908234,-0.023019107406547452,-0.807298309731869,0.1253402875047791,0.3966761273189641,-0.9989454252054633,3.714723602863729
E01001957,1.3139636382066566,1.3488270706469698,0.512700314344871,-0.9486118186152632,-1.1642713888564094,-0.6570200019397111,-1.6565829202587272,1.2308422194875177,-0.8633003921232474,-0.4863535775953052,1.0884081134816812,-0.5591671590743049,-1.5705554699281192,0.0715767244264756
E01002784,1.1286152175380575,0.7245819601131261,0.6549806938151436,-0.9486118186152632,-1.1642713888564094,-0.6570200019397111,-1.575538244177847,0.3264581385150116,-0.741522772416042,-0.6213224271178702,1.035160140245818,0.024640063872078,-0.3032772923258229,0.5352537394965986
E01002354,-1.863016452935215,-0.7818720682046417,-0.6640849611511461,0.2086791784121438,0.0610732450922798,-0.6570200019397111,-1.240206602778975,-0.4842299974043476,1.2240390735212086,-0.13858070408888162,0.8148405445634848,-0.8900960408317146,-1.4430195346292642,-0.9889081801219352
E01001331,1.2538606025919716,0.6134345037494771,-0.4170834611711469,-0.9486118186152632,-1.1642713888564094,-0.6570200019397111,0.8729032084307655,-0.2984857685064231,-0.8238114955471045,0.3956503006159102,-0.5735148676963616,-1.0776244201991616,-1.0166507609138211,0.256655958179374
E01002450,-1.497727655702406,-0.1934186203431291,-0.6770528188626481,-0.9486118186152632,-1.1642713888564094,-0.6570200019397111,-0.6134115391442774,0.5969044289643071,0.9840370272547537,0.642260305799887,0.4030236506384143,-0.955452716681602,-1.2707498536057895,-0.7157662668694056
E01000995,0.1767994551656246,0.5366201163949958,0.34679209557503,-0.9486118186152632,-0.0948503524774036,-0.6570200019397111,0.5472374458305308,1.371586821092274,-0.11616077837585853,-0.32897108046482737,-0.3595459477210579,0.5277612420548705,-1.07988743779996,0.4486406018532749
E01003654,-0.0712331130765718,-0.1213235593101397,-0.5056953498546811,-0.9486118186152632,-1.1642713888564094,-0.6570200019397111,-1.1970819127542869,0.5743140426920356,0.04680158009174087,0.47970858549093087,0.7865067606398146,-0.983753109696057,-1.2934466214089293,-0.48356938153251
E01003192,1.592477909582681,-2.0618458686019125,-1.9943737647500128,-0.5555513319533674,-0.6035015799916035,-0.0815601007929512,0.2089316878782325,-1.249334798889554,-0.1298826588161117,1.1079770014197214,-0.017040489522190064,0.1637972309957479,0.1766874688589441,1.465385544792268
E01003217,0.2169910556686961,0.5430220421505823,0.0811432265699328,-0.9486118186152632,-1.1642713888564094,-0.6570200019397111,-1.1599054558364517,-0.7283439824557069,-0.14256746381634666,-0.07697342372481429,0.762081084843547,-0.8921682465944706,-1.0655948644352289,-0.6533879141553907
E01001170,0.7108438104740211,-0.0656167745984461,-0.065533831535328,0.5165854170200781,0.7441935718586365,-0.6570200019397111,-0.8007808820101658,0.0585415665762686,-0.467038601736473,-0.03385382169260096,0.5261290566516027,-0.3917131179707018,0.9866230585951324,0.908117284995266
E01004387,-1.5692613299922762,-0.5401322147900672,-0.7113421008382418,-0.9486118186152632,-1.1642713888564094,-0.6570200019397111,-1.1428042856542475,-1.0923787601788124,1.031036082075439,0.6747875239337665,0.7508452739772639,-1.3525786318622073,-1.495041605608695,-2.343936744756103
E01002733,-0.0401368594763361,0.9513410035832722,1.1721707696862094,0.4890928550384067,0.4633189017408325,1.4478504122941196,0.0208188158739874,0.303380161202145,-0.058112168541004365,0.5733003483383948,0.03014253114662802,0.0800257229245163,0.458725554462947,-0.7664064355776431
E01002315,0.3952106909269642,-0.0123672623878005,-0.2438621614472742,0.0411188340782975,-1.1642713888564094,-0.6570200019397111,0.2527999070412779,-0.9702429763537924,-0.2596613289194286,-0.010027327754525465,-0.1660945954146192,-0.8380088467042185,-0.8254449827456749,0.1077367457989484
E01000436,-1.8638768235881853,-0.3190646933044708,-0.5423332831619395,0.2612820287958604,0.7481321436867534,0.6279576627282742,0.1390399488727028,-0.5185676578695946,-1.1704357337538367,-0.1417019405080714,0.0873112013199612,-1.4215707932120298,-2.077513922466057,-1.6948344123497845
E01000966,-1.6030616056447065,0.6027146598440021,0.7782167343448906,-0.9486118186152632,-1.1642713888564094,-0.6570200019397111,-0.2119058044316596,-1.712679121899523,1.0532435392501613,-0.7382255916437378,0.13922635203872502,-0.6604159082695604,0.4412860056861373,-2.349966813488391
E01004109,-0.4748698594132287,-1.5366344781718266,-1.9173643841264256,-0.4201078085822022,-0.4465093324645298,0.116735884723355,-1.3457877404256269,-1.1557768425164523,-0.055434353167058456,0.8054997496689165,-0.15710172252843038,-1.5188096634034831,-0.6325958726811636,-0.2182756884502784
E01000495,1.0422094219611182,0.169490251145555,-0.0057917904434062,-0.9486118186152632,-0.1820123847655416,-0.6570200019397111,-0.7375809052498463,-0.6149985383104681,-0.684752436438479,0.005494160865558057,0.4846054077979479,1.0761038764308928,1.3742423711072804,0.1737303928228633
E01002140,-0.0670541699049986,-0.1769166240873412,-0.4753668274179592,0.5140426291322203,0.9794746230423904,-0.6570200019397111,-0.7249409098977823,-0.0245598692825626,0.0440559308410479,-0.2443588137681702,0.4763006780272168,-0.0621340358914928,-0.1586487894599848,0.2410407363646936
E01004068,1.13193379005666,0.3207403721939363,0.4454752701548423,0.1111622139642605,0.4379672674327786,-0.6570200019397111,0.1226823078288552,0.4865418453732137,-0.7437031409386513,0.04952001729673933,-0.08060473012768268,0.9798984600478208,1.8052773346841309,0.5569326449877509
E01001785,0.940439864723983,1.062294159219393,0.6689385607388861,1.3638385467016705,0.912975954162015,-0.6570200019397111,-1.57033354020935,-0.1518142103350812,-0.6178878017451329,0.9123241945108296,1.0317405456343405,0.0234233766132337,-0.0362732076279597,-0.6745157907849869
E01004130,-1.0953200102985647,-1.5310700078216373,-0.2584589873087841,0.1601456593966391,-0.1682874058936562,0.1043240485694965,0.1814211097590346,-0.1858726666507855,-0.11426821795352887,-0.041391084949552806,0.01892658466603348,1.099955043656211,0.7106733271120408,0.1495140179696076
E01004119,-1.1918044335245923,-0.4813659247678137,-0.5972165508323756,0.3012250774429155,0.1477662855627181,-0.6570200019397111,-1.3636324397461874,0.9160869210089494,0.7830393512260839,-0.1798966017746732,0.895933788207093,0.2060046652482732,-0.2198700734124242,-0.9121848794052224
E01003747,-1.7477267854371077,-0.7420236405182352,-1.0630037828785537,-0.9486118186152632,-1.1642713888564094,-0.6570200019397111,-1.5019288594805336,-1.3643043856782249,1.1482914559579736,1.0083779516713292,0.9867973021692082,-1.1556933533034188,-1.0329508919760042,-2.2202272266499685
E01001531,-1.375923753260376,-0.3599561555741346,-0.5687906763464533,-0.9486118186152632,-0.3049604915341936,-0.6570200019397111,-0.302616359311177,-0.1594933354230608,0.9040094270360268,0.5395615579004146,0.19882500098161782,-1.1974121843197814,-1.2036166927480956,-2.2977496000662154
E01002737,1.194495027536976,1.58816417099104,1.24322143661223,1.3431083029791255,1.3614215802998444,-0.6570200019397111,-0.176216405790538,0.474902435764845,-0.7848071253093192,1.6697810339555228,0.11577770327430818,0.0819876534634795,-0.0927795628039596,0.2039286160626458
E01001255,-0.6415359459030298,0.1659312086582277,0.013653137257334,-0.9486118186152632,-0.1826103494417444,0.9429116922523808,-0.7063526814388648,-0.8299507411909889,-0.6049117443921577,-0.012951527363483413,-0.6660282021825268,-1.058101963077952,-1.445498446816918,-1.206042875970432
E01002561,1.146560091157166,-0.1600351778273671,-1.1299769286143069,-0.9486118186152632,-1.1642713888564094,-0.6570200019397111,-1.319764220583142,-1.224863564956432,-0.7533129133160766,1.071909469246107,0.8671114907674972,-1.1473155674746,-1.07988743779996,0.0938317299766531
E01002765,0.7888917197078144,0.974818073396552,1.0414764926646292,1.0005678370104802,1.0689406197690106,0.9491580298836132,-1.1182678240884765,-0.2823535290508461,0.7487829104693646,1.0420678815627094,-1.0614128847940532,0.816998293115496,1.222680146497495,0.5101400802723622
E01001757,1.007671685748999,1.8862449506466656,0.5857192426191165,-0.9486118186152632,-1.1642713888564094,-0.6570200019397111,-0.9926113997061944,-0.4863139940851805,-0.6620604529253992,-0.5556201959388747,0.6521655437603432,-0.5192362911286091,-0.6842443260718919,0.5443733782620446
E01004748,-1.3125021451270886,0.7381799673186216,2.014757607144229,1.96571326759508,1.6103671192495463,1.4559893711109106,-1.0647337261267942,0.7513592937081067,-1.910989172865311,3.960435759351527,-1.5502409883039276,2.7939329485035653,1.461249415800686,2.323540687024933
E01002072,1.2024841836002778,0.3756361759870434,0.4132306905554193,0.1387585820799536,0.57674910533388,-0.6570200019397111,1.216413670351561,-0.0001247927470468,-0.7900561606415264,0.05733930469339005,-0.7992081120538737,1.16611530877201,0.9277895701988248,1.2587505166257054
E01003262,0.0237763890300772,0.2288061512421322,0.1802880314652698,-0.9486118186152632,-1.1642713888564094,-0.6570200019397111,1.2052607332762102,0.0922703565583143,-0.015621563166660647,-0.1710233574028354,-0.7918804093149933,-0.4026131464909251,0.2690567656244416,-0.0765809230605388
E01002261,-0.6066294794110655,0.0956823584992574,-0.070607058945017,0.7799564158294421,0.5891551720539129,-0.6570200019397111,-0.431246900246886,-0.7417355567797651,0.3985677017393442,-0.055070428627013605,0.2833378392367034,1.447637982486128,-0.0618445474083189,0.1117718616149228
E01003865,-0.9159941842007624,0.3746410716771755,0.3998774701161415,-0.9486118186152632,0.7985236019026887,-0.6570200019397111,1.7034252559751992,0.8668336935543618,0.601826500680349,-0.3793284941501436,-1.1191844649849783,-0.3379619233046863,0.3675351279785757,-0.1871166045172717
E01000857,-0.4598748280328778,1.128853307452444,1.097976418749488,0.9544649410155616,-1.1642713888564094,1.5762992721858131,-1.2268230782885547,-0.0240068947043105,-0.7249003567248012,1.0479799977582076,-1.9338403254070076,0.3779153429229052,-0.399092979377168,-1.119497537177059
E01002100,1.1051393897212791,0.6192553303111631,0.3220003293549235,0.6135868044905233,0.8606082088243195,-0.6570200019397111,-0.4096845552345416,-0.6778251618778784,-0.726098683978326,0.19757515313378354,0.26917094727486823,0.1812444080488263,0.2185593665729837,0.9638144771129504
E01032784,0.3848862430913128,1.6233722985159778,1.5229553604570072,-0.9486118186152632,-1.1642713888564094,-0.6570200019397111,-0.6714068119361,0.6043216991474384,-0.2528779601824225,-1.4446934541529852,0.44112770488059166,-0.0737718539576768,0.1423790218387797,0.0442817130197103
E01003202,-1.2562093224041322,-0.2122751304131868,0.2625151977423238,0.5757967835406828,0.6880040077446227,1.2628727103480295,1.4640088734243415,0.5479225049932495,-1.586432471748968,0.15115540649057635,1.8488568539549635,-0.2645846830072941,0.0036462797470311,-0.2755824722307197
E01001302,-0.8845292003206822,-0.7008360959432762,-0.3584894101268215,0.6419338745903039,0.6057334633756998,0.9766288714007726,0.0312282238109811,-0.6619546853751073,-0.8638567546302157,-0.23012649604230306,0.030498384976369208,-0.417841971140641,-1.0469166863256425,-1.0279461553837173
E01004103,-1.408003287606864,0.3212575052802645,0.3099651305130353,1.2601023334129646,0.8197909169129136,-0.6570200019397111,0.3041034175878899,0.9902822357563668,0.9250863227545814,0.39058778423612994,-0.1998020280134682,-0.9044320379584584,-0.6353286148153011,-0.6301579241565267
E01002855,1.5182402132406163,0.857311414405334,1.042438610178701,2.066568643201922,2.0154317668843578,-0.6570200019397111,-1.426832416506507,0.1207360962969365,-0.9975141878482972,2.154270944258296,0.9374574370607479,1.035173952642191,1.1111915655758582,1.2063314368990308
E01001038,-0.0391535787300836,0.2139080472618158,0.1617955588886919,-0.9486118186152632,-0.2455619466443049,-0.6570200019397111,-1.464008873424342,0.0255326802368326,0.025724684373186157,-0.15348117936127495,0.9618831128570154,-0.96246265215233,-0.8626920341948299,0.1040200358281696
E01002301,-0.821967962840366,-0.3949007766738599,-0.9261771824230812,-0.9486118186152632,-1.1642713888564094,-0.6570200019397111,-0.8186255813307266,-0.9068745511688854,0.5400493925397577,0.8785826213783194,0.5378533810338111,-1.0278855151123447,-0.936964901902545,-1.009340901838494
E01004592,0.6057556807182837,1.064434579631732,0.8703562691491512,-0.9486118186152632,-1.1642713888564094,-0.6570200019397111,-0.3487151658892923,1.3070389312458237,-0.39799359852051774,-0.8256302433207718,0.2291128389689895,-0.1669664778564179,-0.5467618059414773,0.0212796557547917
E01001095,-0.2870632368789986,-0.3410258143549438,-0.4314997507097618,-0.0152588876788851,0.8097167716333956,-0.6570200019397111,1.0706819592336474,0.9692619314363504,0.1886062884510594,0.006584206229547177,-0.7034594629325047,-0.170349350136173,0.0833535032539039,0.1738867042662769
E01001988,-0.3154554684270399,0.2364631216889918,0.4885270351392221,0.1461547407622274,0.3321816922458077,-0.6570200019397111,0.8944655534431095,0.3512909700497461,0.20726055247782624,0.07140054217611255,-0.5876817596581966,0.0650563143655921,1.4928418434738475,-0.7938793395389578
E01002594,0.3006928291934413,0.0842258507774147,-0.5899162936523116,-0.0606480543477258,0.2588538304076445,-0.6570200019397111,1.4476512323804942,1.1710033851204584,-0.19756120321993204,0.03577727543803436,-0.9511358155066575,-0.2452566095249423,0.4269337569246265,0.4113832570816799
E01003886,-2.041727728566609,0.0051609723872423,0.6465454631991916,1.2975046535509331,1.254582425553385,1.342670243605082,0.2483387322111376,-0.3572329485011815,-2.74136706668978,0.8388957472331947,0.3334370260745053,-0.2027151765150055,-0.4509828960396125,-1.1453531860710344
E01002992,-1.64890707043873,-0.7117181433941889,-1.1068883666482876,-0.9486118186152632,-1.1642713888564094,-0.6570200019397111,-1.5799994190079871,-0.7569893501725388,1.0833649266180578,1.0500073864903103,1.0380912213413702,-0.4602822473221258,-1.0131298089494851,-1.1646846638744484
E01003774,-1.3040213486906609,-0.1014182598209934,0.0208224868757148,-0.9486118186152632,-1.1642713888564094,-0.6570200019397111,0.4052233804044012,0.2268563796935642,0.8567681090461627,-0.019752457143264266,-0.26623986617931594,-0.9341162010541476,-1.1977320296452545,-1.364936624066014
E01000644,0.5595414856444155,0.9281875623565692,0.5592163560049985,1.080781960620769,1.0687243528809245,1.2188776864046975,-1.4409594701352844,-0.1398566722673677,0.6820126314697125,0.6043909496542842,-1.7563533451614342,0.2015244339020783,-0.1830620646610603,0.557759027399009
E01001372,0.9558036263841784,1.2356173282592686,0.1827629537205224,-0.9486118186152632,0.284982926982319,-0.6570200019397111,-1.3591712649160472,-0.2546262290418662,-0.6279821004609157,-0.17337109790432195,0.893002707111541,-0.7136646406554904,-0.5278414882802496,0.3330736274842203
E01001963,-1.3486377125518685,-1.1114123771558126,-0.4109790282467541,0.1606790232129511,0.4451515070701046,0.2572294432146397,0.6163856556977039,-1.304024441295342,-0.34690932789798246,-0.06603570881969628,0.15855253902061098,-0.5541406787429057,0.165483889331101,-1.3840179951841869
E01002457,0.6937593075078836,-0.1628263548355074,-0.4785120134472444,1.041624312382616,0.7496194197826855,-0.6570200019397111,1.022352565240462,-0.4315326583077937,-0.4558137415645223,-0.4984297469738071,-0.6717060843973569,-0.5156660588450606,-1.1288029054100617,0.534810442333608
E01002574,-1.008668394535062,0.3945218147180415,0.5337084966754106,0.1842759988779152,-0.1466114018049183,-0.6570200019397111,0.1739858183754676,-0.6148510787302827,0.6627153105339517,0.09834966633449178,-0.11431216272653194,0.247273059199027,-0.380628116109394,-0.7682302345600663
E01002245,-0.109826882366983,-0.3060432406497398,-0.2066263182085388,0.5095730957561714,0.5589923901056476,-0.6570200019397111,1.0729125466487175,-0.54949622702647,0.0721584584657876,-0.10529121263422488,-0.7049250034802808,0.3330825997241259,-0.2921860056389381,-0.1518138562610591
E01001114,1.4087273201267425,0.0503254515640603,0.0030435676508152,0.4798557276408949,0.3136240749986845,1.7516849363090223,-0.321948116908451,0.2633311903473921,2.4676464260329927,0.001460473369706217,-0.5639516666615897,0.0446386430836108,0.6415309047960439,1.096963585435025
E01001869,-0.5311626821361851,-0.4146178974158743,0.6973882026141031,0.0166776702148784,-0.2971630366123996,0.7562113267489424,-0.8030114694252358,0.1199133960341717,-0.40167123657773135,0.011630810454944808,-0.6072463686886754,1.0635009207191892,1.344082835594623,0.4287662545003797
E01033597,0.6952342286272625,0.9458173729503236,1.684977731037707,-0.9486118186152632,-1.1642713888564094,-0.6570200019397111,0.4639621823345806,-0.5080418898062814,-0.4567827942412375,-1.5983897897658992,-0.3048324339374187,0.5305236566857015,0.4325425002364598,0.6575455970156553
E01000141,0.8267480284385361,-0.6296417626048716,-0.0077493765232212,1.192891745730531,1.23151733753854,0.905776815404938,-0.6193597722511309,-0.737758975467244,0.7488491963413684,-0.009244167289108532,-0.5610017220995571,2.044448684928565,2.438699196385844,1.916307031817386
E01004028,0.6635234245606189,1.2137803385663954,1.1590900328452185,0.9075203694829744,0.6463995144095447,2.2940493077010053,0.6074633060374237,1.3288779376497302,1.5221554527566878,1.0518978148717257,1.393550776668916,0.8613306205617173,0.6581001004779384,0.2730191949312066
E01003653,-0.5240338967258543,0.3815085684414014,0.7358760280599761,0.0718785070975904,0.5985713144655246,0.8370280692445278,0.7383244343882026,0.3829101321139586,-0.4386310807951281,0.05289367030585562,0.6179982757920153,0.468543937778781,0.0456842673254317,0.583494037643726
E01000084,1.3535406882433203,0.220431692618111,-0.4002909200406638,0.7913590830972633,1.1736421849813925,-0.6570200019397111,1.2245924908734844,-0.7764315917129304,-0.8893033056151042,-0.31677385545553965,-0.8045817607290524,0.6067846302561056,0.100361369732847,1.406508617446742
E01003622,1.102558277762366,-0.1080472417050465,-0.6796928865714675,1.247415132238137,1.085652435082879,-0.6570200019397111,1.5115947382791703,-0.1022596343225148,-0.7244028417940742,-0.8478591919838683,-0.9931479778762377,0.6246448883680726,-0.0544655960821237,1.1271960663436211
E01003044,1.458137177625931,1.3205248230955968,0.8658845317395546,-0.9486118186152632,-1.1642713888564094,-0.6570200019397111,-1.6937593771765622,-0.3179198114085644,-0.9580252912721541,-0.8213883003642845,1.1128337892779487,-0.2127766549315539,0.3680554592027288,0.0301061393929853
E01002158,-1.7329775742433198,-0.6976771987000214,-0.7885846399761826,-0.9486118186152632,-1.1642713888564094,-0.6570200019397111,-1.1688278054967325,-1.4283954372134848,1.138600929190822,0.7480607094598691,0.7679432470346514,-1.620319594947356,-0.6900239312959896,-1.8941061388415972
E01004432,0.6626630539076479,0.3529262899240106,0.3153523712416955,1.064969243392854,0.4429674662280569,1.9624915006456825,-0.1412705362877731,-1.0968698377356116,1.3004706110856707,0.33584057620341085,-0.2772422267564122,0.026337546868734,-0.2014328126214338,0.2095528871675535
E01000756,-1.8737096310507104,-2.11181104163122,-1.175847023547683,0.2417282765695437,0.377502892180665,0.6909382887768356,-0.782936182689605,-1.0568346725666633,-1.2946177261428538,-0.2842354745116091,-0.5409605862890235,1.0671477860591785,-0.5141195746232102,0.2536497651920394
E01001368,0.8367037459943428,0.7380052042944313,-0.4860799992504758,-0.9486118186152632,-1.1642713888564094,-0.6570200019397111,-1.5249782627695914,3.700446990992672,-0.5497310968161667,0.4611012320814996,1.0019412211628942,-0.7568586109856247,-1.1961516065066262,0.813924958559419
E01004617,0.3788636485205162,-0.7985373645163972,2.511058938494396,1.2986771551056235,0.8038816807101007,1.4783434385880438,-0.379199860561917,-0.0834967374066992,0.560090588909832,3.2610548785464495,-0.5605876257752112,1.7214866063463672,1.5519679231018708,2.6543314748545077
E01001951,-0.1626782224780556,0.8180241818698835,1.278584616420862,1.4807628274132725,1.4714393692567382,2.4381880530994824,0.6684326953826728,1.6096051079233205,-0.39664009854545484,1.8932805716984702,1.6297646121831184,0.726962051242952,1.002844906469328,0.0407428596939328
E01002431,-1.873832541143992,-0.6935542485870927,-1.042736647551313,-0.9486118186152632,-1.1642713888564094,-0.6570200019397111,1.2416936610556883,-1.12883763493262,1.2311454598171194,0.9891523075704337,-0.8158175715953353,-1.3415276654097563,-1.730324807062993,-2.5704292591115623
E01004301,1.195109578003384,1.0275296712383777,0.6328017882182497,0.9018552899586224,-1.1642713888564094,-0.6570200019397111,0.0550211562383957,0.69545673326295,-0.7852108972579507,0.5706956401999044,-0.03615000017847589,0.2651971192752249,-0.4991799239264849,0.4989823064669882
E01000911,-0.2088924175519237,0.9666843421199336,0.6524497250434662,-0.9486118186152632,0.1332142839116576,1.4576492853934906,-1.0015337493664749,0.1205663088330398,-0.30449188316868026,-0.6189215202285109,-1.4598849540615053,-0.4650814739183033,-0.3936793911392465,-0.4328942594185743
E01001427,1.4436337866187068,-2.486795630843972,-0.6450161362477801,-0.9486118186152632,-0.4557516977732911,-0.6570200019397111,0.8215996978841531,-0.8453551312679273,-0.9484962732844552,0.611869930042197,-0.5398074350975123,0.6868855630144155,1.8798736778352596,1.3747629704541229
E01001955,1.2844652158190812,0.250621817880598,0.1758355049090385,0.7517518583632617,-0.2776530166623494,-0.6570200019397111,-0.9219761315623076,0.1349173605917741,-0.8439193385889442,0.13218466758161213,0.6057567597474347,-0.0570485906943998,0.7034394949362595,0.3800526647786172
E01004715,-0.3395458467102265,0.9885340112085272,2.480181501463734,1.9225976708646249,1.3818313483135996,3.067076733899551,0.6379480007100483,1.7783569341496115,-1.041413166537159,4.768391178035703,1.9566354704155235,2.652960755079255,1.8634107393972663,0.7747464012938867
E01003113,0.4161054067848301,0.4515476412271582,0.5174019088721806,-0.9486118186152632,0.6261282819413472,-0.6570200019397111,-1.2498724815776123,-0.7224380861555677,-0.27338957517289336,-0.490813565730248,0.8211912202705144,0.573316665396069,0.7064310073912872,0.4687387293985638
E01004077,-0.6323176889069124,-0.357756958861989,-0.5381122823829694,-0.048766876280481,-1.1642713888564094,1.1506277746062892,1.4840841601599726,0.6888217443242833,-0.7275622952311525,0.026242055099977523,1.707628454533313,-0.9705886799183374,-0.4861595778815747,0.164473363032701
E01001373,0.6554113584040356,0.7361731164770353,0.3216914081409879,-0.9486118186152632,-1.1642713888564094,-0.6570200019397111,-1.5346441415682284,-0.7622991619473114,-0.4306183719699282,-0.3051602717095274,1.0082918968699237,-0.2682264309948013,-0.2880126935102937,0.3156318398744284
E01002694,1.4553102454804554,1.4177315490403417,0.7484766525453485,1.3606034943784402,1.470769163110299,-0.6570200019397111,-0.2044705130480926,1.3193590560880613,-0.9561679403084502,1.0183799489138787,0.13434121687947154,-0.3132595676725084,-0.9640395728305464,0.2468012274393745
E01032788,0.6889658138699026,0.7234986814238739,1.3008781111165664,0.7191638785318966,0.7894361072833711,-0.6570200019397111,-0.5740044948113724,0.5741227066087152,-0.45266432036519805,0.9355445478878374,0.37713243429437077,0.3345194953093722,0.3609850340904754,0.1892674078557572
E01002774,0.9487977510671294,0.554981239975882,0.9152079049572776,0.8664079682854795,1.096712535940012,0.9351438819287994,0.6847903364265204,-0.9479950171868048,0.88726241209823,0.792943421492845,0.6403774935132248,0.596189982967698,0.6244671372302986,0.8518857884501226
E01004052,-0.3508535752921304,0.287511862356848,0.6308083137231699,1.0942481445410488,1.061798939539446,0.939119293134196,-0.5859009610250795,0.9653260669657804,-0.3294933616219509,0.6902608268526464,-0.5502308963645187,0.6512454813180482,1.3093983817407555,-0.2607084611030483
E01003704,-0.017029761939402,-0.194491870379846,-0.5173083250005133,-0.0949422475221027,0.6732659726155162,0.5927942726145117,1.3829641973434612,-0.0849818673953182,-0.010095145341666105,0.04911441503744308,0.819813255416129,0.9698849327675856,0.1927323618924791,0.5148588810898244
E01000390,-1.1018342452424876,-1.5978868613276649,-1.8231659855728204,-0.3456614123698535,-1.1642713888564094,0.2257290734534697,1.1554442810063117,-0.6836465156376738,-0.24871602327788986,0.630198129557777,0.2608173669786652,-0.4682468248548606,-0.9127118175523662,-0.3797443807487747
E01002008,-1.2639526582808709,-1.8516074109355811,-0.7946863906434544,-0.1437467944048877,-1.1642713888564094,0.7902939401208118,1.5718205984860634,-1.1442840616054426,-0.9988941264389635,0.1142336212121869,1.2422002939406036,0.0037880383875767,2.1438720739172537,-0.8727739844723839
E01000347,-0.9587668966627468,-0.048094662578664,-0.2322700655675655,0.0890651357920798,0.8735125248218467,-0.6570200019397111,1.276639530558453,2.086327540159595,0.6299290283050887,-0.020687164930210496,-0.8387777068438267,-0.7067605348717242,-1.5737025683080037,-0.9441567423242628
E01004199,1.4807526347897393,1.558204878050161,0.6820410193474589,-0.9486118186152632,-1.1642713888564094,-0.6570200019397111,-1.562898248825783,0.781074483053988,-0.9728840989817868,-0.6469921717334008,1.026855410475087,-0.2184580569958235,0.7562216148259806,0.4820757003810302
E01004313,0.5279535916710536,1.6048460265800597,1.558455112294045,1.4266289932500835,0.8562925854218593,1.5190551367053304,1.0208655069637484,3.511672349107558,0.8019906153699425,2.2233372478774993,1.5507509922385734,0.8705702096008521,0.8586410253391499,0.7126324375734481
E01002479,0.0783484704470917,-1.66209937199676,-1.3273069571070049,-0.9486118186152632,-1.1642713888564094,-0.6570200019397111,0.2000093382179519,-1.356161977414885,-0.05147651220512159,1.259099066441967,-0.13141013578391908,-0.9356404798913406,-0.8106103147538093,0.1173636733755355
E01001680,-1.3101668533547388,-1.5908337131399763,-1.7371735600933875,-0.3914821542437873,-1.1642713888564094,-0.6570200019397111,-0.3107951798331005,-1.0533138514990072,0.8608058285324757,0.6800724476007086,0.20419864965679657,-0.9926726340417926,-0.0467449277444638,-1.0152529272324875
E01001168,0.2343213788213967,0.0145230084392892,-0.0592793269323083,0.0265276474073381,-0.2883149163419242,-0.6570200019397111,0.3598681029646426,-0.0850081538502308,-0.15395383276774985,-0.0015725410834045957,-0.23644054170786966,-0.1119903700291859,0.185997416939221,0.3644021611541406
E01003855,0.028078242294932,-0.2673272585122797,-0.1714019568124588,0.2332117736886339,0.5607177504351785,1.3776235776406276,1.706399372528626,-0.1527896113453907,0.038681248604204604,-0.039972954361936146,2.3507760084666076,-0.3512098200529538,0.7400528650077548,0.0962746910790488
E01003662,-0.0921278289344377,0.5135842407667994,0.4789777487116745,0.1233810264267739,0.4504016915375919,0.9124302927895132,1.3926300761420984,1.06045581268404,-0.08406022192871117,0.059096766271631775,1.270677868121817,0.1900533086326757,0.1616426277323983,0.6160754982115606
E01032639,0.3809531201063028,1.331659711957697,1.9678728026803631,1.474878779811675,0.9201558824945626,1.4438788418362738,-1.3725547894064678,0.9170134030498942,0.5500501498530034,2.902373838041795,-1.9818028196850415,1.9736222697375192,1.3057213189504724,1.9297108315016664
E01003798,-1.361543272346433,-0.3013925466850268,-0.0266635519093746,0.5956096869989637,1.2851533774691806,1.6037962976489455,0.9249502481157345,-0.2093698610913964,-2.183638059278039,-0.015881069807023227,1.4834317834374884,0.1925191278697291,0.9873109872128664,-0.8349324169712962
E01002045,0.7901208206406299,0.921471076221927,0.4798507473062229,-0.9486118186152632,-1.1642713888564094,-0.6570200019397111,-1.1502395770378149,-0.2009151518948616,-0.5191251831099128,-0.4551920900660492,0.7557304091365176,-0.1254719654047905,-0.1019494523253666,0.2795911554777738
E01003105,0.8546486196134512,1.054332647131259,0.8556084719284982,1.0357574391015427,0.4171250429509708,1.3757802610400154,-1.6275852838628158,1.8145528936538835,1.1758087009892826,0.8862028397582455,-2.239199706697672,0.1213558200447569,0.020465245696947,0.0746718816462405
E01004217,0.3612875051812525,-0.6216216049288724,-0.1936744296034195,0.7877050402612371,0.6733397146649909,0.8337531322923265,-1.5740511859011337,-1.0432535632522033,0.3012245891029494,-0.1525583243683337,-1.3123701066335214,0.107394606127005,-0.0561099396015456,0.6034896988977076
E01033590,-0.2535087814131315,0.606472495989404,0.4182062260198932,-0.9486118186152632,-1.1642713888564094,-0.6570200019397111,-0.0803011469425236,0.6203099589412076,0.16656034005578946,-0.39671536862095674,0.05275945971993789,-1.0514461776592616,-1.6363711622548691,0.2110604370061284
E01004244,1.4640368621034463,0.8651484244007486,1.042204421156066,1.329797141786085,1.3637554839944874,1.1326579446087477,1.453599465487348,0.9008844891493072,1.65825298306153,1.3859204604101576,1.646430982863274,1.0651902136291247,1.790656435760644,0.9937903868666508
E01002490,0.2966367961151497,-0.3211992338929275,-0.754728998792238,-0.9486118186152632,-1.1642713888564094,0.500578683699113,1.4677265191161253,-0.3975711259967649,0.14849005693604378,0.7159448481059817,0.7347126089694309,-0.2947718371774062,0.4358630319689484,0.7323882434477891
E01032565,1.253246052125564,-0.2402569876660057,-0.6756039041707289,-0.9486118186152632,-1.1642713888564094,-0.6570200019397111,-0.7926020614882421,-0.3580388371336712,-0.8234077235984734,0.6408858481989672,0.5207554079764238,-0.2251110630431028,-0.8139070827427896,0.5212809650208331
E01001397,0.5328699954023162,-0.1617010806045324,-0.889277580528733,-0.9486118186152632,0.2033386702401867,-0.6570200019397111,-0.3598681029646428,-0.2808560497909566,-0.35010624541284363,0.8435792229191426,0.23644054170786977,-0.5789603234355829,-0.0579507401641693,0.4433690728392608
E01000334,-0.7053262843161615,-0.342734457065003,-0.9760116989719936,-0.9486118186152632,-0.3635433665558331,0.6480232766142913,-0.4877551147619951,-0.4033303020056488,-0.4570678498447422,0.9258562327515957,-0.3160766676534478,-0.8329634205827741,-1.269428689179413,0.2451140670416737
E01001697,1.1104245237323862,1.040598778000597,0.371477370499104,-0.9486118186152632,-1.1642713888564094,1.0404506792777344,-0.1814211097590348,-0.4167154689522021,1.1553419500040158,-0.352387824003571,-0.18875971688410817,-0.2864365887855103,-0.3102176776799065,0.4067330194930533
E01003891,-2.099618382502226,-0.4395968966818485,-0.1112870630691545,0.5792269810507276,0.6061697567722177,1.0537352949190235,0.7554256045704066,0.4194856902285882,-2.212441995503386,-0.06446046957154827,0.7960186222213791,0.2970000875524222,-0.2463405051835058,-1.0785073953516784
E01004438,0.2112142812844626,0.0391940425226975,0.791350130198674,1.6086306609722072,1.6113326326060782,2.019922852566216,0.9197455441472376,0.5898261201610078,0.4266365535548348,1.2729900830019352,1.8578150431689548,2.439020676436405,1.415868832911792,1.088280215898977
E01002166,-0.6621848415743324,0.3064336740188939,-0.3055105382395931,-0.9486118186152632,-1.1642713888564094,-0.6570200019397111,0.9427949474362952,0.8558241753114789,0.4350686858956152,0.28981090728558834,-0.6194351381933445,-1.2334722880880546,-1.733341581262096,-1.281237903357668
E01003091,0.4408103355344245,1.3493131538083387,1.1318947422716634,1.155288964371964,0.7256382831445395,-0.6570200019397111,1.3004324629858677,1.07134818069931,-0.2896212075078723,1.307665504577101,-0.8544101393534381,-0.2390653314650088,-0.3585127430673114,-0.5429847908492161
E01002330,0.0053398750378426,-1.0045386667890135,-1.4704239686128673,-0.9486118186152632,-0.5843108388722156,-0.6570200019397111,-0.4818068816551415,-1.1869084909327126,-0.0035084047077211596,1.3948615550013248,0.31655675831962726,0.8146784120239029,0.1600253050009951,-0.195993334842566
E01001761,1.5610129257026006,1.0242859430086082,0.983170638297989,1.2736498668937073,1.00250005328527,1.3103879559468208,-0.5643386160127353,0.099942626054445,2.0455325369179973,1.2522151526020349,-0.7395025254987859,0.9488320065509668,1.2541128708367286,0.8901826858998423
E01002044,0.4812477562240592,1.2411368062330883,1.0158654640085871,1.3754863634357275,1.548527338541133,1.4488787750565568,0.9740231712472764,0.9359772321465843,0.6972696595366313,1.3973090928291194,1.4112414992334568,0.6665300457032365,0.1082897530608508,0.2084183375244085
E01000274,-0.3743294031089091,-0.1330481016209733,-0.4345379255768994,-0.9486118186152632,-1.1642713888564094,-0.6570200019397111,0.051303510546612,-0.7388318741528919,0.24594190515670636,0.41220781183880645,-0.03370743259884901,-0.3540812352337901,-0.3798403536026585,-0.5073371118783234
E01004356,0.6233318240575474,-1.0849201225622582,-1.1613877173520697,-0.9486118186152632,-0.0026217155359272,0.3011839512962245,-1.1056278287364123,-0.8505566769877201,0.18773754173833512,1.1017061146747762,-0.332997358121898,-0.7823316311822234,0.1943395407723467,-0.8391611979233216
E01002144,-0.5867180442994521,-3.64353415259785,-3.111920442125996,-0.9486118186152632,-1.013932170028517,-0.2224828277876558,-1.091500775107635,-1.654233352996222,0.1305346896097852,2.9520045099911547,0.2428401789783648,-0.4585835483230766,0.5089337099841009,-0.5052478981339634
E01000720,1.4655117832228253,-4.76373120051207,-4.465470765305178,-0.7035503145832616,-1.0425527004328228,-0.5519945404331563,1.710860547358766,-1.7855919016242556,-0.8089545032794588,3.1416833616928157,-0.9443856815845203,-0.1240899580377772,0.7000873836303966,1.131105275568398
E01000942,-0.4024758144703874,0.7422433933810767,2.6807709846796777,2.03034330578696,0.9099283278539828,3.059512720983673,1.4149359502927994,0.5522222369091604,-1.231379874260415,5.4428854230923,4.329014539297941,2.977146053841925,2.149698927926698,1.159162544332852
E01003922,0.9354005508994389,0.993382231723118,1.2309334420778977,1.409631161712653,1.6630557232204246,1.1385465356043951,-0.3435104619207955,1.7599915902665713,1.0649970566289988,1.7351621379472215,-0.39110264636378717,1.0873894200747174,0.2087974810992453,0.7731113477458749
E01002420,-0.5956904811090062,-0.4852711452733442,-0.8414849596597637,-0.9486118186152632,-1.1642713888564094,-0.6570200019397111,-0.5613644994593083,-0.5100041015693526,0.3913805610537067,0.7982425779202398,0.3688277045236397,-1.2550731483957405,-2.2149684799588254,-0.7129234101389346
E01002131,0.8207254338677394,0.3591349357441023,-0.2298693707076982,-0.9486118186152632,-1.1642713888564094,-0.6570200019397111,-1.64022527921488,0.0511994687125468,-0.5392330261517524,0.2180568017909757,1.0776608161313237,-0.4199632605552627,-1.007290630250272,0.3070834431194217
E01003038,-0.4491816499173817,0.6565595659671855,0.9519349877780068,1.1587602367699608,0.6168896015747508,2.0128418320525125,1.417910066846226,0.4244374063491413,-0.9041316151440729,1.1030644118272528,2.854028696636458,0.14030262470965,0.8680604233477317,-1.1801676167300792
E01004746,0.7511583210703742,1.8408359516795183,1.1713913196982877,-0.9486118186152632,0.5147322756499663,-0.6570200019397111,-1.585204122976484,1.7181313980076178,-0.4935260415666874,-1.1111956500891258,1.0415108159528474,-0.1263195984591608,0.256427589071238,0.0938746564768811
E01000150,-0.374083582922346,-0.6793296843744902,0.1537727084821006,-0.9486118186152632,0.3344150818582801,-0.6570200019397111,0.7807055952745344,-0.2288830422010646,0.24578039637725385,-0.14587060864660015,-0.512939191721618,1.1369657817320304,1.048369022809252,-0.0280749213526205
E01002018,0.6810995678998826,0.477289673296897,0.3717197453191147,-0.9486118186152632,-1.1642713888564094,-0.6570200019397111,-1.0045078659199016,-0.9180455115901612,-0.44749603942271726,-0.3526177436223679,0.6599817600151489,-0.6831476965152731,-1.4293500224163502,0.1179837756395458
E01001926,-1.657019136595313,0.8478984941266126,1.1235921703742415,1.4687152928812646,1.6481327546789677,-0.6570200019397111,-0.2223152123686533,2.5352307280292847,1.088694716339991,1.6502370035902998,0.14606554126167987,-0.2038920416141718,0.4861347218446302,-1.527719526684035
E01001644,-0.1770587033919986,0.7425238525210763,0.986831644083008,1.6723540772221928,1.2926833445329036,1.716053919449769,1.223105432596771,0.852708320049009,-0.30384228192853335,1.6503319235140983,2.098914871507994,1.207984003359572,0.5878284681164199,0.0917230837222754
E01000333,0.6216110827516055,-0.2595016475755832,-0.2128086106238675,1.2048311837947927,1.607681198736947,1.6104654334068331,0.5866444901634359,0.1933161261215664,1.0010831617940552,-0.2563984502596794,0.9447706731067884,0.5784563783260274,-0.0256635359859171,1.001475464214487
E01000684,-2.034353122969715,-0.6120392512548912,-0.8254385866847088,-0.9486118186152632,-1.1642713888564094,-0.6570200019397111,-0.7264279681744958,-0.4957224904400645,1.3366106927996195,0.7830207988701943,0.47727770505906764,-1.6516848318467845,-1.2523739775357092,-2.510848053314057
E01002246,-0.4818757347302778,-1.175137381349797,-0.8096555571234801,-0.9486118186152632,-0.6267893669057543,-0.6570200019397111,1.0268137400706023,-1.2480473551153393,0.3166019961671868,0.7680488304948586,-0.6746371654929092,-0.2726924934936615,-0.640608538137185,0.026587047995273
E01004335,1.347763913859087,0.8050747861470221,0.2991971426479327,1.2076467034889653,1.5934182640129684,1.7582744560974486,-0.9643572924486395,-0.1330526520209933,2.3697388625883544,0.3613244430120936,-1.69560479386374,0.0328793193675759,0.3027821955731293,0.8372959476580878
E01000581,-0.3781396160006376,0.1881484762201301,0.4312110034535537,0.5324514103043266,0.9643347092366736,-0.6570200019397111,-0.9554349427883594,-0.4096092105320217,0.24844529123822054,0.22959890692758853,0.6277398679640757,-0.320752110330503,0.3665642889444396,-0.8643264155345957
E01002298,-0.8948536481563335,-1.115617643049273,-0.5108411313528829,-0.9486118186152632,-0.5644536814985168,-0.6570200019397111,1.198568971031,-0.5647052038987462,0.5879367456474318,0.4845899346361368,-0.7874837876716652,-0.8864706893537847,0.2161079134533276,-0.3616569012174166
E01000121,1.2124399011560845,-0.9716057664366168,-1.234313397066109,-0.9486118186152632,-1.1642713888564094,-0.6570200019397111,-1.5264653210463048,-0.6623699530414018,-0.7965972662093538,1.1708842763320653,1.002918248194745,-0.5618499284245984,-0.9957315540488132,0.2332767598315245
E01000554,0.2211699988402693,0.1864849695638588,-0.0713796113782614,-0.9486118186152632,0.0410782295809354,-0.6570200019397111,-1.5465406077819357,-0.2570301095062974,-0.14531311306703965,0.06771154296158328,1.0161081131247294,0.0317399093360604,0.0389969794360283,-0.4812483562083184
E01000237,-1.1969666574424185,-0.3166101430991293,0.2259689387183845,0.7472484184396262,-0.1565436784328836,-0.6570200019397111,-0.1643199395768307,-0.1369751675575166,0.7864310355945873,0.16885493207379362,0.10796148701950252,0.584308444954865,0.7358986336748952,1.0002972744044387
E01000755,-1.8576084088308256,-0.7052905789578753,-0.9302931642010218,-0.9486118186152632,-1.1642713888564094,-0.6570200019397111,1.535387670706585,-0.8603501431981244,1.2204858803732528,0.882487090338079,-1.008780410385849,-1.825990672011104,-1.3187898059111072,-2.4499265040234977
E01004417,0.4084849810013732,-0.210774764488321,-0.2006188678829965,1.359722624002542,1.262300387461675,0.6337999453625678,0.6491009377853986,1.739303450760766,0.2588977586400999,-0.27278601346228726,0.4114001389031771,-0.0353661009254244,-0.3344819778520636,0.0867863428461905
E01003029,0.0299218936941554,0.57885381513422,0.8639016206386521,-0.9486118186152632,-1.1642713888564094,-0.6570200019397111,1.1204984115035466,0.3839175833978215,-0.01965928265297381,-0.8195072874587049,-0.7361898684995034,0.0298837934954098,1.4195839122182867,-0.5878600053133137
E01001191,1.157007449086099,0.6634728748004747,0.4823697206830452,-0.9486118186152632,0.8691997242041554,1.0155786633499198,1.1651101598049485,1.8866681927566784,1.175032078628761,-0.45758161798208,1.183261018750121,1.053924996986758,0.3476195548001352,1.1533278309941069
E01001489,0.9505184923730712,0.356724987634045,-0.0507241332627175,-0.9486118186152632,-1.1642713888564094,-0.6570200019397111,-1.136856052547394,-0.4541073508629183,-0.6245096617026865,0.04811751230202941,0.7469371658498611,-0.1782550920579378,0.3614870516927382,0.4778807059901945
E01002487,0.4907118334067396,0.2910763762676188,-0.5902380484075932,0.6619957035552612,0.7015659057679722,0.8732119054748104,0.6974303317785843,2.1508538043489778,0.4284954150881368,-0.39073505212066895,0.6090044689483068,-0.7079700140848176,-0.9972983206284292,0.0054662333238206
E01004339,0.5248808393390144,1.077055065814822,0.7154413527315792,0.7670300361434199,1.1323534767870618,1.313208755287867,-1.5822300064230572,-0.4196340857174104,0.6892781137028381,0.5487650066442004,-2.077798297313937,-0.4529862557403357,-0.9647384682079312,-0.3958262880038113
E01003535,1.44387960680527,-1.0358329654670508,-1.072472609437111,-0.9486118186152632,-0.1567561743118058,-0.6570200019397111,0.930898481222588,-0.1190422109700463,-0.9486577820639077,1.0173601924531948,-0.6116189219385388,-0.1125761004968814,0.2203948211907242,0.5582892256688978
E01002331,-0.3916597262616097,-0.5433857316593138,-1.0585273748732105,-0.9486118186152632,-1.1642713888564094,-0.6570200019397111,1.533157083291515,-0.3713202063782172,0.25732827410810954,1.0041315781325166,-1.007314869838073,-1.2127396224836655,-1.1052974593133222,-0.7597600545563109
E01001517,1.5932153701423704,0.4605452721326169,-0.5613399757663161,-0.9486118186152632,-1.1642713888564094,-0.6570200019397111,1.27515247228174,0.5687808098220096,-1.0467743655813178,0.5324937352731329,-0.8378006798119763,-0.5956891109177807,-0.4294842343881381,0.694899678039829
E01003248,0.9409315050971092,-0.3023848370628726,-0.5832792324978358,-0.0343673264125023,-0.0407413643242034,0.6814789389612669,0.0617129184836061,-0.4671778667241942,0.6412250037288059,0.02004574777288694,0.04205605420841104,0.4316009323350937,1.1866781634596826,0.3293781752475804
E01001471,-0.1666113454630656,-0.5776801022245042,-0.744491921420809,-0.9486118186152632,-0.0168514942329614,0.4538868574058396,0.8528279216951347,-0.2568595184343329,-0.07562270000038954,0.7062338355233653,0.38708738528615816,-0.6216855974498507,-0.4007343561119595,-1.0128086544792028
E01002906,1.0669143507107126,0.1698054261619855,1.3786506577426447,0.4482678005073532,0.5354038962985016,-0.6570200019397111,-1.1294207611638272,0.1311427400289649,-0.700984068773458,0.6180046980143111,0.7420520306906078,0.909069497415402,0.8136091086294368,2.85617946080961
E01000885,-1.593228798182181,-0.9031330087078744,-0.5498229468611826,-0.9486118186152632,-1.1642713888564094,-0.6570200019397111,-1.030531385762386,0.0451096983704937,1.0467831880720602,0.5215685455383897,0.677079733072536,-1.0707590811259489,1.2032965933257214,-1.9675380766245676
E01000206,-1.266165039959939,-2.6546335672494368,-1.7365176484989728,-0.9486118186152632,-0.8735676996078864,-0.183225048923536,0.9256937772540912,-1.2243357286273435,0.23199315139193072,1.647281164600111,-0.1696102876255937,-0.1902691352454946,1.0513847837203163,-0.8339967620359042
E01001524,0.2313715365826391,-0.3727423266679781,-0.3449147808946122,-0.9486118186152632,-1.1642713888564094,-0.6570200019397111,0.0579952727918224,-0.616734398951088,-0.15201572741431948,0.3271902375717231,-0.03810405424217723,-1.0162801344362573,-0.9330493416862112,-0.5981358283391819
E01002759,0.1863864424415867,0.7500815859006863,0.7380152744250189,0.3888619616949338,0.8257876486587206,-0.6570200019397111,-0.344253991059152,0.7664923388803904,-0.12245962077450714,0.2869860673737378,0.22618175787343733,-0.4221523069718214,-0.0301314021780806,-0.4785395339921555
E01000991,-1.3113959542875546,-0.9780292265068776,-1.3692856345203264,-0.9486118186152632,-0.5565330508349741,-0.6570200019397111,-0.0014870582767135,-0.4064087936037468,0.8616133724297385,1.2989205359660814,0.0009770270318507674,-0.9765788181832954,-1.57266230257132,-1.1759568884915717
E01002125,-0.3862516821572209,0.4750770218390666,0.2865443844931708,0.7219673345890718,0.3363904888397477,-0.6570200019397111,-0.0304846946726247,1.126885510050928,0.25377508096015394,0.2068756855140007,0.02002905415293938,-0.1036733457766714,0.5019598891449834,-0.2117860417185237
E01002681,0.6651212557732792,-0.0314615053952878,1.8106508797332623,0.8654949793806566,-0.421583609361146,-0.6570200019397111,1.290023055048874,0.5832655806628545,-0.436997968758303,1.5671092458203075,-0.8475709501304832,0.6909452372866939,-0.0082155252426981,2.869678255767002
E01001710,1.0894068977812388,1.2476969745912074,-0.2526029701042556,-0.9486118186152632,-1.1642713888564094,-0.6570200019397111,-0.74575972577177,2.052313352474042,-0.7157621220933642,0.23962216285821486,0.48997905647312673,-0.3512164782730186,-0.5640014615190774,0.3901102306093176
E01003074,0.5289368724173061,-1.1977743557418836,-0.6281162015536681,0.8301726159755197,0.8573126819407163,1.4511561110596816,0.4810633525167847,-1.2388846872352264,0.7675699747731689,-0.5214448701804154,0.69809802381159,1.7960989563783754,1.510229555502233,0.96788782183605
E01000127,0.7439066255667619,-0.014696462308748,-0.803172664601018,-0.9486118186152632,-1.1642713888564094,-0.6570200019397111,-0.1271434826589957,-1.2403173237463248,-0.48876153257283783,0.7618990820292385,0.08353581122323497,-0.8846093347826133,0.1865010871690272,-0.0795065308049925
E01000676,0.1980629013033353,-0.3434260858532063,1.4814446321595205,1.7581931497296863,1.7198309986420293,2.247995954994789,1.5643853071024962,0.5736086668692014,0.44524460096442986,2.6046658039666837,3.5167318424196923,3.345457098011261,2.4806454224571937,2.910897164078466
E01001970,0.7042066654368166,0.135190657392225,0.0463985178203707,1.1442588082183884,0.775006700483613,0.7996322663345461,1.1353689942706806,0.0842340142978966,0.5631063718511352,0.053091912704237035,0.9078776820146386,0.9776597587974096,0.0252852228937914,0.1813857423090888
E01000005,0.8172839512558556,-0.4476892694832606,2.077387289430423,2.366484919698296,1.609407126398184,3.221211313802637,0.2944375387892528,1.8186186805744449,2.632644310374685,4.9161056928100155,0.9484455311561438,-2.653773197998056,-3.838763787642781,-5.408985312573061
E01000081,0.932819438940526,0.3797632301711258,-0.4748676599155442,-0.9486118186152632,-1.1642713888564094,-0.6570200019397111,0.7732703038909674,-0.5980136615593479,-0.6128810295821047,0.4504650744740587,-0.5080540565623644,-0.7658301364722948,-1.165444606418935,0.0724841131805787
E01001852,-0.2327369756485472,1.3377942523398902,1.4354060123478647,0.9521652212783512,1.3583706959796638,-0.6570200019397111,-0.6424091755401887,0.9525925043088862,0.15291284819205098,1.3667436833714803,0.422075677759503,0.2154594311139083,0.3492425262188713,-0.2784072737119962
E01000485,0.8786160878033562,0.1742269964941011,-0.0636620154140987,-0.9486118186152632,-1.1642713888564094,-0.6570200019397111,0.2550304944563477,-0.4090686417882076,-0.5772683437128224,0.06039054021868109,-0.16756013596239502,-0.9848500115077456,-0.7040282100570485,-0.3482990296405294
E01003557,1.2360386390661449,0.4356657092632197,0.2289670064348117,0.4929561316280806,0.8135675362977242,-0.6570200019397111,-1.5242347336312343,-0.4185373516306342,-0.8121021090367964,0.1128706897625666,1.0014527076469686,0.7062373656459368,0.2289883846705878,0.5676435723598571
E01000007,0.99206210390224,0.8213402910367886,0.7934535631585679,1.256039821713441,0.7567499595951338,1.3668528491039205,1.6469170414600898,0.0728580190915104,1.3560029132068063,0.9966092720075821,2.251093250357523,1.327035896396739,0.1287384940717043,1.7932328965337625
E01001300,-1.3077086514891076,0.5270261919733761,0.5585484926078396,1.1347720054008823,0.5954807079435465,1.124617130988128,-0.1435011237028431,-1.1814247002338532,-1.470671551806034,0.633825193070238,-0.16138382203226387,-0.6604159082695604,-0.9152783915793464,-0.9018645240549908
E01000963,-1.3260222553880607,0.3038566059444847,1.3260331136932022,1.1343324044829957,1.156540177925724,-0.6570200019397111,0.8981831991348932,1.4137669697834987,0.8712231448071638,1.5041623302796836,-0.5901243272378235,1.7960383651691545,0.5201843934371148,1.045819729211581
E01002730,0.920159699332525,0.6142782189468537,1.1389761895643422,2.013494489961703,1.9589451941154048,1.964032416905475,-0.5115480471894095,-0.1212981913683711,1.8072234782190741,2.293322281885379,-1.0046969474846918,1.2509291791244908,1.0580031044588196,1.1257621371065694
E01000241,-1.0224343249825971,-0.5478278634065887,-0.5870258828585961,-0.9486118186152632,-1.1642713888564094,-0.6570200019397111,-1.589665297806624,-0.9941085896485768,0.6717598021832932,0.5568596903127233,1.0444418970483995,-0.7314949550243058,0.3950438678059543,-0.3759085424502293
E01001112,0.9189305983997093,-0.4780532984995413,-0.4453959597685808,-0.9486118186152632,-1.1642713888564094,0.4648772691935406,-1.1576748684213816,-0.8524650376097096,0.427189947162443,0.42250787139996404,-0.5381767314457233,-0.5155272557596401,-0.5425672927319184,0.1664640250011786
E01002725,0.8443241717777998,1.3421856101818113,1.245411970934346,1.2803686267398988,0.2919633492742047,-0.6570200019397111,-0.2275199163371502,1.5431986199857208,-0.554737868979195,1.5945864149506395,0.14948513587315734,0.5827859448171891,0.2483802889629105,0.3015622505935548
E01000255,-0.0176443124058098,-2.210362722051239,-1.875504256303042,-0.5719154216811267,-0.4781346670537359,-0.6570200019397111,-1.4900323932668262,-1.2054180929884517,0.011592666171090024,1.0726298076083023,0.9789810859144026,-0.3067740908660837,0.345830575528805,-0.1416888375546243
E01003092,1.2282953031894064,0.8270373289248925,0.9432688635699232,0.1908940562933637,0.6296802330388886,-0.6570200019397111,-0.559877441182595,-0.7133175500131476,-0.8070145824840418,0.18006441954209412,0.367850677491789,-0.4027788832134004,0.0242237844127447,-0.0336111842442631
E01004260,1.0241416382487285,1.1040832332772708,0.7654359523355158,1.191611807456595,1.2723057185002953,1.91344028157946,-0.0468423357164721,2.727563983192854,1.9596338646678966,0.912102518654784,-0.08963001204316598,0.380694599775394,1.0228996808737545,0.729204586905587
E01001210,1.628859297194024,0.0370990958739504,-0.9808421822297008,-0.9486118186152632,-0.2974492244549854,-0.6570200019397111,1.2521030689926824,-1.1047678385452864,-1.070193138601934,0.9304384862594799,-0.8226567608182904,-0.5670957617649861,-0.1189463746067625,0.6097116427294261
E01003016,-0.6694365370779448,-0.0969781166403966,1.2312161444135343,1.7963622708149034,1.1076790717777785,1.8462579412340596,0.6855338655648769,0.6651800790021094,-1.2359525227323847,2.2117102290426667,1.2656723432840362,2.817444100988108,1.4858088801316671,1.2927077985952085
E01003913,0.0301677138807185,0.1175120214829808,1.405645069336871,1.9488164095174896,1.054983008951168,1.95766724627448,-1.466239460839412,0.2370004825965029,0.05905834535926259,2.7393441770810436,-2.87040896768047,1.308692600271556,2.1462214188536506,2.353672277319231
E01001712,0.9759608816823552,0.6387833532698957,-0.1978172537512715,0.5292167428563649,0.5008453232161353,0.9855059127285466,-1.720154661588225,0.3719778639190428,0.9618152194897265,-0.10468820271103893,-1.695222589802768,-0.0002508251306599,0.4507755128724416,0.8848206598977593
E01004164,-0.8262698161052207,-0.3507422065500647,-0.1685248167769052,0.3497381638251867,-0.3044486398272664,-0.6570200019397111,1.0305313857623857,1.2061383044158296,0.5428757961801768,-0.05893955997853084,-0.6770797330725358,0.6461662955519032,-0.0583641920576882,-0.0415467497790037
E01003691,-0.6258034539629895,-0.1720874198547632,-0.5476166557306992,0.3623535467238802,0.5439016435029522,-0.6570200019397111,-0.5256751008181869,-0.9333793321626735,0.4111653865366413,-0.19843083744908893,0.345379055759223,-0.7338137020288943,-1.0508314705469597,-0.6583096339204445
E01003036,0.5048464941341195,0.8930889672097854,0.930219707130466,0.3623029658254532,0.0133081578206212,1.262223773166549,-0.9323855394993016,0.4635538219274632,0.6372292466958724,0.33702135876265227,-1.176879193712737,-0.1423915610395452,0.1691157986842955,-0.7218420173539595
E01003585,0.7716843066483954,1.382216918322594,0.2073928650934948,-0.9486118186152632,-1.1642713888564094,-0.6570200019397111,-1.6907852606231353,-1.4927288310950473,-0.5070120246509734,-0.19673532292417004,1.1108797352142472,-0.7662073208296505,-1.5722844671257443,0.0599476980332449
E01002697,1.0060738545363384,1.088862555914323,1.075313229563226,0.7482584508409194,0.7040596149639569,2.3880249455874942,0.4319904293852424,1.055402133373618,2.40252946173614,0.8046122113217253,1.0316039216270119,0.6715251639027808,0.6498162981617613,0.3962431215945049
E01002811,1.3073264931694522,1.0205072061205325,0.6682047477484021,-0.9486118186152632,0.0612416965419509,-0.6570200019397111,0.7026350357470811,0.3664654922478478,-0.8589396550780292,-0.6338669209689649,-0.4616452725494562,-0.2101096137750922,-0.0181531492426465,-0.2144953366646884
E01001587,-0.8282363775977257,-0.1243631897927989,0.2040633333829639,-0.9486118186152632,-1.1642713888564094,-0.6570200019397111,0.3933269141906939,-0.4835604630420268,0.5441678664157971,-0.19357688979310614,-0.2584236499245103,-0.7344814987855317,-0.419474236433549,-0.5788871791022165
E01001681,-0.0668083497184355,0.158786124255347,-0.1594877915834039,-0.9486118186152632,-1.1642713888564094,-0.6570200019397111,-0.1345787740425627,-0.9216017807040656,0.043894422061595384,0.15129200402086485,0.08842094638248849,-0.8459710171832453,-2.859936436831769,-0.573979988695207
E01004757,1.3787372573660408,0.7103802904685932,0.3072187477217601,0.323897613711235,0.307535662714154,1.2059964471413689,-0.0148705827671341,2.2687580472227427,1.6627522339248804,0.099507419274432,-0.01793386998408539,0.2836701332942951,0.502301315758662,0.5845931723391019
E01002438,-0.7624794776920889,-4.104979469231289,-3.513599485076082,-0.8110628873417228,-1.1642713888564094,-0.6570200019397111,0.4297598419701723,-1.794553803875976,0.5009642679122461,2.8497501433281975,-0.28236081220485254,-0.9776019006888244,-0.6589209973819378,-0.1949801658507387
E01002852,1.4172081165631705,-0.8412319500054213,0.054104154473656,0.5108556654324451,0.440707033111624,0.6788553084673322,-0.5784656696415125,-0.2548045415532752,0.962079253131898,0.027639413836299337,-0.39269449060225087,1.5818818588141168,1.7855218374465096,1.6349104888024997
E01004338,0.0474980370334191,1.3303010498834915,1.006914227764543,-0.9486118186152632,0.099070233453776,-0.6570200019397111,-1.6327899878313128,-1.0145450826746432,-0.031207160383829487,-0.9551707367893066,1.07277568097207,-0.7032848798947787,-1.6976171206953596,-0.5118429781344513
E01001366,0.809294795192554,0.561131137049552,-0.3249648755910556,-0.9486118186152632,-0.1666924446721748,0.968855026380372,-1.6699664447491478,0.9804825014655169,0.7840893301457796,0.308265521620514,-1.6179553838817717,-0.7006830395355065,-0.9260319333604208,0.4700018096006823
E01003619,1.1729857612127024,0.264821355965953,1.306466319189413,1.5926412520974902,1.1185067707310248,1.7106748278520376,1.50044180120382,0.1978899966719209,2.006597215135431,2.080732154417026,2.566768019976346,1.02285899011842,0.5624055448649017,1.341615564484796
E01004006,0.6661045365195317,0.5991551295370754,0.3179803672033753,0.2237348384273425,-0.1111659838872004,1.059353213544005,-1.0178913904103222,0.2504660680835295,0.7056399813182059,0.07114328607931421,-1.07830651546995,-0.4966806544709281,-0.4049714493196393,-0.4873621252096681
E01002092,1.1984281505219865,-0.0107642874138136,-0.464284663348489,-0.9486118186152632,-1.1642713888564094,-0.6570200019397111,-0.7398114926649163,0.3249705359882036,-0.78739126578056,0.4404259188541854,0.4860709483457239,-0.2613637171779405,-0.5727233295839133,0.5014153152860527
E01004614,-0.1485435617506757,0.7265792556048535,0.8474212050882862,0.8227097284147779,1.0798703300805306,-0.6570200019397111,-1.0967054790761324,0.2041159203447312,0.09759609122956055,0.6971816694911077,0.7205574359898923,-0.1223935959185937,-0.2788583579889047,-0.9771775286705116
E01002476,-1.9207841967775496,-1.5305324192476248,-1.3672759902153224,-0.9486118186152632,-1.1642713888564094,-0.6570200019397111,-0.4617315949195106,-0.8400811290938666,1.2619936366925522,1.297014163627142,0.30336689338964273,-1.13626217466736,-0.7306364097665187,-1.8124688902165893
E01002077,1.2797946322743818,0.9141817350551368,0.8746150472843129,1.1040200781620118,1.2367508337342004,2.1663439479042,1.0253266817938889,1.233407966368298,2.772475356187888,0.9655925728644987,2.2212102517288868,1.887526886496641,0.8018235559451352,1.263146463916758
E01003688,0.5798216510358737,0.7435866130022157,0.0523879453287883,0.8667539333798439,0.7212194915948016,-0.6570200019397111,-1.0401972645610231,-0.5958403016560836,-0.38095442228827625,0.04540745767541548,0.6834304087795656,0.0964004794501656,-0.6415168038596937,1.0840438107013046
E01001858,0.937367112391944,0.8251678275983048,1.0462949934223678,1.2111283565524853,1.1760653991415355,2.08828479370656,0.5011386392524156,0.6620753344554685,1.9574894869287245,1.2671975358527257,1.046520199889617,0.7718428287356285,0.8092393857361814,0.4158940363818146
E01003555,0.6201361616322267,0.4621328160001778,-0.1451008869906136,-0.9486118186152632,0.1577491698522507,-0.6570200019397111,-0.3405363453673685,-1.4431024415977505,-0.4074418621184906,0.13764441629085375,0.22373919029381056,-0.4403154044002199,-1.225541758721881,-0.7268345731186058
E01001359,0.553518891073619,1.1162598378408597,0.6807289044521248,1.8658844002688029,1.44295428160047,-0.6570200019397111,1.5733076567627764,0.2106417064521416,-0.36367298288685584,1.270161443629292,-1.0336945996980418,0.583016039836387,0.1457471379976356,0.8406991412504061
E01002882,-0.1937744760782913,0.1340100495393077,0.5362522484829689,0.9313726255826534,1.7740376352412046,1.2328616439229114,-0.5353409796168238,-0.5791115708831532,-0.23889711912818307,0.49945066464418425,-0.6600013601896992,1.7112093363192722,2.0298579849684115,0.3680666280565699
E01001602,1.033605715431409,0.0432229368964168,-0.7486633645465498,-0.9486118186152632,-1.1642713888564094,-0.6570200019397111,-1.2491289524392557,1.0535677084529145,-0.6790996291576408,0.7101909157731244,0.8207027067545891,-0.5246445664880351,-1.4057229792171526,0.966144573482466
E01004586,-1.1039237168282745,1.366281467194541,1.5591307475599647,-0.9486118186152632,0.4780407878296455,-0.6570200019397111,1.1918772087857894,-0.0587285689724133,0.725299962571806,-1.479009853901833,-0.7830871660283368,0.1881325930162116,-0.0462727548507955,-1.6748228836371468
E01002598,0.6115324551025172,0.1008462287199644,-0.1049325011953588,1.123409384426226,1.2100262118585965,-0.6570200019397111,1.188903092232363,0.3428305488435003,-0.40178905483765215,-0.11788215657418226,-0.7811331119646356,1.7727824008480115,0.950684004284386,1.0302867912708151
E01003802,-1.905543345210636,-1.113564734488378,-1.1041150112993348,-0.9486118186152632,-1.1642713888564094,-0.6570200019397111,-1.501185330342177,-0.8597555516630313,1.2519800923664957,1.0473765488290738,0.986308788653283,-1.0362288195494596,0.7284361839458172,-2.2904080822229003
E01002781,0.8359662854346535,1.197874078093057,1.164266121412386,-0.9486118186152632,-1.1642713888564094,-0.6570200019397111,-0.1330917157658493,-0.5462427939373815,-0.5492465704778091,-1.1044366027851422,0.08744391935063779,0.1022952106046814,-0.5456264781162152,-0.1804813008263362
E01002940,-0.0920049188411562,-0.0722114741464303,-0.6202165052957189,0.0353286737947037,-0.2804090564137763,-0.6570200019397111,0.8446491011732107,-0.1336949611309065,0.06044907195547941,-0.02191142659768357,-0.5549513540911981,-1.045712291965916,-2.254268381416278,-0.992662838035004
E01004398,1.2813924634870422,-0.7249486966248835,-1.1868360320825824,-0.9486118186152632,-0.2720509692552675,-0.6570200019397111,-1.2506160107159692,-0.7893253576734235,-0.8419004788457877,1.1258466867919814,0.8216797337864399,-0.318880444174769,-0.8547835009974795,-0.206322525618708
E01004604,-1.4713019856468696,-0.8940281214267021,-0.7346115156832804,-0.9486118186152632,-1.1642713888564094,-0.6570200019397111,-1.4104747754626594,-0.7617391356503473,0.966674833463607,0.6968611658680316,0.9267101397103901,-0.2549183929362675,0.345830575528805,-2.020679744786957
E01000651,-1.1616914606706097,-0.4236334510953685,-0.2820263039300258,-0.9486118186152632,-1.1642713888564094,-0.6570200019397111,-0.6758679867662403,-0.1748821683355064,0.7632545257431498,0.26753348506840274,0.44405878597614384,-1.131826081266215,-0.9792534892154324,-0.9012878255820176
E01004332,0.7866793380287462,1.033451029405955,0.5382717289250267,1.429415243519052,1.557166960322646,1.2647244029185198,-0.4944468770072056,0.6366319733892017,0.9949325560767425,0.7694138144807882,-0.625339031297865,0.0986621362583225,0.2740772292205694,0.1616225147806584
E01001553,1.294666753561451,0.1698830175838918,-0.8419430832518241,-0.9486118186152632,-1.1642713888564094,-0.6570200019397111,-0.9591525884801428,-0.4522521921859127,-0.8506219529362239,0.7986771593740548,0.6301824355437023,-0.6782147093955733,-0.0715856722570891,0.266150305204875
E01000119,-0.9008762427271302,-0.7917454998983772,-0.7209756791366948,-0.9486118186152632,-1.1642713888564094,-0.6570200019397111,-0.7018915066087247,-0.8821771553121766,0.5918937107440188,0.6839260501632346,0.46115675903353104,-0.9124814257741164,0.2103560282589841,-1.155607417406994
E01002387,-1.925823510602094,-2.5955313910632007,-2.5878272692787463,-0.9486118186152632,-0.8790189783652022,-0.6570200019397111,-1.2944842298790145,-1.7949428739140905,1.265304566671329,2.454843532172682,0.8505020312260355,-0.435850787865042,-1.6502671208883075,-2.0941305709269438
E01004226,0.8165464906961662,1.6016029141922574,1.5574899128619424,1.6879276939340142,1.6132623804193966,1.4207699432036536,0.2215716832302963,1.6401362907241908,1.1601247112095348,2.628930356942547,0.314802387798646,1.179720810138963,0.8403293976640204,0.6461189804142521
E01001219,1.2045736551860644,0.6925760943556999,-0.7058791495253444,-0.9486118186152632,-1.1642713888564094,-0.6570200019397111,-1.4327806496133604,0.0436784598449482,-0.7914289852668729,0.6696053037538322,0.9413655451881505,-0.4242290997656509,-0.2281119695276148,0.746314376066925
E01004448,0.6828203092058245,-1.0333493593535796,-0.7092510567578065,-0.0378811515988588,-0.3461725934662907,-0.6570200019397111,0.0527905688233255,-1.059073074641955,-0.44862660087888495,0.026867246802693274,-0.03468445963069977,0.905819566245596,-0.375368193311845,-0.1509002012983989
E01000245,0.4935387655522156,0.4805917118943602,0.7060371330654345,0.1312603994681744,0.5690837588566807,-0.6570200019397111,-0.7078397397155783,0.176800418159834,-0.3242648407004393,0.09267471612553352,0.46506486716093387,0.8527764402224498,1.385054740469106,0.9186409837570056
E01000073,1.312980357460404,-0.2785540989486605,-0.8042011877632638,-0.9486118186152632,-1.1642713888564094,-0.6570200019397111,0.3323575248454448,-1.2753635036014612,-0.8626543570054372,0.7628747512566644,-0.21836554161863173,-0.3715096569924833,-0.1654660488174493,0.2316796250036637
E01004484,-0.0626294065468623,-0.6879062233213453,-0.3213238733198462,-0.1206943091629182,-1.1642713888564094,-0.6570200019397111,-0.7814491244128916,-1.3387928718518176,0.04114877281090243,0.03878196290789188,0.5134277052375436,-0.3114961226086486,0.2131274198594512,-0.7964636187375668
E01001679,-0.6360049917053593,-0.3180009697846037,-0.254411821261956,-0.9486118186152632,-0.2671049971279952,-0.6570200019397111,-0.5881315484401496,1.7658475562835247,0.4178680008839211,0.24133806044452538,0.38641419109695235,-0.6029721523710573,-0.1665194697987765,-0.0159828711628864
E01002178,-1.1283828253913055,-0.0099398316067275,-0.5469623289050742,-0.9486118186152632,-1.1642713888564094,-0.6570200019397111,-1.3495053861174102,-0.9122482898427422,0.7413700861273322,0.5188549295366822,0.8866520314045114,-1.4079420530842734,-2.107711862056849,-1.9348231403236589
E01003441,0.3928753991546145,0.1088073194367032,-0.4393038053907315,-0.9486118186152632,0.223796904068259,-0.6570200019397111,1.4974676846503934,0.1360969154305386,-0.2581269955146296,0.41672878175630745,-0.9838662210736562,-0.5285711066663711,-0.6914324054044323,0.3405024595933311
E01003773,-0.4418070443204879,-0.0513246633951476,0.1039565581847218,0.0013341369927613,0.1855455290165077,-0.6570200019397111,1.619406463340892,-0.6594634149649344,0.290276065116425,0.00013869228991437985,-1.0639824376854137,0.6500663718281806,-0.1889193778095756,0.0651424972095833
E01002303,0.957647277783402,-0.055232900660832,-0.8318420078008089,-0.9486118186152632,-1.1642713888564094,0.6217012541646539,0.0007435291383565,0.1352112277481309,0.5953705136453078,0.7890951598204973,0.00046225299782420056,-0.98432020118965,-0.3505517637063584,-0.1276262292440628
E01000559,0.324783207476628,0.57679883733639,0.4733078170273892,1.2438590415595372,0.805199756233112,-0.6570200019397111,-1.565128836240853,-1.0051739758932436,-0.2133890636062797,0.5887282076503252,1.028320951022863,0.8676555843353297,0.7772581026053009,0.3004823814509936
E01003004,-1.0017854293112944,-0.56039537703314,-0.2447606384866766,0.412232571220352,0.5331936931134751,-0.6570200019397111,1.1599054558364512,0.2905886101015681,0.658193064709281,-0.10089830733689774,-0.7620810848435466,-0.7542353194143954,-0.5624435542844676,-0.639116230609077
E01000135,-0.7691166227292934,-0.616991911062677,-0.3865546977835384,-0.1527299120312281,-1.1642713888564094,-0.6570200019397111,-0.0089223496602805,-1.0499554871283812,0.5053250049574644,0.059038464987737786,0.0058621621911042745,-0.3856271814960283,1.1447031307306117,-0.6930354417137513
E01003720,0.9393336738844488,-1.0678841204721998,-0.87066324687062,0.2876715921861963,0.8389106704927081,-0.6570200019397111,1.12867723202547,-0.9008644201323288,-0.6171610122375965,-0.25046508248527455,-0.7415635171746822,0.6854504781913738,0.008324613594668,0.5365599818101398
E01002242,-1.3876002121221245,-0.2095741642233077,-0.5153545497056287,0.2715914774710283,-0.3675908553765771,-0.6570200019397111,-0.52270098426476,-0.5567966328943061,0.9116810940600217,-0.1399659035759682,0.3434250016955215,-0.7507866167642399,-1.429294331250114,-1.500774900094264
E01001308,-0.9268102724095402,-2.0685005428660634,-2.240129904528576,-0.3567712785236372,-0.3763808780109584,-0.6570200019397111,1.1279337028871137,-1.5978136430957697,0.6089328869762602,0.7992140100976934,-0.741075003658757,-1.044938046884745,-0.384298640552274,-0.6627031262842709
E01001350,-0.3025499086324756,-0.6932161894198663,-0.6558098420377059,-0.9486118186152632,-1.1642713888564094,-0.6570200019397111,0.5509550915223145,-1.3143015090266137,0.19878134155656854,0.6221089669211767,-0.36198851530068477,-0.9206059226553976,-0.1067056096265399,-1.0067962557291807
E01002078,1.129721408377592,0.1631698680719536,-0.1068190379844001,-0.0791380311321505,0.1017857006824374,-0.6570200019397111,1.5837170646997702,-0.3468672724919731,-0.7422495619235786,0.008453448353515821,-1.0405337889209967,0.0693494001689718,0.2943666682181181,0.1062949745385119
E01004449,1.539380749285045,0.3736434055709489,-0.0949654782304588,-0.9486118186152632,-1.1642713888564094,-0.6570200019397111,-0.7978067654567389,-0.542278248504877,-1.0114039428812143,0.0900853750098637,0.5241750025879013,-0.1802497603472907,-0.7404625787425911,0.2373726928564856
E01004414,0.2657863627014771,-0.3226265502188919,-0.2174863292038108,1.2963788416823208,1.2048532896787858,0.6052923556227213,0.4825504107934979,0.9290652056396403,0.16087845357197206,-0.28194467553497615,0.2920840748559082,0.1348617323509796,-0.132535013949895,0.1109012608608082
E01002182,-0.4833506558496566,0.3857344409680309,0.1845189543575197,1.3069304577515293,1.1606285395315257,-0.6570200019397111,0.1472187693946264,-0.4223770514000539,0.317571048843902,0.24115344148230675,-0.09672567615321931,-0.5828906117610045,-0.4231771054053074,-0.1022342479179621
E01000504,0.2552160946792626,0.5673249826151907,0.1951534070294369,-0.9486118186152632,-1.1642713888564094,-0.6570200019397111,-1.6431993957683066,-0.3580711318850301,-0.1676820790212146,-0.18512482835115884,1.079614870195025,0.0701470082948382,-0.3463620825613631,0.0566337472547395
E01001738,0.3973001625127508,1.1788321495182712,1.2995083142577024,1.2368127855651598,0.7988701861968956,1.4310329210946768,-0.8342396932362174,1.278892426195278,0.5685496121120116,1.607248498022154,-1.1938244651049512,0.4427259956463284,1.2467054627228062,-0.4228436807124467
E01001269,-0.625926364056271,-0.0218617152158889,-0.2470292211004585,-0.0880706094825312,0.3375674668497828,-0.6570200019397111,0.4208374923098917,0.2692699145563534,0.4112461409263675,0.021756014062312336,-0.2764986500137482,-0.229309469938845,-1.035492922812844,-0.2327197650855925
E01003236,1.2359157289728633,0.2195927802902821,-0.2446867189243706,-0.9486118186152632,-0.1920484188942531,-0.6570200019397111,-0.240159911689214,-0.3335989219485702,-0.8120213546470701,0.23211271342984893,0.15778986564388822,-0.0130871313012901,0.1228859757866843,0.9725602635782656
E01004228,0.3046259521784514,0.9030617548959488,0.9328152551936852,1.1850599392875285,0.2980799630219372,1.7263508174929207,0.3412798745057249,1.1393984423665997,0.525891261572829,1.105441989686309,0.5891687903468396,-0.0482331007074691,0.2031550678735326,0.1890887725106541
E01004481,-0.422018519302156,0.9415925946508874,1.3883601640965528,1.6897774956871767,1.2544706146487887,-0.6570200019397111,1.413448892016086,0.738550536246764,0.27727460837049656,2.3460197611989106,-0.9286641937740913,0.6158644314426819,0.0481930590021253,-0.1447067403383862
E01004720,1.0154150216257372,1.1911347884712629,0.5502097841344267,0.932223278043624,0.8730841837389558,-0.6570200019397111,-0.7294020847279226,2.272853758332416,-0.6671479794781536,0.51291836857747,0.479231759122769,0.074350916158386,0.6820330451163789,-0.0938166310420323
E01004457,0.1689332091956045,0.9243247010253612,0.9421549842722716,0.3325807413367063,0.8627751297246674,-0.6570200019397111,1.4379853535818574,0.325107902126463,-0.11099249743337769,0.31334260312334494,-0.9447851397996281,-0.1003366952887896,-0.178433755746191,-0.1950787139974477
E01003508,1.2409550427974074,1.1995757227555732,0.7726872485469728,1.4854861320621076,1.209707433121234,-0.6570200019397111,-0.852084392556778,-0.0191205815604201,-0.815332284625847,1.147816192137755,0.5598364892504518,-0.1130453478704398,0.7446264237625944,-0.1196602497599571
E01004399,1.5672813404599604,-1.642331641407222,-2.0205596500131997,-0.2236362380316266,-1.1642713888564094,-0.6570200019397111,0.1382964197343458,-1.4812869505870043,-1.0297351893490763,0.4518703588474521,-0.09086351396211499,-0.5534138683897555,-0.970645148431954,0.4760861355359088
E01001871,-0.8024252580085972,0.4788621844716053,1.2507712765988015,1.2529492293783049,0.609692147073012,1.1457167127257926,-0.3643292777947831,0.5304103285185099,-0.919352028813756,1.567152907142987,-0.41741814250480097,0.0617063193781347,0.0541511839258391,0.0717278418667582
E01002531,-0.1455937195119181,-0.677825583547722,-0.8365492662722838,-0.1676219343401688,0.2491368266039656,-0.6570200019397111,0.3739951565934196,-0.9202016639535692,0.09565798587613018,0.14022400618340913,-0.2457222985104511,-0.7541148128895376,-0.6009700898100712,0.0893633763057739
E01002942,-1.0130931578931983,-0.2721033377756976,-0.7195880495098657,0.0496297179112283,-1.1642713888564094,-0.6570200019397111,1.2119524955214205,-0.1637685102815737,0.6656224685640972,-0.035712951909465614,-0.7962770309583214,-1.1433916575322034,-1.6735815287709146,-1.4688687237136977
E01000962,-1.7297819118179991,0.9586991841467206,1.3888528436062508,1.052472246953412,1.1294156650019156,1.3988163049222535,-0.1442446528411999,-1.018629011014058,-2.419647142210605,1.4617290729979064,-0.20177177229212045,-0.2162169218919883,0.7750714268044964,-1.593522064187533
E01001730,1.5278272005165785,1.3104606004155943,0.8698439041819725,1.6009985381811214,1.0774407662378784,1.6855586507827565,1.3257124536899954,0.697275288682992,2.57524235473192,1.3926188190410975,2.2345660947676063,0.3505018496158695,0.2673679032937415,0.6063008028790414
E01001075,-0.9018595234733828,-1.066675835548006,-0.7103487569985426,0.6691315964466685,0.7843170335692919,0.3328630945392344,0.5479809749688878,-1.1630202392827853,-0.30019575182302954,-0.47531679780434144,0.18240264307677073,1.217880035472955,-0.4893051486267895,-0.4879952693446132
E01001079,1.112145265038328,-0.5123469015502048,-0.3792026168625656,-0.9486118186152632,-1.1642713888564094,-0.6570200019397111,1.7138346639121929,-0.2193322297195551,-0.7307016841927227,0.35971608400566524,-1.1260236542079332,-0.8228401863012615,0.1208860348616947,0.6081596437050252
E01000921,-0.4173479357574566,0.8630863191607717,1.541861720331528,2.311624176336987,1.9015340478494036,2.473556452226295,-0.8334961640978605,1.0146218830713885,-1.032333679316182,3.564204829286898,-2.0616998146101295,1.7382614000273398,1.5494614956039483,0.8953575826729757
E01001390,-1.0460330628926575,0.541356248989537,0.4565013441475298,-0.9486118186152632,-1.1642713888564094,-0.6570200019397111,-0.1650634687151875,-0.5279858355787929,0.6872646450107358,-0.4330425702721004,0.10845000053542794,-1.0870370475530473,-1.7237225936606864,-0.9038345056639606
E01002889,-1.4183277354425154,0.7035775511043677,2.255162784601465,2.246074925497379,1.6880529384569272,2.529243406872975,0.5271621590948999,1.0648228613051702,-3.5872960736530595,5.065264583408197,1.333321415243698,2.569001973991633,0.4321560113756886,1.2433835950281489
E01004145,-0.8032856286615682,-0.6335235473132984,-0.9932280963209524,-0.9486118186152632,-1.1642713888564094,-0.6570200019397111,0.8297785184060766,0.4300926384751541,0.5277747253013656,0.9421879107507946,-0.545181083772691,-0.9575839152686,-0.6577626505362518,-0.3734949862295231
E01002856,1.2781968010617213,1.1589302139081523,1.1084997266532066,1.912051709295408,1.7613351393571464,1.5703508045002497,-1.320507749721499,-0.2843506124525992,2.0072173748569195,2.1195087971007562,-2.0736604071239704,1.965836888532257,1.3172171959665406,1.5899035099682404
E01000379,-0.0309186024802188,-0.5921678990634944,-1.0026987994422984,-0.9486118186152632,-1.1642713888564094,-0.6570200019397111,0.8253173435759364,-0.4738538985004778,0.02031414026152651,0.9511719316622999,-0.542250002677139,-0.7894463599808517,-1.3022159583298212,-0.1637553901933608
E01032566,0.5725699555322614,-1.1742750815726215,-1.7278050647749796,-0.9486118186152632,-1.1642713888564094,0.2062353099081765,0.3814304479769866,-1.2320992696672532,0.11808414222330678,1.6390163047088562,0.07866442664694843,-0.8148015535130565,-0.4279425616029814,0.5247308750960058
E01003445,-1.2135595200354294,-1.0258046709823525,-1.020758971537074,-0.3016186757571779,0.253028948914373,-0.6570200019397111,0.0892234966028039,-1.0672127347981692,0.7973328782076328,0.30787996926227107,-0.058621621911042025,-0.9864583600995932,-0.3550193058492099,-1.1864082246248715
E01002234,-0.0030180113053037,0.511392225879366,0.0175259027032308,-0.9486118186152632,0.603969011298161,-0.6570200019397111,-0.1620893521617606,0.4459236397174348,0.001982893793664707,-0.016625278436185928,0.10649594647172646,-1.0093613551247866,-0.4955752507089553,-0.1324923295187674
E01000032,0.8960693210493383,-0.5172936461325305,-0.538078913751471,-0.9486118186152632,-0.4980451131485821,-0.6570200019397111,1.104140770459699,-0.3760493339502284,-0.5887354670539519,0.5104280169323082,-0.7254425711491456,0.729901197536908,0.4605247417217322,0.613671183081308
E01000491,0.2385003219929699,-0.4774288037475859,-0.4286329638819873,-0.9486118186152632,-1.1642713888564094,-0.6570200019397111,-1.0372231480075964,-1.134344502138607,-0.1566994820184428,0.4066062953865424,0.6814763547158642,-0.3464814739903547,1.9702846892271448,-0.1835321722001797
E01000548,1.0492152972781672,1.13585243200099,1.3928352728230002,1.7170077424508068,1.727358858622996,1.84760123115079,0.5130351054661229,0.9600503475384612,1.9385314749933837,2.391508947395673,0.9478842924827839,1.8910339325255,1.7747439981700963,1.3338130208081065
E01000757,-1.933443936385551,-1.377105283192542,-1.1021667005574212,-0.9486118186152632,-1.1642713888564094,-0.6570200019397111,0.313769296386527,-0.859917979632565,1.2703113388343574,1.0455283582329595,-0.20615270372049777,-1.744653845609596,-2.0574366655833503,-2.309853764483013
E01000062,0.6817141183662904,0.2750956060417288,-0.5553626707952688,-0.9486118186152632,-1.1642713888564094,-0.6570200019397111,-0.29964224275775,1.4718785360736637,-0.44789981137134854,0.5268235931341296,0.1968709469179163,-0.6273007811387071,-0.0331900157759515,0.4246702443600858
E01000668,-0.9116923309359078,-1.258244214065802,-0.773443095215661,0.1454681552597966,0.1362900319386608,0.0894118104138285,0.8639808587704849,-1.0672290776863225,-0.08151606184938277,-0.11251134025944941,0.07725009274556333,0.7651437542921503,-0.4043035136222763,-0.0106814895985038
E01000316,0.1073552524615409,-0.4780268618800437,-0.0990508695075331,0.6367413238803361,-0.5228528065621008,-0.6570200019397111,1.0662207844035074,-0.3891469226979953,-0.07053454818051978,-0.06306978178172504,-0.7005283818369528,1.3339131299489526,0.4984284069061149,0.7191415012275377
E01002910,-0.2832530239872701,0.2620732820913625,1.1492590085840313,0.6148895928423221,1.2496664670387718,1.6320230288702946,-1.5078770925873872,1.3161932411647004,-0.46227545814437476,0.7066674038586058,-2.460890139808601,0.6742937676184098,0.3794285647169224,-0.3514867583872224
E01004589,-1.4966214648628715,1.1555919341677567,1.3822404580406749,1.6674514757347527,1.332800054590098,1.3930820347068134,1.262512476929676,1.1209535826076809,-2.0849164754570606,2.304818891580204,1.758783450203932,0.0878324896099935,0.7640186768622875,-1.2853583536133304
E01001330,1.4535895041745135,-0.3487282316618976,-1.3221712998163768,-0.9486118186152632,-0.406992395592078,-0.6570200019397111,-0.3546633989961459,-0.7542471507908908,-0.9550373788522826,1.2542273212397197,0.23302094709639232,-0.4145757794869332,0.1076941874656162,0.8953157967419966
E01001990,-0.3669547975120153,0.6421712593263659,1.6857845111631555,2.3725904884870808,2.4022202563897403,2.7916249795853134,1.5777688315929168,1.942412820307088,-1.0244001791132127,3.999676296824546,4.40453888228592,1.856176470020403,1.6022722646012653,0.449000028221181
E01000653,-1.1614456404840463,-1.2933542078303146,-1.0625370859053076,-0.9486118186152632,-1.1642713888564094,-0.6570200019397111,0.0869929091877338,-0.5385272951504496,0.7630930169636971,1.007935237406796,-0.05715608136326597,-1.444072248307421,0.070368797647529,-1.077797406566814
E01002161,-0.4817528246369962,0.1062504567794159,0.1688214433874813,0.5524081637925126,0.5992205097848723,-0.6570200019397111,-0.2892328348207563,-0.0338226353050339,0.31652124177746055,0.09325834355048017,0.19003175769496145,0.0055495519002948,-0.9322715424956876,-0.6757751963295966
E01001334,1.4022130851828196,0.3782080126849,-0.8821295462245234,-0.9486118186152632,-1.1642713888564094,-0.6570200019397111,-1.1204984115035466,0.1351798553851872,-0.9212820439467044,0.8367985130983021,0.7361898684995034,-0.6515651324951831,0.0187132647335208,0.3747490520753019
E01002996,-1.5081750136313388,-0.0310551296003489,0.1131591148058467,-0.9486118186152632,0.5241355691980192,-0.6570200019397111,1.6550958619820135,-0.295814312297641,0.9909011503814861,-0.1073440736888676,-1.0874310864498304,-0.6210291221049891,-1.0666081683539637,-1.0436619686739714
E01001098,-1.5148121586685432,-1.3207145451350053,-1.394070134642725,-0.9486118186152632,-1.1642713888564094,-0.6570200019397111,-0.7182491476525721,-1.0766596600658558,0.9952618874267043,1.32243140570066,0.47190405638388877,-1.0835702633903208,-0.6239714389525587,-1.5441592712258936
E01000350,-1.4588880662254315,-0.4813603849585379,-0.5005498461440969,0.7702772446980245,0.5459640889045877,0.6597634232080444,0.9383337726061548,-0.021126313296769,-0.9625209846502548,-0.38556215632189506,0.6190783019263554,0.3211316036555053,-1.1695851124550674,-1.0785534219414543
E01003821,-1.8498650729540875,-0.4583620665551008,0.1747207960944963,0.893235076400235,0.7158170862659083,1.371171002554702,1.7272181884026132,-0.3579748029113607,-2.536481346673383,0.1560667436481773,2.368311495022727,-0.2045680043111732,0.7297201495965117,-0.4980597115224404
E01000054,0.8853761429338423,0.4220547892135006,-0.1801627429491107,-0.9486118186152632,-1.1642713888564094,-0.6570200019397111,0.2394163825508571,-0.5816020277091893,-0.581709835147767,0.17090450723567008,-0.15730135212796276,-0.7531200188762851,-0.722029694527001,0.4469617207375128
E01003024,0.9878831607306668,0.811002240404406,0.5848441278775045,1.1784589736100408,0.2923606979952555,-0.6570200019397111,0.6104374225908504,0.3634656607359862,-0.6490589961794707,0.6892148106603834,-0.4010695965747128,0.1588330577721479,0.4413874544718817,0.6706359459814232
E01000115,-1.701881320643084,-0.645564905538887,-0.7410504153872157,-0.0752531661711795,-1.1642713888564094,-0.6570200019397111,1.252846598131039,0.0014000468316267,1.1181700685900773,0.05576639005035574,-0.8231452743342157,-1.371869215872099,0.1556399612835489,-1.488956681927894
E01002514,-0.7936986413856062,-0.2149209270837065,0.6692222169459944,1.049981281940774,0.9209363484092766,1.3953808170641746,-0.611924480867564,-0.6315020314733774,-1.1075118587193724,0.7026708012522018,-0.8538676820945523,1.808597586993904,0.7643728986968524,2.083644328916733
E01001129,-1.911811759967996,-0.6919041321907583,-1.000912336441086,-0.9486118186152632,-1.1642713888564094,-0.6570200019397111,0.5331103922017537,-0.6436690656228603,1.2560985662425352,0.9494772717458307,-0.3502641909184764,-1.173504770749908,-0.6009700898100712,-1.597215723398088
E01002398,0.2355504797542123,0.4944661104427975,-0.4447371711817775,-0.9486118186152632,-1.1642713888564094,-0.6570200019397111,-1.4431900575503545,-0.9558164971194392,-0.15476137666501247,0.4218829367605536,0.9482047344111056,-0.8784920502590552,-0.9408309254584928,0.2099169587862344
E01002373,-0.5869638644860152,-0.5126060698566198,-0.6036359578021241,-0.9486118186152632,-1.1642713888564094,-0.6570200019397111,-1.0461454976678766,0.0515319467429564,0.38564699938314206,0.5726162037122392,0.6873385169069683,-1.1131992060949962,-0.0618946300271054,-0.3853299030174559
E01001194,-0.072585124102669,-1.3474762720353,-1.1826408959509132,-0.9486118186152632,-0.6254218830163845,-0.6570200019397111,0.7494773714635532,-1.6577841386478365,0.047689878378729754,1.12186713107678,-0.4924216240527533,-0.4713564878188409,-1.468961387575028,0.2381393176507867
E01002201,-1.1667307744951534,-0.2983704559981204,-0.6157703705762182,-0.0525849631665501,-1.1642713888564094,-0.6570200019397111,0.8900043786129697,-1.159248779108483,0.7665654557219264,0.03238026225580334,-0.5847506785626447,-1.403204836832089,-0.4649410518082736,-1.97312578241462
E01002410,-0.342495688948984,-0.6999434528881391,-0.4716070121105917,0.5401401429897524,0.8832776257597094,0.3893986296396524,1.4528559363489912,-0.1556195815797457,-0.133367351934223,-0.2547338789563849,0.5657401106781312,1.0139494162363254,-0.1254632815915764,0.3595769298486275
E01002986,-0.7536299509758162,-1.2740945191740165,-1.3637179320944406,-0.9486118186152632,-1.1642713888564094,-0.6570200019397111,0.0386635151945481,-1.0600786904663213,0.49514995185195515,1.2936389476423533,-0.025402702828118046,-0.7747061826187747,-0.7195365260227131,-1.4336948657560151
E01003299,1.0629812277257025,0.5159839353902739,0.8699101809072838,1.4028351540226964,1.50914831863163,1.0430435503755622,1.1926207379241465,0.6902076859514417,1.1087357137495906,1.2203405826189813,1.2439553687359246,1.181840453798862,1.043165984823863,1.295810570073116
E01001934,0.4695712973623105,0.4030689881775978,0.8404873780222549,-0.9486118186152632,0.3127979944386095,-0.6570200019397111,0.9071055487951734,-0.6655868548323837,-0.30851773470381794,-0.7972962601888655,-0.5959864894289275,-0.4639550280440472,-0.6416543670115961,0.1393787051193282
E01001850,1.455433155573737,1.6045182586737976,0.5816419235240381,0.9919567782990228,0.7822486156052072,1.6293202001379,1.4342677078900736,-0.1501083518857204,2.371366640326736,0.5769636485825514,2.3368813488707816,0.09483049422629,-0.2507416840901837,0.7488688999610968
E01001151,1.389922075854663,0.374040071644333,-0.3347974106131118,0.7459181180280969,1.0083399911879192,-0.6570200019397111,0.3844045645304138,0.2530786508744841,-0.913206604974078,-0.24973145444521236,-0.25256148773340625,-0.1804698190520229,-0.3473265604792438,0.8561035528361279
E01002070,0.648528393180268,0.9007738075286362,0.7498829547533705,0.1775529251260429,0.3633981791754831,-0.6570200019397111,-1.1108325327049091,0.2785425960462313,-0.42609612614525744,0.133143912118621,0.7298391927924736,-0.0755203513198189,1.0562453861665977,-0.1763700181208893
E01004237,0.8825492107883662,1.4577763397780712,1.0128558299196673,1.4249969424004247,1.3214382110462906,1.6916981843279664,-1.044658439391163,0.0025200507097846,1.4930068974707589,1.4433164607279705,-1.7672467851609175,0.4541636833280427,0.6166262418108158,0.7411164388381477
E01003269,0.7514041412569372,-0.0479017592323917,-0.4218782859648329,-0.9486118186152632,-1.1642713888564094,0.8251075533598661,0.9152843693170972,-0.108319200538128,0.6199892325769827,0.40019872808339024,0.7552080465957581,-0.8859415264069387,-1.124947663217923,-0.2879390249639074
E01002509,-1.4162382638567288,-1.2093953221555542,-1.618969336381603,-0.27931126612681,-1.1642713888564094,-0.6570200019397111,-0.1375528905959896,-1.383459137778023,0.930496866866241,0.45219637516522687,0.09037500044618996,-1.509435858821113,-0.1709137665411624,-1.7628403855247232
E01000546,0.3450633728680861,1.036219763467328,1.0090575592689313,1.7836546861598457,1.6683929840054192,1.3958144934564187,-0.59705389810043,0.7403516234888291,0.4816444570102309,1.7998102441950454,-0.8333764843432319,1.0052286911054444,1.502821042069659,0.4865093997591438
E01002392,1.165488245522527,-1.0190343372932498,-2.1131131049033627,-0.9486118186152632,-1.1642713888564094,-0.6570200019397111,0.4587574783660837,-0.8359097002471376,-0.7657490893339213,2.0045240653821246,-0.3014128393259413,-0.7361051365213066,-0.4073124630912993,0.729153652930051
E01002834,-0.3710108305903069,1.2646106550883445,1.263812128235898,-0.9486118186152632,-1.1642713888564094,-0.6570200019397111,-1.6528652745669437,1.3612715020330943,0.24376153663409725,-1.1988671213538815,1.0859655459020545,-0.2291813679668935,0.6055971488147655,-0.5427881789608308
E01004383,-0.4463547177719058,-0.1118824577138167,-0.4600865245763854,0.0177155698795586,0.5414715395187074,-0.6570200019397111,-0.1494493568096967,-0.038943197995213,0.29326397753629674,-0.00815069497677621,0.09819121670099551,-1.0525198087590713,-0.984911469695562,-0.9558901446451276
E01003031,0.4543304457953966,1.0538687284500132,0.9813276561090089,1.3671096018697693,-1.1642713888564094,-0.6570200019397111,0.9866631665993406,1.9264413060590364,-0.29850419037776127,1.3415824612469809,-0.6482574356329402,-0.4637672923120509,0.0778512925002889,-0.0760885053031383
E01001484,0.5240204686860436,-0.8512154942294261,-0.2155671869357596,-0.9486118186152632,0.0286040103190305,-0.6570200019397111,0.9346161269143716,-0.642893047719713,-0.34429192935255265,0.20448958123290734,-0.6140614895181656,0.2244039983844822,0.4078761137029942,0.2581835092689017
E01002716,1.142381147985593,1.0503175145588413,0.971217568394895,0.8784518378517805,1.0830046728664096,1.1610829855738791,-1.5985876474669043,2.0194744642845404,1.3263993139664276,0.8531678579104328,-1.856092918422397,0.5202412945130797,0.4421122712393421,0.415636842185243
E01004099,0.2267009530379397,-0.8791950747289308,-0.4598707572393792,0.8860073818467582,-1.1642713888564094,1.388990786059911,1.1004231247679153,0.0366077122460259,0.3148855349606988,-0.4074488856095485,1.5284775810698903,0.3155504022228824,0.9679857966701654,0.8065780364959517
E01000712,-1.597530651447036,-0.6421182533569887,-0.4188071714935524,-0.9486118186152632,-1.1642713888564094,-0.6570200019397111,0.3107951798331003,0.8611905049979843,1.0496095917124795,0.3972854325996132,-0.2041986496567964,-0.6639737365811021,0.0542307804644214,-0.8390585765599553
E01000631,-0.2204459663203908,0.0282186424529669,0.637843990132425,-0.9486118186152632,-1.1642713888564094,-0.6570200019397111,0.7911150032115285,-1.1163576043707155,0.14483740921942465,-0.6050663474723357,-0.519778380944573,-0.2760697021765518,-1.732691691375761,1.094952911990373
E01001549,1.4533436839879503,-0.1161102645331941,-1.4192022005843945,0.9222303831650462,0.8313044056239736,0.5338656757667036,1.6662487990573642,-0.0777034524945948,0.7758903079734977,-1.308831389233623,0.8895530411042181,0.039050046647092,0.1389930116467301,0.6896605764975071
E01032785,0.1985545416764615,1.985423632688023,1.7646108582266755,0.5970512310322871,-1.1642713888564094,-0.6570200019397111,1.3294300993817791,-0.461290428828997,-0.13045430535740718,1.0535630851971771,-0.8734621664745269,-0.5592751727816891,0.6493066374104597,-0.809029142896035
E01004059,-0.1766899731121539,-0.2485691918869204,0.1686049681931686,-0.1206978121910515,0.0577509116455936,0.5550868581037234,-0.485524527346925,-0.9168833231151262,-0.09807828203325687,-0.020350250785457272,-0.2695082844172999,1.702569344180477,1.3915099929487822,-0.1954583680547617
E01004762,-1.0562346006350274,-0.5904516014108236,1.9585456180350889,1.8402944379505104,1.783573490456566,1.5865935341110362,0.4989080518373454,2.194064204921663,-1.675814987871887,3.604300607342319,0.7915642891610658,4.238809295857339,3.41863018710541,2.539165945995805
E01003274,-0.2002887110222142,0.3849565374715003,0.4482798663402096,1.4152853149029947,1.1463472549719476,1.05914528694336,1.178493684295369,-0.2505368009071051,-0.21213484430713878,0.6344439117979759,1.2481960314139562,0.2550292430303564,0.3152973210113509,0.2731702819070147
E01004436,0.6753227935156491,-0.2428568451802988,0.1301825880854914,0.9506122746475348,0.6186160584707434,-0.6570200019397111,0.9874066957376972,-0.5287466544421147,-0.44370058310558286,0.12375316617945205,-0.6487459491488655,1.402180491802425,0.6869279945774828,0.879720148113996
E01000067,0.2156390446425989,0.5066139204634813,-0.5633177548800415,-0.9486118186152632,-1.1642713888564094,-0.6570200019397111,0.7955761780416684,0.7209226641784725,-0.14167916552935778,0.5343698799150233,-0.5227094620401249,0.0701544944634574,-0.1171533197161766,-0.1196934979184228
E01002071,1.6767942335738342,0.9687911076893372,0.6168842003113089,0.7542550399895038,0.7095896934525162,-0.6570200019397111,1.5413359038134384,1.4326977511260912,-1.101687350595177,0.46528801717469936,-1.0126885185132517,0.7400976711525132,0.1474487932382561,0.8440194978353445
E01000702,-1.1109295921453233,0.3414803921027111,0.3131332391715616,0.2593730606142108,-1.1642713888564094,1.1115293251416647,1.559180603133999,-1.4644846907743845,-1.234830819837196,0.0812183266239696,1.7330749635755076,-0.9735502499794318,-0.8703269055206534,-1.4530727952641944
E01000100,1.0048447536035223,0.1898934293741554,-0.363207763509506,-0.9486118186152632,-1.1642713888564094,-0.6570200019397111,-0.4959339352839189,-0.7597414326271523,-0.6602031019616947,0.3445431770779349,0.32583851512220896,-0.7679574802711056,-0.953758037239422,0.3433311532962985
E01000697,-2.039269526700977,-1.13095958058339,-0.9384896879232782,0.4169550324357138,-0.0409096951889384,0.963110157359336,0.1524234733631232,-0.577318436733015,-1.9640411947590768,-0.3913079982686334,0.14680059541601415,-0.8867880000574488,-0.4817630757551754,-1.8174653052604928
E01004205,1.2810237332071974,0.9555920970223892,0.8237245975611336,1.0131508229534651,1.153434970635644,-0.6570200019397111,0.5992844855154997,0.0593528068983534,-0.8416582156766088,0.8345572539060744,-0.3937418938358324,0.7840948112697059,0.7424005958786434,0.8744053072720306
E01001987,-1.2047099933191567,-0.4773049219322787,-0.321660997330283,-0.9486118186152632,-1.1642713888564094,-0.6570200019397111,0.3442539910591516,-0.8269068636180725,0.7915185621473417,0.3051314236550791,-0.22618175787343708,-0.6187505205563633,0.6825899823386903,-1.1829822685547162
E01003424,-2.0102627446865284,-0.6058882137638072,-0.6956347413999261,-0.9486118186152632,-1.1642713888564094,-0.6570200019397111,0.1866258137275315,-0.6879723174083233,1.320782832413272,0.6598873371313422,-0.12261689249726292,-1.440350606068708,-0.0643466615705759,-2.1266426794789366
E01000294,-0.8069729314600151,-0.5037576440538605,1.703578713876772,0.1782973920711391,0.1680804830117441,0.5205275492976724,0.4081974969578279,-0.6315322816479315,-0.42005164236244025,0.3037436418721337,0.21247804272090226,0.3475650485026701,-1.3855526495970465,1.3764040136466444
E01001814,1.0501985780244198,0.8478368613628822,1.2075358399943612,0.3630240417188727,0.3446398171481602,1.2632794637699742,1.2744089431433834,-0.5205214486228047,1.3266942964986785,0.43836454115514695,1.609934646317833,0.9042395865062008,0.1121470778540353,0.5280675935577548
E01004251,0.8176526815357004,1.2402952917437815,0.7952640739260128,-0.9486118186152632,0.4810061730082838,-0.6570200019397111,0.3420234036440819,0.4597441706618061,-0.5372141664085959,-0.7543968994463381,-0.2247162173256613,1.0753886308986582,0.8877795098464276,0.7756999675049736
E01000373,0.8599337536245585,0.8296921433880838,-0.1032186573742095,-0.9486118186152632,-1.1642713888564094,-0.6570200019397111,-0.7308891430046359,-0.752339895964008,-0.5649936764744304,0.09791443828677462,0.4802087861546197,-0.5021682486276174,-0.8211947184322699,0.2130057293089382
E01000939,1.3250255466019971,1.1567795795452098,1.430895843308716,1.7241605380615936,0.8838637272927026,2.444403199897435,0.6810726907347368,1.151899297865293,3.2388966860597694,2.4670941471092536,1.6648162645947466,2.306056497392563,1.6113922806961658,1.815526942400477
E01003768,0.854402799426888,0.4191343701102204,0.3339678784891165,0.8702480188086336,0.7489565667557317,-0.6570200019397111,1.5160559131093103,-1.152852426025793,-0.5613597289367486,0.2906348846008761,-0.9960790589717896,0.7279014484894627,0.3612110695740913,1.5170444083822172
E01002037,1.5058262938191782,-1.7827601659246624,-0.403239122720056,-0.0510147741371245,0.6309258291725385,-0.6570200019397111,-0.2520563779029213,-1.2972419696231452,-0.9893579944859444,0.020571152768815885,0.1656060818986939,0.8110749237876232,2.720891860349501,1.8579638999389927
E01032575,1.2697160046252935,0.8108446429335513,0.4021251619678458,-0.9486118186152632,-1.1642713888564094,-0.6570200019397111,-0.6186162431127744,-0.344854356940698,-0.8342288118217926,-0.3814606812052755,0.40644324524989184,0.0946997855344872,0.4665947208400154,0.7935532877052955
E01002097,1.4328176984099292,0.8355430916999931,-0.1199449982505523,0.982635481241468,1.272315435205113,-0.6570200019397111,-0.9137973110403842,1.8132913677682048,-0.9413898869885441,-0.1178622110784385,0.6003831110722561,-0.1168241738163256,-0.7625929882235943,0.4541242220529788
E01002252,-1.07295037332132,-2.396637851482837,-2.614234039760252,-0.9486118186152632,-1.1642713888564094,-0.6570200019397111,0.774757362167681,-1.3728384067078754,0.7049498563607873,2.479893306742899,-0.5090310835942152,-1.4667711050080288,-1.6364502080266174,-1.6411177088807372
E01003041,1.145453900317632,0.8987954148914263,1.4072356033063849,1.946142904560202,1.4006897860118632,2.48425872768969,0.9465125931280784,1.245209881471759,2.8456038490302733,2.738681584419216,2.3513821703466293,2.7367436283358333,1.8284274871030344,1.7384422051423176
E01003412,0.3783720081473899,0.0568902310220534,-0.4579445568376957,-0.9486118186152632,-1.1642713888564094,-0.6570200019397111,1.1718019220501583,-0.1324607115316408,-0.2485979775269305,0.43441161888676727,-0.7698973010983522,-0.5623948276451688,-0.6720724116645178,0.5887346391183021
E01003912,1.382916200537614,1.5055961301191776,0.2787032635564483,-0.9486118186152632,-1.1642713888564094,-0.6570200019397111,-0.3420234036440821,-0.3745130403723853,-0.9086036047596812,-0.2643812096962914,0.22471621732566144,-0.3385554990004489,-0.7917593696627597,-0.4553367491154527
E01000793,-1.8862464605654303,-1.201460329964131,-1.433685085037838,-0.9486118186152632,-1.1642713888564094,-0.6570200019397111,0.7680655999224706,-1.3672904783199358,1.2393016531794723,1.3600106158393217,-0.504634461950887,-1.5866756316635109,-0.722913250247981,-1.584846883297382
E01002268,-0.8959598389958676,-2.0558144524161097,-1.3500672898115955,-0.9486118186152632,-1.1642713888564094,-0.6570200019397111,1.3353783324886326,-1.3590586446377375,0.5886635351549682,1.2806897870411573,-0.8773702746019295,-1.0934082080195195,-0.8548561338136573,-0.1043954713086436
E01002006,-0.3683068085381125,0.7568526294615545,0.9003183542065252,-0.9486118186152632,-1.1642713888564094,-0.6570200019397111,1.4796229853298322,2.0817887883593977,0.24198494006011947,-0.8540526313165525,-0.9721418966914475,-0.3067823792830162,0.4961203647799347,-0.6611874179102991
E01004018,-0.9413136634167648,-0.1986155438351446,0.0464262833653572,0.7500503370790933,0.7057122607450617,0.6351734442395812,0.9680749381404228,-0.0932737775748194,-0.5978974417022044,0.034822049487515674,0.6148954927406719,0.0347064591571452,-0.5372690874511545,-1.5902194610043416
E01000049,1.4011068943432856,0.1923507476140298,-0.7878640885221309,-0.9486118186152632,-1.1642713888564094,-0.6570200019397111,0.8558020382485614,-0.9520098123874264,-0.9205552544391681,0.7473771858346353,-0.5622790568300785,0.9252186147533162,-1.2951659262176238,-0.0134682926831263
E01004013,1.3269921080945024,0.9267578539908892,0.5769217148072552,-0.9486118186152632,0.0450892971654203,-0.6570200019397111,-0.5160092220195498,0.6379679090215612,-0.8718603574342313,-0.5472747570819466,0.33902838005219343,0.0369849909975601,0.5754645570076208,0.2527743994103035
E01002283,0.9277801251159818,-0.0708885601217127,-0.771019707844602,-0.9486118186152632,-1.1642713888564094,0.7735709097965058,1.1903901505090764,-0.1604907154323795,0.717703715477086,0.7313984072466769,0.9208511917421056,-0.782842089486808,0.3095148469509004,-0.2689045545593065
E01000217,-1.00694765322912,0.0652661404920905,-0.3581221669572485,-0.9486118186152632,-1.1642713888564094,-0.6570200019397111,-0.0654305641753896,-0.240573393932962,0.661584749077784,0.3397189200837544,0.04298918940143087,-0.7862362234974576,-0.7002447898470384,-1.351156785494111
E01001533,-1.5843792714659086,-0.6227611291746163,-0.9292952684236256,-0.9486118186152632,-1.1642713888564094,-0.6570200019397111,-1.4781359270531191,-1.1468791836799943,1.0409688720117694,0.8815404746098947,0.971164869659597,-1.3450929386800887,0.2732300123898715,-2.0479906083054664
E01002208,-1.8701452383455452,-0.7460655112581117,-1.090185439523053,-0.9486118186152632,-1.1642713888564094,-0.6570200019397111,0.0304846946726245,-0.2844016397019209,1.2287228281253317,1.0341627924138435,-0.02002905415293925,-1.0854031680010077,-0.7840702598133422,-1.680519371701243
E01004044,0.963301142074354,1.273005819154312,0.259029504446741,0.6150998305903892,0.2403926494630529,-0.6570200019397111,-1.1242160571953304,0.1225450961441447,-0.632908118234218,0.15932900430310284,0.7386324360791303,0.2248630145054365,0.2402965416410593,0.4319401930400705
E01002728,0.7228889996156144,0.7971862996912374,1.116913414300189,1.235476024220154,0.4513806864231606,-0.6570200019397111,0.6795856324580235,4.339437691843528,-0.47495253192964676,1.3799197444977551,-0.4465013535557704,1.0821348726629445,0.8654059608313637,0.7350485032061577
E01000075,1.2429216042899125,-0.9346168586762336,-1.4422345283649434,0.4122861214559184,0.0582074468113409,-0.6570200019397111,1.2201313160433442,-1.096821056976978,-0.8166243548614671,-0.5946132799293883,-0.8016506796335003,0.589424012944597,-0.2494444575245539,0.5676205756088556
E01004267,1.0638415983786735,0.3548567116823032,0.4818917192070623,0.9935238370949906,0.3797992065100799,-0.6570200019397111,0.4617315949195104,-0.5869991006240993,-0.6989652090303015,0.4787709099309023,-0.3033668933896426,0.8648533172589759,0.7449992319026187,1.1062632672396748
E01001975,0.2424334449779799,0.866746764273224,0.6956929372902476,0.7007685097479791,0.8644022503273315,-0.6570200019397111,-1.3465312695639835,0.7994864355928114,-0.1592836224896832,0.4875197029070811,0.8846979773408101,0.0064725824572849,0.0262540367396309,0.1448171000535059
E01003755,-0.4726574777341605,0.4311606509158818,0.3339842546490385,0.3814320946528259,0.2224534427378785,-0.6570200019397111,1.5063900343106735,0.3859662011269659,0.3105454169377171,0.12739231383184557,-0.9897283832647602,0.6186085175846534,-0.7955161031612531,-0.230598026084971
E01002977,-0.0508300375918322,-0.4739052537582242,-1.0482505217672484,0.5803127876450288,-1.1642713888564094,-0.6570200019397111,1.2297971948419817,-0.4465389443637532,0.03339635139718118,-0.6083131824371079,-0.8080013553405301,-0.2324697186830905,-1.290802653284431,-0.0799539152989503
E01004377,0.1046512304093465,-1.749053910422937,-2.0791847354642994,-0.9486118186152632,-1.1642713888564094,-0.6570200019397111,1.5405923746750818,-1.124191184921398,-0.068757951606542,1.9723392131458841,-1.0122000049973263,-0.527740846837962,0.0114722860512659,-0.5845196519847596
E01003644,-0.7544903216287872,0.3864110919806005,-0.2475357320432844,-0.9486118186152632,0.1927310391726657,-0.6570200019397111,0.1747293475138242,-0.1982986662008683,0.49571523258003897,0.2348153209458405,-0.11480067624245724,-0.7605707405880724,-1.1741230670911322,-1.027946155383718
E01002342,0.0897791091222772,0.2232371451410291,-0.5085321908952416,0.8510615839595993,1.1176497864654833,-0.6570200019397111,-0.7234538516210689,0.76515635821618,-0.0589866704496641,-0.43279221187774963,0.47532365099536616,-0.5779567571529257,-0.4221303773328746,0.0670751774810658
E01000147,-0.7318748644649794,0.216333232736129,-0.0272720398275968,-0.9486118186152632,-1.1642713888564094,-0.6570200019397111,0.4044798512660446,0.2022061192272679,0.4808564248704066,0.02587057929820449,-0.26575135266339067,-0.9884364474916432,-0.0219129444097037,-0.726061766652687
E01003093,1.077484618732927,1.8376762118254977,1.297148507578894,0.9656148001763212,1.0169095186675103,1.5920550351033664,0.6580232874456792,2.2865024115454915,1.7154148125001876,1.252545796944807,1.0476092879931633,1.7264662759353642,-0.6267466505302814,0.7716549984645164
E01000831,-1.4207859373081466,-0.8834348333330847,-0.8573498980352666,-0.9486118186152632,-1.1642713888564094,-0.6570200019397111,0.1204517204137851,-0.3939864960534119,0.9334847792861127,0.8132922459648447,-0.07913918957990662,-1.5987217195311032,-1.2934466214089293,-1.483738682222558
E01002290,-1.4805202426429869,-0.5486256144162361,-0.8243261153826649,-0.9486118186152632,-1.1642713888564094,-0.6570200019397111,1.7264746592642568,-0.7278483326500276,0.9727314126930768,0.781965495445205,-1.134328383978664,-1.6062672673232046,-1.0921934311127908,-1.2535303579084074
E01002237,0.1253001260806492,0.7992680877657148,0.4001417493553503,-0.9486118186152632,-0.1022528557471192,-0.6570200019397111,1.2952277590173709,-0.342593040209432,-0.08232468908055418,-0.37957919255987166,-0.8509905447419607,-0.667960685735688,-1.6816960032805597,-0.7663735935735916
E01003811,-1.805125798999598,0.3566172827439806,0.3806091405556724,-0.9486118186152632,-1.1642713888564094,-0.6570200019397111,0.0245364615657711,1.2781709289915468,1.1860037559601384,-0.3610503290041087,-0.016120946025536573,-1.0727367382337691,-0.9287055193717586,-1.6962113778226304
E01003334,0.8271167587183809,0.3610035447795128,0.443585985863854,1.1987147343257334,1.4707177984934376,1.8004427685446798,0.4067104386811147,0.1877534602758904,1.4891763869766235,0.5317330571954083,0.7322588682150474,1.278389893480422,0.8619842768905646,1.2435839504158963
E01000791,-1.1819716260620674,-1.0286047206064708,-1.3113233651690368,-0.9486118186152632,-1.1642713888564094,-0.6570200019397111,1.0327619731774558,-0.9330201437949855,0.776579000047983,1.243936842225687,-0.6785452736203118,-1.238068451095717,0.0577370775684111,-1.231100301603246
E01000564,-0.1716506592876098,-0.0322020605811657,-0.0175276390364828,-0.9486118186152632,0.2489066147865946,-0.6570200019397111,1.2736654140050263,0.0702815521305953,0.11277791649809808,0.01662692554242983,-0.8368236527801254,0.2022423256783361,-0.9950487581118856,0.2633631522659412
E01001068,-0.172142299660736,-1.6322081285768208,-1.6367061958786169,-0.9486118186152632,-0.7314982481261862,-0.6570200019397111,-0.5085739306359828,-0.6522104932213559,0.1131009340570031,1.552598841011284,0.3341432448929399,-0.8902152875004661,-0.9243467893939338,-0.0942575540684058
E01004280,0.5697430233867854,0.7949692301186239,0.8327456955415211,0.8550939025100461,-0.068089455189373,-0.6570200019397111,-0.9085926070718872,-0.7629882569207798,-0.3743325623307226,0.712075766599042,0.5969635164607785,-0.4999896226350218,-0.739562442508729,0.0834198350638312
E01003179,0.9527308740521394,1.3676726377628785,0.6720536916019331,-0.9486118186152632,-1.1642713888564094,-0.6570200019397111,1.20303014586114,0.275844897982661,-0.6259632407177593,-0.637518074597611,-0.7904148687672172,-0.6444801144814315,-0.6577626505362518,0.5515817618319903
E01003727,0.8920132879710467,0.0662704493691239,-0.5948265560214718,-0.9486118186152632,-1.1642713888564094,-0.6570200019397111,-1.365119498022901,0.6479350496401829,-0.5860705721929852,0.5642595010681821,0.8969108152389438,-0.4427110693630234,-1.003395434193786,0.1079738670810821
E01000178,-1.435658058595216,-0.9496798658126948,-0.6634194227157221,-0.248632387980542,-0.5354879847835435,-0.6570200019397111,1.4513688780722778,-0.3549532667902452,0.9432560604429906,0.1649475553024826,-0.9535783830862843,-0.1162037009094686,0.8419740113384324,-0.7845730822632769
E01000261,-1.4976047456091244,-2.2944375549135327,-1.4082489041906785,-0.3833996359970492,-1.1642713888564094,-0.1453561769174544,-1.0818348963089983,-1.1255516456710584,0.21768610035517916,0.5399221172599495,0.15725138458336668,-1.2600733480805184,-0.6277676767111262,-0.8895308745825435
E01001386,-1.1425174861186853,-0.4303427149291021,0.2490992634263349,1.215137525545409,1.0902782195146503,1.0372858319486593,1.0022772785048313,-0.484282370912831,-1.1851172011045112,0.30268986257506064,1.039648020677122,-0.1020154859746911,-0.3453969611338247,-0.7031876790335917
E01002121,-0.8673217872612631,-0.2868157876715827,-0.4886663985064162,-0.9486118186152632,-0.3809341444576491,-0.6570200019397111,1.3814771390667482,-0.8034281880741384,0.5698477623487488,0.4635547209833424,-0.9076581125893014,-0.8837173659914486,0.4277124280502026,-1.1987287373215498
E01000463,-1.850971263793621,-0.5579556012183409,-0.8666543294195097,-0.9486118186152632,-1.1642713888564094,-0.6570200019397111,0.1159905455836448,-0.0163043214874059,1.2161251433280345,0.8221185395414325,-0.07620810848435446,-1.290408519665202,-1.2897307376690603,-1.4893457057645352
E01002608,0.9206513397056512,-0.5346899339958772,-0.7013639803690792,-0.9486118186152632,-0.1827337483808707,-0.6570200019397111,1.4751618104996924,0.4477495162338016,-0.6048863449992046,0.665322160929152,-0.9692108155958956,0.6491589720743237,0.4169424421490618,1.177904781543215
E01003052,1.3848827620301192,1.0701791178878317,0.6057431759899158,1.2813181630168131,0.8388488505816805,2.041908787439276,-0.5338539213401104,0.5134801836484628,2.827804281362476,0.776149733519369,-1.0900810131932874,0.4590105645784174,0.0916104906295855,0.5665795799253408
E01001413,-1.4764642095646952,-1.2505475762539324,-1.341970557818957,-0.9486118186152632,-1.1642713888564094,0.2537267735516405,-0.6290256510497682,-0.7244779872982007,-0.37461850015732334,1.2730091313807799,-0.1596006489220778,-1.0007110359994529,0.4916450316976518,-0.7320306861637688
E01002990,-1.4978505657956875,0.323743933884852,0.7206517693243571,-0.9486118186152632,-1.1642713888564094,0.9744573421074856,1.3130724583379316,0.8924680161108256,-1.459591481219459,-0.6836187854870855,1.279533097746523,-0.9159215775906162,-0.45993713973176,-0.975888864018847
E01004121,-1.3960810085585522,-0.3215426951734697,0.3033094693752025,1.1839835958826863,1.3098581476993274,1.189997917138803,0.6989173900552978,0.5361945665648408,-1.6613334923417167,0.35911343621612174,0.8317102384178928,0.9667323065597724,-0.0738710482363583,-0.0338986613940103
E01002255,-1.3900584139877556,-1.5343268416595048,-1.7791566651244437,-0.9486118186152632,-1.1642713888564094,-0.6570200019397111,-0.8966961408581801,-1.311455873183939,0.913296181854547,1.6877290397051654,0.589147300205973,-1.6283038400185106,-2.438011308757229,-1.2209405670470168
E01001384,-1.153579394514026,0.9489977500104756,0.9335700663817034,1.6566212611679594,1.5559317501601675,1.2981235947839058,-0.3212045877700945,0.2386100806212729,-1.4974886304751889,1.546572020757913,-0.41696325413719765,0.046263386987802,-0.4468742162847766,-0.6570040909375411
E01002998,-0.5145698195431739,0.4355875868004736,0.101096970430151,-0.9486118186152632,-1.1642713888564094,-0.6570200019397111,0.5606209703209516,0.1753583005814383,0.3380826638343729,-0.09590178097623904,-0.36833919100771434,-1.015224531690606,-1.6545464751616108,-0.6068523946561885
E01002929,-1.3131166955934963,-1.4260082528934126,-1.151120829945313,0.4251330946436212,0.360608381582066,-0.6570200019397111,-0.0230494032890577,-1.3834299748078485,0.862743933885906,-0.48937956074338457,0.015143918993685874,0.7002950086323392,0.9605138347855412,-1.478198345942482
E01000796,0.9050417578588924,0.8846355356678678,0.0701360288901635,-0.9486118186152632,-1.1642713888564094,-0.6570200019397111,-1.27292188486667,1.923722732055677,-0.594630537503969,-0.06653186591595064,0.8363351392642002,-0.1746543507842936,-0.5694703070799825,1.0024456883655908
E01004475,-0.3247966355164388,0.8019184848737895,0.9044998189580696,0.7769856155516909,-1.1642713888564094,-0.6570200019397111,0.5635950868743783,-1.1066395778982665,0.21339788609702226,0.7027833485995287,-0.3702932450714157,0.4112173979311365,0.1072427558899546,-1.50858062002215
E01003665,-0.8560140586793592,0.3174344411162445,-0.1820736384794108,-0.9486118186152632,-1.1642713888564094,-0.6570200019397111,0.4037363221276876,-0.5630596016554632,0.5624183584939325,0.17271720531985185,-0.2652628391474651,-1.012337298052785,-1.1484366641762955,-0.6344584957976651
E01002260,-0.830694579463357,-2.169118014667536,-2.260035201319893,-0.9486118186152632,-1.1642713888564094,-0.6570200019397111,-0.6230774179429145,-1.5827535936338584,0.5457829542103223,2.143896102458576,0.40937432634544385,-1.1095197734434834,-0.3569361085117175,-0.0245589797853284
E01000451,-1.5200972926796503,0.0662683962581336,-0.296100596669214,-0.9486118186152632,-1.1642713888564094,-0.6570200019397111,0.6513315252004687,-0.9231366200430872,0.9987343261849334,0.28088452549944765,-0.4279378399506069,-1.2834416196671143,-1.7659231987789858,-1.4624327491764553
E01002231,0.3550190904238927,0.2464901830209767,-0.2220605298282446,-0.9486118186152632,-1.1642713888564094,-0.6570200019397111,0.4580139492277267,1.1433166575004332,-0.23325464347894045,0.21064924304304,-0.30092432581001577,-0.8703204453400826,-0.7710530799668858,-0.6286383848912541
E01000604,1.4607182895848445,0.346629572756999,-0.7964841582406652,-0.9486118186152632,-1.1642713888564094,-0.6570200019397111,-0.0386635151945485,-0.6652062227631651,-0.9597211334564061,0.7555542858469245,0.025402702828118302,-0.7056037424698725,-0.7122718479570511,-0.0863808137248025
E01004182,0.5658099004017754,0.5383051405723848,0.0906634221820601,0.965103875068048,1.2231520724462557,-0.6570200019397111,-0.2743622520536223,-0.8677129561209596,-0.3717484218594822,0.08749962007483661,0.18026148737645442,-0.6005530927486072,-0.5716659575902164,0.2606325366353003
E01003046,1.1100557934525417,1.0743560162292398,0.4750216260511649,-0.9486118186152632,0.8905347937634694,-0.6570200019397111,-0.0342023403644082,-0.0353262054933127,-0.7293288595673765,-0.45061112856997504,0.022471621732566137,-0.3752583018653803,0.4046241989566536,0.1364271524757243
E01001306,-1.3959580984652706,0.3741528475986192,0.4336241731453424,-0.9486118186152632,-1.1642713888564094,-0.6570200019397111,-1.1822113299871526,-0.675901400912147,0.9171723925614076,-0.41134101548294305,0.7767364903213074,-0.8572378942318928,-0.7377104889744602,-1.4225357123544462
E01003436,0.6042807595989049,0.0129556959811989,-0.5275446235970596,-0.9486118186152632,-1.1642713888564094,-0.6570200019397111,0.7338632595580626,-0.3520953794517727,-0.3970245458438026,0.5004350647911112,-0.482162840218321,-1.1050944903480706,-0.3393711010164881,-0.1927161565593152
E01003114,0.3485048554799698,0.5531380110091586,0.9694713534908171,0.4257428875889603,0.4038383382967674,0.8457063829373793,-1.379246551651678,-0.7945619200337223,0.2947327807640794,0.4127455334699581,-1.166437612376194,1.1398496251180636,-0.5139385104220068,0.7466101862914202
E01003538,1.0156608418123003,0.5941041719800019,0.0512302929482635,1.1077408356727343,0.8873383542429264,-0.6570200019397111,0.5896186067168626,0.2779841356034002,-0.6673094882576062,0.056749887522268394,-0.38739121812880284,0.1797139854310855,0.1336214479626218,0.4471434274107895
E01002959,-2.070242870207932,-1.217833293603822,-1.0986443935016683,-0.9486118186152632,-1.1642713888564094,-0.6570200019397111,0.3903527976372672,-0.7696434949730744,1.3601909745996885,1.0421870561310804,-0.256469595860809,-0.669727228639674,0.3972760008936306,-1.9790238981092283
E01004717,-0.835488073101338,0.6358236864527417,2.5320311234054467,2.29864006430276,2.336490024017901,2.242827538770782,0.6438962338169018,2.737308548014639,-1.873855658666217,5.820228184321285,1.4441482053153376,3.109874825577075,2.7626000915539204,0.6381665872747302
E01002573,-0.8238116142395894,0.0885209408162785,0.6046618903569554,0.6983898015416654,0.7353930843873017,0.9208961809418218,0.3472281076125788,-0.4523499110853122,-0.7586449693687551,0.42228969760620233,0.3197610382160797,0.7417594779768178,0.0152450109344294,-0.4037182438534671
E01001948,-0.494781294524842,0.9644744302319234,1.5645279876962253,1.421748493684833,1.2396499254477744,-0.6570200019397111,-0.4676798280263642,1.4144912048160223,0.32508120708844446,2.2243653098348712,0.30727500151704557,1.0394289444382714,1.8572135894333968,-0.556185994884842
E01000795,-0.5310397720429035,-0.6953858328257182,-1.1237762706371095,-0.0884432239770335,-1.1642713888564094,-0.6570200019397111,-0.8044985277019493,-0.5754652170155219,0.34890375205769225,0.09939039640403328,0.5285716242312295,-1.3240537476928615,-1.14923189574042,-0.474602270575969
E01003999,0.5226684576599463,1.063788315531613,0.5697121466883298,-0.9486118186152632,-1.1642713888564094,-0.6570200019397111,-1.6439429249066633,-0.033640647568284,-0.3434036310655637,-0.5404356755572222,1.0801033837109502,0.0917997358001067,-0.0241539854729029,-0.1872078791232555
E01003185,0.7104750801941764,1.392237710333525,1.2707378097150546,-0.9486118186152632,0.1419661357752189,-0.6570200019397111,-0.7279150264512092,0.3762520422050172,-0.4667963385672942,-1.2054369046569742,0.47825473209091834,-0.1994596009220647,0.2526381887770804,-0.5030732332484257
E01000404,0.902091915620135,0.7872662070799861,-0.0802731803262872,0.5165855753428827,0.6912427466474201,0.9683383290216464,-0.663971520552533,0.3160858566067578,0.8735301781955376,-0.04146796704345805,-0.6429490727298015,-0.1970080985951388,-0.3280734135214567,1.147000959578612
E01000248,-1.549964445347071,-0.3519616491803136,0.2842901170454626,1.1309015944584495,1.5021203807464594,1.11949732012675,1.2937407007406572,0.4423623374116812,-1.7351810428577903,0.3215041466554929,1.4483392474180694,1.805655931672081,-0.1091789591059885,-0.7985179351388497
E01001127,-1.2190904742331,-0.6566846012262922,-1.113714567909353,0.3808270436623513,0.0299481220964769,0.5170861666004497,-0.1182211329987153,-0.0711055383533572,-0.630374820060318,-0.4241326263806119,-0.06113051247346762,-1.1647716292416832,-1.3069138732206051,-0.9647168298075932
E01002087,1.173969041958955,1.019064850081045,0.7660040271696729,1.4325167294060568,1.4570160338114226,1.2688699893625288,-0.7985502945950957,-0.1779014476167645,1.4896140857823974,1.097313583712968,-1.0132565038083234,0.0678816001855342,0.989402560825528,0.4359304875026095
E01000281,-0.9941650035278372,-0.2463281342112886,0.762091119365174,0.948321237705778,0.7660053027335797,0.6514204806125552,-0.020075286735631,0.582861806758053,-0.6476194444062864,0.7227071935609637,-0.013077452933759599,1.369321306997811,0.3592623063898352,0.3393143733295722
E01003541,0.7167434949515362,0.6831936387814062,-0.1591491770415501,-0.9486118186152632,0.2017239260718993,-0.6570200019397111,-1.698964081145059,-1.1442243267846703,-0.47091481244333366,0.15097079026450733,1.1162533838894262,-0.4665572803104043,-0.9601386074621264,0.1030264385178329
E01004163,-0.4940438339651526,-0.0185160275129065,-0.3552274182854186,-0.9486118186152632,-1.1642713888564094,-0.6570200019397111,0.6082068351757803,2.1865412576285306,0.3245966807500869,0.3369729272817357,-0.39960405602693677,-0.9727370753407972,-0.9563229264501416,-0.823190669338977
E01000803,-0.1786565346046589,-0.3383602705602503,-0.3236034339652324,-0.9486118186152632,-1.1642713888564094,-0.6570200019397111,-1.6603005659505108,-1.4211421702123437,0.11738091671249506,0.3069740420039033,1.0908506810613081,-0.4838040847139336,-0.5259841952729781,-0.3657817970859506
E01002275,-1.3937457167862026,-1.32754593767444,-1.69372981583968,-0.2645954040591592,-1.1642713888564094,-0.6570200019397111,-0.0334588112260516,-0.8040317787664714,0.9157188135463349,0.44815312498914545,0.02198310821664085,-1.2866215195556423,-1.9707861870971677,-1.2686907544366453
E01000454,-0.0341142649055394,-0.0008083712249233,-0.1450929748811864,-0.9486118186152632,-1.1642713888564094,-0.6570200019397111,1.3383524490420593,0.3850251419853385,0.022413754394409315,0.13763691077034093,-0.8793243286656309,-0.6141540446647575,-1.4831509593515195,0.8890629772016135
E01000704,-1.0795875183585244,-0.7994016895495356,-0.7374254901448147,-0.9486118186152632,-0.4452737815209777,0.5148173368530712,1.7026817268368422,0.9404580406396584,-0.5557903711011516,0.6995305352995246,0.8765700721185316,-0.9385303100114956,-0.9882001859348916,-0.7656981228401073
E01000263,-1.7553472112205644,-0.995438971242164,-1.0193672391162476,-0.9486118186152632,-1.1642713888564094,-0.6570200019397111,-1.3086112835077917,-1.0575741046219571,1.1532982281210016,0.9669838105348836,0.8597837880286171,-1.7265420328949146,-0.0058184924381253,-1.7964005368696354
E01002312,0.7538623431225685,-1.9222528560809424,-2.446500972732736,-0.9486118186152632,-1.1642713888564094,-0.0141741711331637,-0.7338632595580629,-1.2727561361767696,-0.010685373862267058,2.3207797369880114,0.010401903429317315,-0.5480673274892195,-1.2115099783044978,0.6058548763623773
E01001645,0.7632035102119674,-0.2803420625724006,-0.6295281984444062,-0.9486118186152632,-1.1642713888564094,-0.6570200019397111,-0.9695619964171364,-1.0804528268759028,-0.5014399717598611,0.5971778891959385,0.6370216247666571,-0.726544585097514,-1.13114353837438,0.3176511379740451
E01003583,0.8048700318344177,1.3185630570783438,0.573675499708858,1.0294194035989248,0.7568834136647485,-0.6570200019397111,0.4595010075044403,-0.6812157604829815,-0.5288157098770645,0.5905526907696078,-0.3019013528418666,-0.4042502285650903,-0.4283071077127117,-0.4390365291963325
E01002188,-2.06458900591698,-1.202317273716595,-1.12129219729325,-0.9486118186152632,-1.1642713888564094,0.282995393224297,-0.7152750310991454,-0.9636779861058477,-0.5842691775760362,1.0636710304734542,-0.20241953868942392,-1.6549819323734214,-0.3024639175193019,-2.421683734665663
E01001921,0.0200890862316303,0.7878589070477855,1.0160660086052271,-0.9486118186152632,0.4002950734569493,1.892943142383224,0.1323481866274924,2.239281962997797,0.03802749801890982,-0.9638522242561561,0.25052759228336685,0.5978466885708992,0.4856240901832054,-0.0280247479822864
E01000748,-0.7487135472445536,-5.222535545617997,-4.397099403606436,-0.8427374892000978,-1.1642713888564094,-0.5020147719389699,1.5309264958764446,-1.8826922831143884,0.3758652606675918,3.7056005111585355,-0.7685477156827397,-1.0791874760740798,-0.6646979247328394,-0.4318294133416164
E01002153,-1.775750286705304,-0.2995855865978654,-0.3951281113984062,-0.9486118186152632,-1.1642713888564094,-0.6570200019397111,-1.1532136935912414,-1.362617418882648,1.1667034568155614,0.37482319633965644,0.7576844632002189,-1.1144958124296964,-1.2925240247048508,-2.056173222926942
E01002867,0.3451862829613676,0.9440635499754592,1.1159403004646238,0.4055382854131122,1.0126142373587443,1.3255224093313298,-1.1301642903021838,0.4995082872999972,0.4575521534590781,0.4525565160738168,-1.4980580930215832,0.6601574705518093,1.6486789952896697,0.8681129543230677
E01004453,0.6146052074345564,-0.5319670950568491,-0.4223622623360525,-0.1544545844411145,0.552685129602067,-0.6570200019397111,1.114550178396693,-0.0499476322461129,-0.4038079145808088,0.06523578771272398,-0.7322817603721006,1.3047712096787047,0.8009802633105794,-0.2312540180304154
E01001520,-0.1567785380005405,-0.5607535953957493,-0.3834833816381302,-0.9486118186152632,-0.4676169339987351,-0.6570200019397111,1.0996795956295586,-1.0941323246209873,0.10300663534122019,0.36377686806447773,-0.7225114900535934,-0.6944581091845147,-0.3075080772704934,0.0631728142017683
E01001756,0.4411790658142692,0.6100810078363359,1.011385178745289,1.039377654824144,0.8579369749941217,2.07240192843661,-0.0639435058986762,0.7639102114400013,0.9143003467793536,1.0512111552081762,-0.1325166449354143,1.3933741756432612,1.0546440541701023,-0.07516259923073
E01002900,-1.401489052662941,0.6460651716865975,0.9614941397771726,0.6536177720328435,-1.1642713888564094,1.1559396801913937,-0.2230587415070101,1.991767796256325,-1.6200368073269396,0.628449657463791,-0.25784245032150804,-0.2274893791691382,0.202991371229357,-1.0959963515986686
E01002103,0.602560018292963,0.3931141731013508,0.0759961950101042,1.0035319027562384,0.9383006225416514,-0.6570200019397111,-0.255030494456348,0.6992207853433191,-0.3958939843876349,0.07626460618072402,0.16756013596239525,0.2394756942182563,-0.2128908856385084,0.7538137668621858
E01000420,-0.9620854691813492,-0.4956140027421725,-0.7126893936046962,-0.9486118186152632,-1.1642713888564094,-0.6570200019397111,0.52939274650997,-0.0881602856199889,0.632109396827698,0.67606558177516,-0.34782162333884953,-1.1752965165695552,-1.5746263760363544,-0.9634968773595936
E01000400,-0.4786800723049572,-0.4912069187501054,-0.5915596573095697,-0.9486118186152632,-0.3823466929202618,-0.6570200019397111,1.691528789761492,-0.276875140398934,0.31450238203430403,0.5611604823398528,-1.1113682487301726,-0.8459380278996645,-1.1739280097278086,-0.3532014117573349
E01004423,1.202975823973404,0.9829084593061708,0.3741482994243142,-0.9486118186152632,-1.1642713888564094,-0.6570200019397111,1.6030488222970445,-0.3854889092294183,-0.7903791782004315,-0.35492149874870677,-1.0532351403350557,0.0530290026838747,-0.3906900261702698,0.2832049985945599
E01002262,-0.3191427712254868,-0.0329842526598655,-0.4952592661860753,-0.9486118186152632,-1.1642713888564094,-0.6570200019397111,-0.0542776271000391,0.2439426686732546,0.2096831841696141,0.46980879318283364,0.035661486662550604,-1.1395605712554158,-1.265015614526886,-0.3704164060683861
E01001716,1.2473463676480487,1.33418927213632,1.0036789343349597,-0.9486118186152632,0.1582391719335293,-0.6570200019397111,0.1145034873069316,0.4590244607213408,-0.8195315128916126,-0.9521016992053155,-0.07523108145250389,0.6948878794156299,0.3603001411670184,0.6025668632395281
E01004516,-0.7973859441840531,0.0185106835073781,0.1854408753296149,-0.9486118186152632,-0.2702060073822526,-0.6570200019397111,-1.0491196142213035,-0.4361137903783195,0.5238985145945049,-0.17591140599203228,0.6892925709706698,-0.5736843840138092,-1.0392211301615406,-0.7804194877073292
E01004125,0.9950119461409976,0.5335594991947732,-0.5275424185318712,-0.9486118186152632,-1.1642713888564094,-0.6570200019397111,0.4022492638509745,-0.0711812058424291,-0.653742750783594,0.5004329730402127,-0.26428581211561464,-0.8885834496132328,-0.1018138507317427,0.7364878921506116
E01000236,-1.0423457600942103,0.0896574384511791,-0.2995608119629942,-0.9486118186152632,-1.1642713888564094,-0.6570200019397111,1.0037643367815443,0.5397770013245452,0.6848420133189477,0.2841669266220809,-0.659493246499223,-0.8077630305425136,0.691087842150455,-0.4025075316823095
E01002304,0.3432197214688626,-4.5038361515711,-3.4704422429968047,-0.8494266764000519,-1.075174525968624,-0.5118080712795592,0.2557740235947046,-1.8081335545939583,-0.1756626236700861,2.947886220107117,-0.13090720969941821,-0.3671319167115959,0.1163264939697877,0.4601074869760053
E01003288,0.9438813473358668,0.618169602614798,0.3649767415607411,1.5477121554838738,1.71412567390256,-0.6570200019397111,1.0454019685295195,0.5149982181497608,-0.6201489246574684,0.5648789393824554,-0.6868500033910427,0.8285556770706548,0.8055661193084371,0.9274063205510924
E01001922,-0.829834208810386,0.054862146278446,0.7784238891978923,0.9380236806333954,1.2798577567434168,0.8689755664635516,-0.2803104851604759,0.3020585705624252,-0.7211056516718384,0.7301800416383692,-0.24358296262799753,1.0032286988211692,1.0712700778204989,-0.605946463045216
E01004529,-0.6423963165560007,1.0327976427684826,1.1060454977520655,0.9110328052913426,1.5393817115363255,1.205216529965485,-0.9130537819020274,1.197784232347399,-0.7742266595022324,1.0076437325969236,-1.1004275106958241,0.297978912318101,0.2271438123009203,-0.055585886818504
E01000832,-1.7388772587208348,-2.0165768735380896,-1.9192414502975543,0.1510807937273331,0.0919095571711303,-0.0107119017862191,1.6848370275162814,-1.5696429856295202,0.01862668241370748,-0.2899605216653524,-0.018047808764539732,-0.8922059044775081,-0.9422406374869324,-1.7559339830819185
E01003017,0.4414248860008324,0.5951090407872159,1.6081269776816811,1.6970774717440578,1.2123206155726147,2.910859351887152,-0.453552774397587,2.837982674793843,1.284925757571243,2.7291160655274402,-1.3202283349295798,2.586760768814865,1.7078443502436127,1.9760057954468768
E01000012,1.1476662819967005,0.998578870799306,0.0407067083590127,0.2548328779896413,0.6937941152428628,-0.6570200019397111,1.2171571994899175,-0.138042544107911,-0.7540397028236132,0.010373407644612196,-0.7996966255697989,-0.3911557851666641,-0.8878203152979605,0.797268118282046
E01002046,0.9963639571670948,0.2368621445999458,0.1747859031088235,-0.9486118186152632,0.4883912864633966,-0.6570200019397111,-1.003020807643188,0.753956748629424,-0.6546310490705829,-0.16580397341637224,0.6590047329832979,0.48371120672177,0.0279878345044678,0.4485954739861716
E01001937,-0.6637826727869929,0.179142716843014,0.3983462424221513,1.3227114478411002,1.469399412899277,1.376890391819502,1.1948513253392166,0.2913294729958752,-0.9139559844166788,0.5268971350562656,1.645179309512365,-0.1071912202928108,0.9925630414172552,-0.4453046405569593
E01000269,-1.061642644739416,-0.6211377999735832,-0.6425953345428755,-0.0642474182544951,-1.1642713888564094,-0.6570200019397111,0.8825690872294026,0.3931243896670555,0.6975204525059712,0.04128509122676333,-0.5798655434033911,-1.067655227183482,-0.593702328913239,-1.0918818096385308
E01004441,-0.0143257398872076,0.5266740857723587,0.4710196307430653,0.29659179533662,0.4802384835883397,1.1660193848931768,-1.0349925605925263,0.3113548350992208,-0.016704090411421454,0.13970055792087754,-1.2068213888711115,-0.2592492021695213,-0.3782319779801744,-0.6970686742058296
E01001652,-0.1517392241759964,-0.2907492877159001,-0.2171769704380529,0.6504647858421332,1.0228799910907735,0.6612605362060474,-0.0817882052192371,-0.229359039149569,-0.10033916074210901,-0.14126597156583137,-0.054083312438602975,0.6895822899300615,0.0629779117196548,0.3589678715369028
E01003102,0.6261587562030234,0.3133388424059082,1.7356723935286342,1.3461089101072947,0.9504673740001872,2.4956140891967022,0.4892421730387083,1.0967660535932628,1.5626506140541483,2.3364040739561496,1.2209596600646115,2.687929038489279,1.7196336943000303,2.183508394278543
E01000968,-0.5338667041883794,1.0802434567883203,1.1964865995951448,1.129809528190222,0.1628137017010391,-0.6570200019397111,-0.7799620661361782,0.4827665929419075,0.35076110302139624,1.3518019605745137,0.5124506782056929,-0.0597242881494565,0.2934538365855315,-0.7816674394232619
E01004367,0.7257159317610904,0.6607800106332292,0.452620574976161,1.2951051072624489,0.929293741342147,1.2016005715250149,0.3888657393605536,-0.1822751168872426,0.8720206783689349,0.5861912183036923,0.46726129466213867,0.9915532531996676,-0.3013787117584317,0.6155465887011942
E01002634,1.055237891848964,-0.122683503225183,-0.0043765066709914,0.3319259280235559,0.4244056492226637,-0.6570200019397111,0.0520470396849689,0.2446728745737963,-0.693312401749463,-0.0014526760382701039,-0.034195946114774486,-0.2931015139016178,-0.5178798400902134,0.654429879595484
E01003957,-0.5525490383671773,0.3826172050548863,0.5610699567248938,-0.9486118186152632,-1.1642713888564094,-0.6570200019397111,-1.0691949009569344,-1.22534649120725,0.36303577025978834,-0.5322375920191885,0.7024824359006543,-0.6619968492690359,-0.8835317308876682,-0.529633420371612
E01002923,0.9007399045940376,0.7815558612818513,0.4310503708802138,0.7133544611224826,0.5282656297592612,1.2385727127814954,0.0408941026096182,-0.408990317736214,1.1156318671435825,0.3074917050359012,0.05065031960595964,-0.3708533932719897,0.0568255889809792,0.7485063924021775
E01000562,-1.0028916201508284,-0.6734096270468254,-1.0957803372859949,-0.1186401779905562,-0.4187174902186655,-0.6570200019397111,0.886286732921186,0.0571265626980219,0.6589198542168173,0.13000357425416215,-0.5823081109830178,-1.235507857335029,-0.8753918185661214,-1.101094691790844
E01002888,-0.998221036606129,1.1542732895192611,1.7033910390864175,1.603752769093569,1.1966348494059733,1.5005357148641914,-0.8922349660280398,0.4656916027422094,-1.497866316756252,2.7318180957840137,-1.338830432575712,1.0692076388420857,0.8176368839415527,-0.329046524129671
E01004429,0.4237258325682871,-1.156092082992488,-0.209018116634391,-0.9486118186152632,-0.1900132519130926,0.2293118118528879,-0.5145221637428364,-0.8844859214041243,0.09716533839510734,0.19827705574408683,-0.1179860096063381,0.4158569040580971,0.7272295543167984,0.175963382144232
E01001195,-0.5702480917997225,-0.8094409756634046,-1.264815446720632,0.06565228207063,-1.1642713888564094,-0.6570200019397111,0.940564360021225,-1.0512449208650172,0.3746644023803702,-0.08303802047539281,-0.6179695976455684,-0.695768544129633,0.875358784279006,-0.3216757495336113
E01000698,-0.5670524293744018,-2.756419832418316,-2.771718083122454,-0.9486118186152632,-1.1642713888564094,-0.6570200019397111,1.4944935680969662,-1.490291613669273,0.3725647882474874,2.6292845315196027,-0.9819121670099545,-0.9438313327339978,0.5432736266503827,-0.5849618780840415
E01003167,-0.5062119332000276,0.1254361935818724,0.1385550984110432,-0.9486118186152632,-1.1642713888564094,-0.6570200019397111,-0.9234631898390212,-0.228021139985304,0.332591365332987,-0.13143500388211646,0.6067337867792855,-0.8542151339597904,-0.458599767196303,-0.9756265874690022
E01000371,-1.4172215446029812,-0.1638152970183806,-0.6886926496507046,-0.9486118186152632,-1.1642713888564094,-0.6570200019397111,-0.2765928394686924,-1.0181175277827323,0.9311429019840511,0.6533019868521193,0.18172702792423048,-1.290904707658624,-1.8671358130682745,-1.3622243566363457
E01002976,-1.4221379483342438,-0.3791225232124274,-0.7014968130316879,-0.9486118186152632,-1.1642713888564094,-0.6570200019397111,-1.1732889803268722,-0.015813732559395,0.9343730775731016,0.6654481675628007,0.7708743281302033,-1.47815799905586,-1.0780643776786087,-1.5835350232573069
E01002927,-0.752277939949719,-0.0611813811017446,-0.1662989081075002,0.0369059258512468,0.5618099760885144,-0.6570200019397111,1.4439335866887109,-1.0646178826719552,0.49426165356496626,-0.006137415171758708,-0.9486932479270308,-1.2211160153796117,-1.1970606087160354,-1.3991110084465466
E01001408,-0.2419552326446645,0.4977692855221985,0.3022049129451055,0.2405972722078834,0.67959041425842,1.084040646663658,-0.5293927465099704,0.8452183439335588,-0.26228930685977797,0.07270967770241325,-0.5738832552657183,-0.2526020054840696,0.1016544121669057,-0.3081217438452198
E01000488,0.5100087180519453,0.3285111653429597,0.0224400568556699,-0.9486118186152632,-1.1642713888564094,1.0032562185279992,-1.5889217686682675,-0.6116435047087768,0.5116694178891071,-0.02128690314368693,-1.5940956451709463,-0.5210498889040186,-0.8783371770592019,-0.5458221567613142
E01002846,0.9465853693880611,0.5995733796420815,0.624384873301018,0.4114514731602935,1.2001880944355303,-0.6570200019397111,-1.684093498377925,-1.0982706300955465,-0.6219255212314461,0.25690407593870707,1.1064831135709192,0.5890355165037882,1.2548914754696625,1.040769768975668
E01003490,0.956786907130431,1.2264769848261232,0.2976224291611282,0.4245633635232916,0.4027279870853696,-0.6570200019397111,-1.2922536424639444,-0.1486996832868865,-0.628628135578726,0.12635957958462118,0.8490364906782595,-0.2499756634701694,-1.1164224397554143,0.312312119239703
E01003814,-1.2917303393625044,-0.8697239601485097,-0.6728683619487011,-0.2512590232719752,-0.263126912375936,0.363938818115523,-0.9160278984554544,-0.10029230270201,-0.4701108130315532,0.16906424741384452,-0.3333781107247244,-0.7676459805705144,-0.589700411117934,-0.9059596375743546
E01001452,-0.9318495862340844,-1.7728216236990786,-1.8697985472571617,-0.9486118186152632,-1.1642713888564094,-0.6570200019397111,-0.6699197536593866,-1.3509276518582305,0.6122438169550372,1.7737130003577932,0.44015067784874096,-1.2765835700939236,-0.1343976170556845,-1.410668591012562
E01003761,1.3500992056314365,1.113153259017222,0.094203197209941,-0.9486118186152632,-1.1642713888564094,-0.6570200019397111,-1.1041407704596995,-1.0699570206196698,-0.8870421827027688,-0.08936226622469443,0.7254425711491459,-0.2987869890088997,-0.8529178624591643,0.5363698195302411
E01004418,0.0505707893654582,0.272728672736267,-0.2917425695916421,0.6961916536438139,0.5649170522848442,-0.6570200019397111,-0.2825410725755461,1.187437346111388,-0.03322602012698607,-0.20310874196230075,0.18563513605163337,-0.7275687436702597,-0.4779288400176772,-0.5204030370888182
E01003540,1.3095388748485202,0.2626620630199324,-0.7081739818514787,-0.9486118186152632,-0.2580629958984811,-0.6570200019397111,0.5940797815470029,-0.4803242383935786,-0.8603932340931019,0.6717822088201436,-0.390322299224355,-0.4706063016341926,-0.6503805474925499,0.2331730019755679
E01001310,-0.0321477034130344,0.1821767270107765,-0.4340354368814399,-0.9486118186152632,0.0007577372665305,-0.6570200019397111,-0.530136275648327,0.3975821545281913,0.02112168415878912,0.411731145123573,0.348310136854775,1.6929669799818376,0.3161982076644284,-0.7527489692164809
E01003685,0.2118288317508704,1.0125491812434249,0.1571106233364212,-0.9486118186152632,0.8908876827434972,-0.6570200019397111,-0.9204890732855944,-0.6899059959808653,-0.1391757794478436,-0.14903699412694013,0.604779732715584,-0.396760136599332,-0.072491667557177,0.1857217939207852
E01001304,-0.5601694641506342,0.7839985999027433,0.5105185021636541,-0.9486118186152632,-1.1642713888564094,-0.6570200019397111,-0.1791905223439647,-0.7144815043711559,0.3680425424228166,-0.48428388477420414,0.11773175733800954,-0.3630881750487696,0.0720490138246647,-0.5567787763261409
E01004734,0.908851970750621,-0.5677316517872507,2.751125059961486,3.021402200014122,2.22788056897971,3.734364002070688,0.5241880425414732,1.906544158150948,3.393984082782121,8.312255308681618,1.9575089563827759,5.7715681237167,5.204600505521249,6.038189804614127
E01003442,-1.839786445304999,-0.271965873672535,0.0955620078449355,-0.9486118186152632,-1.1642713888564094,-0.6570200019397111,-1.469213577392839,0.3313361481839165,1.2087764938629446,-0.09065125005231031,0.965302707468493,-1.161215335244452,-0.0870611875920759,-1.1988747874193624
E01003079,0.943020976682896,-0.0740805713773779,-0.0685106044899566,0.9676493953845384,1.1653490036343286,0.7792827552879331,0.4461174830140199,0.1080399919867832,0.734879985003765,-0.06629424501213575,0.34765166134528314,0.9385019842404354,0.8625803895106539,1.007964131577182
E01001952,-0.3558928891166745,1.0537679488332783,1.6850572300794784,1.7885851896267622,1.626099179401434,1.4024637603836605,0.1427575945644861,2.3447654972124123,-0.49912687956437646,3.0138684053936506,0.2002123528962352,0.4280061041523323,0.8111409604253795,-0.3083177661180765
E01032740,-0.3394229366169449,-1.7708244523906098,2.6724253694435283,2.071045619203819,1.3629449636143138,2.8554227324897514,0.2141363918467294,0.6576274071278426,-0.9691959691444525,5.534714854035167,0.6114499211324842,-2.653773197998056,-3.838763787642781,-5.408985312573061
E01002214,-0.0611544854274836,0.3677593191640398,-0.5542505853285643,-0.9486118186152632,-1.1642713888564094,-0.6570200019397111,0.1293740700740656,1.2902614799405554,0.04017972013418731,0.5257686557171035,-0.0850013517710109,-0.844097059946752,-0.5461704063737794,-0.1873837566126007
E01000143,0.976821252335326,0.2656523579638233,-0.1726717638052665,0.1555029257704545,0.593817631835194,-0.6570200019397111,-1.3190206914447853,-0.4755223240196528,-0.641791101104107,-0.026850964469663806,0.8666229772515719,1.358521082935286,1.7002011198006208,0.5842250057411743
E01000972,0.7110896306605842,0.7424710295701646,1.2307248684570915,1.7359488816506472,1.443336552969473,-0.6570200019397111,-0.8773643832609057,-0.1525312995673452,-0.46720011051592547,2.1364754590177277,0.5764459487919137,2.371372985635745,1.928035297733362,1.0571723142290026
E01000860,-0.130967418411412,-0.5514118027526328,-0.446033680878842,0.4044024776942406,0.5843262855228123,0.8171246192216663,1.1175242949501194,-0.5756025719812751,-0.10701670189986967,-0.18037712568248593,0.9131566139820775,0.9410399563279778,0.2921973884256191,-0.300827922951772
E01004473,-0.8582264403584273,0.9372136985989328,1.1670441664888254,-0.9486118186152632,0.5560644239823279,-0.6570200019397111,-0.3903527976372676,-0.1489411003670381,0.5638719375090053,-1.1070718891772986,0.2564695958608092,-0.2962581913300842,0.1154542788801851,-1.2639847780362363
E01001592,-0.4813840943571515,-0.0195359456636424,0.1685288161420574,0.3248244760680944,-0.3246719101700162,-0.6570200019397111,-0.574748023949729,-0.8558323865169307,0.31627897860828175,0.05474228440572,0.3776209478102961,-0.8174794490821018,-0.8879675517899837,-0.6803877705148307
E01001268,-0.0386619383569573,-0.2831680039968938,-0.6878261128295751,-0.1085527477561205,0.5464809394878902,-0.6570200019397111,-0.7747573621676813,-0.2669091606318401,0.025401666814281073,0.07466541452606175,0.5090310835942154,-1.1489946234885469,-0.5443185431979639,-0.4646176751371125
E01000524,1.4880043302933514,0.9057216719032304,0.5105610368672433,1.556664124654471,1.8475673563758983,1.0314387385486643,0.7271714973128522,-0.1953355797569746,1.5347853093927244,0.7947720495376264,0.7500328518969117,1.9500348346883447,0.8276243569714576,2.0538212600424317
E01002099,1.3776310665265068,0.6290362497673003,0.1283274192958362,-0.9486118186152632,-1.1642713888564094,-0.6570200019397111,-0.3241787043235212,-0.4698771737246317,-0.9051311660014518,-0.12173290659642659,0.21299189294345292,-0.0002508251306599,-0.2384173018025014,0.8141417545157867
E01003221,0.9937828452081818,-0.2764287092138716,0.1834443622655542,0.6489911628291105,0.6599573146561943,0.5146098461030085,0.9100796653486004,-0.7574111496180372,0.5114104370323924,0.11905376998116661,0.46833595652652077,0.5944803682994936,0.4159009929308959,0.7535509137097068
E01002060,-0.8504831044816888,0.7178113191677125,0.8117510308060535,0.3112003907804244,0.9874404165315752,-0.6570200019397111,-0.2884893056823995,-0.662809232663962,0.5587844109562508,0.25261723800325614,0.18954324417903604,-0.6730863542973794,0.1025446685198474,-0.788412923829005
E01001439,1.170281739160508,0.3247125252413279,0.0940437860287124,1.5135281162693168,1.6739052148882585,1.3251193336635845,1.6677358573340773,1.926751108845194,1.550762958395033,0.14233791431487178,2.2099490279973995,1.5546672164296027,1.3714280478565966,1.495016264536719
E01000933,0.6127615560353329,0.9748118058134748,1.1807519006338605,1.142421225336385,1.2273994150978036,-0.6570200019397111,-0.6163856556977042,0.0773927777520833,-0.4025965987349148,1.3489160331404004,0.4049777047021157,1.8402889820803985,1.4589076178631069,0.7535701454511747
E01000472,0.3960710615799352,-0.4886211563492444,0.1144429972699385,0.6057556342673475,0.3717580434068264,-0.6570200019397111,1.366606556299614,-0.6535235669153631,-0.2602266096475125,0.06932449039870792,-0.8978878422707942,1.095910534633022,0.2464058473235772,0.1888066894891959
E01004564,-0.0456678136740065,-0.6729761449227455,0.8110095473560814,0.1008275707137664,0.2867811350230388,0.8794109234162464,0.7851667701046747,-0.9301191454714176,-0.04016077419345914,0.08177212248558498,0.6904842343335036,0.4110717421558129,1.0778537958555012,0.1056461437429824
E01003887,-1.917465624258948,0.0517230587704246,0.8512129223083764,1.4965843567552854,1.4797020561348704,2.022405116638618,-0.3673033943482098,0.9444345465288304,-3.877892289479958,1.2739119437946682,-0.7428362640885515,0.4702096456709795,0.1695487260675213,-1.0243607104164891
E01004545,-1.0449268720531233,0.6852919881293593,1.6374135185788266,1.4882653113318474,1.4503400224326315,2.1580041184895618,1.2669736517598165,0.3037338948492338,-2.2549564934110555,2.436905740006693,2.7341343585154436,1.647030345054497,1.6515566652938904,0.0173922283613086
E01003696,-0.9123068814023156,0.1980003938539159,0.1191170702304329,-0.9486118186152632,-1.1642713888564094,-0.6570200019397111,-0.2862587182673296,1.3014428626108805,0.5994038689885612,-0.11299586061941298,0.1880777036312601,-0.9987283386717726,-0.5341401231498151,-0.7869184538874475
E01004368,0.2998324585404704,1.040538829801174,0.4300113792719068,0.2489646264819017,-1.1642713888564094,-0.6570200019397111,-0.8900043786129697,-0.2912263113916657,-0.19699592249184822,0.10705762242339764,0.5847506785626447,-0.6150656905046162,-0.7760871736418338,-0.8063048927440203
E01003779,-0.5541468695798376,0.2790188585864764,0.306972806909129,-0.9486118186152632,-1.1642713888564094,-0.6570200019397111,-0.3122822381098141,-0.5514344470281425,0.36408557732622976,-0.2911980326275009,0.2051756766886474,-0.6062697839822506,-0.6266163626683412,-0.2641794503083111
E01000745,0.0589286757086046,-0.9489333776930812,-0.4267521361600424,-0.9486118186152632,-1.1642713888564094,0.2992964259336992,-0.678842103319667,0.7283442434446524,0.017637142024591355,0.4048221199807262,-0.2031750152968913,-0.2937248017894748,0.332991857099934,-0.2713546867341619
E01002325,0.6788871862208145,-1.403447895630749,-1.6430088549816977,-0.9486118186152632,-0.7275765799769751,-0.6570200019397111,1.687811144069708,-1.2060358373378357,-0.4460424604076445,1.5585776179251696,-1.1089256811505455,0.6395220603369963,-0.5103355717724328,0.1695809155497929
E01003069,1.048477836718478,-0.454538442099043,-0.7901783247909198,-0.0021404444712771,-1.1642713888564094,-0.6570200019397111,-1.4833406310216162,-0.1208654727217121,-0.6888709103145185,0.0016913328266217247,0.9745844642710746,-0.3511413324198327,-1.7591028637438608,0.333650965736317
E01001908,-0.2029927330744086,1.8107636720063227,1.8640126611541112,2.026071249599217,1.757266926631248,1.9817389277394888,-1.699707610283416,1.705630079493237,-0.40227860118178677,3.7766224616532718,-3.368376737073706,0.5079145992505731,1.1858839356165027,0.4697874950845858
E01003658,0.3866069843972547,-0.0905030878205431,-0.3710850119529147,0.0160162720632386,0.0094060079545594,0.7552430072971613,-1.6119711719573253,-0.0460655149098341,0.29198222153826936,-0.00594339851002803,-1.21742995558538,-0.369828620403841,-0.5260182420003159,0.2171141675827339
E01003295,0.8561235407328299,0.2685333802315336,0.3897294928071811,0.4760386914729776,0.115475641045807,-0.6570200019397111,0.9093361362102436,0.1447518692543532,-0.5624902903929162,0.18552631778435774,-0.5974520299767037,0.2817704930409402,0.9158804342979932,0.8326547146003168
E01001925,-1.2832495429260764,0.4417382302975314,0.904356253432154,1.114768126970135,1.4873093757339295,1.0981919911041698,1.1963383836159298,0.2408872924735345,-1.4092543706295035,1.008147526752291,1.313809231537522,0.5308292968982816,0.0343490303910394,-0.7762387111640217
E01001205,0.956541086943868,-0.1465324488838724,-0.2093907841590001,-0.9486118186152632,-1.1642713888564094,-0.6570200019397111,-0.049816452269899,-0.2648829357445635,-0.6284666267992735,0.19863057256234512,0.03273040556699857,-1.0212566689645526,-0.8753918185661214,-0.3582505390514441
E01001379,-1.664147922005644,0.6830843477987169,0.6692552049539223,0.289906676065821,0.2751832772980896,1.156232041201117,-1.0520937307747305,0.5665005463430696,-1.924141148721183,0.1940215519079414,-1.2164644818685648,-1.0758163173649251,-1.2460010407330206,-1.3070559402451152
E01000531,0.5819111226216602,1.008132975389888,0.7111670670761548,1.768737053408204,1.6530663688769216,-0.6570200019397111,-0.411171613511255,-0.0778663529010374,-0.3823272469136227,1.2578675427012327,0.2701479743067189,1.5178359883085883,0.0890071058582096,0.7688658409705449
E01001769,0.688842903776621,0.5826367167132984,0.5202083938375238,-0.9486118186152632,-1.1642713888564094,-0.6570200019397111,-0.3033598884495335,-0.3380956620088401,-0.4525835659754718,-0.49347583053713856,0.19931351449754303,0.189497054176342,0.437722017310893,-0.441582609227626
E01000519,0.1586087613599531,-1.454330366973337,-1.4519041001514663,-0.9486118186152632,-0.7199970478340405,-0.6570200019397111,0.7167620893758585,-0.6241437003360805,-0.10420912869637157,1.3772933888996397,-0.47092702935203795,-0.6099763331785163,6.599548585600489e-05,-0.2111426827815706
E01004466,-0.4667577932566454,0.5051117578872795,0.7867883308837371,0.2288110780297108,-0.1066060567273804,2.147274629212991,0.088479967464447,-0.9905854065916826,-1.0022571674474372,0.1800258861707047,0.18999078932999794,-0.528012393042101,-1.3883884014982577,-0.8287496831881057
E01001956,0.726084662040935,0.5232069863577323,0.4836143136207188,-0.9486118186152632,-1.1642713888564094,-0.6570200019397111,-0.0825317343575937,0.3749518247794552,-0.4770521460625296,-0.45876225355212236,0.05422500026771394,-0.6194042137113842,0.121546145946482,-0.1992011403092984
E01001444,0.3825509513189631,-0.5190226175061898,0.1290342672459203,-0.9486118186152632,-1.1642713888564094,-0.6570200019397111,1.664018211642294,-0.3406220529333632,-0.25134362677762345,-0.12240343091584034,-1.0932932486409346,-0.0031827765602688,0.2747095716667513,0.4337602582055146
E01003897,-1.397310109491368,0.2999353979166083,1.2668967963397797,1.4695358391390834,1.3617583681107432,1.9196307905920784,0.7702961873375407,-0.3813549115180776,-2.6823195101852186,1.8617502467117946,1.478684279088827,0.9745426588229742,-0.144593748656179,0.6402274786576518
E01002501,0.2408356137653196,-0.0277212673731726,-0.2807733648954335,-0.9486118186152632,-1.1642713888564094,-0.6570200019397111,-0.0974023171247277,-0.4850246463475591,-0.1582338154232418,0.26634493229218403,0.06399527058622095,-0.8880558422819823,-0.4936188481665963,-0.4247434154063205
E01003394,-0.311768165628593,0.6642529396162512,0.3099263732542691,-0.9486118186152632,-1.1642713888564094,1.5423811512337768,0.1784469932056079,1.7856245144696652,-0.4808653422202721,-0.2939998205695651,0.27523327881467147,-0.5105081788272041,-0.6772538141903474,-0.0006019163785807
E01001601,-0.9901089704495456,-0.3598024037836049,-0.293418500492188,-0.9486118186152632,0.1690563012815198,-0.6570200019397111,-0.4721410028565045,0.5155075882938129,0.6505213976852858,0.2783402573672579,0.31020608261259774,-1.1350672441726388,-1.8861257749793867,-1.2044080968922763
E01001271,-0.2186023149211673,-0.4814148585089769,0.3180646719118057,0.5123339112307672,0.0129759713551109,0.962565818975154,1.264743064344746,0.5712799946858452,-0.21041911629195795,0.16295531738490615,1.2173984435241463,-0.1940846934113863,-0.458599767196303,0.7482434421141163
E01002823,0.800813998756126,0.8342310385838132,0.8499657683221471,0.5294695659400412,1.5227742454643938,-0.6570200019397111,-0.634230355018265,4.1051206538307285,-0.5261508150160977,0.4500310064174209,0.41670202908432413,0.5358805226785425,0.8896461361763903,0.4621300297457981
E01003141,0.4869016205150111,0.4396608120795252,0.0083570852033273,-0.9486118186152632,0.7771620071371842,-0.6570200019397111,0.2490822613494942,-0.0938782449917154,-0.3199041036552211,-0.007927629793051016,-0.1636520278349923,-0.4343382464349881,0.194986792617238,0.1956796236903068
E01001244,0.8306811514235461,0.6759451016659795,0.2119894940266168,-0.9486118186152632,-1.1642713888564094,-0.6570200019397111,0.8974396699965366,0.116251220564554,-0.5457741317195798,-0.20109573945591844,-0.5896358137218981,-0.305934880959815,-0.5710613815232252,-0.0623442182156581
E01001603,1.2318596958945718,0.0565957055549797,-0.4011084492995063,-0.9486118186152632,-1.1642713888564094,-0.6570200019397111,-1.171801922050159,-0.0449837319412072,-0.8093564597861035,0.3804962155519528,0.7698973010983526,-0.4023646740336464,-0.5611162935113368,0.4861180783688726
E01003459,-0.3133659968412533,0.5068164504291988,0.651219579917598,0.4632027192071343,0.5495564760500944,0.8960910445001498,-1.4922629806818966,0.3922406479952761,-0.28080446342030935,0.3016466802187591,-1.3372034930281476,-0.0734655087861102,-0.6738900224409575,-0.4656061556960091
E01003484,0.3793552888936424,1.1006517492022918,0.3337236550175025,-0.9486118186152632,-1.1642713888564094,-0.6570200019397111,-1.335378332488633,0.995525851728474,-0.24924401264474058,-0.31657420330108577,0.8773702746019298,-1.0051907752732592,-1.6208988743979016,-0.9320229782106746
E01002669,1.3103992455014912,-0.3552349964322064,-0.4349288885089399,-0.9486118186152632,-0.4198066014701871,0.5563242795644291,0.1836516971741048,0.3533952686306981,0.7290069161953886,0.41257868389678054,0.10216989812116854,-0.5628908052726747,-0.9271897315378392,0.4253589012121536
E01000998,1.0420865118678366,0.3686213012213317,-0.160741367590104,-0.9486118186152632,-1.1642713888564094,-0.6570200019397111,0.6743809284895267,-0.5539248835159127,-0.6846716820487528,0.15248116103635306,-0.443081758944293,0.1623894283435893,-0.3978951234356919,1.0757775610033156
E01000764,-0.8129955260308117,-1.0694818628232297,-1.105948102060851,-0.3159416111959863,-1.1642713888564094,-0.6570200019397111,-0.5658256742894486,0.2120146999758401,0.5341543220897403,0.3494150252642484,0.3717587856191919,-1.3437486315935785,-1.241177443859263,-0.3803245464821196
E01001206,1.4368737314882207,0.3335934432612947,-0.0644720492143312,-0.9486118186152632,-1.1642713888564094,-0.6570200019397111,-1.4803665144681897,-0.7881502123016616,-0.9440547818495107,0.061158947855059466,0.9726304102073734,-0.549333293544772,-0.0670874980292838,0.933512835082166
E01003452,0.7064190471158848,-0.2549872287216258,-0.3490352292618351,-0.9486118186152632,-0.4507648633064118,-0.6570200019397111,-0.1516799442247668,-0.1608906080885908,-0.4641314437063275,0.3310989435908647,0.09965675724877156,-0.6173027611592742,-0.8504909357235443,0.0927394832814162
E01003130,-0.1661197050899394,0.6018974547953956,0.7313960302995426,0.2231349166285252,0.5506968500910777,1.0584748984989718,-0.1962916925261688,-0.3771167996982837,-0.17583353798375273,0.1631999922433227,-0.2077698293228279,0.4765616418813784,0.6030652506532802,-0.159737179897932
E01002266,-0.4266891028468555,-0.7866289020419416,-0.9689507852690786,0.5091133711070491,0.5929398892165181,-0.6570200019397111,-0.6141550682826341,-0.4237908262199093,0.2803432751800946,-0.4933058007251631,0.40351216415433966,1.429098525957739,-0.1261703554429566,-0.0109138209622111
E01001111,0.8046242116478546,0.116796720078732,0.3415571433379967,-0.9486118186152632,0.0719283062658701,-0.6570200019397111,-0.5933362524086465,-0.9767289029095764,-0.528654201097612,-0.3240051429028912,0.38983378570842986,0.7865720483921562,-0.2523598617008223,0.8197961083951988
E01002754,-0.2714536550322399,0.6186785948376881,0.3668469516872887,-0.9486118186152632,-1.1642713888564094,-0.6570200019397111,1.0335055023158124,0.8957908170345419,0.17835048095582393,-0.34799535399354453,-0.6790337871362372,-0.194457132539775,0.322967594542646,-0.9377124685116592
E01001217,-0.3118910757218745,-0.042710531529658,-0.1968465361957191,-0.9486118186152632,-1.1642713888564094,-0.6570200019397111,-0.4059669095427581,5.607633947560137,0.2049186751757646,0.18673095068873632,0.26672837969524144,-1.2790780785047118,-1.1317929060699448,-0.0611454570048555
E01003380,-1.765057108589808,-0.0769708159388168,0.0982132738629757,0.0136611834213138,0.1982181765952102,-0.6570200019397111,-0.5516986206606714,-0.7045368690842703,1.1596778249093764,0.0013417095486498356,0.3624770288166103,-0.8473837281233937,-1.1086907844932803,-2.0908519354709187
E01003813,-1.8974312790540528,-0.6037525320407455,-0.6583662211598654,-0.9486118186152632,-1.1642713888564094,-0.6570200019397111,-0.2758493103303357,-0.0425932833307327,1.2466503026445623,0.6245339783693186,0.18123851440830516,-0.9920582718359218,-0.3132717716347268,-1.829224056183612
E01003084,0.0406150718096515,0.3649568211136523,0.5043029651644576,0.2430796771836467,0.5705128117962058,-0.6570200019397111,-1.2989454047091544,0.4691732308263704,-0.026684914559158734,0.12258580197493218,0.8534331123215875,-0.1940242609074506,0.0155597053944807,-0.269515052153667
E01003293,0.7775839911259105,0.7561718228607228,0.6498530789910921,1.2455158570530152,1.1586789230444812,-0.6570200019397111,0.0446117483014019,-0.3358462411813164,-0.510888235357834,0.8094023146381308,-0.02931081095552098,0.422540507859704,0.2578015743381039,0.5390135705128613
E01000156,-1.3939915369727658,0.4716870403927667,0.3747898489719726,1.4770405074114608,0.9220920491578092,0.9301210687463678,1.440959470135284,0.4049698402067921,-1.2965808981925009,0.5535797886982271,1.34026676238243,-0.2546453583619928,-0.2848462572942326,-0.9380198025738506
E01003753,-0.6549331460707202,0.4997028001892435,-0.3249832599017839,0.1550487967134459,-1.1642713888564094,-0.6570200019397111,0.3992751472975477,0.6122591880002441,0.43030417690176564,-0.050388263399784645,-0.2623317580519132,-1.290453458987174,-0.9901970324366788,-0.5280681248614001
E01002926,-1.5427127498434583,-0.4975513171363275,-0.5852145585508516,-0.0889630062873702,0.9170806554323774,0.6015481761144368,-0.8126773482238729,-0.5123688046754364,-0.9280160409368197,0.05206244645181998,-0.4888645765935878,-1.0380778915636286,-0.7040282100570485,-1.3249754227002903
E01000749,-0.9371347202451916,-5.156359574701956,-4.580066651861561,-0.889426974900914,-1.0629107337388912,-0.570370477327123,1.6424558666299496,-1.8821727801207104,0.5345139777060698,4.073634827009786,-0.9368083366384578,-1.0353704652242222,-0.8832311698448772,-0.6329981650979406
E01001917,-0.3742064930156276,0.7415353545004914,0.551464999820535,-0.9486118186152632,-1.1642713888564094,1.3008884873777198,-1.5190300296627377,-0.9639943011509912,-0.48680091866602104,-0.5231262163824235,-1.9760886775692916,-0.1484970350315459,-0.1744672457679733,-1.2789692583139969
E01002628,-0.1833271181493584,-0.3518386636050163,-0.2161124049119722,-0.1737211797091302,0.0006886105121861,-0.6570200019397111,-1.077373721478858,-0.5090771695113356,0.1204495835220931,0.03754330193108504,0.707856084575833,-0.3283581894142335,0.4090144059491598,0.2944309974622969
E01004405,0.800568178569563,0.7948775846228856,0.4613931130216499,0.7045840992958513,0.8679637652888367,-0.6570200019397111,0.7873973575197448,-0.2778122293005834,-0.5259893062366453,0.32509025095966815,-0.5173358133649462,0.081546266290949,-0.0775891307991699,0.0001645417986464
E01000411,-1.18688802979333,-0.0233382509557279,-0.5375800600167064,-0.9486118186152632,-1.1642713888564094,-0.6570200019397111,-0.0438682191630454,0.9553254051143866,0.7798091756370336,0.5099547983837502,0.02882229743959576,-1.5103645182012742,-1.8749518976217248,-1.7648980350149452
E01032513,1.1949866679101024,1.4488742478320376,0.5881213982750975,-0.9486118186152632,0.3784040655221119,1.8572647197846848,0.7963197071800254,0.1143723602142659,2.2194065789224906,-0.5578989091842917,1.4789764978147322,0.6323576778679616,0.7504016800217186,1.2425718731925377
E01001420,0.6605735823218614,-0.636223007426841,-0.7938753365241504,-0.1794010271463831,-1.1642713888564094,-0.6570200019397111,1.3115854000612184,-0.7393246456075961,-0.43401005633843126,0.14242205079861311,-0.8617378420923185,-1.1237639067580525,-0.5331888662964145,-0.3601107328560151
E01004488,-0.4961333055509392,0.5881517880817022,0.5963383520530079,0.983039500086638,0.5709085871521233,-0.6570200019397111,0.6825597490114502,-0.787027493921367,0.32596950537543334,0.5862241554846784,-0.4484554076194717,-0.4120819127009927,0.8451024309783532,-0.9625861063877064
E01000623,-0.3070975820838935,0.2721080125661358,-0.1909138037495043,-0.9486118186152632,-1.1642713888564094,0.8781962958168904,0.3145128255248837,2.3748306937036108,-0.2696919590403987,0.18110309057357474,0.2762039983628568,0.8593729161692983,0.2655471445481809,-0.9167972934561996
E01004153,-0.6893479721895582,0.4483654354857593,0.2939214954208038,-0.9486118186152632,-1.1642713888564094,-0.6570200019397111,-0.8996702574116068,1.1328007032600635,0.4529154060251195,-0.27881740430124646,0.5911013542696743,-1.0624400881966634,-0.1977767649698804,-0.6395856906888067
E01003060,1.2376364702788052,1.23218663195938,1.1234877876484846,1.1120093493237166,0.4846223109045716,-0.6570200019397111,-0.2936940096508966,0.4048694270168383,-0.8131519161032378,1.2493289237161334,0.19296283879051362,0.3043821886573514,0.9323327172437024,0.0008749213083514
E01002440,0.1426304492333498,-2.99013110609109,-3.1516131105504974,-0.9486118186152632,-1.1642713888564094,-0.6570200019397111,1.1978254418926433,-1.6774952184720464,-0.09371105803195735,2.989657444371014,-0.7869952741557398,-1.2396661993213365,-0.4413689226671569,-0.3522423164029981
E01003948,-0.1739859510599595,-0.2770270103339043,-0.0411421601501889,-0.9486118186152632,-0.0618302873638402,-0.6570200019397111,0.5100609889126958,0.3706162702752947,0.11431224990289708,0.039027939361831104,-0.3351202719247904,-0.2725884787827652,0.5680668922272839,-0.6868899790752914
E01003604,1.1904389944586846,0.3832600717480502,-0.494630775158593,0.6042682983279813,0.0384328821617427,-0.6570200019397111,-0.7435291383566998,0.513798097823144,-0.7821422304483527,-0.29888969680573335,0.4885135159253506,-0.127714190610647,0.2515068599933983,0.1192067916850307
E01004050,-0.5054744726403382,-0.1101198589812062,0.1634007757649236,0.4616713669975825,0.1025696401039413,0.8940261349610211,-1.5227476753545213,0.2858087573130282,-0.45190738909610195,0.07543745951585773,-1.3613762187180825,-0.1300718976507636,0.3972760008936306,-1.455356032368846
E01004366,0.0696218538241007,-0.2548404655432522,-0.2206538630796957,-0.9486118186152632,0.2238826499129973,-0.6570200019397111,-0.1219387786904988,-0.5905389282119174,-0.045742950534556924,0.2093148623405134,0.08011621661175752,-0.5050357906550622,-1.0704510881365752,-0.0066956968943769
E01004521,-0.2712078348456768,1.0128061411438791,0.6790694504353938,-0.9486118186152632,-1.1642713888564094,-0.6570200019397111,-1.6714535030258613,-0.140888111318268,0.17818897217637142,-0.6441733063435863,1.0981783838001884,-0.6793086761990431,-1.410495696065612,-0.716848010461432
E01002253,-2.1115406615505377,-2.2338149445961,-2.0318146666244266,-0.9486118186152632,-1.1642713888564094,-0.6570200019397111,1.57479471503949,-1.4535862343782098,1.387324449547713,1.927403405995762,-1.0346716267298925,-1.8056501187906275,-1.351145512136076,-2.1051915354804835
E01001641,-0.2815322826813282,-0.6242556858054578,0.8096839529586624,1.9203191166250528,1.680733922703226,2.227071598786797,1.0201219778253918,-0.3791385901012087,-0.6269925509012021,1.5548515732910593,2.271884684113145,2.199883240003054,2.205544989962378,1.6477172597581016
E01004308,0.8242898265729048,1.0397328994713892,1.1477220986728154,0.523129387778533,-1.1642713888564094,-0.6570200019397111,-0.7621173668156173,0.6801305363882513,-0.5415749034538141,0.600407158818603,0.5007263538234844,0.0041702211588498,0.5389838890839479,0.6138994480743596
E01001172,1.4577684473460866,-1.2633293593495722,0.2020315829335132,0.3518742563402872,0.2917458315297844,0.0920360156610471,-0.7331197304197061,-0.6596036695959417,0.13416719965012475,0.07108971300198101,-0.0674734189903307,0.8797444251800135,0.5436679669211355,1.554382032479123
E01002930,-0.9765888601885736,-0.1200397871612757,0.6469854929736535,1.8381025479064037,1.5367211346744645,1.1391956378782238,0.6446397629552587,-0.3284326502566101,-1.1125257695272897,1.1892256830933532,0.7343708059614829,1.643178421969222,0.730894874734282,0.7288855454877747
E01003115,0.1690561192888861,0.8486400251096278,0.7816202717724384,1.266486539312167,1.2708844752116242,1.3007139307549545,-1.620149992479249,0.9379865469673588,0.2198936494384255,0.9899115530533109,-2.107351665130294,-0.1399457800239666,0.2425678291433901,0.1082532855646597
E01002630,-0.1977075990633014,0.1104164690301988,-0.0225839649139259,1.0130306861297098,0.6646296650089589,-0.6570200019397111,-0.500395110114059,0.8243153364932475,0.1298978471200659,-0.022878249472283646,0.32876959621776103,1.4333447909500237,-0.5863959542347951,0.625702027587487
E01003637,0.3117547375887821,1.262211422388425,0.7787190800280434,-0.9486118186152632,-1.1642713888564094,-0.6570200019397111,-1.2208748451817013,-0.997684960681021,-0.20482909829529572,-0.7387021226958069,0.8021391931494259,-0.7976119523992413,-1.1616515182404854,-0.2967813527556218
E01000706,-0.2514193098273449,-0.7504113025282649,-0.8127111584302266,-0.9486118186152632,-1.1642713888564094,-0.6570200019397111,1.2840748219420202,-1.1865413227353747,0.16518751543044297,0.7709474100074145,-0.8436628420030803,-1.094266619434335,-0.3159996345666394,0.106962282325659
E01002953,-1.5872062036113843,-2.641643262522962,-1.6534180147871116,-0.5920913187918289,-0.5061123095805632,-0.6570200019397111,0.3204610586317375,-1.214354871501004,1.0428262229754732,0.9789744528894685,-0.21054932536382606,-0.2628839326298715,0.4290617353073409,-1.312073678449544
E01003512,1.173108671305984,0.8675944304118167,0.1879809699504235,1.036474343060965,0.90065619674278,-0.6570200019397111,-1.2573077729611797,-0.1389325612687664,-0.7707558614969495,0.19483745233732822,0.8260763554297681,0.0189175322459921,0.1376266600385744,0.410271024456762
E01000760,-1.2739083758366774,-1.2413787298567196,-0.9457156480720385,0.6717850496014582,0.8778008482909322,0.2595369011528502,0.8089597025320893,-0.858600338339693,-0.3306262322173117,-0.6353176335489495,0.20995489435270998,0.0118280340409732,-0.0762737212897528,-0.6099842086266488
E01000428,0.4791582846382726,-1.7872132566001118,-0.2743653921147799,0.3768570226693116,0.1311548896165968,0.5876978210700878,-0.2334681494440038,-0.7127697911150194,0.28160027982959374,-0.10339652479587418,-0.13720872271750667,0.0968531430356121,0.3144092120869914,1.825221238897729
E01003301,0.6132531964084591,0.5649041126319797,0.3273118375022172,0.3874260445606243,0.0358759280671945,-0.6570200019397111,-0.7725267747526112,-0.5352160548708167,-0.40291961629381984,0.12680913054135382,0.5075655430464394,0.2664255662524841,-0.0878610440646346,-0.5090309273102167
E01001577,1.0923567400199965,0.2524297586498174,-0.7978405479440539,-0.9486118186152632,-1.1642713888564094,-0.6570200019397111,-1.720154661588225,0.5026246926952509,-0.7177002274467946,0.756840973150207,1.1301760190932988,-0.4518774612244754,-0.4959978985270263,0.6969554919575071
E01000862,-1.0026457999642653,0.2908928277932237,1.4439083873692202,1.5060437592257363,1.4918198670122274,2.03587549092915,1.0885266585542084,-0.2395357404010252,-2.041262010230299,2.1745892156911113,2.2161047453735163,2.1661534949584493,1.5588357249812466,0.5279673119931328
E01003425,-1.9832225241645844,-0.5215531871617414,-0.4504609621585692,-0.9486118186152632,-1.1642713888564094,-0.6570200019397111,0.7360938469731328,0.1928805587071572,1.303016866673494,0.4273125925284216,-0.48362838076609715,-1.3772965598936229,-0.3921056479208969,-2.479227345797036
E01004175,-0.999327227445663,-0.2653862421635065,-0.5916305274443887,-0.0478762323083812,-1.1642713888564094,-0.6570200019397111,0.3851480936687703,-0.7957442447955263,0.6565779769147556,0.028325040572657653,-0.25305000124933147,-1.4132977776656233,-1.1725338098563265,-0.3849009538385821
E01000645,-1.9362708685310268,-1.9831752392127784,-1.3705764955392692,-0.9486118186152632,-0.7380311606197865,-0.6570200019397111,-0.0959152588480143,-0.8980662086326624,1.2721686897980613,1.3001450619848403,0.06301824355437025,-0.7757332617648065,-0.3473265604792438,-0.9412123516880468
E01000123,-0.9772034106549816,-1.18189499740215,-0.6730774826390794,-0.9486118186152632,-0.052372781162273,-0.6570200019397111,-1.6558393911203704,-0.8975779610329949,0.6420421867640284,0.6384892548752403,1.0879195999657558,-0.4610277035978457,0.3875192998795783,-0.1809719371836186
E01000434,1.2928231021622276,-2.7946444731831077,-2.850593275748854,-0.9486118186152632,-1.1642713888564094,-0.6570200019397111,-1.587434710391554,-1.6774260038041489,-0.8494106370903302,2.7041064714405607,1.0429763565006236,-0.5578565832899074,-0.6926098822072757,0.9938662866268276
E01003218,-0.3493786541727516,0.4290887200653132,-0.0445607990315171,-0.9486118186152632,-0.085465046390693,-0.6570200019397111,-1.3063806960927216,-0.8095751965227965,0.22954876404227492,0.0422709006082367,0.8583182474808411,-0.5165265339353081,-0.8500155698937265,-0.6456928263243483
E01001703,1.0041072930438333,1.457032213336556,0.3452084753936925,-0.9486118186152632,-1.1642713888564094,1.4516848188395717,-0.8119338190855163,-0.1063578738148443,1.4576473137978299,-0.327468839644613,-1.1786719990688794,-0.1637080159797612,-0.593702328913239,1.147545093558878
E01033582,-0.4923230926592107,0.0916431561120417,0.0573656812232294,-0.9486118186152632,0.3485579219425831,-0.6570200019397111,-0.0736093846973134,-0.2320690646526651,0.32346611929391916,-0.054417763191271104,0.04836283807660979,-0.7292323191015101,-0.0138179554635952,-0.4891342797280907
E01004419,0.2295278851834157,0.3047746796214893,-0.0585452356259274,-0.0494505341874315,0.1329044829612929,-0.6570200019397111,1.1160372366734064,-0.5878154928274749,-0.15080441156842556,0.0028950931758311553,-0.7332587874039512,-0.6397177280727567,-0.3486357650579408,-0.3276547401246617
E01003042,0.6316897104006938,0.527611087655632,0.6209805337392647,-0.9486118186152632,-1.1642713888564094,-0.6570200019397111,1.602305293158688,1.7898635720695475,-0.41503277475275935,-0.5890694734350806,-1.0527466268191306,0.3461606087331502,-0.7930412210160518,0.2086877531506012
E01004598,-1.4045618049949802,0.851434568954394,1.173499227176214,0.2453869379316013,-0.0917161540268185,1.0910529530577822,0.7442726674950564,-0.0420543287803442,-1.532451305091942,0.2879613820218717,0.8120408917506741,-0.6248997066064197,-0.6469034577757053,-1.4238282891932004
E01002189,-1.783985262955169,-0.992932379428722,0.0942200278843786,1.004114488779061,1.2617215213094182,1.057405879809298,0.6907385695333739,0.2028814356994001,-1.8863965065419321,0.09460769513187169,0.7303910248356532,1.5322566306966148,0.553682297770207,-0.1340293268932841
E01000786,-1.2039725327594677,-2.2365727077652,-2.143064954348694,-0.9486118186152632,-0.7919520738149538,-0.6570200019397111,0.4163763174797519,-1.290453618605892,0.7910340358089843,2.032936743755351,-0.27356756891819634,0.7525853585898327,-0.6818821230234405,-0.3210642262394581
E01002676,-0.3642507754598209,-2.0880407118691178,-2.143709747919292,-0.9486118186152632,-0.7950361888787861,-0.6570200019397111,-1.1762630968802992,-1.5526002441978752,0.2393200451991528,2.033548402556987,0.7728283821939047,-0.3860275754058748,0.2077217286652596,-0.2415498129116225
E01004170,-1.096057470858254,0.1238429864162325,0.4206816318899334,0.7975641440706254,0.7975166562946059,0.6931656590902587,0.3791998605619169,0.5264868135959309,-0.7597493991882637,0.33552058566452864,0.26284832127333535,0.7330039043704267,-0.2376954874562453,0.3086418196237542
E01003537,0.5843693244872915,0.44585866586105,0.0954929596767018,0.4445025733197988,1.0128964086886525,-0.6570200019397111,-0.6684326953826732,-0.8467130251347031,-0.3839423347081479,0.04244686631021773,0.4391736508168903,0.2183868359256027,-0.8523342986073158,0.183438596500116
E01004341,1.019102324424184,0.6469149070109562,0.5988716430895534,1.806733928141059,1.6370016511476857,1.0565444484599482,-0.0579952727918226,0.2418354352826359,1.0767269032830007,1.0820017161714792,-0.06127458350512045,1.0346448995366937,0.8671574475481024,1.2338785549127116
E01002569,-1.2553489517511611,0.3456785778632833,0.4368632481040611,0.0688766854087251,-0.2502732666757656,0.8326332545252845,0.0460988065781151,1.0059607229806515,-1.0452452832614736,0.030089692506297238,0.03838339935086756,-0.0151128812797292,0.0820369891213402,-0.3063279477938873
E01001115,1.4923061835582063,0.0363979699642191,-0.6711326957695548,-0.9486118186152632,0.5580169709705718,-0.6570200019397111,-1.2015430875844268,0.7884177909161305,-0.9804750116160555,0.6366444070661216,0.7894378417353666,-0.0373889674282921,-0.3189066965386414,0.8449445988352677
E01004112,-2.091014675972516,-1.2523219954528038,-1.0624665545343197,0.4057528478868447,0.5856210998880679,0.666853496181594,-1.0743996049254314,-1.4298420334875093,-1.3944004472392952,-0.4310988302868238,-0.7164671328406472,-0.9664628959310984,-0.7676085289809068,-1.8467572385610131
E01003671,-2.025749416440006,-0.0828064630273841,-0.2965504866112123,-0.9486118186152632,-0.2531605598045066,-0.6570200019397111,0.1026070210932244,0.0804213984262277,1.3309578855187814,0.2813112964155034,-0.06741486519769826,-1.451440031004228,-0.299919194235834,-2.634148070520752
E01002881,1.3783685270861965,1.443437500313384,0.9439153540404132,-0.9486118186152632,-1.1642713888564094,-0.6570200019397111,-1.5866911812531972,2.138797486145382,-0.9056156923398095,-0.8954092606151464,1.0424878429846982,-0.1788286592699538,-0.8647324204729975,0.4740252868870898
E01004203,0.7924561124129798,1.0246529094287542,1.5421443266091823,1.772819175216922,1.280358509338665,2.751666651213527,-0.0171011701822041,1.8737594775336603,2.1805750570771143,2.733943033164746,-0.04705671968709818,1.778719832086278,1.994603267379546,1.4432762000897974
E01001636,0.6083367926771965,0.7475166098702467,0.6256259310290698,0.3296180768638858,-0.0160522988493158,1.2143714867905966,0.1338352449042059,0.3116963726817859,0.73874685539283,0.20621761622198004,0.16252570533930413,-0.1664062923026381,-0.4356691410488144,0.8284966090529484
E01002549,0.2326006375154548,-1.2819625991126744,-1.309803474852935,-0.9486118186152632,-0.4071160390239237,-0.6570200019397111,1.681862910962855,-0.7546355672399937,-0.15282327131158213,1.242495056308834,-1.105017573023143,-0.4599911523172539,-0.4616547626611331,0.1092370734743675
E01003924,0.9671113549660824,1.6250595138277693,0.9884304842001485,1.3179302534382198,1.4729988361925197,-0.6570200019397111,-0.0208188158739876,0.8403908381571666,-0.6354115043157321,1.302682438547964,0.013678378445909821,0.3965777490771584,0.1061732161233598,0.224574191525097
E01004567,0.9932912048350556,1.251026977271641,0.7013811893463628,-0.9486118186152632,-0.0017601186260324,-0.6570200019397111,-1.0877831294158518,-0.5699994178940431,-0.6526121893274263,-0.6653384855683896,0.7146952737987879,-0.1822783826165053,-0.4719168864940219,0.198145637025518
E01001777,1.1275090266985237,1.00607619545647,1.6891022719003657,2.0733291014460926,1.4768712485706936,2.5575356022638496,-0.0141270536287774,1.9358309552180355,2.8836444776553356,3.5020648956497387,-0.03613044261068891,1.9718401268525043,1.4418138617664171,0.7031027843178983
E01000890,1.3915199070673236,1.0537096824855736,0.265404400046011,-0.9486118186152632,-1.1642713888564094,1.575796973202701,-0.9948419871212644,-0.7664758376314663,2.1927528577079927,-0.25176575059613937,-1.5676689921206488,0.1558569282571794,1.6995105563396102,0.7984728530791005
E01003721,0.0687614831711297,0.3363902738623917,-0.1690053647587991,-0.9486118186152632,0.1110836816901015,-0.6570200019397111,-0.1026070210932246,-0.685275964659099,-0.04517766980647305,0.16032048641958033,0.0674148651976984,0.2577243904415343,-0.4361223409780874,0.0123337282319561
E01000934,1.1791312658767807,1.028763660863737,0.6136318960050609,-0.9486118186152632,0.6689327977221916,-0.6570200019397111,0.1658069978535441,-0.312626702737074,-0.7747128265935365,-0.5820984688296928,-0.10893851405135323,0.0220823042678839,1.3461033958496085,-0.0424486893826267
E01000349,-1.5251366065041947,-0.5823981990815219,-0.9940934012386564,-0.9486118186152632,-1.1642713888564094,0.5154138838927516,1.005251395058258,-0.6991923210591433,-0.7860765818253381,0.9430087492224344,0.5181205258155835,-1.444364982643474,-1.391799691589614,-1.8696500590206664
E01002984,-0.1844333089888924,-0.5766145002806763,-0.3322451516191245,-0.0638755858947957,0.363916656177243,-0.6570200019397111,1.588921768668267,1.0114456956051583,0.12117637302962943,0.021222353720376806,-1.0439533835324741,-0.2688652210551651,-0.578755986439441,-0.3406000992076296
E01003237,0.9296237765152052,-0.3122874139081913,0.013436804503135,0.2837739915881171,-0.0572335089459697,0.6573758945317728,-0.8684420336006254,-0.8740454865769361,0.6111122616646879,0.003813015648043806,-0.5708928586872031,0.7236075011902242,-0.3360531815570662,1.5126700850718862
E01001403,-0.3370876448445952,-0.7603788112970755,-1.0434512316638784,-0.9486118186152632,-1.1642713888564094,0.4403603447210594,0.5747480239497286,0.0566003602341413,-0.14844003148497598,0.9898301705050081,0.2530962379542502,-0.4599911523172539,0.0640393816245952,0.1115926211622742
E01001064,-0.7246231689613671,-3.87638848204294,-3.231471087391457,-0.6873897868072183,-0.8430336261446354,-0.6570200019397111,-0.2304940328905771,-1.6521832286438534,0.476091915876557,2.2212802218357037,0.15143918993685881,-0.1659298491305814,-0.0474901665407129,-0.0959265268876332
E01002961,-1.5397629076047008,-0.6106144208327234,-0.2881218509344326,-0.9486118186152632,-1.1642713888564094,0.4911190455722495,-0.5583903829058816,-0.3670836118940483,-0.7562068895903724,0.27331579299770786,-0.27423615190945955,-1.0332317035241745,-0.1166362651545249,-1.002407373256093
E01001714,1.4886188807597591,0.697499192820107,0.9430622516296356,0.2113461783359452,-0.1222945735617668,-0.6570200019397111,0.5026256975291288,0.0731801940863873,-0.9780523799242675,0.199312602814815,-0.33023513676553684,1.5109315153309508,1.2937475912896144,0.8426394659580386
E01002615,1.2030987340666857,-2.0995035640419486,-1.1923303847961806,-0.5355586920868057,-0.4289962594633395,-0.0522898918768086,0.8260608727142934,-1.018572624487618,-0.0629099027214723,0.6385629014168003,-0.043194633717892554,0.6733846324165671,1.1000598797267465,1.3970709274901123
E01003908,-1.6125256828273868,-0.3334227673486699,-0.2719290473352238,-0.9486118186152632,0.3352418572046424,0.5997435535343462,-0.7130444436840753,-0.4519030977338865,-0.967101883184295,0.25795510812698264,-0.42764380848300826,-0.9227648206881746,-0.4103865062882104,-0.4119435249383738
E01003409,0.5214393567271307,-0.0183085234404096,-0.5133620676496936,0.0196076652402947,-1.1642713888564094,-0.6570200019397111,0.2245457997837231,-0.0309879738916929,-0.34259608716830114,-0.010065831569540714,-0.14753108180945573,-0.7192893668331939,-0.2996465769660994,0.2529036351687044
E01004560,-0.1571472682803852,-1.4386376031693275,-0.9364172065101284,0.6213033363146836,0.2459651867059978,-0.6570200019397111,0.1286305409357091,-1.2496431106107582,0.10324889851039898,-0.5817991345872188,-0.08451283825508568,1.0832321386262789,0.8162933255788474,0.5748506980170625
E01002176,-0.715896552338376,-0.821599137119582,-0.8247590167766726,0.4460981010238263,0.8553707318016059,-0.6570200019397111,1.2758960014200966,-1.5673252053955036,0.4703583542059923,-0.36792343118635173,-0.8382891933279015,-0.0761220339914685,-0.1941612931609202,-0.1997096241588797
E01032772,0.4746106111868547,1.7458951492035402,1.5829446982610822,0.5266906462122746,1.051499379506567,-0.6570200019397111,-1.0810913671706417,1.1482044568255512,-0.31182866468259474,0.8337221660454234,0.71029865215546,-0.0481538487078884,0.1601646359455568,0.2460479181624786
E01001718,0.1370994950356794,1.0386243116473366,1.3927701676141024,1.6368459914868778,1.739993840031011,1.3518407758822204,1.2513595398543254,0.4023959328510664,0.18533668774209344,2.2797502659216504,1.6916388512642895,2.05296128338274,1.4079841999941185,1.0074879498534148
E01002605,0.9819834762531516,-0.1473791038031578,-0.4845435375215092,0.3836928946036756,0.4399043175042009,-0.6570200019397111,0.1643199395768305,0.9103178545382422,-0.64518278547261,-0.18591591247313258,-0.10796148701950238,-0.2537215920993536,0.0219237853351233,0.3966944085278905
E01002377,-0.7183547542040073,-0.9254309787512864,-0.2688405011372382,0.8739151182114061,0.7072467588867908,0.3437819238010842,1.701194668560129,-0.3352771011592426,-0.2469573793719086,-0.23494377833136315,0.5848399759177489,-0.296783158395857,0.0338792513478121,-0.0182939615381246
E01003106,0.7178496857910702,1.077095214280425,0.961328748926047,-0.9486118186152632,0.3155440723368071,2.49626645841851,-1.5710770693477067,0.6340731218990974,1.7919440928265151,-0.9119278128058732,-3.921826991803132,0.5852396738783388,0.3519012438839966,0.0708884801918828
E01003207,1.2339491674803582,1.1884832772589309,0.9545513588072974,1.3908280013283651,1.2904887109299874,2.3080580306015483,1.5108512091408135,1.3865464808339092,2.8480262853571356,1.3276167585352285,3.487132266301514,0.5556387280708626,1.3690241330545991,0.9421173696871156
E01002251,0.5234059182196357,-0.674152643707992,-1.2176641180634784,-0.9486118186152632,-1.1642713888564094,-0.6570200019397111,0.6922256278100875,-0.9159821037708142,-0.3438881574039213,1.1550905734987469,-0.4548060833265014,-0.9806970065908344,-0.8273295506760722,0.0642452858124017
E01003270,-0.9078821180441792,-0.4209620151405088,-0.5023560540728388,-0.9486118186152632,-0.0815785732989873,-0.6570200019397111,-0.3323575248454449,-0.9329036155098976,0.5964967109584156,0.47654089004642314,0.21836554161863178,-0.6580692821454254,-0.7457493826728422,-0.5572587009169703
E01004653,-1.0048581816433335,1.339410146698593,1.4963793146599815,1.3625204370194552,1.9224569565774363,2.542675007842013,-0.2609787275632017,1.2793944049497683,-2.5550277848900738,2.038847397757391,-0.6635840881533623,0.9593621984168972,1.1090872162661265,-0.503835905342503
E01004264,1.1292297680044656,1.4561099744352737,0.2086736207699851,-0.9486118186152632,-1.1642713888564094,-0.6570200019397111,0.3449975201975086,2.2492154232187143,-0.7419265443646735,-0.19795026289564735,-0.22667027138936263,-0.1389259141982083,-0.8026154213021307,0.6683811780113488
E01003520,0.6813453880864457,0.8445415919520189,0.743416849800445,0.2827069436136836,0.9589982284324928,-0.6570200019397111,-1.298201875570798,0.6709975129901425,-0.4476575482021698,0.2101691054379967,0.8529445988056623,2.45405348467222,0.0636359376067552,1.685839177141354
E01002887,-0.7623565675988073,0.771660473913107,1.2774542513827571,1.815690560195713,0.9056259142264492,1.5951227394887744,-0.9985596328130478,1.5436027992501868,-1.2160522965754685,2.3194616253175533,-1.5928251770356534,1.1274369973991214,2.194062942154086,0.071521897715852
E01003679,-1.2843557337656104,-0.0069785826502705,-0.6088500309282808,-0.9486118186152632,-1.1642713888564094,-0.6570200019397111,-0.210418746154946,-0.561307716161329,0.8438474066899604,0.5775623351028357,0.1382493250068742,-1.1129002293619827,-0.5640014615190774,-0.3827429223578705
E01001768,0.507796336372877,1.0984545093819769,1.0503992644548177,-0.9486118186152632,-1.1642713888564094,1.3312837804035966,-0.1040940793699381,0.1584562290079574,0.6760210263615801,-0.9964211565266194,-0.13857875950124324,0.2650653360428432,1.2681609569147294,-0.1324257786225818
E01004486,-0.1350234514897036,-0.5606697726623808,-0.2232972230409954,-0.0566696432427248,-1.1642713888564094,-0.6570200019397111,-0.4922162895921354,-1.0276405301260043,0.08871310835967154,0.012654173966824356,0.3233959475425822,-0.2361485596614154,-0.0892779347192825,-1.051856710559221
E01003302,0.9957494067006868,0.8554897504816811,0.4235479847887854,0.9047012860546784,0.5005382780655566,-0.6570200019397111,0.5792091987798689,0.2575401229666029,-0.6542272771219514,0.38318440654428154,-0.38055202890584794,-0.0990112852879421,0.6328501892073289,0.6527588683752382
E01002408,0.9566639970371494,-0.000262046134689,-0.7043426316066046,-0.9486118186152632,-1.1642713888564094,-0.6570200019397111,1.0312749149007423,0.0848828218630212,-0.6285473811889997,0.6681477446966015,-0.6775682465884612,-0.3454726739491023,0.3243870912854016,0.9725436107459376
E01000607,-0.0092864260626635,0.6546170095541332,-0.4224834975534717,-0.9486118186152632,-1.1642713888564094,-0.6570200019397111,-1.672197032164218,-0.5975453639871793,0.006101367669704157,0.4007728389491359,1.0986668973161136,-1.211753793111332,-2.249307847744428,-0.8266054444427469
E01001530,0.1716372312477989,0.0587489888221104,-0.428962748043806,-0.9486118186152632,-1.1642713888564094,-0.6570200019397111,0.5621080285976647,0.8062839211026833,-0.11276909400735548,0.40691913254003576,-0.3693162180395649,-0.8591401052132289,-0.2751811165346733,-0.0582418366494639
E01004298,1.4031963659290725,1.0647573793993466,0.9917270744570624,-0.9486118186152632,1.3977470963281164,1.9760434353472487,-0.5487245041072445,-0.7747137840526369,2.7727769673972595,-0.9407640236707085,-1.084303454155295,1.1238307309075346,-0.4628749152416541,1.400327008652489
E01003506,1.514552910442169,0.6977837666557353,-0.1823386664961569,1.1502708797491166,0.5771139952284967,-0.6570200019397111,-1.2580513020995363,-0.0689445650419857,-0.995091556156509,-0.20973885832281516,0.8265648689456935,0.503722487318128,-0.2001954808205666,0.0247662729896897
E01003849,-1.372728090835055,-0.0638444433930155,0.2447853227432379,0.9226644586907236,0.8643305573250853,0.8494542164788356,-0.2959245970659666,-0.6947220862750207,-1.1660696648387794,0.22585471730432366,-0.25137439673748574,-0.7552022864087639,0.3030235707235667,-1.0101427247842625
E01000582,-0.5282128398974275,0.2384657696562755,0.3293989659940915,-0.9486118186152632,-0.2258448079750221,-0.6570200019397111,-0.8959526117198234,-1.0371195038618377,0.34704640109398815,-0.3124717521816424,0.5886587866900477,-0.2441645134142594,-0.002197214014477,-0.9338725422224736
E01002994,-1.4599942570649656,-0.7115691454877895,-0.4270443992932465,-0.9486118186152632,-1.1642713888564094,0.5401045605077045,0.8803384998143325,-0.4709421188969063,-0.7885495565558458,0.40509936424302917,0.475474838540232,-1.4712809435163008,-0.803157679979888,-1.407220442463053
E01000533,1.3074494032627335,0.5197049430916353,0.4495737455718084,1.40847124427421,1.2314983250511722,-0.6570200019397111,0.8513408634184211,-0.0805253706211308,-0.8590204094677553,0.6332116928185421,-0.5593479757345263,0.4596915976801819,0.8166799003742241,1.468664708810274
E01001131,-0.744657514166262,0.2613919503705832,-0.3191409494779411,-0.9486118186152632,0.3701316559652908,1.0016909095866506,-0.3896092684989108,-0.2678548943622806,-0.7459166626957372,0.30274087647887155,-0.39026806254606355,-0.8682572346395068,-2.3151527951968216,-0.7912637939449328
E01001750,1.2056798460255986,0.7952777910762499,1.0181141004014456,0.968466979176066,0.5578182606324373,-0.6570200019397111,-0.6550491708922526,-0.6072516152061349,-0.7921557747744093,0.9860098872723458,0.43038040753023393,0.9778930778184172,1.7978994917309594,0.4532041870313778
E01001061,0.4575261082207172,-1.101738392597105,-1.0562294950724778,-0.2807599502452776,-0.5643478013456752,-0.6570200019397111,-0.2572610818714182,-0.9339269628549578,-0.3006038045106441,0.29654694048414354,0.16902567651017136,-0.8265616592866823,-0.9921182522539778,0.3904641479325181
E01002032,1.2632017696813709,1.0890522070606552,0.6292321326256105,-0.9486118186152632,0.058491747298548,-0.6570200019397111,0.1375528905959892,0.1714800773636353,-0.8299488291663007,-0.5968970376611409,-0.09037500044618971,0.5157422242114122,-0.2952521751522717,0.6857460521312562
E01001200,-0.3246737254231572,0.5239147973606854,0.4431788563091925,1.4051080629592976,1.2704096822831903,1.6639400071824704,0.3650728069331395,0.0714156887505439,-0.5402376010125676,0.6227141843331264,0.6074592489904528,0.0424170027364834,-0.510061866491959,-0.3751784458443934
E01002983,-1.5338632231271858,-1.531908598720396,-1.2361253675263155,-0.9486118186152632,-1.1642713888564094,-0.6570200019397111,0.618616243112774,-1.0427505028946449,1.0077788178342753,1.1726031329255988,-0.40644324524989156,-0.9674625814682714,-0.3671739056126953,-0.9385333490579107
E01000126,1.096412773098288,0.7960868076620611,-0.016188200397219,-0.9486118186152632,-1.1642713888564094,-0.6570200019397111,-1.1338819359939671,-0.3445698505166445,-0.7203651223077612,0.015356318218914243,0.7449831117861597,-0.5247882399363818,-1.0899592532481917,-0.1625986493866397
E01000772,-1.9821163333250504,-0.7075813021376053,-0.8730910268510499,-0.9486118186152632,-1.1642713888564094,-0.6570200019397111,1.4431900575503542,0.6454280718679198,1.3022900771659578,0.828224466797842,-0.9482047344111055,-1.3437486315935785,-0.4950358256213694,-1.7370047768039552
E01004733,-0.0815575609122232,-0.7485198907254325,2.459416053244435,1.4068636677319648,0.9700862027913872,1.5739398331698864,0.1821646388973912,0.5040737957683236,-0.12836669381592744,3.460063089146339,0.2867161813556125,3.107331707304479,0.6049334924702235,3.2974290453305755
E01003853,-0.915871274107481,-0.6912004010048959,-0.5439830000304512,-0.1025230825811198,-0.1093861774239211,-0.6570200019397111,-0.4000186764359045,-0.9340103347837792,0.6017457462906228,0.055770814034847245,0.26282027156783866,-0.7201135817949526,0.6267975763580022,-1.168258210021092
E01000869,0.3273643194355408,1.025162414677855,0.9806578248470572,1.110780718384578,0.5419546042396527,1.259340814445313,0.0022305874150701,1.2728133763544751,0.41226324865828956,1.0892958031730717,0.002809069771985845,0.2708468009873109,0.4335942115639797,0.0903107536323633
E01000129,0.955434896104334,0.1951658439105838,0.2791352950369536,0.7216946851457117,1.1084284050989557,-0.6570200019397111,1.5562064865805725,1.5566424409672694,-0.6277398372917372,0.20145045886474958,-1.0224587888317587,1.5413720605630807,1.5241973379877287,1.6456159279539355
E01004708,0.3914004780352357,1.1686181146063583,1.345976736029368,0.9143925628664854,1.0625479174667196,-0.6570200019397111,1.2535901272693954,-0.6221815379029734,-0.25715794283791443,1.2307511172165606,-0.8236337878501409,0.0559296627419724,1.5589051677977293,0.2740737294230725
E01004668,-0.0527965990843372,1.583573488181019,1.1506189067998924,-0.9486118186152632,0.3582086057570613,-0.6570200019397111,-1.2156701412132045,1.3826207496483685,0.03468842163280138,-1.091490693712552,0.7987195985379485,-0.2187473386964111,-0.3109678559710342,0.1599561582572121
E01000665,-0.944632235935367,-1.745340154542846,-1.3360918734584295,-0.4974144847318933,-0.379024774208321,0.0035551053657169,-0.7041220940237949,-0.9538219661682142,-0.003358267130602976,0.6645914507907947,-0.002503228234583813,-0.3164609467566702,-0.7673026670244195,-0.4071552443433535
E01004376,0.3298225213011721,1.0452125720807115,0.597220019437991,0.7519437487373806,1.0582343199595503,1.2921960561467472,-1.0699384300952912,0.5631657341393536,0.4261953612537511,0.44907586023721424,-1.3825702196889775,0.3728491527606715,0.4238326957370026,0.4087603618307189
E01001037,0.1613127834121475,0.2685736728393169,0.5163539434013932,1.0565924135103382,1.2572571226126814,1.0218693103639689,-1.2000560293077134,1.0884883548081845,0.16484058273826344,0.5455756592840586,-1.2263004270667959,1.19787330609844,0.6452749345663575,0.6420455364921581
E01000915,0.4075017002551206,1.286771801063656,3.953268314491768,1.353928397885118,1.5437937933226809,2.1461944222299985,-0.1568846481932637,1.28028938506249,0.8745778761367806,5.352442235449841,-0.33670495688589813,0.985479418236044,0.4660470326276455,1.650412983808521
E01000006,0.1034221294765308,0.6349261377106059,-0.1416919808291878,-0.9486118186152632,-1.1642713888564094,-0.6570200019397111,0.6096938934524938,-0.7060209321178036,-0.06795040770927932,0.13441068761757485,-0.4005810830587875,-0.5316692813017545,-1.744323996866275,-0.3300677752255478
E01003199,-0.6380944632911459,-0.3442886642116584,1.0205197611484054,0.6716939110228951,0.3801643653550098,0.5413489186810707,1.0030208076431877,-0.1729847649037921,-0.34543174771904,0.6854769096419232,0.5429842296322539,0.6603739256555987,0.4710253244106377,1.87423725690688
E01003276,0.1914257562661308,-0.9017538955357566,-0.6584236784241699,-0.9486118186152632,-1.1642713888564094,-0.6570200019397111,0.3331010539838013,-0.7478486193689302,-0.12577055075328392,0.6245884830093031,-0.21885405513455694,-0.4384387739145896,-0.5948059782853437,-0.4493061668205328
E01002799,1.0269685703942042,1.3996611285421634,1.0897096834153142,1.402158220331491,1.5416553970727491,2.364315904960059,-1.231284253118695,1.7380562576399208,2.4280781248771106,1.5279453903756095,-2.9111449431753975,0.5538138393882727,0.4390333971589934,0.4923084962578298
E01002617,-0.6932810951745683,-1.0905848487124066,-1.398346978239145,-0.9486118186152632,-0.5642685063736842,-0.6570200019397111,0.8565455673869179,-0.6461176957484374,0.4554995464963599,1.3264884700825934,-0.5627675703460038,-0.8116425317792862,-0.227493755177095,-0.731030973701729
E01004053,-1.3349946921976148,0.6300875417305828,1.06250088156209,0.5923573260022333,-0.1035812769688102,1.0717149275192548,-0.4394257207688096,-0.0929720504165658,-1.4307337397871567,0.6293801810771352,-0.4709391044838411,0.1722498191276851,-0.1456279060486278,-0.5317858139930529
E01001809,0.6799933770603485,1.00108928633112,1.2967415702349712,0.3678983176907892,0.3492524589783151,-0.6570200019397111,-0.9457690639897224,-0.8387642693291296,-0.44676924991518085,0.47706904216915824,0.6213891922570461,0.1876961007477187,-0.9655839803432243,-0.292378987809882
E01001198,-0.4630704904581985,0.7955578508081592,0.4936348368153534,-0.9486118186152632,0.0354310423816314,-0.6570200019397111,-0.6565362291689659,-1.3123058300227035,0.30424657453906856,-0.46826784028326107,0.4313574345620846,-0.5929953985958388,-1.7118687119195857,-1.0414183254143257
E01003419,-0.937872180804881,-1.3237789541453886,-1.0583749090809609,-0.9486118186152632,-1.1642713888564094,-0.6570200019397111,-1.2565642438228226,0.8188727934277575,0.616200782051624,1.0039869472800542,0.8255878419138425,-0.9055739493239542,-1.1761426847180187,-0.6353061263376921
E01000601,1.7373889095616453,-1.90016830366802,0.1022410266647078,0.0080609294487351,0.0015191605831268,-0.6570200019397111,-0.1866258137275317,-0.880245625552862,-1.1414992647302247,0.0008241577027104538,0.12261689249726304,2.9484842456843268,1.6243949236665374,2.560620302967827
E01003951,-0.3159471088001662,-2.3685813988145203,-1.3304299626996272,-0.5672904991631406,0.2376855531420883,-0.0987468194566673,0.5033692266674857,-1.5265048471073883,0.03119877211054603,0.75474027764147,-0.04970611014577645,0.2370023541156275,1.405117246233522,-0.6705275361520784
E01003914,0.2654176324216324,0.6170454451237046,0.8967250422134915,1.094389116521924,0.4170592134866874,-0.6570200019397111,-1.0238396235171756,0.2877024585501719,-0.17438469336849446,0.9813661267111079,0.6726831114292078,0.7423087610622305,0.6152534297154162,0.1469727799122178
E01004380,0.375545076001914,-1.1206976738756536,-0.8928779991941468,-0.9486118186152632,-1.1642713888564094,-0.6570200019397111,-0.9792278752157736,-1.1610088750136789,-0.24674062656322648,0.8469946226171171,0.6433723004736868,-1.0525931078332325,-0.7683122281838931,-0.855450168950774
E01000892,-0.3450768009078969,0.8265819417384728,0.7251817507985104,-0.9486118186152632,0.6539957261462789,-0.6570200019397111,-0.8676985044622686,-0.0035882390677864,0.22672236040185573,-0.6879159794515756,0.5700952730848842,0.177987802564236,1.042082075065133,-0.6053351853187914
E01002085,0.7890146298010959,1.0041070904002272,0.722292635047419,1.4297385725159903,1.413757083066486,1.1649861972770552,0.5338539213401103,0.0194034944975095,0.9191911531679422,1.03268964097151,0.6219324497234593,1.225798338573653,-0.1007281475958565,0.6388014847501973
E01002918,-0.813487166403938,-0.8998415794736725,-1.402207755318394,-0.9486118186152632,-1.1642713888564094,-0.6570200019397111,-0.8788514415376193,-0.1903115332027014,0.5344773396486454,1.3301508488490077,0.5774229758237646,-1.6321729302205512,-1.8933261490876383,-0.6309870556611038
E01001216,0.3308058020474246,0.571752667336135,-0.702148484988646,-0.9486118186152632,-1.1642713888564094,-0.6570200019397111,-1.171058392911802,1.126146957792757,-0.2173460287028666,0.6660663512830314,0.769408787582427,-1.0318272992442157,-1.184838913406551,-0.3638054609683699
E01001017,-1.4377475301810023,-2.5487802542291504,-2.5502124131208124,-0.9486118186152632,-1.1642713888564094,-0.6570200019397111,0.8052420568403056,-1.7375059931338888,0.944628885068337,2.4191616350657528,-0.5290601377471545,-1.671055771535592,-0.948639468380784,-1.696532908692195
E01002844,-0.2013949018617483,0.1999224436077513,0.7278157770427832,1.5827720564786056,1.437865395069287,1.2001006504495162,-0.3197175294933811,1.3273252991028677,-0.2416941527215006,1.1519664741675804,-0.38369321510511906,0.7807205302905376,0.6654097987319486,0.7372360471046396
E01004046,-0.1698070078883863,0.3601109546984926,0.4739677562982896,0.2236524252900163,0.5512119448577893,-0.6570200019397111,0.3078210632796736,-0.6256449154758801,0.1115666006522041,0.10600403820537986,-0.2022445955930951,-0.1647667434602997,-0.2505687865498511,-0.8466468115110576
E01002482,-2.069382499554961,-1.5217125441372832,-1.3589679565121855,-0.9486118186152632,-1.1642713888564094,-0.6570200019397111,1.3956041926955252,-1.177981364390898,1.3596256938716047,1.2891330646668921,-0.9169398693918829,-1.5388766294622709,0.1944354132530854,-1.236840727074247
E01004349,0.8894321760121339,-1.6445833350286705,-1.8009213768743737,-0.4121139534912196,-0.6823415789980964,-0.6570200019397111,0.8699290918773384,-1.1649248570220023,-0.5843747300087336,0.7421848285505488,-0.57156081363266,-1.0083230934427645,-0.2347496103189991,-0.3255583992974819
E01004365,0.8566151811059562,1.3217303293078544,1.121438473255486,2.0984595841425997,2.138078478099895,1.2222331718162158,1.5242347336312343,0.1801982524830391,1.046983489829055,2.3532933122292192,1.8629702530785484,0.4081313198319161,-0.3087713139814273,0.8467282592405867
E01003096,0.5948166824162245,0.8004348356128563,1.5590619629367342,1.2038534907605611,0.914662787355292,-0.6570200019397111,1.2335148405337648,0.3183933272132285,-0.3908064578348804,1.8768821863934,-0.8104439229201565,0.7668389963734282,0.2965992606224135,2.428145626170159
E01000547,0.3762825365616034,1.3485834722178185,0.943065226953376,0.570073697909563,0.1999461966956991,-0.6570200019397111,-0.7896279449348154,-0.2929898867344879,-0.24722515290158406,0.5376166812992323,0.5188013539127225,0.0058035228675146,0.3945442887911679,0.0971741426798544
E01002580,0.533484545868724,0.6174722007642969,0.4432550739327943,1.2320881639075831,0.8867738695384254,-0.6570200019397111,-1.3881689013119585,-0.3751992330899394,-0.3505100173614749,0.5461293301845765,0.9120547342326296,0.161950334391871,0.6045115805720465,0.1027511799824158
E01001941,0.9098352514968736,0.4234079191730673,1.505808691083253,2.2133499396979754,1.8991107115541168,2.174119051346954,-1.4312935913366471,0.4806165948048621,1.9780901538664002,3.3328815756058057,-3.111802664995806,2.0502507481112797,2.717853778444609,2.803277585613321
E01000560,0.0193516256719409,-0.1054504473999979,-0.2273230997704651,-0.9486118186152632,-1.1642713888564094,-0.6570200019397111,-1.3807336099283916,-0.9361228065353624,-0.012714405136515172,0.21564137908651984,0.9071695990733761,-0.0183000544120321,1.177237523594081,-0.4708659580979782
E01002951,-1.8156960670218123,-0.2382911055335853,-0.4901147768577112,-0.9486118186152632,-1.1642713888564094,-0.6570200019397111,-1.0803478380322848,-0.5789481265472795,1.1929486334765969,0.46492866980520736,0.7098101386395345,-0.983883203762805,-0.4082575438851539,-0.9981587117406922
E01004582,-1.2789476896612215,1.00136085181479,1.242045511921337,0.8731776499984822,0.6152325792173896,2.010169458954796,0.1167340747220018,-0.2948343334950054,-2.5709015853577837,1.084526381290635,0.23465527182551507,0.29289956742624,-0.3481152006482701,-0.843907628788793
E01003332,0.7418171539809753,-0.019642063187873,-0.0039524852884637,-0.9486118186152632,-1.1642713888564094,-0.6570200019397111,0.2914634222358261,0.2243197333483022,-0.48738870794749134,0.003749374257539624,-0.1914972982427373,-0.7677172190791922,-0.5674283614132671,-0.2518760828444461
E01000818,-0.6416588559963112,-2.467023222669304,-2.600813889813859,-0.9486118186152632,-0.868521208591068,-0.6570200019397111,-1.652121745428587,-1.6114307208706322,0.4215827028113292,2.4671627938961618,1.0854770323861291,-1.5486575804511744,-0.4910271560531251,-1.6059588127191495
E01004281,-1.4098469390060877,0.9418924201426648,0.8060158978282713,-0.9486118186152632,-1.1642713888564094,-0.6570200019397111,-1.56587236537921,-0.7976743146988909,0.9262976386004755,-0.7645962066716907,1.0288094645387886,-0.8428740519936605,-1.3087490276007996,-0.9234661769086432
E01001465,0.5191040649547809,-0.2305756416042523,-0.1473939662051307,0.5675801205443083,0.6134371310949537,-0.6570200019397111,-1.3071242252310782,0.8329416502400053,-0.34106175376350206,-0.08365788510621179,0.8588067609967663,0.0025061836085381,0.3086928726839017,0.9459974792103424
E01002667,0.2140412134299386,-0.1841085837812466,-0.0650945644077435,0.2000402784263706,-0.1324505323230167,1.548666708379821,1.3063806960927211,0.3844967041328573,0.3314785014601657,-0.013021534788168324,2.0231482925088535,-0.152605727252883,0.0208175997858126,0.1986242245253778
E01000167,0.7956517748383004,-1.6865607558876636,-1.223088474223693,-0.9486118186152632,-1.1642713888564094,-0.6570200019397111,-0.5792091987798693,-1.0980972685481178,-0.5227591306475947,1.1602361818607048,0.38055202890584827,-0.669727228639674,-0.7422840017720755,0.3176511379740451
E01003157,-0.5901595269113359,0.2370000998831883,1.0375582074741556,0.5278681100517806,1.2302933325442622,-0.6570200019397111,-0.8795949706759759,0.7042027319340104,0.3877466135160249,0.5476938900480958,0.5779114893396898,0.0201293671758831,-0.2215935963764728,-0.7392756736837357
E01001776,1.532129053781433,0.997876672561284,0.9808672016019108,0.7881485905884257,0.5966362696087714,-0.6570200019397111,-0.4528092452592303,0.7391411869285518,-1.0066394338873648,0.7730691024969591,0.2975047311985386,0.6681987516313563,1.305820316968474,0.3713691402751446
E01003047,1.3457973523665816,0.2732479780253766,1.89940278725221,2.581983542922567,2.3966717511173385,2.876308747487796,0.2312375620289335,0.2510023472292011,3.870928696957914,4.90422673806646,0.6651106224115733,3.4424441981216543,3.213983420559687,4.210741846528081
E01033581,1.1579907298323515,-2.3089406320867774,-1.2062084405944202,0.1116450920471886,-0.2118549030268214,0.3433501423236801,0.0349458695027648,-1.5321070062960944,0.3975962818974401,-0.13466725237825988,0.011998669267399046,0.5056540499891448,-1.7131161979957932,0.5724501319286188
E01004062,0.8611628545573741,0.6843522205870913,1.2020396388335333,2.0370569248996966,1.5968582421092357,2.878333826230897,-0.0037176456917836,0.57380095712765,2.478714174166048,2.448623170289779,-0.0107006253486023,1.629295131441009,2.235752377997057,1.5267536905189298
E01002876,0.1355016638230191,0.7911077961283429,0.7077939804712009,0.667984415845248,1.1416385411365384,-0.6570200019397111,-1.2840748219420206,-0.2440923130266167,-0.08902730342783409,0.47279534858383804,0.8436628420030806,0.5280484749349442,-0.23736887032027,-0.5307333860081885
E01001995,0.6450869105683843,-0.2766523299647944,-0.5232591589737596,-0.9486118186152632,-1.1642713888564094,-0.6570200019397111,-0.2386728534125007,-1.0452348095015604,-0.4238350032329221,0.49636982240119126,0.1568128386120376,-0.707790789547232,0.2272382193043748,-0.3396093078092325
E01000593,0.0789630209134995,0.5193314810425136,-0.1080102230446082,-0.9486118186152632,-1.1642713888564094,-0.6570200019397111,0.7517079588786234,-0.2419146047887313,-0.051880284153752884,0.10245977411138599,-0.49388716460052945,-1.2857459882425872,-0.4486637458306932,-0.844159446227451
E01001914,0.1182942507636001,1.4309235905943434,1.5577578218719184,1.7410119620155196,1.9052191812772568,1.6896258856405817,-1.0201219778253925,2.2819202396128837,0.1998730282126369,2.712075001802251,-1.7236245002446506,1.2988567091930805,1.3578635297702917,0.7139998781815577
E01002171,-0.9212793182118698,0.1718571232752054,-0.2455967131494144,-0.9486118186152632,-0.2109737592685874,-0.6570200019397111,1.708629959943696,0.2944112140339111,0.6052989394385784,0.2329759447065971,-1.1226040595964557,-0.9365133229127692,-0.9321094409663466,-0.8593488327156672
E01000137,0.8255189275057205,0.6994299546346779,0.3222854904693948,-0.9486118186152632,-0.0251716755614023,-0.6570200019397111,-0.4661927697496509,-0.4897616592299762,-0.5423824473510768,-0.3057238252274847,0.3062979744851949,-0.8241980517655425,0.2380777549637169,-0.1102570183294706
E01003558,1.2934376526286353,0.4848428406301294,0.7461333736746588,2.017313079140709,1.865989599306571,-0.6570200019397111,1.0907572459692785,-0.1294870807811332,-0.8498144090389613,1.505184613497271,-0.7166493278624892,1.052843022775134,0.7944719166931205,1.803533117819696
E01003487,1.4736238493794085,0.4124276519288258,0.3354167150871692,-0.9486118186152632,-0.0288276553946602,-0.6570200019397111,0.1769599349288944,1.598316802582344,-0.9682003443776636,-0.31818026009279715,-0.11626621679023334,-0.4452548304587099,-1.5128921815385492,1.7561619800465549
E01033732,0.6136219266883038,0.3801108123535929,0.6251971046267325,-0.9486118186152632,0.0703243032549991,-0.6570200019397111,-1.436498295305144,-0.7016170366737396,-0.40316187946299864,-0.5930693624129617,0.9438081127677773,-0.2065932081155116,0.4952234994824793,-0.0101536402168502
E01003123,0.0270949615486794,0.4316057304229287,0.5679540675929028,1.2038234588464647,-1.1642713888564094,1.0810987586594665,0.2067011004631624,1.4783072590329458,0.029292329296203276,0.683716430115607,0.22346430312427054,0.0308601174574205,0.990859162356992,-0.4035702147241118
E01001026,-0.7430596829536017,-0.2303351147233333,-0.6123722906128714,-0.9486118186152632,-0.0787431505408694,-0.6570200019397111,1.669222915610791,-0.455608231084534,0.4882050743354965,0.5809035922678704,-1.096712843252412,-1.1663251202032106,-1.1551208534763444,-1.2671214202854135
E01002414,-1.3215974920299245,-1.3704947884245602,-0.9757642783346544,-0.1169838470051139,-0.5691064514624115,0.5605242859584357,1.4208841833996533,-0.5429508200465397,-0.7407874905445329,0.11414865904975659,0.7964400923297257,0.2937697671914465,-0.1599634478481628,0.4490143084341308
E01000203,-0.3803519976797058,-0.3738530394473036,-0.4080899857159608,-0.9486118186152632,-1.1642713888564094,-0.6570200019397111,0.9323855394993016,0.7761920358383722,0.2498988702532933,0.38711898350869434,-0.6125959489703897,-0.0678774432468613,0.9866230585951324,0.779074923948146
E01001189,-0.1297383174785964,0.3398400745839212,-0.0671035251290905,-0.9486118186152632,-0.0050441650529409,-0.6570200019397111,-0.5442633292771044,-0.4221874776182951,0.08524066960144226,0.06365519700820156,0.3575918936573568,-0.6716355568070005,-1.600327953496879,-0.1141288371572741
E01000730,1.419051767962394,-0.6684031839948809,-0.4858771974713926,0.5898213867199925,0.5049986087850485,-0.6570200019397111,1.2587948312378925,-0.2793128987981596,-0.9323453953392026,-0.2865807623882004,-0.8270533824616184,0.1063724185410702,0.374356859974527,1.0035591968534612
E01004709,0.1341496527969219,1.167931703005903,1.1080673840796706,1.5634221791782037,1.323123629601273,1.4455114853194333,-0.1011199628165112,0.9231933281505053,0.19391486386956483,1.7323771242941304,-0.14617006764634097,0.994733208859698,0.3891761452976603,0.1922310119495727
E01000634,0.3016761099396939,0.9162954956804426,0.1578955602827938,1.4088750028258723,1.124620704673602,0.9744143180064436,0.6052327186223536,0.0018020870222835,0.29395752092572375,0.22245510793961382,0.5897474267515865,-0.1648766668607829,-0.7362217989449896,-0.043504889620181
E01004514,-1.2446557736356652,0.4396879689636543,1.1079249847699957,0.5320858479651038,0.7059198163498253,1.8302345009960572,0.4557833618126566,1.407696864220963,-2.2780119387719333,0.5895112050030679,0.834190433769493,0.2622883600669103,0.1049907473846312,-0.3305260207577868
E01000315,1.049952757837857,-1.1858164749939508,-1.090369585520079,-0.9486118186152632,-1.1642713888564094,-0.6570200019397111,0.6498444669237555,-0.9704377444676536,-0.6898399629912337,1.0343374754829728,-0.42696081291875637,-0.5331546430010401,0.6892875868750853,0.1872677514734125
E01003584,0.8679229096878601,-0.4255433111645643,-1.0587536210957544,-0.9486118186152632,-0.4412975718569443,-0.6570200019397111,-1.327199511966709,-0.4583730924210151,-0.5702427118066375,1.004346197973139,0.8719966259267508,-0.4047953352417962,-0.9322139087688442,-0.3407002532704874
E01032783,-0.1344089010232958,0.9332444920983446,0.7380266121014529,0.5329214205265946,1.0574762476683812,1.512017589660213,-1.4231147708147234,1.640726044872352,-0.20322862255412186,0.39331019050753635,-2.1517745655771243,-0.1555385385998881,-0.1666548086538651,0.191001839429292
E01001109,1.0178732234913683,-0.6561840164748559,-0.0122589505060279,-0.9486118186152632,-0.0069313923401705,0.295851261630025,-1.438728882720214,-0.7825995575795838,0.30113907734934175,0.011628985333837627,-0.42564975509633163,0.0814797602132642,1.1424622988111564,0.9134346848667788
E01002699,0.0911311201483744,0.9632214046093596,1.0948887068491648,0.8511597698751299,1.1506571334700852,2.306634298686438,-0.1806775806206781,1.0731462302611234,0.21020616741195514,0.9319252197606137,-0.4167571044633402,0.0295201114631695,0.3595217028347607,-0.2325940266420968
E01033741,0.0752757181150526,-0.7199953935613463,0.3478113172798405,-0.3676459405772739,-0.2187926319928087,0.1935426419542315,-1.720154661588225,-0.4656389363382855,0.014569061358989282,-0.1278714188847676,-0.3329232777736721,-0.3381909238208146,-0.7320024455656866,1.202025676758915
E01001119,-1.308200291862234,-1.8364380240613605,-2.086143358127188,-0.9486118186152632,-1.1642713888564094,-0.6570200019397111,1.2394630736406185,-1.4092007596485852,0.8595137582968556,1.9789402448451843,-0.8143520310475595,-1.8114253193753989,-2.0787334039385423,-2.343936744756103
E01002653,-0.479294622771365,0.12257775029678,-0.5370376844183163,-0.9486118186152632,-1.1642713888564094,-0.6570200019397111,-1.184441917402223,1.5382103677649104,0.3149061539829353,0.5094402944809888,0.7782020308690837,-1.147883836324157,-1.5322245985760434,-0.6513108860108011
E01002316,1.3867264134293429,0.0649789485027126,-0.0220557791002198,-0.9486118186152632,-1.1642713888564094,-0.6570200019397111,0.3762257440084898,-0.6378611867886562,-0.9111069908411955,0.020922372723236018,-0.24718783905822722,-0.4896775059868852,0.1218885352575187,1.284050088749194
E01001297,0.4335586400308123,-0.1281325009596133,-0.7894301622344224,-0.9486118186152632,-0.3364363396761909,-0.6570200019397111,-0.3754822148701336,2.602011086123596,-0.2848566985140228,0.7488627818669378,0.2466993255423022,-0.4843867396030872,-0.9243467893939338,0.4451374356905641
E01000019,1.0960440428184433,0.1739598694310962,-0.3061269496481884,-0.9486118186152632,-0.1983699100413408,-0.6570200019397111,-1.4558300529024182,-0.3575502775796972,-0.7201228591385824,0.2903956424329111,0.9565094641818365,-0.6105938402354325,-0.4623928840139066,0.0398811308519544
E01003272,-0.0049845727978087,0.6768462578503124,0.6950130407456995,1.078635289013096,0.9533230024015168,1.0506933162091754,0.7256844390361387,-0.1470106465248195,-0.00523725732281567,0.7496655920726082,0.7624717897722757,0.4225096458185328,0.7315677089483551,-0.1953446205933976
E01000850,-0.5357103555876029,-0.1315293358404002,2.262846337350251,2.388295493242263,1.9336157814790684,2.818543897032424,-0.2535434361796347,0.8631920212715579,-1.509923153318508,5.404345709393366,-0.7146233046767393,3.9091224112485823,3.5850570858710564,2.002623600074806
E01003216,0.3797240191734871,-0.034711866246682,0.0117879535893924,0.8858959172036096,0.7181789402171029,-0.6570200019397111,-0.2870022474056862,-0.9536916289883176,-0.24948627581391938,0.010442899957028361,0.18856621714718538,-0.0229296321502609,0.7823169856285426,0.1444556579490729
E01001004,0.7007651828249328,0.7692404833259496,0.1313700516727598,-0.9486118186152632,0.3927779957363159,-0.6570200019397111,-0.9435384765746522,0.5405006902201105,-0.4604167417789194,-0.12461918362887778,0.61992365170927,-0.6666173511228123,-0.6273577811188179,0.5047087082438565
E01000238,-0.5110054268380085,0.2441186010675249,-0.1769295894855771,-0.9486118186152632,-1.1642713888564094,-0.6570200019397111,1.1755195677419423,0.4790795945686033,0.33574078653231126,0.16783749964876526,-0.7723398686779793,-0.617703473453609,0.2647177950856376,-0.4589431875588039
E01003518,0.3723494135765933,0.1720516183669414,-0.2398915189943093,-0.9486118186152632,-1.1642713888564094,-0.6570200019397111,-0.6937126860868009,0.4896849732877733,-0.2446410124303436,0.2275639301035697,0.4557831103583521,-0.9518041996549071,-1.081707776340022,-0.219201233164228
E01002611,0.2188347070679196,-1.6758277505859949,-1.338887773908158,-0.2616894041838571,-0.1777249651759904,-0.6570200019397111,1.6186629342025352,-1.204653282076099,-0.14377877966224065,0.35037274382307665,-1.063493924169488,-0.3279052038552345,-0.5027430097447247,1.013948829119085
E01000585,-0.5390289281062052,0.8644748354435777,0.7246468713556375,-0.9486118186152632,0.0765374181822302,-0.6570200019397111,-1.639481750076523,-0.87250112659993,0.3541527873898993,-0.687408586490532,1.077172302615398,-0.5413874071075452,-0.470780326547105,-1.3803474922998544
E01003600,1.1304588689372812,0.7769353821124635,0.1997137303724732,0.3578092172761546,0.8876146474108629,-0.6570200019397111,0.1412705362877729,0.2792284664214279,-0.7427340882619361,0.07145941354387562,-0.09281756802581657,1.4427121851169846,0.8010493700327621,0.3661047144042813
E01001786,1.2829902946997025,-1.905362314917632,-2.053672944651648,-0.362653954172479,-0.8367018844271589,-0.6570200019397111,-0.1137599581685751,-1.753311426851582,-0.8429502859122291,0.7447726139549588,0.07474256793657867,0.4315951043061845,0.0285962507516448,0.5309143684277872
E01001094,-1.3692866082231714,-2.3670773230719844,-2.2109384503053784,-0.9486118186152632,-1.1642713888564094,-0.6570200019397111,1.3539665609475502,-1.4594725611640744,0.8996486899908085,2.0973223441905966,-0.8895831125000634,-0.8169000646964409,0.6543891498772872,-0.5428204866066508
E01003616,0.8642356068894133,0.6195130961144539,0.607217926797593,1.679019734817126,1.532446268489919,1.603895691839779,0.3977880890208342,-0.0810950826922809,1.386143766624467,1.0195308824278997,0.6380106022456945,1.2651634454968668,1.2692361909093466,0.5290284254874076
E01000999,0.3847633329980313,0.7276790005123853,-0.2397578422287127,-0.9486118186152632,-1.1642713888564094,-0.6570200019397111,-0.9294114229458748,-1.0351741464669495,-0.2527972057926962,0.2274371227438505,0.6106418949066883,-0.9979430317298636,-1.0793515264656584,-0.6289779865474937
E01002878,1.1072288613070655,0.5465685809530597,0.8723890071885156,0.6979364704226093,0.8617581925871739,-0.6570200019397111,-1.0335055023158126,-0.6084620102608246,-0.7274715086036724,0.608872104512637,0.6790337871362373,1.389010057969259,1.1827285785572106,1.6047762396711935
E01033030,-0.0588191936551338,1.5967444181831767,1.7540777362723434,2.0449667156966824,1.971635362824256,1.621853084940808,1.6149452885107518,-0.1676320333869518,-0.09539609068330955,3.5870305874215256,2.619203998181786,2.073763437046105,0.6481300216056443,1.92747712002071
E01001272,0.017630884365999,-1.2808020935018405,0.2035740652946212,0.4737947345855753,0.6220146207116665,0.2136504655434094,1.1167807658117628,-1.0518402701789589,0.0037668466527377054,0.09645232023477163,0.2386007305256084,0.7054606360723817,0.2101601898663739,0.968732554212784
E01001588,1.2038361946263751,-1.219384914696119,-1.3799641491245342,-0.3308326936131536,-1.1642713888564094,-0.6570200019397111,-1.0632466678500807,-0.1254328014373357,-0.7909444589285154,0.45653725654445326,0.6985743277732513,-0.1597087726265457,-0.6109318644194661,0.2613172489475215
E01004189,0.812982097991001,-0.342412563491389,-0.9667225063524244,0.1603713974911594,0.1507392849531357,-0.6570200019397111,0.00669176224521,-1.1209492974162434,-0.5341454995989978,-0.1550346393298945,-0.00439662164332796,-0.3049386125914464,-0.4438047001580839,0.3243579164933198
E01001354,0.3362138461518134,-0.0567373072000228,0.2469773638609181,0.6427325279590448,0.606474101400931,-0.6570200019397111,1.3160465748913583,-0.2546179344545704,-0.22089922185082217,0.1587403854229887,-0.8646689231878704,1.843932457693186,-0.1505640421924489,0.1487446803570348
E01000173,-1.173122099345795,-0.7534874718391575,-0.8338231988444151,-0.9486118186152632,-0.4857171029012277,-0.6570200019397111,1.7220134844341164,0.08543229016822,0.7707646839876922,0.7909745410593969,-1.131397302883112,-1.107986952302621,-0.3887969162176409,-1.264394530150124
E01004295,0.961334580581849,1.544060706298919,0.6875506569100197,-0.9486118186152632,0.7184863003482391,-0.6570200019397111,-0.205957571324806,-0.1373507606144193,-0.6316160479985977,-0.6522186790415327,0.13531824391132222,0.7032055382091705,-0.6770094571536064,0.0653169142136291
E01001001,1.2613581182821472,0.5032154672555621,-0.1156599957948821,-0.9486118186152632,-0.0170821992307735,-0.6570200019397111,-1.333891274211919,-0.3090303934805638,-0.8287375133204067,0.10971643895201681,0.8763932475700789,-0.1574893435063188,0.734831170535601,1.039589683427473
E01003983,0.9646531531004512,0.930463861415598,0.2170840147569267,0.3446839447643245,-0.0025188044505447,1.2364286590245848,0.0966587879863709,1.0159357128891664,1.1927248045118284,0.07482537455169433,0.11951169561293021,-0.0366238475152044,-0.8351749777147558,0.6371432912526506
E01003392,-0.1973388687834567,-0.4358032046517978,-0.542073674354197,-0.9486118186152632,-0.3226730365304825,-0.6570200019397111,1.361401852331117,0.3779805723164375,0.1296555839508871,0.5142174940525928,-0.8944682476593169,-0.2886519932063809,-1.3713465708017325,-0.0446828741420296
E01003015,0.6829432192991061,1.1184858627997836,1.1907990692371528,0.4606368814000711,0.8953625117796358,1.406189466122654,-1.2060042624145673,1.7702933802432048,0.9603475609382965,0.5485259696275094,-1.6958704899063854,-0.0692523401541448,0.2112267133914341,-0.2231255202675812
E01003960,0.7318614364251685,0.778916935026004,0.6430681172039401,-0.9486118186152632,-0.0290985532059899,-0.6570200019397111,-0.8974396699965366,1.2963587294401682,-0.480847602379664,-0.6100220161543228,0.5896358137218981,1.191502831844614,1.541345596563604,0.29388731383136
E01004683,-1.3536770263764126,0.4730239130663656,0.7439464350863476,1.2595093602470289,0.2739819000004773,1.6870752903520438,0.1762164057905378,4.2607233334448456,-2.2837550623168776,0.9370074985136635,0.2972903439638651,1.090049693222349,1.8248292257422687,-0.6267547995406813
E01003108,1.0737973159344802,1.253286083037369,0.8847759011090923,1.1696033369662333,0.7384967180257338,2.113605955106293,-1.6811193818244985,-1.5167706475620455,2.269584401536271,1.0348368464045004,-3.55322393666887,0.6019976385640005,0.0551617508959296,0.5247390531883653
E01002311,0.6517240556055887,-1.8899486695805776,-2.146042692551501,-0.9486118186152632,-1.1642713888564094,-0.6570200019397111,-0.5427762710003908,-1.4902605632552988,-0.4281957402781402,2.0357614614072754,0.35661486662550596,-0.6785692454129029,-0.5327969834182393,0.3157896107884735
E01000106,1.4715343777936218,0.2991350221038691,-0.4769926112346014,0.9690197892121684,0.2186343556828522,0.780986319831224,0.8037549985635923,0.3670737683465161,1.1492482182181707,-0.46221527959431524,0.6277216583741307,-0.2381576887923761,0.5910330869750333,1.147145629290075
E01002691,-1.019976123116966,-1.240780105490218,0.7656148396577188,0.6720231503917736,0.4474093297411469,0.6879631627591094,-0.6974303317785845,-0.7843085921309053,-0.7017059995983227,0.5145108965334728,-0.47980637685453,0.7832630055261541,0.6041327843000359,0.0004072544010743
E01003340,0.0059544255042504,0.5060429846608426,0.7947672552792853,0.4911650089121562,0.3240698967606318,-0.6570200019397111,1.6573264493970836,-0.7394834165256511,-0.0039121766563524635,0.3903618660223401,-1.0888966269976064,-0.0302543572917002,0.0940584443993792,-0.517953955544711
E01000267,-0.7374058186626498,-0.5070541803520396,-0.4948888656737232,-0.9486118186152632,-1.1642713888564094,-0.6570200019397111,1.20079955844607,-0.6508176927247852,0.4844903724080884,0.4694574268791953,-0.7889493282194412,-1.2456868586653405,-0.5584394715488342,-1.4763612200790008
E01004123,0.784221136163115,-0.5103808516474866,-0.644486512454658,0.7817370775212681,0.5474427244482699,-0.6570200019397111,0.7204797350676418,-0.1958263112767569,-0.5152489724030522,-0.5038190027481787,-0.4733695969316646,0.4633300417256273,0.0489861537066258,1.1185760826557782
E01004435,0.8414972396323238,0.6996721571041201,0.3933880115024081,0.1894188094795454,-1.1642713888564094,-0.6570200019397111,0.095915258848014,-0.0164269411154912,-0.552880518015491,0.07451508880231185,-0.06301824355437005,0.032674498196066,-0.2270490983049602,0.2078062222556434
E01001502,0.9684633659921796,-0.187545836988835,-0.2422290344089673,-0.0751742448913634,0.6954676610285211,-0.6570200019397111,1.4595476985942013,-0.0650330266418927,-0.636299802602721,0.0182093847524582,-0.958952031761463,0.8104655075410692,0.796597217719194,0.5085461722681949
E01001732,1.327115018187784,1.78861918812373,1.0751083196829307,1.5666057753742333,1.3352206904106103,1.7129722248707748,1.2714348265899562,0.6455098231383419,2.273311165364547,1.6842709027681668,2.177932543681985,0.3132082831253415,0.3826001324178847,0.5436648837908833
E01004193,-0.788659327561062,-0.0550191602396009,-0.3034941325957314,-0.9486118186152632,-1.1642713888564094,-0.6570200019397111,-1.1145501783966931,0.1221185809722836,0.5181649529239403,0.28789812106069856,0.7322817603721007,-1.2644501693316124,-0.5687010046968116,-0.8539019115334509
E01001789,0.751772871536782,1.1313387897512093,0.6758211764726982,-0.9486118186152632,-1.1642713888564094,-0.6570200019397111,-1.6885546732080654,0.7185967018059393,-0.49392981351531867,-0.641091955272473,1.1094141946664713,-0.0216243281562372,-0.3210575986768537,-0.3286736633053032
E01003348,0.6128844661286145,-0.5158276888254145,-0.5966696113218175,-0.9486118186152632,-1.1642713888564094,-0.6570200019397111,0.3606116321029992,0.4055354495223899,-0.4026773531246411,0.5660078451084516,-0.2369290552237949,-0.3162505186858145,-0.3357101904410428,0.4485262554789085
E01001204,-0.6093335014632599,0.2412241090865245,-0.0540507866054847,-0.9486118186152632,-1.1642713888564094,-0.6570200019397111,-0.1122728998918617,-0.1172022706407844,0.400344298313322,0.05127321497941435,0.07376554090472796,-1.221231563195902,-0.5312515434483726,-0.85140923230558
E01002367,-1.1768094021442417,-0.755443007925062,-0.53596752486496,0.4569903994838182,0.6346040869245034,1.1828259700932184,1.2677171808981729,-0.4738392986695335,-1.391960722706083,-0.24493201329839134,1.4994888042997214,0.1336703406306215,-0.4419597981143876,-0.5993624988139246
E01001772,1.41794557712286,1.6437814489075873,1.1513889329376157,1.0251268783863745,-1.1642713888564094,-0.6570200019397111,0.581439786194939,1.3678847612773857,-0.9316186058316662,1.1803197426309566,-0.38201756945362403,0.4093166193963578,0.5276571476252799,0.8184929883660452
E01003327,-0.2721911155919293,-0.0141671838260158,0.4067549853141733,1.3974533799347648,1.4596253321270156,1.6532687222932112,0.3628422195180693,-0.0019421827270927,-0.45000505789423273,0.5684211290326071,0.5998756926566713,1.133827105459354,1.1723881069543307,0.8221168620439322
E01002162,-0.1260510146801494,0.3854619262996161,-0.1569776945162242,-0.9486118186152632,-0.1963056405243302,-0.6570200019397111,0.2349552077207168,0.063250236382599,0.08281803790965431,0.14891089627706666,-0.15437027103241058,-0.5854538991591456,-0.196861346399593,-0.4665384672284248
E01004323,0.7608682184396177,1.4385757925562266,1.2433987660466104,0.6149767050698133,0.5807146227591103,-0.6570200019397111,0.036432927779478,2.511405913383269,-0.4999056383550622,0.764661276231216,-0.02393716228034199,0.618327945186741,0.0625897502460724,0.2857523303582001
E01003260,-0.5144469094498924,-0.0331214003871543,-0.2296498986103768,-0.9486118186152632,-1.1642713888564094,-0.6570200019397111,1.0260702109322453,-0.4173682222226054,0.33800190944464664,0.21784860796560035,-0.6741486519769836,-0.6852481621306653,-0.1583288330492489,-0.4558663650889582
E01003901,-1.5885582146374817,-0.3072806874015114,-0.4986413739770236,-0.9486118186152632,-1.1642713888564094,-0.6570200019397111,-0.8870302620595429,0.269083328678258,1.0437145212624623,0.47301710060515795,0.5827966244989433,-1.1001289449389318,-0.8826298367638048,-1.205026811751558
E01002155,-1.6130173232005132,-1.684194900797808,-1.18145946001474,-0.9486118186152632,-1.1642713888564094,-0.6570200019397111,-1.525721791907948,-0.1930446332680026,1.0597846448179888,1.1207464069847892,1.0024297346788196,-0.9477628740040112,-0.953552620645703,-0.9601790065379028
E01003820,-0.9184523860663938,-0.234661314706607,-0.653797846137443,-0.9486118186152632,-1.1642713888564094,-0.6570200019397111,-1.0498631433596604,0.5427794054793728,0.6034415884748744,0.6202003638311818,0.6897810844865953,-1.0595697010862142,-0.6503805474925499,-0.2904649756242334
E01033327,1.0998542557101718,-0.2525537319569715,0.9470977019715984,1.6071651856170626,1.6563440262707052,0.9842141540795972,1.6900417314847782,-0.0271907728096571,1.0824921258946318,1.5221424539866772,1.6633629931125087,2.781112561632117,1.82462557422908,2.8494644587354565
E01000652,-1.6957358159790057,-1.3730942812067448,-0.957651903497507,0.5220910662131701,0.5284061484080935,0.1800243689986024,0.6758679867662398,-1.2051733845096335,-0.30527377025995067,-0.49998150335808533,0.1216727078439481,-0.8727917198688073,-0.5726528632891267,-1.6297485455640677
E01000276,-1.980764322298953,-1.332817539288332,-1.4600609373602722,-0.9486118186152632,-1.1642713888564094,-0.6570200019397111,-0.844649101173211,-1.5270908321311318,1.3014017788789687,1.3850310610784338,0.5549513540911983,-1.577181570053031,-0.5089175901079699,-2.096479430978881
E01003533,0.7459960971525484,1.2736572407783806,0.7914475423277327,-0.9486118186152632,-1.1642713888564094,-0.6570200019397111,-1.4721876939462657,-1.1755290232234554,-0.49013435719818427,-0.750776492466091,0.9672567615321943,-0.4839213069108792,-0.9629928030014084,-0.1311732974712326
E01004288,1.2848339460989258,1.1123058826461287,0.842030871022028,0.4189835884379598,1.0257452416140411,-0.6570200019397111,1.2550771855461091,0.9316152957685764,-0.8441616017581228,0.3527971159163502,-0.8246108148819918,0.0745929980190744,-1.2002777963738502,0.8736039718661474
E01001900,1.2184624957268813,0.6342139676460226,1.1325223235543422,1.410298449376624,0.7172494744159775,1.6711796988531618,-1.4298065330599337,0.7880034096176096,2.0362697866727215,1.5971944767931001,-2.3894636513373833,1.63810666813372,0.4750399826532617,1.2736638750942335
E01033739,0.0203349064181934,0.8253711577840487,0.0544457603140692,-0.9486118186152632,-1.1642713888564094,-0.6570200019397111,-1.720154661588225,-1.523740248194741,-0.013360440254325272,-0.05164789170741991,1.1301760190932988,-0.8375120800115918,-0.3736281883016583,0.1174871903438122
E01002499,-0.7390036498753101,-2.970244618896634,-1.7698851715692268,-0.9486118186152632,-1.1642713888564094,-0.3516677088497461,0.1122728998918615,-1.5192497337923132,0.25988372038325025,1.6789339913424715,-0.03948275347088784,-0.3752047239691095,-0.9866575794934966,-0.7328256107073683
E01002061,-0.5530406787403035,0.2087807090197427,0.4563195345744838,0.5297472422044084,0.6123808731497233,-0.6570200019397111,-1.6104841136806118,-0.7571522373378444,0.36335878781869335,0.241734015004832,1.0581202754943095,-0.4145925299214381,0.8398566617398051,-1.06166691516795
E01003124,0.8906612769449495,1.0156038599629085,0.7151362719101912,0.5471609119586647,-1.1642713888564094,1.5328649060655577,0.6119244808675636,0.1027612265343014,1.3652634146204496,0.39129461471309984,0.937997561884273,-0.0289558034390707,0.8875120078681034,-0.3033731393978146
E01000508,1.2779509808751583,0.471831078744279,0.2126127208161372,0.3557686602847588,-0.2995408909906919,-0.6570200019397111,-0.6007715437922134,0.3513562685943093,-0.8396393559334523,0.07564094284425457,0.3947189208676833,0.1583326868514764,0.1209855191051917,1.1765614347987123
E01001943,1.066545620430868,-0.6114873826063858,1.698188096481995,2.025495600315068,2.1933853917575683,1.4532668837655218,-1.2900230550488745,0.1085648454332729,1.5499754301973327,3.4396725179317014,-1.874747785196556,3.9671811683151783,3.005082749243661,3.507641577900438
E01001831,0.8497322158821886,0.8887481709828875,1.5636151904474758,2.1038565756230723,1.922302697321004,2.7301768486404563,-0.5219574551264035,1.0877008263325163,2.3199192233455057,3.2896221001670445,-1.4250361599613965,1.4386944554227663,1.690648156724965,1.1504351703504785
E01003057,1.2260829215103382,1.0760577042325914,0.8720682437871699,1.5214146009560172,1.05452469610801,1.388487912266319,1.5026723886188902,1.102313470055683,1.7024013159532785,1.3267773591278718,2.0864424476936856,-0.1128599496175817,0.4132819938234885,0.2401619818145693
E01003377,0.9744859605629764,0.8249513655158418,-0.3198560305422805,-0.9486118186152632,-1.1642713888564094,-0.6570200019397111,-0.9524608262349326,0.176448433123077,-0.6402567676993081,0.3034192108277719,0.6257858139003742,-0.655910976072446,-0.9408684018837647,0.4929283161396346
E01000159,-0.2911192699572902,-1.0888618324913293,-1.1765149597102738,-0.3148133295601423,-1.1642713888564094,-0.6570200019397111,-0.3710210400399933,-0.9480857468057944,0.19127118331202608,0.37038259174370797,0.24376824444675005,-0.9996552740069572,0.5946867209205046,-0.3628968943334235
E01002089,1.5567110724377458,1.7583597636006083,0.0912846610588892,-0.9486118186152632,-1.1642713888564094,-0.6570200019397111,-1.538361787260012,0.028536212772005,-1.0227903118326174,-0.08659370833875078,1.0107344644495504,-0.5565710316216572,-1.6183206507582706,-0.1847064488338248
E01001424,1.5252460885576655,1.0704706390003835,-0.0256434961957803,-0.9486118186152632,-1.1642713888564094,-0.6570200019397111,-1.6417123374915932,-0.1224448803462273,-1.0021171880626942,0.024325723561932733,1.0786378431631742,-0.3012962595643943,-0.6947972512018153,0.2987996872533339
E01002956,-1.5464000526419053,-1.7734264638471788,-1.7211059809671945,-0.4081214698820643,-1.1642713888564094,0.1342844746161524,-0.3948139724674077,-1.155309211301518,-0.20765751861540865,0.7024203027751437,-0.053017386863901894,-0.7161925508606907,0.5236231599362898,-0.8930773360275663
E01000690,-1.569630060272121,-0.8835823602335103,-0.8734442877689484,-0.9486118186152632,-0.4478830863443515,-0.6570200019397111,-0.6401785881251186,-0.6529496958630935,1.0312783452446177,0.8285595742796155,0.42061013721172696,0.4921613520902371,0.0598583600331072,-1.5117063376832651
E01001892,0.7999536281031552,1.128212857365816,0.6043518986071504,-0.9486118186152632,-1.1642713888564094,1.611049142809945,-1.5145688548325975,0.3241714605816543,1.2887646068432936,-0.5732953536213161,-2.4400448553046963,-0.1021790766896021,0.1413125872205513,0.118066382630714
E01002637,0.979648184480802,-1.4525838977210477,-0.323448650002795,-0.4358101672984554,-0.1776285580757765,-0.6570200019397111,1.604535880573758,-0.2239796917811872,-0.6436484520678111,0.14096221027017763,-1.0542121673669065,2.123227104506683,1.11261958915288,1.273575343925253
E01003561,0.4650236239108927,1.3381751966439046,0.3992592975301955,0.9241960745982394,0.8657333476616526,-0.6570200019397111,-1.230540723980338,-1.5336949239468625,-0.3055298222839462,0.3689938755242572,0.8084898688564552,-0.1719001746362518,-0.8131284840728202,-0.5717829542438974
E01004520,-0.2587939154242388,0.5790605204620877,0.2822944048052176,-0.9486118186152632,-1.1642713888564094,-0.6570200019397111,-1.704168785113556,-1.3471961408931814,0.1700327788140188,-0.26778780872719077,1.1196729785009036,-0.4777194993020492,-1.5633426028642965,-0.3623892450454122
E01001197,0.3695224814311173,-0.7587580703120186,-0.6528205760071389,-0.2332432285889078,0.2613973848321785,-0.6570200019397111,0.3985316181591908,-1.3084267564129477,-0.24278366146663957,0.15226597883717558,-0.26184324453598773,-0.5960362246727284,-0.3046889186195911,-0.4926416483419689
E01003430,0.94806029050744,0.7721799104967468,-0.1785337373420533,-0.9486118186152632,-0.0052167005286562,-0.6570200019397111,1.6008182348819744,3.208989173381986,-0.6228945739081613,0.1693592132642249,-1.0517695997872798,0.323642561558194,-0.7132607263427484,1.0515854934955662
E01000637,0.4312233482584625,1.32284468219417,0.6598231279951801,-0.9486118186152632,-1.1642713888564094,-0.6570200019397111,-1.6008182348819746,0.102547824783845,-0.28332236510922376,-0.6259160174119194,1.0517695997872798,-0.4740065170521588,-1.1087844124350863,0.1398933992347041
E01003759,-1.863508093308341,-0.1738330984213181,-0.440406360595729,0.0252717769219882,-0.2894430502331401,-0.6570200019397111,-0.2684140189467687,-0.7550628675777761,1.2243620910801136,-0.011129851299999959,0.17635337924905162,-1.3465680838199874,-1.2686293839184826,-2.4837261297462505
E01002031,1.0739202260277616,0.691059457572416,0.8687167556016053,1.9329454012506733,1.996934506185928,1.1059034970380532,1.0461454976678766,0.3977817131784512,1.1876521335039982,1.679182057729528,1.1569359642815193,2.303738086263148,1.575059637796825,1.7114466129079722
E01000210,-1.414148792270942,-1.2964398516877034,-1.0185653790229814,-0.9486118186152632,-1.1642713888564094,-0.6570200019397111,1.4662394608394118,0.6067832926388335,0.9291240422408944,0.9662231565735353,-0.9633486534047914,-0.832201143876048,0.6305367148965682,-0.8669122249099744
E01003077,0.0714655052233241,1.1061007442799504,0.985716026860246,0.7845301201209869,1.1487057097267277,1.337616663678157,-1.1651101598049485,0.7210504138733652,0.09559345066489668,0.7733239129578507,-1.5584707647758196,0.1622308462180691,-0.137074728141935,-0.3674220851373855
E01002441,0.4610905009258826,-4.838023881243712,-4.241072477051862,-0.9486118186152632,-1.1642713888564094,-0.4471607813227362,1.6647617407806503,-1.808519318213719,-0.20618158865450947,4.023131475335306,-0.744416160723674,-1.0095784035471358,-0.0929281015232527,0.1260083599703909
E01004632,-1.3813317973647643,-0.530381205112625,-0.7237618388775949,-0.9486118186152632,-1.1642713888564094,-0.6570200019397111,0.5687997908428751,-1.1317774694026146,0.907562620183982,0.6865690342220024,-0.3737128396828931,-0.7680952176078061,-0.1979431441764005,-1.0699282650196955
E01000799,0.0557330132832839,0.0467039748957376,0.6583012106192582,1.782446044758195,1.7118010229539251,1.8373308254255656,1.2654865934831028,-0.1958191925399071,0.10239998329923002,1.1733863891278282,2.3251175273692963,1.7117599942447703,1.1531025588819244,1.831325939385208
E01004454,0.5148022116899262,0.3386336620587608,-0.3991478843281464,-0.9486118186152632,-1.1642713888564094,-0.6570200019397111,-0.2312375620289337,0.826493324267798,-0.3382353501230829,0.3786364004489577,0.15192770345278409,-0.7636260978864396,-0.3658964854862551,-0.0705066826562963
E01003413,-0.3976823208324063,-0.1987686875412867,-0.3492732826312,0.7000084887424958,0.606807076562374,-0.6570200019397111,-0.4200939631715356,-0.7585327342290306,0.2612852392046964,-0.2444942627327969,0.27601013649782324,0.4918876499539313,-0.9508081668701528,0.0837682257550294
E01000215,-0.6251889034965816,0.2486395474973624,-0.3608693689498952,0.0293027494524964,0.0225531507458552,-0.6570200019397111,1.183698388263866,0.2616876225330859,0.4107616145880099,-0.010574464703419263,-0.7777135173531582,-0.5585183821809608,-0.6009700898100712,-0.6765708392094404
E01003683,0.1399264271811554,1.101044311782057,0.2391425712959197,-0.9486118186152632,0.5117134082487228,-0.6570200019397111,-0.4371951333537395,-0.461237296998615,-0.09193446145797955,-0.22685346946535265,0.2872459473641062,-0.6417419351477195,-0.871700620032754,-0.0360824569657908
E01001830,1.0354493668306322,1.1237042840908709,1.848696824863852,1.3993651945380596,1.8016206340124312,2.4465535627069355,-0.7175056185142153,0.7345281722903266,2.533282337422124,2.5870019919674974,-1.7554159272381968,0.919730338932468,0.4686608674171005,1.822953906488564
E01002921,-0.4142751834254175,0.3004085135142362,0.4249267420940456,0.7236399377608033,0.4792759268418624,0.9541622350507516,1.3599147940544036,0.7036602490850556,-0.3952857349432565,0.30749396120183603,1.2975793393735324,-0.5800379261261208,-0.1800918540186845,0.008181466932326
E01001801,0.9822292964397148,0.5265132745647482,-0.0234583659199252,-0.9486118186152632,-1.1642713888564094,-0.6570200019397111,-1.4521124072106348,-0.5917613303837336,-0.6453442942520625,0.022252883157042557,0.9540668966022099,-0.4838504330305241,0.087723918353026,-0.989074360329476
E01003646,-0.7890280578409068,0.1762781102939347,0.1308692254573559,1.2236944632166549,1.4000707331275166,-0.6570200019397111,-0.3717645691783501,0.3128737392222157,0.518407216093119,0.16014394659761852,0.24425675796267546,0.2403264335337837,0.0139574417747517,0.2891494892651635
E01000893,-1.828232896536532,-1.5428036717901643,-1.1211242571262945,-0.9486118186152632,-0.3612755282048954,0.2297417691526841,-1.6573264493970838,-1.6174265159024752,-0.42002146007343893,1.0635117204462603,-0.3807571105480224,0.1232036034481014,-0.0830441182933079,-0.9760564977225604
E01004331,0.3895568266360122,0.8930781779910044,0.4554175771337536,0.7632374123234906,1.0687852176947357,2.1758584299062838,-1.1829548591255097,1.1406099038549742,0.847620505163508,0.3475917330981998,-2.5739423024268406,-0.43332886608417,-0.2014328126214338,-0.007424305732531
E01002270,-1.6560358558490604,-1.547969081393505,-1.834441968386588,-0.9486118186152632,-1.1642713888564094,-0.6570200019397111,1.0937313625227052,-1.147304954007772,1.0880486812221808,1.7401733317753645,-0.7186033819261907,-1.2786399781465805,-0.4380159763030761,-1.0049304234836791
E01000729,1.393117738279984,-0.0942747284693621,-0.4042213892370446,1.0997752890367671,1.1283106982648143,-0.6570200019397111,-0.1323481866274926,-0.7888724213443259,-0.915306219106961,-0.44455269518301427,0.08695540583471242,0.7926824981754357,1.0155641547057948,1.2044326206852125
E01033579,0.2274384135976291,-0.8582541417986623,-0.4393374418241822,-0.2699328005575445,0.4668051192468875,1.0680889597317154,1.2149266120748474,-1.0309938152545497,0.2429244585825233,0.11859158606138878,1.297649701241401,0.8898578172228724,0.4277830538431794,0.1420627173216497
E01003147,0.1820845891767319,0.5118747750630703,0.279833519121126,0.8664602395179725,0.9257069376547328,0.9352117659638508,-0.9717925838322066,0.1060174643325867,0.1702876501987737,0.24246461800284794,-0.9088318584762914,-0.4166373356043573,0.3778086298160416,-0.2323123140188976
E01003874,-1.837082423252805,0.4010914847785991,0.7861754289375981,1.21673690815392,1.339753135798714,1.6271196865526618,0.9435384765746516,0.8998648077266219,-2.989152976694508,0.956568660672115,1.5352500302545231,-0.3286922667086883,-0.1579523261832784,-0.9677398325218584
E01001719,1.192036825671345,1.6090190154738382,1.359814124636414,1.2863642605308567,1.1027465965640095,1.7248133655641686,0.0163576410438471,1.5811759728721904,2.0560410491626206,1.7492162908973348,0.028213877901528496,0.8698901712290209,0.2177599591419457,0.1947001195473694
E01003629,0.7017484635711854,1.8079751889385065,0.6487525554332491,-0.9486118186152632,0.284928922034062,-0.6570200019397111,-1.5539758991655026,-2.0018072105358304,-0.4610627768967295,-0.6154143414408337,1.0209932482839827,-0.624484339061773,-1.6471848395742503,-0.5055757458867848
E01003757,0.155536009027914,0.2225933430469813,-0.0066545057577377,-0.9486118186152632,-1.1642713888564094,-0.6570200019397111,1.334634803350276,-0.6828750375967447,-0.10219026895321498,0.0063125428088333,-0.8768817610860042,-0.5310022614348096,-1.3506575514274772,0.2324668112747555
E01001345,-0.1498955727767729,0.2559091201670873,-0.479270816000563,-0.9486118186152632,-1.1642713888564094,-0.6570200019397111,-1.179237213433726,-0.4585378102250587,0.09848438951654943,0.45464196037551524,0.7747824362576061,-0.8325972308629624,-1.265015614526886,0.0333301359913172
E01001953,0.3224479157042782,0.9753614847422432,1.8402812901422652,2.1645504685238115,1.6058977639915324,2.3261174837795235,0.6691762245210299,0.7275065981464345,0.7500517343279876,3.983381728793044,1.5565825155879396,1.968012814417976,1.3043620416446882,1.3204959640761569
E01003945,-0.2735431266180265,-1.8382200779658044,-1.6894526671977446,-0.9486118186152632,-1.1642713888564094,0.0043759287431041,0.2208281540919398,-1.0636290415992882,-0.0011970052302463863,1.6026347670948595,0.0009663282667775406,-0.6680695130383703,1.0010882308120057,-1.4684695078306709
E01003462,-1.6151067947862996,-1.2363243775961907,-1.3267438981899138,-0.9486118186152632,-1.1642713888564094,0.7841008594802389,-1.508620621725744,-0.6845226661298334,-1.2664066259443114,1.2585649420986378,-1.1829107261247682,-1.2249341833037757,-0.4979793945441695,-2.281389508844175
E01033100,0.7107209003807395,0.9581277010608328,1.4169359423561247,1.77162047548685,1.031570398207989,1.7909506921052816,0.9896372831527672,0.2699620322146107,1.2728660884305742,2.510272727931366,1.772391577195639,0.8994828807843901,1.3322967336686775,0.5840358088489845
E01003921,1.3486242845120575,0.8749518611311095,1.2125369206577346,1.8751517725780709,1.9660928229373693,2.739621835041634,-0.4490915995674468,0.230358896417806,3.694720537116634,2.2736907560877064,-1.2303411521087515,2.438005317999947,1.8601770157762576,2.2739454949232614
E01003615,0.7292803244662557,0.9243014592410008,0.3627495268703117,1.2690113714967473,1.126254917746082,-0.6570200019397111,-0.339792816229012,0.7775084812447185,-0.47915176019541245,0.46033327460349044,0.22325067677788535,0.3951039640750535,0.1487928605576437,0.1833080820110529
E01002101,0.2693507554066425,0.2621518678592521,-0.137323745919418,-0.9486118186152632,-1.1642713888564094,-0.6570200019397111,-0.5561597954908115,-1.175878959894633,-0.1769688338397349,0.13026692835567946,0.3654081099121623,-0.5808540309842668,-0.6577626505362518,-0.0443282415776405
E01000694,-1.4775704004042294,-1.7304878635983747,-1.582524645504394,-0.9486118186152632,-1.1642713888564094,-0.6570200019397111,-1.0929878333843488,-1.2176472489789028,0.9707933073396465,1.5012015819753979,0.7181148684102655,-1.2959604047728126,-0.7151562604855966,-1.3103490631029515
E01003926,0.9829667569994042,0.6774402978002851,0.7552919815692518,0.3994143789683477,0.7235791230420362,-0.6570200019397111,-0.0475858648548289,0.4702112020883724,-0.64582882059042,0.3016744777582554,0.031264865019222515,1.3234870078978067,0.3418452127319878,0.8254042452017841
E01004657,-0.9112006905627816,0.2761991681776069,1.76324330266088,1.773699126176586,1.512741385726574,2.4757745815558803,1.074399604925431,0.7203260140489995,-2.2559275083915,3.1274631051663206,2.6599712323080618,3.445937164874393,3.786734840933402,1.921374393250126
E01000741,0.5521668800475217,0.7069609025227467,0.7190927117617917,-0.9486118186152632,0.459340425169604,1.1346072304841812,0.6550491708922525,-0.2001696201076952,0.6264925345358097,-0.6821398450573345,0.7432235256170177,-0.2962316020310111,0.257410482726472,-0.0602260166771223
E01001336,0.5533959809803374,-0.1178300721426467,-0.9173210296304348,0.3127653548714075,-0.334429997810298,0.6954728539230303,-1.3718112602681112,-0.509463361718014,0.3848718822419302,-0.28690623736336784,-0.9540574922224121,-0.5297074737841548,0.5375268959346372,-0.2138980965303124
E01002815,-0.0685290910243774,1.1034166669970262,0.9976349614196676,-0.9486118186152632,-1.1642713888564094,-0.6570200019397111,-0.6907385695333742,1.48368131774775,0.04502498351776308,-0.9463683150664788,0.4538290562946508,-0.1821875161269597,1.3254516231378388,-0.0931072884160182
E01004240,0.9985763388461628,1.249245274687638,0.2861049518123764,-0.9486118186152632,0.4943540699946192,-0.6570200019397111,-1.4506253489339214,-1.1092794610043415,-0.6560846280856555,-0.2714025386535706,0.9530898695703591,-0.5251371370392149,-0.4900144660018348,0.2360786674625278
E01001360,0.845676182803897,0.9222638112391386,-0.4279041877559819,-0.9486118186152632,-1.1642713888564094,-0.6570200019397111,-1.0587854930199403,0.5342168771558353,-0.5556261672661839,0.405914969740289,0.6956432466776992,-0.4884233468431723,-1.1022566045892583,0.1634918010605545
E01002348,-1.1116670527050128,-3.597115918162271,-3.749765334793615,-0.9486118186152632,-1.1642713888564094,-0.6570200019397111,1.7205264261574034,-1.7301641436100526,0.7303874891245604,3.5570717136190426,-1.1304202758512614,-1.2278520330695188,-1.2436749072042703,-0.985086541699158
E01003460,-1.2859535649782707,-4.088351435184719,-2.6379597973741675,-0.5974883756617134,-0.9342080336558598,-0.1429579971618912,-1.4424465284119976,-1.5924253117188956,0.1838373460924875,1.5761503143939941,0.20620926671490217,0.1544017365493073,1.2699030528593915,0.0817185420688183
E01002143,0.1173109700173476,0.1438543049419033,-0.6534470364316028,-0.9486118186152632,-1.1642713888564094,-0.6570200019397111,-0.4914727604537786,-0.5721818801376788,-0.07707565374834711,0.6198675815981369,0.3229074340266568,-0.9731455417349102,-0.3805657673158274,-0.4769747612872769
E01001590,-0.0704956525168824,0.4439075701961544,0.3549756171602727,0.2106936072829491,0.3961560474646393,-0.6570200019397111,-1.404526542355806,-0.4171294111853822,0.046317053753383276,0.07479109327698899,0.9228020315829873,-0.1228958216040063,-0.203503872218771,0.1390571046574141
E01001749,0.962440771421383,0.7744475436516234,0.7463803283791235,-0.9486118186152632,0.0505181246806343,1.3228693554284985,0.3583810446879291,0.134718727568474,1.2731834029283118,-0.7080252006823777,0.47409130158411267,0.5282476547782484,0.4787418610847884,-0.2235774137286942
E01033485,1.1087037824264443,0.5276464088636689,0.3076754039141794,1.457854002589971,1.2226251754687965,-0.6570200019397111,0.9985596328130476,-0.5182143976289981,-0.7284405612803875,0.44854581909477254,-0.6560736518877458,0.8837922844094356,0.6277876371753487,1.4353807340976357
E01033587,1.1611863922576724,0.1712218231637388,0.5723910640493364,0.6373638796077988,0.260392186473616,-0.6570200019397111,0.9881502248760538,-0.2027627169491012,-0.7629226856935021,0.3648213892353211,-0.6492344626647908,1.1742541098826549,1.4757688352128655,2.0509872126894284
E01003804,-1.77071097288076,0.3911753361358263,0.4850528286171721,1.4294293857846765,1.4490095598507269,0.9321512883302774,1.484827689298329,1.356290304856489,-1.6505705146313592,0.6933487668833642,1.3840840435279063,-0.8610703730003326,-0.2181708612031572,-0.7311727050330428
E01002835,-1.0572178813812798,0.2197363276082564,1.5742257912238855,2.0172998865957004,1.2182956429448908,2.137047297743885,-0.4074539678194715,1.9923834760233052,-2.2593246165323793,3.175685510111971,-0.8707484008836255,2.612990768706424,2.5969348037359565,1.2585625981207036
E01003209,0.6160801285539351,0.8535481978360923,0.4520755413557001,0.6736822259280735,0.7471317104515875,-0.6570200019397111,0.5702868491195887,0.6627226553076397,-0.40477696725752393,0.3045552569881469,-0.3746898667147439,-0.0768828036040759,0.6609544685905643,0.1093269493569343
E01001673,1.198182330335423,0.729785541571535,0.4725057194807798,0.7158844840146377,0.13573465475958,0.943929189751226,0.3271528208769479,-0.2948633990997627,1.1309992762477517,0.3382595131844632,0.30880909713520543,0.3554946953524868,0.3013976118097017,1.1955876960637155
E01002872,1.3178967611916663,0.7453202169570974,0.3451864710112919,-0.9486118186152632,0.4207363701388523,-0.6570200019397111,-1.6268417547244591,0.4971009708795855,-0.8658845325944876,-0.32744796602740645,1.0688675728446673,0.2702743651085673,0.7036086848188134,0.2463636468915173
E01002764,0.9521163235857316,0.7507627538279829,0.62321130007046,0.292326349670864,0.6191415671041683,-0.6570200019397111,-0.2513128487645645,1.0088556917282163,-0.625559468769128,0.18218108442323105,0.1651175683827685,0.2376477388100268,0.989550925283304,0.3361877610927524
E01003313,1.1744606823320811,-0.2415741592768756,-0.2911645378663763,0.0064119410353652,-1.1642713888564094,-0.6570200019397111,-1.4580606403174885,-0.7245535845461385,-0.7716441597839384,-0.001866929848388563,0.9579750047296127,-0.1235127032652519,-0.4272131892117841,0.361732335701292
E01003472,-2.00878782356715,0.8574523574310504,0.7494683695024404,0.485903514572958,0.1243370972228232,-0.6570200019397111,-1.49151945154354,-1.1686120643063205,1.3198137797365568,0.36416931480250014,0.9799581129462535,-1.080627041137584,-1.4047397204774972,-1.3345053938951132
E01001819,0.7644326111447831,0.5038753136446756,0.3878086795896725,-0.9486118186152632,-0.0709185306367273,1.124949354656361,0.2587481401481313,-0.0867216960208552,0.8599479725856006,-0.36787989682034317,0.29107855327817395,0.2881142630392328,0.6535715915814603,-0.4981236660856085
E01001108,-1.85084835370034,-1.1997242513523323,-1.3633698156639538,-0.9486118186152632,-1.1642713888564094,-0.6570200019397111,-0.9450255348513656,-1.0306727590039542,1.2160443889383086,1.2933087202821394,0.6209006787411208,-1.2988923779353083,-1.074728266523691,-1.69617266001472
E01003400,-1.6270290738346114,0.0328803647542004,0.76896820045546,1.250532218591034,1.130309260923354,-0.6570200019397111,-0.2267763871987936,0.3094305826443992,1.0689906452467828,0.9616195097415213,0.14899662235723204,1.0521988525232435,-0.8251020410730638,0.2420335066111658
E01001767,1.1111619842920757,0.889566017760305,0.6063843616107587,0.4074575805071974,0.0538700244792461,1.3283323518276962,1.468470048254482,-0.9258520798998268,1.4759924118562224,0.2470759048393212,1.9506162727864065,0.2036635484436602,1.4020106713716636,0.4357337733531471
E01001854,0.0398776112499621,1.6295442007352434,1.6518303683783857,1.0283873161106225,1.374776152909884,1.6809498003134895,-1.384451255620175,1.105243441385276,0.06703226266760276,1.698721399206669,-2.327193061678493,0.2961014126176335,0.8326027332172558,0.4682533044170305
E01004425,0.6193987010725374,0.8525745506719349,0.8655779142422781,-0.9486118186152632,0.7229491172513477,-0.6570200019397111,1.5234912044928777,-0.167750547923759,-0.40695733578013304,-0.8210974393825738,-1.0009641941310432,1.2324470109470915,-0.2525743843711541,-0.2093688098202538
E01000586,0.2661550929813218,0.902114027991808,1.2892948947660614,2.1754691883544512,1.8650324336770503,2.451040810364404,-0.2624657858399151,0.9329647409118704,0.6523569947835522,2.8048213182662614,-0.6433143524179956,1.497913027116867,1.5835431602956564,0.9638144771129504
E01002934,-2.022307933828122,0.1888563288729453,0.2089228165499825,0.4132062220076345,0.0590339624654834,-0.6570200019397111,-1.0981925373528456,-0.6419273432929213,1.3286967626064459,0.08632820771781237,0.7215344630217428,0.7564359218312646,-0.4879579082881879,-1.8383650528073816
E01000902,1.2136690020889005,1.063933498556213,0.9540287914494976,0.9189793383997558,0.5133640868881496,-0.6570200019397111,1.0111996281651114,0.7804624402684897,-0.7974048101066167,0.8767327475805778,-0.6643783816584766,0.3455998100585936,0.5341102041186848,0.6928859419378878
E01001544,-1.1943855454835055,-0.4882330654924919,0.433462222577074,-0.9486118186152632,0.205213860741501,-0.6570200019397111,0.9041314322417466,0.2812149604196943,0.7847351934103357,-0.4111873872598522,-0.5940324353652262,0.0758911359418962,0.5965797735903575,0.6412574061906483
E01000219,0.1066177919018515,0.4840321193785952,-0.1956497454617295,-0.9486118186152632,-1.1642713888564094,-0.6570200019397111,0.499651580975702,1.0183056127636323,-0.07005002184216219,0.18559566085406456,-0.3282810827018354,-0.4246467590151619,0.5488029250751921,-0.0505125871642912
E01004744,0.5955541429759139,0.7180655282495554,1.7862196065043994,1.6048277205188584,0.7185078409393201,2.1768883727388872,-1.0892701876925657,1.494198463975853,1.29645488918074,2.8665747394525476,-2.3712196063590514,1.3331926941525434,1.3980965538945989,1.2995707453194132
E01000909,-0.8738360222051861,-0.2140911166884554,-0.0874015678704367,1.1158830219666374,0.7494408604875791,0.7646561378114887,0.1442446528411997,-0.4320895685295827,-0.6681840778199718,-0.09752992567988505,0.11029755914151074,0.3789439790284273,0.5933046906420293,-0.8340973104674737
E01004750,0.0009151116797063,-0.3542881501644584,1.8888360125473465,2.206067500233038,1.6172456379972813,2.262487950698408,-0.9383337726061554,1.493711901227861,0.0020704291488788844,4.166899740550464,-2.1229688542548066,3.292949965596402,2.5537972084737057,2.5501048805719124
E01000522,0.9828438469061228,0.7664244685716518,-0.0944702692402374,-0.9486118186152632,-0.0988556466037983,-0.6570200019397111,-0.6364609424333351,-0.4586276533097464,-0.6457480662006939,0.08961561390905516,0.41816756963210017,-0.7153809245572027,-0.5219562244245678,0.1839548335635615
E01001077,-0.0382932080771126,-0.0917167165883302,-0.6892876961478092,-0.9486118186152632,-1.1642713888564094,-0.6570200019397111,0.447604541290733,-0.7402186461037269,0.025159403645102284,0.6538664549918982,-0.2940851365870609,-1.0352116458129523,-1.7232493009684755,-0.6043031045026968
E01004039,0.3678017401251754,1.1021548634727558,0.5851007037633047,-0.9486118186152632,-1.1642713888564094,-0.6570200019397111,-1.5911523560833376,1.9318070701342704,-0.24165310001047188,-0.5550334426699789,1.0454189240802503,0.1119058541495428,0.6721009670042132,-0.7781671461981134
E01002832,0.9784190835479863,1.3349281263154529,1.691649987582727,1.463557864502372,2.277682447450307,2.1226111663297744,-1.4052700714941626,1.921865233220156,2.0768032720891,2.47582764331204,-2.98284194546255,1.6520227553772435,1.4437692710053625,0.6312798807254935
E01001638,0.7794276425251339,1.0047599626991106,0.6211619460822921,-0.9486118186152632,0.3830637241195009,-0.6570200019397111,-0.9658443507253532,1.2027805566387255,-0.5120995512037279,-0.5892415633277193,0.6345790571870306,-0.1445397167544413,-1.0544373439743082,0.4932699497577641
E01002917,-1.9795352213661372,-0.6195107721401388,-0.699286979140107,-0.9486118186152632,-1.1642713888564094,-0.6570200019397111,-1.067707842680221,-1.2708887610643744,1.300594234981706,0.6633518930160704,0.7015054088688035,-1.3069102993121269,-0.5099386816542976,-1.986347364071377
E01002874,0.1232106544948627,0.7300876643521603,0.7923296709911319,-0.9486118186152632,0.1633375419170888,-0.6570200019397111,-0.4416563081838798,-0.1928573732067647,-0.08095186445520776,-0.7516132901417308,0.29017702845965837,0.5714381035860346,0.7800319176652434,0.1938134306170504
E01000839,-1.95065134944497,-0.5922411237306778,-0.8723405820520951,-0.9486118186152632,-1.1642713888564094,-0.6570200019397111,-0.3680469234865666,-1.2351441206694689,1.2816169533960342,0.8275125859923351,0.2418141903830487,-1.6686326678281669,-2.327294197111397,-1.7770093464922618
E01003822,-2.0783549363645157,-0.9737839707206284,-1.0164291218363233,-0.2055692386622534,-1.1642713888564094,-0.6570200019397111,-1.2773830596968103,-1.309802573146984,1.3655207643216223,0.20894656073003579,0.8392662203597524,-1.2946404265295377,0.1900312734131079,-3.313246288767379
E01002579,-1.1508753724618317,-0.8631529584104463,-0.9050801282304852,-0.9486118186152632,-1.1642713888564094,-0.6570200019397111,1.435754766166787,-0.1166105673616363,0.7561481394472384,0.8585697064332563,-0.9433195992518519,-0.1784782545695297,0.8411749162344682,-0.6095451278748034
E01003256,0.9174556772803304,0.2422779180187248,0.2239360020569442,0.8640874644083302,0.8587837518629448,-0.6570200019397111,0.5569033246291679,-0.3228062278274776,-0.6027867308663216,0.19350029220712353,-0.3658966234280875,0.2127761661599378,0.137035084481897,0.7757774254078353
E01000213,-1.50670009251196,-1.2657111489793451,-1.1650379521408274,-0.9486118186152632,-1.1642713888564094,-0.6570200019397111,0.5323668630633968,-1.128275292928228,0.9899320977047709,1.1051687705361122,-0.34977567740255083,-0.9833916088946036,0.5785531908407143,-1.9371311100543844
E01003251,0.7864335178421831,-0.0605006057593453,-0.6561886316854205,0.3651680943316544,0.6903593598448138,-0.6570200019397111,-0.9071055487951738,-0.8448989086458596,-0.5167025514181249,-0.23961915215466087,0.5959864894289278,0.3643714965634101,0.6819508895930135,0.3081530204594079
E01002390,-2.0660639270363585,-0.8275466179046391,-0.8473670721599529,0.5123801182560012,0.1481207232316847,-0.6570200019397111,1.6461735123217334,-0.7972782628048549,1.3574453253489955,-0.4341740406395581,-1.0815689242587263,-0.6462726711198679,-1.5427488587191331,-2.350453674195522
E01003737,-0.4931834633121817,0.0633543670202417,-0.493803959236391,-0.9486118186152632,-1.1642713888564094,-0.6570200019397111,-0.9881502248760542,-0.4178609916770736,0.3240314000220031,0.46842827181065017,0.6492344626647911,-1.1241229315724837,-1.698721352352634,-1.049214268632068
E01004728,-0.4586457271000622,1.19411022008546,0.9081125580212064,0.5788239519817477,-1.1642713888564094,1.57922115529435,0.7264279681744956,2.713051537926144,-0.7243030350217774,0.5256372996780889,1.1471904151386543,-0.0044305443327439,0.6388233416961852,-0.3807802403227732
E01032568,0.598626895307953,-0.8919132131830942,-0.0864063180528707,0.3250083887469237,0.3838731910808121,-0.6570200019397111,1.6179194050641783,-0.0147370354526553,-0.3933098439163945,-0.028082778207917734,-1.0630054106535627,1.7010180566521584,-0.5562227210019705,0.9430679755834002
E01000407,-0.4870379586481035,-0.8507535719663891,-0.5387785177108408,-0.9486118186152632,-0.2767190075671457,-0.6570200019397111,0.2423904991042838,-0.4599691191674028,0.3199936805356899,0.5110916695165165,-0.1592554061916641,-0.6037238663771971,-1.146082447150374,-0.2104506592271692
E01001555,1.1464371810638845,0.9147566492562796,0.1949152956948742,0.6099009707172158,0.9247540020240388,1.0957787732526294,0.7033785648854377,1.4169764183807247,1.256241527877386,0.11887902805193694,0.7707473009623599,0.3630877895656197,0.5934184617344661,0.5179252778662878
E01002837,-0.6900854327492476,0.9751744970452556,1.302923835800755,0.6697020008217657,0.2894411456977478,-0.6570200019397111,-1.515312383970954,1.818706262308896,0.45339993236347703,0.8725706997541354,0.9955905454558645,-0.0817179435001019,1.315413976246412,-0.5894335824797695
E01002132,-1.2436724928894127,-0.6163380496381986,-0.4419244301263212,-0.2288549358048286,0.5644909125221561,0.8500770060471984,1.4104747754626592,-0.0394364619963688,-1.0572173892586876,0.10113658708714471,1.1990121742303916,-0.5510197450207861,-0.6553064094211989,-0.579978603700645
E01002702,0.8708727519266176,1.3211088922372505,1.4894443621732816,1.5564705108156742,1.232816921295704,2.107783480026189,-1.1160372366734064,2.332244818522508,1.83561119971587,2.3182762272233735,-2.352364850554284,1.1105164194788828,1.4508154144359466,1.302837696726502
E01000071,-0.0052303929843718,0.2493252131160949,0.0737798239163224,-0.0601928640309845,0.3679068666108408,-0.6570200019397111,1.3480183278406963,-0.5518909705572806,0.003436472808737411,-0.004441018909225172,-0.8856750043726604,-0.3573963247726701,-0.9645974942566324,0.1462197916082475
E01004083,1.4905854422522644,-0.3881369169181408,-1.135375448962676,-0.9486118186152632,-1.1642713888564094,-0.6570200019397111,-0.0832752634959505,-0.7275489322859576,-0.9793444501598879,1.077030569451605,0.05471351378363935,-0.9565664860789952,-0.8700193003081382,0.5434820795959825
E01002168,0.6323042608671016,0.1485418380224321,-0.3189145358748168,-0.9486118186152632,-1.1642713888564094,-0.6570200019397111,-0.1055811376466515,-0.4903225784942046,-0.4154365467013907,0.30252609785905255,0.06936891926139988,-0.9042639555256116,-0.6448651576050236,-0.6882477068730556
E01000512,0.0015296621461141,0.4435283625820801,0.0505640801663924,0.2108469793524139,0.3963072120883875,-0.6570200019397111,-0.3687904526249231,-0.7824488999922777,-0.0010050186262069887,0.010661283566817139,0.2423027038989739,-0.3741350033574064,-0.2999512126048302,0.0409386436830628
E01000394,-1.2329793147739163,-0.2197293279380477,-0.0500896805365312,0.8257011301771697,0.7753645165050848,0.7278763736002378,0.819369110469083,0.8163485160956403,-0.8974565123617444,-0.041359105829227194,0.5963994167682888,0.2079857797389168,-0.4321116246683608,-0.5267126552662112
E01004195,-1.2031121621064964,-0.1629306062300565,0.0163924862953123,1.40093071275145,1.5759600298341596,-0.6570200019397111,1.4141924211544428,0.5853269216154764,0.7904687550809003,0.022964737509460237,-0.9291527072900168,0.1020723562872375,-0.3422131770368026,-0.344339983637212
E01001126,-1.6248166921555431,-0.3142510046994701,-0.8828184524095383,-0.9486118186152632,-1.1642713888564094,-0.6570200019397111,1.163623101528235,-0.3239329191576144,1.0675370662317099,0.8374520176473244,-0.7645236524231737,-1.341125750554258,-1.1843244568471314,-1.6248847691813375
E01000917,1.1584823702054778,1.377566099556072,1.904522967084404,1.9223799323716768,1.311929503812017,2.468525752146736,1.254333656407752,0.7463541481498784,2.859743564260211,3.661216732664022,3.096354932626912,1.5595798197073272,1.038092862586349,0.703694747198748
E01000351,-1.5059626319522708,-0.5928387395679234,-0.8996058521950616,-0.9486118186152632,-1.1642713888564094,-0.6570200019397111,0.9613831758952124,-0.5000124600523989,0.9894475713664134,0.8533767434876911,-0.631647976091478,-1.4760262064068606,-1.6545464751616108,-1.2905601883058069
E01001065,-0.3351210833520902,-2.6601451701737298,-2.1654387366152066,-0.3765170108302412,-0.2293385476231491,-0.1380097268420144,-0.153910531639837,-1.3160162478101889,0.046249969172421905,0.8153245202463716,0.02124115042972312,1.1707993722837529,0.6152534297154162,0.1015301231222965
E01001329,0.4941533160186234,-0.2941272723327556,-0.9676392018200244,-0.9486118186152632,-1.1642713888564094,-0.6570200019397111,0.7524514880169799,-1.0798651850809506,-0.3246686126490706,0.9179139830019151,-0.49437567811645466,-1.0097818239703196,-1.915841987125376,-0.3706707844133822
E01003991,1.3311710512660755,0.9457100289040264,0.0765101001066469,0.5522178012865221,-1.1642713888564094,-0.6570200019397111,-1.3257124536899958,-0.5853649295245248,-0.8746060066849242,0.04225023925710425,0.8710195988949002,-0.2355130107566812,0.1139317880255582,0.3232699666580911
E01032775,-1.2247443385240515,2.039781596098002,2.085382488887691,1.0298790242684754,-1.1642713888564094,-0.6570200019397111,-1.720154661588225,-2.0018072105358304,0.8046815276727225,2.1476916828822197,1.1301760190932988,-1.0833604656132088,-1.8367981418615689,-1.892656352929735
E01003503,1.335841634810775,1.2117165673244343,1.2598553619555244,1.281346166322453,0.906448531737863,-0.6570200019397111,0.6572797583073225,0.9152258793140908,-0.8776746734945222,1.6143108381624975,-0.4318459480780099,1.1780182201140172,1.1000789070565864,0.768908082909909
E01001041,0.2306340760229498,0.1171146258028346,-0.029668099548811,1.256594586561657,1.3760967525185024,-0.6570200019397111,-1.3569406775009771,-0.2082815893221884,-0.15153120107596196,-0.03728077328660824,0.8915371665637649,-0.388636430077883,-0.0046947851841947,0.7523685910663777
E01002084,0.717358045417944,-0.4379962644173273,-0.1997674066127159,0.5746811681179639,0.3119022215769844,-0.6570200019397111,-1.2290536657036248,-1.016874984010425,-0.47131858439196495,-0.11480256658409183,0.8075128418246046,0.5222318276540884,1.0209194386354188,0.4512478575790667
E01004535,1.2730345771438958,1.4932590859596997,0.3753531597082233,-0.9486118186152632,-1.1642713888564094,-0.6570200019397111,-0.0780705595274536,0.4197366905542192,-0.8364091803444017,-0.35606444345380306,0.0512939191721619,-0.1935453511458858,-1.004922569512143,0.9170055704599376
E01000174,-0.289767258931193,0.2124226445826592,0.7048460790987235,0.462332454316227,0.4382290934157081,0.8949175065438173,1.7190393678806897,0.6870376880657706,-0.2593177928407399,0.3258732176648823,1.5383984247544467,1.115415730363048,0.2827303072064263,-0.0412860624911366
E01001560,1.1382022048140197,-0.4296787635765187,-0.6373944896585754,-0.9486118186152632,-0.3635030675633493,-0.6570200019397111,-0.8253173435759368,-0.3336660191718378,-0.7478216148146907,0.6046399460103687,0.5422500026771392,-0.2590939856192935,0.2554564582896103,0.3449114967732795
E01004042,1.5167652921212376,0.6853491294669414,0.4800534887659185,1.2811439522601635,1.5079812636417498,1.917658107331004,-0.6780985741813104,0.6606137299303393,2.90863725935457,0.6150176238938488,-1.300361228348384,0.9792963459439116,1.1549120668246136,0.8832558217983014
E01002751,1.285325586472052,1.498461072862496,0.910123358433718,1.464711153514348,0.8903694082585615,2.1242624962815784,-0.3695339817632799,0.7012212473276207,2.730368938853705,1.3330678341718036,-0.7849871785613363,0.2193732773539146,0.4454505603575563,0.3816448303602663
E01003633,1.3381769265831247,1.2015468173264905,0.3678308601317705,-0.9486118186152632,0.4287140641031826,-0.6570200019397111,0.6914820986717308,1.319382436509092,-0.8792090068993212,-0.34892870117241537,-0.4543175698105761,-0.2807665575911112,-0.4012615420188078,0.512461823503118
E01001070,-0.5121116176775427,-1.1829230952525862,-1.4394119728876211,-0.3408780404839912,-0.3590544998271824,-0.6570200019397111,0.5360845087551804,-1.0180350065557726,0.33646757603984767,0.4906639327671281,-0.35221824498217774,-0.6426155271763966,-0.5350907307753613,-0.500783967157611
E01003222,0.3236770166370938,0.0939048968803657,-0.1253845428835056,0.1233033062048579,-1.1642713888564094,-0.6570200019397111,-0.0713787972822432,-1.3894526277219437,-0.21266227409874328,-0.015460328684521026,0.04689729752883367,-0.5123522884359164,-0.4294001861904484,-0.1517118695871811
E01004144,-1.322580772776177,-0.8258403956901746,-1.0042125283177918,-0.9486118186152632,0.4001595393287705,-0.6570200019397111,0.1918305176960284,-1.1261717707152663,0.8689620218948284,0.952607872763772,-0.12603648710874038,-0.6867341061532939,-0.4682973779859494,-0.6774963959781907
E01001656,-0.0701269222370377,-0.7089190777874553,-0.902587597624394,-0.9486118186152632,-0.0850411825343707,-0.6570200019397111,-1.5413359038134389,-0.2117823621840644,0.04607479058420448,0.8562052624420579,1.012688518513252,-0.8607810879835501,-0.3357101904410428,-0.0376014200359745
E01002057,0.3857466137442838,0.4670467671694876,0.978540580796586,0.927696465639704,0.8689390432937776,-0.6570200019397111,-1.6922723188998487,-1.0596320260187144,-0.25344324091050635,0.907788638290016,1.111856762246098,0.8050975714911808,-0.0276876524822231,0.0957533577457114
E01003308,0.4410561557209876,0.4538194028733623,0.3968388087838946,0.1901379596033802,-0.1413456704731318,-0.6570200019397111,0.8952090825814665,-0.1304988050650621,-0.2897827162873248,0.07545412139360567,-0.5881702731741221,-0.4330481421500035,0.2515711456349694,0.065990138975075
E01000039,0.3423593508158916,-2.6392524246831406,-2.859580040061664,-0.6590109645938407,-1.1642713888564094,-0.6570200019397111,-0.7487338423251969,-1.7690823802814248,-0.22493694133713532,1.8844946005343308,0.4919331105368282,-1.0322957572391795,-1.7674476907047316,-0.0159003352615373
E01004221,0.0082897172766001,0.794439004278494,1.0778113370337,1.6713984255409466,0.9420785917821896,1.1209863943051763,-0.8669549753239121,1.2636552755367474,0.009292660279705272,1.8014521717483087,-0.9718447318132853,0.5484035464823468,0.3737995040355018,0.6264045187101696
E01000808,-1.5970390110739097,-0.7416112616239084,-0.9741682270936054,-0.9486118186152632,-1.1642713888564094,-0.6570200019397111,1.6015617640203312,-0.778623023043774,1.0492865741535744,0.9241074935404717,-1.0522581133032052,-1.5871028592833465,-1.3303840476346296,-1.9854499813022488
E01002690,-1.0900348762874574,-0.0902251114690689,-0.0351070602933652,-0.9486118186152632,-1.1642713888564094,-0.6570200019397111,-1.304893637816008,0.4380507278599795,0.716174716532738,0.03330297231112486,0.8573412204489903,-0.3585481183439788,0.3201323415029704,-0.5455892255319991
E01001538,-0.9661415022596408,-0.2833529433343535,-0.8496868277692883,-0.9486118186152632,-1.1642713888564094,-0.6570200019397111,1.2721783557283133,-0.6239708477062286,0.6347742916886646,0.8060229669436585,-0.8358466257482748,-1.503690691766708,-0.4285121238800577,-1.97037812969572
E01001418,0.2253489420118425,-1.4422955880694657,-1.1906791665633385,-0.1259455854437918,-0.0322538966426957,-0.6570200019397111,1.5636417779641394,-1.0489186666829668,-0.1480587623177326,0.14996078470854576,-1.0273439239910123,-0.5867640998647938,0.445789607240567,-0.190801804863648
E01002749,0.3893110064494491,1.1187428678674356,1.1589848896337265,0.8999003754005607,0.6985228397331046,2.0492928443880403,-1.5584370739956428,1.1338657708040727,0.7978122597583622,1.0429709372649678,-3.1936939441683054,0.1238786132841776,0.1816063147272532,0.0617844343308447
E01002969,1.392257367627013,1.6615313997998598,0.1538830442795593,-0.9486118186152632,-1.1642713888564094,1.64253102640918,1.1606489849748085,0.1502904660475553,2.2868259230741406,-0.1459752744880858,1.906401968591445,-0.525707692541254,-0.2070331666225482,0.3317708457104701
E01002146,-2.030419999984705,-2.0969256315686158,-1.916198020718218,-0.5032240285027832,-1.1642713888564094,-0.6570200019397111,-1.449138290657208,-1.6297590074680577,1.3340265523283792,0.9642768873948814,0.9521128425385084,-1.211972515045276,-0.5486934722603349,-1.6449230993776134
E01000254,-1.4772016701243846,-2.760946223138601,-2.3955686505283813,-0.9486118186152632,-1.1642713888564094,-0.6570200019397111,1.4907759224051829,-1.4867935586599863,0.9705510441704677,2.27246473419544,-0.9794695994303279,-1.121415398186439,-0.6370031435908884,-1.2170500138894853
E01002167,0.1534465374421274,0.2517415135778223,-0.0577989465326508,-0.9486118186152632,-1.1642713888564094,-0.6570200019397111,1.522747675354521,-0.2098353455683176,-0.1008174443278685,0.05482876378438424,-1.000475680615118,-1.1874034077542537,-1.2094769059044783,-0.9306003590789584
E01002477,-1.1348970603352284,-0.8472516447085667,-0.801115689550599,-0.9486118186152632,-0.4269461538480616,-0.6570200019397111,0.960639646756856,-0.2227083230581512,0.7456500687828242,0.7599478111858143,-0.6311594625755529,-0.8154380979774863,0.2102178214802805,-0.928461525262198
E01000628,1.098379334590793,-0.6286278011219745,-0.8617523376362168,-0.9486118186152632,-0.4679425153019745,-0.6570200019397111,0.2260328580604366,-0.2946975040335164,-0.7216571925433815,0.817468452201046,-0.1485081088413065,0.7860645856031748,0.989083887760712,1.4095647879584037
E01002558,0.4716607689480971,0.2031194462361789,-0.4444464380759274,1.3193757025074275,1.3729101137081423,-0.6570200019397111,1.3547100900859068,1.2434564837540394,-0.3098905593291644,-0.5863918314633506,-0.8900716260159887,0.0803368120232945,-0.3457479888825313,0.9353079580929596
E01003034,-0.0445616228344724,0.8228755590175318,0.8445658473852049,1.1224952923086935,0.8085156237188906,1.2751863077056844,1.1130631201199797,1.3422012000113377,-0.056824371287664176,0.948021187734595,1.4193628503891655,0.1413701113024329,0.4836385202316505,-0.5408161376674377
E01000677,-0.6596037296154197,-0.6546021613651497,0.2046348517345438,0.8873212857971933,0.9335270148661626,0.4211527206076686,1.6967334937299887,-0.8828669506436153,-0.277793905250499,0.1815768597600134,0.7145839270305394,2.377191705101445,0.1393948262234263,0.7915692509225374
E01004089,1.1840476696080433,0.5345019568757746,-0.06062044608037,0.9553622049439102,0.0153526840889102,-0.6570200019397111,-0.6357174132949783,0.1442856102919228,-0.777943002182587,-0.0579144830320257,0.4176790561161748,1.8991832200016816,-0.0977357522054944,0.9886554528197836
E01003732,1.1095641530794154,0.8771296722162331,0.4361020467304798,-0.9486118186152632,0.318403708245273,-0.6570200019397111,-0.7769879495827513,-0.4421539487016652,-0.7290058420084714,-0.413691555650839,0.5104966241419914,-0.6167299586943803,0.5467470374308613,0.5484133529062696
E01003359,-0.3200031418784578,0.3526514551409336,1.0062065776825382,0.5200983734719342,0.4923266495459843,1.4932440175488486,-0.6312562384648382,0.5537269330793146,-0.47784277720684254,0.5233264044294496,-0.9426196016280091,-0.1577024465226511,0.2570593799139309,0.356015163202915
E01001589,0.7563205449881999,0.1208044507776778,0.0087429917559317,0.8923365429431083,0.7833551313596695,0.8111133068210913,-1.2320277822570516,0.4725491885608149,0.6134616582621087,0.007801691038468188,-0.9993141285619725,0.6073340366598787,-0.0444900589227168,1.1297222405327412
E01001321,0.6367290242252379,-0.23481143235329,-0.7837453588534701,-0.1550190019499615,-1.1642713888564094,-0.6570200019397111,0.3524328115810756,-0.3866724713352681,-0.4183437047315362,0.12149542331237935,-0.23155540654861612,-0.6720264250870638,-0.3573191638411027,0.1522921998713475
E01001999,0.6786413660342513,0.9689386407140522,1.080954147933228,1.7068005652713236,1.868756462304825,1.9094766092826403,0.8535714508334912,-0.4958755034529724,1.2958498145340214,1.8449731507248157,1.6298747197179986,0.7659755793071021,0.5984559276341415,0.5449656715097029
E01003153,-0.470813826334937,1.0742621917118569,1.5298889196615448,1.6397651080161566,1.6208111974320465,1.2038952925521016,0.3368186996755846,0.5837737796206679,-0.5668105491930734,2.508658469601534,0.40549444698295634,0.8681034190053555,1.3153784479586572,0.3478932083036716
E01002877,1.4014756246231304,0.6559121077632104,0.474705781354575,0.1646398392200718,0.8393005288096893,-0.6570200019397111,-1.5049029760339605,0.5527517291896841,-0.9207975176083469,0.07815548351905578,0.9887513562329098,0.3534121058897917,0.8043765322304435,0.5276295268265406
E01000202,-1.6341578592449422,-0.1076356303377246,-0.1088853089069629,0.3657443206484108,0.0163994869447352,-0.6570200019397111,0.170268172683684,0.1491367974944688,1.073674399850906,-0.039824183334769496,-0.11186959514690513,-0.7105205305759454,0.2215346053081771,-1.2094273799131623
E01001904,-1.2087660263974485,0.5123883062979114,0.7763209946960358,0.2622461225812047,-1.1642713888564094,-0.6570200019397111,-1.04540196852952,-0.2455353952641255,0.7941834570083085,0.2035871707374194,0.686850003391043,-0.2992461377516272,0.7514763641938706,-1.0980940660615344
E01001021,1.1808520071827229,-3.38721417221222,-3.877399963884855,-0.7203994058481992,-0.3439697143511011,-0.6570200019397111,0.6862773947032336,-1.76485562591114,-0.7758433880497043,2.7932766302184784,-0.4508979751990984,-0.5845444245213077,-0.6296618441277254,0.618367665249099
E01002890,-1.2911157888960965,0.1427226416841938,0.7095692451885881,1.3208309912765877,1.434593593689575,1.0229614480459206,-1.4446771158270677,0.855062689206625,-1.320761677004102,0.937221049501823,-1.4778489943652613,0.4046924999961622,0.8246862349501799,-0.940259191549923
E01002152,-1.6772993019867712,-1.130475983950742,-1.2191859687445417,-0.9486118186152632,-1.1642713888564094,-0.6570200019397111,-0.0936846714329442,-0.7505889818211923,1.1020191906448245,1.156534219040971,0.0615527030065942,-1.708237764010529,-0.5916187487068469,-1.7983169294520294
E01002692,-0.3090641435763985,-0.3279190030756746,0.579872799303083,0.8256293928459594,0.8100980613943952,1.2775582950410909,0.0594823310685359,0.6258910044127511,-0.3948474603257986,0.47876002721649125,0.07599214546498843,0.7620787071358276,0.7809397197524371,0.3067708047337828
E01001132,-1.2440412231692577,-1.039291775669127,-1.2074847789920469,-0.9486118186152632,-1.1642713888564094,-0.6570200019397111,1.0238396235171756,-0.3225548490815618,0.8173599668597462,1.1454343321498948,-0.6726831114292078,0.9685115918519834,-0.7840220613112494,-0.4518288533425623
E01000492,-0.649893832246176,-0.0215473297103652,-0.3077031149450626,-0.9486118186152632,0.3711445818603586,-0.6570200019397111,-1.41716653770787,-1.1909538791674474,0.42699324692298884,0.2918908114616172,0.9311067613537184,-0.5061744996162525,0.4216842646811217,-0.9990688020018392
E01003050,0.7648013414246277,0.9499391241564124,1.2553827937035411,1.0342887714067392,1.3608802744324362,1.373758058271757,0.9361031851910848,0.0916564200863567,1.0506520057591318,1.2984283273447956,1.2859792940301116,0.8789124155899867,1.8475901957739305,1.0093104453088102
E01004351,-0.438119741522041,-1.0023272109179644,-1.0183173284101943,-0.9486118186152632,-1.1642713888564094,0.3548652582543091,-1.4186535959845832,-0.6518732457146593,-0.1554734752215302,0.9659878528306307,-0.5034308747124734,-1.0587000618188394,-0.2900637970052667,0.1983682182529658
E01003549,0.603420388945934,1.0802378559394912,0.4751231740575645,0.7040909664408007,1.2610435080220432,-0.6570200019397111,0.0,0.9732948336979071,-0.3964592651157188,0.33452993480061133,-0.0,-0.1460581176740088,-0.3220846844194301,0.1407429677334322
E01032780,-0.3011978976063784,-0.4311585709354488,1.0169761790725629,1.5510779483534165,0.4690370163690616,1.8977319415583536,-0.6951997443635143,0.6482136662640322,-0.5715928710178466,1.5774093253601675,-1.319302760641843,0.8727619354217788,1.2469843705334718,0.913148665257814
E01001236,-0.2884152479050957,0.37981927728562,0.3786310632103766,-0.9486118186152632,-1.1642713888564094,1.1110510358404366,-0.6587668165840361,0.0118473272061121,-0.32044405993713293,-0.359173901456226,-0.7319235539430002,-0.3731334239309373,0.3708101473051874,-1.1711998516574489
E01002556,-0.2079091368056712,0.1985132529362577,-0.7752704918991302,-0.9486118186152632,-1.1642713888564094,0.8502636590455048,0.2803104851604758,-1.1605671802465631,-0.17677758340938243,0.7354307512391837,0.23833781878136684,-0.8584383404590762,-0.1294308161548027,-0.4145847029934791
E01002507,0.2185888868813565,-2.03231944291358,-1.1363395063687804,-0.9486118186152632,-0.3718081348300866,-0.6570200019397111,-0.4788327651017148,-1.3719017958509006,-0.14361727088278814,1.0779450857008592,0.3146027042559259,0.3786544383369879,0.1105740219407074,0.4689274576438708
E01000802,0.0922373109879085,0.2836441946449641,0.2965230593349047,-0.9486118186152632,-1.1642713888564094,-0.6570200019397111,-1.5517453117504325,-1.2026659449990171,-0.060601758244189376,-0.28128527857704555,1.0195277077362068,-0.533137486938285,-0.8740806040386605,-0.3647515897099568
E01001775,1.3314168714526389,0.6186830761439378,0.4884607461975723,1.1659793015616835,0.480237639891039,1.699417072540828,-1.414192421154443,0.3113508901861201,2.2626325620155114,0.5695351196917441,-2.4033027443677093,0.5463883640213169,-0.1292495769334181,0.4319294537786969
E01000140,-0.225731100331498,0.7142720252403189,0.7176601587624338,1.1044570643155995,0.9768179397584276,-0.6570200019397111,0.2238022706453665,1.235941010942483,0.14830984797765395,0.7926248321230247,-0.14704256829353046,0.4246765735426917,1.7011611916876217,-0.295839763301122
E01003065,1.3977883218246834,0.6673951005156243,0.0770526588062411,-0.9486118186152632,-0.0401104414466289,1.1751610227919589,-1.391886547003742,0.339902246972397,1.6426263539221506,-0.07309306279932974,-1.6356908181872853,-0.3047125789878763,-0.5919422698159582,0.1960541850070103
E01003328,0.6555342684973172,0.192763535076808,0.2081104783243244,0.4505805459188579,0.5375968192426531,-0.6570200019397111,-0.7048656231621514,-0.2489479033760142,-0.43069912635965446,0.09377053293480872,0.4631108130972324,-0.1188504695200398,0.0348972864062635,-0.131410840075487
E01003611,0.980754375320336,0.6807064391415844,-0.0306443423600749,0.9654608907922768,0.758167432392436,-0.6570200019397111,-1.097449008214489,-0.2365232055794664,-0.6443752415753473,-0.029585914072701412,0.7210459495058176,-0.2446982839266464,-0.7992846529186042,0.4265943193859668
E01004676,0.2391148724593777,1.1273499495495498,1.5950618101731142,1.819162494157756,1.2680824981839154,-0.6570200019397111,-0.2669269606700553,-0.3966216282962633,-0.1571032539670741,2.9016766209303078,0.1753763522172009,0.2475714561472639,1.173375007602307,0.7279474666438013
E01000484,1.307572313356015,-0.4418981016077533,-0.3225009795059454,-0.9486118186152632,-1.1642713888564094,-0.6570200019397111,0.1301175992124222,-0.8368763099942679,-0.8591011638574816,0.3059282406743386,-0.08548986528693618,-0.6159358277529314,-0.5697538128923738,0.1231428775406014
E01003243,1.2636934100544968,-0.3243604651259461,-0.3531646293705958,1.5092954598861863,1.441073943907733,-0.6570200019397111,-0.9279243646691614,-0.125130925273898,-0.8302718467252056,-0.5330297717014278,0.6096648678748376,0.8920677718110961,0.8839008495837497,1.0339083833060947
E01003954,-0.1752150519927751,0.915422725848683,0.8667783476267154,0.4225819098149297,-1.1642713888564094,-0.6570200019397111,-1.015660802995252,0.2134927419498735,0.11511979380015967,0.3662848495263264,0.667309462754029,-0.2327828235418442,-0.6915670263501236,-1.5173914645659483
E01000899,-1.7420729211461554,-2.329472044997288,-1.534272136083625,0.2069045930331443,-0.3657186393355876,0.2237662901228403,0.5673127325661615,-0.9821685205638188,-0.3898171946883345,-0.31744795191847536,0.126945465505781,0.257618051086343,1.006683788945289,-0.8289235227763488
