LSOA_code,population,burglary,theft,violence,burglary_annual,theft_annual,violence_annual,burglary_rate,theft_rate,violence_rate
E01000001,1475.0,0.0,0.0,0.0,0.0,0.0,0.0,0.0,0.0,0.0
E01000002,1384.0,0.0,0.0,0.0,0.0,0.0,0.0,0.0,0.0,0.0
E01000003,1613.0,0.0,0.0,0.0,0.0,0.0,0.0,0.0,0.0,0.0
E01000005,1100.0,0.0,0.0,0.0,0.0,0.0,0.0,0.0,0.0,0.0
E01000006,1845.0,15.0,62.0,157.0,3.0,12.4,31.4,1.6260162601626016,6.720867208672087,17.018970189701896
E01000007,2908.0,76.0,658.0,863.0,15.2,131.6,172.6,5.226960110041265,45.254470426409895,59.353507565337
E01000008,1795.0,46.0,164.0,302.0,9.2,32.8,60.4,5.125348189415041,18.272980501392755,33.64902506963789
E01000009,1804.0,62.0,275.0,459.0,12.4,55.0,91.8,6.873614190687362,30.48780487804878,50.886917960088695
E01000011,1701.0,23.0,63.0,286.0,4.6,12.6,57.2,2.704291593180482,7.4074074074074066,33.62727807172252
E01000012,2347.0,34.0,92.0,390.0,6.8,18.4,78.0,2.897315722198551,7.83979548359608,33.23391563698338
E01000013,1871.0,63.0,280.0,404.0,12.6,56.0,80.8,6.734366648850881,29.930518439337252,43.185462319615176
E01000014,1751.0,26.0,77.0,229.0,5.2,15.4,45.8,2.96973158195317,8.794974300399772,26.156482010279838
E01000015,2418.0,51.0,68.0,280.0,10.2,13.6,56.0,4.218362282878411,5.624483043837882,23.159636062861868
E01000016,1851.0,27.0,72.0,155.0,5.4,14.4,31.0,2.9173419773095626,7.779578606158833,16.747703943814155
E01000017,1722.0,30.0,52.0,215.0,6.0,10.4,43.0,3.484320557491289,6.039488966318235,24.97096399535424
E01000018,1776.0,34.0,38.0,227.0,6.8,7.6,45.4,3.828828828828829,4.279279279279279,25.563063063063062
E01000019,1657.0,31.0,51.0,176.0,6.2,10.2,35.2,3.7417018708509358,6.1557030778515385,21.24321062160531
E01000020,2191.0,47.0,85.0,173.0,9.4,17.0,34.6,4.290278411684162,7.759014148790507,15.791875855773618
E01000021,1693.0,31.0,75.0,318.0,6.2,15.0,63.6,3.6621382161842884,8.860011813349086,37.56645008860012
E01000022,1477.0,20.0,39.0,167.0,4.0,7.8,33.4,2.708192281651997,5.280974949221395,22.613405551794177
E01000024,1485.0,23.0,40.0,188.0,4.6,8.0,37.6,3.0976430976430973,5.3872053872053876,25.319865319865322
E01000025,1920.0,38.0,44.0,217.0,7.6,8.8,43.4,3.9583333333333326,4.583333333333333,22.604166666666664
E01000027,2082.0,35.0,78.0,372.0,7.0,15.6,74.4,3.3621517771373677,7.492795389048991,35.73487031700289
E01000028,1817.0,19.0,58.0,264.0,3.8,11.6,52.8,2.0913593835993396,6.384149697303247,29.058888277380298
E01000029,1819.0,26.0,52.0,202.0,5.2,10.4,40.4,2.8587135788894997,5.7174271577789995,22.21000549752611
E01000030,2563.0,50.0,164.0,483.0,10.0,32.8,96.6,3.9016777214202105,12.79750292625829,37.690206788919234
E01000031,1770.0,42.0,69.0,292.0,8.4,13.8,58.4,4.745762711864407,7.796610169491526,32.994350282485875
E01000032,2078.0,65.0,260.0,310.0,13.0,52.0,62.0,6.256015399422521,25.024061597690086,29.836381135707413
E01000033,1543.0,19.0,39.0,190.0,3.8,7.8,38.0,2.462734931950745,5.055087491898898,24.627349319507452
E01000034,1575.0,20.0,60.0,221.0,4.0,12.0,44.2,2.5396825396825395,7.619047619047619,28.063492063492063
E01000035,1859.0,41.0,175.0,368.0,8.2,35.0,73.6,4.4109736417428715,18.827326519634212,39.59117805271651
E01000036,1470.0,26.0,94.0,292.0,5.2,18.8,58.4,3.5374149659863945,12.789115646258503,39.72789115646259
E01000037,1696.0,35.0,47.0,221.0,7.0,9.4,44.2,4.127358490566038,5.5424528301886795,26.06132075471698
E01000038,1616.0,32.0,112.0,115.0,6.4,22.4,23.0,3.9603960396039604,13.86138613861386,14.232673267326733
E01000039,1752.0,14.0,33.0,180.0,2.8,6.6,36.0,1.598173515981735,3.7671232876712324,20.54794520547945
E01000040,1879.0,42.0,95.0,273.0,8.4,19.0,54.6,4.470463012240554,10.111761575306014,29.0580095795636
E01000041,1842.0,23.0,36.0,179.0,4.6,7.2,35.8,2.4972855591748098,3.9087947882736156,19.435396308360477
E01000042,1882.0,36.0,49.0,317.0,7.2,9.8,63.4,3.8257173219978746,5.207226354941551,33.687566418703504
E01000043,1537.0,31.0,60.0,172.0,6.2,12.0,34.4,4.033832140533507,7.807417046193884,22.381262199089132
E01000044,1988.0,44.0,69.0,235.0,8.8,13.8,47.0,4.4265593561368215,6.941649899396379,23.641851106639837
E01000045,1723.0,49.0,488.0,375.0,9.8,97.6,75.0,5.6877539175856064,56.64538595473012,43.52872896111434
E01000046,1956.0,40.0,48.0,226.0,8.0,9.6,45.2,4.08997955010225,4.907975460122699,23.108384458077712
E01000049,1973.0,22.0,300.0,203.0,4.4,60.0,40.6,2.230106436898125,30.410542321338063,20.577800304105423
E01000050,1839.0,28.0,73.0,229.0,5.6,14.6,45.8,3.045133224578575,7.9390973355084276,24.904839586731917
E01000051,1107.0,36.0,108.0,251.0,7.2,21.6,50.2,6.504065040650406,19.51219512195122,45.347786811201445
E01000052,2368.0,41.0,75.0,313.0,8.2,15.0,62.6,3.4628378378378377,6.33445945945946,26.43581081081081
E01000053,1617.0,47.0,126.0,253.0,9.4,25.2,50.6,5.813234384662956,15.584415584415584,31.292517006802726
E01000054,1871.0,30.0,49.0,253.0,6.0,9.8,50.6,3.206841261357563,5.23784072688402,27.044361304115448
E01000055,1705.0,26.0,44.0,230.0,5.2,8.8,46.0,3.0498533724340176,5.161290322580645,26.979472140762464
E01000056,1702.0,36.0,168.0,327.0,7.2,33.6,65.4,4.230317273795535,19.74148061104583,38.42538190364277
E01000057,1550.0,51.0,242.0,233.0,10.2,48.4,46.6,6.580645161290322,31.2258064516129,30.06451612903226
E01000058,2135.0,40.0,39.0,318.0,8.0,7.8,63.6,3.747072599531616,3.6533957845433256,29.789227166276348
E01000059,1710.0,26.0,47.0,185.0,5.2,9.4,37.0,3.04093567251462,5.497076023391813,21.637426900584796
E01000060,2180.0,73.0,514.0,401.0,14.6,102.8,80.2,6.697247706422018,47.15596330275229,36.788990825688074
E01000061,1925.0,42.0,117.0,586.0,8.4,23.4,117.2,4.363636363636364,12.155844155844154,60.883116883116884
E01000062,2218.0,53.0,67.0,296.0,10.6,13.4,59.2,4.779080252479711,6.0414788097385035,26.690712353471596
E01000063,1778.0,27.0,48.0,193.0,5.4,9.6,38.6,3.0371203599550056,5.399325084364454,21.709786276715413
E01000064,2296.0,53.0,184.0,364.0,10.6,36.8,72.8,4.616724738675958,16.02787456445993,31.70731707317073
E01000065,1982.0,43.0,68.0,257.0,8.6,13.6,51.4,4.339051463168516,6.86175580221998,25.93340060544904
E01000066,2499.0,45.0,57.0,228.0,9.0,11.4,45.6,3.601440576230492,4.561824729891956,18.247298919567825
E01000067,2237.0,51.0,143.0,216.0,10.2,28.6,43.2,4.559678140366563,12.78497988377291,19.311578006258383
E01000068,1795.0,20.0,82.0,204.0,4.0,16.4,40.8,2.2284122562674096,9.136490250696378,22.729805013927578
E01000069,2096.0,21.0,29.0,137.0,4.2,5.8,27.4,2.00381679389313,2.767175572519084,13.072519083969464
E01000070,2073.0,75.0,502.0,271.0,15.0,100.4,54.2,7.23589001447178,48.432223830197785,26.1456825856247
E01000071,2607.0,36.0,106.0,295.0,7.2,21.2,59.0,2.761795166858458,8.131952435749904,22.631377061756808
E01000072,2150.0,45.0,253.0,279.0,9.0,50.6,55.8,4.186046511627907,23.53488372093023,25.953488372093023
E01000073,1848.0,41.0,74.0,220.0,8.2,14.8,44.0,4.437229437229437,8.008658008658008,23.809523809523807
E01000074,1759.0,31.0,52.0,236.0,6.2,10.4,47.2,3.524729960204662,5.912450255827175,26.833428084138717
E01000075,2080.0,44.0,226.0,302.0,8.8,45.2,60.4,4.230769230769232,21.73076923076923,29.038461538461537
E01000076,2161.0,37.0,55.0,235.0,7.4,11.0,47.0,3.4243405830633966,5.090236001850995,21.749190189726978
E01000077,1719.0,35.0,78.0,217.0,7.0,15.6,43.4,4.072134962187318,9.07504363001745,25.24723676556137
E01000078,1899.0,40.0,62.0,288.0,8.0,12.4,57.6,4.21274354923644,6.529752501316483,30.33175355450237
E01000079,1716.0,38.0,61.0,128.0,7.6,12.2,25.6,4.428904428904429,7.109557109557109,14.918414918414918
E01000080,1777.0,33.0,50.0,218.0,6.6,10.0,43.6,3.7141249296567245,5.6274620146314005,24.53573438379291
E01000081,1976.0,24.0,51.0,214.0,4.8,10.2,42.8,2.4291497975708505,5.161943319838056,21.65991902834008
E01000082,1913.0,50.0,471.0,257.0,10.0,94.2,51.4,5.2273915316257185,49.24202822791427,26.868792472556194
E01000083,1919.0,39.0,45.0,234.0,7.8,9.0,46.8,4.064616988014591,4.689942678478374,24.387701928087544
E01000084,1438.0,37.0,159.0,341.0,7.4,31.8,68.2,5.1460361613351875,22.11404728789986,47.426981919332405
E01000085,1646.0,41.0,102.0,289.0,8.2,20.4,57.8,4.981773997569866,12.393681652490885,35.11543134872418
E01000086,1449.0,28.0,37.0,189.0,5.6,7.4,37.8,3.864734299516908,5.10697032436163,26.08695652173913
E01000087,1636.0,52.0,166.0,322.0,10.4,33.2,64.4,6.356968215158925,20.293398533007338,39.364303178484114
E01000088,1975.0,44.0,79.0,335.0,8.8,15.8,67.0,4.455696202531646,8.0,33.924050632911396
E01000089,1824.0,41.0,43.0,279.0,8.2,8.6,55.8,4.495614035087718,4.714912280701754,30.592105263157894
E01000090,1707.0,83.0,173.0,328.0,16.6,34.6,65.6,9.724663151728178,20.26947861745753,38.42999414176918
E01000091,2091.0,23.0,72.0,336.0,4.6,14.4,67.2,2.199904351984696,6.886657101865136,32.137733142037305
E01000093,1809.0,50.0,87.0,358.0,10.0,17.4,71.6,5.527915975677169,9.618573797678275,39.57987838584853
E01000094,2461.0,41.0,105.0,393.0,8.2,21.0,78.6,3.331978870377895,8.533116619260463,31.93823648923202
E01000095,2250.0,149.0,1089.0,654.0,29.8,217.8,130.8,13.244444444444444,96.80000000000001,58.13333333333333
E01000096,1658.0,53.0,122.0,284.0,10.6,24.4,56.8,6.393244873341375,14.716525934861279,34.25814234016888
E01000097,1933.0,41.0,55.0,294.0,8.2,11.0,58.8,4.242110708742887,5.690636316606311,30.419037765131918
E01000098,1936.0,55.0,327.0,268.0,11.0,65.4,53.6,5.681818181818182,33.78099173553719,27.68595041322314
E01000099,2778.0,64.0,89.0,295.0,12.8,17.8,59.0,4.607631389488842,6.40748740100792,21.23830093592513
E01000100,1942.0,27.0,50.0,247.0,5.4,10.0,49.4,2.7806385169927914,5.149330587023687,25.43769309989701
E01000101,1699.0,37.0,63.0,224.0,7.4,12.6,44.8,4.355503237198352,7.416127133608005,26.368452030606235
E01000102,1784.0,34.0,48.0,216.0,6.8,9.6,43.2,3.811659192825112,5.381165919282511,24.2152466367713
E01000103,1773.0,47.0,42.0,203.0,9.4,8.4,40.6,5.3017484489565705,4.737732656514383,22.89904117315285
E01000104,1915.0,50.0,123.0,276.0,10.0,24.6,55.2,5.221932114882507,12.845953002610967,28.825065274151438
E01000105,2332.0,95.0,583.0,481.0,19.0,116.6,96.2,8.147512864493997,49.99999999999999,41.25214408233276
E01000106,2207.0,74.0,102.0,450.0,14.8,20.4,90.0,6.705935659265972,9.24331671952877,40.77933846850929
E01000107,1786.0,42.0,32.0,202.0,8.4,6.4,40.4,4.703247480403135,3.5834266517357225,22.620380739081746
E01000108,1915.0,47.0,185.0,316.0,9.4,37.0,63.2,4.908616187989557,19.321148825065272,33.002610966057446
E01000110,1573.0,13.0,36.0,141.0,2.6,7.2,28.2,1.6528925619834711,4.577240940877305,17.92752701843611
E01000111,2155.0,85.0,164.0,345.0,17.0,32.8,69.0,7.888631090487239,15.22041763341067,32.01856148491879
E01000112,1971.0,63.0,108.0,262.0,12.6,21.6,52.4,6.39269406392694,10.95890410958904,26.58548959918823
E01000113,1993.0,62.0,129.0,288.0,12.4,25.8,57.6,6.221776216758656,12.945308580030106,28.90115403913698
E01000114,2419.0,70.0,126.0,395.0,14.0,25.2,79.0,5.787515502273667,10.4175279040926,32.65812319140141
E01000115,1395.0,37.0,17.0,58.0,7.4,3.4,11.6,5.304659498207886,2.4372759856630823,8.315412186379929
E01000116,1745.0,45.0,55.0,91.0,9.0,11.0,18.2,5.1575931232091685,6.303724928366762,10.429799426934098
E01000117,1736.0,58.0,104.0,143.0,11.6,20.8,28.6,6.682027649769585,11.981566820276498,16.474654377880185
E01000118,2049.0,34.0,40.0,97.0,6.8,8.0,19.4,3.3186920448999513,3.904343582235237,9.468033186920449
E01000119,1793.0,49.0,39.0,92.0,9.8,7.8,18.4,5.465699944227552,4.350250976017847,10.26213050752928
E01000120,1495.0,28.0,19.0,84.0,5.6,3.8,16.8,3.7458193979933108,2.5418060200668893,11.237458193979933
E01000121,1477.0,20.0,48.0,176.0,4.0,9.6,35.2,2.708192281651997,6.4996614759647935,23.832092078537578
E01000122,1511.0,25.0,15.0,47.0,5.0,3.0,9.4,3.309066843150232,1.985440105890139,6.221045665122436
E01000123,1762.0,53.0,64.0,164.0,10.6,12.8,32.8,6.015891032917139,7.264472190692395,18.61520998864926
E01000124,1867.0,97.0,470.0,217.0,19.4,94.0,43.4,10.391001606855918,50.34815211569363,23.24584895554365
E01000126,2274.0,29.0,77.0,214.0,5.8,15.4,42.8,2.550571679859279,6.772207563764292,18.82145998240985
E01000127,1557.0,42.0,35.0,154.0,8.4,7.0,30.8,5.394990366088632,4.4958253050738595,19.781631342324985
E01000128,2049.0,66.0,67.0,176.0,13.2,13.4,35.2,6.44216691068814,6.539775500244022,17.179111761835042
E01000129,1604.0,87.0,448.0,437.0,17.4,89.6,87.4,10.84788029925187,55.86034912718204,54.48877805486285
E01000130,1939.0,24.0,31.0,191.0,4.8,6.2,38.2,2.4755028365136664,3.1975244971634864,19.700876740587933
E01000131,2021.0,80.0,81.0,182.0,16.0,16.2,36.4,7.916872835230085,8.01583374567046,18.01088570014844
E01000132,1617.0,29.0,55.0,144.0,5.8,11.0,28.8,3.5868893011750154,6.802721088435374,17.810760667903526
E01000133,1645.0,41.0,48.0,196.0,8.2,9.6,39.2,4.984802431610942,5.835866261398176,23.829787234042556
E01000134,1824.0,30.0,37.0,124.0,6.0,7.4,24.8,3.289473684210526,4.05701754385965,13.596491228070176
E01000135,1699.0,76.0,67.0,116.0,15.2,13.4,23.2,8.946439081812832,7.88699234844026,13.655091230135374
E01000136,1486.0,79.0,56.0,74.0,15.8,11.2,14.8,10.632570659488561,7.537012113055182,9.959623149394348
E01000137,1658.0,46.0,40.0,161.0,9.2,8.0,32.2,5.548854041013269,4.8250904704463204,19.420989143546443
E01000138,1617.0,63.0,61.0,189.0,12.6,12.2,37.8,7.792207792207792,7.544836116264687,23.376623376623375
E01000139,1388.0,60.0,57.0,113.0,12.0,11.4,22.6,8.645533141210375,8.213256484149856,16.28242074927954
E01000140,1957.0,116.0,180.0,170.0,23.2,36.0,34.0,11.854879918242206,18.395503321410324,17.373530914665302
E01000141,1864.0,159.0,851.0,594.0,31.8,170.2,118.8,17.06008583690987,91.30901287553647,63.733905579399135
E01000142,2237.0,67.0,61.0,171.0,13.4,12.2,34.2,5.990165400089405,5.453732677693339,15.288332588287886
E01000143,1671.0,99.0,390.0,245.0,19.8,78.0,49.0,11.8491921005386,46.6786355475763,29.323758228605627
E01000144,1660.0,114.0,212.0,269.0,22.8,42.4,53.8,13.734939759036145,25.542168674698793,32.40963855421686
E01000145,1614.0,43.0,83.0,150.0,8.6,16.6,30.0,5.328376703841388,10.285006195786865,18.58736059479554
E01000146,1872.0,188.0,1002.0,488.0,37.6,200.4,97.6,20.08547008547009,107.05128205128206,52.13675213675213
E01000147,1913.0,46.0,38.0,128.0,9.2,7.6,25.6,4.8092002090956605,3.972817564035546,13.382122320961841
E01000150,2255.0,96.0,423.0,230.0,19.2,84.6,46.0,8.51441241685144,37.51662971175166,20.399113082039914
E01000151,1721.0,41.0,87.0,362.0,8.2,17.4,72.4,4.764671702498547,10.11040092969204,42.068564787914006
E01000152,2693.0,41.0,78.0,203.0,8.2,15.6,40.6,3.0449313033791308,5.792796138135907,15.07612328258448
E01000153,1929.0,51.0,62.0,194.0,10.2,12.4,38.8,5.287713841368585,6.4282011404873,20.114048729911868
E01000154,1915.0,45.0,100.0,249.0,9.0,20.0,49.8,4.699738903394256,10.443864229765014,26.005221932114882
E01000156,2026.0,42.0,92.0,119.0,8.4,18.4,23.8,4.146100691016782,9.08193484698914,11.747285291214215
E01000157,1582.0,13.0,28.0,77.0,2.6,5.6,15.4,1.6434892541087232,3.5398230088495577,9.734513274336283
E01000158,1464.0,26.0,35.0,193.0,5.2,7.0,38.6,3.5519125683060113,4.781420765027322,26.366120218579233
E01000159,1786.0,60.0,35.0,149.0,12.0,7.0,29.8,6.718924972004479,3.9193729003359463,16.685330347144458
E01000160,1955.0,57.0,339.0,299.0,11.4,67.8,59.8,5.831202046035806,34.68030690537084,30.588235294117645
E01000161,2034.0,55.0,95.0,205.0,11.0,19.0,41.0,5.408062930186825,9.341199606686333,20.15732546705998
E01000162,1651.0,86.0,259.0,228.0,17.2,51.8,45.6,10.417928528164747,31.374924288310112,27.619624470018174
E01000163,1691.0,45.0,63.0,256.0,9.0,12.6,51.2,5.322294500295683,7.451212300413957,30.27794204612655
E01000164,1712.0,59.0,291.0,236.0,11.8,58.2,47.2,6.892523364485982,33.995327102803735,27.570093457943926
E01000165,1812.0,29.0,35.0,149.0,5.8,7.0,29.8,3.2008830022075054,3.863134657836645,16.445916114790286
E01000166,1620.0,30.0,31.0,109.0,6.0,6.2,21.8,3.7037037037037037,3.8271604938271606,13.456790123456791
E01000167,1389.0,22.0,40.0,174.0,4.4,8.0,34.8,3.1677465802735782,5.759539236861051,25.053995680345572
E01000168,1516.0,39.0,24.0,53.0,7.8,4.8,10.6,5.145118733509235,3.1662269129287597,6.992084432717678
E01000169,1631.0,23.0,34.0,108.0,4.6,6.8,21.6,2.8203556100551803,4.169221336603311,13.243408951563458
E01000170,1906.0,39.0,170.0,181.0,7.8,34.0,36.2,4.092339979013642,17.838405036726126,18.992654774396645
E01000171,2289.0,78.0,343.0,374.0,15.6,68.6,74.8,6.815203145478375,29.969418960244646,32.6780253385758
E01000172,1690.0,28.0,33.0,83.0,5.6,6.6,16.6,3.313609467455621,3.9053254437869818,9.822485207100593
E01000173,1690.0,33.0,29.0,81.0,6.6,5.8,16.2,3.9053254437869818,3.4319526627218933,9.585798816568047
E01000174,1759.0,50.0,323.0,178.0,10.0,64.6,35.6,5.6850483229107445,36.7254121660034,20.238772029562252
E01000175,2031.0,27.0,29.0,84.0,5.4,5.8,16.8,2.658788774002954,2.8557360905957654,8.27178729689808
E01000176,1722.0,23.0,45.0,153.0,4.6,9.0,30.6,2.671312427409988,5.226480836236934,17.770034843205575
E01000177,1663.0,56.0,51.0,108.0,11.2,10.2,21.6,6.734816596512327,6.13349368610944,12.988574864702345
E01000178,1673.0,64.0,88.0,108.0,12.8,17.6,21.6,7.650926479378362,10.520023909145248,12.910938433950987
E01000179,1789.0,29.0,60.0,113.0,5.8,12.0,22.6,3.2420346562325317,6.707657909446619,12.632755729457799
E01000180,1616.0,45.0,75.0,143.0,9.0,15.0,28.6,5.569306930693069,9.282178217821782,17.698019801980198
E01000181,1688.0,80.0,455.0,156.0,16.0,91.0,31.2,9.47867298578199,53.90995260663507,18.48341232227488
E01000182,1619.0,52.0,159.0,121.0,10.4,31.8,24.2,6.423718344657196,19.641754169240272,14.947498455836936
E01000183,1522.0,39.0,51.0,80.0,7.8,10.2,16.0,5.124835742444152,6.701708278580814,10.512483574244415
E01000184,1873.0,33.0,71.0,277.0,6.6,14.2,55.4,3.5237586759209822,7.581420181526962,29.578216764548852
E01000185,1474.0,32.0,43.0,145.0,6.4,8.6,29.0,4.341926729986432,5.834464043419268,19.674355495251017
E01000186,1771.0,28.0,40.0,40.0,5.6,8.0,8.0,3.1620553359683794,4.517221908526256,4.517221908526256
E01000187,1737.0,20.0,33.0,117.0,4.0,6.6,23.4,2.302820955670697,3.7996545768566494,13.471502590673573
E01000188,1578.0,43.0,201.0,194.0,8.6,40.2,38.8,5.449936628643853,25.475285171102662,24.588086185044357
E01000189,2469.0,50.0,57.0,214.0,10.0,11.4,42.8,4.050222762251924,4.617253948967193,17.334953422438232
E01000190,1731.0,34.0,30.0,104.0,6.8,6.0,20.8,3.928365106874639,3.4662045060658575,12.016175621028307
E01000191,1549.0,31.0,28.0,83.0,6.2,5.6,16.6,4.002582311168496,3.615235635894125,10.716591349257586
E01000192,1997.0,77.0,349.0,271.0,15.4,69.8,54.2,7.71156735102654,34.95242864296445,27.140711066599902
E01000193,1948.0,91.0,1028.0,430.0,18.2,205.6,86.0,9.342915811088297,105.54414784394251,44.14784394250513
E01000194,1906.0,94.0,262.0,370.0,18.8,52.4,74.0,9.863588667366212,27.49213011542497,38.824763903462745
E01000195,2019.0,53.0,98.0,200.0,10.6,19.6,40.0,5.250123823675087,9.707776126795444,19.811788013868252
E01000196,2124.0,102.0,253.0,320.0,20.4,50.6,64.0,9.604519774011298,23.82297551789077,30.131826741996232
E01000197,1851.0,63.0,84.0,150.0,12.6,16.8,30.0,6.807131280388979,9.07617504051864,16.207455429497568
E01000198,2193.0,72.0,66.0,187.0,14.4,13.2,37.4,6.566347469220246,6.019151846785226,17.05426356589147
E01000199,1580.0,70.0,32.0,70.0,14.0,6.4,14.0,8.860759493670887,4.050632911392405,8.860759493670887
E01000200,1978.0,63.0,32.0,121.0,12.6,6.4,24.2,6.370070778564206,3.235591506572295,12.234580384226492
E01000201,1541.0,66.0,43.0,62.0,13.2,8.6,12.4,8.565866320571057,5.580791693705385,8.046722907203115
E01000202,1673.0,46.0,46.0,83.0,9.2,9.2,16.6,5.499103407053197,5.499103407053197,9.922295277943816
E01000203,1843.0,76.0,102.0,303.0,15.2,20.4,60.6,8.247422680412372,11.068909386869235,32.88117200217037
E01000204,1701.0,60.0,46.0,99.0,12.0,9.2,19.8,7.054673721340388,5.408583186360964,11.64021164021164
E01000205,1506.0,53.0,34.0,72.0,10.6,6.8,14.4,7.038512616201859,4.515272244355909,9.561752988047807
E01000206,1501.0,64.0,73.0,94.0,12.8,14.6,18.8,8.527648234510327,9.726848767488342,12.524983344437043
E01000207,1579.0,67.0,114.0,109.0,13.4,22.8,21.8,8.486383787207092,14.439518682710577,13.806206459784674
E01000208,1629.0,56.0,96.0,85.0,11.2,19.2,17.0,6.875383670963781,11.786372007366483,10.435850214855739
E01000209,1483.0,61.0,40.0,78.0,12.2,8.0,15.6,8.22656776803776,5.394470667565745,10.519217801753204
E01000210,1548.0,53.0,37.0,95.0,10.6,7.4,19.0,6.847545219638243,4.780361757105943,12.27390180878553
E01000211,2128.0,132.0,593.0,298.0,26.4,118.6,59.6,12.406015037593985,55.733082706766915,28.007518796992482
E01000212,1347.0,40.0,39.0,88.0,8.0,7.8,17.6,5.939123979213066,5.79064587973274,13.066072754268745
E01000213,1351.0,45.0,27.0,42.0,9.0,5.4,8.4,6.661732050333087,3.997039230199852,6.217616580310882
E01000214,1627.0,68.0,194.0,147.0,13.6,38.8,29.4,8.358942839582053,23.84757221880762,18.070067609096494
E01000215,2146.0,37.0,70.0,148.0,7.4,14.0,29.6,3.4482758620689653,6.523765144454799,13.793103448275861
E01000216,1978.0,54.0,57.0,104.0,10.8,11.4,20.8,5.460060667340748,5.7633973710819015,10.51567239635996
E01000217,1785.0,29.0,45.0,81.0,5.8,9.0,16.2,3.249299719887955,5.04201680672269,9.07563025210084
E01000218,1844.0,66.0,86.0,152.0,13.2,17.2,30.4,7.158351409978308,9.327548806941431,16.48590021691974
E01000219,2196.0,72.0,83.0,221.0,14.4,16.6,44.2,6.557377049180328,7.559198542805101,20.127504553734063
E01000220,1888.0,53.0,74.0,150.0,10.6,14.8,30.0,5.614406779661017,7.838983050847458,15.889830508474576
E01000221,1412.0,73.0,458.0,361.0,14.6,91.6,72.2,10.339943342776204,64.87252124645893,51.13314447592068
E01000222,2038.0,58.0,48.0,217.0,11.6,9.6,43.4,5.691854759568204,4.710500490677135,21.295387634936212
E01000223,2032.0,85.0,464.0,332.0,17.0,92.8,66.4,8.366141732283465,45.669291338582674,32.67716535433071
E01000224,1692.0,43.0,42.0,116.0,8.6,8.4,23.2,5.082742316784869,4.964539007092199,13.711583924349881
E01000225,1870.0,44.0,33.0,41.0,8.8,6.6,8.2,4.705882352941177,3.5294117647058822,4.385026737967914
E01000226,1735.0,38.0,44.0,161.0,7.6,8.8,32.2,4.380403458213256,5.072046109510087,18.559077809798275
E01000227,1869.0,42.0,19.0,73.0,8.4,3.8,14.6,4.49438202247191,2.0331728196896734,7.811663991439271
E01000228,1436.0,41.0,40.0,121.0,8.2,8.0,24.2,5.710306406685236,5.571030640668524,16.852367688022284
E01000229,1670.0,54.0,40.0,122.0,10.8,8.0,24.4,6.467065868263473,4.790419161676646,14.610778443113771
E01000230,1960.0,41.0,42.0,84.0,8.2,8.4,16.8,4.183673469387755,4.285714285714286,8.571428571428571
E01000231,1787.0,29.0,94.0,157.0,5.8,18.8,31.4,3.245663122551763,10.520425293788472,17.571348628987128
E01000232,1871.0,62.0,30.0,132.0,12.4,6.0,26.4,6.627471940138963,3.206841261357563,14.110101549973276
E01000233,1938.0,62.0,153.0,123.0,12.4,30.6,24.6,6.398348813209495,15.789473684210527,12.693498452012385
E01000234,1781.0,35.0,23.0,82.0,7.0,4.6,16.4,3.9303761931499155,2.5828186412128016,9.208309938236944
E01000235,1862.0,52.0,109.0,207.0,10.4,21.8,41.4,5.5853920515574655,11.707841031149302,22.234156820622985
E01000236,1952.0,69.0,48.0,159.0,13.8,9.6,31.8,7.0696721311475414,4.918032786885245,16.290983606557376
E01000237,2100.0,76.0,227.0,393.0,15.2,45.4,78.6,7.238095238095238,21.619047619047617,37.42857142857143
E01000238,2096.0,59.0,64.0,165.0,11.8,12.8,33.0,5.629770992366412,6.106870229007633,15.744274809160304
E01000239,2058.0,74.0,98.0,242.0,14.8,19.6,48.4,7.191448007774539,9.523809523809526,23.517978620019438
E01000240,1734.0,55.0,81.0,192.0,11.0,16.2,38.4,6.343713956170704,9.342560553633216,22.14532871972318
E01000241,1788.0,54.0,48.0,148.0,10.8,9.6,29.6,6.0402684563758395,5.369127516778523,16.554809843400445
E01000242,1601.0,46.0,41.0,113.0,9.2,8.2,22.6,5.746408494690818,5.1217988757026855,14.116177389131794
E01000243,2165.0,93.0,328.0,240.0,18.6,65.6,48.0,8.591224018475751,30.300230946882216,22.170900692840647
E01000244,1638.0,92.0,434.0,266.0,18.4,86.8,53.2,11.233211233211232,52.99145299145299,32.478632478632484
E01000245,2057.0,104.0,291.0,367.0,20.8,58.2,73.4,10.111813320369471,28.29363150218765,35.68303354399612
E01000246,1520.0,33.0,23.0,70.0,6.6,4.6,14.0,4.342105263157895,3.0263157894736836,9.210526315789473
E01000247,1696.0,24.0,41.0,97.0,4.8,8.2,19.4,2.830188679245283,4.834905660377358,11.438679245283017
E01000248,1703.0,39.0,616.0,109.0,7.8,123.2,21.8,4.580152671755726,72.34292425132121,12.80093951849677
E01000249,1613.0,17.0,25.0,53.0,3.4,5.0,10.6,2.1078735275883447,3.0998140111593306,6.57160570365778
E01000250,2610.0,81.0,440.0,358.0,16.2,88.0,71.6,6.206896551724138,33.71647509578544,27.432950191570878
E01000251,2262.0,62.0,106.0,336.0,12.4,21.2,67.2,5.481874447391689,9.372236958443855,29.70822281167109
E01000252,1715.0,38.0,61.0,109.0,7.6,12.2,21.8,4.431486880466473,7.113702623906705,12.711370262390671
E01000253,1984.0,62.0,69.0,96.0,12.4,13.8,19.2,6.25,6.955645161290323,9.67741935483871
E01000254,1600.0,27.0,27.0,79.0,5.4,5.4,15.8,3.3750000000000004,3.3750000000000004,9.875
E01000255,1700.0,50.0,73.0,162.0,10.0,14.6,32.4,5.88235294117647,8.588235294117647,19.058823529411764
E01000256,1928.0,53.0,33.0,111.0,10.6,6.6,22.2,5.497925311203319,3.4232365145228214,11.514522821576762
E01000257,2090.0,125.0,636.0,301.0,25.0,127.2,60.2,11.961722488038278,60.86124401913875,28.803827751196174
E01000258,1891.0,37.0,187.0,115.0,7.4,37.4,23.0,3.9132734003172924,19.777895293495504,12.162876784769963
E01000259,2643.0,75.0,73.0,199.0,15.0,14.6,39.8,5.675368898978434,5.524025728339008,15.058645478622775
E01000260,2166.0,46.0,140.0,188.0,9.2,28.0,37.6,4.247460757156047,12.927054478301015,17.359187442289937
E01000261,1768.0,30.0,25.0,107.0,6.0,5.0,21.4,3.3936651583710407,2.8280542986425337,12.104072398190043
E01000263,1525.0,37.0,11.0,52.0,7.4,2.2,10.4,4.852459016393443,1.4426229508196724,6.8196721311475414
E01000264,1823.0,104.0,511.0,311.0,20.8,102.2,62.2,11.40976412506857,56.06143719144268,34.11958310477235
E01000265,1922.0,29.0,72.0,134.0,5.8,14.4,26.8,3.017689906347554,7.49219562955255,13.943808532778357
E01000266,1436.0,38.0,14.0,63.0,7.6,2.8,12.6,5.2924791086350975,1.9498607242339832,8.774373259052926
E01000267,1527.0,27.0,22.0,64.0,5.4,4.4,12.8,3.5363457760314345,2.881466928618206,8.382449246889324
E01000268,2075.0,79.0,332.0,325.0,15.8,66.4,65.0,7.614457831325302,32.0,31.32530120481928
E01000269,1386.0,24.0,25.0,74.0,4.8,5.0,14.8,3.463203463203463,3.6075036075036073,10.678210678210679
E01000270,1545.0,29.0,17.0,88.0,5.8,3.4,17.6,3.7540453074433655,2.200647249190938,11.3915857605178
E01000271,1638.0,39.0,74.0,99.0,7.8,14.8,19.8,4.761904761904762,9.035409035409037,12.087912087912088
E01000272,1426.0,32.0,24.0,51.0,6.4,4.8,10.2,4.488078541374474,3.3660589060308554,7.152875175315567
E01000273,1670.0,53.0,97.0,193.0,10.6,19.4,38.6,6.347305389221557,11.616766467065867,23.113772455089823
E01000274,1936.0,38.0,79.0,148.0,7.6,15.8,29.6,3.9256198347107434,8.161157024793388,15.28925619834711
E01000275,1740.0,40.0,35.0,63.0,8.0,7.0,12.6,4.597701149425287,4.022988505747127,7.241379310344827
E01000276,1538.0,28.0,14.0,43.0,5.6,2.8,8.6,3.6410923276983094,1.8205461638491547,5.591677503250976
E01000277,1652.0,40.0,44.0,94.0,8.0,8.8,18.8,4.842615012106537,5.326876513317192,11.380145278450364
E01000278,1476.0,43.0,22.0,47.0,8.6,4.4,9.4,5.826558265582656,2.981029810298103,6.368563685636857
E01000279,1365.0,72.0,32.0,84.0,14.4,6.4,16.8,10.54945054945055,4.688644688644689,12.307692307692308
E01000280,1337.0,48.0,16.0,51.0,9.6,3.2,10.2,7.180254300673148,2.393418100224383,7.6290201944652205
E01000281,1789.0,53.0,422.0,227.0,10.6,84.4,45.4,5.925097820011179,47.17719396310788,25.377305757406372
E01000282,1808.0,62.0,51.0,93.0,12.4,10.2,18.6,6.8584070796460175,5.6415929203539825,10.287610619469028
E01000283,1371.0,37.0,19.0,32.0,7.4,3.8,6.4,5.397520058351569,2.7716994894237783,4.6681254558716265
E01000284,1806.0,42.0,58.0,197.0,8.4,11.6,39.4,4.651162790697675,6.423034330011074,21.816168327796234
E01000285,1513.0,27.0,18.0,118.0,5.4,3.6,23.6,3.56906807666887,2.3793787177792467,15.598149372108395
E01000286,1715.0,24.0,26.0,152.0,4.8,5.2,30.4,2.7988338192419824,3.0320699708454812,17.72594752186589
E01000287,1631.0,19.0,23.0,147.0,3.8,4.6,29.4,2.3298589822194975,2.8203556100551803,18.025751072961373
E01000288,1548.0,37.0,24.0,83.0,7.4,4.8,16.6,4.780361757105943,3.10077519379845,10.723514211886306
E01000289,1583.0,24.0,39.0,209.0,4.8,7.8,41.8,3.0322173089071383,4.9273531269741,26.405559065066328
E01000290,1621.0,32.0,68.0,138.0,6.4,13.6,27.6,3.948180135718692,8.38988278840222,17.026526835286862
E01000291,1561.0,29.0,46.0,112.0,5.8,9.2,22.4,3.7155669442664956,5.893657911595131,14.349775784753362
E01000292,1545.0,27.0,71.0,130.0,5.4,14.2,26.0,3.4951456310679614,9.190938511326861,16.828478964401295
E01000293,1772.0,33.0,52.0,100.0,6.6,10.4,20.0,3.724604966139955,5.869074492099323,11.286681715575622
E01000294,1811.0,19.0,154.0,422.0,3.8,30.8,84.4,2.0982882385422417,17.007178354500276,46.604086140254005
E01000295,1615.0,41.0,66.0,107.0,8.2,13.2,21.4,5.077399380804954,8.173374613003094,13.250773993808048
E01000296,1785.0,68.0,319.0,250.0,13.6,63.8,50.0,7.619047619047619,35.74229691876751,28.011204481792717
E01000297,1421.0,29.0,32.0,67.0,5.8,6.4,13.4,4.081632653061224,4.503870513722731,9.429978888106966
E01000298,1711.0,60.0,179.0,253.0,12.0,35.8,50.6,7.01344243132671,20.923436586791347,29.57334891876096
E01000299,2219.0,47.0,384.0,312.0,9.4,76.8,62.4,4.23614240648941,34.61018476791347,28.120775123929697
E01000300,1667.0,31.0,39.0,88.0,6.2,7.8,17.6,3.719256148770246,4.679064187162568,10.557888422315537
E01000301,1495.0,39.0,33.0,47.0,7.8,6.6,9.4,5.217391304347825,4.414715719063545,6.287625418060201
E01000302,1800.0,46.0,190.0,206.0,9.2,38.0,41.2,5.111111111111111,21.11111111111111,22.88888888888889
E01000303,1502.0,53.0,23.0,54.0,10.6,4.6,10.8,7.057256990679094,3.062583222370173,7.1904127829560585
E01000304,1557.0,26.0,28.0,85.0,5.2,5.6,17.0,3.3397559409120103,3.596660244059088,10.918432883750802
E01000305,1621.0,86.0,174.0,294.0,17.2,34.8,58.8,10.610734114743986,21.468229487970387,36.27390499691548
E01000306,1971.0,13.0,36.0,73.0,2.6,7.2,14.6,1.3191273465246067,3.65296803652968,7.4074074074074066
E01000307,1653.0,77.0,2218.0,458.0,15.4,443.6,91.6,9.316394434361767,268.36055656382337,55.41439806412583
E01000308,2110.0,60.0,64.0,182.0,12.0,12.8,36.4,5.687203791469194,6.066350710900474,17.251184834123222
E01000309,2051.0,40.0,47.0,151.0,8.0,9.4,30.2,3.9005363237445145,4.583130180399805,14.724524622135544
E01000310,2193.0,89.0,171.0,325.0,17.8,34.2,65.0,8.116735066119471,15.595075239398087,29.639762881896946
E01000311,1771.0,61.0,62.0,118.0,12.2,12.4,23.6,6.888763410502541,7.001693958215697,13.325804630152456
E01000312,1768.0,45.0,100.0,205.0,9.0,20.0,41.0,5.090497737556562,11.312217194570135,23.190045248868778
E01000313,1901.0,43.0,158.0,232.0,8.6,31.6,46.4,4.523934771173066,16.622830089426618,24.408206207259337
E01000314,2166.0,50.0,153.0,246.0,10.0,30.6,49.2,4.616805170821792,14.127423822714682,22.714681440443215
E01000315,1699.0,60.0,57.0,197.0,12.0,11.4,39.4,7.062978222483814,6.7098293113596235,23.190111830488522
E01000316,2287.0,73.0,521.0,363.0,14.6,104.2,72.6,6.3839090511587235,45.561871447310885,31.74464363795365
E01000317,1584.0,44.0,50.0,108.0,8.8,10.0,21.6,5.555555555555555,6.313131313131313,13.636363636363637
E01000318,1926.0,52.0,53.0,107.0,10.4,10.6,21.4,5.399792315680166,5.503634475597092,11.111111111111109
E01000319,1402.0,32.0,28.0,75.0,6.4,5.6,15.0,4.56490727532097,3.9942938659058482,10.699001426533524
E01000320,1934.0,38.0,50.0,85.0,7.6,10.0,17.0,3.929679420889349,5.170630816959669,8.790072388831437
E01000321,1961.0,44.0,217.0,193.0,8.8,43.4,38.6,4.487506374298827,22.131565527791942,19.6838347781744
E01000322,1859.0,37.0,162.0,177.0,7.4,32.4,35.4,3.980634749865519,17.428725121032812,19.04249596557289
E01000323,2367.0,81.0,820.0,412.0,16.2,164.0,82.4,6.844106463878326,69.28601605407688,34.811998310097174
E01000324,1831.0,53.0,38.0,134.0,10.6,7.6,26.8,5.789186237028946,4.150737302020754,14.636810486073186
E01000325,1647.0,8.0,25.0,70.0,1.6,5.0,14.0,0.9714632665452337,3.0358227079538556,8.500303582270794
E01000326,1381.0,17.0,18.0,114.0,3.4,3.6,22.8,2.4619840695148443,2.606806661839247,16.509775524981897
E01000327,1628.0,15.0,24.0,94.0,3.0,4.8,18.8,1.8427518427518428,2.9484029484029484,11.547911547911548
E01000328,1635.0,20.0,31.0,174.0,4.0,6.2,34.8,2.4464831804281344,3.7920489296636086,21.284403669724767
E01000329,1695.0,20.0,40.0,228.0,4.0,8.0,45.6,2.359882005899705,4.71976401179941,26.90265486725664
E01000330,1656.0,22.0,57.0,514.0,4.4,11.4,102.8,2.6570048309178746,6.884057971014492,62.07729468599034
E01000331,1689.0,26.0,62.0,237.0,5.2,12.4,47.4,3.078744819419775,7.34162226169331,28.063943161634104
E01000332,1593.0,23.0,33.0,105.0,4.6,6.6,21.0,2.887633396107972,4.143126177024482,13.182674199623353
E01000333,1917.0,46.0,206.0,359.0,9.2,41.2,71.8,4.799165362545644,21.491914449660932,37.45435576421492
E01000334,1675.0,19.0,40.0,201.0,3.8,8.0,40.2,2.2686567164179103,4.776119402985075,24.0
E01000335,2726.0,80.0,533.0,461.0,16.0,106.6,92.2,5.86940572267058,39.10491562729273,33.822450476889216
E01000336,1998.0,64.0,70.0,353.0,12.8,14.0,70.6,6.406406406406407,7.007007007007007,35.33533533533533
E01000337,1736.0,30.0,49.0,149.0,6.0,9.8,29.8,3.4562211981566824,5.645161290322581,17.16589861751152
E01000338,1854.0,21.0,30.0,178.0,4.2,6.0,35.6,2.26537216828479,3.236245954692557,19.2017259978425
E01000339,1619.0,11.0,13.0,96.0,2.2,2.6,19.2,1.3588634959851762,1.605929586164299,11.8591723285979
E01000340,1584.0,12.0,25.0,84.0,2.4,5.0,16.8,1.5151515151515151,3.1565656565656566,10.606060606060607
E01000341,1542.0,13.0,17.0,66.0,2.6,3.4,13.2,1.6861219195849546,2.204928664072633,8.560311284046692
E01000342,1524.0,4.0,17.0,74.0,0.8,3.4,14.8,0.5249343832020997,2.2309711286089238,9.711286089238845
E01000343,1509.0,29.0,32.0,119.0,5.8,6.4,23.8,3.8436050364479786,4.241219350563287,15.772034459907225
E01000344,1592.0,18.0,71.0,74.0,3.6,14.2,14.8,2.2613065326633164,8.919597989949748,9.296482412060303
E01000345,1342.0,9.0,13.0,56.0,1.8,2.6,11.2,1.3412816691505216,1.9374068554396424,8.34575260804769
E01000346,1588.0,19.0,78.0,64.0,3.8,15.6,12.8,2.392947103274559,9.82367758186398,8.060453400503778
E01000347,1521.0,14.0,42.0,89.0,2.8,8.4,17.8,1.840894148586456,5.522682445759369,11.702827087442472
E01000348,1515.0,8.0,9.0,37.0,1.6,1.8,7.4,1.0561056105610562,1.188118811881188,4.884488448844885
E01000349,1723.0,18.0,19.0,56.0,3.6,3.8,11.2,2.089378990133488,2.2054556006964594,6.500290191526407
E01000350,1486.0,18.0,123.0,80.0,3.6,24.6,16.0,2.4226110363391653,16.554508748317634,10.767160161507402
E01000351,1612.0,14.0,17.0,76.0,2.8,3.4,15.2,1.73697270471464,2.1091811414392057,9.429280397022332
E01000352,1618.0,21.0,193.0,232.0,4.2,38.6,46.4,2.595797280593325,23.856613102595798,28.677379480840543
E01000353,1637.0,11.0,14.0,94.0,2.2,2.8,18.8,1.3439218081857058,1.7104459376908978,11.48442272449603
E01000354,1492.0,10.0,24.0,104.0,2.0,4.8,20.8,1.3404825737265416,3.2171581769436997,13.941018766756033
E01000355,1441.0,18.0,37.0,78.0,3.6,7.4,15.6,2.498265093684941,5.135322692574602,10.825815405968077
E01000356,1568.0,39.0,523.0,89.0,7.8,104.6,17.8,4.974489795918367,66.70918367346938,11.352040816326532
E01000357,1403.0,18.0,13.0,56.0,3.6,2.6,11.2,2.5659301496792586,1.8531717747683536,7.982893799002138
E01000358,1658.0,13.0,176.0,103.0,2.6,35.2,20.6,1.5681544028950543,21.230398069963815,12.424607961399277
E01000359,1263.0,27.0,61.0,60.0,5.4,12.2,12.0,4.275534441805227,9.659540775930324,9.501187648456057
E01000360,1910.0,66.0,681.0,803.0,13.2,136.2,160.6,6.9109947643979055,71.3089005235602,84.08376963350784
E01000361,1591.0,13.0,14.0,97.0,2.6,2.8,19.4,1.6341923318667504,1.759899434318039,12.193588937774983
E01000362,1864.0,101.0,1263.0,735.0,20.2,252.6,147.0,10.836909871244634,135.51502145922748,78.86266094420601
E01000363,1559.0,21.0,34.0,103.0,4.2,6.8,20.6,2.6940346375881976,4.361770365618987,13.213598460551637
E01000364,1698.0,17.0,20.0,76.0,3.4,4.0,15.2,2.0023557126030624,2.3557126030624262,8.95170789163722
E01000365,1728.0,22.0,186.0,237.0,4.4,37.2,47.4,2.5462962962962967,21.527777777777782,27.430555555555554
E01000366,1640.0,24.0,29.0,109.0,4.8,5.8,21.8,2.926829268292683,3.5365853658536586,13.292682926829269
E01000367,2266.0,50.0,55.0,290.0,10.0,11.0,58.0,4.41306266548985,4.854368932038835,25.59576345984113
E01000368,1680.0,25.0,32.0,231.0,5.0,6.4,46.2,2.976190476190476,3.8095238095238093,27.5
E01000369,1727.0,15.0,20.0,154.0,3.0,4.0,30.8,1.7371163867979154,2.3161551823972206,17.8343949044586
E01000370,1558.0,18.0,45.0,130.0,3.6,9.0,26.0,2.3106546854942236,5.7766367137355585,16.68806161745828
E01000371,1620.0,12.0,22.0,73.0,2.4,4.4,14.6,1.4814814814814814,2.71604938271605,9.012345679012347
E01000372,1689.0,26.0,51.0,239.0,5.2,10.2,47.8,3.078744819419775,6.039076376554173,28.300769686204852
E01000373,1325.0,20.0,46.0,156.0,4.0,9.2,31.2,3.0188679245283017,6.943396226415094,23.547169811320753
E01000374,1579.0,38.0,72.0,242.0,7.6,14.4,48.4,4.813172894236859,9.119696010132996,30.652311589613678
E01000375,2128.0,28.0,77.0,187.0,5.6,15.4,37.4,2.631578947368421,7.2368421052631575,17.57518796992481
E01000376,1614.0,15.0,34.0,143.0,3.0,6.8,28.6,1.858736059479554,4.2131350681536555,17.71995043370508
E01000377,1474.0,21.0,38.0,191.0,4.2,7.6,38.2,2.8493894165535956,5.156037991858887,25.915875169606515
E01000379,1712.0,19.0,43.0,161.0,3.8,8.6,32.2,2.219626168224299,5.023364485981308,18.80841121495327
E01000380,1736.0,19.0,37.0,178.0,3.8,7.4,35.6,2.1889400921658986,4.262672811059908,20.506912442396313
E01000381,1617.0,19.0,36.0,165.0,3.8,7.2,33.0,2.350030921459493,4.452690166975882,20.408163265306122
E01000382,1572.0,19.0,20.0,113.0,3.8,4.0,22.6,2.4173027989821882,2.544529262086514,14.376590330788805
E01000383,1593.0,18.0,54.0,117.0,3.6,10.8,23.4,2.2598870056497176,6.779661016949153,14.689265536723163
E01000384,1719.0,21.0,37.0,115.0,4.2,7.4,23.0,2.443280977312391,4.304828388598022,13.379872018615474
E01000385,2006.0,55.0,126.0,320.0,11.0,25.2,64.0,5.483549351944167,12.562313060817548,31.904287138584245
E01000386,1537.0,22.0,148.0,255.0,4.4,29.6,51.0,2.8627195836044246,19.25829538061158,33.18152244632401
E01000387,1558.0,20.0,22.0,51.0,4.0,4.4,10.2,2.567394094993581,2.82413350449294,6.546854942233633
E01000388,1513.0,17.0,32.0,87.0,3.4,6.4,17.4,2.2471910112359548,4.2300066093853275,11.500330469266357
E01000389,1700.0,30.0,41.0,165.0,6.0,8.2,33.0,3.5294117647058827,4.823529411764706,19.411764705882355
E01000390,1332.0,19.0,48.0,110.0,3.8,9.6,22.0,2.8528528528528527,7.207207207207207,16.516516516516514
E01000391,1748.0,11.0,27.0,116.0,2.2,5.4,23.2,1.2585812356979407,3.0892448512585817,13.272311212814644
E01000392,1957.0,61.0,612.0,397.0,12.2,122.4,79.4,6.234031681144609,62.5447112927951,40.572304547777215
E01000393,1695.0,19.0,92.0,143.0,3.8,18.4,28.6,2.24188790560472,10.855457227138642,16.873156342182895
E01000394,1628.0,31.0,120.0,123.0,6.2,24.0,24.6,3.808353808353808,14.742014742014742,15.110565110565112
E01000395,1529.0,11.0,25.0,82.0,2.2,5.0,16.4,1.4388489208633093,3.2701111837802483,10.725964682799214
E01000396,1452.0,13.0,9.0,21.0,2.6,1.8,4.2,1.790633608815427,1.2396694214876034,2.8925619834710745
E01000398,1593.0,16.0,19.0,132.0,3.2,3.8,26.4,2.0087884494664157,2.3854362837413685,16.572504708097927
E01000399,1571.0,29.0,27.0,90.0,5.8,5.4,18.0,3.6919159770846592,3.437301082113304,11.457670273711011
E01000400,1573.0,19.0,37.0,132.0,3.8,7.4,26.4,2.415766052129688,4.704386522568341,16.783216783216783
E01000401,1816.0,29.0,60.0,190.0,5.8,12.0,38.0,3.1938325991189425,6.607929515418502,20.92511013215859
E01000402,1605.0,15.0,53.0,154.0,3.0,10.6,30.8,1.8691588785046729,6.604361370716511,19.190031152647975
E01000403,2403.0,112.0,1203.0,722.0,22.4,240.6,144.4,9.321681231793592,100.12484394506866,60.09155222638369
E01000404,2423.0,49.0,117.0,494.0,9.8,23.4,98.8,4.044572843582337,9.657449442839454,40.77589764754436
E01000405,1576.0,36.0,91.0,269.0,7.2,18.2,53.8,4.568527918781726,11.548223350253807,34.13705583756345
E01000406,2144.0,51.0,120.0,442.0,10.2,24.0,88.4,4.757462686567163,11.194029850746269,41.23134328358209
E01000407,1870.0,23.0,58.0,171.0,4.6,11.6,34.2,2.459893048128342,6.2032085561497325,18.28877005347594
E01000408,1774.0,57.0,119.0,310.0,11.4,23.8,62.0,6.4261555806087935,13.416009019165728,34.94926719278467
E01000409,1742.0,18.0,17.0,48.0,3.6,3.4,9.6,2.0665901262916186,1.951779563719862,5.510907003444316
E01000410,1658.0,24.0,87.0,81.0,4.8,17.4,16.2,2.8950542822677923,10.494571773220747,9.770808202653798
E01000411,1494.0,11.0,15.0,52.0,2.2,3.0,10.4,1.4725568942436416,2.008032128514056,6.961178045515395
E01000412,1766.0,19.0,61.0,158.0,3.8,12.2,31.6,2.1517553793884483,6.908267270668176,17.893544733861837
E01000413,1347.0,16.0,164.0,105.0,3.2,32.8,21.0,2.3756495916852267,24.350408314773567,15.590200445434299
E01000414,1894.0,54.0,360.0,291.0,10.8,72.0,58.2,5.702217529039071,38.01478352692714,30.728616684266107
E01000415,1465.0,10.0,15.0,51.0,2.0,3.0,10.2,1.3651877133105803,2.04778156996587,6.962457337883959
E01000416,1631.0,52.0,205.0,295.0,10.4,41.0,59.0,6.376456161863888,25.137952176578786,36.17412630288167
E01000417,1739.0,21.0,183.0,222.0,4.2,36.6,44.4,2.4151811385853943,21.046578493387006,25.53191489361702
E01000418,1946.0,22.0,48.0,187.0,4.4,9.6,37.4,2.261048304213772,4.933196300102775,19.21891058581706
E01000419,1495.0,20.0,18.0,70.0,4.0,3.6,14.0,2.6755852842809364,2.4080267558528425,9.364548494983277
E01000420,1522.0,14.0,24.0,88.0,2.8,4.8,17.6,1.8396846254927723,3.1537450722733245,11.563731931668856
E01000421,1521.0,11.0,17.0,46.0,2.2,3.4,9.2,1.4464168310322159,2.2353714661406965,6.048652202498356
E01000422,1338.0,30.0,39.0,140.0,6.0,7.8,28.0,4.484304932735426,5.829596412556054,20.92675635276532
E01000423,1607.0,13.0,17.0,40.0,2.6,3.4,8.0,1.6179215930304918,2.115743621655258,4.978220286247667
E01000424,1727.0,29.0,25.0,96.0,5.8,5.0,19.2,3.3584250144759697,2.895193977996526,11.117544875506658
E01000425,1800.0,12.0,18.0,46.0,2.4,3.6,9.2,1.3333333333333333,2.0,5.111111111111111
E01000426,1672.0,15.0,35.0,97.0,3.0,7.0,19.4,1.7942583732057418,4.186602870813397,11.602870813397129
E01000427,2011.0,29.0,45.0,142.0,5.8,9.0,28.4,2.8841372451516656,4.475385380407758,14.122327200397812
E01000428,1902.0,55.0,125.0,575.0,11.0,25.0,115.0,5.783385909568874,13.144058885383807,60.46267087276551
E01000429,1693.0,49.0,79.0,345.0,9.8,15.8,69.0,5.788541051388068,9.332545776727702,40.756054341405786
E01000430,2050.0,23.0,63.0,235.0,4.6,12.6,47.0,2.24390243902439,6.146341463414634,22.926829268292682
E01000431,1199.0,44.0,108.0,265.0,8.8,21.6,53.0,7.339449541284404,18.015012510425354,44.20350291909925
E01000433,1957.0,29.0,64.0,476.0,5.8,12.8,95.2,2.9637199795605516,6.540623403168115,48.64588656106285
E01000434,1593.0,26.0,52.0,297.0,5.2,10.4,59.4,3.264281230382925,6.52856246076585,37.28813559322034
E01000435,1490.0,21.0,193.0,159.0,4.2,38.6,31.8,2.818791946308725,25.906040268456376,21.34228187919463
E01000436,1757.0,11.0,20.0,64.0,2.2,4.0,12.8,1.2521343198634036,2.2766078542970973,7.285145133750712
E01000437,1373.0,18.0,12.0,75.0,3.6,2.4,15.0,2.6219956300072838,1.7479970866715222,10.924981791697014
E01000438,1688.0,24.0,26.0,184.0,4.8,5.2,36.8,2.843601895734597,3.080568720379147,21.80094786729858
E01000439,1424.0,42.0,147.0,321.0,8.4,29.4,64.2,5.898876404494382,20.646067415730336,45.08426966292135
E01000440,1385.0,7.0,13.0,49.0,1.4,2.6,9.8,1.0108303249097472,1.8772563176895307,7.075812274368231
E01000441,1802.0,30.0,88.0,295.0,6.0,17.6,59.0,3.329633740288568,9.766925638179801,32.741398446170926
E01000442,1679.0,12.0,65.0,81.0,2.4,13.0,16.2,1.429422275163788,7.742703990470519,9.64860035735557
E01000443,1330.0,17.0,19.0,80.0,3.4,3.8,16.0,2.556390977443609,2.857142857142857,12.030075187969926
E01000444,1642.0,25.0,35.0,83.0,5.0,7.0,16.6,3.045066991473812,4.263093788063338,10.109622411693058
E01000445,1666.0,23.0,108.0,92.0,4.6,21.6,18.4,2.7611044417767108,12.965186074429774,11.044417767106843
E01000446,1505.0,19.0,18.0,93.0,3.8,3.6,18.6,2.5249169435215943,2.39202657807309,12.358803986710964
E01000447,1959.0,52.0,100.0,242.0,10.4,20.0,48.4,5.308831036242982,10.209290454313425,24.706482899438488
E01000448,1346.0,18.0,16.0,49.0,3.6,3.2,9.8,2.674591381872214,2.3774145616641906,7.280832095096582
E01000449,1562.0,14.0,24.0,55.0,2.8,4.8,11.0,1.7925736235595389,3.0729833546734957,7.042253521126761
E01000450,1801.0,33.0,22.0,181.0,6.6,4.4,36.2,3.664630760688506,2.4430871737923376,20.099944475291505
E01000451,1750.0,14.0,24.0,74.0,2.8,4.8,14.8,1.5999999999999999,2.742857142857143,8.457142857142857
E01000452,1420.0,13.0,19.0,51.0,2.6,3.8,10.2,1.8309859154929577,2.676056338028169,7.183098591549295
E01000453,1477.0,24.0,86.0,107.0,4.8,17.2,21.4,3.2498307379823967,11.645226811103589,14.488828706838184
E01000454,1631.0,16.0,50.0,286.0,3.2,10.0,57.2,1.9619865113427344,6.131207847946046,35.07050889025138
E01000455,1792.0,13.0,21.0,99.0,2.6,4.2,19.8,1.4508928571428572,2.34375,11.049107142857144
E01000456,1422.0,21.0,19.0,69.0,4.2,3.8,13.8,2.9535864978902957,2.672292545710267,9.704641350210972
E01000457,2175.0,85.0,584.0,365.0,17.0,116.8,73.0,7.816091954022988,53.701149425287355,33.56321839080459
E01000458,1542.0,17.0,18.0,61.0,3.4,3.6,12.2,2.204928664072633,2.3346303501945527,7.911802853437094
E01000459,1871.0,36.0,40.0,204.0,7.2,8.0,40.8,3.8482095136290755,4.27578834847675,21.806520577231424
E01000460,1261.0,13.0,13.0,46.0,2.6,2.6,9.2,2.061855670103093,2.061855670103093,7.295796986518635
E01000461,1637.0,10.0,21.0,71.0,2.0,4.2,14.2,1.2217470983506415,2.565668906536347,8.674404398289555
E01000462,2054.0,42.0,194.0,276.0,8.4,38.8,55.2,4.089581304771178,18.889970788704964,26.87439143135346
E01000463,1251.0,14.0,17.0,52.0,2.8,3.4,10.4,2.2382094324540365,2.7178257394084735,8.313349320543566
E01000464,1518.0,13.0,34.0,164.0,2.6,6.8,32.8,1.712779973649539,4.47957839262187,21.607378129117258
E01000465,1690.0,22.0,57.0,258.0,4.4,11.4,51.6,2.603550295857988,6.745562130177515,30.532544378698226
E01000466,1713.0,35.0,114.0,347.0,7.0,22.8,69.4,4.086398131932283,13.309982486865149,40.51371862230006
E01000467,1677.0,19.0,43.0,227.0,3.8,8.6,45.4,2.2659511031604054,5.128205128205129,27.072152653548002
E01000468,2932.0,31.0,75.0,393.0,6.2,15.0,78.6,2.114597544338336,5.115961800818554,26.80763983628922
E01000469,1738.0,25.0,44.0,223.0,5.0,8.8,44.6,2.8768699654775607,5.063291139240507,25.66168009205984
E01000470,1307.0,49.0,116.0,346.0,9.8,23.2,69.2,7.4980872226472846,17.750573833205816,52.94567712318286
E01000471,1721.0,8.0,28.0,129.0,1.6,5.6,25.8,0.9296920395119117,3.2539221382916907,14.991284137129576
E01000472,2404.0,67.0,433.0,279.0,13.4,86.6,55.8,5.574043261231282,36.02329450915141,23.211314475873543
E01000473,2704.0,46.0,363.0,358.0,9.2,72.6,71.6,3.4023668639053253,26.8491124260355,26.4792899408284
E01000474,2272.0,9.0,62.0,134.0,1.8,12.4,26.8,0.7922535211267606,5.45774647887324,11.795774647887324
E01000475,2124.0,45.0,407.0,272.0,9.0,81.4,54.4,4.237288135593221,38.32391713747646,25.6120527306968
E01000476,2196.0,55.0,86.0,223.0,11.0,17.2,44.6,5.009107468123862,7.832422586520947,20.309653916211296
E01000477,2376.0,74.0,175.0,309.0,14.8,35.0,61.8,6.228956228956229,14.730639730639732,26.010101010101007
E01000478,2528.0,45.0,63.0,231.0,9.0,12.6,46.2,3.560126582278481,4.984177215189873,18.275316455696203
E01000479,1759.0,40.0,47.0,144.0,8.0,9.4,28.8,4.548038658328595,5.3439454235361,16.372939169982946
E01000480,1688.0,44.0,37.0,113.0,8.8,7.4,22.6,5.213270142180095,4.383886255924171,13.388625592417062
E01000481,1635.0,35.0,82.0,218.0,7.0,16.4,43.6,4.281345565749236,10.03058103975535,26.666666666666668
E01000483,1852.0,45.0,522.0,254.0,9.0,104.4,50.8,4.859611231101512,56.37149028077754,27.429805615550755
E01000484,1765.0,31.0,54.0,197.0,6.2,10.8,39.4,3.512747875354108,6.118980169971672,22.322946175637394
E01000485,1604.0,26.0,32.0,135.0,5.2,6.4,27.0,3.2418952618453867,3.990024937655861,16.83291770573566
E01000486,1698.0,34.0,22.0,87.0,6.8,4.4,17.4,4.004711425206125,2.5912838633686692,10.247349823321555
E01000487,1987.0,49.0,109.0,197.0,9.8,21.8,39.4,4.9320583794665325,10.97131353799698,19.828887770508302
E01000488,1647.0,24.0,56.0,123.0,4.8,11.2,24.6,2.914389799635701,6.800242865816636,14.93624772313297
E01000489,1728.0,67.0,91.0,183.0,13.4,18.2,36.6,7.75462962962963,10.532407407407407,21.180555555555557
E01000490,1771.0,94.0,296.0,288.0,18.8,59.2,57.6,10.615471485036704,33.4274421230943,32.523997741389046
E01000491,2066.0,140.0,85.0,192.0,28.0,17.0,38.4,13.552758954501451,8.228460793804453,18.586640851887704
E01000492,1273.0,39.0,44.0,72.0,7.8,8.8,14.4,6.12725844461901,6.912804399057345,11.31186174391202
E01000493,1597.0,29.0,40.0,74.0,5.8,8.0,14.8,3.6318096430807763,5.009392611145898,9.267376330619912
E01000494,1761.0,57.0,68.0,153.0,11.4,13.6,30.6,6.473594548551959,7.722884724588302,17.37649063032368
E01000495,1591.0,80.0,281.0,183.0,16.0,56.2,36.6,10.05656819610308,35.32369578881207,23.004399748585797
E01000497,2070.0,78.0,211.0,275.0,15.6,42.2,55.0,7.536231884057971,20.386473429951693,26.570048309178745
E01000498,1683.0,48.0,66.0,194.0,9.6,13.2,38.8,5.704099821746881,7.8431372549019605,23.05407011289364
E01000499,1896.0,84.0,182.0,279.0,16.8,36.4,55.8,8.860759493670887,19.19831223628692,29.430379746835442
E01000501,2031.0,31.0,43.0,200.0,6.2,8.6,40.0,3.052683407188577,4.234367306745445,19.694731659281143
E01000502,1882.0,53.0,84.0,281.0,10.6,16.8,56.2,5.632306057385759,8.926673751328375,29.861849096705633
E01000503,2093.0,62.0,81.0,224.0,12.4,16.2,44.8,5.924510272336359,7.740086000955566,21.40468227424749
E01000504,1799.0,36.0,115.0,193.0,7.2,23.0,38.6,4.002223457476377,12.784880489160644,21.456364647026124
E01000505,1677.0,30.0,61.0,188.0,6.0,12.2,37.6,3.5778175313059033,7.27489564698867,22.420989862850327
E01000506,1657.0,61.0,180.0,317.0,12.2,36.0,63.4,7.3627036813518405,21.72601086300543,38.26191913095957
E01000507,1617.0,43.0,59.0,162.0,8.6,11.8,32.4,5.3184910327767465,7.297464440321584,20.037105751391465
E01000508,2613.0,68.0,183.0,542.0,13.6,36.6,108.4,5.2047455032529655,14.006888633754306,41.48488327592805
E01000509,1438.0,80.0,56.0,230.0,16.0,11.2,46.0,11.126564673157162,7.7885952712100135,31.988873435326845
E01000510,1672.0,87.0,378.0,593.0,17.4,75.6,118.6,10.4066985645933,45.21531100478469,70.93301435406698
E01000511,1770.0,49.0,73.0,216.0,9.8,14.6,43.2,5.536723163841809,8.248587570621469,24.406779661016948
E01000512,1703.0,35.0,68.0,181.0,7.0,13.6,36.2,4.110393423370522,7.985907222548444,21.25660598943042
E01000513,1678.0,15.0,42.0,114.0,3.0,8.4,22.8,1.7878426698450536,5.005959475566151,13.587604290822407
E01000514,1570.0,24.0,21.0,86.0,4.8,4.2,17.2,3.057324840764331,2.67515923566879,10.955414012738853
E01000515,1875.0,34.0,78.0,257.0,6.8,15.6,51.4,3.6266666666666665,8.319999999999999,27.41333333333333
E01000516,2345.0,70.0,212.0,327.0,14.0,42.4,65.4,5.970149253731344,18.081023454157783,27.889125799573563
E01000517,1623.0,33.0,362.0,148.0,6.6,72.4,29.6,4.066543438077634,44.60874922982133,18.237831176833026
E01000518,1915.0,46.0,61.0,156.0,9.2,12.2,31.2,4.804177545691905,6.370757180156657,16.29242819843342
E01000519,2013.0,49.0,62.0,184.0,9.8,12.4,36.8,4.868355688027819,6.159960258320914,18.281172379533036
E01000520,1677.0,35.0,61.0,176.0,7.0,12.2,35.2,4.174120453190221,7.27489564698867,20.98986285032797
E01000521,2275.0,50.0,209.0,550.0,10.0,41.8,110.0,4.395604395604396,18.373626373626372,48.35164835164835
E01000522,2048.0,37.0,56.0,237.0,7.4,11.2,47.4,3.61328125,5.46875,23.14453125
E01000523,2297.0,74.0,201.0,432.0,14.8,40.2,86.4,6.443186765346105,17.501088376142796,37.61427949499347
E01000524,2423.0,92.0,1009.0,836.0,18.4,201.8,167.2,7.593891869583161,83.28518365662401,69.00536524969046
E01000525,1851.0,52.0,128.0,280.0,10.4,25.6,56.0,5.618584548892491,13.830361966504594,30.253916801728796
E01000526,2197.0,68.0,140.0,414.0,13.6,28.0,82.8,6.190259444697315,12.744651797906235,37.68775603095129
E01000527,1875.0,49.0,108.0,326.0,9.8,21.6,65.2,5.226666666666667,11.520000000000001,34.77333333333333
E01000528,1725.0,43.0,77.0,257.0,8.6,15.4,51.4,4.9855072463768115,8.927536231884059,29.797101449275363
E01000530,1819.0,56.0,50.0,98.0,11.2,10.0,19.6,6.157229246838922,5.497526113249037,10.775151181968114
E01000531,1799.0,46.0,491.0,294.0,9.2,98.2,58.8,5.1139521956642575,54.58588104502501,32.68482490272374
E01000532,1509.0,47.0,90.0,137.0,9.4,18.0,27.4,6.229290921139828,11.928429423459244,18.15772034459907
E01000533,2172.0,82.0,207.0,534.0,16.4,41.4,106.8,7.550644567219153,19.06077348066298,49.171270718232044
E01000534,1748.0,19.0,55.0,156.0,3.8,11.0,31.2,2.1739130434782608,6.2929061784897025,17.848970251716246
E01000535,2053.0,39.0,124.0,256.0,7.8,24.8,51.2,3.7993180711154406,12.079883097905505,24.939113492450076
E01000536,1562.0,20.0,267.0,128.0,4.0,53.4,25.6,2.560819462227913,34.18693982074264,16.389244558258646
E01000538,1622.0,22.0,36.0,107.0,4.4,7.2,21.4,2.712700369913687,4.438964241676943,13.193588162762023
E01000539,1581.0,17.0,28.0,82.0,3.4,5.6,16.4,2.150537634408602,3.5420619860847564,10.373181530676787
E01000540,1456.0,27.0,29.0,59.0,5.4,5.8,11.8,3.708791208791209,3.983516483516483,8.104395604395606
E01000541,1411.0,31.0,54.0,138.0,6.2,10.8,27.6,4.394046775336641,7.654145995747697,19.560595322466337
E01000543,1625.0,32.0,194.0,233.0,6.4,38.8,46.6,3.9384615384615382,23.876923076923077,28.676923076923078
E01000544,1768.0,81.0,204.0,170.0,16.2,40.8,34.0,9.162895927601811,23.076923076923073,19.230769230769234
E01000545,1921.0,132.0,412.0,396.0,26.4,82.4,79.2,13.742842269651224,42.8943258719417,41.22852680895367
E01000546,1640.0,88.0,270.0,227.0,17.6,54.0,45.4,10.731707317073171,32.926829268292686,27.682926829268293
E01000547,1656.0,50.0,99.0,182.0,10.0,19.8,36.4,6.038647342995169,11.956521739130435,21.980676328502415
E01000548,1984.0,122.0,780.0,451.0,24.4,156.0,90.2,12.298387096774192,78.62903225806451,45.46370967741935
E01000549,1813.0,65.0,85.0,115.0,13.0,17.0,23.0,7.170435741864313,9.376723662437948,12.686155543298401
E01000550,2021.0,119.0,288.0,343.0,23.8,57.6,68.6,11.77634834240475,28.500742206828303,33.943592281048986
E01000551,2894.0,86.0,185.0,329.0,17.2,37.0,65.8,5.943331029716655,12.785072563925363,22.736696613683485
E01000552,1512.0,92.0,72.0,152.0,18.4,14.4,30.4,12.169312169312168,9.523809523809526,20.105820105820108
E01000553,2040.0,50.0,158.0,284.0,10.0,31.6,56.8,4.901960784313726,15.490196078431374,27.84313725490196
E01000554,1970.0,49.0,121.0,153.0,9.8,24.2,30.6,4.974619289340102,12.284263959390863,15.532994923857869
E01000555,1586.0,56.0,76.0,143.0,11.2,15.2,28.6,7.061790668348045,9.583858764186633,18.0327868852459
E01000556,2089.0,102.0,263.0,454.0,20.4,52.6,90.8,9.765438008616561,25.17951172809957,43.465773097175685
E01000557,1865.0,62.0,94.0,183.0,12.4,18.8,36.6,6.648793565683647,10.080428954423592,19.62466487935657
E01000558,1389.0,100.0,124.0,172.0,20.0,24.8,34.4,14.398848092152628,17.85457163426926,24.76601871850252
E01000559,1379.0,51.0,198.0,171.0,10.2,39.6,34.2,7.396664249456127,28.716461203770848,24.800580130529372
E01000560,1561.0,71.0,91.0,122.0,14.2,18.2,24.4,9.096732863549006,11.659192825112108,15.631005765534914
E01000561,1937.0,67.0,142.0,175.0,13.4,28.4,35.0,6.917914300464637,14.661848218895198,18.069179143004646
E01000562,1507.0,22.0,22.0,80.0,4.4,4.4,16.0,2.9197080291970807,2.9197080291970807,10.617120106171201
E01000563,1588.0,24.0,29.0,98.0,4.8,5.8,19.6,3.022670025188917,3.6523929471032743,12.342569269521412
E01000564,1624.0,22.0,119.0,197.0,4.4,23.8,39.4,2.7093596059113305,14.655172413793103,24.261083743842363
E01000565,1535.0,25.0,48.0,169.0,5.0,9.6,33.8,3.257328990228013,6.254071661237785,22.019543973941367
E01000566,1550.0,19.0,16.0,91.0,3.8,3.2,18.2,2.4516129032258065,2.064516129032258,11.741935483870968
E01000567,1400.0,23.0,36.0,77.0,4.6,7.2,15.4,3.2857142857142856,5.142857142857142,11.000000000000002
E01000568,2218.0,59.0,401.0,1130.0,11.8,80.2,226.0,5.320108205590622,36.15870153291254,101.8935978358882
E01000569,1456.0,15.0,27.0,90.0,3.0,5.4,18.0,2.0604395604395607,3.708791208791209,12.362637362637361
E01000570,1546.0,18.0,42.0,126.0,3.6,8.4,25.2,2.3285899094437257,5.433376455368694,16.30012936610608
E01000571,1761.0,27.0,63.0,237.0,5.4,12.6,47.4,3.066439522998297,7.155025553662692,26.916524701873936
E01000572,1495.0,16.0,29.0,67.0,3.2,5.8,13.4,2.140468227424749,3.8795986622073575,8.963210702341138
E01000573,1671.0,14.0,25.0,106.0,2.8,5.0,21.2,1.6756433273488927,2.9922202274087373,12.687013764213045
E01000574,1655.0,19.0,24.0,92.0,3.8,4.8,18.4,2.29607250755287,2.900302114803625,11.117824773413897
E01000575,2154.0,42.0,297.0,192.0,8.4,59.4,38.4,3.8997214484679668,27.57660167130919,17.827298050139277
E01000576,1874.0,33.0,57.0,135.0,6.6,11.4,27.0,3.5218783351120595,6.0832443970117405,14.4076840981857
E01000577,2585.0,46.0,90.0,305.0,9.2,18.0,61.0,3.558994197292069,6.963249516441006,23.597678916827853
E01000578,2323.0,65.0,293.0,455.0,13.0,58.6,91.0,5.596211795092553,25.22600086095566,39.17348256564787
E01000579,1587.0,42.0,75.0,118.0,8.4,15.0,23.6,5.2930056710775055,9.45179584120983,14.8708254568368
E01000580,2086.0,109.0,420.0,250.0,21.8,84.0,50.0,10.450623202301056,40.26845637583892,23.969319271332694
E01000581,1513.0,45.0,64.0,93.0,9.0,12.8,18.6,5.948446794448116,8.460013218770655,12.293456708526108
E01000582,1851.0,45.0,85.0,109.0,9.0,17.0,21.8,4.862236628849271,9.184224743381955,11.777417612101567
E01000583,2049.0,116.0,277.0,298.0,23.2,55.4,59.6,11.322596388482186,27.037579306979016,29.087359687652516
E01000584,1560.0,29.0,63.0,81.0,5.8,12.6,16.2,3.7179487179487176,8.076923076923077,10.384615384615385
E01000585,1504.0,28.0,50.0,67.0,5.6,10.0,13.4,3.723404255319149,6.648936170212766,8.909574468085108
E01000586,2380.0,133.0,637.0,436.0,26.6,127.4,87.2,11.176470588235295,53.52941176470589,36.63865546218487
E01000587,1625.0,43.0,51.0,98.0,8.6,10.2,19.6,5.292307692307692,6.276923076923077,12.061538461538461
E01000589,2551.0,51.0,632.0,268.0,10.2,126.4,53.6,3.9984319874558993,49.54919639357115,21.01136809094473
E01000590,1936.0,44.0,28.0,90.0,8.8,5.6,18.0,4.545454545454546,2.892561983471074,9.297520661157025
E01000591,2183.0,41.0,604.0,295.0,8.2,120.8,59.0,3.7562986715529085,55.33669262482822,27.027027027027028
E01000592,1831.0,67.0,114.0,176.0,13.4,22.8,35.2,7.318405243036593,12.452211906062262,19.224467504096125
E01000593,2121.0,40.0,29.0,132.0,8.0,5.8,26.4,3.7718057520037718,2.7345591702027345,12.446958981612447
E01000594,1815.0,63.0,157.0,192.0,12.6,31.4,38.4,6.9421487603305785,17.300275482093664,21.157024793388427
E01000595,1785.0,31.0,80.0,288.0,6.2,16.0,57.6,3.473389355742297,8.96358543417367,32.26890756302521
E01000596,1848.0,38.0,74.0,261.0,7.6,14.8,52.2,4.112554112554113,8.008658008658008,28.24675324675325
E01000599,1889.0,72.0,102.0,226.0,14.4,20.4,45.2,7.623080995235575,10.799364743250395,23.928004235045
E01000601,1385.0,79.0,1520.0,640.0,15.8,304.0,128.0,11.407942238267148,219.49458483754515,92.41877256317689
E01000602,1453.0,29.0,79.0,225.0,5.8,15.8,45.0,3.991741225051617,10.874053682037164,30.970406056434964
E01000603,1446.0,30.0,61.0,243.0,6.0,12.2,48.6,4.149377593360996,8.437067773167358,33.60995850622407
E01000604,1736.0,28.0,48.0,171.0,5.6,9.6,34.2,3.225806451612903,5.529953917050691,19.70046082949309
E01000605,1762.0,43.0,118.0,254.0,8.6,23.6,50.8,4.880817253121452,13.393870601589104,28.83087400681044
E01000606,1872.0,16.0,47.0,128.0,3.2,9.4,25.6,1.7094017094017093,5.021367521367522,13.675213675213675
E01000607,2591.0,14.0,39.0,163.0,2.8,7.8,32.6,1.080663836356619,3.010420686993439,12.582014666152064
E01000608,2338.0,51.0,341.0,463.0,10.2,68.2,92.6,4.362703165098374,29.170230966638155,39.606501283147985
E01000609,2059.0,21.0,34.0,182.0,4.2,6.8,36.4,2.0398251578436133,3.302574065080136,17.678484701311316
E01000610,2186.0,28.0,47.0,197.0,5.6,9.4,39.4,2.5617566331198534,4.300091491308327,18.023787740164682
E01000611,1928.0,15.0,38.0,132.0,3.0,7.6,26.4,1.5560165975103732,3.941908713692946,13.692946058091286
E01000612,1766.0,21.0,62.0,182.0,4.2,12.4,36.4,2.3782559456398644,7.021517553793885,20.61155152887882
E01000613,1755.0,13.0,63.0,177.0,2.6,12.6,35.4,1.4814814814814816,7.17948717948718,20.17094017094017
E01000615,3191.0,94.0,479.0,558.0,18.8,95.8,111.6,5.89157004073958,30.0219366969602,34.97336258226262
E01000616,1939.0,27.0,98.0,196.0,5.4,19.6,39.2,2.7849406910778756,10.108303249097474,20.21660649819495
E01000617,2266.0,51.0,220.0,278.0,10.2,44.0,55.6,4.501323918799646,19.41747572815534,24.536628420123566
E01000618,1677.0,22.0,38.0,158.0,4.4,7.6,31.6,2.6237328562909963,4.531902206320811,18.843172331544427
E01000619,1696.0,6.0,37.0,129.0,1.2,7.4,25.8,0.7075471698113207,4.363207547169811,15.212264150943396
E01000620,1750.0,35.0,99.0,191.0,7.0,19.8,38.2,4.0,11.314285714285715,21.82857142857143
E01000621,1811.0,34.0,112.0,236.0,6.8,22.4,47.2,3.754831584759801,12.368856985091108,26.06294864715627
E01000622,1980.0,29.0,51.0,201.0,5.8,10.2,40.2,2.929292929292929,5.1515151515151505,20.303030303030305
E01000623,1882.0,53.0,268.0,112.0,10.6,53.6,22.4,5.632306057385759,28.480340063761957,11.902231668437832
E01000624,1745.0,29.0,31.0,109.0,5.8,6.2,21.8,3.32378223495702,3.5530085959885387,12.492836676217767
E01000625,1672.0,40.0,46.0,171.0,8.0,9.2,34.2,4.784688995215311,5.502392344497608,20.454545454545457
E01000626,1547.0,52.0,91.0,266.0,10.4,18.2,53.2,6.722689075630252,11.76470588235294,34.38914027149322
E01000627,2048.0,60.0,122.0,368.0,12.0,24.4,73.6,5.859375,11.9140625,35.9375
E01000628,1768.0,73.0,234.0,420.0,14.6,46.8,84.0,8.2579185520362,26.470588235294116,47.511312217194565
E01000629,1977.0,41.0,69.0,144.0,8.2,13.8,28.8,4.147698533131006,6.980273141122914,14.567526555386952
E01000630,2728.0,65.0,741.0,490.0,13.0,148.2,98.0,4.765395894428153,54.325513196480934,35.923753665689155
E01000631,2073.0,17.0,92.0,410.0,3.4,18.4,82.0,1.6401350699469368,8.876025084418716,39.556198745779064
E01000632,2480.0,18.0,269.0,263.0,3.6,53.8,52.6,1.4516129032258065,21.693548387096776,21.20967741935484
E01000633,2616.0,40.0,656.0,403.0,8.0,131.2,80.6,3.058103975535168,50.15290519877676,30.810397553516818
E01000634,2642.0,42.0,132.0,267.0,8.4,26.4,53.4,3.1794095382286147,9.992429977289932,20.21196063588191
E01000636,2599.0,42.0,288.0,368.0,8.4,57.6,73.6,3.232012312427857,22.162370142362448,28.318584070796458
E01000637,1508.0,19.0,54.0,170.0,3.8,10.8,34.0,2.519893899204244,7.161803713527852,22.546419098143236
E01000638,2141.0,58.0,156.0,296.0,11.6,31.2,59.2,5.418028958430639,14.572629612330687,27.65063054647361
E01000639,1715.0,38.0,65.0,145.0,7.6,13.0,29.0,4.431486880466473,7.580174927113703,16.909620991253647
E01000640,2215.0,53.0,301.0,440.0,10.6,60.2,88.0,4.785553047404063,27.178329571106097,39.729119638826184
E01000641,1951.0,31.0,83.0,256.0,6.2,16.6,51.2,3.177857508969759,8.508457201435162,26.242952332137367
E01000642,2214.0,121.0,735.0,487.0,24.2,147.0,97.4,10.93044263775971,66.39566395663957,43.99277326106595
E01000643,2243.0,76.0,214.0,442.0,15.2,42.8,88.4,6.776638430673205,19.0815871600535,39.411502452073115
E01000644,1912.0,42.0,140.0,276.0,8.4,28.0,55.2,4.393305439330544,14.644351464435147,28.87029288702929
E01000645,1450.0,29.0,37.0,85.0,5.8,7.4,17.0,4.0,5.103448275862069,11.724137931034482
E01000646,1828.0,36.0,156.0,94.0,7.2,31.2,18.8,3.938730853391685,17.067833698030633,10.284463894967178
E01000647,1707.0,20.0,26.0,125.0,4.0,5.2,25.0,2.3432923257176332,3.0462800234329235,14.645577035735208
E01000648,1888.0,16.0,162.0,101.0,3.2,32.4,20.2,1.6949152542372883,17.161016949152543,10.69915254237288
E01000649,2068.0,33.0,38.0,70.0,6.6,7.6,14.0,3.1914893617021276,3.6750483558994196,6.7698259187620895
E01000650,1805.0,29.0,37.0,79.0,5.8,7.4,15.8,3.2132963988919667,4.0997229916897515,8.753462603878116
E01000651,1681.0,23.0,28.0,101.0,4.6,5.6,20.2,2.7364663890541343,3.3313503866745986,12.016656751933372
E01000652,1711.0,30.0,39.0,65.0,6.0,7.8,13.0,3.506721215663355,4.558737580362361,7.597895967270602
E01000653,1541.0,39.0,17.0,83.0,7.8,3.4,16.6,5.061648280337443,2.2063595068137576,10.772225827384817
E01000654,1299.0,12.0,15.0,98.0,2.4,3.0,19.6,1.8475750577367205,2.3094688221709005,15.08852963818322
E01000655,1328.0,16.0,81.0,129.0,3.2,16.2,25.8,2.4096385542168677,12.198795180722891,19.427710843373493
E01000656,1508.0,11.0,31.0,102.0,2.2,6.2,20.4,1.4588859416445625,4.111405835543766,13.52785145888594
E01000657,1573.0,25.0,207.0,205.0,5.0,41.4,41.0,3.178639542275906,26.3191354100445,26.064844246662428
E01000658,1330.0,9.0,16.0,72.0,1.8,3.2,14.4,1.3533834586466167,2.4060150375939853,10.827067669172934
E01000659,1464.0,13.0,16.0,81.0,2.6,3.2,16.2,1.7759562841530057,2.185792349726776,11.065573770491802
E01000661,2817.0,65.0,146.0,569.0,13.0,29.2,113.8,4.6148384806531775,10.365637202697906,40.39758608448704
E01000662,1803.0,35.0,88.0,149.0,7.0,17.6,29.8,3.882418191902385,9.761508596783141,16.528008874098724
E01000663,1681.0,23.0,46.0,184.0,4.6,9.2,36.8,2.7364663890541343,5.472932778108269,21.891731112433074
E01000664,1663.0,31.0,37.0,131.0,6.2,7.4,26.2,3.728202044497895,4.44978953698136,15.754660252555622
E01000665,1859.0,29.0,79.0,151.0,5.8,15.8,30.2,3.119956966110812,8.49919311457773,16.24529316837009
E01000666,1891.0,29.0,68.0,119.0,5.8,13.6,23.8,3.067160232681121,7.1919619249074564,12.58593336858805
E01000667,1659.0,26.0,75.0,123.0,5.2,15.0,24.6,3.134418324291742,9.041591320072333,14.828209764918627
E01000668,2222.0,43.0,288.0,229.0,8.6,57.6,45.8,3.8703870387038704,25.922592259225922,20.61206120612061
E01000669,1736.0,39.0,76.0,95.0,7.8,15.2,19.0,4.493087557603687,8.755760368663594,10.944700460829493
E01000670,1941.0,40.0,63.0,124.0,8.0,12.6,24.8,4.121586810922206,6.491499227202472,12.776919113858836
E01000671,2271.0,57.0,118.0,282.0,11.4,23.6,56.4,5.019815059445178,10.391897842360194,24.834874504623514
E01000672,1674.0,26.0,64.0,65.0,5.2,12.8,13.0,3.1063321385902034,7.6463560334528085,7.765830346475507
E01000673,1670.0,37.0,32.0,82.0,7.4,6.4,16.4,4.431137724550898,3.832335329341318,9.820359281437124
E01000674,1716.0,35.0,54.0,180.0,7.0,10.8,36.0,4.0792540792540795,6.293706293706294,20.97902097902098
E01000676,2033.0,177.0,3275.0,1149.0,35.4,655.0,229.8,17.412690605017215,322.1839645843581,113.03492375799313
E01000677,1902.0,50.0,1200.0,315.0,10.0,240.0,63.0,5.257623554153523,126.18296529968454,33.123028391167196
E01000678,1850.0,25.0,53.0,137.0,5.0,10.6,27.4,2.7027027027027026,5.729729729729729,14.81081081081081
E01000679,1792.0,14.0,39.0,92.0,2.8,7.8,18.4,1.5624999999999998,4.352678571428571,10.267857142857142
E01000680,1642.0,51.0,55.0,95.0,10.2,11.0,19.0,6.211936662606576,6.699147381242387,11.571254567600487
E01000681,1755.0,14.0,11.0,52.0,2.8,2.2,10.4,1.5954415954415953,1.2535612535612537,5.9259259259259265
E01000682,1605.0,27.0,458.0,58.0,5.4,91.6,11.6,3.364485981308411,57.07165109034268,7.227414330218068
E01000683,1705.0,18.0,46.0,109.0,3.6,9.2,21.8,2.1114369501466275,5.395894428152492,12.78592375366569
E01000684,2092.0,24.0,17.0,44.0,4.8,3.4,8.8,2.294455066921606,1.6252390057361377,4.206500956022945
E01000685,1627.0,26.0,30.0,89.0,5.2,6.0,17.8,3.1960663798401967,3.6877688998156115,10.94038106945298
E01000686,1494.0,10.0,23.0,88.0,2.0,4.6,17.6,1.3386880856760375,3.078982597054886,11.780455153949132
E01000687,1565.0,17.0,133.0,86.0,3.4,26.6,17.2,2.1725239616613417,16.996805111821086,10.990415335463258
E01000688,1388.0,25.0,14.0,36.0,5.0,2.8,7.2,3.6023054755043225,2.0172910662824206,5.187319884726224
E01000689,1636.0,25.0,42.0,160.0,5.0,8.4,32.0,3.0562347188264063,5.134474327628362,19.559902200489
E01000690,1391.0,35.0,137.0,57.0,7.0,27.4,11.4,5.03235082674335,19.6980589503954,8.195542774982028
E01000691,1535.0,32.0,71.0,112.0,6.4,14.2,22.4,4.169381107491858,9.250814332247558,14.592833876221498
E01000692,1670.0,56.0,108.0,123.0,11.2,21.6,24.6,6.706586826347305,12.934131736526947,14.73053892215569
E01000693,1511.0,35.0,183.0,193.0,7.0,36.6,38.6,4.632693580410324,24.222369291859696,25.545996029119788
E01000694,2298.0,37.0,31.0,107.0,7.4,6.2,21.4,3.2201914708442123,2.6979982593559617,9.312445604873803
E01000695,1518.0,32.0,21.0,65.0,6.4,4.2,13.0,4.216073781291173,2.766798418972332,8.563899868247693
E01000696,1635.0,33.0,53.0,157.0,6.6,10.6,31.4,4.036697247706422,6.483180428134556,19.204892966360855
E01000697,1784.0,33.0,40.0,60.0,6.6,8.0,12.0,3.6995515695067263,4.484304932735426,6.72645739910314
E01000698,1193.0,39.0,25.0,87.0,7.8,5.0,17.4,6.538139145012574,4.191114836546522,14.585079631181895
E01000699,1452.0,31.0,153.0,163.0,6.2,30.6,32.6,4.269972451790634,21.07438016528926,22.451790633608816
E01000700,1519.0,20.0,20.0,101.0,4.0,4.0,20.2,2.6333113890717574,2.6333113890717574,13.298222514812377
E01000701,1440.0,10.0,37.0,77.0,2.0,7.4,15.4,1.3888888888888888,5.138888888888889,10.694444444444445
E01000702,1434.0,21.0,29.0,61.0,4.2,5.8,12.2,2.9288702928870296,4.04463040446304,8.507670850767086
E01000703,1731.0,52.0,189.0,132.0,10.4,37.8,26.4,6.008087810514153,21.8370883882149,15.251299826689774
E01000704,1470.0,20.0,31.0,96.0,4.0,6.2,19.2,2.7210884353741496,4.217687074829932,13.061224489795917
E01000705,1356.0,23.0,101.0,131.0,4.6,20.2,26.2,3.392330383480826,14.896755162241888,19.321533923303836
E01000706,1375.0,28.0,24.0,152.0,5.6,4.8,30.4,4.072727272727272,3.4909090909090907,22.10909090909091
E01000707,1509.0,27.0,13.0,38.0,5.4,2.6,7.6,3.5785288270377733,1.7229953611663353,5.036447978793903
E01000708,1690.0,24.0,41.0,91.0,4.8,8.2,18.2,2.8402366863905324,4.85207100591716,10.769230769230768
E01000709,1372.0,47.0,71.0,85.0,9.4,14.2,17.0,6.85131195335277,10.349854227405247,12.39067055393586
E01000710,2359.0,82.0,71.0,152.0,16.4,14.2,30.4,6.9520983467571,6.019499788045781,12.886816447647307
E01000711,1880.0,68.0,129.0,139.0,13.6,25.8,27.8,7.23404255319149,13.72340425531915,14.787234042553191
E01000712,1794.0,45.0,52.0,112.0,9.0,10.4,22.4,5.016722408026756,5.797101449275362,12.486064659977703
E01000713,1849.0,46.0,34.0,128.0,9.2,6.8,25.6,4.975662520281233,3.6776636019469984,13.845321795565171
E01000714,2167.0,104.0,766.0,613.0,20.8,153.2,122.6,9.59852330410706,70.69681587448085,56.57591139824642
E01000715,1759.0,43.0,36.0,91.0,8.6,7.2,18.2,4.8891415577032395,4.093234792495736,10.346787947697555
E01000716,1651.0,41.0,49.0,75.0,8.2,9.8,15.0,4.966686856450636,5.93579648697759,9.085402786190187
E01000717,1704.0,43.0,32.0,73.0,8.6,6.4,14.6,5.046948356807511,3.7558685446009394,8.568075117370892
E01000718,2057.0,46.0,52.0,189.0,9.2,10.4,37.8,4.472532814778804,5.055906660184736,18.376276130286822
E01000719,2116.0,98.0,914.0,404.0,19.6,182.8,80.8,9.262759924385634,86.38941398865785,38.18525519848772
E01000720,1802.0,64.0,94.0,364.0,12.8,18.8,72.8,7.103218645948946,10.432852386237514,40.399556048834626
E01000721,1604.0,48.0,64.0,308.0,9.6,12.8,61.6,5.985037406483791,7.980049875311722,38.403990024937656
E01000722,1848.0,64.0,588.0,265.0,12.8,117.6,53.0,6.926406926406926,63.63636363636363,28.67965367965368
E01000723,1241.0,10.0,14.0,43.0,2.0,2.8,8.6,1.6116035455278002,2.25624496373892,6.92989524576954
E01000724,1675.0,65.0,47.0,282.0,13.0,9.4,56.4,7.761194029850746,5.611940298507463,33.67164179104477
E01000725,1752.0,80.0,86.0,218.0,16.0,17.2,43.6,9.1324200913242,9.817351598173516,24.88584474885845
E01000726,1304.0,24.0,17.0,94.0,4.8,3.4,18.8,3.6809815950920246,2.607361963190184,14.417177914110429
E01000727,1691.0,73.0,354.0,222.0,14.6,70.8,44.4,8.633944411590775,41.868716735659376,26.256652868125368
E01000728,1627.0,61.0,374.0,217.0,12.2,74.8,43.4,7.498463429625076,45.97418561770129,26.674861708666256
E01000729,1959.0,82.0,261.0,413.0,16.4,52.2,82.6,8.371618172537008,26.64624808575804,42.16436957631444
E01000730,1808.0,54.0,120.0,339.0,10.8,24.0,67.8,5.973451327433629,13.274336283185841,37.5
E01000731,1381.0,23.0,31.0,139.0,4.6,6.2,27.8,3.3309196234612597,4.48950036205648,20.130340333091965
E01000732,1515.0,25.0,19.0,57.0,5.0,3.8,11.4,3.3003300330033003,2.508250825082508,7.524752475247525
E01000733,1670.0,16.0,40.0,152.0,3.2,8.0,30.4,1.916167664670659,4.790419161676646,18.203592814371255
E01000734,1388.0,12.0,12.0,80.0,2.4,2.4,16.0,1.7291066282420748,1.7291066282420748,11.527377521613833
E01000735,1548.0,40.0,37.0,290.0,8.0,7.4,58.0,5.167958656330749,4.780361757105943,37.46770025839793
E01000736,1636.0,41.0,39.0,217.0,8.2,7.8,43.4,5.012224938875304,4.767726161369193,26.5281173594132
E01000737,1404.0,36.0,45.0,209.0,7.2,9.0,41.8,5.128205128205129,6.41025641025641,29.77207977207977
E01000738,1688.0,44.0,98.0,169.0,8.8,19.6,33.8,5.213270142180095,11.611374407582938,20.023696682464454
E01000739,1677.0,54.0,72.0,314.0,10.8,14.4,62.8,6.440071556350627,8.586762075134168,37.44782349433512
E01000741,1819.0,51.0,79.0,182.0,10.2,15.8,36.4,5.607476635514018,8.68609125893348,20.010995052226498
E01000742,2119.0,36.0,79.0,214.0,7.2,15.8,42.8,3.3978291647003305,7.4563473336479476,20.198206701274184
E01000743,1867.0,79.0,729.0,329.0,15.8,145.8,65.8,8.462774504552758,78.09319764327799,35.24370648098554
E01000744,1559.0,28.0,52.0,272.0,5.6,10.4,54.4,3.59204618345093,6.670942912123156,34.89416292495189
E01000745,1883.0,55.0,82.0,166.0,11.0,16.4,33.2,5.8417419012214555,8.709506107275622,17.631439192777485
E01000746,2021.0,38.0,75.0,129.0,7.6,15.0,25.8,3.76051459673429,7.422068283028204,12.765957446808512
E01000747,2029.0,51.0,90.0,209.0,10.2,18.0,41.8,5.027106949236077,8.871365204534253,20.60128141941843
E01000748,1687.0,28.0,30.0,135.0,5.6,6.0,27.0,3.3195020746887964,3.5566093657379962,16.004742145820984
E01000749,1652.0,24.0,31.0,117.0,4.8,6.2,23.4,2.905569007263922,3.753026634382567,14.164648910411621
E01000750,1456.0,10.0,22.0,171.0,2.0,4.4,34.2,1.3736263736263736,3.021978021978022,23.489010989010993
E01000751,2264.0,14.0,110.0,699.0,2.8,22.0,139.8,1.236749116607774,9.717314487632509,61.74911660777386
E01000752,1747.0,18.0,63.0,105.0,3.6,12.6,21.0,2.06067544361763,7.212364052661705,12.020606754436177
E01000753,1935.0,20.0,14.0,63.0,4.0,2.8,12.6,2.0671834625322996,1.4470284237726099,6.511627906976743
E01000754,1770.0,30.0,98.0,102.0,6.0,19.6,20.4,3.389830508474576,11.073446327683618,11.525423728813559
E01000755,1640.0,18.0,10.0,36.0,3.6,2.0,7.2,2.1951219512195124,1.2195121951219512,4.390243902439025
E01000756,1708.0,31.0,299.0,206.0,6.2,59.8,41.2,3.629976580796253,35.011709601873534,24.12177985948478
E01000757,1571.0,10.0,11.0,38.0,2.0,2.2,7.6,1.273074474856779,1.4003819223424572,4.83768300445576
E01000758,1451.0,10.0,13.0,44.0,2.0,2.6,8.8,1.3783597518952446,1.791867677463818,6.064782908339077
E01000759,1646.0,13.0,24.0,82.0,2.6,4.8,16.4,1.5795868772782502,2.916160388821385,9.963547995139733
E01000760,1629.0,38.0,98.0,117.0,7.6,19.6,23.4,4.665438919582566,12.031921424186619,14.364640883977899
E01000761,1545.0,14.0,23.0,76.0,2.8,4.6,15.2,1.8122977346278317,2.977346278317152,9.838187702265373
E01000762,1748.0,14.0,33.0,67.0,2.8,6.6,13.4,1.6018306636155606,3.775743707093821,7.665903890160183
E01000763,1475.0,14.0,38.0,65.0,2.8,7.6,13.0,1.8983050847457625,5.1525423728813555,8.813559322033898
E01000764,1817.0,21.0,23.0,150.0,4.2,4.6,30.0,2.3115024766097965,2.531645569620253,16.51073197578426
E01000765,1786.0,64.0,156.0,196.0,12.8,31.2,39.2,7.166853303471445,17.469204927211646,21.9484882418813
E01000766,1815.0,25.0,19.0,27.0,5.0,3.8,5.4,2.7548209366391188,2.09366391184573,2.9752066115702482
E01000767,1631.0,12.0,26.0,45.0,2.4,5.2,9.0,1.471489883507051,3.188228080931944,5.518087063151441
E01000768,1502.0,18.0,16.0,58.0,3.6,3.2,11.6,2.396804260985353,2.130492676431425,7.723035952063914
E01000769,1389.0,28.0,122.0,1158.0,5.6,24.4,231.6,4.031677465802736,17.566594672426206,166.73866090712744
E01000770,1522.0,56.0,143.0,119.0,11.2,28.6,23.8,7.358738501971089,18.791064388961892,15.637319316688568
E01000771,1666.0,32.0,52.0,100.0,6.4,10.4,20.0,3.8415366146458587,6.24249699879952,12.004801920768308
E01000772,1580.0,29.0,20.0,56.0,5.8,4.0,11.2,3.670886075949367,2.5316455696202533,7.0886075949367084
E01000773,1586.0,28.0,18.0,27.0,5.6,3.6,5.4,3.5308953341740223,2.269861286254729,3.404791929382094
E01000774,1504.0,40.0,109.0,149.0,8.0,21.8,29.8,5.319148936170213,14.49468085106383,19.81382978723404
E01000775,2284.0,52.0,160.0,264.0,10.4,32.0,52.8,4.553415061295973,14.010507880910684,23.117338003502628
E01000777,1631.0,33.0,29.0,72.0,6.6,5.8,14.4,4.046597179644389,3.5561005518087065,8.828939301042304
E01000778,1626.0,26.0,131.0,167.0,5.2,26.2,33.4,3.1980319803198034,16.113161131611317,20.54120541205412
E01000779,1400.0,62.0,201.0,156.0,12.4,40.2,31.2,8.857142857142858,28.714285714285715,22.285714285714285
E01000780,1612.0,26.0,49.0,195.0,5.2,9.8,39.0,3.225806451612903,6.0794044665012414,24.193548387096772
E01000781,1572.0,29.0,54.0,281.0,5.8,10.8,56.2,3.6895674300254453,6.870229007633588,35.75063613231552
E01000782,1545.0,52.0,114.0,381.0,10.4,22.8,76.2,6.731391585760518,14.757281553398059,49.320388349514566
E01000783,1624.0,26.0,32.0,286.0,5.2,6.4,57.2,3.2019704433497536,3.9408866995073897,35.22167487684729
E01000784,1557.0,16.0,18.0,60.0,3.2,3.6,12.0,2.055234425176622,2.3121387283236996,7.707129094412331
E01000785,1577.0,37.0,227.0,256.0,7.4,45.4,51.2,4.692454026632848,28.78883956880152,32.466708941027264
E01000786,1461.0,24.0,187.0,125.0,4.8,37.4,25.0,3.2854209445585214,25.598904859685145,17.111567419575632
E01000787,1482.0,18.0,53.0,156.0,3.6,10.6,31.2,2.4291497975708505,7.152496626180837,21.052631578947366
E01000788,1617.0,46.0,40.0,136.0,9.2,8.0,27.2,5.6895485466914035,4.94743351886209,16.821273964131105
E01000789,1873.0,29.0,61.0,349.0,5.8,12.2,69.8,3.0966364121729844,6.513614522156967,37.26641751201281
E01000790,2297.0,129.0,1134.0,654.0,25.8,226.8,130.8,11.232041793643884,98.73748367435786,56.943839791031785
E01000791,1512.0,38.0,22.0,74.0,7.6,4.4,14.8,5.026455026455027,2.9100529100529102,9.78835978835979
E01000792,1509.0,23.0,37.0,193.0,4.6,7.4,38.6,3.0483764082173623,4.903909874088801,25.579854208084825
E01000793,1560.0,25.0,14.0,61.0,5.0,2.8,12.2,3.205128205128205,1.7948717948717947,7.820512820512821
E01000794,1545.0,16.0,9.0,48.0,3.2,1.8,9.6,2.0711974110032365,1.1650485436893205,6.213592233009709
E01000795,1385.0,17.0,18.0,108.0,3.4,3.6,21.6,2.454873646209386,2.5992779783393503,15.595667870036102
E01000796,1537.0,27.0,76.0,288.0,5.4,15.2,57.6,3.5133376707872483,9.88939492517892,37.47560182173065
E01000797,1654.0,73.0,148.0,164.0,14.6,29.6,32.8,8.82708585247884,17.89600967351874,19.830713422007253
E01000798,1527.0,43.0,117.0,287.0,8.6,23.4,57.4,5.631958087753765,15.324165029469548,37.59004584151931
E01000799,1803.0,81.0,595.0,547.0,16.2,119.0,109.4,8.985024958402661,66.00110926234053,60.67665002773156
E01000800,1665.0,59.0,122.0,228.0,11.8,24.4,45.6,7.087087087087087,14.654654654654653,27.38738738738739
E01000801,1514.0,29.0,161.0,190.0,5.8,32.2,38.0,3.830911492734478,21.268163804491415,25.09907529722589
E01000802,1848.0,27.0,62.0,154.0,5.4,12.4,30.8,2.9220779220779223,6.70995670995671,16.666666666666668
E01000803,1609.0,29.0,57.0,134.0,5.8,11.4,26.8,3.6047234307022995,7.085146053449348,16.65630826600373
E01000804,1470.0,106.0,68.0,112.0,21.2,13.6,22.4,14.421768707482991,9.251700680272108,15.238095238095235
E01000805,1696.0,30.0,61.0,183.0,6.0,12.2,36.6,3.5377358490566038,7.193396226415094,21.580188679245285
E01000806,1715.0,60.0,388.0,283.0,12.0,77.6,56.6,6.997084548104956,45.24781341107871,33.00291545189504
E01000807,1665.0,65.0,213.0,185.0,13.0,42.6,37.0,7.807807807807808,25.585585585585587,22.22222222222222
E01000808,1561.0,17.0,14.0,47.0,3.4,2.8,9.4,2.1780909673286355,1.7937219730941703,6.021780909673287
E01000809,1542.0,23.0,12.0,38.0,4.6,2.4,7.6,2.98313878080415,1.5564202334630348,4.9286640726329445
E01000810,1542.0,21.0,20.0,54.0,4.2,4.0,10.8,2.7237354085603114,2.594033722438392,7.003891050583658
E01000811,1367.0,16.0,15.0,40.0,3.2,3.0,8.0,2.3408924652523777,2.194586686174104,5.852231163130944
E01000812,1632.0,35.0,35.0,111.0,7.0,7.0,22.2,4.2892156862745106,4.2892156862745106,13.602941176470589
E01000813,1563.0,19.0,184.0,69.0,3.8,36.8,13.8,2.4312220089571333,23.544465770953295,8.829174664107487
E01000814,1521.0,25.0,10.0,37.0,5.0,2.0,7.4,3.287310979618672,1.314924391847469,4.865220249835635
E01000815,1510.0,18.0,18.0,40.0,3.6,3.6,8.0,2.384105960264901,2.384105960264901,5.298013245033113
E01000816,1525.0,18.0,27.0,120.0,3.6,5.4,24.0,2.360655737704918,3.5409836065573774,15.737704918032787
E01000818,1685.0,31.0,16.0,65.0,6.2,3.2,13.0,3.679525222551929,1.8991097922848665,7.71513353115727
E01000819,1850.0,40.0,128.0,267.0,8.0,25.6,53.4,4.324324324324325,13.837837837837839,28.864864864864863
E01000820,1611.0,30.0,91.0,228.0,6.0,18.2,45.6,3.7243947858473,11.297330850403476,28.30540037243948
E01000822,1632.0,22.0,51.0,143.0,4.4,10.2,28.6,2.696078431372549,6.249999999999999,17.524509803921568
E01000823,1693.0,33.0,70.0,129.0,6.6,14.0,25.8,3.898405197873597,8.269344359125812,15.239220318960426
E01000824,1402.0,40.0,516.0,123.0,8.0,103.2,24.6,5.706134094151213,73.60912981455064,17.546362339514978
E01000825,1663.0,30.0,76.0,149.0,6.0,15.2,29.8,3.6079374624173184,9.140108238123872,17.919422730006016
E01000826,1636.0,23.0,28.0,43.0,4.6,5.6,8.6,2.811735941320293,3.4229828850855744,5.256723716381418
E01000827,1780.0,19.0,77.0,85.0,3.8,15.4,17.0,2.134831460674157,8.651685393258427,9.55056179775281
E01000828,1701.0,27.0,29.0,141.0,5.4,5.8,28.2,3.1746031746031744,3.409758965314521,16.57848324514991
E01000829,1769.0,14.0,37.0,94.0,2.8,7.4,18.8,1.5828151498021479,4.183154324477107,10.627473148671566
E01000830,1625.0,19.0,26.0,51.0,3.8,5.2,10.2,2.3384615384615386,3.2,6.276923076923077
E01000831,1702.0,19.0,15.0,71.0,3.8,3.0,14.2,2.2326674500587544,1.7626321974148063,8.343125734430082
E01000832,1571.0,22.0,35.0,55.0,4.4,7.0,11.0,2.8007638446849143,4.455760661998728,7.001909611712286
E01000833,1447.0,15.0,13.0,52.0,3.0,2.6,10.4,2.073255010366275,1.796821008984105,7.18728403593642
E01000834,1369.0,12.0,52.0,24.0,2.4,10.4,4.8,1.7531044558071585,7.596785975164353,3.506208911614317
E01000835,1757.0,66.0,378.0,176.0,13.2,75.6,35.2,7.512805919180421,43.02788844621514,20.034149117814458
E01000836,1388.0,11.0,10.0,27.0,2.2,2.0,5.4,1.585014409221902,1.440922190201729,3.890489913544669
E01000837,1566.0,36.0,20.0,81.0,7.2,4.0,16.2,4.597701149425287,2.554278416347382,10.344827586206897
E01000838,1431.0,10.0,18.0,64.0,2.0,3.6,12.8,1.397624039133473,2.5157232704402515,8.944793850454229
E01000839,1390.0,7.0,11.0,48.0,1.4,2.2,9.6,1.0071942446043165,1.5827338129496404,6.906474820143885
E01000840,1491.0,9.0,24.0,71.0,1.8,4.8,14.2,1.2072434607645874,3.219315895372233,9.523809523809524
E01000841,1698.0,35.0,61.0,54.0,7.0,12.2,10.8,4.122497055359246,7.1849234393404,6.360424028268551
E01000842,1432.0,44.0,89.0,80.0,8.8,17.8,16.0,6.145251396648045,12.430167597765363,11.1731843575419
E01000843,1196.0,50.0,103.0,87.0,10.0,20.6,17.4,8.361204013377925,17.22408026755853,14.548494983277592
E01000844,1635.0,46.0,158.0,93.0,9.2,31.6,18.6,5.626911314984709,19.327217125382266,11.376146788990827
E01000845,1500.0,70.0,450.0,166.0,14.0,90.0,33.2,9.333333333333334,60.0,22.133333333333336
E01000846,1453.0,30.0,97.0,143.0,6.0,19.4,28.6,4.129387474191328,13.35168616655196,19.683413626978666
E01000847,1599.0,61.0,164.0,153.0,12.2,32.8,30.6,7.62976860537836,20.51282051282051,19.136960600375236
E01000848,1485.0,49.0,152.0,95.0,9.8,30.4,19.0,6.5993265993265995,20.47138047138047,12.794612794612794
E01000849,1362.0,61.0,517.0,92.0,12.2,103.4,18.4,8.95741556534508,75.91776798825258,13.509544787077825
E01000850,1424.0,211.0,3953.0,477.0,42.2,790.6,95.4,29.63483146067416,555.1966292134831,66.99438202247192
E01000851,1479.0,229.0,1888.0,233.0,45.8,377.6,46.6,30.966869506423258,255.3076402974983,31.507775524002703
E01000853,1405.0,83.0,905.0,246.0,16.6,181.0,49.2,11.814946619217084,128.8256227758007,35.017793594306056
E01000855,1310.0,208.0,4807.0,699.0,41.6,961.4,139.8,31.755725190839698,733.8931297709923,106.7175572519084
E01000856,1591.0,95.0,640.0,436.0,19.0,128.0,87.2,11.942174732872406,80.45254556882465,54.80829666876179
E01000857,1391.0,27.0,122.0,73.0,5.4,24.4,14.6,3.8820992092020132,17.541337167505393,10.4960460100647
E01000858,1932.0,86.0,1390.0,516.0,17.2,278.0,103.2,8.902691511387163,143.89233954451348,53.41614906832298
E01000859,1462.0,79.0,339.0,117.0,15.8,67.8,23.4,10.807113543091655,46.374829001367985,16.00547195622435
E01000860,1120.0,32.0,173.0,97.0,6.4,34.6,19.4,5.714285714285714,30.892857142857146,17.32142857142857
E01000861,1366.0,101.0,950.0,433.0,20.2,190.0,86.6,14.787701317715959,139.0922401171303,63.39677891654465
E01000862,1685.0,93.0,866.0,239.0,18.6,173.2,47.8,11.038575667655786,102.78931750741839,28.36795252225519
E01000863,1476.0,226.0,4651.0,1835.0,45.2,930.2,367.0,30.623306233062333,630.2168021680217,248.6449864498645
E01000866,1950.0,64.0,232.0,250.0,12.8,46.4,50.0,6.564102564102565,23.794871794871796,25.64102564102564
E01000867,1736.0,80.0,195.0,240.0,16.0,39.0,48.0,9.216589861751151,22.465437788018434,27.64976958525346
E01000868,1746.0,33.0,111.0,201.0,6.6,22.2,40.2,3.780068728522336,12.714776632302405,23.02405498281787
E01000869,1946.0,60.0,153.0,213.0,12.0,30.6,42.6,6.166495375128468,15.724563206577596,21.891058581706062
E01000870,1601.0,44.0,211.0,226.0,8.8,42.2,45.2,5.496564647095565,26.35852592129919,28.232354778263588
E01000871,1657.0,69.0,209.0,133.0,13.8,41.8,26.6,8.328304164152083,25.226312613156303,16.053108026554014
E01000872,1740.0,98.0,288.0,331.0,19.6,57.6,66.2,11.264367816091955,33.10344827586207,38.04597701149425
E01000873,1582.0,42.0,61.0,143.0,8.4,12.2,28.6,5.3097345132743365,7.711757269279393,18.078381795195956
E01000874,1480.0,43.0,62.0,49.0,8.6,12.4,9.8,5.8108108108108105,8.378378378378377,6.621621621621623
E01000875,1570.0,44.0,86.0,152.0,8.8,17.2,30.4,5.605095541401274,10.955414012738853,19.363057324840764
E01000876,1924.0,53.0,84.0,211.0,10.6,16.8,42.2,5.509355509355509,8.731808731808732,21.933471933471935
E01000877,1458.0,54.0,71.0,94.0,10.8,14.2,18.8,7.407407407407407,9.739368998628258,12.89437585733882
E01000878,1714.0,92.0,55.0,98.0,18.4,11.0,19.6,10.73512252042007,6.417736289381563,11.435239206534423
E01000879,1303.0,55.0,209.0,86.0,11.0,41.8,17.2,8.44205679201842,32.07981580966999,13.200306983883344
E01000880,1412.0,54.0,47.0,64.0,10.8,9.4,12.8,7.64872521246459,6.657223796033994,9.065155807365441
E01000881,1386.0,73.0,124.0,100.0,14.6,24.8,20.0,10.533910533910534,17.893217893217894,14.43001443001443
E01000882,1452.0,48.0,122.0,49.0,9.6,24.4,9.8,6.6115702479338845,16.804407713498623,6.749311294765841
E01000883,1508.0,93.0,469.0,152.0,18.6,93.8,30.4,12.334217506631301,62.20159151193634,20.159151193633953
E01000884,1471.0,52.0,36.0,54.0,10.4,7.2,10.8,7.070020394289599,4.894629503738954,7.34194425560843
E01000885,1280.0,59.0,23.0,39.0,11.8,4.6,7.8,9.218750000000002,3.5937499999999996,6.09375
E01000886,1330.0,35.0,101.0,87.0,7.0,20.2,17.4,5.263157894736842,15.18796992481203,13.08270676691729
E01000887,1387.0,44.0,182.0,147.0,8.8,36.4,29.4,6.344628695025235,26.24369142033165,21.196827685652487
E01000888,1470.0,43.0,90.0,144.0,8.6,18.0,28.8,5.850340136054422,12.244897959183673,19.591836734693878
E01000889,1770.0,44.0,77.0,211.0,8.8,15.4,42.2,4.971751412429379,8.700564971751414,23.84180790960452
E01000890,1317.0,78.0,92.0,219.0,15.6,18.4,43.8,11.84510250569476,13.971146545178433,33.25740318906606
E01000891,1485.0,77.0,162.0,282.0,15.4,32.4,56.4,10.37037037037037,21.818181818181817,37.97979797979798
E01000892,1791.0,76.0,128.0,129.0,15.2,25.6,25.8,8.486878838637631,14.293690675600224,14.40536013400335
E01000893,1377.0,32.0,93.0,79.0,6.4,18.6,15.8,4.647785039941903,13.507625272331156,11.474219317356573
E01000894,1271.0,47.0,182.0,88.0,9.4,36.4,17.6,7.395751376868607,28.638867033831627,13.847364280094416
E01000895,1552.0,71.0,805.0,157.0,14.2,161.0,31.4,9.149484536082474,103.73711340206187,20.231958762886595
E01000896,1438.0,69.0,277.0,80.0,13.8,55.4,16.0,9.596662030598054,38.525730180806676,11.126564673157162
E01000897,1560.0,51.0,108.0,47.0,10.2,21.6,9.4,6.538461538461538,13.846153846153847,6.0256410256410255
E01000898,1586.0,97.0,791.0,597.0,19.4,158.2,119.4,12.23203026481715,99.74779319041613,75.28373266078184
E01000899,1560.0,65.0,121.0,98.0,13.0,24.2,19.6,8.333333333333334,15.512820512820511,12.564102564102566
E01000900,1692.0,54.0,169.0,229.0,10.8,33.8,45.8,6.382978723404256,19.976359338061464,27.068557919621746
E01000901,1971.0,62.0,146.0,259.0,12.4,29.2,51.8,6.291222729578894,14.814814814814813,26.281075596144085
E01000902,1414.0,46.0,120.0,221.0,9.2,24.0,44.2,6.506364922206506,16.973125884016973,31.25884016973126
E01000903,1411.0,39.0,123.0,105.0,7.8,24.6,21.0,5.527994330262225,17.434443656980868,14.883061658398299
E01000904,2066.0,103.0,550.0,403.0,20.6,110.0,80.6,9.970958373668926,53.24298160696999,39.01258470474346
E01000905,1874.0,92.0,233.0,318.0,18.4,46.6,63.6,9.818569903948772,24.86659551760939,33.938100320170754
E01000906,1445.0,59.0,215.0,124.0,11.8,43.0,24.8,8.166089965397925,29.75778546712803,17.162629757785467
E01000907,1483.0,43.0,49.0,222.0,8.6,9.8,44.4,5.799055967633175,6.608226567768038,29.939312204989886
E01000908,1523.0,47.0,74.0,132.0,9.4,14.8,26.4,6.172028890347998,9.717662508207486,17.33420879842416
E01000909,1549.0,52.0,136.0,97.0,10.4,27.2,19.4,6.71400903808909,17.559715945771465,12.524209167204647
E01000910,1340.0,42.0,88.0,96.0,8.4,17.6,19.2,6.26865671641791,13.134328358208956,14.328358208955224
E01000911,1438.0,28.0,52.0,115.0,5.6,10.4,23.0,3.8942976356050067,7.232267037552156,15.994436717663422
E01000912,1587.0,57.0,308.0,334.0,11.4,61.6,66.8,7.183364839319471,38.81537492123503,42.09199747952111
E01000913,1603.0,101.0,299.0,862.0,20.2,59.8,172.4,12.601372426699937,37.30505302557704,107.54834684965691
E01000914,1419.0,335.0,4498.0,825.0,67.0,899.6,165.0,47.21634954193094,633.9675828047922,116.27906976744185
E01000915,1530.0,48.0,247.0,418.0,9.6,49.4,83.6,6.2745098039215685,32.287581699346404,54.64052287581699
E01000916,1853.0,231.0,1298.0,400.0,46.2,259.6,80.0,24.93254182406908,140.09713977334053,43.17323259579061
E01000917,1653.0,70.0,470.0,260.0,14.0,94.0,52.0,8.469449485783425,56.86630369026013,31.45795523290986
E01000918,1792.0,271.0,3224.0,663.0,54.2,644.8,132.6,30.245535714285715,359.82142857142856,73.99553571428571
E01000919,1440.0,312.0,6965.0,810.0,62.4,1393.0,162.0,43.333333333333336,967.3611111111111,112.5
E01000920,1623.0,128.0,536.0,208.0,25.6,107.2,41.6,15.773259396179913,66.05052372150338,25.631546518792362
E01000921,1875.0,103.0,635.0,330.0,20.6,127.0,66.0,10.986666666666666,67.73333333333333,35.2
E01000922,1920.0,77.0,542.0,409.0,15.4,108.4,81.8,8.020833333333332,56.45833333333334,42.604166666666664
E01000923,1447.0,39.0,75.0,115.0,7.8,15.0,23.0,5.3904630269523155,10.366275051831375,15.894955079474776
E01000924,1569.0,53.0,118.0,131.0,10.6,23.6,26.2,6.755895474824729,15.04142766093053,16.69853409815169
E01000925,1495.0,42.0,65.0,137.0,8.4,13.0,27.4,5.618729096989966,8.695652173913043,18.32775919732441
E01000926,1472.0,36.0,105.0,156.0,7.2,21.0,31.2,4.891304347826087,14.266304347826086,21.195652173913043
E01000927,1535.0,66.0,319.0,242.0,13.2,63.8,48.4,8.599348534201953,41.56351791530945,31.530944625407162
E01000928,1711.0,70.0,566.0,314.0,14.0,113.2,62.8,8.182349503214494,66.16014026884864,36.70368205727644
E01000929,1915.0,88.0,96.0,254.0,17.6,19.2,50.8,9.190600522193213,10.026109660574413,26.527415143603132
E01000930,2085.0,171.0,1082.0,590.0,34.2,216.4,118.0,16.402877697841728,103.78896882494006,56.594724220623505
E01000931,2059.0,147.0,1177.0,613.0,29.4,235.4,122.6,14.278776104905292,114.32734337056824,59.54346770276833
E01000932,1760.0,60.0,86.0,155.0,12.0,17.2,31.0,6.8181818181818175,9.772727272727272,17.613636363636363
E01000933,1772.0,93.0,663.0,287.0,18.6,132.6,57.4,10.496613995485328,74.83069977426636,32.39277652370203
E01000934,1513.0,75.0,92.0,153.0,15.0,18.4,30.6,9.91407799074686,12.161269001982815,20.224719101123597
E01000935,1598.0,49.0,96.0,166.0,9.8,19.2,33.2,6.132665832290363,12.015018773466833,20.77596996245307
E01000937,1119.0,33.0,347.0,102.0,6.6,69.4,20.4,5.898123324396783,62.019660411081325,18.230563002680963
E01000938,1365.0,123.0,766.0,550.0,24.6,153.2,110.0,18.021978021978025,112.23443223443223,80.5860805860806
E01000939,1447.0,82.0,852.0,435.0,16.4,170.4,87.0,11.33379405666897,117.76088458880443,60.12439530062198
E01000941,1195.0,39.0,213.0,157.0,7.8,42.6,31.4,6.527196652719666,35.64853556485355,26.276150627615063
E01000942,1013.0,75.0,1143.0,208.0,15.0,228.6,41.6,14.807502467917079,225.66633761105626,41.06614017769003
E01000943,1585.0,99.0,651.0,191.0,19.8,130.2,38.2,12.49211356466877,82.14511041009463,24.10094637223975
E01000944,1464.0,27.0,96.0,156.0,5.4,19.2,31.2,3.6885245901639347,13.114754098360656,21.311475409836063
E01000946,1551.0,101.0,911.0,342.0,20.2,182.2,68.4,13.023855577047065,117.47259832366215,44.10058027079304
E01000947,1665.0,133.0,2229.0,732.0,26.6,445.8,146.4,15.975975975975977,267.7477477477477,87.92792792792793
E01000948,1531.0,72.0,281.0,219.0,14.4,56.2,43.8,9.405617243631612,36.70803396472893,28.60875244937949
E01000949,1600.0,34.0,68.0,94.0,6.8,13.6,18.8,4.25,8.5,11.75
E01000951,1539.0,38.0,62.0,128.0,7.6,12.4,25.6,4.938271604938271,8.057179987004549,16.634178037686812
E01000952,1691.0,31.0,117.0,253.0,6.2,23.4,50.6,3.6664695446481375,13.837965700768775,29.923122412773505
E01000954,1751.0,31.0,107.0,197.0,6.2,21.4,39.4,3.5408338092518563,12.22158766419189,22.501427755568244
E01000955,1348.0,53.0,174.0,219.0,10.6,34.8,43.8,7.863501483679525,25.816023738872403,32.49258160237389
E01000956,1505.0,96.0,1563.0,514.0,19.2,312.6,102.8,12.757475083056477,207.70764119601333,68.30564784053156
E01000957,1320.0,48.0,129.0,153.0,9.6,25.8,30.6,7.2727272727272725,19.545454545454547,23.181818181818183
E01000958,2940.0,141.0,752.0,716.0,28.2,150.4,143.2,9.591836734693878,51.156462585034014,48.707482993197274
E01000959,1691.0,43.0,138.0,261.0,8.6,27.6,52.2,5.085748078060319,16.321703134240096,30.869308101714964
E01000960,1867.0,90.0,1002.0,245.0,18.0,200.4,49.0,9.6411355115158,107.33797536154259,26.245313336904125
E01000961,1791.0,78.0,273.0,191.0,15.6,54.6,38.2,8.710217755443885,30.485762144053602,21.32886655499721
E01000962,1543.0,57.0,73.0,60.0,11.4,14.6,12.0,7.3882047958522366,9.46208684381076,7.777057679844459
E01000963,1920.0,62.0,688.0,369.0,12.4,137.6,73.8,6.458333333333333,71.66666666666667,38.4375
E01000964,1730.0,71.0,92.0,101.0,14.2,18.4,20.2,8.208092485549132,10.635838150289016,11.676300578034681
E01000965,1719.0,76.0,101.0,131.0,15.2,20.2,26.2,8.842350203606749,11.751018033740547,15.241419429901105
E01000966,1615.0,50.0,47.0,38.0,10.0,9.4,7.6,6.191950464396285,5.820433436532508,4.705882352941176
E01000967,1539.0,47.0,143.0,94.0,9.4,28.6,18.8,6.1078622482131255,18.583495776478234,12.215724496426251
E01000968,1469.0,42.0,82.0,95.0,8.4,16.4,19.0,5.718175629680054,11.164057181756295,12.933968686181077
E01000969,1830.0,115.0,411.0,201.0,23.0,82.2,40.2,12.568306010928962,44.91803278688525,21.967213114754102
E01000970,1408.0,56.0,105.0,105.0,11.2,21.0,21.0,7.954545454545454,14.914772727272728,14.914772727272728
E01000971,1323.0,24.0,38.0,60.0,4.8,7.6,12.0,3.6281179138321993,5.744520030234315,9.070294784580499
E01000972,1959.0,130.0,1229.0,379.0,26.0,245.8,75.8,13.272077590607452,125.47217968351201,38.69321082184788
E01000973,2562.0,162.0,571.0,369.0,32.4,114.2,73.8,12.646370023419204,44.57455113192818,28.805620608899297
E01000974,1590.0,60.0,142.0,234.0,12.0,28.4,46.8,7.547169811320755,17.861635220125788,29.433962264150942
E01000975,2345.0,67.0,153.0,315.0,13.4,30.6,63.0,5.714285714285714,13.049040511727078,26.865671641791046
E01000976,2140.0,98.0,680.0,330.0,19.6,136.0,66.0,9.158878504672897,63.55140186915888,30.8411214953271
E01000977,1943.0,49.0,100.0,434.0,9.8,20.0,86.8,5.043746783324756,10.29336078229542,44.67318579516212
E01000978,1731.0,59.0,51.0,192.0,11.8,10.2,38.4,6.816868861929521,5.8925476603119575,22.18370883882149
E01000979,1758.0,64.0,196.0,200.0,12.8,39.2,40.0,7.281001137656428,22.29806598407281,22.753128555176335
E01000980,1495.0,26.0,43.0,174.0,5.2,8.6,34.8,3.4782608695652177,5.752508361204013,23.277591973244146
E01000981,1730.0,28.0,47.0,189.0,5.6,9.4,37.8,3.236994219653179,5.433526011560693,21.84971098265896
E01000982,1684.0,32.0,53.0,182.0,6.4,10.6,36.4,3.8004750593824226,6.294536817102138,21.615201900237526
E01000983,1819.0,44.0,76.0,157.0,8.8,15.2,31.4,4.837822979659154,8.356239692138537,17.26223199560198
E01000984,1902.0,38.0,88.0,215.0,7.6,17.6,43.0,3.995793901156677,9.2534174553102,22.60778128286015
E01000985,1454.0,34.0,24.0,108.0,6.8,4.8,21.6,4.6767537826685,3.3012379642365883,14.855570839064649
E01000986,1772.0,47.0,268.0,219.0,9.4,53.6,43.8,5.304740406320542,30.248306997742667,24.71783295711061
E01000987,1358.0,13.0,64.0,95.0,2.6,12.8,19.0,1.914580265095729,9.425625920471283,13.991163475699558
E01000989,1734.0,16.0,28.0,87.0,3.2,5.6,17.4,1.845444059976932,3.229527104959631,10.034602076124568
E01000990,1436.0,24.0,61.0,215.0,4.8,12.2,43.0,3.342618384401114,8.495821727019496,29.944289693593312
E01000991,1737.0,16.0,35.0,88.0,3.2,7.0,17.6,1.8422567645365573,4.029936672423719,10.132412204951065
E01000992,1876.0,42.0,209.0,288.0,8.4,41.8,57.6,4.477611940298508,22.28144989339019,30.70362473347548
E01000993,1652.0,43.0,151.0,151.0,8.6,30.2,30.2,5.205811138014528,18.28087167070218,18.28087167070218
E01000994,1591.0,22.0,54.0,207.0,4.4,10.8,41.4,2.7655562539283474,6.78818353236958,26.02137020741672
E01000995,1714.0,22.0,175.0,232.0,4.4,35.0,46.4,2.567094515752626,20.420070011668614,27.07117852975496
E01000996,1329.0,13.0,28.0,92.0,2.6,5.6,18.4,1.9563581640331074,4.213694507148232,13.84499623777276
E01000997,1499.0,24.0,51.0,176.0,4.8,10.2,35.2,3.202134756504336,6.804536357571714,23.48232154769847
E01000998,1493.0,29.0,105.0,292.0,5.8,21.0,58.4,3.884795713328868,14.06563965170797,39.11587407903549
E01000999,1324.0,17.0,26.0,94.0,3.4,5.2,18.8,2.5679758308157097,3.92749244712991,14.19939577039275
E01001000,1338.0,33.0,120.0,260.0,6.6,24.0,52.0,4.932735426008969,17.937219730941703,38.86397608370702
E01001001,1410.0,51.0,71.0,270.0,10.2,14.2,54.0,7.234042553191489,10.070921985815604,38.297872340425535
E01001002,1472.0,8.0,31.0,136.0,1.6,6.2,27.2,1.0869565217391304,4.211956521739131,18.47826086956522
E01001003,1588.0,27.0,53.0,149.0,5.4,10.6,29.8,3.400503778337532,6.675062972292191,18.76574307304786
E01001004,2180.0,37.0,63.0,305.0,7.4,12.6,61.0,3.3944954128440368,5.779816513761467,27.98165137614679
E01001005,1733.0,51.0,177.0,255.0,10.2,35.4,51.0,5.885747259088285,20.427005193306403,29.428736295441432
E01001006,1790.0,64.0,375.0,265.0,12.8,75.0,53.0,7.150837988826816,41.89944134078212,29.608938547486034
E01001007,1984.0,34.0,37.0,184.0,6.8,7.4,36.8,3.42741935483871,3.7298387096774195,18.548387096774192
E01001008,1668.0,36.0,87.0,295.0,7.2,17.4,59.0,4.316546762589928,10.431654676258992,35.37170263788969
E01001009,2049.0,24.0,74.0,241.0,4.8,14.8,48.2,2.342606149341142,7.2230356271351885,23.523670082967303
E01001010,1700.0,84.0,438.0,422.0,16.8,87.6,84.4,9.882352941176471,51.52941176470588,49.64705882352941
E01001011,2311.0,103.0,279.0,684.0,20.6,55.8,136.8,8.913890090869753,24.145391605365642,59.19515361315449
E01001012,2097.0,79.0,129.0,438.0,15.8,25.8,87.6,7.534573199809252,12.303290414878399,41.77396280400572
E01001013,2194.0,121.0,1321.0,1087.0,24.2,264.2,217.4,11.030082041932543,120.41932543299909,99.08842297174111
E01001015,1493.0,32.0,50.0,221.0,6.4,10.0,44.2,4.286671131949096,6.697923643670462,29.604822505023446
E01001016,1758.0,40.0,51.0,163.0,8.0,10.2,32.6,4.550625711035267,5.802047781569965,18.543799772468713
E01001017,1649.0,23.0,13.0,60.0,4.6,2.6,12.0,2.789569436021831,1.5767131594906003,7.277137659187386
E01001018,1649.0,21.0,38.0,84.0,4.2,7.6,16.8,2.5469981807155855,4.6088538508186785,10.187992722862342
E01001019,1460.0,14.0,19.0,80.0,2.8,3.8,16.0,1.917808219178082,2.6027397260273974,10.95890410958904
E01001020,1653.0,19.0,43.0,144.0,3.8,8.6,28.8,2.2988505747126435,5.202661826981246,17.422867513611617
E01001021,1357.0,23.0,43.0,203.0,4.6,8.6,40.6,3.389830508474576,6.337509211495947,29.918938835666914
E01001022,1482.0,15.0,20.0,100.0,3.0,4.0,20.0,2.0242914979757085,2.6990553306342777,13.495276653171391
E01001023,2597.0,60.0,474.0,430.0,12.0,94.8,86.0,4.620716211012707,36.50365806700039,33.11513284559107
E01001024,1340.0,18.0,23.0,76.0,3.6,4.6,15.2,2.6865671641791047,3.432835820895522,11.343283582089551
E01001025,1349.0,18.0,21.0,48.0,3.6,4.2,9.6,2.6686434395848777,3.1134173461823575,7.116382505559673
E01001026,1881.0,23.0,30.0,90.0,4.6,6.0,18.0,2.445507708665603,3.189792663476874,9.569377990430622
E01001027,2910.0,28.0,129.0,107.0,5.6,25.8,21.4,1.924398625429553,8.865979381443298,7.353951890034364
E01001028,1656.0,43.0,38.0,105.0,8.6,7.6,21.0,5.193236714975845,4.5893719806763285,12.681159420289855
E01001029,1719.0,68.0,56.0,152.0,13.6,11.2,30.4,7.9115764979639325,6.515415939499709,17.684700407213498
E01001030,1454.0,36.0,20.0,83.0,7.2,4.0,16.6,4.951856946354884,2.751031636863824,11.41678129298487
E01001031,1456.0,20.0,20.0,69.0,4.0,4.0,13.8,2.7472527472527473,2.7472527472527473,9.47802197802198
E01001032,1556.0,32.0,14.0,77.0,6.4,2.8,15.4,4.113110539845759,1.799485861182519,9.897172236503856
E01001033,1669.0,45.0,132.0,231.0,9.0,26.4,46.2,5.392450569203115,15.817855002995804,27.681246255242662
E01001034,1612.0,32.0,68.0,206.0,6.4,13.6,41.2,3.970223325062035,8.436724565756823,25.558312655086848
E01001035,1860.0,28.0,42.0,242.0,5.6,8.4,48.4,3.010752688172043,4.516129032258065,26.021505376344084
E01001036,1621.0,41.0,46.0,111.0,8.2,9.2,22.2,5.058605798889574,5.67550894509562,13.695249845774212
E01001037,1536.0,53.0,306.0,233.0,10.6,61.2,46.6,6.901041666666666,39.84375000000001,30.338541666666668
E01001038,1903.0,28.0,39.0,210.0,5.6,7.8,42.0,2.9427220178665263,4.098791382028376,22.07041513399895
E01001039,1569.0,20.0,21.0,94.0,4.0,4.2,18.8,2.5493945188017846,2.676864244741874,11.982154238368388
E01001040,1721.0,35.0,99.0,200.0,7.0,19.8,40.0,4.067402672864613,11.504938988959909,23.24230098779779
E01001041,1730.0,42.0,68.0,280.0,8.4,13.6,56.0,4.855491329479769,7.861271676300578,32.36994219653179
E01001042,2172.0,131.0,430.0,711.0,26.2,86.0,142.2,12.062615101289135,39.59484346224678,65.4696132596685
E01001044,2081.0,56.0,71.0,133.0,11.2,14.2,26.6,5.382027871215761,6.823642479577126,12.782316194137435
E01001046,1926.0,47.0,27.0,99.0,9.4,5.4,19.8,4.8805815160955355,2.8037383177570097,10.280373831775702
E01001047,1734.0,58.0,94.0,296.0,11.6,18.8,59.2,6.689734717416378,10.841983852364475,34.14071510957324
E01001049,1440.0,44.0,47.0,117.0,8.8,9.4,23.4,6.111111111111112,6.527777777777779,16.25
E01001050,1715.0,28.0,35.0,100.0,5.6,7.0,20.0,3.265306122448979,4.081632653061225,11.661807580174926
E01001051,1604.0,16.0,55.0,198.0,3.2,11.0,39.6,1.9950124688279305,6.85785536159601,24.688279301745634
E01001052,1466.0,15.0,38.0,196.0,3.0,7.6,39.2,2.0463847203274215,5.184174624829468,26.73942701227831
E01001053,1600.0,16.0,24.0,186.0,3.2,4.8,37.2,2.0,3.0,23.250000000000004
E01001054,1861.0,29.0,47.0,258.0,5.8,9.4,51.6,3.116603976356797,5.051047823750673,27.7270284793122
E01001055,1568.0,12.0,61.0,183.0,2.4,12.2,36.6,1.530612244897959,7.780612244897958,23.34183673469388
E01001056,1808.0,15.0,34.0,275.0,3.0,6.8,55.0,1.6592920353982301,3.7610619469026547,30.420353982300885
E01001057,1791.0,17.0,47.0,324.0,3.4,9.4,64.8,1.8983807928531544,5.248464544946957,36.18090452261306
E01001058,1355.0,7.0,31.0,66.0,1.4,6.2,13.2,1.0332103321033208,4.575645756457565,9.74169741697417
E01001059,1452.0,16.0,27.0,113.0,3.2,5.4,22.6,2.203856749311295,3.7190082644628104,15.564738292011022
E01001060,1618.0,19.0,29.0,139.0,3.8,5.8,27.8,2.3485784919653896,3.584672435105068,17.18170580964153
E01001061,1621.0,22.0,39.0,212.0,4.4,7.8,42.4,2.714373843306601,4.811844540407155,26.156693399136334
E01001062,1511.0,52.0,338.0,144.0,10.4,67.6,28.8,6.882859033752482,44.73858371939113,19.060225016545335
E01001063,1535.0,38.0,42.0,97.0,7.6,8.4,19.4,4.951140065146579,5.4723127035830625,12.638436482084689
E01001064,1603.0,38.0,80.0,157.0,7.6,16.0,31.4,4.741110417966313,9.981285090455396,19.588271990018715
E01001065,1325.0,45.0,257.0,146.0,9.0,51.4,29.2,6.7924528301886795,38.79245283018868,22.037735849056602
E01001066,1453.0,10.0,30.0,178.0,2.0,6.0,35.6,1.3764624913971093,4.129387474191328,24.50103234686855
E01001067,1654.0,49.0,23.0,53.0,9.8,4.6,10.6,5.925030229746071,2.781136638452237,6.408706166868198
E01001068,1836.0,26.0,41.0,180.0,5.2,8.2,36.0,2.832244008714597,4.466230936819172,19.607843137254903
E01001069,1369.0,24.0,23.0,61.0,4.8,4.6,12.2,3.506208911614317,3.360116873630387,8.91161431701972
E01001070,1785.0,32.0,53.0,137.0,6.4,10.6,27.4,3.585434173669468,5.938375350140056,15.35014005602241
E01001071,1897.0,18.0,52.0,86.0,3.6,10.4,17.2,1.8977332630469164,5.482340537691091,9.066947812335265
E01001072,1482.0,25.0,16.0,67.0,5.0,3.2,13.4,3.373819163292848,2.1592442645074224,9.041835357624832
E01001073,1439.0,45.0,29.0,123.0,9.0,5.8,24.6,6.254343293954135,4.0305767894371085,17.095205003474636
E01001074,1948.0,38.0,60.0,231.0,7.6,12.0,46.2,3.9014373716632442,6.160164271047228,23.716632443531832
E01001075,1629.0,30.0,331.0,126.0,6.0,66.2,25.2,3.6832412523020257,40.63842848373235,15.469613259668508
E01001076,1667.0,84.0,415.0,426.0,16.8,83.0,85.2,10.077984403119377,49.79004199160168,51.10977804439113
E01001077,1332.0,11.0,25.0,96.0,2.2,5.0,19.2,1.6516516516516517,3.7537537537537538,14.414414414414415
E01001078,1448.0,26.0,153.0,233.0,5.2,30.6,46.6,3.591160220994475,21.132596685082873,32.18232044198895
E01001079,1614.0,42.0,39.0,240.0,8.4,7.8,48.0,5.204460966542752,4.83271375464684,29.739776951672862
E01001080,1481.0,39.0,60.0,282.0,7.8,12.0,56.4,5.266711681296422,8.102633355840648,38.08237677245105
E01001081,1473.0,36.0,64.0,276.0,7.2,12.8,55.2,4.887983706720978,8.689748811948405,37.4745417515275
E01001082,1551.0,30.0,54.0,193.0,6.0,10.8,38.6,3.8684719535783367,6.963249516441007,24.88716956802063
E01001083,1615.0,34.0,38.0,110.0,6.8,7.6,22.0,4.2105263157894735,4.705882352941176,13.622291021671828
E01001084,1931.0,33.0,85.0,179.0,6.6,17.0,35.8,3.4179181771103053,8.803728638011393,18.53961677887105
E01001085,1709.0,53.0,188.0,252.0,10.6,37.6,50.4,6.202457577530719,22.00117027501463,29.49093036863663
E01001086,1731.0,34.0,49.0,157.0,6.8,9.8,31.4,3.928365106874639,5.661467359907568,18.139803581744655
E01001087,2829.0,86.0,272.0,519.0,17.2,54.4,103.8,6.079886885825379,19.2294096854012,36.691410392364794
E01001088,1679.0,25.0,30.0,118.0,5.0,6.0,23.6,2.9779630732578917,3.5735556879094696,14.05598570577725
E01001089,1786.0,88.0,942.0,268.0,17.6,188.4,53.6,9.854423292273237,105.48712206047033,30.011198208286675
E01001090,2276.0,24.0,78.0,207.0,4.8,15.6,41.4,2.1089630931458703,6.854130052724077,18.18980667838313
E01001091,1575.0,57.0,50.0,131.0,11.4,10.0,26.2,7.238095238095238,6.349206349206349,16.634920634920633
E01001092,1933.0,70.0,78.0,212.0,14.0,15.6,42.4,7.242628039317124,8.070356958096223,21.934816347646144
E01001093,1793.0,42.0,43.0,159.0,8.4,8.6,31.8,4.684885666480758,4.796430563301729,17.7356385945343
E01001094,1644.0,57.0,40.0,123.0,11.4,8.0,24.6,6.934306569343066,4.866180048661801,14.963503649635038
E01001095,1530.0,39.0,76.0,176.0,7.8,15.2,35.2,5.098039215686275,9.934640522875817,23.006535947712422
E01001096,1478.0,38.0,12.0,56.0,7.6,2.4,11.2,5.142083897158322,1.6238159675236805,7.577807848443843
E01001097,2389.0,156.0,725.0,698.0,31.2,145.0,139.6,13.05985768103809,60.694851402260355,58.43449141900377
E01001098,1470.0,25.0,26.0,59.0,5.0,5.2,11.8,3.401360544217687,3.5374149659863945,8.02721088435374
E01001099,1581.0,22.0,35.0,146.0,4.4,7.0,29.2,2.783048703352309,4.427577482605946,18.46932321315623
E01001100,1512.0,21.0,26.0,76.0,4.2,5.2,15.2,2.7777777777777777,3.439153439153439,10.052910052910054
E01001101,1431.0,19.0,5.0,57.0,3.8,1.0,11.4,2.655485674353599,0.6988120195667366,7.966457023060796
E01001102,1516.0,30.0,38.0,86.0,6.0,7.6,17.2,3.95778364116095,5.013192612137202,11.345646437994723
E01001103,1633.0,28.0,70.0,59.0,5.6,14.0,11.8,3.4292712798530314,8.57317819963258,7.225964482547459
E01001104,1674.0,32.0,26.0,92.0,6.4,5.2,18.4,3.8231780167264042,3.1063321385902034,10.991636798088411
E01001105,1737.0,36.0,24.0,114.0,7.2,4.8,22.8,4.1450777202072535,2.763385146804836,13.12607944732297
E01001106,1503.0,21.0,48.0,167.0,4.2,9.6,33.4,2.7944111776447107,6.387225548902196,22.222222222222218
E01001107,1667.0,32.0,30.0,62.0,6.4,6.0,12.4,3.839232153569286,3.599280143971206,7.438512297540492
E01001108,1786.0,23.0,24.0,65.0,4.6,4.8,13.0,2.57558790593505,2.6875699888017914,7.278835386338186
E01001109,2350.0,105.0,152.0,418.0,21.0,30.4,83.6,8.936170212765958,12.936170212765957,35.574468085106375
E01001110,2148.0,72.0,147.0,390.0,14.4,29.4,78.0,6.70391061452514,13.687150837988826,36.312849162011176
E01001111,1752.0,37.0,232.0,295.0,7.4,46.4,59.0,4.223744292237443,26.484018264840184,33.67579908675799
E01001112,2017.0,36.0,69.0,231.0,7.2,13.8,46.2,3.5696579077838377,6.841844323252355,22.90530490827962
E01001113,2006.0,45.0,106.0,288.0,9.0,21.2,57.6,4.48654037886341,10.568295114656031,28.71385842472582
E01001114,1510.0,52.0,94.0,299.0,10.4,18.8,59.8,6.887417218543046,12.450331125827816,39.602649006622514
E01001115,1820.0,37.0,104.0,311.0,7.4,20.8,62.2,4.065934065934066,11.428571428571429,34.175824175824175
E01001116,1525.0,61.0,241.0,361.0,12.2,48.2,72.2,8.0,31.606557377049185,47.34426229508197
E01001118,2153.0,80.0,207.0,681.0,16.0,41.4,136.2,7.431490942870414,19.22898281467719,63.26056665118439
E01001119,1439.0,9.0,9.0,34.0,1.8,1.8,6.8,1.250868658790827,1.250868658790827,4.72550382209868
E01001120,1347.0,16.0,105.0,99.0,3.2,21.0,19.8,2.3756495916852267,15.590200445434299,14.699331848552339
E01001121,1324.0,26.0,16.0,52.0,5.2,3.2,10.4,3.92749244712991,2.416918429003021,7.85498489425982
E01001122,1440.0,44.0,35.0,60.0,8.8,7.0,12.0,6.111111111111112,4.861111111111112,8.333333333333334
E01001123,1617.0,34.0,25.0,59.0,6.8,5.0,11.8,4.205318491032776,3.0921459492888066,7.297464440321584
E01001124,1566.0,21.0,13.0,46.0,4.2,2.6,9.2,2.6819923371647514,1.6602809706257984,5.874840357598978
E01001125,1645.0,38.0,166.0,221.0,7.6,33.2,44.2,4.620060790273556,20.182370820668694,26.869300911854104
E01001126,1417.0,17.0,18.0,54.0,3.4,3.6,10.8,2.399435426958363,2.5405786873676783,7.621736062103035
E01001127,1627.0,18.0,26.0,94.0,3.6,5.2,18.8,2.212661339889367,3.1960663798401967,11.55500921942225
E01001128,1602.0,17.0,46.0,194.0,3.4,9.2,38.8,2.1223470661672907,5.742821473158552,24.21972534332085
E01001129,1392.0,24.0,22.0,54.0,4.8,4.4,10.8,3.4482758620689653,3.1609195402298855,7.7586206896551735
E01001130,1764.0,13.0,46.0,256.0,2.6,9.2,51.2,1.4739229024943312,5.215419501133786,29.024943310657598
E01001131,1571.0,8.0,36.0,101.0,1.6,7.2,20.2,1.0184595798854232,4.5830681094844055,12.85805219605347
E01001132,1619.0,25.0,257.0,128.0,5.0,51.4,25.6,3.0883261272390365,31.74799258801729,15.812229771463869
E01001133,1586.0,35.0,33.0,84.0,7.0,6.6,16.8,4.4136191677175285,4.161412358133669,10.592686002522068
E01001134,1612.0,21.0,30.0,92.0,4.2,6.0,18.4,2.6054590570719607,3.7220843672456576,11.414392059553348
E01001135,1679.0,42.0,142.0,110.0,8.4,28.4,22.0,5.002977963073258,16.914830256104825,13.103037522334724
E01001136,2039.0,92.0,570.0,560.0,18.4,114.0,112.0,9.024031387935262,55.90975968612065,54.92888670917116
E01001137,2131.0,41.0,78.0,355.0,8.2,15.6,71.0,3.847958704833411,7.320506804317222,33.3176912247771
E01001138,1514.0,26.0,40.0,134.0,5.2,8.0,26.8,3.4346103038309117,5.284015852047556,17.701453104359317
E01001139,1699.0,23.0,52.0,148.0,4.6,10.4,29.6,2.7074749852854616,6.121247792819306,17.42201294879341
E01001140,1630.0,30.0,44.0,105.0,6.0,8.8,21.0,3.6809815950920246,5.39877300613497,12.883435582822086
E01001141,1274.0,23.0,35.0,122.0,4.6,7.0,24.4,3.6106750392464675,5.4945054945054945,19.152276295133436
E01001142,1923.0,39.0,121.0,202.0,7.8,24.2,40.4,4.056162246489859,12.584503380135205,21.008840353614143
E01001143,1934.0,25.0,67.0,225.0,5.0,13.4,45.0,2.5853154084798344,6.928645294725957,23.26783867631851
E01001144,1758.0,34.0,71.0,248.0,6.8,14.2,49.6,3.868031854379977,8.0773606370876,28.213879408418656
E01001145,1827.0,51.0,126.0,403.0,10.2,25.2,80.6,5.582922824302134,13.793103448275861,44.11603721948549
E01001146,1530.0,24.0,50.0,173.0,4.8,10.0,34.6,3.1372549019607843,6.5359477124183005,22.61437908496732
E01001147,1782.0,40.0,70.0,255.0,8.0,14.0,51.0,4.489337822671156,7.856341189674524,28.61952861952862
E01001148,1762.0,26.0,69.0,210.0,5.2,13.8,42.0,2.9511918274687856,7.832009080590239,23.83654937570942
E01001149,1587.0,13.0,25.0,128.0,2.6,5.0,25.6,1.6383112791430372,3.15059861373661,16.131064902331442
E01001150,1704.0,20.0,66.0,191.0,4.0,13.2,38.2,2.347417840375587,7.746478873239436,22.417840375586856
E01001151,1750.0,35.0,86.0,301.0,7.0,17.2,60.2,4.0,9.828571428571427,34.4
E01001152,2062.0,51.0,131.0,383.0,10.2,26.2,76.6,4.946653734238603,12.706110572259941,37.148399612027156
E01001153,1632.0,24.0,65.0,249.0,4.8,13.0,49.8,2.941176470588235,7.965686274509803,30.514705882352942
E01001154,1961.0,39.0,163.0,380.0,7.8,32.6,76.0,3.977562468128506,16.624171341152476,38.75573686894442
E01001155,1794.0,68.0,418.0,638.0,13.6,83.6,127.6,7.58082497212932,46.599777034559644,71.12597547380156
E01001156,1772.0,24.0,60.0,152.0,4.8,12.0,30.4,2.708803611738149,6.772009029345372,17.155756207674944
E01001157,1852.0,34.0,79.0,243.0,6.8,15.8,48.6,3.67170626349892,8.531317494600431,26.241900647948167
E01001158,1534.0,30.0,36.0,121.0,6.0,7.2,24.2,3.911342894393742,4.69361147327249,15.775749674054758
E01001159,1944.0,37.0,62.0,184.0,7.4,12.4,36.8,3.806584362139918,6.378600823045267,18.930041152263374
E01001160,1947.0,24.0,187.0,217.0,4.8,37.4,43.4,2.465331278890601,19.209039548022595,22.29070364663585
E01001161,1739.0,20.0,45.0,239.0,4.0,9.0,47.8,2.3001725129384702,5.175388154111558,27.48706152961472
E01001162,1813.0,33.0,85.0,218.0,6.6,17.0,43.6,3.6403750689464975,9.376723662437948,24.04853833425262
E01001163,1975.0,34.0,73.0,158.0,6.8,14.6,31.6,3.4430379746835444,7.3924050632911396,16.0
E01001164,1981.0,102.0,297.0,442.0,20.4,59.4,88.4,10.297829379101463,29.984856133266028,44.623927309439686
E01001165,1847.0,47.0,65.0,268.0,9.4,13.0,53.6,5.089334055224689,7.038440714672442,29.020032485110992
E01001166,1968.0,45.0,88.0,319.0,9.0,17.6,63.8,4.573170731707317,8.94308943089431,32.418699186991866
E01001167,2325.0,85.0,710.0,330.0,17.0,142.0,66.0,7.311827956989247,61.0752688172043,28.38709677419355
E01001168,1817.0,49.0,96.0,234.0,9.8,19.2,46.8,5.393505778756192,10.566868464501926,25.756741882223444
E01001169,1831.0,32.0,37.0,260.0,6.4,7.4,52.0,3.4953577280174772,4.041507373020207,28.399781540142
E01001170,1940.0,80.0,76.0,344.0,16.0,15.2,68.8,8.247422680412372,7.835051546391752,35.46391752577319
E01001171,1758.0,57.0,56.0,212.0,11.4,11.2,42.4,6.484641638225256,6.370875995449373,24.118316268486918
E01001172,2202.0,72.0,320.0,569.0,14.4,64.0,113.8,6.539509536784742,29.064486830154404,51.6802906448683
E01001173,2740.0,47.0,73.0,331.0,9.4,14.6,66.2,3.4306569343065694,5.328467153284671,24.160583941605843
E01001174,1691.0,25.0,36.0,155.0,5.0,7.2,31.0,2.9568302779420463,4.257835600236547,18.332347723240684
E01001175,1639.0,25.0,68.0,239.0,5.0,13.6,47.8,3.050640634533252,8.297742525930445,29.16412446613789
E01001176,1847.0,49.0,136.0,305.0,9.8,27.2,61.0,5.305901461829995,14.726583649160801,33.02652950730915
E01001177,1649.0,57.0,145.0,287.0,11.4,29.0,57.4,6.913280776228017,17.58641600970285,34.808975136446335
E01001178,1626.0,79.0,367.0,1234.0,15.8,73.4,246.8,9.71709717097171,45.14145141451415,151.78351783517834
E01001179,1664.0,49.0,22.0,155.0,9.8,4.4,31.0,5.8894230769230775,2.644230769230769,18.629807692307693
E01001180,1980.0,41.0,68.0,213.0,8.2,13.6,42.6,4.141414141414141,6.8686868686868685,21.515151515151516
E01001181,2190.0,102.0,166.0,537.0,20.4,33.2,107.4,9.315068493150685,15.159817351598175,49.04109589041096
E01001182,1358.0,38.0,56.0,165.0,7.6,11.2,33.0,5.596465390279823,8.247422680412372,24.30044182621502
E01001183,1821.0,57.0,609.0,501.0,11.4,121.8,100.2,6.260296540362439,66.88632619439868,55.02471169686985
E01001184,1299.0,20.0,31.0,162.0,4.0,6.2,32.4,3.079291762894534,4.772902232486528,24.942263279445726
E01001185,1702.0,34.0,84.0,191.0,6.8,16.8,38.2,3.9952996474735607,9.870740305522915,22.444183313748532
E01001186,1683.0,38.0,70.0,288.0,7.6,14.0,57.6,4.515745692216281,8.318478906714201,34.224598930481285
E01001187,1985.0,39.0,62.0,200.0,7.8,12.4,40.0,3.9294710327455924,6.246851385390428,20.151133501259444
E01001188,1959.0,36.0,100.0,241.0,7.2,20.0,48.2,3.675344563552833,10.209290454313425,24.604389994895357
E01001189,1218.0,11.0,35.0,118.0,2.2,7.0,23.6,1.8062397372742203,5.747126436781609,19.376026272578
E01001190,1552.0,29.0,52.0,134.0,5.8,10.4,26.8,3.7371134020618553,6.701030927835052,17.268041237113405
E01001191,2072.0,61.0,358.0,424.0,12.2,71.6,84.8,5.888030888030888,34.55598455598456,40.92664092664092
E01001192,1585.0,38.0,86.0,222.0,7.6,17.2,44.4,4.794952681388013,10.85173501577287,28.01261829652997
E01001193,1682.0,19.0,57.0,260.0,3.8,11.4,52.0,2.2592152199762188,6.777645659928656,30.915576694411413
E01001194,1615.0,16.0,58.0,193.0,3.2,11.6,38.6,1.9814241486068112,7.18266253869969,23.900928792569662
E01001195,1824.0,71.0,51.0,156.0,14.2,10.2,31.2,7.785087719298246,5.592105263157895,17.105263157894736
E01001196,1617.0,53.0,147.0,260.0,10.6,29.4,52.0,6.555349412492269,18.18181818181818,32.15831787260358
E01001197,1854.0,38.0,58.0,143.0,7.6,11.6,28.6,4.0992448759439055,6.256742179072276,15.426105717367854
E01001198,1561.0,13.0,49.0,86.0,2.6,9.8,17.2,1.6655989750160156,6.278026905829597,11.018577834721333
E01001199,1663.0,34.0,145.0,179.0,6.8,29.0,35.8,4.088995790739627,17.438364401683707,21.52736019242333
E01001200,1594.0,29.0,99.0,132.0,5.8,19.8,26.4,3.638644918444166,12.421580928481808,16.56210790464241
E01001201,1595.0,15.0,48.0,128.0,3.0,9.6,25.6,1.8808777429467085,6.0188087774294665,16.050156739811914
E01001202,2502.0,108.0,915.0,554.0,21.6,183.0,110.8,8.633093525179856,73.14148681055156,44.2845723421263
E01001203,1688.0,33.0,179.0,252.0,6.6,35.8,50.4,3.9099526066350707,21.2085308056872,29.85781990521327
E01001204,1614.0,29.0,24.0,100.0,5.8,4.8,20.0,3.5935563816604708,2.973977695167286,12.391573729863694
E01001205,1781.0,26.0,34.0,149.0,5.2,6.8,29.8,2.9197080291970807,3.8180797304884893,16.732172936552498
E01001206,1578.0,37.0,52.0,284.0,7.4,10.4,56.8,4.689480354879595,6.590621039290241,35.99493029150823
E01001207,1762.0,23.0,63.0,153.0,4.6,12.6,30.6,2.6106696935300793,7.150964812712826,17.366628830874006
E01001208,1360.0,36.0,30.0,82.0,7.2,6.0,16.4,5.294117647058823,4.411764705882353,12.058823529411764
E01001209,1683.0,36.0,115.0,142.0,7.2,23.0,28.4,4.278074866310161,13.666072489601902,16.87462863933452
E01001210,1888.0,43.0,61.0,281.0,8.6,12.2,56.2,4.555084745762712,6.461864406779661,29.766949152542374
E01001211,1737.0,31.0,37.0,112.0,6.2,7.4,22.4,3.5693724812895797,4.260218767990788,12.8957973517559
E01001212,1767.0,15.0,38.0,93.0,3.0,7.6,18.6,1.697792869269949,4.301075268817204,10.526315789473685
E01001213,2010.0,39.0,56.0,229.0,7.8,11.2,45.8,3.880597014925373,5.572139303482587,22.786069651741293
E01001214,1745.0,20.0,30.0,160.0,4.0,6.0,32.0,2.292263610315186,3.438395415472779,18.33810888252149
E01001215,2057.0,49.0,201.0,396.0,9.8,40.2,79.2,4.7642197374817705,19.54302382109869,38.50267379679145
E01001216,1751.0,21.0,33.0,146.0,4.2,6.6,29.2,2.3986293546544832,3.7692747001713305,16.676185037121645
E01001217,1450.0,18.0,20.0,145.0,3.6,4.0,29.0,2.4827586206896552,2.758620689655172,20.0
E01001218,2057.0,35.0,74.0,317.0,7.0,14.8,63.4,3.403014098201264,7.194944093339816,30.821584832280017
E01001219,2195.0,47.0,83.0,354.0,9.4,16.6,70.8,4.28246013667426,7.5626423690205025,32.25512528473804
E01001220,1514.0,25.0,99.0,267.0,5.0,19.8,53.4,3.3025099075297226,13.077939233817702,35.270805812417436
E01001223,1454.0,49.0,31.0,120.0,9.8,6.2,24.0,6.740027510316369,4.2640990371389265,16.506189821182943
E01001224,1560.0,32.0,32.0,64.0,6.4,6.4,12.8,4.102564102564102,4.102564102564102,8.205128205128204
E01001225,1811.0,75.0,579.0,405.0,15.0,115.8,81.0,8.282716731087797,63.94257316399779,44.7266703478741
E01001226,1513.0,40.0,42.0,81.0,8.0,8.4,16.2,5.287508261731658,5.551883674818241,10.707204230006608
E01001227,1521.0,23.0,31.0,102.0,4.6,6.2,20.4,3.024326101249178,4.076265614727154,13.41222879684418
E01001228,1834.0,60.0,97.0,161.0,12.0,19.4,32.2,6.543075245365322,10.577971646673936,17.557251908396946
E01001229,1518.0,27.0,29.0,167.0,5.4,5.8,33.4,3.557312252964427,3.820816864295125,22.00263504611331
E01001230,1370.0,40.0,88.0,177.0,8.0,17.6,35.4,5.839416058394161,12.846715328467154,25.839416058394157
E01001231,2045.0,65.0,157.0,159.0,13.0,31.4,31.8,6.356968215158924,15.354523227383861,15.550122249388753
E01001232,1558.0,29.0,34.0,175.0,5.8,6.8,35.0,3.722721437740693,4.364569961489089,22.464698331193837
E01001233,1444.0,39.0,216.0,149.0,7.8,43.2,29.8,5.401662049861496,29.916897506925206,20.637119113573405
E01001234,1370.0,53.0,193.0,152.0,10.6,38.6,30.4,7.737226277372262,28.175182481751825,22.189781021897808
E01001235,1775.0,71.0,115.0,221.0,14.2,23.0,44.2,8.0,12.957746478873238,24.901408450704228
E01001236,1476.0,44.0,59.0,75.0,8.8,11.8,15.0,5.962059620596206,7.994579945799458,10.16260162601626
E01001237,1563.0,37.0,82.0,134.0,7.4,16.4,26.8,4.734484964811261,10.492642354446577,17.146513115802943
E01001239,1481.0,37.0,78.0,187.0,7.4,15.6,37.4,4.9966239027684,10.533423362592844,25.25320729237002
E01001240,1825.0,46.0,99.0,275.0,9.2,19.8,55.0,5.041095890410959,10.84931506849315,30.136986301369863
E01001241,1855.0,64.0,157.0,299.0,12.8,31.4,59.8,6.900269541778976,16.92722371967655,32.23719676549865
E01001242,1624.0,66.0,45.0,118.0,13.2,9.0,23.6,8.128078817733991,5.541871921182266,14.532019704433498
E01001243,2388.0,102.0,148.0,304.0,20.4,29.6,60.8,8.542713567839197,12.39530988274707,25.4606365159129
E01001244,2792.0,49.0,120.0,279.0,9.8,24.0,55.8,3.5100286532951293,8.595988538681949,19.985673352435526
E01001245,2170.0,51.0,306.0,189.0,10.2,61.2,37.8,4.700460829493087,28.202764976958527,17.419354838709676
E01001246,1827.0,148.0,209.0,409.0,29.6,41.8,81.8,16.20142309797482,22.87903667214012,44.77285166940339
E01001247,2269.0,159.0,954.0,804.0,31.8,190.8,160.8,14.014984574702513,84.08990744821509,70.86822388717496
E01001248,1593.0,34.0,59.0,163.0,6.8,11.8,32.6,4.268675455116132,7.407407407407407,20.46453232893911
E01001249,2436.0,115.0,549.0,546.0,23.0,109.8,109.2,9.441707717569788,45.073891625615765,44.82758620689655
E01001250,2181.0,71.0,137.0,395.0,14.2,27.4,79.0,6.51077487391105,12.563044475011461,36.22191655204035
E01001251,1809.0,35.0,91.0,188.0,7.0,18.2,37.6,3.869541182974019,10.060807075732448,20.78496406854616
E01001252,2466.0,90.0,334.0,487.0,18.0,66.8,97.4,7.299270072992701,27.08840227088402,39.49716139497161
E01001253,2128.0,32.0,76.0,185.0,6.4,15.2,37.0,3.0075187969924815,7.142857142857142,17.387218045112782
E01001254,1747.0,28.0,48.0,154.0,5.6,9.6,30.8,3.2054951345163136,5.495134516313681,17.630223239839726
E01001255,1589.0,16.0,29.0,79.0,3.2,5.8,15.8,2.013845185651353,3.6500943989930774,9.943360604153556
E01001257,2233.0,48.0,63.0,399.0,9.6,12.6,79.8,4.299149126735333,5.642633228840125,35.736677115987455
E01001258,1874.0,39.0,34.0,147.0,7.8,6.8,29.4,4.162219850586979,3.6286019210245466,15.688367129135537
E01001259,1599.0,19.0,48.0,185.0,3.8,9.6,37.0,2.3764853033145714,6.0037523452157595,23.139462163852407
E01001260,2039.0,52.0,70.0,187.0,10.4,14.0,37.4,5.100539480137322,6.866110838646395,18.34232466895537
E01001261,2319.0,93.0,751.0,737.0,18.6,150.2,147.4,8.020698576972833,64.76929711082363,63.5618801207417
E01001262,1620.0,36.0,41.0,194.0,7.2,8.2,38.8,4.444444444444445,5.061728395061728,23.950617283950617
E01001263,1947.0,37.0,71.0,346.0,7.4,14.2,69.2,3.8007190549563434,7.293271700051361,35.54185927067283
E01001264,1821.0,39.0,32.0,187.0,7.8,6.4,37.4,4.2833607907743,3.5145524437122466,20.53816584294344
E01001265,1723.0,38.0,69.0,163.0,7.6,13.8,32.6,4.410911201392919,8.009286128845037,18.920487521764365
E01001266,1833.0,35.0,427.0,228.0,7.0,85.4,45.6,3.8188761593016913,46.59028914348064,24.877250409165303
E01001267,2034.0,69.0,154.0,257.0,13.8,30.8,51.4,6.784660766961653,15.142576204523108,25.270403146509338
E01001268,1963.0,35.0,32.0,154.0,7.0,6.4,30.8,3.565970453387672,3.2603158430973,15.690269994905758
E01001269,2272.0,30.0,106.0,205.0,6.0,21.2,41.0,2.640845070422535,9.330985915492958,18.045774647887324
E01001270,1760.0,17.0,42.0,149.0,3.4,8.4,29.8,1.9318181818181817,4.772727272727273,16.931818181818183
E01001271,1920.0,36.0,93.0,310.0,7.2,18.6,62.0,3.7500000000000004,9.6875,32.29166666666667
E01001272,1720.0,47.0,210.0,316.0,9.4,42.0,63.2,5.465116279069768,24.41860465116279,36.744186046511636
E01001273,1675.0,48.0,64.0,126.0,9.6,12.8,25.2,5.731343283582089,7.641791044776119,15.044776119402986
E01001274,1611.0,33.0,46.0,74.0,6.6,9.2,14.8,4.0968342644320295,5.710738671632526,9.186840471756673
E01001275,1800.0,69.0,59.0,188.0,13.8,11.8,37.6,7.666666666666667,6.555555555555555,20.88888888888889
E01001276,1778.0,49.0,100.0,287.0,9.8,20.0,57.4,5.511811023622048,11.248593925759279,32.28346456692913
E01001277,2041.0,71.0,132.0,293.0,14.2,26.4,58.6,6.957373836354728,12.93483586477217,28.71141597256247
E01001278,2081.0,90.0,207.0,333.0,18.0,41.4,66.6,8.649687650168188,19.894281595386833,32.003844305622295
E01001279,1492.0,35.0,17.0,62.0,7.0,3.4,12.4,4.6916890080428955,2.2788203753351204,8.310991957104557
E01001280,1816.0,47.0,36.0,95.0,9.4,7.2,19.0,5.176211453744493,3.9647577092511015,10.462555066079295
E01001281,1573.0,37.0,27.0,59.0,7.4,5.4,11.8,4.704386522568341,3.4329307056579785,7.5015893197711385
E01001282,1619.0,27.0,37.0,143.0,5.4,7.4,28.6,3.3353922174181596,4.570722668313774,17.66522544780729
E01001283,1781.0,40.0,54.0,295.0,8.0,10.8,59.0,4.491858506457047,6.064008983717013,33.12745648512072
E01001284,1720.0,32.0,34.0,131.0,6.4,6.8,26.2,3.72093023255814,3.9534883720930227,15.232558139534884
E01001285,1769.0,42.0,92.0,250.0,8.4,18.4,50.0,4.748445449406445,10.40135669869983,28.26455624646693
E01001286,1669.0,27.0,38.0,167.0,5.4,7.6,33.4,3.2354703415218697,4.553624925104853,20.011983223487118
E01001287,1618.0,13.0,13.0,96.0,2.6,2.6,19.2,1.6069221260815822,1.6069221260815822,11.866501854140914
E01001288,1476.0,25.0,47.0,119.0,5.0,9.4,23.8,3.3875338753387534,6.368563685636857,16.124661246612465
E01001289,1337.0,25.0,33.0,141.0,5.0,6.6,28.2,3.7397157816005984,4.93642483171279,21.091997008227374
E01001290,2050.0,38.0,89.0,170.0,7.6,17.8,34.0,3.7073170731707314,8.682926829268293,16.585365853658537
E01001291,1762.0,25.0,37.0,166.0,5.0,7.4,33.2,2.837684449489217,4.199772985244041,18.8422247446084
E01001292,1675.0,22.0,25.0,157.0,4.4,5.0,31.4,2.626865671641791,2.985074626865672,18.746268656716417
E01001293,1827.0,23.0,38.0,152.0,4.6,7.6,30.4,2.517788724685276,4.159824849480021,16.639299397920084
E01001294,2029.0,38.0,43.0,255.0,7.6,8.6,51.0,3.7456875308033513,4.238541153277477,25.135534746180387
E01001295,1795.0,20.0,34.0,170.0,4.0,6.8,34.0,2.2284122562674096,3.7883008356545957,18.941504178272982
E01001296,1439.0,21.0,31.0,136.0,4.2,6.2,27.2,2.9186935371785965,4.308547602501737,18.90201528839472
E01001297,1836.0,26.0,65.0,248.0,5.2,13.0,49.6,2.832244008714597,7.080610021786492,27.015250544662308
E01001298,2110.0,30.0,69.0,198.0,6.0,13.8,39.6,2.843601895734597,6.540284360189574,18.767772511848342
E01001299,1755.0,29.0,87.0,78.0,5.8,17.4,15.6,3.304843304843305,9.914529914529913,8.88888888888889
E01001300,1615.0,23.0,47.0,97.0,4.6,9.4,19.4,2.848297213622291,5.820433436532508,12.012383900928791
E01001301,1886.0,50.0,111.0,182.0,10.0,22.2,36.4,5.302226935312832,11.770943796394485,19.30010604453871
E01001302,1602.0,21.0,61.0,89.0,4.2,12.2,17.8,2.6217228464419478,7.615480649188513,11.11111111111111
E01001303,1725.0,45.0,148.0,111.0,9.0,29.6,22.2,5.217391304347826,17.15942028985507,12.869565217391305
E01001304,1658.0,42.0,67.0,123.0,8.4,13.4,24.6,5.066344993968637,8.082026537997589,14.837153196622438
E01001305,1728.0,25.0,19.0,52.0,5.0,3.8,10.4,2.893518518518518,2.199074074074074,6.018518518518518
E01001306,1637.0,26.0,38.0,71.0,5.2,7.6,14.2,3.1765424557116675,4.642638973732437,8.674404398289555
E01001307,1883.0,42.0,62.0,181.0,8.4,12.4,36.2,4.4609665427509295,6.585236325013277,19.224641529474248
E01001308,1941.0,38.0,36.0,135.0,7.6,7.2,27.0,3.9155074703760944,3.709428129829985,13.910355486862443
E01001309,1857.0,40.0,30.0,203.0,8.0,6.0,40.6,4.308023694130318,3.2310177705977385,21.863220247711364
E01001310,2142.0,62.0,694.0,141.0,12.4,138.8,28.2,5.788982259570495,64.79925303454716,13.165266106442576
E01001311,2518.0,27.0,50.0,300.0,5.4,10.0,60.0,2.144559173947578,3.9714058776806986,23.828435266084195
E01001312,1968.0,44.0,127.0,173.0,8.8,25.4,34.6,4.471544715447155,12.906504065040648,17.58130081300813
E01001313,1725.0,32.0,26.0,103.0,6.4,5.2,20.6,3.710144927536232,3.014492753623189,11.942028985507248
E01001314,1525.0,21.0,41.0,129.0,4.2,8.2,25.8,2.754098360655738,5.377049180327868,16.91803278688525
E01001315,1467.0,27.0,48.0,160.0,5.4,9.6,32.0,3.680981595092025,6.543967280163599,21.813224267211996
E01001316,1726.0,34.0,58.0,214.0,6.8,11.6,42.8,3.9397450753186556,6.720741599073001,24.797219003476243
E01001317,2181.0,32.0,65.0,296.0,6.4,13.0,59.2,2.934433745988079,5.960568546538285,27.14351215038973
E01001318,1949.0,29.0,85.0,249.0,5.8,17.0,49.8,2.9758850692662904,8.722421754746023,25.551564905079527
E01001319,1549.0,17.0,18.0,100.0,3.4,3.6,20.0,2.194964493221433,2.324080051646223,12.911555842479018
E01001320,1623.0,27.0,59.0,247.0,5.4,11.8,49.4,3.3271719038817005,7.27048675292668,30.43746149106593
E01001321,2263.0,45.0,65.0,257.0,9.0,13.0,51.4,3.977021652673442,5.744586831639417,22.713212549712768
E01001322,2071.0,52.0,233.0,236.0,10.4,46.6,47.2,5.0217286335103815,22.501207146306133,22.790922259777886
E01001323,2015.0,70.0,260.0,358.0,14.0,52.0,71.6,6.947890818858561,25.806451612903224,35.5334987593052
E01001324,1663.0,23.0,49.0,269.0,4.6,9.8,53.8,2.766085387853277,5.8929645219482865,32.351172579675286
E01001325,1983.0,34.0,66.0,184.0,6.8,13.2,36.8,3.429147755925366,6.656580937972769,18.557740796772563
E01001326,1960.0,36.0,156.0,326.0,7.2,31.2,65.2,3.673469387755102,15.918367346938776,33.26530612244898
E01001327,1896.0,53.0,205.0,272.0,10.6,41.0,54.4,5.590717299578059,21.62447257383966,28.691983122362867
E01001328,1823.0,43.0,192.0,354.0,8.6,38.4,70.8,4.717498628634119,21.064179923203508,38.83708173340647
E01001329,1963.0,14.0,38.0,163.0,2.8,7.6,32.6,1.4263881813550687,3.8716250636780436,16.607233825776873
E01001330,1858.0,48.0,71.0,327.0,9.6,14.2,65.4,5.166846071044134,7.642626480086114,35.199138858988164
E01001331,1796.0,24.0,32.0,217.0,4.8,6.4,43.4,2.6726057906458798,3.56347438752784,24.164810690423163
E01001332,1594.0,19.0,54.0,191.0,3.8,10.8,38.2,2.383939774153074,6.775407779171895,23.96486825595985
E01001333,2465.0,122.0,200.0,544.0,24.4,40.0,108.8,9.898580121703855,16.227180527383368,44.137931034482754
E01001334,1667.0,41.0,49.0,216.0,8.2,9.8,43.2,4.919016196760648,5.87882423515297,25.914817036592684
E01001335,1800.0,60.0,46.0,168.0,12.0,9.2,33.6,6.666666666666667,5.111111111111111,18.666666666666668
E01001336,1841.0,60.0,62.0,168.0,12.0,12.4,33.6,6.518196632265073,6.735469853340576,18.250950570342205
E01001337,2123.0,77.0,329.0,691.0,15.4,65.8,138.2,7.253886010362694,30.99387658973151,65.09656146961845
E01001338,1867.0,73.0,153.0,343.0,14.6,30.6,68.6,7.820032137118371,16.389930369576863,36.74343867166577
E01001339,2184.0,39.0,132.0,343.0,7.8,26.4,68.6,3.571428571428571,12.087912087912086,31.41025641025641
E01001340,1564.0,29.0,54.0,1016.0,5.8,10.8,203.2,3.70843989769821,6.90537084398977,129.923273657289
E01001341,1792.0,21.0,77.0,203.0,4.2,15.4,40.6,2.34375,8.59375,22.65625
E01001342,1896.0,23.0,43.0,158.0,4.6,8.6,31.6,2.4261603375527425,4.5358649789029535,16.666666666666668
E01001343,1439.0,27.0,48.0,166.0,5.4,9.6,33.2,3.752605976372481,6.671299513551077,23.071577484364145
E01001344,2289.0,70.0,78.0,328.0,14.0,15.6,65.6,6.116207951070336,6.815203145478375,28.658802970729575
E01001345,1758.0,20.0,42.0,186.0,4.0,8.4,37.2,2.2753128555176336,4.778156996587032,21.160409556313997
E01001346,1958.0,43.0,46.0,200.0,8.6,9.2,40.0,4.39223697650664,4.698672114402451,20.429009193054135
E01001347,1972.0,80.0,360.0,373.0,16.0,72.0,74.6,8.113590263691684,36.511156186612574,37.82961460446247
E01001348,1672.0,52.0,460.0,316.0,10.4,92.0,63.2,6.220095693779904,55.02392344497608,37.79904306220096
E01001349,1411.0,30.0,39.0,180.0,6.0,7.8,36.0,4.252303330970943,5.527994330262225,25.513819985825656
E01001350,1439.0,33.0,31.0,81.0,6.6,6.2,16.2,4.586518415566365,4.308547602501737,11.257817929117442
E01001351,1972.0,66.0,271.0,696.0,13.2,54.2,139.2,6.693711967545639,27.48478701825558,70.58823529411765
E01001352,1584.0,56.0,151.0,164.0,11.2,30.2,32.8,7.07070707070707,19.065656565656564,20.707070707070706
E01001353,1415.0,46.0,63.0,145.0,9.2,12.6,29.0,6.501766784452297,8.904593639575971,20.49469964664311
E01001354,2056.0,46.0,772.0,233.0,9.2,154.4,46.6,4.474708171206226,75.09727626459144,22.665369649805445
E01001355,1957.0,41.0,148.0,299.0,8.2,29.6,59.8,4.190086867654573,15.125191619826264,30.556974961676033
E01001356,1495.0,45.0,66.0,235.0,9.0,13.2,47.0,6.020066889632107,8.82943143812709,31.438127090301005
E01001357,2750.0,107.0,220.0,209.0,21.4,44.0,41.8,7.781818181818181,16.0,15.199999999999998
E01001358,1990.0,95.0,142.0,196.0,19.0,28.4,39.2,9.547738693467338,14.271356783919597,19.69849246231156
E01001359,2464.0,65.0,266.0,420.0,13.0,53.2,84.0,5.275974025974026,21.59090909090909,34.090909090909086
E01001360,2213.0,28.0,78.0,253.0,5.6,15.6,50.6,2.5305015815634886,7.049254405784003,22.86488929055581
E01001361,2276.0,162.0,2197.0,1259.0,32.4,439.4,251.8,14.235500878734621,193.0579964850615,110.63268892794378
E01001362,2624.0,104.0,321.0,521.0,20.8,64.2,104.2,7.926829268292683,24.46646341463415,39.71036585365854
E01001363,1994.0,18.0,51.0,181.0,3.6,10.2,36.2,1.8054162487462386,5.115346038114343,18.154463390170513
E01001364,1834.0,23.0,56.0,269.0,4.6,11.2,53.8,2.5081788440567063,6.106870229007633,29.334787350054526
E01001365,2577.0,49.0,71.0,366.0,9.8,14.2,73.2,3.8028715560729536,5.510283275126115,28.405122235157158
E01001366,2050.0,29.0,57.0,281.0,5.8,11.4,56.2,2.8292682926829267,5.560975609756098,27.414634146341463
E01001367,2710.0,128.0,972.0,678.0,25.6,194.4,135.6,9.44649446494465,71.73431734317344,50.03690036900369
E01001368,1764.0,21.0,46.0,296.0,4.2,9.2,59.2,2.3809523809523814,5.215419501133786,33.560090702947846
E01001369,2064.0,58.0,153.0,378.0,11.6,30.6,75.6,5.62015503875969,14.825581395348838,36.62790697674418
E01001370,2172.0,59.0,96.0,271.0,11.8,19.2,54.2,5.432780847145488,8.83977900552486,24.95395948434623
E01001371,2309.0,60.0,107.0,400.0,12.0,21.4,80.0,5.19705500216544,9.268081420528366,34.6470333477696
E01001372,2555.0,46.0,70.0,323.0,9.2,14.0,64.6,3.60078277886497,5.47945205479452,25.283757338551858
E01001373,2078.0,43.0,93.0,260.0,8.6,18.6,52.0,4.138594802694899,8.950914340712224,25.024061597690086
E01001374,1945.0,26.0,45.0,100.0,5.2,9.0,20.0,2.6735218508997427,4.627249357326479,10.282776349614394
E01001375,1698.0,26.0,45.0,78.0,5.2,9.0,15.6,3.0624263839811543,5.30035335689046,9.187279151943462
E01001376,1707.0,38.0,68.0,211.0,7.6,13.6,42.2,4.452255418863503,7.9671939074399525,24.72173403632103
E01001377,1637.0,38.0,38.0,62.0,7.6,7.6,12.4,4.642638973732437,4.642638973732437,7.574832009773977
E01001379,1736.0,20.0,31.0,81.0,4.0,6.2,16.2,2.304147465437788,3.571428571428571,9.331797235023041
E01001380,2306.0,28.0,50.0,116.0,5.6,10.0,23.2,2.4284475281873372,4.336513443191674,10.060711188204683
E01001381,1877.0,73.0,214.0,293.0,14.6,42.8,58.6,7.778369738945125,22.802344166222696,31.220031965903036
E01001382,1481.0,20.0,27.0,60.0,4.0,5.4,12.0,2.700877785280216,3.646185010128292,8.102633355840648
E01001383,1755.0,18.0,46.0,69.0,3.6,9.2,13.8,2.051282051282051,5.242165242165242,7.863247863247864
E01001384,1748.0,33.0,109.0,122.0,6.6,21.8,24.4,3.775743707093821,12.471395881006867,13.958810068649885
E01001385,1678.0,42.0,36.0,107.0,8.4,7.2,21.4,5.005959475566151,4.290822407628129,12.753277711561381
E01001386,1798.0,36.0,96.0,122.0,7.2,19.2,24.4,4.004449388209121,10.67853170189099,13.570634037819799
E01001387,1535.0,46.0,121.0,252.0,9.2,24.2,50.4,5.993485342019544,15.765472312703581,32.83387622149837
E01001388,1445.0,53.0,144.0,368.0,10.6,28.8,73.6,7.335640138408304,19.93079584775087,50.93425605536331
E01001389,1827.0,68.0,715.0,379.0,13.6,143.0,75.8,7.443897099069512,78.2703886152162,41.4887794198139
E01001390,1817.0,15.0,32.0,109.0,3.0,6.4,21.8,1.6510731975784259,3.522289488167309,11.997798569069897
E01001391,1781.0,37.0,54.0,205.0,7.4,10.8,41.0,4.154969118472769,6.064008983717013,23.020774845592364
E01001392,1866.0,23.0,18.0,93.0,4.6,3.6,18.6,2.4651661307609856,1.929260450160772,9.967845659163988
E01001393,1970.0,53.0,71.0,136.0,10.6,14.2,27.2,5.380710659898478,7.208121827411167,13.80710659898477
E01001394,1997.0,39.0,73.0,225.0,7.8,14.6,45.0,3.905858788182273,7.3109664496745115,22.53380070105158
E01001395,1633.0,26.0,42.0,170.0,5.2,8.4,34.0,3.184323331292101,5.143906919779547,20.82057562767912
E01001396,1461.0,25.0,61.0,142.0,5.0,12.2,28.4,3.4223134839151266,8.350444900752908,19.43874058863792
E01001397,2164.0,51.0,69.0,292.0,10.2,13.8,58.4,4.7134935304990755,6.377079482439926,26.987060998151573
E01001398,1341.0,31.0,48.0,86.0,6.2,9.6,17.2,4.6234153616703955,7.158836689038031,12.826249067859806
E01001399,1482.0,44.0,36.0,93.0,8.8,7.2,18.6,5.937921727395412,4.858299595141701,12.550607287449393
E01001400,1562.0,55.0,53.0,106.0,11.0,10.6,21.2,7.042253521126761,6.786171574903968,13.572343149807937
E01001401,1389.0,18.0,25.0,68.0,3.6,5.0,13.6,2.591792656587473,3.599712023038157,9.791216702663787
E01001402,1852.0,80.0,76.0,102.0,16.0,15.2,20.4,8.639308855291578,8.207343412526997,11.015118790496759
E01001403,1705.0,43.0,62.0,189.0,8.6,12.4,37.8,5.043988269794721,7.2727272727272725,22.170087976539588
E01001404,1480.0,34.0,37.0,127.0,6.8,7.4,25.4,4.594594594594595,5.0,17.16216216216216
E01001405,1802.0,64.0,49.0,88.0,12.8,9.8,17.6,7.103218645948946,5.438401775804661,9.766925638179801
E01001406,1658.0,87.0,483.0,219.0,17.4,96.6,43.8,10.494571773220747,58.26296743063932,26.417370325693607
E01001407,1593.0,60.0,67.0,198.0,12.0,13.4,39.6,7.532956685499058,8.411801632140616,24.858757062146893
E01001408,1670.0,43.0,76.0,144.0,8.6,15.2,28.8,5.1497005988023945,9.101796407185628,17.24550898203593
E01001409,2034.0,47.0,57.0,246.0,9.4,11.4,49.2,4.621435594886923,5.604719764011799,24.188790560471976
E01001410,2188.0,45.0,70.0,359.0,9.0,14.0,71.8,4.113345521023766,6.39853747714808,32.81535648994515
E01001411,1903.0,37.0,211.0,228.0,7.4,42.2,45.6,3.8885969521807673,22.175512348922755,23.96216500262743
E01001412,1756.0,149.0,127.0,394.0,29.8,25.4,78.8,16.970387243735765,14.464692482915718,44.874715261959
E01001413,1635.0,52.0,32.0,109.0,10.4,6.4,21.8,6.36085626911315,3.9143730886850157,13.333333333333334
E01001414,1673.0,30.0,48.0,229.0,6.0,9.6,45.8,3.5863717872086074,5.738194859533771,27.3759713090257
E01001415,2051.0,124.0,360.0,192.0,24.8,72.0,38.4,12.091662603607997,35.104826913700634,18.722574353973673
E01001416,1726.0,36.0,30.0,53.0,7.2,6.0,10.6,4.171494785631518,3.4762456546929315,6.1413673232908454
E01001417,1887.0,79.0,82.0,133.0,15.8,16.4,26.6,8.373078961314256,8.691043985161631,14.096449390567038
E01001418,1740.0,54.0,55.0,161.0,10.8,11.0,32.2,6.206896551724139,6.32183908045977,18.505747126436784
E01001419,1973.0,70.0,128.0,153.0,14.0,25.6,30.6,7.095793208312215,12.97516472377091,15.509376583882412
E01001420,1783.0,32.0,30.0,149.0,6.4,6.0,29.8,3.5894559730790805,3.3651149747616373,16.713404374649468
E01001421,1672.0,32.0,29.0,122.0,6.4,5.8,24.4,3.827751196172249,3.4688995215311005,14.593301435406698
E01001422,1677.0,60.0,40.0,113.0,12.0,8.0,22.6,7.155635062611807,4.770423375074538,13.47644603458557
E01001423,1731.0,45.0,83.0,276.0,9.0,16.6,55.2,5.199306759098787,9.589832466782207,31.889081455805893
E01001424,1227.0,20.0,53.0,152.0,4.0,10.6,30.4,3.2599837000814995,8.638956805215974,24.775876120619394
E01001425,2023.0,75.0,262.0,538.0,15.0,52.4,107.6,7.414730598121602,25.902125556104796,53.18833415719229
E01001426,1822.0,67.0,101.0,395.0,13.4,20.2,79.0,7.3545554335894625,11.086717892425906,43.358946212952794
E01001427,1744.0,113.0,209.0,406.0,22.6,41.8,81.2,12.958715596330276,23.96788990825688,46.559633027522935
E01001428,1723.0,58.0,80.0,203.0,11.6,16.0,40.6,6.7324434126523505,9.286128845037725,23.563551944283226
E01001429,2328.0,170.0,2029.0,1185.0,34.0,405.8,237.0,14.604810996563574,174.3127147766323,101.80412371134021
E01001430,2013.0,52.0,63.0,229.0,10.4,12.6,45.8,5.16641828117238,6.259314456035767,22.752111276701438
E01001431,1786.0,51.0,74.0,251.0,10.2,14.8,50.2,5.711086226203808,8.286674132138858,28.107502799552073
E01001432,1867.0,75.0,187.0,359.0,15.0,37.4,71.8,8.034279592929833,20.03213711837172,38.45741831815747
E01001433,1822.0,46.0,112.0,277.0,9.2,22.4,55.4,5.04939626783754,12.294182217343577,30.40614709110867
E01001434,1591.0,64.0,68.0,189.0,12.8,13.6,37.8,8.045254556882464,8.548082966687618,23.758642363293525
E01001435,1517.0,40.0,35.0,117.0,8.0,7.0,23.4,5.273566249176005,4.614370468029005,15.425181278839814
E01001436,1933.0,69.0,68.0,228.0,13.8,13.6,45.6,7.139161924469737,7.035695809622348,23.590274185204347
E01001437,2275.0,147.0,289.0,539.0,29.4,57.8,107.8,12.923076923076923,25.406593406593405,47.38461538461539
E01001438,1676.0,71.0,114.0,274.0,14.2,22.8,54.8,8.47255369928401,13.60381861575179,32.69689737470167
E01001439,2131.0,107.0,603.0,532.0,21.4,120.6,106.4,10.042233693101828,56.59314875645237,49.92961051149695
E01001440,1677.0,54.0,108.0,216.0,10.8,21.6,43.2,6.440071556350627,12.880143112701253,25.760286225402506
E01001441,1646.0,49.0,191.0,368.0,9.8,38.2,73.6,5.953827460510329,23.207776427703525,44.714459295261236
E01001442,1732.0,40.0,145.0,326.0,8.0,29.0,65.2,4.618937644341801,16.74364896073903,37.644341801385686
E01001444,1908.0,54.0,113.0,256.0,10.8,22.6,51.2,5.660377358490567,11.844863731656186,26.834381551362686
E01001445,2799.0,108.0,151.0,479.0,21.6,30.2,95.8,7.717041800643088,10.789567702750983,34.22650946766703
E01001446,1858.0,55.0,76.0,208.0,11.0,15.2,41.6,5.920344456404736,8.180839612486544,22.38966630785791
E01001447,1991.0,48.0,95.0,351.0,9.6,19.0,70.2,4.821697639377197,9.542943244600702,35.25866398794575
E01001448,1982.0,41.0,67.0,270.0,8.2,13.4,54.0,4.137235116044399,6.760847628657921,27.245206861755804
E01001449,1643.0,28.0,50.0,181.0,5.6,10.0,36.2,3.4083992696287275,6.086427267194157,22.03286670724285
E01001450,2378.0,138.0,1461.0,552.0,27.6,292.2,110.4,11.606391925988225,122.87636669470142,46.4255677039529
E01001451,1664.0,47.0,254.0,116.0,9.4,50.8,23.2,5.649038461538462,30.528846153846153,13.942307692307692
E01001452,1373.0,31.0,19.0,60.0,6.2,3.8,12.0,4.515659140568099,2.7676620538965766,8.73998543335761
E01001453,1660.0,45.0,18.0,37.0,9.0,3.6,7.4,5.421686746987952,2.1686746987951806,4.457831325301205
E01001454,1701.0,23.0,26.0,65.0,4.6,5.2,13.0,2.704291593180482,3.0570252792475014,7.642563198118753
E01001455,1456.0,38.0,31.0,89.0,7.6,6.2,17.8,5.21978021978022,4.258241758241759,12.225274725274724
E01001456,1396.0,26.0,43.0,41.0,5.2,8.6,8.2,3.7249283667621778,6.160458452722063,5.873925501432664
E01001457,1813.0,42.0,100.0,135.0,8.4,20.0,27.0,4.633204633204634,11.031439602868174,14.892443463872034
E01001458,1786.0,42.0,104.0,282.0,8.4,20.8,56.4,4.703247480403135,11.646136618141098,31.578947368421055
E01001459,1720.0,55.0,51.0,217.0,11.0,10.2,43.4,6.395348837209302,5.930232558139534,25.23255813953488
E01001460,2113.0,50.0,84.0,353.0,10.0,16.8,70.6,4.73260766682442,7.950780880265027,33.412210127780405
E01001461,1576.0,63.0,147.0,351.0,12.6,29.4,70.2,7.994923857868021,18.65482233502538,44.54314720812183
E01001462,1455.0,34.0,70.0,196.0,6.8,14.0,39.2,4.673539518900344,9.621993127147768,26.94158075601375
E01001463,1560.0,30.0,41.0,100.0,6.0,8.2,20.0,3.8461538461538463,5.256410256410256,12.82051282051282
E01001464,1315.0,28.0,38.0,181.0,5.6,7.6,36.2,4.258555133079847,5.779467680608365,27.52851711026616
E01001465,1561.0,45.0,93.0,283.0,9.0,18.6,56.6,5.7655349135169764,11.915438821268419,36.258808456117876
E01001466,1996.0,21.0,50.0,190.0,4.2,10.0,38.0,2.1042084168336674,5.01002004008016,19.038076152304612
E01001467,1999.0,18.0,53.0,217.0,3.6,10.6,43.4,1.8009004502251127,5.302651325662831,21.710855427713856
E01001468,1416.0,45.0,134.0,1062.0,9.0,26.8,212.4,6.355932203389831,18.926553672316384,150.0
E01001469,1767.0,29.0,20.0,162.0,5.8,4.0,32.4,3.2823995472552348,2.2637238256932655,18.33616298811545
E01001470,1649.0,58.0,68.0,116.0,11.6,13.6,23.2,7.03456640388114,8.247422680412372,14.06913280776228
E01001471,1908.0,37.0,58.0,107.0,7.4,11.6,21.4,3.878406708595388,6.079664570230608,11.215932914046121
E01001472,1653.0,44.0,75.0,118.0,8.8,15.0,23.6,5.323653962492439,9.074410163339383,14.27707199032063
E01001473,1596.0,29.0,25.0,130.0,5.8,5.0,26.0,3.634085213032581,3.132832080200501,16.290726817042607
E01001474,1898.0,40.0,50.0,88.0,8.0,10.0,17.6,4.214963119072708,5.268703898840885,9.272918861959958
E01001475,1803.0,29.0,21.0,71.0,5.8,4.2,14.2,3.2168607875762616,2.329450915141431,7.875762617859123
E01001476,1751.0,49.0,96.0,240.0,9.8,19.2,48.0,5.596801827527128,10.96516276413478,27.41290691033695
E01001477,1979.0,73.0,83.0,278.0,14.6,16.6,55.6,7.377463365336028,8.388074785245074,28.094997473471448
E01001478,1658.0,48.0,47.0,128.0,9.6,9.4,25.6,5.7901085645355845,5.669481302774428,15.440289505428229
E01001479,1793.0,62.0,173.0,295.0,12.4,34.6,59.0,6.915783602900167,19.297267150027885,32.90574456218628
E01001480,1588.0,46.0,66.0,212.0,9.2,13.2,42.4,5.79345088161209,8.312342569269521,26.700251889168765
E01001481,1796.0,33.0,63.0,170.0,6.6,12.6,34.0,3.674832962138084,7.015590200445434,18.93095768374165
E01001482,1923.0,46.0,62.0,244.0,9.2,12.4,48.8,4.784191367654706,6.4482579303172125,25.377015080603222
E01001483,1187.0,64.0,81.0,271.0,12.8,16.2,54.2,10.783487784330244,13.647851727042966,45.66133108677338
E01001484,1414.0,43.0,106.0,171.0,8.6,21.2,34.2,6.082036775106082,14.992927864214993,24.18670438472419
E01001485,1858.0,64.0,130.0,269.0,12.8,26.0,53.8,6.889128094725511,13.993541442411194,28.955866523143165
E01001486,2148.0,62.0,94.0,387.0,12.4,18.8,77.4,5.772811918063315,8.752327746741155,36.03351955307263
E01001487,1941.0,41.0,84.0,269.0,8.2,16.8,53.8,4.224626481195259,8.65533230293663,27.71767130345183
E01001488,1979.0,31.0,80.0,245.0,6.2,16.0,49.0,3.1328954017180397,8.08489135927236,24.759979787771602
E01001489,1888.0,56.0,93.0,260.0,11.2,18.6,52.0,5.932203389830508,9.851694915254239,27.54237288135593
E01001491,1950.0,69.0,138.0,388.0,13.8,27.6,77.6,7.076923076923077,14.153846153846153,39.79487179487179
E01001492,2038.0,66.0,65.0,254.0,13.2,13.0,50.8,6.4769381746810595,6.378802747791953,24.926398429833167
E01001493,1911.0,35.0,48.0,137.0,7.0,9.6,27.4,3.663003663003663,5.023547880690738,14.33804290947148
E01001494,1477.0,42.0,35.0,111.0,8.4,7.0,22.2,5.687203791469195,4.739336492890995,15.030467163168584
E01001495,1846.0,49.0,77.0,210.0,9.8,15.4,42.0,5.308775731310943,8.342361863488623,22.75189599133261
E01001496,1901.0,46.0,54.0,107.0,9.2,10.8,21.4,4.83955812730142,5.681220410310364,11.257233035244608
E01001497,1457.0,34.0,25.0,142.0,6.8,5.0,28.4,4.667124227865477,3.431708991077557,19.492107069320518
E01001498,1837.0,117.0,586.0,351.0,23.4,117.2,70.2,12.738160043549264,63.799673380511706,38.2144801306478
E01001499,1540.0,63.0,49.0,151.0,12.6,9.8,30.2,8.18181818181818,6.363636363636364,19.61038961038961
E01001500,1589.0,43.0,84.0,157.0,8.6,16.8,31.4,5.412208936438011,10.572687224669604,19.760855884203902
E01001501,2220.0,99.0,939.0,323.0,19.8,187.8,64.6,8.91891891891892,84.59459459459461,29.099099099099096
E01001502,1954.0,73.0,265.0,274.0,14.6,53.0,54.8,7.471852610030706,27.123848515864893,28.04503582395087
E01001503,1888.0,59.0,86.0,241.0,11.8,17.2,48.2,6.25,9.110169491525424,25.529661016949152
E01001504,2139.0,29.0,62.0,194.0,5.8,12.4,38.8,2.7115474520804113,5.797101449275362,18.139317438055162
E01001505,1959.0,33.0,135.0,273.0,6.6,27.0,54.6,3.3690658499234303,13.782542113323123,27.871362940275652
E01001507,2583.0,133.0,678.0,735.0,26.6,135.6,147.0,10.29810298102981,52.497096399535415,56.91056910569105
E01001508,2445.0,64.0,134.0,416.0,12.8,26.8,83.2,5.23517382413088,10.96114519427403,34.02862985685072
E01001509,1773.0,50.0,66.0,288.0,10.0,13.2,57.6,5.640157924421883,7.4450084602368864,32.487309644670056
E01001511,1923.0,47.0,743.0,278.0,9.4,148.6,55.6,4.888195527821113,77.27509100364014,28.91315652626105
E01001512,2277.0,58.0,395.0,292.0,11.6,79.0,58.4,5.094422485726834,34.69477382520861,25.6477821695213
E01001513,1982.0,116.0,1620.0,753.0,23.2,324.0,150.6,11.705348133198788,163.47124117053482,75.98385469223007
E01001514,1765.0,22.0,79.0,151.0,4.4,15.8,30.2,2.4929178470254962,8.951841359773372,17.11048158640227
E01001515,2047.0,46.0,83.0,327.0,9.2,16.6,65.4,4.4943820224719095,8.10942843185149,31.94919394235467
E01001516,2123.0,96.0,209.0,302.0,19.2,41.8,60.4,9.043805934997645,19.689119170984455,28.450306170513425
E01001517,2045.0,39.0,64.0,320.0,7.8,12.8,64.0,3.8141809290953543,6.25916870415648,31.295843520782395
E01001518,1688.0,58.0,179.0,234.0,11.6,35.8,46.8,6.872037914691943,21.2085308056872,27.72511848341232
E01001520,1857.0,38.0,52.0,200.0,7.6,10.4,40.0,4.092622509423801,5.600430802369413,21.54011847065159
E01001521,1875.0,40.0,40.0,76.0,8.0,8.0,15.2,4.266666666666667,4.266666666666667,8.106666666666667
E01001522,1817.0,15.0,107.0,142.0,3.0,21.4,28.4,1.6510731975784259,11.777655476059438,15.630159603742433
E01001523,1847.0,45.0,32.0,103.0,9.0,6.4,20.6,4.872766648619383,3.4650785056848945,11.153221440173255
E01001524,1562.0,22.0,30.0,113.0,4.4,6.0,22.6,2.8169014084507045,3.8412291933418694,14.468629961587709
E01001525,1964.0,39.0,32.0,145.0,7.8,6.4,29.0,3.971486761710794,3.258655804480652,14.765784114052954
E01001526,1608.0,26.0,17.0,57.0,5.2,3.4,11.4,3.2338308457711444,2.1144278606965172,7.089552238805971
E01001527,2054.0,75.0,71.0,167.0,15.0,14.2,33.4,7.302823758519962,6.91333982473223,16.26095423563778
E01001528,1688.0,62.0,151.0,256.0,12.4,30.2,51.2,7.345971563981043,17.89099526066351,30.33175355450237
E01001529,1791.0,57.0,55.0,207.0,11.4,11.0,41.4,6.365159128978225,6.141820212171971,23.115577889447238
E01001530,1727.0,36.0,40.0,173.0,7.2,8.0,34.6,4.169079328314997,4.632310364794441,20.03474232773596
E01001531,1435.0,17.0,22.0,35.0,3.4,4.4,7.0,2.3693379790940767,3.066202090592335,4.878048780487805
E01001532,1663.0,62.0,57.0,87.0,12.4,11.4,17.4,7.45640408899579,6.855081178592904,10.46301864101022
E01001533,1662.0,47.0,21.0,48.0,9.4,4.2,9.6,5.6558363417569195,2.527075812274368,5.776173285198555
E01001534,1691.0,77.0,167.0,196.0,15.4,33.4,39.2,9.107037256061503,19.751626256652866,23.181549379065643
E01001535,1405.0,63.0,46.0,133.0,12.6,9.2,26.6,8.96797153024911,6.548042704626334,18.93238434163701
E01001536,1970.0,117.0,576.0,417.0,23.4,115.2,83.4,11.878172588832488,58.477157360406096,42.33502538071066
E01001537,1714.0,49.0,44.0,103.0,9.8,8.8,20.6,5.717619603267211,5.134189031505252,12.018669778296383
E01001538,1677.0,32.0,17.0,51.0,6.4,3.4,10.2,3.8163387000596303,2.027429934406679,6.082289803220035
E01001539,1654.0,33.0,36.0,141.0,6.6,7.2,28.2,3.990326481257557,4.353083434099154,17.049576783555015
E01001540,1906.0,77.0,304.0,164.0,15.4,60.8,32.8,8.0797481636936,31.89926547743966,17.20881427072403
E01001541,1532.0,23.0,44.0,63.0,4.6,8.8,12.6,3.002610966057441,5.7441253263707575,8.224543080939949
E01001542,1566.0,54.0,59.0,175.0,10.8,11.8,35.0,6.8965517241379315,7.535121328224777,22.349936143039592
E01001543,1617.0,44.0,36.0,91.0,8.8,7.2,18.2,5.4421768707483,4.452690166975882,11.255411255411255
E01001544,1695.0,57.0,109.0,257.0,11.4,21.8,51.4,6.72566371681416,12.861356932153393,30.32448377581121
E01001545,1885.0,43.0,75.0,269.0,8.6,15.0,53.8,4.562334217506631,7.957559681697613,28.541114058355433
E01001546,1813.0,42.0,68.0,239.0,8.4,13.6,47.8,4.633204633204634,7.501378929950358,26.365140650854933
E01001547,2092.0,72.0,181.0,325.0,14.4,36.2,65.0,6.8833652007648185,17.304015296367115,31.07074569789675
E01001548,1927.0,78.0,80.0,277.0,15.6,16.0,55.4,8.09548521017125,8.303061754021796,28.749351323300466
E01001549,2359.0,62.0,146.0,368.0,12.4,29.2,73.6,5.256464603645613,12.378126324713861,31.199660873251375
E01001550,1770.0,39.0,54.0,198.0,7.8,10.8,39.6,4.406779661016949,6.101694915254237,22.372881355932204
E01001551,1794.0,79.0,167.0,295.0,15.8,33.4,59.0,8.807134894091417,18.61761426978818,32.88740245261984
E01001552,1945.0,83.0,116.0,276.0,16.6,23.2,55.2,8.53470437017995,11.9280205655527,28.380462724935736
E01001553,1753.0,41.0,50.0,213.0,8.2,10.0,42.6,4.677695379349686,5.704506560182544,24.30119794637764
E01001554,1798.0,54.0,183.0,366.0,10.8,36.6,73.2,6.006674082313682,20.3559510567297,40.7119021134594
E01001555,2234.0,75.0,193.0,315.0,15.0,38.6,63.0,6.714413607878245,17.278424350940018,28.20053715308863
E01001556,1590.0,28.0,47.0,151.0,5.6,9.4,30.2,3.522012578616352,5.911949685534592,18.993710691823896
E01001557,1715.0,57.0,61.0,210.0,11.4,12.2,42.0,6.647230320699709,7.113702623906705,24.489795918367346
E01001558,2063.0,95.0,667.0,620.0,19.0,133.4,124.0,9.20988851187591,64.66311197285506,60.10664081434803
E01001559,2129.0,101.0,1645.0,483.0,20.2,329.0,96.6,9.488022545796149,154.53264443400658,45.37341474870831
E01001560,1571.0,44.0,71.0,200.0,8.8,14.2,40.0,5.601527689369829,9.038828771483132,25.461489497135585
E01001562,2235.0,56.0,82.0,278.0,11.2,16.4,55.6,5.011185682326622,7.337807606263982,24.876957494407158
E01001563,1733.0,93.0,388.0,187.0,18.6,77.6,37.4,10.732833237160992,44.77784189267167,21.581073283323715
E01001564,1659.0,31.0,83.0,105.0,6.2,16.6,21.0,3.7371910789632308,10.006027727546716,12.658227848101266
E01001565,1678.0,27.0,45.0,92.0,5.4,9.0,18.4,3.2181168057210967,5.363528009535161,10.965435041716328
E01001566,1781.0,25.0,48.0,99.0,5.0,9.6,19.8,2.807411566535654,5.390230207748456,11.11734980348119
E01001567,1541.0,32.0,23.0,62.0,6.4,4.6,12.4,4.153147306943544,2.9850746268656714,8.046722907203115
E01001568,1884.0,54.0,22.0,57.0,10.8,4.4,11.4,5.7324840764331215,2.3354564755838645,6.050955414012739
E01001569,1770.0,75.0,75.0,170.0,15.0,15.0,34.0,8.474576271186441,8.474576271186441,19.2090395480226
E01001570,1899.0,44.0,262.0,216.0,8.8,52.4,43.2,4.634017904160085,27.593470247498683,22.74881516587678
E01001571,1809.0,45.0,95.0,201.0,9.0,19.0,40.2,4.975124378109452,10.503040353786623,22.22222222222222
E01001572,1733.0,29.0,45.0,119.0,5.8,9.0,23.8,3.3467974610502016,5.1933064050779,13.733410271206003
E01001573,1575.0,44.0,122.0,146.0,8.8,24.4,29.2,5.587301587301588,15.49206349206349,18.53968253968254
E01001574,1921.0,27.0,92.0,391.0,5.4,18.4,78.2,2.811035918792296,9.578344612181155,40.70796460176991
E01001575,1816.0,39.0,183.0,334.0,7.8,36.6,66.8,4.295154185022026,20.154185022026432,36.78414096916299
E01001576,1998.0,27.0,111.0,364.0,5.4,22.2,72.8,2.7027027027027026,11.11111111111111,36.43643643643644
E01001577,2017.0,37.0,74.0,316.0,7.4,14.8,63.2,3.668815071888944,7.337630143777888,31.333663857213686
E01001578,2306.0,91.0,510.0,450.0,18.2,102.0,90.0,7.892454466608846,44.23243712055507,39.028620988725066
E01001579,1734.0,42.0,65.0,256.0,8.4,13.0,51.2,4.844290657439447,7.497116493656286,29.52710495963091
E01001580,1639.0,44.0,298.0,165.0,8.8,59.6,33.0,5.369127516778524,36.36363636363636,20.13422818791946
E01001581,1578.0,62.0,94.0,205.0,12.4,18.8,41.0,7.858048162230673,11.913814955640051,25.982256020278832
E01001582,1533.0,39.0,94.0,213.0,7.8,18.8,42.6,5.088062622309197,12.263535551206784,27.788649706457925
E01001583,1568.0,32.0,35.0,104.0,6.4,7.0,20.8,4.081632653061225,4.464285714285714,13.265306122448981
E01001584,1502.0,52.0,87.0,122.0,10.4,17.4,24.4,6.924101198402131,11.584553928095872,16.245006657789613
E01001585,1529.0,37.0,61.0,102.0,7.4,12.2,20.4,4.839764551994769,7.979071288423807,13.342053629823413
E01001586,1426.0,34.0,59.0,145.0,6.8,11.8,29.0,4.768583450210379,8.274894810659188,20.336605890603085
E01001587,1981.0,38.0,53.0,145.0,7.6,10.6,29.0,3.8364462392730942,5.350832912670368,14.639071176173651
E01001588,1692.0,29.0,85.0,205.0,5.8,17.0,41.0,3.4278959810874703,10.047281323877069,24.231678486997637
E01001589,1853.0,44.0,205.0,374.0,8.8,41.0,74.8,4.749055585536968,22.126281705342688,40.366972477064216
E01001590,1704.0,37.0,89.0,192.0,7.4,17.8,38.4,4.342723004694836,10.446009389671362,22.535211267605632
E01001591,2100.0,44.0,319.0,306.0,8.8,63.8,61.2,4.190476190476191,30.38095238095238,29.142857142857142
E01001592,1933.0,28.0,47.0,133.0,5.6,9.4,26.6,2.8970512157268495,4.862907397827212,13.760993274702535
E01001593,1793.0,15.0,33.0,112.0,3.0,6.6,22.4,1.6731734523145567,3.6809815950920246,12.493028443948688
E01001594,2368.0,30.0,47.0,326.0,6.0,9.4,65.2,2.5337837837837838,3.9695945945945947,27.533783783783782
E01001595,2222.0,39.0,74.0,252.0,7.8,14.8,50.4,3.5103510351035103,6.6606660666066615,22.682268226822682
E01001596,1737.0,15.0,14.0,72.0,3.0,2.8,14.4,1.7271157167530224,1.6119746689694876,8.290155440414507
E01001597,1556.0,30.0,76.0,156.0,6.0,15.2,31.2,3.8560411311053984,9.768637532133676,20.051413881748072
E01001598,1609.0,23.0,39.0,128.0,4.6,7.8,25.6,2.858918582970789,4.847731510254817,15.910503418272219
E01001599,1677.0,26.0,92.0,225.0,5.2,18.4,45.0,3.10077519379845,10.971973762671436,26.833631484794275
E01001600,1509.0,38.0,51.0,157.0,7.6,10.2,31.4,5.036447978793903,6.759443339960239,20.808482438701127
E01001601,1507.0,11.0,25.0,75.0,2.2,5.0,15.0,1.4598540145985404,3.3178500331785004,9.953550099535502
E01001602,2126.0,22.0,72.0,390.0,4.4,14.4,78.0,2.0696142991533395,6.773283160865475,36.68861712135465
E01001603,1756.0,31.0,68.0,243.0,6.2,13.6,48.6,3.5307517084282463,7.744874715261958,27.676537585421414
E01001604,1549.0,42.0,403.0,171.0,8.4,80.6,34.2,5.422853453841188,52.033570045190444,22.078760490639123
E01001605,1520.0,24.0,20.0,57.0,4.8,4.0,11.4,3.1578947368421053,2.631578947368421,7.500000000000001
E01001606,1627.0,17.0,14.0,55.0,3.4,2.8,11.0,2.089735709895513,1.7209588199139518,6.760909649661954
E01001607,1610.0,19.0,80.0,131.0,3.8,16.0,26.2,2.360248447204969,9.937888198757765,16.273291925465838
E01001608,1444.0,28.0,38.0,100.0,5.6,7.6,20.0,3.8781163434903045,5.263157894736842,13.850415512465373
E01001609,1688.0,90.0,675.0,499.0,18.0,135.0,99.8,10.66350710900474,79.97630331753554,59.12322274881517
E01001610,1761.0,39.0,32.0,103.0,7.8,6.4,20.6,4.429301533219761,3.6342986939239075,11.697898921067576
E01001611,1766.0,29.0,50.0,141.0,5.8,10.0,28.2,3.2842582106455267,5.662514156285391,15.968289920724802
E01001613,1753.0,48.0,50.0,198.0,9.6,10.0,39.6,5.476326297775242,5.704506560182544,22.589845978322874
E01001614,1493.0,29.0,167.0,167.0,5.8,33.4,33.4,3.884795713328868,22.37106496985934,22.37106496985934
E01001615,1991.0,97.0,652.0,481.0,19.4,130.4,96.2,9.743847312908086,65.49472626820693,48.31742842792567
E01001617,1628.0,33.0,355.0,182.0,6.6,71.0,36.4,4.0540540540540535,43.61179361179361,22.358722358722357
E01001618,1906.0,23.0,32.0,221.0,4.6,6.4,44.2,2.413431269674711,3.3578174186778598,23.18992654774397
E01001619,1964.0,20.0,59.0,130.0,4.0,11.8,26.0,2.0366598778004072,6.008146639511201,13.238289205702648
E01001620,1582.0,34.0,201.0,231.0,6.8,40.2,46.2,4.298356510745892,25.410872313527182,29.203539823008853
E01001621,1673.0,36.0,47.0,209.0,7.2,9.4,41.8,4.303646144650329,5.618649133293484,24.98505678421996
E01001623,1806.0,25.0,50.0,214.0,5.0,10.0,42.8,2.7685492801771874,5.537098560354375,23.69878183831672
E01001624,1628.0,30.0,33.0,216.0,6.0,6.6,43.2,3.6855036855036856,4.0540540540540535,26.535626535626538
E01001625,1780.0,40.0,60.0,266.0,8.0,12.0,53.2,4.49438202247191,6.741573033707866,29.887640449438205
E01001629,2141.0,49.0,100.0,337.0,9.8,20.0,67.4,4.577300326950024,9.341429238673516,31.48061653432976
E01001631,2108.0,65.0,193.0,530.0,13.0,38.6,106.0,6.1669829222011385,18.311195445920305,50.28462998102467
E01001632,2038.0,35.0,65.0,217.0,7.0,13.0,43.4,3.434739941118744,6.378802747791953,21.295387634936212
E01001633,2043.0,28.0,59.0,320.0,5.6,11.8,64.0,2.741067058247675,5.775819872736173,31.32648066568772
E01001634,1737.0,30.0,67.0,272.0,6.0,13.4,54.4,3.454231433506045,7.714450201496834,31.31836499712147
E01001635,1644.0,14.0,40.0,203.0,2.8,8.0,40.6,1.7031630170316299,4.866180048661801,24.69586374695864
E01001636,1684.0,32.0,84.0,285.0,6.4,16.8,57.0,3.8004750593824226,9.976247030878861,33.8479809976247
E01001637,1799.0,43.0,79.0,256.0,8.6,15.8,51.2,4.780433574207893,8.78265703168427,28.460255697609785
E01001638,1763.0,23.0,90.0,245.0,4.6,18.0,49.0,2.6091888825865,10.209869540555871,27.793533749290983
E01001641,1866.0,142.0,991.0,509.0,28.4,198.2,101.8,15.219721329046088,106.21650589496248,54.555198285101824
E01001642,1732.0,54.0,328.0,250.0,10.8,65.6,50.0,6.235565819861432,37.87528868360276,28.868360277136258
E01001644,2629.0,88.0,529.0,288.0,17.6,105.8,57.6,6.6945606694560675,40.2434385697984,21.90947128185622
E01001645,1852.0,23.0,50.0,232.0,4.6,10.0,46.4,2.483801295896328,5.399568034557235,25.053995680345572
E01001646,2820.0,89.0,308.0,446.0,17.8,61.6,89.2,6.3120567375886525,21.843971631205676,31.631205673758863
E01001647,1486.0,30.0,53.0,130.0,6.0,10.6,26.0,4.037685060565276,7.133243606998653,17.496635262449526
E01001648,1721.0,37.0,73.0,149.0,7.4,14.6,29.8,4.299825682742592,8.483439860546193,17.315514235909355
E01001649,1576.0,28.0,67.0,203.0,5.6,13.4,40.6,3.5532994923857864,8.50253807106599,25.761421319796955
E01001650,1834.0,40.0,66.0,219.0,8.0,13.2,43.8,4.362050163576881,7.1973827699018535,23.882224645583424
E01001651,1875.0,56.0,83.0,356.0,11.2,16.6,71.2,5.973333333333333,8.853333333333335,37.973333333333336
E01001652,1706.0,43.0,205.0,219.0,8.6,41.0,43.8,5.0410316529894486,24.03282532239156,25.674091441969516
E01001653,1591.0,10.0,30.0,310.0,2.0,6.0,62.0,1.257071024512885,3.771213073538655,38.969201759899434
E01001654,1606.0,30.0,41.0,305.0,6.0,8.2,61.0,3.7359900373599007,5.1058530510585305,37.98256537982565
E01001655,1575.0,18.0,72.0,383.0,3.6,14.4,76.6,2.285714285714286,9.142857142857144,48.634920634920626
E01001656,1341.0,27.0,31.0,136.0,5.4,6.2,27.2,4.026845637583893,4.6234153616703955,20.28337061894109
E01001657,1569.0,69.0,57.0,135.0,13.8,11.4,27.0,8.795411089866157,7.265774378585086,17.208413001912046
E01001658,1654.0,42.0,105.0,127.0,8.4,21.0,25.4,5.0785973397823465,12.696493349455865,15.356711003627568
E01001659,1618.0,29.0,105.0,150.0,5.8,21.0,30.0,3.584672435105068,12.978986402966624,18.541409147095177
E01001660,1559.0,28.0,55.0,187.0,5.6,11.0,37.4,3.59204618345093,7.055805003207183,23.989737010904424
E01001661,1664.0,24.0,98.0,342.0,4.8,19.6,68.4,2.884615384615384,11.778846153846155,41.10576923076924
E01001664,2076.0,68.0,512.0,240.0,13.6,102.4,48.0,6.551059730250481,49.32562620423892,23.12138728323699
E01001665,1890.0,72.0,136.0,273.0,14.4,27.2,54.6,7.619047619047619,14.39153439153439,28.88888888888889
E01001666,1984.0,120.0,882.0,435.0,24.0,176.4,87.0,12.096774193548386,88.91129032258064,43.850806451612904
E01001669,2495.0,70.0,108.0,365.0,14.0,21.6,73.0,5.61122244488978,8.657314629258519,29.258517034068134
E01001671,1670.0,28.0,57.0,226.0,5.6,11.4,45.2,3.3532934131736525,6.826347305389222,27.065868263473057
E01001672,1933.0,31.0,54.0,207.0,6.2,10.8,41.4,3.207449560269012,5.587170201758925,21.417485773409208
E01001673,2403.0,69.0,206.0,504.0,13.8,41.2,100.8,5.742821473158552,17.145235122763214,41.94756554307116
E01001674,2195.0,58.0,88.0,246.0,11.6,17.6,49.2,5.284738041002278,8.018223234624147,22.414578587699317
E01001675,2370.0,74.0,325.0,448.0,14.8,65.0,89.6,6.244725738396625,27.426160337552744,37.805907172995774
E01001676,1802.0,77.0,131.0,365.0,15.4,26.2,73.0,8.546059933407326,14.539400665926747,40.51054384017758
E01001677,2163.0,39.0,96.0,365.0,7.8,19.2,73.0,3.6061026352288486,8.876560332871012,33.749422098936655
E01001678,1774.0,41.0,90.0,173.0,8.2,18.0,34.6,4.622322435174746,10.146561443066515,19.503945885005635
E01001679,1353.0,30.0,42.0,139.0,6.0,8.4,27.8,4.434589800443459,6.208425720620842,20.546932742054693
E01001680,1518.0,36.0,30.0,85.0,7.2,6.0,17.0,4.743083003952569,3.952569169960474,11.198945981554678
E01001681,1403.0,4.0,33.0,103.0,0.8,6.6,20.6,0.5702066999287242,4.704205274411974,14.68282252316465
E01001682,1377.0,31.0,48.0,183.0,6.2,9.6,36.6,4.502541757443718,6.9716775599128535,26.579520697167755
E01001683,1551.0,28.0,210.0,266.0,5.6,42.0,53.2,3.610573823339781,27.079303675048358,34.30045132172792
E01001684,1446.0,19.0,36.0,145.0,3.8,7.2,29.0,2.627939142461964,4.979253112033196,20.05532503457815
E01001685,1562.0,28.0,60.0,141.0,5.6,12.0,28.2,3.5851472471190777,7.682458386683739,18.053777208706784
E01001686,1799.0,50.0,72.0,270.0,10.0,14.4,54.0,5.558643690939411,8.004446914952753,30.016675931072818
E01001687,1654.0,74.0,76.0,604.0,14.8,15.2,120.8,8.94800483675937,9.189842805320435,73.03506650544135
E01001688,2670.0,46.0,296.0,470.0,9.2,59.2,94.0,3.445692883895131,22.172284644194757,35.20599250936329
E01001690,1714.0,31.0,63.0,245.0,6.2,12.6,49.0,3.617269544924154,7.3512252042007,28.58809801633606
E01001692,1470.0,25.0,42.0,163.0,5.0,8.4,32.6,3.401360544217687,5.714285714285714,22.17687074829932
E01001693,1560.0,23.0,102.0,295.0,4.6,20.4,59.0,2.9487179487179485,13.076923076923077,37.82051282051282
E01001694,1743.0,18.0,55.0,211.0,3.6,11.0,42.2,2.0654044750430294,6.310958118187034,24.211130235226623
E01001695,1549.0,42.0,69.0,228.0,8.4,13.8,45.6,5.422853453841188,8.908973531310524,29.438347320852163
E01001696,2572.0,99.0,353.0,641.0,19.8,70.6,128.2,7.6982892690513225,27.449455676516326,49.84447900466563
E01001697,2643.0,54.0,116.0,349.0,10.8,23.2,69.8,4.0862656072644725,8.777903897086643,26.409383276579643
E01001698,1912.0,51.0,105.0,362.0,10.2,21.0,72.4,5.334728033472803,10.983263598326358,37.86610878661088
E01001699,1465.0,74.0,92.0,248.0,14.8,18.4,49.6,10.102389078498295,12.559726962457336,33.856655290102395
E01001700,2366.0,87.0,213.0,415.0,17.4,42.6,83.0,7.3541842772612,18.005071851225697,35.08030431107354
E01001701,1763.0,68.0,314.0,1336.0,13.6,62.8,267.2,7.714123652864435,35.621100397050476,151.55984117980714
E01001702,1485.0,19.0,34.0,196.0,3.8,6.8,39.2,2.558922558922559,4.57912457912458,26.397306397306398
E01001703,2079.0,36.0,104.0,424.0,7.2,20.8,84.8,3.463203463203463,10.004810004810006,40.78884078884079
E01001704,1649.0,35.0,111.0,208.0,7.0,22.2,41.6,4.244996967859309,13.462704669496663,25.227410551849605
E01001705,2248.0,57.0,189.0,315.0,11.4,37.8,63.0,5.0711743772241995,16.814946619217082,28.02491103202847
E01001708,1697.0,36.0,56.0,131.0,7.2,11.2,26.2,4.242781378903948,6.599882144961697,15.439010017678257
E01001710,1759.0,31.0,72.0,230.0,6.2,14.4,46.0,3.524729960204662,8.186469584991473,26.151222285389427
E01001712,2121.0,66.0,126.0,371.0,13.2,25.2,74.2,6.223479490806223,11.881188118811881,34.98349834983498
E01001714,2051.0,99.0,556.0,350.0,19.8,111.2,70.0,9.653827401267673,54.21745490004876,34.129692832764505
E01001715,1286.0,35.0,79.0,104.0,7.0,15.8,20.8,5.443234836702955,12.286158631415242,16.174183514774494
E01001716,1788.0,53.0,216.0,265.0,10.6,43.2,53.0,5.9284116331096195,24.161073825503358,29.6420581655481
E01001717,1126.0,13.0,179.0,90.0,2.6,35.8,18.0,2.3090586145648313,31.793960923623445,15.985790408525755
E01001718,1740.0,89.0,801.0,327.0,17.8,160.2,65.4,10.229885057471265,92.06896551724138,37.58620689655172
E01001719,1640.0,45.0,236.0,191.0,9.0,47.2,38.2,5.48780487804878,28.78048780487805,23.292682926829272
E01001720,1707.0,81.0,196.0,147.0,16.2,39.2,29.4,9.490333919156415,22.964264792032807,17.223198594024602
E01001722,2303.0,69.0,250.0,334.0,13.8,50.0,66.8,5.992184107685628,21.710811984368217,29.005644811115936
E01001723,1970.0,69.0,95.0,137.0,13.8,19.0,27.4,7.00507614213198,9.644670050761421,13.908629441624365
E01001724,2894.0,97.0,259.0,298.0,19.4,51.8,59.6,6.703524533517622,17.89910158949551,20.594333102971664
E01001725,1830.0,31.0,60.0,94.0,6.2,12.0,18.8,3.387978142076503,6.557377049180328,10.273224043715848
E01001726,1325.0,21.0,71.0,168.0,4.2,14.2,33.6,3.169811320754717,10.716981132075471,25.358490566037737
E01001727,1988.0,26.0,72.0,91.0,5.2,14.4,18.2,2.61569416498994,7.2434607645875255,9.154929577464788
E01001728,1979.0,55.0,101.0,144.0,11.0,20.2,28.8,5.558362809499747,10.207175341081353,14.552804446690248
E01001729,1985.0,81.0,625.0,1405.0,16.2,125.0,281.0,8.161209068010075,62.97229219143577,141.5617128463476
E01001730,2767.0,78.0,236.0,411.0,15.6,47.2,82.2,5.63787495482472,17.05818576075172,29.707264185037946
E01001731,2666.0,183.0,1045.0,495.0,36.6,209.0,99.0,13.728432108027008,78.39459864966241,37.13428357089273
E01001732,1900.0,57.0,156.0,272.0,11.4,31.2,54.4,6.0,16.42105263157895,28.63157894736842
E01001733,1872.0,87.0,450.0,333.0,17.4,90.0,66.6,9.294871794871796,48.07692307692308,35.57692307692307
E01001734,1835.0,129.0,438.0,419.0,25.8,87.6,83.8,14.059945504087194,47.73841961852861,45.66757493188011
E01001735,1570.0,62.0,170.0,216.0,12.4,34.0,43.2,7.898089171974522,21.65605095541401,27.515923566878982
E01001736,1549.0,44.0,94.0,115.0,8.8,18.8,23.0,5.681084570690769,12.136862491930279,14.848289218850873
E01001737,1768.0,40.0,124.0,147.0,8.0,24.8,29.4,4.524886877828055,14.027149321266968,16.6289592760181
E01001738,1740.0,82.0,163.0,140.0,16.4,32.6,28.0,9.425287356321837,18.73563218390805,16.091954022988507
E01001739,1977.0,70.0,171.0,209.0,14.0,34.2,41.8,7.081436519979768,17.298937784522003,21.143146181082447
E01001740,1545.0,60.0,162.0,181.0,12.0,32.4,36.2,7.766990291262136,20.970873786407765,23.43042071197411
E01001741,1441.0,43.0,129.0,124.0,8.6,25.8,24.8,5.968077723802915,17.904233171408745,17.21027064538515
E01001742,1753.0,37.0,344.0,220.0,7.4,68.8,44.0,4.221334854535082,39.2470051340559,25.099828864803197
E01001744,2004.0,68.0,159.0,186.0,13.6,31.8,37.2,6.786427145708583,15.868263473053892,18.562874251497007
E01001745,2162.0,119.0,281.0,283.0,23.8,56.2,56.6,11.00832562442183,25.99444958371878,26.179463459759486
E01001746,1686.0,20.0,74.0,239.0,4.0,14.8,47.8,2.3724792408066433,8.77817319098458,28.35112692763938
E01001747,2329.0,146.0,681.0,446.0,29.2,136.2,89.2,12.537569772434521,58.48003434950622,38.29969944182052
E01001749,1488.0,47.0,152.0,135.0,9.4,30.4,27.0,6.317204301075269,20.430107526881716,18.145161290322584
E01001750,2122.0,132.0,340.0,288.0,26.4,68.0,57.6,12.441093308199811,32.045240339302545,27.144203581526863
E01001751,1478.0,48.0,310.0,73.0,9.6,62.0,14.6,6.495263870094722,41.94857916102842,9.878213802435724
E01001753,1538.0,61.0,151.0,248.0,12.2,30.2,49.6,7.932379713914174,19.63589076723017,32.249674902470744
E01001755,1678.0,63.0,266.0,288.0,12.6,53.2,57.6,7.508939213349224,31.704410011918956,34.32657926102503
E01001756,2037.0,87.0,492.0,202.0,17.4,98.4,40.4,8.541973490427099,48.306332842415316,19.83308787432499
E01001757,1585.0,26.0,54.0,227.0,5.2,10.8,45.4,3.280757097791798,6.813880126182966,28.64353312302839
E01001758,2614.0,111.0,216.0,402.0,22.2,43.2,80.4,8.492731446059679,16.52639632746748,30.757459831675593
E01001759,1647.0,53.0,113.0,177.0,10.6,22.6,35.4,6.435944140862174,13.721918639951427,21.493624772313296
E01001760,1885.0,121.0,1852.0,854.0,24.2,370.4,170.8,12.838196286472147,196.49867374005302,90.61007957559681
E01001761,1818.0,86.0,283.0,319.0,17.2,56.6,63.8,9.46094609460946,31.133113311331137,35.09350935093509
E01001762,1675.0,113.0,535.0,381.0,22.6,107.0,76.2,13.492537313432836,63.88059701492538,45.492537313432834
E01001763,1769.0,84.0,234.0,209.0,16.8,46.8,41.8,9.49689089881289,26.455624646693046,23.62916902204635
E01001764,1752.0,48.0,137.0,214.0,9.6,27.4,42.8,5.47945205479452,15.639269406392694,24.429223744292237
E01001765,1801.0,60.0,130.0,231.0,12.0,26.0,46.2,6.662965019433648,14.436424208772904,25.652415324819547
E01001767,1608.0,82.0,118.0,216.0,16.4,23.6,43.2,10.199004975124376,14.676616915422887,26.86567164179105
E01001768,1868.0,89.0,146.0,179.0,17.8,29.2,35.8,9.528907922912206,15.63169164882227,19.164882226980726
E01001769,1521.0,47.0,110.0,121.0,9.4,22.0,24.2,6.180144641683103,14.464168310322156,15.910585141354371
E01001770,1714.0,66.0,262.0,251.0,13.2,52.4,50.2,7.701283547257876,30.57176196032672,29.28821470245041
E01001772,1789.0,58.0,162.0,301.0,11.6,32.4,60.2,6.4840693124650635,18.110676355505866,33.65008384572387
E01001773,2483.0,152.0,525.0,314.0,30.4,105.0,62.8,12.24325412807088,42.28755537656061,25.291985501409584
E01001774,1987.0,120.0,525.0,303.0,24.0,105.0,60.6,12.078510317060896,52.84348263714142,30.498238550578762
E01001775,1634.0,37.0,170.0,219.0,7.4,34.0,43.8,4.528763769889841,20.8078335373317,26.805385556915542
E01001776,1709.0,83.0,201.0,221.0,16.6,40.2,44.2,9.713282621416033,23.5225277940316,25.863077823288474
E01001777,2633.0,137.0,1120.0,414.0,27.4,224.0,82.8,10.406380554500569,85.0740600075959,31.447018609950625
E01001780,1816.0,117.0,836.0,343.0,23.4,167.2,68.6,12.885462555066079,92.0704845814978,37.775330396475766
E01001781,1602.0,56.0,268.0,310.0,11.2,53.6,62.0,6.991260923845193,33.458177278402005,38.70162297128589
E01001783,1606.0,50.0,100.0,213.0,10.0,20.0,42.6,6.226650062266501,12.453300124533001,26.525529265255294
E01001784,1772.0,62.0,251.0,203.0,12.4,50.2,40.6,6.997742663656885,28.32957110609481,22.91196388261851
E01001785,1593.0,38.0,97.0,110.0,7.6,19.4,22.0,4.770872567482737,12.178279974890144,13.810420590081607
E01001786,2224.0,55.0,206.0,316.0,11.0,41.2,63.2,4.946043165467626,18.52517985611511,28.417266187050362
E01001787,1611.0,60.0,155.0,299.0,12.0,31.0,59.8,7.4487895716946,19.24270639354438,37.119801365611416
E01001788,1497.0,43.0,111.0,199.0,8.6,22.2,39.8,5.744822979291917,14.829659318637274,26.58650634602538
E01001789,1773.0,36.0,103.0,151.0,7.2,20.6,30.2,4.060913705583757,11.61872532430908,17.033276931754088
E01001790,1513.0,25.0,61.0,213.0,5.0,12.2,42.6,3.304692663582287,8.063450099140779,28.155981493721086
E01001791,1459.0,47.0,68.0,202.0,9.4,13.6,40.4,6.4427690198766285,9.32145305003427,27.69019876627827
E01001792,1933.0,77.0,268.0,189.0,15.4,53.6,37.8,7.966890843248836,27.728918779099846,19.555095706156234
E01001793,1582.0,55.0,141.0,141.0,11.0,28.2,28.2,6.95322376738306,17.825537294563844,17.825537294563844
E01001794,1898.0,87.0,308.0,244.0,17.4,61.6,48.8,9.167544783983141,32.45521601685986,25.711275026343515
E01001795,1308.0,83.0,233.0,219.0,16.6,46.6,43.8,12.69113149847095,35.62691131498471,33.486238532110086
E01001796,1476.0,87.0,222.0,313.0,17.4,44.4,62.6,11.78861788617886,30.081300813008127,42.41192411924119
E01001798,2329.0,65.0,259.0,324.0,13.0,51.8,64.8,5.5817947617003005,22.24130528123658,27.823100042936883
E01001799,1506.0,30.0,70.0,105.0,6.0,14.0,21.0,3.9840637450199203,9.296148738379815,13.944223107569721
E01001800,1750.0,59.0,803.0,233.0,11.8,160.6,46.6,6.742857142857143,91.77142857142857,26.62857142857143
E01001801,1722.0,44.0,61.0,98.0,8.8,12.2,19.6,5.110336817653891,7.084785133565621,11.382113821138212
E01001802,1377.0,32.0,61.0,93.0,6.4,12.2,18.6,4.647785039941903,8.859840232389251,13.507625272331156
E01001803,1804.0,47.0,102.0,108.0,9.4,20.4,21.6,5.210643015521065,11.308203991130819,11.97339246119734
E01001804,1671.0,22.0,39.0,79.0,4.4,7.8,15.8,2.633153800119689,4.66786355475763,9.45541591861161
E01001805,1227.0,46.0,116.0,113.0,9.2,23.2,22.6,7.497962510187448,18.907905460472698,18.418907905460472
E01001806,1469.0,41.0,325.0,227.0,8.2,65.0,45.4,5.5820285908781475,44.24778761061947,30.90537780803267
E01001807,1807.0,46.0,111.0,216.0,9.2,22.2,43.2,5.09131156613171,12.285556170448256,23.90702822357499
E01001808,1634.0,69.0,461.0,309.0,13.8,92.2,61.8,8.445532435740516,56.42594859241126,37.82129742962056
E01001809,1884.0,26.0,136.0,164.0,5.2,27.2,32.8,2.7600849256900215,14.437367303609342,17.40976645435244
E01001811,1792.0,57.0,168.0,223.0,11.4,33.6,44.6,6.361607142857143,18.75,24.888392857142858
E01001812,1792.0,46.0,95.0,167.0,9.2,19.0,33.4,5.133928571428571,10.602678571428571,18.638392857142858
E01001813,1955.0,55.0,403.0,373.0,11.0,80.6,74.6,5.626598465473146,41.227621483375955,38.15856777493606
E01001814,1699.0,44.0,253.0,241.0,8.8,50.6,48.2,5.1795173631547975,29.782224838140085,28.36962919364332
E01001815,1772.0,23.0,82.0,252.0,4.6,16.4,50.4,2.595936794582393,9.255079006772007,28.442437923250562
E01001816,1550.0,57.0,213.0,205.0,11.4,42.6,41.0,7.35483870967742,27.483870967741936,26.451612903225804
E01001819,1587.0,55.0,127.0,122.0,11.0,25.4,24.4,6.931316950220542,16.005040957781976,15.374921235034657
E01001820,1390.0,38.0,92.0,220.0,7.6,18.4,44.0,5.467625899280575,13.237410071942445,31.654676258992804
E01001821,1350.0,34.0,132.0,220.0,6.8,26.4,44.0,5.037037037037037,19.555555555555554,32.59259259259259
E01001822,1997.0,64.0,203.0,313.0,12.8,40.6,62.6,6.409614421632448,20.330495743615423,31.347020530796193
E01001823,1632.0,44.0,84.0,144.0,8.8,16.8,28.8,5.392156862745098,10.294117647058824,17.647058823529413
E01001824,1626.0,50.0,154.0,191.0,10.0,30.8,38.2,6.150061500615006,18.94218942189422,23.493234932349324
E01001825,1350.0,23.0,47.0,58.0,4.6,9.4,11.6,3.407407407407407,6.962962962962964,8.592592592592593
E01001826,1573.0,36.0,100.0,152.0,7.2,20.0,30.4,4.577240940877305,12.714558169103624,19.326128417037506
E01001827,1647.0,50.0,132.0,200.0,10.0,26.4,40.0,6.071645415907711,16.029143897996356,24.286581663630844
E01001828,2053.0,68.0,122.0,296.0,13.6,24.4,59.2,6.624452021432051,11.885046273745738,28.8358499756454
E01001829,1756.0,83.0,215.0,166.0,16.6,43.0,33.2,9.453302961275627,24.4874715261959,18.906605922551254
E01001830,1878.0,59.0,284.0,567.0,11.8,56.8,113.4,6.283280085197019,30.24494142705005,60.38338658146965
E01001831,1679.0,99.0,424.0,343.0,19.8,84.8,68.6,11.792733770101252,50.50625372245384,40.85765336509827
E01001832,1660.0,57.0,121.0,161.0,11.4,24.2,32.2,6.867469879518072,14.578313253012048,19.397590361445786
E01001833,2117.0,96.0,175.0,284.0,19.2,35.0,56.8,9.069437883797827,16.532829475673122,26.830420406235238
E01001834,1988.0,66.0,165.0,213.0,13.2,33.0,42.6,6.639839034205231,16.59959758551308,21.428571428571427
E01001835,1233.0,45.0,90.0,81.0,9.0,18.0,16.2,7.299270072992701,14.598540145985401,13.138686131386862
E01001836,1855.0,86.0,246.0,282.0,17.2,49.2,56.4,9.272237196765499,26.52291105121294,30.40431266846361
E01001837,1446.0,71.0,198.0,119.0,14.2,39.6,23.8,9.820193637621024,27.38589211618257,16.45919778699862
E01001838,1815.0,75.0,123.0,244.0,15.0,24.6,48.8,8.264462809917356,13.553719008264464,26.887052341597794
E01001839,2354.0,174.0,662.0,657.0,34.8,132.4,131.4,14.783347493627867,56.244689889549704,55.81988105352591
E01001840,1602.0,54.0,131.0,220.0,10.8,26.2,44.0,6.741573033707866,16.354556803995006,27.465667915106117
E01001841,1368.0,47.0,91.0,140.0,9.4,18.2,28.0,6.871345029239766,13.304093567251462,20.46783625730994
E01001842,1528.0,48.0,113.0,229.0,9.6,22.6,45.8,6.282722513089005,14.790575916230368,29.973821989528794
E01001843,1205.0,20.0,48.0,138.0,4.0,9.6,27.6,3.3195020746887964,7.966804979253112,22.904564315352697
E01001844,1917.0,77.0,466.0,318.0,15.4,93.2,63.6,8.033385498174232,48.61763171622327,33.176838810641634
E01001845,1585.0,44.0,166.0,301.0,8.8,33.2,60.2,5.552050473186121,20.946372239747635,37.981072555205046
E01001846,1210.0,35.0,264.0,246.0,7.0,52.8,49.2,5.785123966942148,43.63636363636363,40.66115702479339
E01001847,1332.0,49.0,108.0,325.0,9.8,21.6,65.0,7.357357357357358,16.216216216216218,48.79879879879879
E01001848,1970.0,60.0,146.0,565.0,12.0,29.2,113.0,6.091370558375634,14.82233502538071,57.36040609137056
E01001849,2450.0,157.0,897.0,557.0,31.4,179.4,111.4,12.816326530612244,73.22448979591837,45.46938775510204
E01001850,1845.0,39.0,121.0,298.0,7.8,24.2,59.6,4.227642276422764,13.116531165311653,32.303523035230356
E01001851,1465.0,48.0,52.0,83.0,9.6,10.4,16.6,6.552901023890785,7.098976109215017,11.331058020477817
E01001852,1629.0,48.0,121.0,143.0,9.6,24.2,28.6,5.893186003683241,14.85573971761817,17.556783302639655
E01001853,1497.0,43.0,77.0,91.0,8.6,15.4,18.2,5.744822979291917,10.287241148964597,12.15764863059452
E01001854,1760.0,67.0,142.0,241.0,13.4,28.4,48.2,7.613636363636364,16.136363636363637,27.38636363636364
E01001855,1663.0,52.0,97.0,174.0,10.4,19.4,34.8,6.253758268190018,11.665664461815995,20.92603728202044
E01001856,1645.0,62.0,213.0,313.0,12.4,42.6,62.6,7.537993920972644,25.896656534954406,38.054711246200604
E01001857,1547.0,93.0,912.0,616.0,18.6,182.4,123.2,12.023270846800258,117.90562378797672,79.63800904977377
E01001858,1755.0,66.0,229.0,233.0,13.2,45.8,46.6,7.521367521367521,26.096866096866094,26.552706552706553
E01001859,2703.0,47.0,58.0,171.0,9.4,11.6,34.2,3.4776174620791713,4.291527931927488,12.65260821309656
E01001860,1710.0,77.0,407.0,338.0,15.4,81.4,67.6,9.005847953216374,47.60233918128655,39.53216374269006
E01001861,1405.0,36.0,105.0,282.0,7.2,21.0,56.4,5.124555160142349,14.94661921708185,40.1423487544484
E01001862,1759.0,57.0,146.0,300.0,11.4,29.2,60.0,6.4809550881182485,16.600341102899375,34.11028993746447
E01001863,1411.0,47.0,56.0,102.0,9.4,11.2,20.4,6.661941885187811,7.937632884479092,14.457831325301203
E01001864,1514.0,31.0,90.0,146.0,6.2,18.0,29.2,4.095112285336857,11.889035667107,19.28665785997358
E01001865,1585.0,27.0,56.0,95.0,5.4,11.2,19.0,3.406940063091483,7.066246056782334,11.987381703470032
E01001866,1505.0,79.0,277.0,173.0,15.8,55.4,34.6,10.498338870431894,36.810631229235874,22.99003322259136
E01001867,1136.0,27.0,69.0,89.0,5.4,13.8,17.8,4.753521126760564,12.147887323943664,15.669014084507042
E01001868,1261.0,30.0,85.0,202.0,6.0,17.0,40.4,4.758128469468676,13.481363996827914,32.03806502775575
E01001869,1353.0,67.0,236.0,181.0,13.4,47.2,36.2,9.903917220990392,34.88543976348855,26.755358462675538
E01001870,1687.0,56.0,100.0,134.0,11.2,20.0,26.8,6.639004149377593,11.855364552459987,15.886188500296383
E01001871,1515.0,38.0,96.0,164.0,7.6,19.2,32.8,5.016501650165016,12.673267326732672,21.65016501650165
E01001872,1361.0,33.0,83.0,100.0,6.6,16.6,20.0,4.849375459221161,12.196914033798679,14.695077149155033
E01001873,1502.0,41.0,73.0,149.0,8.2,14.6,29.8,5.459387483355525,9.720372836218376,19.840213049267643
E01001875,1835.0,51.0,126.0,396.0,10.2,25.2,79.2,5.5585831062670295,13.732970027247957,43.16076294277929
E01001876,2372.0,99.0,233.0,591.0,19.8,46.6,118.2,8.347386172006745,19.645868465430016,49.83136593591906
E01001877,1360.0,125.0,218.0,438.0,25.0,43.6,87.6,18.38235294117647,32.05882352941177,64.41176470588235
E01001878,1618.0,24.0,49.0,203.0,4.8,9.8,40.6,2.9666254635352285,6.056860321384426,25.092707045735477
E01001879,1451.0,42.0,83.0,137.0,8.4,16.6,27.4,5.789110957960029,11.440385940730533,18.88352860096485
E01001880,1468.0,52.0,238.0,253.0,10.4,47.6,50.6,7.084468664850137,32.42506811989101,34.46866485013624
E01001881,1876.0,108.0,504.0,357.0,21.6,100.8,71.4,11.513859275053306,53.73134328358209,38.059701492537314
E01001882,1644.0,43.0,126.0,152.0,8.6,25.2,30.4,5.231143552311435,15.328467153284672,18.49148418491484
E01001883,1869.0,56.0,134.0,172.0,11.2,26.8,34.4,5.99250936329588,14.339218833600857,18.405564472980203
E01001884,1800.0,74.0,389.0,369.0,14.8,77.8,73.8,8.222222222222223,43.222222222222214,41.0
E01001885,1276.0,33.0,80.0,294.0,6.6,16.0,58.8,5.172413793103448,12.539184952978056,46.08150470219435
E01001886,1523.0,55.0,140.0,215.0,11.0,28.0,43.0,7.222586999343401,18.384766907419568,28.233749179251475
E01001887,1458.0,44.0,64.0,193.0,8.8,12.8,38.6,6.035665294924554,8.779149519890261,26.47462277091907
E01001888,1551.0,21.0,88.0,110.0,4.2,17.6,22.0,2.707930367504836,11.347517730496454,14.184397163120567
E01001889,1389.0,33.0,138.0,126.0,6.6,27.6,25.2,4.751619870410367,19.870410367170628,18.14254859611231
E01001890,1714.0,77.0,392.0,1023.0,15.4,78.4,204.6,8.98483080513419,45.74095682613769,119.36989498249707
E01001891,2544.0,65.0,514.0,221.0,13.0,102.8,44.2,5.110062893081761,40.40880503144654,17.37421383647799
E01001892,1330.0,35.0,71.0,148.0,7.0,14.2,29.6,5.263157894736842,10.676691729323307,22.25563909774436
E01001893,1491.0,44.0,126.0,184.0,8.8,25.2,36.8,5.902079141515762,16.901408450704224,24.681421864520456
E01001894,1374.0,102.0,583.0,495.0,20.4,116.6,99.0,14.847161572052402,84.8617176128093,72.0524017467249
E01001895,1458.0,44.0,100.0,130.0,8.8,20.0,26.0,6.035665294924554,13.717421124828531,17.83264746227709
E01001896,1398.0,59.0,122.0,160.0,11.8,24.4,32.0,8.44062947067239,17.453505007153073,22.889842632331902
E01001897,1303.0,44.0,78.0,97.0,8.8,15.6,19.4,6.753645433614736,11.97237145049885,14.88871834228703
E01001898,2090.0,180.0,2344.0,1558.0,36.0,468.8,311.6,17.22488038277512,224.3062200956938,149.0909090909091
E01001899,1599.0,113.0,1502.0,517.0,22.6,300.4,103.4,14.13383364602877,187.86741713570981,64.66541588492808
E01001900,1713.0,54.0,526.0,376.0,10.8,105.2,75.2,6.304728546409808,61.41272621132516,43.899591360186804
E01001901,1651.0,39.0,57.0,87.0,7.8,11.4,17.4,4.724409448818897,6.904906117504543,10.539067231980615
E01001902,1657.0,54.0,80.0,135.0,10.8,16.0,27.0,6.51780325890163,9.656004828002414,16.294508147254074
E01001903,1436.0,70.0,131.0,199.0,14.0,26.2,39.8,9.749303621169917,18.245125348189415,27.715877437325904
E01001904,1617.0,59.0,70.0,86.0,11.8,14.0,17.2,7.297464440321584,8.658008658008658,10.636982065553493
E01001905,1658.0,33.0,72.0,68.0,6.6,14.4,13.6,3.9806996381182143,8.685162846803378,8.202653799758746
E01001906,1453.0,40.0,44.0,102.0,8.0,8.8,20.4,5.505849965588437,6.056434962147282,14.039917412250515
E01001907,1247.0,35.0,42.0,52.0,7.0,8.4,10.4,5.613472333600641,6.7361668003207695,8.340016038492381
E01001908,1379.0,63.0,138.0,189.0,12.6,27.6,37.8,9.13705583756345,20.01450326323423,27.41116751269035
E01001909,1763.0,44.0,94.0,169.0,8.8,18.8,33.8,4.991491775382871,10.663641520136132,19.171866137266022
E01001910,1335.0,51.0,97.0,113.0,10.2,19.4,22.6,7.640449438202246,14.531835205992508,16.928838951310862
E01001911,1710.0,31.0,94.0,234.0,6.2,18.8,46.8,3.625730994152047,10.994152046783626,27.368421052631575
E01001912,1454.0,46.0,201.0,332.0,9.2,40.2,66.4,6.327372764786794,27.647867950481434,45.66712517193948
E01001913,1386.0,35.0,192.0,107.0,7.0,38.4,21.4,5.050505050505051,27.705627705627705,15.44011544011544
E01001914,1504.0,75.0,331.0,238.0,15.0,66.2,47.6,9.97340425531915,44.015957446808514,31.64893617021277
E01001915,1453.0,81.0,210.0,160.0,16.2,42.0,32.0,11.149346180316586,28.905712319339298,22.02339986235375
E01001916,1224.0,27.0,90.0,67.0,5.4,18.0,13.4,4.411764705882353,14.705882352941176,10.947712418300654
E01001917,1495.0,33.0,76.0,71.0,6.6,15.2,14.2,4.414715719063545,10.167224080267557,9.498327759197323
E01001918,1510.0,29.0,54.0,104.0,5.8,10.8,20.8,3.8410596026490067,7.152317880794703,13.774834437086092
E01001919,1546.0,43.0,74.0,78.0,8.6,14.8,15.6,5.5627425614489,9.573091849935317,10.090556274256144
E01001920,1449.0,77.0,580.0,441.0,15.4,116.0,88.2,10.628019323671499,80.0552104899931,60.869565217391305
E01001921,1451.0,46.0,159.0,148.0,9.2,31.8,29.6,6.340454858718125,21.915920055134393,20.399724328049622
E01001922,1625.0,70.0,267.0,117.0,14.0,53.4,23.4,8.615384615384615,32.861538461538466,14.4
E01001923,1517.0,48.0,102.0,159.0,9.6,20.4,31.8,6.328279499011207,13.447593935398812,20.96242584047462
E01001924,1545.0,26.0,91.0,60.0,5.2,18.2,12.0,3.365695792880259,11.779935275080906,7.766990291262136
E01001925,1572.0,39.0,161.0,102.0,7.8,32.2,20.4,4.961832061068702,20.48346055979644,12.977099236641221
E01001926,1356.0,43.0,65.0,55.0,8.6,13.0,11.0,6.342182890855457,9.58702064896755,8.112094395280236
E01001927,1364.0,43.0,32.0,27.0,8.6,6.4,5.4,6.3049853372434015,4.69208211143695,3.958944281524927
E01001928,1806.0,45.0,152.0,145.0,9.0,30.4,29.0,4.983388704318936,16.832779623477297,16.057585825027683
E01001929,1348.0,26.0,69.0,85.0,5.2,13.8,17.0,3.857566765578635,10.23738872403561,12.611275964391691
E01001930,1736.0,53.0,85.0,167.0,10.6,17.0,33.4,6.105990783410139,9.792626728110598,19.23963133640553
E01001931,1296.0,37.0,83.0,90.0,7.4,16.6,18.0,5.709876543209877,12.808641975308644,13.888888888888888
E01001932,1592.0,81.0,395.0,370.0,16.2,79.0,74.0,10.175879396984925,49.62311557788945,46.482412060301506
E01001933,1496.0,65.0,143.0,135.0,13.0,28.6,27.0,8.689839572192513,19.117647058823533,18.048128342245988
E01001934,1961.0,33.0,71.0,221.0,6.6,14.2,44.2,3.3656297807241202,7.241203467618562,22.539520652728203
E01001935,2038.0,37.0,86.0,200.0,7.4,17.2,40.0,3.631010794896958,8.439646712463198,19.627085377821395
E01001937,1789.0,74.0,95.0,142.0,14.8,19.0,28.4,8.272778088317496,10.62045835662381,15.87479038569033
E01001938,1575.0,30.0,78.0,191.0,6.0,15.6,38.2,3.8095238095238093,9.904761904761903,24.253968253968257
E01001940,1538.0,63.0,210.0,264.0,12.6,42.0,52.8,8.192457737321195,27.308192457737324,34.330299089726914
E01001941,1566.0,153.0,719.0,832.0,30.6,143.8,166.4,19.54022988505747,91.82630906768838,106.2579821200511
E01001942,1838.0,82.0,204.0,285.0,16.4,40.8,57.0,8.922742110990205,22.19804134929271,31.011969532100107
E01001943,2263.0,254.0,6644.0,1801.0,50.8,1328.8,360.2,22.448077772867872,587.1851524524967,159.169244365886
E01001944,1680.0,70.0,164.0,304.0,14.0,32.8,60.8,8.333333333333334,19.523809523809522,36.19047619047619
E01001945,1665.0,39.0,116.0,236.0,7.8,23.2,47.2,4.684684684684685,13.933933933933933,28.34834834834835
E01001946,1877.0,50.0,194.0,236.0,10.0,38.8,47.2,5.3276505061267985,20.671283963771973,25.14651038891849
E01001947,1417.0,40.0,113.0,203.0,8.0,22.6,40.6,5.6457304163726185,15.949188426252647,28.652081863091038
E01001948,1873.0,120.0,319.0,139.0,24.0,63.8,27.8,12.813667912439936,34.06300053390283,14.842498665242926
E01001949,1473.0,24.0,57.0,56.0,4.8,11.4,11.2,3.2586558044806515,7.739307535641548,7.603530210454854
E01001950,1486.0,47.0,191.0,106.0,9.4,38.2,21.2,6.3257065948856,25.70659488559893,14.266487213997307
E01001951,1515.0,63.0,189.0,161.0,12.6,37.8,32.2,8.316831683168317,24.950495049504948,21.254125412541256
E01001952,1647.0,62.0,152.0,142.0,12.4,30.4,28.4,7.528840315725562,18.45780206435944,17.2434729811779
E01001953,1463.0,71.0,620.0,330.0,14.2,124.0,66.0,9.706083390293916,84.75734791524266,45.11278195488722
E01001954,1526.0,42.0,108.0,164.0,8.4,21.6,32.8,5.5045871559633035,14.154652686762779,21.49410222804718
E01001955,2108.0,75.0,118.0,274.0,15.0,23.6,54.8,7.115749525616698,11.195445920303605,25.996204933586334
E01001956,1575.0,41.0,48.0,145.0,8.2,9.6,29.0,5.206349206349206,6.095238095238096,18.41269841269841
E01001957,1626.0,15.0,53.0,176.0,3.0,10.6,35.2,1.8450184501845017,6.519065190651907,21.648216482164823
E01001958,1725.0,23.0,71.0,241.0,4.6,14.2,48.2,2.6666666666666665,8.231884057971014,27.94202898550725
E01001959,2019.0,36.0,61.0,263.0,7.2,12.2,52.6,3.566121842496285,6.042595344229816,26.05250123823675
E01001960,1794.0,59.0,116.0,162.0,11.8,23.2,32.4,6.5774804905239685,12.931995540691194,18.060200668896318
E01001961,1575.0,24.0,77.0,315.0,4.8,15.4,63.0,3.047619047619048,9.777777777777777,40.0
E01001962,1823.0,37.0,58.0,130.0,7.4,11.6,26.0,4.05924300603401,6.363137685134394,14.26220515633571
E01001963,1800.0,48.0,59.0,80.0,9.6,11.8,16.0,5.333333333333333,6.555555555555555,8.88888888888889
E01001964,1628.0,28.0,73.0,149.0,5.6,14.6,29.8,3.43980343980344,8.968058968058967,18.304668304668304
E01001965,1636.0,22.0,39.0,71.0,4.4,7.8,14.2,2.6894865525672373,4.767726161369193,8.679706601466991
E01001966,1410.0,65.0,277.0,173.0,13.0,55.4,34.6,9.219858156028367,39.290780141843975,24.539007092198585
E01001967,1495.0,40.0,39.0,63.0,8.0,7.8,12.6,5.351170568561873,5.217391304347825,8.42809364548495
E01001968,1648.0,28.0,37.0,75.0,5.6,7.4,15.0,3.3980582524271843,4.490291262135923,9.101941747572814
E01001969,1966.0,37.0,62.0,185.0,7.4,12.4,37.0,3.7639877924720246,6.307222787385554,18.819938962360123
E01001970,1904.0,47.0,305.0,220.0,9.4,61.0,44.0,4.936974789915967,32.03781512605042,23.10924369747899
E01001971,1906.0,24.0,122.0,543.0,4.8,24.4,108.6,2.5183630640083945,12.80167890870934,56.97796432318992
E01001972,1713.0,43.0,100.0,179.0,8.6,20.0,35.8,5.020431990659661,11.675423234092236,20.8990075890251
E01001973,2548.0,67.0,1182.0,238.0,13.4,236.4,47.6,5.259026687598117,92.77864992150707,18.681318681318682
E01001974,2213.0,64.0,72.0,252.0,12.8,14.4,50.4,5.784003615002259,6.507004066877542,22.774514234071397
E01001975,1822.0,45.0,109.0,206.0,9.0,21.8,41.2,4.939626783754116,11.964873765093303,22.61251372118551
E01001976,1868.0,24.0,84.0,226.0,4.8,16.8,45.2,2.569593147751606,8.993576017130621,24.197002141327626
E01001977,1519.0,40.0,95.0,209.0,8.0,19.0,41.8,5.266622778143515,12.50822909809085,27.518104015799867
E01001978,1927.0,55.0,127.0,353.0,11.0,25.4,70.6,5.708354955889984,13.1811105345096,36.63725998962117
E01001979,2292.0,88.0,441.0,667.0,17.6,88.2,133.4,7.67888307155323,38.48167539267016,58.20244328097732
E01001980,1816.0,32.0,88.0,263.0,6.4,17.6,52.6,3.524229074889868,9.691629955947137,28.964757709251103
E01001981,1803.0,49.0,98.0,283.0,9.8,19.6,56.6,5.435385468663339,10.870770937326679,31.39212423738214
E01001982,1801.0,38.0,108.0,230.0,7.6,21.6,46.0,4.21987784564131,11.993337034980566,25.541365907828986
E01001983,1661.0,40.0,90.0,209.0,8.0,18.0,41.8,4.81637567730283,10.836845273931367,25.165562913907284
E01001984,1749.0,86.0,75.0,144.0,17.2,15.0,28.8,9.834190966266439,8.576329331046313,16.46655231560892
E01001985,1622.0,56.0,50.0,61.0,11.2,10.0,12.2,6.905055487053021,6.165228113440198,7.521578298397039
E01001986,1565.0,42.0,40.0,109.0,8.4,8.0,21.8,5.36741214057508,5.111821086261981,13.929712460063898
E01001987,1705.0,60.0,52.0,86.0,12.0,10.4,17.2,7.038123167155425,6.099706744868035,10.087976539589443
E01001988,1667.0,89.0,106.0,107.0,17.8,21.2,21.4,10.677864427114576,12.717456508698259,12.8374325134973
E01001989,1719.0,66.0,169.0,136.0,13.2,33.8,27.2,7.678883071553228,19.662594531704478,15.823152995927865
E01001990,1950.0,110.0,741.0,264.0,22.0,148.2,52.8,11.282051282051283,76.0,27.076923076923073
E01001991,1660.0,35.0,86.0,116.0,7.0,17.2,23.2,4.216867469879518,10.36144578313253,13.975903614457831
E01001992,1751.0,74.0,62.0,86.0,14.8,12.4,17.2,8.45231296402056,7.081667618503713,9.822958309537407
E01001993,1669.0,50.0,48.0,52.0,10.0,9.6,10.4,5.991611743559018,5.751947273816656,6.231276213301379
E01001994,1809.0,87.0,53.0,111.0,17.4,10.6,22.2,9.618573797678275,5.8595909342178,12.271973466003317
E01001995,2683.0,74.0,74.0,227.0,14.8,14.8,45.4,5.516213194185614,5.516213194185614,16.921356690272084
E01001996,1493.0,40.0,45.0,111.0,8.0,9.0,22.2,5.358338914936369,6.028131279303416,14.869390488948424
E01001997,1782.0,56.0,438.0,217.0,11.2,87.6,43.4,6.285072951739617,49.158249158249156,24.35465768799102
E01001998,1933.0,49.0,67.0,132.0,9.8,13.4,26.4,5.069839627521987,6.9322296947749615,13.657527159855148
E01001999,2436.0,82.0,316.0,349.0,16.4,63.2,69.8,6.732348111658456,25.94417077175698,28.653530377668307
E01002000,1761.0,47.0,74.0,162.0,9.4,14.8,32.4,5.337876206700738,8.404315729699034,18.398637137989777
E01002001,1596.0,45.0,89.0,133.0,9.0,17.8,26.6,5.639097744360902,11.152882205513784,16.666666666666668
E01002002,1691.0,89.0,1542.0,780.0,17.8,308.4,156.0,10.526315789473683,182.3772915434654,92.25310467179183
E01002003,2557.0,101.0,325.0,526.0,20.2,65.0,105.2,7.899882675009778,25.420414548298787,41.14196323816973
E01002004,1810.0,39.0,66.0,130.0,7.8,13.2,26.0,4.30939226519337,7.29281767955801,14.3646408839779
E01002005,1458.0,86.0,339.0,138.0,17.2,67.8,27.6,11.796982167352537,46.50205761316872,18.930041152263378
E01002006,1537.0,49.0,66.0,107.0,9.8,13.2,21.4,6.3760572543916725,8.588158750813273,13.923227065712426
E01002007,1439.0,68.0,72.0,63.0,13.6,14.4,12.6,9.45100764419736,10.006949270326617,8.756080611535788
E01002008,1341.0,99.0,80.0,82.0,19.8,16.0,16.4,14.765100671140939,11.93139448173005,12.229679343773302
E01002009,1414.0,65.0,146.0,105.0,13.0,29.2,21.0,9.193776520509195,20.65063649222065,14.85148514851485
E01002010,1597.0,59.0,73.0,123.0,11.8,14.6,24.6,7.388854101440201,9.142141515341264,15.40388227927364
E01002011,1748.0,62.0,173.0,169.0,12.4,34.6,33.8,7.0938215102974835,19.79405034324943,19.336384439359264
E01002013,1361.0,22.0,43.0,81.0,4.4,8.6,16.2,3.232916972814108,6.318883174136665,11.903012490815577
E01002014,1734.0,72.0,166.0,301.0,14.4,33.2,60.2,8.304498269896195,19.146482122260668,34.71741637831603
E01002015,1425.0,25.0,64.0,142.0,5.0,12.8,28.4,3.5087719298245617,8.982456140350878,19.92982456140351
E01002016,1913.0,43.0,74.0,207.0,8.6,14.8,41.4,4.495556717198118,7.736539466806064,21.641400940930474
E01002017,1571.0,46.0,127.0,193.0,9.2,25.4,38.6,5.856142584341184,16.16804583068109,24.570337364735835
E01002018,1375.0,14.0,39.0,153.0,2.8,7.8,30.6,2.036363636363636,5.672727272727273,22.254545454545454
E01002019,1370.0,41.0,52.0,84.0,8.2,10.4,16.8,5.985401459854014,7.591240875912409,12.262773722627738
E01002020,1546.0,88.0,163.0,125.0,17.6,32.6,25.0,11.384217335058215,21.08667529107374,16.170763260025872
E01002021,1429.0,49.0,51.0,50.0,9.8,10.2,10.0,6.857942617214836,7.137858642407277,6.997900629811057
E01002022,2168.0,104.0,899.0,336.0,20.8,179.8,67.2,9.59409594095941,82.93357933579335,30.99630996309963
E01002023,1369.0,39.0,43.0,50.0,7.8,8.6,10.0,5.6975894813732655,6.281957633308984,7.304601899196494
E01002024,1271.0,38.0,83.0,106.0,7.6,16.6,21.2,5.979543666404406,13.060582218725415,16.679779701022817
E01002025,1476.0,59.0,32.0,44.0,11.8,6.4,8.8,7.994579945799458,4.336043360433604,5.962059620596206
E01002026,1781.0,116.0,3506.0,808.0,23.2,701.2,161.6,13.026389668725436,393.7113980909602,90.73554183043234
E01002027,1430.0,34.0,61.0,177.0,6.8,12.2,35.4,4.755244755244755,8.531468531468532,24.755244755244753
E01002028,1660.0,48.0,100.0,237.0,9.6,20.0,47.4,5.783132530120482,12.048192771084338,28.554216867469876
E01002029,2109.0,142.0,1780.0,1010.0,28.4,356.0,202.0,13.46609767662399,168.80037932669512,95.77999051683263
E01002030,1564.0,86.0,185.0,247.0,17.2,37.0,49.4,10.997442455242966,23.657289002557548,31.585677749360613
E01002031,1869.0,104.0,1098.0,529.0,20.8,219.6,105.8,11.128945960406636,117.4959871589085,56.60781166399144
E01002032,1844.0,38.0,186.0,287.0,7.6,37.2,57.4,4.121475054229935,20.17353579175705,31.127982646420826
E01002033,1802.0,47.0,87.0,207.0,9.4,17.4,41.4,5.216426193118757,9.655937846836848,22.97447280799112
E01002034,2489.0,224.0,934.0,1076.0,44.8,186.8,215.2,17.999196464443553,75.05022097227803,86.46042587384491
E01002036,1864.0,97.0,121.0,403.0,19.4,24.2,80.6,10.407725321888412,12.98283261802575,43.24034334763948
E01002037,1717.0,168.0,233.0,529.0,33.6,46.6,105.8,19.56901572510192,27.140361094933024,61.61910308677927
E01002038,1795.0,89.0,259.0,488.0,17.8,51.8,97.6,9.916434540389972,28.85793871866295,54.37325905292479
E01002039,1672.0,34.0,163.0,312.0,6.8,32.6,62.4,4.0669856459330145,19.497607655502392,37.32057416267943
E01002040,2267.0,81.0,163.0,464.0,16.2,32.6,92.8,7.146007940008822,14.380238200264667,40.93515659461844
E01002041,1867.0,69.0,125.0,295.0,13.8,25.0,59.0,7.391537225495448,13.39046598821639,31.601499732190682
E01002042,1567.0,74.0,169.0,510.0,14.8,33.8,102.0,9.444798978940652,21.569878749202296,65.0925335035099
E01002043,1810.0,70.0,239.0,308.0,14.0,47.8,61.6,7.734806629834255,26.408839779005522,34.03314917127072
E01002044,1780.0,46.0,209.0,209.0,9.2,41.8,41.8,5.168539325842696,23.483146067415728,23.483146067415728
E01002045,2131.0,49.0,111.0,261.0,9.8,22.2,52.2,4.598779915532614,10.41764429845143,24.495541999061476
E01002046,1618.0,40.0,158.0,219.0,8.0,31.6,43.8,4.944375772558714,19.530284301606923,27.07045735475896
E01002047,1655.0,46.0,202.0,221.0,9.2,40.4,44.2,5.5589123867069485,24.41087613293051,26.706948640483386
E01002048,1905.0,55.0,126.0,214.0,11.0,25.2,42.8,5.774278215223097,13.228346456692913,22.467191601049866
E01002049,1899.0,35.0,117.0,258.0,7.0,23.4,51.6,3.686150605581885,12.322274881516586,27.17219589257504
E01002050,1990.0,12.0,41.0,80.0,2.4,8.2,16.0,1.2060301507537687,4.1206030150753765,8.040201005025127
E01002051,1871.0,74.0,263.0,408.0,14.8,52.6,81.6,7.910208444681989,28.113308391234636,43.61304115446285
E01002052,2205.0,24.0,75.0,135.0,4.8,15.0,27.0,2.1768707482993195,6.802721088435374,12.244897959183673
E01002053,2025.0,48.0,101.0,187.0,9.6,20.2,37.4,4.7407407407407405,9.975308641975309,18.469135802469133
E01002054,1694.0,62.0,166.0,349.0,12.4,33.2,69.8,7.31995277449823,19.598583234946872,41.20425029515939
E01002055,2103.0,35.0,125.0,124.0,7.0,25.0,24.8,3.3285782215882076,11.887779362815026,11.792677127912507
E01002056,2921.0,109.0,221.0,356.0,21.8,44.2,71.2,7.463197535090723,15.131804176651832,24.375213967819242
E01002057,1794.0,43.0,242.0,197.0,8.6,48.4,39.4,4.793756967670011,26.978818283166106,21.962095875139354
E01002058,1574.0,59.0,715.0,345.0,11.8,143.0,69.0,7.496823379923762,90.85133418043202,43.83735705209657
E01002059,1562.0,34.0,63.0,143.0,6.8,12.6,28.6,4.353393085787451,8.066581306017927,18.309859154929576
E01002060,1708.0,44.0,49.0,110.0,8.8,9.8,22.0,5.152224824355972,5.7377049180327875,12.88056206088993
E01002061,1544.0,59.0,59.0,84.0,11.8,11.8,16.8,7.642487046632125,7.642487046632125,10.880829015544041
E01002062,1740.0,66.0,93.0,122.0,13.2,18.6,24.4,7.586206896551723,10.689655172413794,14.022988505747126
E01002063,1502.0,74.0,73.0,157.0,14.8,14.6,31.4,9.85352862849534,9.720372836218376,20.905459387483354
E01002064,1478.0,49.0,102.0,144.0,9.8,20.4,28.8,6.630581867388363,13.802435723951284,19.48579161028417
E01002065,1596.0,103.0,243.0,297.0,20.6,48.6,59.4,12.907268170426066,30.451127819548876,37.21804511278196
E01002066,2611.0,65.0,498.0,518.0,13.0,99.6,103.6,4.97893527384144,38.14630409804672,39.67828418230563
E01002067,1741.0,64.0,139.0,285.0,12.8,27.8,57.0,7.352096496266514,15.967834577828834,32.73980470993681
E01002068,2245.0,114.0,1035.0,579.0,22.8,207.0,115.8,10.155902004454342,92.20489977728286,51.58129175946548
E01002069,2048.0,106.0,1630.0,849.0,21.2,326.0,169.8,10.3515625,159.1796875,82.91015625
E01002070,2550.0,109.0,140.0,238.0,21.8,28.0,47.6,8.549019607843139,10.980392156862745,18.666666666666668
E01002071,1780.0,47.0,225.0,304.0,9.4,45.0,60.8,5.280898876404495,25.280898876404493,34.157303370786515
E01002072,1875.0,75.0,362.0,408.0,15.0,72.4,81.6,8.0,38.61333333333334,43.519999999999996
E01002073,1647.0,71.0,287.0,347.0,14.2,57.4,69.4,8.62173649058895,34.85124468731026,42.13721918639952
E01002074,2246.0,54.0,176.0,414.0,10.8,35.2,82.8,4.808548530721282,15.672306322350847,36.865538735529825
E01002075,1972.0,71.0,182.0,342.0,14.2,36.4,68.4,7.200811359026369,18.45841784989858,34.68559837728195
E01002076,1855.0,59.0,71.0,274.0,11.8,14.2,54.8,6.361185983827493,7.654986522911051,29.541778975741238
E01002077,2269.0,85.0,889.0,495.0,17.0,177.8,99.0,7.49228735125606,78.36051123843103,43.63155575143235
E01002078,2552.0,73.0,163.0,282.0,14.6,32.6,56.4,5.721003134796238,12.774294670846396,22.10031347962382
E01002079,1809.0,42.0,61.0,191.0,8.4,12.2,38.2,4.643449419568823,6.7440574903261465,21.11663902708679
E01002081,1930.0,79.0,443.0,476.0,15.8,88.6,95.2,8.186528497409327,45.90673575129534,49.326424870466326
E01002082,1418.0,22.0,80.0,253.0,4.4,16.0,50.6,3.1029619181946404,11.283497884344147,35.684062059238364
E01002083,1393.0,53.0,65.0,105.0,10.6,13.0,21.0,7.609475951184494,9.332376166547022,15.07537688442211
E01002084,1763.0,74.0,179.0,239.0,14.8,35.8,47.8,8.394781622234827,20.306296086216673,27.11287577992059
E01002085,2173.0,50.0,445.0,329.0,10.0,89.0,65.8,4.601932811780948,40.95720202485044,30.280717901518635
E01002086,1497.0,50.0,111.0,212.0,10.0,22.2,42.4,6.680026720106881,14.829659318637274,28.32331329325317
E01002087,1913.0,79.0,122.0,257.0,15.8,24.4,51.4,8.259278619968635,12.754835337166753,26.868792472556194
E01002088,1800.0,77.0,178.0,274.0,15.4,35.6,54.8,8.555555555555555,19.77777777777778,30.444444444444443
E01002089,1346.0,12.0,44.0,125.0,2.4,8.8,25.0,1.7830609212481425,6.537890044576523,18.573551263001487
E01002090,1736.0,60.0,163.0,218.0,12.0,32.6,43.6,6.912442396313365,18.77880184331797,25.11520737327189
E01002091,1843.0,73.0,85.0,217.0,14.6,17.0,43.4,7.921866521975041,9.224091155724363,23.5485621269669
E01002092,1597.0,28.0,72.0,223.0,5.6,14.4,44.6,3.5065748278021287,9.016906700062616,27.927363807138384
E01002093,1839.0,75.0,308.0,345.0,15.0,61.6,69.0,8.156606851549755,33.49646547036433,37.52039151712887
E01002094,1443.0,32.0,74.0,194.0,6.4,14.8,38.8,4.435204435204436,10.256410256410257,26.88842688842689
E01002095,1589.0,35.0,243.0,245.0,7.0,48.6,49.0,4.405286343612335,30.585273757079925,30.837004405286343
E01002096,1692.0,36.0,53.0,129.0,7.2,10.6,25.8,4.25531914893617,6.264775413711583,15.248226950354612
E01002097,1598.0,25.0,84.0,217.0,5.0,16.8,43.4,3.1289111389236544,10.51314142678348,27.15894868585732
E01002098,1530.0,43.0,158.0,295.0,8.6,31.6,59.0,5.620915032679738,20.65359477124183,38.56209150326798
E01002099,2020.0,43.0,120.0,339.0,8.6,24.0,67.8,4.257425742574257,11.881188118811881,33.56435643564357
E01002100,1785.0,49.0,128.0,327.0,9.8,25.6,65.4,5.490196078431373,14.341736694677872,36.63865546218488
E01002101,1980.0,33.0,63.0,200.0,6.6,12.6,40.0,3.333333333333333,6.363636363636364,20.202020202020204
E01002102,1927.0,45.0,117.0,245.0,9.0,23.4,49.0,4.67047223663726,12.143227815256875,25.42812662169175
E01002103,1852.0,40.0,141.0,300.0,8.0,28.2,60.0,4.319654427645789,15.226781857451403,32.39740820734342
E01002104,1454.0,38.0,81.0,267.0,7.6,16.2,53.4,5.226960110041265,11.141678129298487,36.72627235213205
E01002105,2076.0,47.0,391.0,473.0,9.4,78.2,94.6,4.527938342967245,37.66859344894027,45.568400770712906
E01002106,2029.0,30.0,32.0,110.0,6.0,6.4,22.0,2.957121734844751,3.1542631838344013,10.842779694430755
E01002107,1819.0,36.0,38.0,115.0,7.2,7.6,23.0,3.9582188015393074,4.178119846069269,12.644310060472787
E01002108,1840.0,23.0,24.0,81.0,4.6,4.8,16.2,2.4999999999999996,2.6086956521739126,8.804347826086957
E01002109,1871.0,43.0,29.0,103.0,8.6,5.8,20.6,4.596472474612506,3.099946552645644,11.010154997327634
E01002110,1664.0,26.0,49.0,72.0,5.2,9.8,14.4,3.125,5.8894230769230775,8.653846153846155
E01002111,2200.0,43.0,190.0,183.0,8.6,38.0,36.6,3.9090909090909087,17.272727272727273,16.636363636363637
E01002112,1994.0,55.0,82.0,107.0,11.0,16.4,21.4,5.516549648946841,8.224674022066198,10.732196589769307
E01002113,1560.0,38.0,40.0,123.0,7.6,8.0,24.6,4.871794871794871,5.128205128205129,15.769230769230772
E01002114,2230.0,39.0,59.0,164.0,7.8,11.8,32.8,3.497757847533632,5.291479820627803,14.708520179372197
E01002115,1464.0,35.0,28.0,89.0,7.0,5.6,17.8,4.781420765027322,3.8251366120218573,12.158469945355192
E01002116,1590.0,33.0,28.0,65.0,6.6,5.6,13.0,4.150943396226415,3.522012578616352,8.176100628930817
E01002118,1878.0,93.0,135.0,285.0,18.6,27.0,57.0,9.904153354632587,14.37699680511182,30.35143769968051
E01002119,2508.0,57.0,165.0,280.0,11.4,33.0,56.0,4.545454545454545,13.157894736842104,22.328548644338117
E01002120,1362.0,39.0,44.0,197.0,7.8,8.8,39.4,5.726872246696035,6.4610866372980915,28.928046989720997
E01002121,1822.0,56.0,41.0,91.0,11.2,8.2,18.2,6.1470911086717885,4.500548847420417,9.989023051591658
E01002122,1859.0,57.0,43.0,106.0,11.4,8.6,21.2,6.132329209252286,4.626143087681549,11.403980634749864
E01002123,1713.0,84.0,179.0,254.0,16.8,35.8,50.8,9.807355516637477,20.8990075890251,29.655575014594277
E01002124,1793.0,32.0,31.0,106.0,6.4,6.2,21.2,3.5694366982710544,3.4578918014500837,11.823759063022866
E01002125,1970.0,63.0,105.0,180.0,12.6,21.0,36.0,6.395939086294415,10.659898477157359,18.274111675126903
E01002127,1840.0,32.0,49.0,173.0,6.4,9.8,34.6,3.4782608695652177,5.326086956521739,18.804347826086957
E01002128,2116.0,33.0,98.0,285.0,6.6,19.6,57.0,3.119092627599244,9.262759924385634,26.937618147448017
E01002129,2731.0,152.0,3176.0,983.0,30.4,635.2,196.6,11.131453679970706,232.58879531307213,71.98828268033687
E01002130,2908.0,132.0,1088.0,841.0,26.4,217.6,168.2,9.07840440165062,74.828060522696,57.84044016506189
E01002131,1711.0,23.0,65.0,213.0,4.6,13.0,42.6,2.688486265341905,7.597895967270602,24.89772063120982
E01002132,2037.0,34.0,67.0,149.0,6.8,13.4,29.8,3.338242513500245,6.578301423662248,14.629356897398134
E01002133,2042.0,45.0,102.0,332.0,9.0,20.4,66.4,4.407443682664055,9.99020568070519,32.51714005876592
E01002134,1491.0,29.0,54.0,353.0,5.8,10.8,70.6,3.8900067069081152,7.2434607645875255,47.350771294433265
E01002135,2015.0,52.0,112.0,212.0,10.4,22.4,42.4,5.161290322580645,11.116625310173697,21.042183622828784
E01002136,2031.0,32.0,154.0,217.0,6.4,30.8,43.4,3.1511570654849828,15.16494337764648,21.36878385032004
E01002137,1747.0,24.0,104.0,101.0,4.8,20.8,20.2,2.7475672581568404,11.906124785346307,11.562678878076703
E01002138,1610.0,15.0,20.0,101.0,3.0,4.0,20.2,1.8633540372670807,2.4844720496894412,12.546583850931675
E01002139,1503.0,27.0,31.0,166.0,5.4,6.2,33.2,3.5928143712574854,4.125083166999334,22.08915502328676
E01002140,1796.0,40.0,100.0,215.0,8.0,20.0,43.0,4.4543429844097995,11.135857461024498,23.942093541202674
E01002141,1792.0,30.0,32.0,116.0,6.0,6.4,23.2,3.3482142857142856,3.5714285714285716,12.946428571428571
E01002142,1858.0,42.0,348.0,183.0,8.4,69.6,36.6,4.520990312163617,37.459634015069966,19.698600645855763
E01002143,1631.0,32.0,33.0,127.0,6.4,6.6,25.4,3.9239730226854688,4.046597179644389,15.573267933782954
E01002144,1620.0,52.0,59.0,124.0,10.4,11.8,24.8,6.419753086419753,7.283950617283951,15.308641975308642
E01002145,1685.0,25.0,40.0,117.0,5.0,8.0,23.4,2.967359050445104,4.747774480712166,13.887240356083085
E01002146,1462.0,26.0,22.0,55.0,5.2,4.4,11.0,3.556771545827633,3.0095759233926134,7.523939808481532
E01002147,1356.0,40.0,19.0,41.0,8.0,3.8,8.2,5.899705014749262,2.8023598820058995,6.047197640117993
E01002148,1464.0,32.0,48.0,69.0,6.4,9.6,13.8,4.371584699453552,6.557377049180328,9.426229508196721
E01002149,1321.0,18.0,16.0,27.0,3.6,3.2,5.4,2.7252081756245268,2.4224072672218018,4.08781226343679
E01002150,2400.0,62.0,533.0,184.0,12.4,106.6,36.8,5.166666666666667,44.416666666666664,15.333333333333332
E01002151,1566.0,41.0,80.0,205.0,8.2,16.0,41.0,5.236270753512132,10.217113665389528,26.181353767560665
E01002152,1615.0,28.0,12.0,55.0,5.6,2.4,11.0,3.4674922600619196,1.4860681114551082,6.811145510835914
E01002153,1880.0,21.0,32.0,54.0,4.2,6.4,10.8,2.2340425531914896,3.4042553191489366,5.74468085106383
E01002155,1726.0,24.0,36.0,100.0,4.8,7.2,20.0,2.780996523754345,4.171494785631518,11.587485515643106
E01002156,1568.0,23.0,24.0,63.0,4.6,4.8,12.6,2.9336734693877546,3.061224489795918,8.035714285714285
E01002157,1698.0,31.0,191.0,220.0,6.2,38.2,44.0,3.651354534746761,22.497055359246172,25.91283863368669
E01002158,1407.0,23.0,12.0,45.0,4.6,2.4,9.0,3.2693674484719257,1.7057569296375266,6.3965884861407245
E01002159,1929.0,28.0,116.0,132.0,5.6,23.2,26.4,2.903058579574909,12.026956972524623,13.68584758942457
E01002160,2475.0,53.0,498.0,259.0,10.6,99.6,51.8,4.282828282828282,40.24242424242424,20.92929292929293
E01002161,2058.0,29.0,123.0,142.0,5.8,24.6,28.4,2.818270165208941,11.953352769679302,13.799805636540329
E01002162,1927.0,42.0,61.0,151.0,8.4,12.2,30.2,4.359107420861443,6.331084587441619,15.672029060716138
E01002163,1651.0,32.0,22.0,66.0,6.4,4.4,13.2,3.8764385221078137,2.665051483949122,7.995154451847364
E01002164,1924.0,23.0,64.0,123.0,4.6,12.8,24.6,2.3908523908523907,6.652806652806653,12.785862785862786
E01002165,1763.0,39.0,81.0,107.0,7.8,16.2,21.4,4.424276800907544,9.188882586500283,12.138400453771979
E01002166,1708.0,14.0,25.0,81.0,2.8,5.0,16.2,1.639344262295082,2.927400468384075,9.484777517564403
E01002167,1610.0,19.0,25.0,95.0,3.8,5.0,19.0,2.360248447204969,3.105590062111801,11.801242236024846
E01002168,1548.0,26.0,34.0,106.0,5.2,6.8,21.2,3.359173126614987,4.392764857881137,13.695090439276486
E01002169,1667.0,21.0,46.0,146.0,4.2,9.2,29.2,2.519496100779844,5.518896220755848,17.516496700659868
E01002170,1369.0,18.0,27.0,88.0,3.6,5.4,17.6,2.629656683710738,3.944485025566107,12.85609934258583
E01002171,1703.0,24.0,36.0,105.0,4.8,7.2,21.0,2.8185554903112156,4.227833235466823,12.331180270111567
E01002172,1613.0,26.0,59.0,111.0,5.2,11.8,22.2,3.223806571605704,7.31556106633602,13.763174209547428
E01002173,1909.0,18.0,17.0,76.0,3.6,3.4,15.2,1.8858040859088527,1.7810371922472499,7.962283918281822
E01002174,1568.0,17.0,44.0,112.0,3.4,8.8,22.4,2.1683673469387754,5.612244897959184,14.285714285714285
E01002175,1420.0,16.0,68.0,127.0,3.2,13.6,25.4,2.2535211267605635,9.577464788732394,17.887323943661972
E01002176,1695.0,37.0,93.0,156.0,7.4,18.6,31.2,4.3657817109144545,10.97345132743363,18.407079646017696
E01002177,1478.0,11.0,57.0,110.0,2.2,11.4,22.0,1.4884979702300407,7.713125845737483,14.884979702300406
E01002178,1638.0,10.0,19.0,51.0,2.0,3.8,10.2,1.221001221001221,2.31990231990232,6.227106227106226
E01002179,2632.0,134.0,464.0,549.0,26.8,92.8,109.8,10.182370820668694,35.25835866261398,41.71732522796352
E01002181,2336.0,83.0,123.0,263.0,16.6,24.6,52.6,7.106164383561644,10.53082191780822,22.517123287671232
E01002182,2142.0,41.0,68.0,209.0,8.2,13.6,41.8,3.8281979458450044,6.349206349206349,19.514472455648928
E01002183,2107.0,44.0,80.0,197.0,8.8,16.0,39.4,4.1765543426673,7.593735168485999,18.699572852396773
E01002184,1928.0,39.0,54.0,183.0,7.8,10.8,36.6,4.045643153526971,5.601659751037344,18.98340248962656
E01002185,1855.0,34.0,44.0,186.0,6.8,8.8,37.2,3.6657681940700804,4.743935309973046,20.053908355795148
E01002186,1935.0,57.0,401.0,211.0,11.4,80.2,42.2,5.891472868217055,41.44702842377261,21.808785529715767
E01002187,1983.0,32.0,26.0,105.0,6.4,5.2,21.0,3.2274331820474034,2.6222894604135147,10.59001512859304
E01002188,1608.0,33.0,13.0,36.0,6.6,2.6,7.2,4.104477611940299,1.6169154228855722,4.477611940298508
E01002189,1734.0,57.0,480.0,166.0,11.4,96.0,33.2,6.57439446366782,55.36332179930796,19.146482122260668
E01002190,1708.0,49.0,17.0,50.0,9.8,3.4,10.0,5.7377049180327875,1.9906323185011707,5.85480093676815
E01002191,2021.0,18.0,25.0,139.0,3.6,5.0,27.8,1.781296387926769,2.474022761009401,13.755566551212272
E01002192,1683.0,39.0,59.0,89.0,7.8,11.8,17.8,4.634581105169341,7.011289364230541,10.576351752822342
E01002193,2045.0,27.0,63.0,159.0,5.4,12.6,31.8,2.640586797066015,6.161369193154035,15.550122249388753
E01002194,1838.0,39.0,15.0,74.0,7.8,3.0,14.8,4.243743199129488,1.632208922742111,8.052230685527748
E01002195,1658.0,23.0,101.0,68.0,4.6,20.2,13.6,2.7744270205066344,12.18335343787696,8.202653799758746
E01002196,1822.0,17.0,14.0,62.0,3.4,2.8,12.4,1.8660812294182216,1.5367727771679471,6.805708013172338
E01002197,1416.0,19.0,18.0,80.0,3.8,3.6,16.0,2.6836158192090394,2.5423728813559325,11.299435028248588
E01002198,1812.0,31.0,17.0,95.0,6.2,3.4,19.0,3.4216335540838854,1.8763796909492274,10.485651214128035
E01002199,1570.0,18.0,29.0,67.0,3.6,5.8,13.4,2.292993630573249,3.6942675159235665,8.535031847133757
E01002200,2199.0,52.0,49.0,188.0,10.4,9.8,37.6,4.729422464756707,4.456571168713052,17.09868121873579
E01002201,1713.0,32.0,20.0,52.0,6.4,4.0,10.4,3.736135434909516,2.335084646818447,6.0712200817279625
E01002202,2196.0,60.0,223.0,249.0,12.0,44.6,49.8,5.46448087431694,20.309653916211296,22.6775956284153
E01002203,1811.0,44.0,40.0,82.0,8.8,8.0,16.4,4.859193815571508,4.417448923246825,9.05577029265599
E01002204,1881.0,36.0,135.0,239.0,7.2,27.0,47.8,3.827751196172249,14.354066985645934,25.412014885699094
E01002206,1388.0,23.0,67.0,80.0,4.6,13.4,16.0,3.3141210374639765,9.654178674351586,11.527377521613833
E01002207,1773.0,20.0,18.0,77.0,4.0,3.6,15.4,2.256063169768754,2.0304568527918785,8.6858432036097
E01002208,1360.0,21.0,24.0,50.0,4.2,4.8,10.0,3.088235294117647,3.5294117647058822,7.352941176470588
E01002209,1861.0,48.0,202.0,232.0,9.6,40.4,46.4,5.1585169263836645,21.708758731864588,24.932831810854378
E01002210,1548.0,23.0,21.0,82.0,4.6,4.2,16.4,2.9715762273901807,2.7131782945736433,10.594315245478036
E01002211,1486.0,15.0,36.0,169.0,3.0,7.2,33.8,2.018842530282638,4.845222072678331,22.745625841184385
E01002212,1888.0,34.0,448.0,320.0,6.8,89.6,64.0,3.6016949152542375,47.45762711864406,33.898305084745765
E01002214,1909.0,34.0,45.0,177.0,6.8,9.0,35.4,3.5620743844944998,4.714510214772132,18.543740178103718
E01002215,1736.0,33.0,69.0,187.0,6.6,13.8,37.4,3.80184331797235,7.949308755760369,21.543778801843317
E01002216,1732.0,33.0,43.0,100.0,6.6,8.6,20.0,3.810623556581986,4.965357967667436,11.547344110854503
E01002217,2206.0,17.0,51.0,198.0,3.4,10.2,39.6,1.541251133272892,4.623753399818676,17.951042611060743
E01002218,1817.0,37.0,263.0,202.0,7.4,52.6,40.4,4.072647220693451,28.94881673087507,22.234452394056138
E01002219,1930.0,63.0,350.0,363.0,12.6,70.0,72.6,6.528497409326425,36.269430051813465,37.61658031088083
E01002220,1643.0,35.0,29.0,95.0,7.0,5.8,19.0,4.260499087035909,3.530127814972611,11.5642118076689
E01002221,1630.0,48.0,189.0,208.0,9.6,37.8,41.6,5.889570552147239,23.190184049079754,25.521472392638035
E01002222,1605.0,37.0,40.0,134.0,7.4,8.0,26.8,4.610591900311526,4.984423676012462,16.697819314641745
E01002223,1794.0,39.0,40.0,113.0,7.8,8.0,22.6,4.3478260869565215,4.459308807134894,12.597547380156078
E01002224,1624.0,33.0,15.0,114.0,6.6,3.0,22.8,4.0640394088669956,1.8472906403940885,14.039408866995075
E01002225,1751.0,48.0,23.0,69.0,9.6,4.6,13.8,5.48258138206739,2.6270702455739574,7.881210736721874
E01002226,2623.0,100.0,319.0,345.0,20.0,63.8,69.0,7.624857033930614,24.323293938238656,26.305756767060615
E01002227,2275.0,26.0,38.0,166.0,5.2,7.6,33.2,2.285714285714286,3.3406593406593403,14.593406593406595
E01002228,2251.0,58.0,37.0,143.0,11.6,7.4,28.6,5.153265215459796,3.2874278098622836,12.705464238116393
E01002229,1828.0,47.0,67.0,210.0,9.4,13.4,42.0,5.142231947483589,7.330415754923414,22.975929978118163
E01002230,1838.0,28.0,14.0,68.0,5.6,2.8,13.6,3.046789989118607,1.5233949945593035,7.399347116430903
E01002231,2056.0,32.0,47.0,146.0,6.4,9.4,29.2,3.11284046692607,4.571984435797666,14.202334630350194
E01002232,2153.0,51.0,124.0,257.0,10.2,24.8,51.4,4.737575476079888,11.518810961449141,23.873664653971204
E01002233,2422.0,68.0,227.0,376.0,13.6,45.4,75.2,5.615194054500413,18.74483897605285,31.048720066061108
E01002234,1962.0,36.0,38.0,188.0,7.2,7.6,37.6,3.669724770642202,3.873598369011213,19.164118246687053
E01002235,1881.0,29.0,74.0,218.0,5.8,14.8,43.6,3.083466241360978,7.86815523657629,23.179160021265286
E01002236,2327.0,65.0,207.0,316.0,13.0,41.4,63.2,5.58659217877095,17.791147400085947,27.159432746024926
E01002237,2114.0,18.0,61.0,138.0,3.6,12.2,27.6,1.7029328287606433,5.7710501419110685,13.055818353831599
E01002238,1886.0,35.0,65.0,124.0,7.0,13.0,24.8,3.711558854718982,6.892895015906681,13.149522799575822
E01002239,1936.0,46.0,35.0,104.0,9.2,7.0,20.8,4.752066115702479,3.615702479338843,10.743801652892563
E01002240,1957.0,15.0,38.0,119.0,3.0,7.6,23.8,1.532958610117527,3.883495145631068,12.161471640265713
E01002241,1902.0,28.0,39.0,160.0,5.6,7.8,32.0,2.9442691903259726,4.100946372239747,16.82439537329127
E01002242,1866.0,19.0,49.0,77.0,3.8,9.8,15.4,2.0364415862808145,5.251875669882101,8.252947481243302
E01002243,1972.0,40.0,128.0,359.0,8.0,25.6,71.8,4.056795131845842,12.981744421906695,36.409736308316425
E01002244,1814.0,33.0,38.0,223.0,6.6,7.6,44.6,3.6383682469680263,4.189636163175303,24.586549062844544
E01002245,1647.0,34.0,138.0,156.0,6.8,27.6,31.2,4.128718882817243,16.757741347905284,18.94353369763206
E01002246,1841.0,31.0,82.0,194.0,6.2,16.4,38.8,3.367734926670288,8.9082020640956,21.075502444323735
E01002247,2486.0,32.0,54.0,329.0,6.4,10.8,65.8,2.5744167337087696,4.344328238133548,26.46822204344328
E01002248,1754.0,81.0,303.0,697.0,16.2,60.6,139.4,9.236031927023944,34.54960091220068,79.47548460661345
E01002250,1833.0,39.0,45.0,235.0,7.8,9.0,47.0,4.25531914893617,4.909983633387888,25.64102564102564
E01002251,1596.0,24.0,32.0,172.0,4.8,6.4,34.4,3.007518796992481,4.010025062656641,21.553884711779446
E01002252,1591.0,14.0,17.0,60.0,2.8,3.4,12.0,1.759899434318039,2.1370207416719045,7.54242614707731
E01002253,1583.0,17.0,10.0,44.0,3.4,2.0,8.8,2.147820593809223,1.2634238787113075,5.5590650663297545
E01002254,1630.0,15.0,46.0,86.0,3.0,9.2,17.2,1.8404907975460123,5.644171779141104,10.552147239263803
E01002255,1543.0,7.0,13.0,76.0,1.4,2.6,15.2,0.9073233959818534,1.6850291639662995,9.85093972780298
E01002256,1518.0,8.0,6.0,35.0,1.6,1.2,7.0,1.0540184453227932,0.7905138339920948,4.61133069828722
E01002257,1736.0,22.0,17.0,58.0,4.4,3.4,11.6,2.534562211981567,1.9585253456221199,6.682027649769585
E01002258,1839.0,16.0,46.0,225.0,3.2,9.2,45.0,1.7400761283306145,5.002718868950517,24.469820554649267
E01002259,1548.0,14.0,17.0,84.0,2.8,3.4,16.8,1.8087855297157622,2.1963824289405687,10.852713178294573
E01002260,1810.0,36.0,31.0,185.0,7.2,6.2,37.0,3.9779005524861883,3.425414364640884,20.441988950276244
E01002261,1786.0,42.0,455.0,198.0,8.4,91.0,39.6,4.703247480403135,50.9518477043673,22.17245240761478
E01002262,1758.0,20.0,29.0,146.0,4.0,5.8,29.2,2.2753128555176336,3.299203640500569,16.609783845278724
E01002263,1608.0,17.0,16.0,91.0,3.4,3.2,18.2,2.1144278606965172,1.9900497512437814,11.318407960199005
E01002264,1673.0,28.0,38.0,236.0,5.6,7.6,47.2,3.3472803347280333,4.542737597130903,28.21279139270771
E01002265,1508.0,24.0,98.0,89.0,4.8,19.6,17.8,3.183023872679045,12.997347480106102,11.803713527851459
E01002266,1543.0,35.0,386.0,159.0,7.0,77.2,31.8,4.536616979909268,50.032404406999355,20.609202851587817
E01002267,1798.0,17.0,30.0,167.0,3.4,6.0,33.4,1.8909899888765296,3.3370411568409346,18.5761957730812
E01002268,1488.0,22.0,26.0,145.0,4.4,5.2,29.0,2.9569892473118284,3.4946236559139785,19.489247311827956
E01002269,1857.0,23.0,79.0,120.0,4.6,15.8,24.0,2.4771136241249327,8.508346795907379,12.924071082390954
E01002270,1739.0,33.0,24.0,98.0,6.6,4.8,19.6,3.7952846463484757,2.760207015526164,11.270845313398505
E01002271,1591.0,17.0,22.0,51.0,3.4,4.4,10.2,2.1370207416719045,2.7655562539283474,6.411062225015713
E01002272,1361.0,15.0,87.0,85.0,3.0,17.4,17.0,2.204261572373255,12.784717119764878,12.490815576781777
E01002273,1341.0,14.0,34.0,122.0,2.8,6.8,24.4,2.087994034302759,5.070842654735272,18.19537658463833
E01002274,1665.0,19.0,110.0,84.0,3.8,22.0,16.8,2.2822822822822824,13.213213213213212,10.090090090090092
E01002275,1318.0,9.0,18.0,63.0,1.8,3.6,12.6,1.3657056145675266,2.731411229135053,9.559939301972687
E01002276,2074.0,59.0,61.0,250.0,11.8,12.2,50.0,5.689488910318226,5.88235294117647,24.108003857280618
E01002277,1621.0,61.0,165.0,290.0,12.2,33.0,58.0,7.526218383713756,20.357803824799507,35.780382479950646
E01002278,1726.0,41.0,36.0,191.0,8.2,7.2,38.2,4.750869061413673,4.171494785631518,22.132097334878335
E01002279,1746.0,43.0,28.0,218.0,8.6,5.6,43.6,4.925544100801833,3.2073310423825885,24.971363115693013
E01002280,1860.0,38.0,38.0,345.0,7.6,7.6,69.0,4.086021505376344,4.086021505376344,37.096774193548384
E01002281,2463.0,101.0,128.0,416.0,20.2,25.6,83.2,8.201380430369468,10.393828664230615,33.77994315874949
E01002282,1958.0,103.0,795.0,802.0,20.6,159.0,160.4,10.520939734422882,81.20531154239019,81.92032686414709
E01002283,1699.0,49.0,43.0,150.0,9.8,8.6,30.0,5.768098881695115,5.061801059446734,17.657445556209534
E01002284,2068.0,47.0,97.0,262.0,9.4,19.4,52.4,4.545454545454545,9.381044487427467,25.338491295938105
E01002285,1365.0,20.0,57.0,88.0,4.0,11.4,17.6,2.93040293040293,8.351648351648352,12.893772893772896
E01002286,1618.0,19.0,9.0,41.0,3.8,1.8,8.2,2.3485784919653896,1.1124845488257107,5.067985166872682
E01002287,1597.0,15.0,32.0,90.0,3.0,6.4,18.0,1.878522229179712,4.007514088916719,11.271133375078271
E01002288,1598.0,11.0,16.0,72.0,2.2,3.2,14.4,1.376720901126408,2.002503128911139,9.011264080100126
E01002289,1664.0,40.0,289.0,100.0,8.0,57.8,20.0,4.807692307692308,34.73557692307693,12.01923076923077
E01002290,1492.0,19.0,13.0,72.0,3.8,2.6,14.4,2.546916890080429,1.742627345844504,9.6514745308311
E01002291,1512.0,15.0,75.0,146.0,3.0,15.0,29.2,1.984126984126984,9.920634920634921,19.312169312169313
E01002292,1705.0,23.0,41.0,133.0,4.6,8.2,26.6,2.697947214076246,4.809384164222874,15.60117302052786
E01002294,1540.0,20.0,20.0,121.0,4.0,4.0,24.2,2.5974025974025974,2.5974025974025974,15.714285714285715
E01002295,2002.0,44.0,44.0,168.0,8.8,8.8,33.6,4.395604395604396,4.395604395604396,16.783216783216783
E01002296,1696.0,59.0,33.0,97.0,11.8,6.6,19.4,6.957547169811321,3.891509433962264,11.438679245283017
E01002297,1642.0,52.0,141.0,246.0,10.4,28.2,49.2,6.33373934226553,17.174177831912303,29.963459196102317
E01002298,1605.0,44.0,36.0,134.0,8.8,7.2,26.8,5.482866043613708,4.485981308411215,16.697819314641745
E01002299,1817.0,41.0,49.0,201.0,8.2,9.8,40.2,4.512933406714364,5.393505778756192,22.12438084755091
E01002300,2001.0,36.0,46.0,105.0,7.2,9.2,21.0,3.598200899550225,4.597701149425287,10.494752623688155
E01002301,1637.0,23.0,31.0,92.0,4.6,6.2,18.4,2.810018326206475,3.7874160048869885,11.2400733048259
E01002302,1723.0,29.0,90.0,166.0,5.8,18.0,33.2,3.3662217063261752,10.44689495066744,19.268717353453283
E01002303,2154.0,43.0,43.0,207.0,8.6,8.6,41.4,3.992571959145775,3.992571959145775,19.220055710306408
E01002304,1541.0,40.0,62.0,210.0,8.0,12.4,42.0,5.1914341336794285,8.046722907203115,27.255029201817
E01002305,1714.0,16.0,26.0,153.0,3.2,5.2,30.6,1.866977829638273,3.0338389731621938,17.852975495915985
E01002306,1839.0,25.0,39.0,270.0,5.0,7.8,54.0,2.7188689505165855,4.241435562805873,29.36378466557912
E01002307,1898.0,26.0,27.0,152.0,5.2,5.4,30.4,2.73972602739726,2.8451001053740783,16.016859852476287
E01002308,1855.0,19.0,36.0,211.0,3.8,7.2,42.2,2.048517520215633,3.881401617250674,22.749326145552562
E01002309,1787.0,27.0,44.0,224.0,5.4,8.8,44.8,3.0218242865137106,4.924454392837157,25.069949636261892
E01002310,1875.0,84.0,496.0,388.0,16.8,99.2,77.6,8.96,52.90666666666667,41.38666666666666
E01002311,1894.0,34.0,54.0,237.0,6.8,10.8,47.4,3.590285110876452,5.702217529039071,25.02639915522703
E01002312,1697.0,20.0,56.0,252.0,4.0,11.2,50.4,2.3571007660577488,6.599882144961697,29.699469652327636
E01002313,2260.0,50.0,64.0,277.0,10.0,12.8,55.4,4.424778761061947,5.663716814159292,24.513274336283185
E01002314,1855.0,38.0,54.0,282.0,7.6,10.8,56.4,4.097035040431266,5.822102425876012,30.40431266846361
E01002315,1727.0,26.0,41.0,191.0,5.2,8.2,38.2,3.011001737116387,4.748118123914302,22.11928199189346
E01002316,2074.0,54.0,73.0,458.0,10.8,14.6,91.6,5.207328833172614,7.03953712632594,44.16586306653809
E01002317,1546.0,12.0,21.0,79.0,2.4,4.2,15.8,1.5523932729624839,2.716688227684347,10.219922380336351
E01002318,1656.0,16.0,13.0,89.0,3.2,2.6,17.8,1.9323671497584543,1.5700483091787438,10.748792270531402
E01002319,1861.0,85.0,681.0,324.0,17.0,136.2,64.8,9.134873723804407,73.18645889306823,34.81998925308973
E01002320,1499.0,4.0,24.0,59.0,0.8,4.8,11.8,0.533689126084056,3.202134756504336,7.871914609739827
E01002321,1796.0,30.0,134.0,160.0,6.0,26.8,32.0,3.34075723830735,14.922048997772828,17.817371937639198
E01002322,1931.0,15.0,30.0,103.0,3.0,6.0,20.6,1.5535991714137751,3.1071983428275503,10.668047643707924
E01002323,1725.0,40.0,18.0,98.0,8.0,3.6,19.6,4.63768115942029,2.086956521739131,11.36231884057971
E01002324,1541.0,21.0,25.0,107.0,4.2,5.0,21.4,2.7255029201817003,3.244646333549643,13.887086307592472
E01002325,2144.0,39.0,245.0,246.0,7.8,49.0,49.2,3.638059701492537,22.854477611940297,22.94776119402985
E01002326,1696.0,58.0,732.0,317.0,11.6,146.4,63.4,6.839622641509434,86.32075471698114,37.38207547169811
E01002327,1556.0,13.0,21.0,81.0,2.6,4.2,16.2,1.6709511568123394,2.699228791773779,10.411311053984575
E01002328,1794.0,26.0,41.0,108.0,5.2,8.2,21.6,2.898550724637681,4.570791527313267,12.040133779264215
E01002329,1737.0,32.0,72.0,168.0,6.4,14.4,33.6,3.6845135290731146,8.290155440414507,19.34369602763385
E01002330,1843.0,49.0,251.0,170.0,9.8,50.2,34.0,5.317417254476398,27.238198589256648,18.448182311448726
E01002331,1663.0,21.0,25.0,109.0,4.2,5.0,21.8,2.525556223692123,3.006614552014432,13.108839446782921
E01002332,1754.0,21.0,71.0,135.0,4.2,14.2,27.0,2.394526795895097,8.095781071835802,15.39338654503991
E01002333,1328.0,30.0,46.0,67.0,6.0,9.2,13.4,4.518072289156627,6.927710843373494,10.090361445783133
E01002334,1732.0,39.0,28.0,97.0,7.8,5.6,19.4,4.503464203233256,3.233256351039261,11.200923787528868
E01002335,1480.0,14.0,27.0,154.0,2.8,5.4,30.8,1.8918918918918919,3.6486486486486487,20.81081081081081
E01002336,1634.0,19.0,48.0,135.0,3.8,9.6,27.0,2.3255813953488373,5.875152998776009,16.523867809057528
E01002337,1322.0,49.0,410.0,123.0,9.8,82.0,24.6,7.413010590015129,62.02723146747353,18.608169440242058
E01002338,1410.0,35.0,58.0,163.0,7.0,11.6,32.6,4.964539007092199,8.226950354609928,23.120567375886523
E01002339,1648.0,15.0,29.0,138.0,3.0,5.8,27.6,1.8203883495145632,3.5194174757281553,16.74757281553398
E01002340,1478.0,10.0,38.0,123.0,2.0,7.6,24.6,1.3531799729364007,5.142083897158322,16.64411366711773
E01002341,1478.0,24.0,20.0,87.0,4.8,4.0,17.4,3.247631935047361,2.7063599458728014,11.772665764546684
E01002342,1723.0,33.0,55.0,186.0,6.6,11.0,37.2,3.8305281485780616,6.3842135809634355,21.590249564712714
E01002343,1755.0,19.0,36.0,129.0,3.8,7.2,25.8,2.165242165242165,4.102564102564102,14.700854700854702
E01002344,1968.0,58.0,93.0,265.0,11.6,18.6,53.0,5.89430894308943,9.451219512195124,26.930894308943092
E01002345,1957.0,74.0,479.0,405.0,14.8,95.8,81.0,7.562595809913132,48.95247828308635,41.38988247317322
E01002346,1553.0,40.0,31.0,200.0,8.0,6.2,40.0,5.1513200257566,3.9922730199613654,25.756600128783
E01002347,1504.0,36.0,25.0,122.0,7.2,5.0,24.4,4.787234042553192,3.324468085106383,16.22340425531915
E01002348,1560.0,18.0,23.0,89.0,3.6,4.6,17.8,2.307692307692308,2.9487179487179485,11.41025641025641
E01002349,1545.0,15.0,24.0,128.0,3.0,4.8,25.6,1.941747572815534,3.1067961165048543,16.569579288025892
E01002350,1723.0,77.0,345.0,330.0,15.4,69.0,66.0,8.937899013348812,40.04643064422519,38.30528148578061
E01002351,1768.0,34.0,43.0,123.0,6.8,8.6,24.6,3.846153846153846,4.864253393665159,13.914027149321267
E01002352,1987.0,36.0,58.0,167.0,7.2,11.6,33.4,3.623553095118269,5.8379466532460995,16.80926019124308
E01002353,2045.0,69.0,475.0,720.0,13.8,95.0,144.0,6.748166259168705,46.45476772616137,70.41564792176038
E01002354,1388.0,14.0,31.0,79.0,2.8,6.2,15.8,2.0172910662824206,4.466858789625361,11.38328530259366
E01002355,1492.0,24.0,22.0,63.0,4.8,4.4,12.6,3.2171581769436997,2.9490616621983916,8.445040214477212
E01002356,2110.0,130.0,1438.0,1947.0,26.0,287.6,389.4,12.322274881516588,136.30331753554503,184.54976303317537
E01002358,2109.0,45.0,68.0,248.0,9.0,13.6,49.6,4.2674253200568995,6.4485538169748695,23.518255097202466
E01002359,1313.0,13.0,18.0,48.0,2.6,3.6,9.6,1.9801980198019802,2.7418126428027416,7.311500380807312
E01002360,1484.0,27.0,27.0,131.0,5.4,5.4,26.2,3.6388140161725073,3.6388140161725073,17.654986522911052
E01002361,1981.0,75.0,762.0,513.0,15.0,152.4,102.6,7.571933366986371,76.93084300858152,51.79202423018677
E01002362,1507.0,23.0,47.0,103.0,4.6,9.4,20.6,3.0524220305242205,6.237558062375581,13.669542136695423
E01002363,1480.0,21.0,43.0,121.0,4.2,8.6,24.2,2.8378378378378377,5.8108108108108105,16.35135135135135
E01002364,1355.0,17.0,27.0,43.0,3.4,5.4,8.6,2.5092250922509227,3.9852398523985237,6.346863468634686
E01002365,1343.0,25.0,72.0,148.0,5.0,14.4,29.6,3.7230081906180197,10.722263588979896,22.040208488458674
E01002366,1548.0,11.0,61.0,115.0,2.2,12.2,23.0,1.4211886304909562,7.881136950904392,14.857881136950903
E01002367,1743.0,33.0,119.0,126.0,6.6,23.8,25.2,3.78657487091222,13.654618473895583,14.457831325301205
E01002368,2487.0,117.0,400.0,592.0,23.4,80.0,118.4,9.408926417370326,32.16726980297547,47.6075593084037
E01002369,2045.0,41.0,45.0,205.0,8.2,9.0,41.0,4.009779951100245,4.400977995110024,20.04889975550122
E01002370,2469.0,98.0,168.0,485.0,19.6,33.6,97.0,7.938436614013771,13.608748481166465,39.28716079384366
E01002371,1707.0,39.0,46.0,167.0,7.8,9.2,33.4,4.569420035149385,5.389572349150556,19.566490919742236
E01002372,1695.0,27.0,21.0,90.0,5.4,4.2,18.0,3.185840707964602,2.4778761061946906,10.619469026548673
E01002373,1701.0,40.0,29.0,140.0,8.0,5.8,28.0,4.703115814226925,3.409758965314521,16.46090534979424
E01002374,1732.0,44.0,107.0,202.0,8.8,21.4,40.4,5.080831408775982,12.355658198614318,23.325635103926096
E01002375,1932.0,68.0,55.0,286.0,13.6,11.0,57.2,7.0393374741200825,5.693581780538302,29.606625258799173
E01002376,1455.0,17.0,19.0,36.0,3.4,3.8,7.2,2.336769759450172,2.611683848797251,4.948453608247423
E01002377,1774.0,44.0,77.0,182.0,8.8,15.4,36.4,4.960541149943631,8.680947012401354,20.51860202931229
E01002378,1706.0,16.0,26.0,79.0,3.2,5.2,15.8,1.8757327080890973,3.048065650644783,9.261430246189919
E01002379,1600.0,44.0,163.0,205.0,8.8,32.6,41.0,5.500000000000001,20.375,25.625
E01002380,2286.0,48.0,116.0,227.0,9.6,23.2,45.4,4.199475065616798,10.148731408573928,19.860017497812773
E01002381,1561.0,23.0,15.0,166.0,4.6,3.0,33.2,2.9468289557975655,1.9218449711723256,21.268417680973737
E01002382,1815.0,29.0,34.0,139.0,5.8,6.8,27.8,3.1955922865013773,3.7465564738292008,15.316804407713498
E01002383,1666.0,21.0,35.0,106.0,4.2,7.0,21.2,2.521008403361345,4.201680672268908,12.725090036014405
E01002384,1639.0,21.0,148.0,98.0,4.2,29.6,19.6,2.5625381330079318,18.059792556436854,11.958511287370348
E01002385,1575.0,31.0,141.0,124.0,6.2,28.2,24.8,3.9365079365079367,17.904761904761905,15.746031746031747
E01002386,2057.0,87.0,659.0,263.0,17.4,131.8,52.6,8.458920758385998,64.0738940204181,25.57122022362664
E01002387,1607.0,14.0,60.0,45.0,2.8,12.0,9.0,1.7423771001866832,7.4673304293715,5.6004978220286254
E01002388,1649.0,24.0,9.0,39.0,4.8,1.8,7.8,2.9108550636749544,1.091570648878108,4.730139478471801
E01002389,1593.0,18.0,15.0,52.0,3.6,3.0,10.4,2.2598870056497176,1.8832391713747645,6.52856246076585
E01002390,1488.0,14.0,44.0,35.0,2.8,8.8,7.0,1.8817204301075268,5.913978494623657,4.704301075268817
E01002391,1739.0,43.0,43.0,81.0,8.6,8.6,16.2,4.945370902817712,4.945370902817712,9.315698677400805
E01002392,1760.0,34.0,47.0,281.0,6.8,9.4,56.2,3.8636363636363633,5.340909090909092,31.931818181818187
E01002393,2130.0,37.0,63.0,308.0,7.4,12.6,61.6,3.4741784037558685,5.915492957746479,28.920187793427232
E01002394,1746.0,15.0,37.0,158.0,3.0,7.4,31.6,1.7182130584192439,4.238258877434136,18.09851088201604
E01002395,1386.0,18.0,27.0,100.0,3.6,5.4,20.0,2.5974025974025974,3.8961038961038965,14.43001443001443
E01002396,1834.0,39.0,141.0,256.0,7.8,28.2,51.2,4.252998909487459,15.376226826608505,27.917121046892042
E01002397,1958.0,89.0,439.0,565.0,17.8,87.8,113.0,9.09090909090909,44.84167517875383,57.711950970377934
E01002398,1855.0,26.0,42.0,218.0,5.2,8.4,43.6,2.803234501347709,4.528301886792453,23.504043126684635
E01002399,1677.0,18.0,54.0,136.0,3.6,10.8,27.2,2.146690518783542,6.440071556350627,16.21943947525343
E01002400,1996.0,44.0,62.0,190.0,8.8,12.4,38.0,4.408817635270542,6.212424849699398,19.038076152304612
E01002401,2337.0,57.0,99.0,399.0,11.4,19.8,79.8,4.878048780487805,8.47240051347882,34.14634146341463
E01002402,1638.0,20.0,35.0,244.0,4.0,7.0,48.8,2.442002442002442,4.273504273504274,29.79242979242979
E01002403,2474.0,35.0,64.0,271.0,7.0,12.8,54.2,2.8294260307194823,5.173807599029912,21.90784155214228
E01002404,2025.0,35.0,73.0,232.0,7.0,14.6,46.4,3.4567901234567904,7.209876543209876,22.91358024691358
E01002405,1959.0,46.0,120.0,324.0,9.2,24.0,64.8,4.696273608984176,12.251148545176111,33.078101071975496
E01002408,1651.0,48.0,68.0,304.0,9.6,13.6,60.8,5.814657783161721,8.237431859479104,36.82616596002423
E01002409,2009.0,39.0,55.0,203.0,7.8,11.0,40.6,3.882528621204579,5.47536087605774,20.209059233449477
E01002410,1939.0,44.0,322.0,249.0,8.8,64.4,49.8,4.538421866941723,33.2129963898917,25.683341928829293
E01002411,2129.0,21.0,59.0,259.0,4.2,11.8,51.8,1.972757162987318,5.542508219821513,24.330671676843586
E01002412,2323.0,43.0,367.0,1520.0,8.6,73.4,304.0,3.7021093413689194,31.597072750753338,130.8652604390874
E01002413,1634.0,50.0,291.0,281.0,10.0,58.2,56.2,6.119951040391677,35.618115055079556,34.39412484700122
E01002414,2696.0,60.0,217.0,365.0,12.0,43.4,73.0,4.451038575667656,16.097922848664687,27.077151335311573
E01002415,1714.0,13.0,14.0,84.0,2.6,2.8,16.8,1.5169194865810969,1.6336056009334887,9.801633605600934
E01002416,1744.0,16.0,22.0,81.0,3.2,4.4,16.2,1.834862385321101,2.522935779816514,9.288990825688073
E01002417,1780.0,41.0,88.0,131.0,8.2,17.6,26.2,4.606741573033707,9.887640449438203,14.719101123595506
E01002418,1777.0,19.0,11.0,74.0,3.8,2.2,14.8,2.1384355655599325,1.2380416432189083,8.328643781654474
E01002419,1690.0,25.0,31.0,80.0,5.0,6.2,16.0,2.9585798816568047,3.668639053254438,9.467455621301776
E01002420,1616.0,9.0,23.0,109.0,1.8,4.6,21.8,1.113861386138614,2.8465346534653464,13.49009900990099
E01002421,1703.0,22.0,72.0,156.0,4.4,14.4,31.2,2.5836758661186146,8.455666470933647,18.320610687022903
E01002422,1564.0,42.0,134.0,205.0,8.4,26.8,41.0,5.370843989769821,17.135549872122763,26.214833759590793
E01002423,1819.0,46.0,93.0,267.0,9.2,18.6,53.4,5.057724024189115,10.225398570643211,29.356789444749865
E01002424,1695.0,22.0,32.0,150.0,4.4,6.4,30.0,2.5958702064896757,3.7758112094395284,17.699115044247787
E01002425,1693.0,25.0,52.0,182.0,5.0,10.4,36.4,2.9533372711163612,6.142941523922032,21.50029533372711
E01002426,2053.0,41.0,38.0,203.0,8.2,7.6,40.6,3.994154895275207,3.7018996590355577,19.77593765221627
E01002427,1597.0,18.0,29.0,74.0,3.6,5.8,14.8,2.254226675015654,3.6318096430807763,9.267376330619912
E01002428,1565.0,17.0,23.0,141.0,3.4,4.6,28.2,2.1725239616613417,2.939297124600639,18.01916932907348
E01002429,1573.0,25.0,32.0,149.0,5.0,6.4,29.8,3.178639542275906,4.0686586141131595,18.9446916719644
E01002430,1391.0,37.0,19.0,41.0,7.4,3.8,8.2,5.319913731128684,2.7318475916606757,5.8950395398993525
E01002431,1339.0,11.0,17.0,27.0,2.2,3.4,5.4,1.6430171769977597,2.539208364451083,4.032860343539955
E01002432,1503.0,30.0,420.0,166.0,6.0,84.0,33.2,3.992015968063872,55.88822355289421,22.08915502328676
E01002433,2497.0,60.0,65.0,241.0,12.0,13.0,48.2,4.805766920304365,5.206247496996396,19.303163796555868
E01002434,1329.0,29.0,80.0,57.0,5.8,16.0,11.4,4.36418359668924,12.039127163280662,8.577878103837472
E01002435,1536.0,29.0,12.0,66.0,5.8,2.4,13.2,3.7760416666666665,1.5624999999999998,8.593749999999998
E01002436,1679.0,31.0,139.0,132.0,6.2,27.8,26.4,3.692674210839786,16.557474687313878,15.723645026801666
E01002437,1418.0,31.0,17.0,48.0,6.2,3.4,9.6,4.372355430183357,2.397743300423131,6.770098730606488
E01002438,1441.0,24.0,29.0,133.0,4.8,5.8,26.6,3.331020124913255,4.02498265093685,18.459403192227622
E01002439,1549.0,41.0,129.0,206.0,8.2,25.8,41.2,5.293737895416397,16.655907036797934,26.59780503550678
E01002440,1584.0,30.0,23.0,133.0,6.0,4.6,26.6,3.787878787878788,2.9040404040404035,16.792929292929294
E01002441,1601.0,37.0,31.0,179.0,7.4,6.2,35.8,4.62211118051218,3.8725796377264214,22.36102435977514
E01002442,1625.0,26.0,36.0,154.0,5.2,7.2,30.8,3.2,4.430769230769231,18.953846153846154
E01002443,2041.0,70.0,238.0,364.0,14.0,47.6,72.8,6.859382655560999,23.3219010289074,35.6687898089172
E01002444,1894.0,93.0,5645.0,2457.0,18.6,1129.0,491.4,9.820485744456178,596.0929250263991,259.4508975712777
E01002445,1769.0,50.0,92.0,301.0,10.0,18.4,60.2,5.652911249293386,10.40135669869983,34.03052572074618
E01002446,1965.0,63.0,169.0,452.0,12.6,33.8,90.4,6.412213740458015,17.201017811704833,46.00508905852418
E01002447,2073.0,72.0,442.0,437.0,14.4,88.4,87.4,6.946454413892909,42.64351181862036,42.1611191509889
E01002448,2153.0,80.0,170.0,330.0,16.0,34.0,66.0,7.431490942870414,15.79191825359963,30.654900139340455
E01002449,2146.0,77.0,153.0,367.0,15.4,30.6,73.4,7.1761416589002796,14.259086672879777,34.20316868592731
E01002450,1500.0,17.0,31.0,101.0,3.4,6.2,20.2,2.2666666666666666,4.133333333333334,13.466666666666667
E01002451,1504.0,17.0,27.0,84.0,3.4,5.4,16.8,2.2606382978723403,3.590425531914894,11.170212765957448
E01002452,1538.0,27.0,123.0,153.0,5.4,24.6,30.6,3.5110533159947988,15.99479843953186,19.89596879063719
E01002453,1784.0,19.0,19.0,111.0,3.8,3.8,22.2,2.130044843049327,2.130044843049327,12.443946188340808
E01002454,1920.0,22.0,59.0,244.0,4.4,11.8,48.8,2.2916666666666665,6.145833333333334,25.416666666666664
E01002455,1982.0,30.0,58.0,181.0,6.0,11.6,36.2,3.0272452068617555,5.852674066599394,18.264379414732595
E01002456,1736.0,20.0,300.0,253.0,4.0,60.0,50.6,2.304147465437788,34.562211981566826,29.147465437788018
E01002457,1608.0,20.0,55.0,229.0,4.0,11.0,45.8,2.487562189054726,6.840796019900497,28.482587064676615
E01002458,1437.0,17.0,22.0,43.0,3.4,4.4,8.6,2.3660403618649966,3.061934585942937,5.984690327070285
E01002459,1669.0,9.0,19.0,41.0,1.8,3.8,8.2,1.0784901138406233,2.2768124625524266,4.913121629718394
E01002460,1422.0,27.0,153.0,145.0,5.4,30.6,29.0,3.79746835443038,21.518987341772153,20.393811533052038
E01002461,1512.0,51.0,29.0,113.0,10.2,5.8,22.6,6.746031746031745,3.835978835978836,14.947089947089948
E01002462,1498.0,11.0,12.0,56.0,2.2,2.4,11.2,1.4686248331108145,1.6021361815754338,7.476635514018691
E01002463,1489.0,22.0,22.0,70.0,4.4,4.4,14.0,2.9550033579583617,2.9550033579583617,9.402283411685696
E01002464,1617.0,14.0,15.0,56.0,2.8,3.0,11.2,1.7316017316017316,1.8552875695732838,6.926406926406926
E01002465,1714.0,15.0,40.0,103.0,3.0,8.0,20.6,1.750291715285881,4.667444574095682,12.018669778296383
E01002466,1724.0,16.0,14.0,92.0,3.2,2.8,18.4,1.8561484918793503,1.6241299303944314,10.672853828306263
E01002467,1604.0,10.0,23.0,73.0,2.0,4.6,14.6,1.2468827930174564,2.8678304239401493,9.102244389027431
E01002468,1714.0,13.0,31.0,55.0,2.6,6.2,11.0,1.5169194865810969,3.617269544924154,6.417736289381563
E01002469,1656.0,24.0,18.0,70.0,4.8,3.6,14.0,2.898550724637681,2.1739130434782608,8.454106280193237
E01002470,1834.0,56.0,179.0,253.0,11.2,35.8,50.6,6.106870229007633,19.52017448200654,27.58996728462377
E01002471,1632.0,14.0,20.0,78.0,2.8,4.0,15.6,1.7156862745098038,2.450980392156863,9.558823529411764
E01002472,1673.0,76.0,574.0,165.0,15.2,114.8,33.0,9.085475194261805,68.61924686192468,19.72504482964734
E01002473,1682.0,46.0,75.0,131.0,9.2,15.0,26.2,5.469678953626635,8.9179548156956,15.576694411414982
E01002474,1741.0,36.0,35.0,91.0,7.2,7.0,18.2,4.135554279149914,4.02067777139575,10.453762205628948
E01002475,1633.0,49.0,49.0,153.0,9.8,9.8,30.6,6.001224739742805,6.001224739742805,18.738518064911208
E01002476,1630.0,26.0,27.0,55.0,5.2,5.4,11.0,3.1901840490797544,3.3128834355828225,6.748466257668712
E01002477,1354.0,37.0,33.0,80.0,7.4,6.6,16.0,5.465288035450517,4.874446085672083,11.816838995568686
E01002478,1599.0,33.0,57.0,97.0,6.6,11.4,19.4,4.127579737335835,7.129455909943715,12.13258286429018
E01002479,1843.0,28.0,39.0,205.0,5.6,7.8,41.0,3.0385241454150838,4.232230059685296,22.24633749321758
E01002480,1859.0,29.0,15.0,34.0,5.8,3.0,6.8,3.119956966110812,1.6137708445400754,3.657880580957504
E01002481,1642.0,56.0,48.0,157.0,11.2,9.6,31.4,6.82095006090134,5.8465286236297205,19.12302070645554
E01002482,1661.0,45.0,16.0,81.0,9.0,3.2,16.2,5.418422636965683,1.926550270921132,9.75316074653823
E01002483,1945.0,57.0,213.0,246.0,11.4,42.6,49.2,5.861182519280206,21.902313624678662,25.295629820051417
E01002484,1428.0,44.0,23.0,135.0,8.8,4.6,27.0,6.162464985994398,3.221288515406162,18.907563025210084
E01002485,2031.0,59.0,223.0,228.0,11.8,44.6,45.6,5.809945839487937,21.959625800098472,22.451994091580502
E01002486,2245.0,53.0,126.0,307.0,10.6,25.2,61.4,4.721603563474387,11.224944320712694,27.349665924276167
E01002487,1922.0,26.0,53.0,200.0,5.2,10.6,40.0,2.705515088449532,5.515088449531738,20.81165452653486
E01002488,1767.0,39.0,43.0,216.0,7.8,8.6,43.2,4.4142614601018675,4.86700622524052,24.448217317487266
E01002489,1934.0,64.0,377.0,340.0,12.8,75.4,68.0,6.618407445708377,38.986556359875905,35.16028955532575
E01002490,2138.0,66.0,93.0,342.0,13.2,18.6,68.4,6.173994387277829,8.699719363891488,31.992516370439663
E01002491,1722.0,44.0,32.0,219.0,8.8,6.4,43.8,5.110336817653891,3.7166085946573753,25.435540069686407
E01002492,1702.0,31.0,56.0,199.0,6.2,11.2,39.8,3.6427732079905994,6.5804935370152755,23.384253819036427
E01002493,2000.0,38.0,38.0,283.0,7.6,7.6,56.6,3.8,3.8,28.3
E01002494,1800.0,24.0,52.0,141.0,4.8,10.4,28.2,2.6666666666666665,5.777777777777779,15.666666666666666
E01002495,1880.0,31.0,58.0,147.0,6.2,11.6,29.4,3.2978723404255317,6.170212765957446,15.638297872340425
E01002496,1960.0,64.0,442.0,270.0,12.8,88.4,54.0,6.530612244897959,45.10204081632653,27.551020408163264
E01002497,2481.0,87.0,793.0,425.0,17.4,158.6,85.0,7.013301088270858,63.92583635630794,34.26037887948408
E01002498,1414.0,17.0,32.0,88.0,3.4,6.4,17.6,2.4045261669024045,4.526166902404527,12.446958981612449
E01002499,2056.0,28.0,82.0,137.0,5.6,16.4,27.4,2.723735408560311,7.976653696498054,13.326848249027236
E01002501,1742.0,32.0,39.0,140.0,6.4,7.8,28.0,3.6739380022962114,4.477611940298508,16.073478760045923
E01002502,2007.0,32.0,39.0,195.0,6.4,7.8,39.0,3.1888390632785253,3.8863976083707024,19.43198804185351
E01002503,1931.0,44.0,207.0,299.0,8.8,41.4,59.8,4.557224236147074,21.4396685655101,30.968410150181253
E01002505,1783.0,49.0,1516.0,494.0,9.8,303.2,98.8,5.496354458777342,170.05047672462143,55.4122265844083
E01002506,2076.0,121.0,936.0,725.0,24.2,187.2,145.0,11.657032755298651,90.17341040462428,69.84585741811175
E01002507,1971.0,51.0,173.0,270.0,10.2,34.6,54.0,5.17503805175038,17.554540842212074,27.397260273972602
E01002508,2188.0,69.0,113.0,264.0,13.8,22.6,52.8,6.307129798903109,10.3290676416819,24.13162705667276
E01002509,1492.0,33.0,15.0,52.0,6.6,3.0,10.4,4.423592493297587,2.0107238605898123,6.970509383378016
E01002511,1625.0,33.0,62.0,151.0,6.6,12.4,30.2,4.061538461538461,7.630769230769231,18.584615384615383
E01002512,2057.0,24.0,153.0,210.0,4.8,30.6,42.0,2.333495381623724,14.87603305785124,20.418084589207584
E01002513,1438.0,17.0,47.0,112.0,3.4,9.4,22.4,2.364394993045897,6.536856745479833,15.577190542420027
E01002514,1960.0,72.0,711.0,688.0,14.4,142.2,137.6,7.346938775510204,72.55102040816327,70.20408163265306
E01002516,1467.0,17.0,29.0,71.0,3.4,5.8,14.2,2.3176550783912746,3.953646898432174,9.679618268575323
E01002518,1319.0,29.0,69.0,186.0,5.8,13.8,37.2,4.397270659590599,10.462471569370736,28.203184230477635
E01002519,1981.0,36.0,84.0,209.0,7.2,16.8,41.8,3.634528016153458,8.480565371024737,21.10045431600202
E01002520,2036.0,64.0,131.0,347.0,12.8,26.2,69.4,6.286836935166995,12.86836935166994,34.086444007858546
E01002521,2056.0,165.0,1734.0,1003.0,33.0,346.8,200.6,16.05058365758755,168.67704280155644,97.56809338521401
E01002523,1557.0,26.0,59.0,197.0,5.2,11.8,39.4,3.3397559409120103,7.578676942838793,25.305073859987154
E01002525,1802.0,41.0,78.0,166.0,8.2,15.6,33.2,4.550499445061043,8.657047724750276,18.423973362930077
E01002526,2963.0,73.0,263.0,401.0,14.6,52.6,80.2,4.9274384070199115,17.752278096523792,27.067161660479243
E01002527,1603.0,25.0,43.0,216.0,5.0,8.6,43.2,3.1191515907673115,5.364940736119775,26.94946974422957
E01002528,1888.0,37.0,67.0,341.0,7.4,13.4,68.2,3.919491525423729,7.0974576271186445,36.1228813559322
E01002529,2534.0,70.0,362.0,389.0,14.0,72.4,77.8,5.524861878453039,28.571428571428573,30.70244672454617
E01002530,1788.0,39.0,88.0,294.0,7.8,17.6,58.8,4.36241610738255,9.843400447427294,32.88590604026845
E01002531,1682.0,29.0,44.0,184.0,5.8,8.8,36.8,3.4482758620689653,5.231866825208086,21.87871581450654
E01002533,1457.0,20.0,18.0,132.0,4.0,3.6,26.4,2.7453671928620453,2.4708304735758406,18.119423472889498
E01002534,1523.0,22.0,16.0,68.0,4.4,3.2,13.6,2.8890347997373604,2.101116217990808,8.929743926460933
E01002535,2188.0,71.0,531.0,305.0,14.2,106.2,61.0,6.489945155393053,48.53747714808044,27.879341864716636
E01002536,1330.0,31.0,31.0,68.0,6.2,6.2,13.6,4.661654135338346,4.661654135338346,10.225563909774436
E01002537,2483.0,31.0,107.0,136.0,6.2,21.4,27.2,2.4969794603302455,8.618606524365685,10.954490535642368
E01002538,1688.0,28.0,187.0,220.0,5.6,37.4,44.0,3.3175355450236967,22.156398104265403,26.066350710900473
E01002539,1709.0,13.0,17.0,74.0,2.6,3.4,14.8,1.521357519016969,1.989467524868344,8.66003510825044
E01002540,1825.0,29.0,706.0,281.0,5.8,141.2,56.2,3.1780821917808217,77.36986301369862,30.794520547945204
E01002541,2005.0,28.0,79.0,200.0,5.6,15.8,40.0,2.793017456359102,7.880299251870325,19.950124688279303
E01002542,2120.0,58.0,142.0,345.0,11.6,28.4,69.0,5.471698113207547,13.39622641509434,32.54716981132076
E01002543,1923.0,35.0,45.0,273.0,7.0,9.0,54.6,3.640145605824233,4.6801872074882995,28.39313572542902
E01002544,1694.0,12.0,310.0,156.0,2.4,62.0,31.2,1.4167650531286893,36.599763872491145,18.417945690672962
E01002545,1494.0,19.0,102.0,257.0,3.8,20.4,51.4,2.5435073627844713,13.654618473895582,34.404283801874165
E01002546,1736.0,35.0,37.0,135.0,7.0,7.4,27.0,4.032258064516129,4.262672811059908,15.55299539170507
E01002547,1716.0,63.0,64.0,208.0,12.6,12.8,41.6,7.3426573426573425,7.459207459207459,24.242424242424242
E01002548,2120.0,55.0,86.0,272.0,11.0,17.2,54.4,5.188679245283018,8.11320754716981,25.660377358490564
E01002549,1870.0,35.0,68.0,207.0,7.0,13.6,41.4,3.7433155080213902,7.2727272727272725,22.139037433155078
E01002550,1845.0,21.0,35.0,203.0,4.2,7.0,40.6,2.2764227642276422,3.794037940379404,22.005420054200542
E01002551,2136.0,23.0,51.0,273.0,4.6,10.2,54.6,2.1535580524344566,4.775280898876405,25.56179775280899
E01002552,1747.0,44.0,52.0,265.0,8.8,10.4,53.0,5.037206639954207,5.953062392673154,30.33772180881511
E01002553,1759.0,24.0,53.0,258.0,4.8,10.6,51.6,2.7288231949971573,6.02615122228539,29.334849346219446
E01002555,2068.0,52.0,79.0,247.0,10.4,15.8,49.4,5.029013539651838,7.640232108317215,23.887814313346226
E01002556,1855.0,42.0,43.0,150.0,8.4,8.6,30.0,4.528301886792453,4.636118598382749,16.172506738544474
E01002557,2077.0,73.0,92.0,292.0,14.6,18.4,58.4,7.029369282619162,8.85893115069812,28.117477130476647
E01002558,2198.0,44.0,142.0,396.0,8.8,28.4,79.2,4.003639672429482,12.920837124658782,36.03275705186533
E01002559,2576.0,53.0,124.0,419.0,10.6,24.8,83.8,4.114906832298137,9.627329192546583,32.53105590062111
E01002560,2011.0,44.0,83.0,307.0,8.8,16.6,61.4,4.375932371954252,8.254599701640975,30.532073595226255
E01002561,1714.0,22.0,28.0,188.0,4.4,5.6,37.6,2.567094515752626,3.2672112018669774,21.93698949824971
E01002562,1484.0,52.0,275.0,263.0,10.4,55.0,52.6,7.008086253369273,37.06199460916442,35.44474393530998
E01002563,1910.0,43.0,92.0,172.0,8.6,18.4,34.4,4.502617801047121,9.633507853403142,18.010471204188484
E01002564,1895.0,39.0,195.0,279.0,7.8,39.0,55.8,4.116094986807387,20.58047493403694,29.445910290237464
E01002565,2506.0,97.0,326.0,387.0,19.4,65.2,77.4,7.7414205905826,26.017557861133284,30.88587390263368
E01002567,1826.0,30.0,72.0,183.0,6.0,14.4,36.6,3.2858707557502735,7.886089813800658,20.04381161007667
E01002569,2120.0,54.0,124.0,183.0,10.8,24.8,36.6,5.09433962264151,11.69811320754717,17.264150943396228
E01002570,1620.0,87.0,381.0,227.0,17.4,76.2,45.4,10.74074074074074,47.03703703703704,28.02469135802469
E01002571,1283.0,49.0,39.0,49.0,9.8,7.8,9.8,7.6383476227591585,6.07950116913484,7.6383476227591585
E01002572,1545.0,90.0,209.0,210.0,18.0,41.8,42.0,11.650485436893204,27.05501618122977,27.184466019417474
E01002573,1548.0,38.0,196.0,126.0,7.6,39.2,25.2,4.909560723514211,25.322997416020673,16.27906976744186
E01002574,1733.0,34.0,133.0,113.0,6.8,26.6,22.6,3.9238315060588573,15.349105597230238,13.040969417195615
E01002575,1619.0,67.0,92.0,84.0,13.4,18.4,16.8,8.276714021000616,11.365040148239654,10.376775787523162
E01002576,1682.0,40.0,49.0,194.0,8.0,9.8,38.8,4.756242568370986,5.826397146254459,23.067776456599283
E01002577,1662.0,42.0,75.0,99.0,8.4,15.0,19.8,5.054151624548736,9.025270758122744,11.913357400722022
E01002578,1548.0,65.0,230.0,188.0,13.0,46.0,37.6,8.397932816537468,29.715762273901806,24.289405684754524
E01002579,1726.0,66.0,85.0,124.0,13.2,17.0,24.8,7.647740440324449,9.849362688296639,14.36848203939745
E01002580,1451.0,49.0,102.0,160.0,9.8,20.4,32.0,6.753962784286699,14.059269469331495,22.053756030323914
E01002581,1881.0,45.0,92.0,126.0,9.0,18.4,25.2,4.784688995215311,9.782030834662413,13.397129186602871
E01002582,1662.0,30.0,54.0,94.0,6.0,10.8,18.8,3.6101083032490977,6.498194945848375,11.311672683513839
E01002583,1809.0,32.0,68.0,216.0,6.4,13.6,43.2,3.537866224433389,7.51796572692095,23.880597014925375
E01002584,2125.0,49.0,212.0,390.0,9.8,42.4,78.0,4.611764705882353,19.952941176470585,36.70588235294118
E01002585,1831.0,25.0,57.0,198.0,5.0,11.4,39.6,2.7307482250136537,6.226105953031131,21.62752594210814
E01002586,1837.0,28.0,34.0,187.0,5.6,6.8,37.4,3.048448557430593,3.701687534022863,20.35928143712575
E01002587,2386.0,48.0,125.0,342.0,9.6,25.0,68.4,4.0234702430846605,10.477787091366304,28.667225481978207
E01002588,2026.0,44.0,74.0,355.0,8.8,14.8,71.0,4.343534057255677,7.305034550839093,35.04442250740375
E01002589,2507.0,81.0,157.0,425.0,16.2,31.4,85.0,6.461906661348224,12.524930195452733,33.90506581571599
E01002590,2666.0,62.0,134.0,501.0,12.4,26.8,100.2,4.651162790697675,10.052513128282072,37.58439609902476
E01002591,1906.0,49.0,37.0,216.0,9.8,7.4,43.2,5.141657922350473,3.882476390346275,22.66526757607555
E01002592,2151.0,82.0,533.0,436.0,16.4,106.6,87.2,7.624360762436075,49.55834495583449,40.539284053928405
E01002593,2263.0,65.0,207.0,556.0,13.0,41.4,111.2,5.744586831639417,18.294299602297833,49.13831197525409
E01002594,2311.0,71.0,106.0,306.0,14.2,21.2,61.2,6.144526179143228,9.173517957594115,26.4820424058849
E01002595,2259.0,49.0,71.0,332.0,9.8,14.2,66.4,4.338202744577247,6.28596724214254,29.393536963258082
E01002596,2143.0,19.0,59.0,702.0,3.8,11.8,140.4,1.773215118992067,5.506299580027999,65.51563229118058
E01002598,1927.0,78.0,675.0,367.0,15.6,135.0,73.4,8.09548521017125,70.05708354955891,38.09029579657499
E01002599,1579.0,27.0,31.0,205.0,5.4,6.2,41.0,3.4198860037998737,3.9265357821405953,25.965801139962
E01002600,1655.0,27.0,33.0,161.0,5.4,6.6,32.2,3.262839879154079,3.987915407854985,19.456193353474323
E01002601,1875.0,33.0,68.0,233.0,6.6,13.6,46.6,3.5199999999999996,7.253333333333333,24.853333333333335
E01002602,1494.0,32.0,28.0,160.0,6.4,5.6,32.0,4.28380187416332,3.748326639892905,21.4190093708166
E01002603,1947.0,25.0,39.0,248.0,5.0,7.8,49.6,2.5680534155110424,4.006163328197227,25.475089881869543
E01002604,1638.0,22.0,49.0,317.0,4.4,9.8,63.4,2.6862026862026864,5.982905982905983,38.70573870573871
E01002605,2354.0,58.0,107.0,309.0,11.6,21.4,61.8,4.927782497875956,9.09090909090909,26.253186066270178
E01002606,1689.0,45.0,66.0,239.0,9.0,13.2,47.8,5.328596802841918,7.815275310834813,28.300769686204852
E01002607,2447.0,43.0,177.0,343.0,8.6,35.4,68.6,3.514507560277891,14.466693910911319,28.034327748263177
E01002608,1898.0,58.0,219.0,394.0,11.6,43.8,78.8,6.111696522655427,23.076923076923073,41.51738672286617
E01002609,1821.0,41.0,37.0,176.0,8.2,7.4,35.2,4.503020318506315,4.063701263042285,19.330038440417358
E01002610,1762.0,51.0,60.0,245.0,10.2,12.0,49.0,5.7888762769580016,6.81044267877412,27.809307604994324
E01002611,2025.0,37.0,85.0,382.0,7.4,17.0,76.4,3.6543209876543212,8.395061728395062,37.7283950617284
E01002612,2104.0,46.0,243.0,585.0,9.2,48.6,117.0,4.3726235741444865,23.09885931558935,55.6083650190114
E01002613,1926.0,30.0,32.0,201.0,6.0,6.4,40.2,3.115264797507788,3.322949117341641,20.87227414330218
E01002614,2122.0,67.0,160.0,308.0,13.4,32.0,61.6,6.314797360980207,15.080113100848257,29.029217719132895
E01002615,1624.0,71.0,192.0,383.0,14.2,38.4,76.6,8.74384236453202,23.645320197044335,47.16748768472906
E01002616,1624.0,54.0,58.0,159.0,10.8,11.6,31.8,6.650246305418719,7.142857142857142,19.581280788177338
E01002617,1634.0,35.0,40.0,109.0,7.0,8.0,21.8,4.283965728274174,4.8959608323133414,13.341493268053856
E01002618,2060.0,48.0,156.0,173.0,9.6,31.2,34.6,4.660194174757281,15.145631067961164,16.79611650485437
E01002619,2091.0,47.0,64.0,200.0,9.4,12.8,40.0,4.495456719273076,6.121472979435677,19.12960306073649
E01002620,2753.0,87.0,178.0,470.0,17.4,35.6,94.0,6.320377769705775,12.931347620777336,34.144569560479475
E01002621,2007.0,43.0,79.0,257.0,8.6,15.8,51.4,4.285002491280518,7.872446437468859,25.610363726955654
E01002622,1920.0,33.0,101.0,183.0,6.6,20.2,36.6,3.4375,10.520833333333334,19.0625
E01002623,1925.0,42.0,69.0,292.0,8.4,13.8,58.4,4.363636363636364,7.168831168831169,30.337662337662337
E01002624,1776.0,45.0,211.0,348.0,9.0,42.2,69.6,5.0675675675675675,23.76126126126126,39.189189189189186
E01002625,1712.0,27.0,38.0,156.0,5.4,7.6,31.2,3.154205607476636,4.439252336448598,18.22429906542056
E01002626,1623.0,44.0,227.0,202.0,8.8,45.4,40.4,5.422057917436846,27.972889710412815,24.892174984596426
E01002627,1791.0,34.0,47.0,216.0,6.8,9.4,43.2,3.796761585706309,5.248464544946957,24.12060301507538
E01002628,2169.0,66.0,91.0,268.0,13.2,18.2,53.6,6.085753803596127,8.39096357768557,24.711848778238817
E01002629,2680.0,73.0,119.0,297.0,14.6,23.8,59.4,5.447761194029851,8.880597014925375,22.16417910447761
E01002630,2070.0,36.0,520.0,311.0,7.2,104.0,62.2,3.4782608695652177,50.2415458937198,30.048309178743963
E01002631,1837.0,31.0,97.0,208.0,6.2,19.4,41.6,3.3750680457267284,10.560696788241698,22.645617855198694
E01002632,1918.0,34.0,152.0,292.0,6.8,30.4,58.4,3.5453597497393115,15.849843587069865,30.448383733055266
E01002633,2229.0,66.0,227.0,370.0,13.2,45.4,74.0,5.921938088829071,20.367877972184836,33.198743831314495
E01002634,1767.0,32.0,77.0,270.0,6.4,15.4,54.0,3.6219581211092247,8.715336728919072,30.560271646859082
E01002635,2001.0,42.0,145.0,215.0,8.4,29.0,43.0,4.197901049475263,14.492753623188406,21.489255372313842
E01002636,2122.0,23.0,44.0,212.0,4.6,8.8,42.4,2.1677662582469366,4.147031102733271,19.98114985862394
E01002637,1909.0,84.0,941.0,419.0,16.8,188.2,83.8,8.800419067574648,98.58564693556836,43.897328444211624
E01002638,2212.0,57.0,162.0,296.0,11.4,32.4,59.2,5.15370705244123,14.64737793851718,26.76311030741411
E01002639,1782.0,44.0,44.0,205.0,8.8,8.8,41.0,4.938271604938272,4.938271604938272,23.007856341189672
E01002640,2255.0,33.0,91.0,248.0,6.6,18.2,49.6,2.926829268292683,8.070953436807095,21.995565410199557
E01002641,2691.0,78.0,410.0,558.0,15.6,82.0,111.6,5.797101449275362,30.471943515421778,41.47157190635451
E01002643,2733.0,102.0,174.0,358.0,20.4,34.8,71.6,7.464324917672886,12.733260153677277,26.19831686791072
E01002645,2258.0,49.0,128.0,367.0,9.8,25.6,73.4,4.340124003542958,11.33746678476528,32.5066430469442
E01002646,2324.0,45.0,95.0,322.0,9.0,19.0,64.4,3.87263339070568,8.175559380378658,27.71084337349398
E01002647,2216.0,39.0,50.0,254.0,7.8,10.0,50.8,3.51985559566787,4.512635379061372,22.924187725631768
E01002649,2053.0,68.0,140.0,393.0,13.6,28.0,78.6,6.624452021432051,13.638577691183633,38.28543594739405
E01002650,2525.0,52.0,270.0,402.0,10.4,54.0,80.4,4.118811881188119,21.386138613861387,31.84158415841584
E01002651,1909.0,35.0,63.0,218.0,7.0,12.6,43.6,3.666841278156103,6.600314300680985,22.83918281822944
E01002652,1918.0,32.0,207.0,307.0,6.4,41.4,61.4,3.336809176225235,21.584984358706986,32.012513034410844
E01002653,1899.0,18.0,31.0,133.0,3.6,6.2,26.6,1.8957345971563981,3.2648762506582414,14.007372301211165
E01002654,1912.0,15.0,19.0,135.0,3.0,3.8,27.0,1.5690376569037656,1.9874476987447698,14.121338912133892
E01002655,1868.0,28.0,47.0,140.0,5.6,9.4,28.0,2.997858672376873,5.032119914346895,14.98929336188437
E01002656,1418.0,19.0,15.0,121.0,3.8,3.0,24.2,2.6798307475317347,2.1156558533145278,17.066290550070523
E01002657,1931.0,26.0,52.0,152.0,5.2,10.4,30.4,2.6929052304505436,5.385810460901087,15.743138270326254
E01002658,1348.0,18.0,29.0,97.0,3.6,5.8,19.4,2.6706231454005933,4.3026706231454,14.391691394658753
E01002659,1459.0,12.0,33.0,122.0,2.4,6.6,24.4,1.644962302947224,4.523646333104866,16.72378341329678
E01002660,2088.0,33.0,89.0,237.0,6.6,17.8,47.4,3.160919540229885,8.524904214559388,22.701149425287355
E01002661,2375.0,66.0,226.0,405.0,13.2,45.2,81.0,5.557894736842105,19.031578947368423,34.10526315789473
E01002662,2508.0,61.0,162.0,416.0,12.2,32.4,83.2,4.8644338118022326,12.91866028708134,33.17384370015949
E01002663,2160.0,31.0,63.0,202.0,6.2,12.6,40.4,2.8703703703703702,5.833333333333334,18.703703703703702
E01002665,1743.0,30.0,74.0,230.0,6.0,14.8,46.0,3.442340791738382,8.49110728628801,26.391279403327598
E01002666,1862.0,37.0,61.0,210.0,7.4,12.2,42.0,3.9742212674543502,6.552094522019334,22.55639097744361
E01002667,2193.0,54.0,111.0,256.0,10.8,22.2,51.2,4.924760601915184,10.12311901504788,23.34701322389421
E01002668,2284.0,37.0,118.0,291.0,7.4,23.6,58.2,3.2399299474605954,10.33274956217163,25.481611208406306
E01002669,1910.0,27.0,62.0,255.0,5.4,12.4,51.0,2.827225130890053,6.492146596858639,26.701570680628272
E01002670,1950.0,41.0,81.0,147.0,8.2,16.2,29.4,4.205128205128205,8.307692307692308,15.076923076923077
E01002671,1847.0,32.0,29.0,114.0,6.4,5.8,22.8,3.4650785056848945,3.140227395776935,12.344342176502437
E01002672,1589.0,30.0,339.0,193.0,6.0,67.8,38.6,3.775959723096287,42.668344870988044,24.292007551919447
E01002673,1658.0,14.0,41.0,236.0,2.8,8.2,47.2,1.6887816646562122,4.945717732207478,28.468033775633295
E01002674,2088.0,37.0,25.0,140.0,7.4,5.0,28.0,3.5440613026819925,2.3946360153256703,13.409961685823756
E01002675,2572.0,22.0,48.0,201.0,4.4,9.6,40.2,1.7107309486780715,3.7325038880248833,15.6298600311042
E01002676,1649.0,45.0,65.0,148.0,9.0,13.0,29.6,5.457853244390539,7.883565797453001,17.950272892662223
E01002677,2074.0,78.0,197.0,278.0,15.6,39.4,55.6,7.521697203471552,18.997107039537127,26.808100289296046
E01002678,2052.0,95.0,750.0,384.0,19.0,150.0,76.8,9.25925925925926,73.09941520467837,37.42690058479532
E01002679,1856.0,62.0,120.0,219.0,12.4,24.0,43.8,6.681034482758621,12.931034482758621,23.59913793103448
E01002680,2078.0,48.0,77.0,241.0,9.6,15.4,48.2,4.619826756496631,7.410972088546679,23.195380173243503
E01002681,2435.0,59.0,293.0,1344.0,11.8,58.6,268.8,4.84599589322382,24.06570841889117,110.39014373716633
E01002682,2337.0,42.0,100.0,278.0,8.4,20.0,55.6,3.594351732991014,8.557980316645272,23.791185280273854
E01002686,1775.0,52.0,201.0,363.0,10.4,40.2,72.6,5.859154929577465,22.647887323943664,40.901408450704224
E01002687,1673.0,59.0,105.0,73.0,11.8,21.0,14.6,7.053197848176928,12.552301255230125,8.726838015540944
E01002689,1559.0,53.0,66.0,144.0,10.6,13.2,28.8,6.799230275817832,8.46696600384862,18.473380372033358
E01002690,1379.0,40.0,56.0,103.0,8.0,11.2,20.6,5.8013052936910805,8.121827411167512,14.938361131254535
E01002691,1629.0,55.0,215.0,169.0,11.0,43.0,33.8,6.7526089625537145,26.396562308164516,20.748925721301408
E01002692,2105.0,78.0,272.0,262.0,15.6,54.4,52.4,7.410926365795724,25.843230403800472,24.893111638954867
E01002693,1790.0,99.0,674.0,275.0,19.8,134.8,55.0,11.061452513966481,75.3072625698324,30.726256983240223
E01002694,1665.0,23.0,71.0,200.0,4.6,14.2,40.0,2.7627627627627622,8.528528528528529,24.024024024024023
E01002695,1476.0,84.0,540.0,605.0,16.8,108.0,121.0,11.382113821138212,73.17073170731707,81.97831978319783
E01002696,1747.0,91.0,1763.0,601.0,18.2,352.6,120.2,10.417859187178019,201.8317115054379,68.80366342301087
E01002697,1966.0,68.0,232.0,258.0,13.6,46.4,51.6,6.917599186164802,23.601220752797555,26.246185147507628
E01002698,2040.0,57.0,181.0,183.0,11.4,36.2,36.6,5.588235294117648,17.745098039215687,17.941176470588236
E01002699,1485.0,44.0,91.0,134.0,8.8,18.2,26.8,5.9259259259259265,12.255892255892256,18.04713804713805
E01002700,1376.0,37.0,130.0,93.0,7.4,26.0,18.6,5.377906976744186,18.8953488372093,13.517441860465118
E01002701,1470.0,80.0,1201.0,297.0,16.0,240.2,59.4,10.884353741496598,163.40136054421765,40.40816326530612
E01002702,2468.0,129.0,451.0,551.0,25.8,90.2,110.2,10.453808752025934,36.547811993517016,44.6515397082658
E01002703,2341.0,104.0,253.0,318.0,20.8,50.6,63.6,8.88509184109355,21.614694574967963,27.16787697565143
E01002704,2356.0,282.0,3282.0,884.0,56.4,656.4,176.8,23.93887945670628,278.6078098471986,75.04244482173175
E01002706,2038.0,86.0,475.0,237.0,17.2,95.0,47.4,8.439646712463198,46.61432777232581,23.25809617271835
E01002707,1821.0,94.0,465.0,273.0,18.8,93.0,54.6,10.323997803404723,51.07084019769358,29.9835255354201
E01002708,2115.0,92.0,295.0,331.0,18.4,59.0,66.2,8.699763593380615,27.89598108747045,31.300236406619387
E01002709,1687.0,24.0,86.0,200.0,4.8,17.2,40.0,2.845287492590397,10.19561351511559,23.710729104919974
E01002710,1599.0,27.0,268.0,271.0,5.4,53.6,54.2,3.3771106941838656,33.52095059412133,33.896185115697314
E01002711,2029.0,130.0,1770.0,565.0,26.0,354.0,113.0,12.814194184327254,174.4701823558403,55.692459339576146
E01002712,1378.0,37.0,172.0,602.0,7.4,34.4,120.4,5.370101596516691,24.963715529753262,87.37300435413643
E01002713,2812.0,54.0,185.0,575.0,10.8,37.0,115.0,3.8406827880512098,13.157894736842104,40.896159317211946
E01002714,1539.0,53.0,215.0,187.0,10.6,43.0,37.4,6.887589343729695,27.94022092267706,24.301494476933073
E01002715,1685.0,22.0,247.0,275.0,4.4,49.4,55.0,2.611275964391692,29.317507418397625,32.640949554896146
E01002716,2260.0,70.0,229.0,300.0,14.0,45.8,60.0,6.1946902654867255,20.265486725663717,26.548672566371682
E01002717,1207.0,52.0,67.0,103.0,10.4,13.4,20.6,8.616404308202155,11.101905550952775,17.06710853355427
E01002718,1577.0,43.0,180.0,105.0,8.6,36.0,21.0,5.453392517438173,22.8281547241598,13.316423589093214
E01002719,1491.0,87.0,247.0,131.0,17.4,49.4,26.2,11.670020120724345,33.132126089872564,17.572099262240105
E01002720,2123.0,79.0,256.0,348.0,15.8,51.2,69.6,7.442298634008479,24.11681582666039,32.783796514366465
E01002721,1635.0,37.0,158.0,191.0,7.4,31.6,38.2,4.525993883792049,19.327217125382266,23.363914373088686
E01002722,1444.0,77.0,90.0,259.0,15.4,18.0,51.8,10.664819944598337,12.465373961218837,35.87257617728532
E01002723,1640.0,47.0,340.0,289.0,9.4,68.0,57.8,5.7317073170731705,41.463414634146346,35.24390243902439
E01002724,1923.0,229.0,2366.0,520.0,45.8,473.2,104.0,23.81695267810712,246.07384295371816,54.08216328653146
E01002725,1362.0,38.0,147.0,169.0,7.6,29.4,33.8,5.580029368575624,21.58590308370044,24.81644640234948
E01002726,1709.0,116.0,1390.0,295.0,23.2,278.0,59.0,13.575190169689876,162.66822703335285,34.52311293153891
E01002727,1514.0,53.0,336.0,201.0,10.6,67.2,40.2,7.001321003963012,44.385733157199475,26.55217965653897
E01002728,1317.0,51.0,234.0,211.0,10.2,46.8,42.2,7.744874715261958,35.53530751708428,32.042520880789674
E01002729,1497.0,39.0,202.0,336.0,7.8,40.4,67.2,5.210420841683367,26.987307949231795,44.88977955911824
E01002730,1753.0,75.0,368.0,353.0,15.0,73.6,70.6,8.556759840273816,41.98516828294352,40.273816314888755
E01002732,1807.0,68.0,227.0,457.0,13.6,45.4,91.4,7.52628666297731,25.124515771997785,50.58107360265634
E01002733,1440.0,45.0,93.0,94.0,9.0,18.6,18.8,6.25,12.916666666666668,13.055555555555557
E01002734,2366.0,107.0,1886.0,810.0,21.4,377.2,162.0,9.044801352493659,159.42519019442094,68.46999154691461
E01002735,2958.0,185.0,1017.0,438.0,37.0,203.4,87.6,12.508451656524679,68.76267748478702,29.614604462474645
E01002736,1477.0,51.0,105.0,237.0,10.2,21.0,47.4,6.9058903182125935,14.218009478672984,32.092078537576164
E01002737,1947.0,45.0,126.0,228.0,9.0,25.2,45.6,4.622496147919877,12.942989214175656,23.42064714946071
E01002738,1873.0,56.0,221.0,253.0,11.2,44.2,50.6,5.9797116924719695,23.598505072076886,27.015483182060866
E01002739,1839.0,46.0,363.0,134.0,9.2,72.6,26.8,5.002718868950517,39.47797716150081,14.573137574768896
E01002740,2260.0,79.0,785.0,264.0,15.8,157.0,52.8,6.991150442477876,69.46902654867257,23.362831858407077
E01002741,1533.0,46.0,106.0,195.0,9.2,21.2,39.0,6.001304631441617,13.829093281148076,25.440313111545986
E01002742,2000.0,84.0,163.0,85.0,16.8,32.6,17.0,8.4,16.3,8.5
E01002743,1525.0,32.0,142.0,128.0,6.4,28.4,25.6,4.19672131147541,18.62295081967213,16.78688524590164
E01002744,1313.0,47.0,136.0,159.0,9.4,27.2,31.8,7.15917745620716,20.715917745620715,24.21934501142422
E01002745,1412.0,48.0,149.0,163.0,9.6,29.8,32.6,6.798866855524079,21.104815864022665,23.08781869688385
E01002747,1556.0,60.0,285.0,221.0,12.0,57.0,44.2,7.712082262210797,36.63239074550128,28.40616966580977
E01002748,1654.0,54.0,760.0,368.0,10.8,152.0,73.6,6.52962515114873,91.89842805320434,44.49818621523579
E01002749,1524.0,41.0,103.0,164.0,8.2,20.6,32.8,5.380577427821522,13.51706036745407,21.522309711286088
E01002751,1837.0,57.0,137.0,239.0,11.4,27.4,47.8,6.2057702776265655,14.915623298856831,26.020685900925418
E01002752,1621.0,19.0,76.0,161.0,3.8,15.2,32.2,2.3442319555829734,9.376927822331893,19.864281307834673
E01002753,1447.0,46.0,66.0,148.0,9.2,13.2,29.6,6.35798203178991,9.122322045611611,20.456116102280582
E01002754,1549.0,45.0,75.0,91.0,9.0,15.0,18.2,5.810200129115558,9.683666881859263,11.749515816655906
E01002755,1319.0,37.0,68.0,172.0,7.4,13.6,34.4,5.610310841546626,10.310841546626232,26.080363912054587
E01002756,1314.0,58.0,101.0,149.0,11.6,20.2,29.8,8.82800608828006,15.372907153729072,22.678843226788434
E01002757,1449.0,39.0,80.0,163.0,7.8,16.0,32.6,5.383022774327122,11.042097998619738,22.498274672187716
E01002758,1736.0,64.0,122.0,321.0,12.8,24.4,64.2,7.373271889400922,14.055299539170505,36.9815668202765
E01002759,1504.0,36.0,57.0,117.0,7.2,11.4,23.4,4.787234042553192,7.579787234042554,15.558510638297872
E01002760,1736.0,76.0,67.0,226.0,15.2,13.4,45.2,8.755760368663594,7.71889400921659,26.036866359447007
E01002762,1872.0,67.0,142.0,216.0,13.4,28.4,43.2,7.1581196581196584,15.17094017094017,23.076923076923077
E01002763,1302.0,76.0,189.0,166.0,15.2,37.8,33.2,11.674347158218126,29.032258064516128,25.499231950844855
E01002764,1816.0,75.0,138.0,230.0,15.0,27.6,46.0,8.259911894273127,15.198237885462555,25.330396475770925
E01002765,2857.0,133.0,390.0,401.0,26.6,78.0,80.2,9.310465523276164,27.301365068253414,28.07140357017851
E01002766,2180.0,95.0,316.0,301.0,19.0,63.2,60.2,8.715596330275229,28.990825688073393,27.61467889908257
E01002767,2151.0,67.0,289.0,296.0,13.4,57.8,59.2,6.229660622966062,26.87122268712227,27.522082752208277
E01002768,1611.0,61.0,120.0,210.0,12.2,24.0,42.0,7.572936064556176,14.8975791433892,26.0707635009311
E01002769,1858.0,47.0,132.0,147.0,9.4,26.4,29.4,5.059203444564048,14.208826695371366,15.823466092572659
E01002770,1846.0,170.0,1552.0,973.0,34.0,310.4,194.6,18.418201516793065,168.14734561213433,105.41711809317444
E01002771,1544.0,53.0,114.0,171.0,10.6,22.8,34.2,6.865284974093264,14.766839378238343,22.150259067357513
E01002772,1886.0,126.0,715.0,371.0,25.2,143.0,74.2,13.361611876988334,75.82184517497349,39.34252386002121
E01002773,1645.0,63.0,110.0,288.0,12.6,22.0,57.6,7.659574468085106,13.373860182370821,35.015197568389056
E01002774,2139.0,73.0,234.0,367.0,14.6,46.8,73.4,6.825619448340346,21.87938288920056,34.31510051425901
E01002775,1408.0,52.0,306.0,145.0,10.4,61.2,29.0,7.386363636363636,43.465909090909086,20.596590909090907
E01002776,1859.0,46.0,190.0,207.0,9.2,38.0,41.4,4.9488972565895635,20.441097364174286,22.270037654653038
E01002777,1678.0,69.0,152.0,200.0,13.8,30.4,40.0,8.224076281287248,18.116805721096544,23.837902264600714
E01002778,1940.0,50.0,105.0,244.0,10.0,21.0,48.8,5.154639175257732,10.824742268041236,25.15463917525773
E01002779,1753.0,64.0,386.0,185.0,12.8,77.2,37.0,7.301768397033657,44.03879064460924,21.106674272675413
E01002780,1699.0,51.0,112.0,194.0,10.2,22.4,38.8,6.003531489111241,13.184226015303118,22.83696291936433
E01002781,1740.0,31.0,115.0,162.0,6.2,23.0,32.4,3.563218390804598,13.218390804597702,18.620689655172413
E01002782,1432.0,42.0,224.0,193.0,8.4,44.8,38.6,5.865921787709497,31.284916201117312,26.955307262569832
E01002783,1701.0,63.0,136.0,296.0,12.6,27.2,59.2,7.4074074074074066,15.990593768371545,34.80305702527925
E01002784,1755.0,36.0,107.0,250.0,7.2,21.4,50.0,4.102564102564102,12.193732193732192,28.49002849002849
E01002785,1861.0,75.0,257.0,161.0,15.0,51.4,32.2,8.060182697474476,27.619559376679202,17.30252552391188
E01002786,1941.0,78.0,229.0,268.0,15.6,45.8,53.6,8.0370942812983,23.59608449252962,27.614631633178774
E01002787,1472.0,68.0,97.0,131.0,13.6,19.4,26.2,9.23913043478261,13.179347826086955,17.798913043478258
E01002788,1822.0,50.0,111.0,162.0,10.0,22.2,32.4,5.488474204171241,12.184412733260153,17.782656421514815
E01002789,1849.0,65.0,123.0,181.0,13.0,24.6,36.2,7.030827474310438,13.304488912925907,19.578150351541375
E01002790,1412.0,42.0,466.0,261.0,8.4,93.2,52.2,5.94900849858357,66.0056657223796,36.96883852691219
E01002791,1861.0,88.0,609.0,221.0,17.6,121.8,44.2,9.457281031703387,65.44868350349275,23.750671681891458
E01002792,1845.0,72.0,477.0,232.0,14.4,95.4,46.4,7.804878048780488,51.707317073170735,25.149051490514903
E01002793,1845.0,52.0,196.0,329.0,10.4,39.2,65.8,5.636856368563685,21.24661246612466,35.66395663956639
E01002794,2040.0,182.0,2982.0,675.0,36.4,596.4,135.0,17.843137254901958,292.3529411764706,66.17647058823529
E01002795,1935.0,101.0,1303.0,645.0,20.2,260.6,129.0,10.439276485788113,134.67700258397932,66.66666666666667
E01002796,1109.0,29.0,88.0,142.0,5.8,17.6,28.4,5.229936880072136,15.870153291253384,25.60865644724977
E01002797,1824.0,71.0,299.0,364.0,14.2,59.8,72.8,7.785087719298246,32.78508771929825,39.91228070175438
E01002798,1977.0,52.0,255.0,153.0,10.4,51.0,30.6,5.260495700556399,25.796661608497722,15.477996965098635
E01002799,1908.0,59.0,200.0,265.0,11.8,40.0,53.0,6.184486373165618,20.964360587002098,27.777777777777775
E01002800,1769.0,61.0,162.0,228.0,12.2,32.4,45.6,6.896551724137931,18.31543244771057,25.77727529677784
E01002801,1460.0,71.0,623.0,221.0,14.2,124.6,44.2,9.726027397260273,85.34246575342465,30.27397260273973
E01002802,1852.0,38.0,171.0,127.0,7.6,34.2,25.4,4.103671706263499,18.466522678185747,13.714902807775378
E01002804,1539.0,42.0,124.0,276.0,8.4,24.8,55.2,5.458089668615985,16.114359974009098,35.86744639376219
E01002805,1433.0,123.0,477.0,260.0,24.6,95.4,52.0,17.166782972784368,66.57362177250523,36.287508722958826
E01002806,1646.0,50.0,87.0,179.0,10.0,17.4,35.8,6.075334143377886,10.571081409477522,21.749696233292827
E01002807,1705.0,79.0,109.0,242.0,15.8,21.8,48.4,9.266862170087977,12.78592375366569,28.387096774193548
E01002808,1913.0,57.0,126.0,199.0,11.4,25.2,39.8,5.9592263460533195,13.173026659696811,20.805018295870358
E01002809,1698.0,72.0,103.0,211.0,14.4,20.6,42.2,8.480565371024737,12.131919905771497,24.852767962308597
E01002810,1748.0,89.0,385.0,324.0,17.8,77.0,64.8,10.183066361556063,44.05034324942791,37.07093821510298
E01002811,1743.0,42.0,83.0,159.0,8.4,16.6,31.8,4.819277108433735,9.523809523809526,18.244406196213426
E01002812,1500.0,50.0,90.0,144.0,10.0,18.0,28.8,6.666666666666667,12.0,19.200000000000003
E01002813,1484.0,67.0,135.0,143.0,13.4,27.0,28.6,9.029649595687331,18.194070080862534,19.272237196765502
E01002814,2231.0,93.0,298.0,441.0,18.6,59.6,88.2,8.337068579112506,26.714477812640073,39.5338413267593
E01002815,1162.0,57.0,57.0,114.0,11.4,11.4,22.8,9.81067125645439,9.81067125645439,19.62134251290878
E01002816,1056.0,58.0,333.0,124.0,11.6,66.6,24.8,10.984848484848484,63.06818181818181,23.484848484848488
E01002817,1346.0,52.0,316.0,249.0,10.4,63.2,49.8,7.726597325408618,46.95393759286775,36.99851411589896
E01002818,1385.0,124.0,2236.0,411.0,24.8,447.2,82.2,17.906137184115526,322.88808664259926,59.35018050541516
E01002819,1088.0,138.0,2141.0,387.0,27.6,428.2,77.4,25.36764705882353,393.56617647058823,71.13970588235296
E01002821,1080.0,111.0,1488.0,207.0,22.2,297.6,41.4,20.555555555555557,275.55555555555554,38.33333333333333
E01002823,1224.0,48.0,126.0,167.0,9.6,25.2,33.4,7.8431372549019605,20.58823529411765,27.287581699346404
E01002824,1229.0,55.0,108.0,69.0,11.0,21.6,13.8,8.950366151342555,17.575264442636293,11.228641171684297
E01002825,1785.0,59.0,460.0,234.0,11.8,92.0,46.8,6.610644257703082,51.540616246498594,26.218487394957982
E01002826,1256.0,86.0,1574.0,275.0,17.2,314.8,55.0,13.694267515923565,250.63694267515925,43.78980891719745
E01002827,1715.0,111.0,657.0,213.0,22.2,131.4,42.6,12.944606413994167,76.61807580174927,24.839650145772598
E01002828,1189.0,74.0,163.0,118.0,14.8,32.6,23.6,12.447434819175777,27.417998317914215,19.84861227922624
E01002829,1391.0,61.0,204.0,286.0,12.2,40.8,57.2,8.770668583752697,29.331416247304098,41.12149532710281
E01002830,1724.0,90.0,274.0,354.0,18.0,54.8,70.8,10.440835266821345,31.78654292343387,41.067285382830626
E01002831,1718.0,109.0,1348.0,556.0,21.8,269.6,111.2,12.689173457508732,156.9266589057043,64.72642607683353
E01002832,1632.0,85.0,508.0,246.0,17.0,101.6,49.2,10.416666666666666,62.25490196078431,30.147058823529413
E01002833,1210.0,99.0,1040.0,217.0,19.8,208.0,43.4,16.363636363636363,171.900826446281,35.867768595041326
E01002834,1243.0,42.0,58.0,93.0,8.4,11.6,18.6,6.75784392598552,9.332260659694287,14.96379726468222
E01002835,1411.0,130.0,1119.0,307.0,26.0,223.8,61.4,18.42664776754075,158.61091424521618,43.51523742026931
E01002836,1310.0,81.0,109.0,100.0,16.2,21.8,20.0,12.366412213740459,16.641221374045802,15.267175572519083
E01002837,1045.0,51.0,57.0,76.0,10.2,11.4,15.2,9.760765550239233,10.90909090909091,14.545454545454545
E01002839,1537.0,75.0,156.0,233.0,15.0,31.2,46.6,9.759271307742356,20.299284320104096,30.318802862719586
E01002840,1047.0,40.0,116.0,208.0,8.0,23.2,41.6,7.640878701050621,22.1585482330468,39.73256924546323
E01002841,1218.0,50.0,98.0,238.0,10.0,19.6,47.6,8.210180623973727,16.091954022988507,39.08045977011494
E01002842,1015.0,23.0,22.0,108.0,4.6,4.4,21.6,4.532019704433496,4.334975369458129,21.2807881773399
E01002843,1295.0,55.0,289.0,336.0,11.0,57.8,67.2,8.494208494208495,44.63320463320463,51.891891891891895
E01002844,1147.0,40.0,151.0,184.0,8.0,30.2,36.8,6.974716652136007,26.329555361813423,32.08369659982563
E01002845,1169.0,52.0,129.0,159.0,10.4,25.8,31.8,8.89649272882806,22.070145423438838,27.202737382378103
E01002846,1289.0,61.0,140.0,247.0,12.2,28.0,49.4,9.464701318851823,21.722265321955007,38.32428238944918
E01002847,1393.0,70.0,212.0,260.0,14.0,42.4,52.0,10.050251256281408,30.437903804737974,37.329504666188086
E01002848,1252.0,71.0,109.0,172.0,14.2,21.8,34.4,11.34185303514377,17.41214057507987,27.476038338658146
E01002849,1541.0,64.0,283.0,157.0,12.8,56.6,31.4,8.306294613887088,36.72939649578196,20.376378974691757
E01002850,1405.0,153.0,912.0,500.0,30.6,182.4,100.0,21.779359430604984,129.8220640569395,71.17437722419929
E01002851,1335.0,98.0,363.0,288.0,19.6,72.6,57.6,14.681647940074908,54.38202247191011,43.146067415730336
E01002852,2216.0,137.0,644.0,600.0,27.4,128.8,120.0,12.364620938628157,58.12274368231048,54.151624548736464
E01002853,1428.0,57.0,97.0,183.0,11.4,19.4,36.6,7.9831932773109235,13.585434173669466,25.630252100840337
E01002854,1103.0,54.0,199.0,306.0,10.8,39.8,61.2,9.791477787851315,36.08340888485947,55.48504079782412
E01002855,1592.0,70.0,270.0,336.0,14.0,54.0,67.2,8.793969849246231,33.91959798994975,42.21105527638191
E01002856,1433.0,70.0,606.0,378.0,14.0,121.2,75.6,9.769713886950454,84.5778087927425,52.75645498953244
E01002857,1376.0,54.0,123.0,267.0,10.8,24.6,53.4,7.848837209302326,17.87790697674419,38.80813953488372
E01002858,1323.0,25.0,245.0,184.0,5.0,49.0,36.8,3.779289493575208,37.03703703703704,27.815570672713527
E01002859,1249.0,102.0,1481.0,175.0,20.4,296.2,35.0,16.33306645316253,237.14971977582064,28.02241793434748
E01002860,1144.0,59.0,188.0,141.0,11.8,37.6,28.2,10.314685314685315,32.86713286713287,24.65034965034965
E01002861,1256.0,41.0,509.0,99.0,8.2,101.8,19.8,6.528662420382165,81.05095541401273,15.764331210191083
E01002862,1089.0,31.0,92.0,131.0,6.2,18.4,26.2,5.693296602387512,16.89623507805326,24.058769513314967
E01002863,1117.0,53.0,148.0,74.0,10.6,29.6,14.8,9.489704565801253,26.49955237242614,13.24977618621307
E01002864,1480.0,45.0,166.0,136.0,9.0,33.2,27.2,6.081081081081082,22.432432432432435,18.37837837837838
E01002865,1449.0,50.0,578.0,127.0,10.0,115.6,25.4,6.901311249137336,79.7791580400276,17.529330572808835
E01002866,1833.0,67.0,92.0,142.0,13.4,18.4,28.4,7.310420076377523,10.038188761593016,15.493726132024005
E01002867,1680.0,97.0,196.0,291.0,19.4,39.2,58.2,11.547619047619046,23.333333333333336,34.64285714285714
E01002868,1355.0,58.0,61.0,59.0,11.6,12.2,11.8,8.560885608856088,9.003690036900368,8.70848708487085
E01002869,1740.0,72.0,137.0,170.0,14.4,27.4,34.0,8.275862068965518,15.747126436781608,19.54022988505747
E01002870,1593.0,64.0,1398.0,366.0,12.8,279.6,73.2,8.035153797865663,175.51789077212806,45.95103578154426
E01002871,1463.0,99.0,475.0,181.0,19.8,95.0,36.2,13.533834586466165,64.93506493506493,24.743677375256325
E01002872,1349.0,48.0,106.0,162.0,9.6,21.2,32.4,7.116382505559673,15.715344699777614,24.017790956263898
E01002873,1361.0,48.0,85.0,134.0,9.6,17.0,26.8,7.053637031594415,12.490815576781777,19.691403379867744
E01002874,1134.0,42.0,121.0,132.0,8.4,24.2,26.4,7.407407407407407,21.340388007054674,23.28042328042328
E01002875,1260.0,66.0,96.0,78.0,13.2,19.2,15.6,10.476190476190476,15.238095238095237,12.380952380952381
E01002876,1831.0,39.0,187.0,138.0,7.8,37.4,27.6,4.2599672310213,20.425996723102127,15.07373020207537
E01002877,2186.0,82.0,187.0,310.0,16.4,37.4,62.0,7.502287282708142,17.108874656907595,28.362305580969807
E01002878,1447.0,66.0,348.0,385.0,13.2,69.6,77.0,9.122322045611611,48.09951624049758,53.213545266067726
E01002879,1946.0,33.0,187.0,197.0,6.6,37.4,39.4,3.3915724563206577,19.21891058581706,20.24665981500514
E01002880,1144.0,25.0,120.0,246.0,5.0,24.0,49.2,4.370629370629371,20.97902097902098,43.006993006993014
E01002881,1361.0,20.0,67.0,187.0,4.0,13.4,37.4,2.9390154298310063,9.845701689933872,27.479794268919914
E01002882,1046.0,73.0,345.0,135.0,14.6,69.0,27.0,13.957934990439771,65.96558317399618,25.812619502868067
E01002883,1479.0,105.0,729.0,244.0,21.0,145.8,48.8,14.198782961460447,98.58012170385396,32.99526707234618
E01002884,1384.0,92.0,1050.0,251.0,18.4,210.0,50.2,13.294797687861271,151.73410404624278,36.27167630057804
E01002885,1317.0,61.0,288.0,139.0,12.2,57.6,27.8,9.263477600607441,43.735763097949885,21.108580106302202
E01002886,1319.0,118.0,346.0,111.0,23.6,69.2,22.2,17.892342683851403,52.463987869598185,16.830932524639877
E01002887,1044.0,79.0,194.0,113.0,15.8,38.8,22.6,15.134099616858238,37.1647509578544,21.647509578544064
E01002888,1562.0,59.0,274.0,133.0,11.8,54.8,26.6,7.554417413572343,35.083226632522404,17.029449423815624
E01002889,1558.0,48.0,1184.0,336.0,9.6,236.8,67.2,6.161745827984595,151.98973042362005,43.132220795892174
E01002890,1398.0,53.0,126.0,82.0,10.6,25.2,16.4,7.582260371959943,18.025751072961373,11.731044349070098
E01002891,1183.0,43.0,143.0,79.0,8.6,28.6,15.8,7.2696534234995775,24.175824175824175,13.355874894336432
E01002892,1290.0,88.0,185.0,123.0,17.6,37.0,24.6,13.64341085271318,28.68217054263566,19.069767441860467
E01002893,1576.0,81.0,83.0,168.0,16.2,16.6,33.6,10.279187817258883,10.532994923857869,21.31979695431472
E01002894,1319.0,66.0,166.0,231.0,13.2,33.2,46.2,10.007581501137226,25.17058377558757,35.02653525398029
E01002896,1586.0,67.0,174.0,115.0,13.4,34.8,23.0,8.448928121059268,21.94199243379571,14.501891551071878
E01002897,1492.0,73.0,279.0,135.0,14.6,55.8,27.0,9.785522788203753,37.3994638069705,18.096514745308312
E01002898,1667.0,42.0,121.0,90.0,8.4,24.2,18.0,5.038992201559688,14.517096580683862,10.797840431913617
E01002899,1250.0,44.0,309.0,159.0,8.8,61.8,31.8,7.04,49.44,25.44
E01002900,1690.0,46.0,79.0,90.0,9.2,15.8,18.0,5.44378698224852,9.349112426035504,10.650887573964496
E01002901,1041.0,27.0,108.0,67.0,5.4,21.6,13.4,5.187319884726224,20.749279538904897,12.87223823246878
E01002902,1226.0,81.0,1956.0,182.0,16.2,391.2,36.4,13.213703099510603,319.0864600326264,29.69004893964111
E01002903,1276.0,50.0,676.0,111.0,10.0,135.2,22.2,7.836990595611285,105.95611285266457,17.39811912225705
E01002904,1295.0,26.0,34.0,165.0,5.2,6.8,33.0,4.015444015444015,5.250965250965251,25.482625482625483
E01002905,1672.0,63.0,124.0,265.0,12.6,24.8,53.0,7.535885167464115,14.832535885167465,31.698564593301434
E01002906,1751.0,66.0,262.0,959.0,13.2,52.4,191.8,7.538549400342661,29.92575671045117,109.53740719588808
E01002907,1285.0,33.0,49.0,163.0,6.6,9.8,32.6,5.136186770428016,7.626459143968872,25.36964980544747
E01002908,1393.0,34.0,64.0,147.0,6.8,12.8,29.4,4.881550610193826,9.188801148600144,21.105527638190953
E01002909,2134.0,73.0,115.0,229.0,14.6,23.0,45.8,6.841611996251171,10.777881911902531,21.462043111527645
E01002910,1369.0,41.0,162.0,115.0,8.2,32.4,23.0,5.989773557341124,23.66691015339664,16.800584368151938
E01002911,1285.0,56.0,363.0,168.0,11.2,72.6,33.6,8.715953307392995,56.49805447470817,26.147859922178988
E01002912,1481.0,78.0,714.0,673.0,15.6,142.8,134.6,10.533423362592844,96.42133693450373,90.88453747467926
E01002913,1761.0,74.0,112.0,225.0,14.8,22.4,45.0,8.404315729699034,12.720045428733673,25.55366269165247
E01002914,1194.0,109.0,639.0,176.0,21.8,127.8,35.2,18.257956448911223,107.03517587939699,29.48073701842546
E01002915,1394.0,24.0,19.0,57.0,4.8,3.8,11.4,3.443328550932568,2.7259684361549494,8.177905308464851
E01002916,1478.0,28.0,42.0,73.0,5.6,8.4,14.6,3.7889039242219216,5.683355886332882,9.878213802435724
E01002917,1429.0,26.0,19.0,43.0,5.2,3.8,8.6,3.6389083275017495,2.6592022393282018,6.018194541637508
E01002918,1791.0,13.0,15.0,127.0,2.6,3.0,25.4,1.4517029592406476,1.6750418760469012,14.182021217197097
E01002919,1990.0,37.0,234.0,312.0,7.4,46.8,62.4,3.7185929648241207,23.517587939698494,31.356783919597987
E01002920,1593.0,48.0,31.0,59.0,9.6,6.2,11.8,6.0263653483992465,3.8920276208411804,7.407407407407407
E01002921,1727.0,38.0,55.0,180.0,7.6,11.0,36.0,4.400694846554718,6.369426751592357,20.845396641574986
E01002922,1640.0,23.0,27.0,56.0,4.6,5.4,11.2,2.8048780487804876,3.2926829268292686,6.829268292682927
E01002923,1672.0,42.0,67.0,270.0,8.4,13.4,54.0,5.023923444976076,8.014354066985646,32.29665071770335
E01002924,1546.0,20.0,15.0,21.0,4.0,3.0,4.2,2.58732212160414,1.9404915912031049,2.716688227684347
E01002925,1571.0,31.0,96.0,147.0,6.2,19.2,29.4,3.946530872056015,12.221514958625079,18.714194780394653
E01002926,1604.0,26.0,30.0,74.0,5.2,6.0,14.8,3.2418952618453867,3.740648379052369,9.226932668329177
E01002927,1681.0,20.0,25.0,74.0,4.0,5.0,14.8,2.3795359904818563,2.9744199881023197,8.804283164782868
E01002928,1946.0,57.0,83.0,181.0,11.4,16.6,36.2,5.858170606372045,8.53031860226105,18.602261048304218
E01002929,1696.0,69.0,206.0,71.0,13.8,41.2,14.2,8.13679245283019,24.29245283018868,8.372641509433961
E01002930,1967.0,71.0,607.0,314.0,14.2,121.4,62.8,7.219115404168784,61.718352821555676,31.92679206914082
E01002931,2013.0,23.0,106.0,104.0,4.6,21.2,20.8,2.2851465474416295,10.531544957774466,10.33283656234476
E01002932,2046.0,35.0,256.0,295.0,7.0,51.2,59.0,3.421309872922776,25.024437927663733,28.836754643206255
E01002933,2039.0,31.0,54.0,177.0,6.2,10.8,35.4,3.0407062285434034,5.29671407552722,17.361451692005883
E01002934,1899.0,35.0,244.0,63.0,7.0,48.8,12.6,3.686150605581885,25.69773565034228,6.6350710900473935
E01002935,1900.0,43.0,157.0,143.0,8.6,31.4,28.6,4.526315789473684,16.526315789473685,15.05263157894737
E01002937,1825.0,25.0,54.0,62.0,5.0,10.8,12.4,2.73972602739726,5.917808219178083,6.794520547945206
E01002938,2000.0,36.0,49.0,76.0,7.2,9.8,15.2,3.6,4.9,7.6
E01002939,1646.0,36.0,98.0,178.0,7.2,19.6,35.6,4.374240583232078,11.907654921020658,21.628189550425272
E01002940,1673.0,9.0,31.0,95.0,1.8,6.2,19.0,1.0759115361625822,3.7059175134488944,11.356843992827256
E01002941,1649.0,15.0,134.0,156.0,3.0,26.8,31.2,1.8192844147968465,16.2522741055185,18.920557913887205
E01002942,1401.0,12.0,23.0,59.0,2.4,4.6,11.8,1.7130620985010705,3.2833690221270517,8.422555317630264
E01002943,1477.0,7.0,38.0,141.0,1.4,7.6,28.2,0.947867298578199,5.145565335138794,19.09275558564658
E01002944,1334.0,26.0,52.0,106.0,5.2,10.4,21.2,3.898050974512744,7.796101949025488,15.892053973013493
E01002945,1573.0,18.0,25.0,88.0,3.6,5.0,17.6,2.2886204704386524,3.178639542275906,11.18881118881119
E01002946,1509.0,17.0,29.0,95.0,3.4,5.8,19.0,2.253147779986746,3.8436050364479786,12.591119946984758
E01002947,1645.0,13.0,31.0,96.0,2.6,6.2,19.2,1.580547112462006,3.768996960486322,11.671732522796352
E01002948,2211.0,26.0,197.0,307.0,5.2,39.4,61.4,2.3518769787426503,17.819990954319312,27.770239710538217
E01002949,1848.0,18.0,26.0,98.0,3.6,5.2,19.6,1.948051948051948,2.8138528138528143,10.606060606060607
E01002950,1654.0,16.0,34.0,161.0,3.2,6.8,32.2,1.9347037484885128,4.111245465538089,19.46795646916566
E01002951,1502.0,29.0,30.0,85.0,5.8,6.0,17.0,3.861517976031957,3.9946737683089215,11.318242343541945
E01002952,1394.0,43.0,29.0,68.0,8.6,5.8,13.6,6.169296987087518,4.160688665710187,9.75609756097561
E01002953,1333.0,41.0,60.0,62.0,8.2,12.0,12.4,6.151537884471117,9.00225056264066,9.30232558139535
E01002954,1373.0,60.0,271.0,423.0,12.0,54.2,84.6,8.73998543335761,39.475600873998545,61.61689730517116
E01002955,1501.0,34.0,47.0,192.0,6.8,9.4,38.4,4.530313124583611,6.2624916722185215,25.58294470353098
E01002956,1391.0,45.0,38.0,84.0,9.0,7.6,16.8,6.4701653486700215,5.463695183321351,12.07764198418404
E01002957,1587.0,25.0,33.0,187.0,5.0,6.6,37.4,3.15059861373661,4.158790170132325,23.56647763074984
E01002958,1738.0,25.0,22.0,54.0,5.0,4.4,10.8,2.8768699654775607,2.5316455696202533,6.214039125431531
E01002959,1389.0,42.0,40.0,42.0,8.4,8.0,8.4,6.047516198704104,5.759539236861051,6.047516198704104
E01002960,1591.0,33.0,66.0,77.0,6.6,13.2,15.4,4.1483343808925195,8.296668761785039,9.679446888749215
E01002961,1754.0,40.0,33.0,99.0,8.0,6.6,19.8,4.561003420752566,3.7628278221208666,11.2884834663626
E01002962,1612.0,23.0,20.0,168.0,4.6,4.0,33.6,2.853598014888337,2.4813895781637716,20.843672456575685
E01002963,1846.0,25.0,63.0,90.0,5.0,12.6,18.0,2.7085590465872156,6.825568797399783,9.750812567713975
E01002964,2513.0,49.0,475.0,635.0,9.8,95.0,127.0,3.8997214484679668,37.80342220453641,50.537206526064466
E01002965,2521.0,96.0,233.0,315.0,19.2,46.6,63.0,7.616025386751289,18.484728282427607,24.990083300277668
E01002966,1983.0,23.0,61.0,186.0,4.6,12.2,37.2,2.3197175995965704,6.1522945032778615,18.75945537065053
E01002967,1860.0,36.0,40.0,89.0,7.2,8.0,17.8,3.870967741935484,4.301075268817204,9.56989247311828
E01002968,2908.0,216.0,7614.0,2364.0,43.2,1522.8,472.8,14.855570839064649,523.6588720770288,162.585969738652
E01002969,1892.0,41.0,64.0,239.0,8.2,12.8,47.8,4.334038054968287,6.765327695560254,25.26427061310782
E01002970,1808.0,34.0,68.0,204.0,6.8,13.6,40.8,3.7610619469026547,7.522123893805309,22.56637168141593
E01002971,1800.0,30.0,98.0,198.0,6.0,19.6,39.6,3.3333333333333335,10.88888888888889,22.000000000000004
E01002972,2050.0,54.0,196.0,259.0,10.8,39.2,51.8,5.2682926829268295,19.121951219512198,25.268292682926827
E01002973,1579.0,38.0,73.0,207.0,7.6,14.6,41.4,4.813172894236859,9.246358454718177,26.21912602913236
E01002974,2058.0,49.0,104.0,175.0,9.8,20.8,35.0,4.761904761904763,10.10689990281827,17.006802721088437
E01002975,1488.0,45.0,35.0,127.0,9.0,7.0,25.4,6.048387096774193,4.704301075268817,17.069892473118276
E01002976,1712.0,22.0,18.0,67.0,4.4,3.6,13.4,2.5700934579439254,2.102803738317757,7.827102803738318
E01002977,1699.0,19.0,79.0,168.0,3.8,15.8,33.6,2.236609770453208,9.299587992937022,19.77633902295468
E01002978,1857.0,18.0,46.0,117.0,3.6,9.2,23.4,1.938610662358643,4.9542272482498655,12.600969305331178
E01002979,1529.0,19.0,23.0,78.0,3.8,4.6,15.6,2.485284499672989,3.0085022890778284,10.202746893394375
E01002980,1407.0,18.0,13.0,29.0,3.6,2.6,5.8,2.55863539445629,1.847903340440654,4.12224591329069
E01002981,1603.0,30.0,25.0,74.0,6.0,5.0,14.8,3.7429819089207736,3.1191515907673115,9.232688708671242
E01002982,1485.0,29.0,37.0,68.0,5.8,7.4,13.6,3.9057239057239053,4.983164983164984,9.15824915824916
E01002983,1669.0,33.0,34.0,98.0,6.6,6.8,19.6,3.954463750748951,4.0742959856201315,11.743559017375674
E01002984,1431.0,25.0,64.0,121.0,5.0,12.8,24.2,3.4940600978336827,8.944793850454229,16.911250873515023
E01002985,1720.0,24.0,47.0,160.0,4.8,9.4,32.0,2.7906976744186047,5.465116279069768,18.6046511627907
E01002986,1370.0,22.0,35.0,59.0,4.4,7.0,11.8,3.2116788321167884,5.109489051094891,8.613138686131387
E01002987,1895.0,69.0,678.0,432.0,13.8,135.6,86.4,7.282321899736148,71.55672823218998,45.593667546174146
E01002988,1678.0,29.0,64.0,162.0,5.8,12.8,32.4,3.4564958283671037,7.628128724672229,19.30870083432658
E01002989,1900.0,16.0,52.0,118.0,3.2,10.4,23.6,1.6842105263157896,5.473684210526316,12.421052631578947
E01002990,1708.0,32.0,37.0,98.0,6.4,7.4,19.6,3.747072599531616,4.332552693208431,11.475409836065575
E01002991,1564.0,22.0,52.0,69.0,4.4,10.4,13.8,2.813299232736573,6.649616368286445,8.823529411764707
E01002992,1568.0,21.0,57.0,80.0,4.2,11.4,16.0,2.6785714285714284,7.270408163265307,10.204081632653061
E01002993,1576.0,32.0,20.0,60.0,6.4,4.0,12.0,4.060913705583757,2.5380710659898473,7.614213197969543
E01002994,1507.0,23.0,16.0,66.0,4.6,3.2,13.2,3.0524220305242205,2.12342402123424,8.759124087591239
E01002995,1599.0,32.0,22.0,54.0,6.4,4.4,10.8,4.002501563477173,2.751719824890557,6.754221388367731
E01002996,1545.0,20.0,47.0,85.0,4.0,9.4,17.0,2.588996763754045,6.084142394822006,11.003236245954692
E01002997,1522.0,18.0,46.0,62.0,3.6,9.2,12.4,2.3653088042049935,6.044678055190539,8.14717477003942
E01002998,1612.0,14.0,31.0,116.0,2.8,6.2,23.2,1.73697270471464,3.8461538461538463,14.392059553349876
E01002999,1535.0,44.0,71.0,175.0,8.8,14.2,35.0,5.732899022801303,9.250814332247558,22.80130293159609
E01003000,1870.0,41.0,93.0,167.0,8.2,18.6,33.4,4.385026737967914,9.946524064171124,17.86096256684492
E01003001,1916.0,37.0,75.0,174.0,7.4,15.0,34.8,3.862212943632568,7.828810020876826,18.162839248434235
E01003002,1907.0,24.0,87.0,228.0,4.8,17.4,45.6,2.5170424750917673,9.124278972207655,23.911903513371787
E01003003,1727.0,48.0,272.0,591.0,9.6,54.4,118.2,5.558772437753329,31.499710480602197,68.44238563983787
E01003004,1644.0,29.0,43.0,116.0,5.8,8.6,23.2,3.5279805352798053,5.231143552311435,14.111922141119221
E01003005,1541.0,30.0,34.0,58.0,6.0,6.8,11.6,3.893575600259572,4.412719013627515,7.527579493835172
E01003006,1523.0,29.0,70.0,76.0,5.8,14.0,15.2,3.8082731451083385,9.192383453709784,9.980302035456337
E01003007,1626.0,27.0,34.0,55.0,5.4,6.8,11.0,3.3210332103321036,4.1820418204182035,6.7650676506765075
E01003008,1447.0,19.0,21.0,36.0,3.8,4.2,7.2,2.626123013130615,2.902557014512785,4.97581202487906
E01003009,2056.0,31.0,34.0,101.0,6.2,6.8,20.2,3.0155642023346303,3.307392996108949,9.82490272373541
E01003010,1441.0,26.0,71.0,57.0,5.2,14.2,11.4,3.608605135322693,9.854267869535045,7.91117279666898
E01003011,1693.0,40.0,93.0,105.0,8.0,18.6,21.0,4.725339633786178,10.986414648552866,12.404016538688719
E01003013,1947.0,208.0,3399.0,1956.0,41.6,679.8,391.2,21.366204417051875,349.1525423728813,200.92449922958397
E01003014,1504.0,91.0,481.0,303.0,18.2,96.2,60.6,12.101063829787234,63.962765957446805,40.29255319148936
E01003015,1719.0,47.0,95.0,156.0,9.4,19.0,31.2,5.468295520651542,11.052937754508436,18.1500872600349
E01003016,1203.0,64.0,1163.0,267.0,12.8,232.6,53.4,10.640066500415628,193.34995843724022,44.38902743142145
E01003017,1631.0,97.0,1261.0,538.0,19.4,252.2,107.6,11.894543225015326,154.62906192519927,65.97179644389945
E01003018,2019.0,91.0,283.0,311.0,18.2,56.6,62.2,9.014363546310054,28.033680039623576,30.807330361565132
E01003019,2035.0,74.0,149.0,154.0,14.8,29.8,30.8,7.2727272727272725,14.643734643734645,15.135135135135135
E01003020,1821.0,109.0,503.0,378.0,21.8,100.6,75.6,11.971444261394838,55.24437122460186,41.5156507413509
E01003021,2154.0,35.0,94.0,461.0,7.0,18.8,92.2,3.249767873723305,8.72794800371402,42.804085422469825
E01003022,1619.0,50.0,97.0,131.0,10.0,19.4,26.2,6.176652254478073,11.98270537368746,16.18282890673255
E01003023,2595.0,80.0,320.0,289.0,16.0,64.0,57.8,6.165703275529865,24.66281310211946,22.27360308285164
E01003024,1841.0,57.0,129.0,284.0,11.4,25.8,56.8,6.19228680065182,14.014122759369908,30.852797392721346
E01003025,2046.0,25.0,94.0,159.0,5.0,18.8,31.8,2.4437927663734116,9.188660801564028,15.542521994134898
E01003026,1501.0,79.0,336.0,179.0,15.8,67.2,35.8,10.526315789473683,44.770153231179215,23.850766155896064
E01003027,1394.0,52.0,57.0,45.0,10.4,11.4,9.0,7.460545193687231,8.177905308464851,6.456241032998565
E01003028,1482.0,32.0,60.0,80.0,6.4,12.0,16.0,4.318488529014845,8.097165991902834,10.79622132253711
E01003029,1827.0,94.0,112.0,133.0,18.8,22.4,26.6,10.290093048713738,12.260536398467432,14.559386973180077
E01003030,1722.0,78.0,233.0,262.0,15.6,46.6,52.4,9.05923344947735,27.06155632984901,30.42973286875726
E01003031,1574.0,40.0,57.0,156.0,8.0,11.4,31.2,5.082592121982211,7.242693773824651,19.82210927573062
E01003032,1721.0,72.0,320.0,288.0,14.4,64.0,57.6,8.367228355607207,37.187681580476465,33.46891342242883
E01003033,1618.0,30.0,77.0,109.0,6.0,15.4,21.8,3.708281829419036,9.517923362175525,13.473423980222497
E01003034,1642.0,52.0,113.0,123.0,10.4,22.6,24.6,6.33373934226553,13.763702801461632,14.981729598051158
E01003035,1687.0,115.0,2177.0,780.0,23.0,435.4,156.0,13.633669235328986,258.0912863070539,92.4718435091879
E01003036,1759.0,47.0,90.0,118.0,9.4,18.0,23.6,5.3439454235361,10.23308698123934,13.416714042069358
E01003037,1442.0,84.0,378.0,362.0,16.8,75.6,72.4,11.650485436893204,52.42718446601941,50.20804438280167
E01003038,1702.0,66.0,117.0,86.0,13.2,23.4,17.2,7.755581668625147,13.748531139835487,10.105757931844888
E01003039,2042.0,146.0,792.0,316.0,29.2,158.4,63.2,14.299706170421155,77.57100881488736,30.950048971596473
E01003040,1245.0,36.0,81.0,74.0,7.2,16.2,14.8,5.783132530120482,13.012048192771084,11.887550200803213
E01003041,1520.0,96.0,1359.0,437.0,19.2,271.8,87.4,12.631578947368421,178.81578947368422,57.5
E01003042,1107.0,17.0,94.0,130.0,3.4,18.8,26.0,3.071364046973803,16.982836495031616,23.486901535682023
E01003043,1618.0,40.0,109.0,134.0,8.0,21.8,26.8,4.944375772558714,13.473423980222497,16.563658838071692
E01003044,1411.0,42.0,67.0,149.0,8.4,13.4,29.8,5.95322466335932,9.496810772501773,21.119773210489015
E01003045,1990.0,17.0,112.0,270.0,3.4,22.4,54.0,1.708542713567839,11.256281407035175,27.135678391959797
E01003046,1680.0,51.0,67.0,189.0,10.2,13.4,37.8,6.071428571428571,7.976190476190477,22.5
E01003047,1789.0,222.0,3165.0,2129.0,44.4,633.0,425.8,24.818334264952487,353.8289547233091,238.01006148686417
E01003048,1918.0,31.0,118.0,228.0,6.2,23.6,45.6,3.232533889468196,12.304483837330553,23.774765380604798
E01003049,1768.0,59.0,129.0,308.0,11.8,25.8,61.6,6.67420814479638,14.592760180995475,34.84162895927602
E01003050,1584.0,101.0,230.0,298.0,20.2,46.0,59.6,12.75252525252525,29.04040404040404,37.62626262626262
E01003051,2099.0,141.0,273.0,410.0,28.2,54.6,82.0,13.434969032872797,26.012386850881374,39.066222010481184
E01003052,2226.0,57.0,212.0,323.0,11.4,42.4,64.6,5.121293800539084,19.047619047619047,29.02066486972147
E01003053,1674.0,93.0,292.0,223.0,18.6,58.4,44.6,11.11111111111111,34.88649940262843,26.64277180406213
E01003054,2191.0,69.0,328.0,237.0,13.8,65.6,47.4,6.298493838429941,29.9406663623916,21.633957097215884
E01003055,1600.0,144.0,1539.0,654.0,28.8,307.8,130.8,18.000000000000004,192.37500000000003,81.75
E01003056,1707.0,57.0,105.0,180.0,11.4,21.0,36.0,6.678383128295255,12.302284710017574,21.0896309314587
E01003057,1705.0,52.0,90.0,204.0,10.4,18.0,40.8,6.099706744868035,10.557184750733137,23.929618768328446
E01003058,1979.0,71.0,109.0,214.0,14.2,21.8,42.8,7.175341081354219,11.01566447700859,21.62708438605356
E01003059,2213.0,57.0,192.0,228.0,11.4,38.4,45.6,5.151378219611387,17.352010845006777,20.60551287844555
E01003060,1696.0,68.0,138.0,176.0,13.6,27.6,35.2,8.018867924528301,16.27358490566038,20.754716981132077
E01003061,1329.0,109.0,1246.0,495.0,21.8,249.2,99.0,16.403310759969905,187.5094055680963,74.4920993227991
E01003062,1834.0,47.0,153.0,309.0,9.4,30.6,61.8,5.125408942202835,16.68484187568157,33.69683751363141
E01003063,1361.0,45.0,70.0,242.0,9.0,14.0,48.4,6.612784717119765,10.286554004408524,35.56208670095518
E01003064,1462.0,39.0,66.0,95.0,7.8,13.2,19.0,5.33515731874145,9.028727770177838,12.995896032831737
E01003065,1673.0,29.0,72.0,195.0,5.8,14.4,39.0,3.4668260609683204,8.607292289300657,23.311416616855947
E01003066,1887.0,35.0,96.0,297.0,7.0,19.2,59.4,3.7095919448860624,10.174880763116057,31.478537360890304
E01003067,1555.0,37.0,92.0,139.0,7.4,18.4,27.8,4.758842443729904,11.832797427652732,17.877813504823152
E01003068,1576.0,24.0,47.0,194.0,4.8,9.4,38.8,3.045685279187817,5.964467005076142,24.619289340101524
E01003069,1368.0,11.0,56.0,173.0,2.2,11.2,34.6,1.6081871345029242,8.187134502923975,25.292397660818715
E01003070,1547.0,25.0,65.0,220.0,5.0,13.0,44.0,3.232062055591467,8.403361344537815,28.44214608920491
E01003071,2326.0,82.0,272.0,145.0,16.4,54.4,29.0,7.050730868443679,23.3877901977644,12.467755803955288
E01003072,1737.0,40.0,75.0,72.0,8.0,15.0,14.4,4.605641911341394,8.635578583765112,8.290155440414507
E01003073,1603.0,76.0,303.0,243.0,15.2,60.6,48.6,9.482220835932626,37.80411728009982,30.318153462258266
E01003074,2358.0,127.0,845.0,433.0,25.4,169.0,86.6,10.771840542832908,71.67090754877015,36.726039016115344
E01003075,1716.0,35.0,78.0,245.0,7.0,15.6,49.0,4.0792540792540795,9.09090909090909,28.554778554778554
E01003076,2701.0,96.0,662.0,1058.0,19.2,132.4,211.6,7.108478341355053,49.01888189559423,78.34135505368383
E01003077,1863.0,42.0,131.0,155.0,8.4,26.2,31.0,4.508856682769727,14.06333870101986,16.639828234031132
E01003078,1627.0,37.0,110.0,100.0,7.4,22.0,20.0,4.548248309772588,13.521819299323909,12.292562999385371
E01003079,1681.0,65.0,259.0,316.0,13.0,51.8,63.2,7.733491969066032,30.814991076740036,37.59666864961333
E01003080,1681.0,32.0,51.0,149.0,6.4,10.2,29.8,3.80725758477097,6.0678167757287325,17.727543129089828
E01003081,1858.0,64.0,152.0,337.0,12.8,30.4,67.4,6.889128094725511,16.361679224973088,36.27556512378902
E01003082,1375.0,21.0,44.0,201.0,4.2,8.8,40.2,3.0545454545454547,6.4,29.236363636363638
E01003083,1540.0,26.0,59.0,105.0,5.2,11.8,21.0,3.3766233766233764,7.662337662337663,13.636363636363635
E01003084,1507.0,37.0,73.0,133.0,7.4,14.6,26.6,4.91041804910418,9.688122096881221,17.650962176509623
E01003085,1793.0,23.0,38.0,127.0,4.6,7.6,25.4,2.56553262688232,4.238706079196876,14.166201896263246
E01003086,1557.0,30.0,65.0,238.0,6.0,13.0,47.6,3.8535645472061657,8.349389852280027,30.571612074502248
E01003087,1644.0,37.0,231.0,258.0,7.4,46.2,51.6,4.5012165450121655,28.1021897810219,31.386861313868614
E01003088,1588.0,57.0,136.0,186.0,11.4,27.2,37.2,7.178841309823678,17.12846347607053,23.425692695214106
E01003089,1935.0,56.0,206.0,264.0,11.2,41.2,52.8,5.7881136950904395,21.29198966408269,27.286821705426355
E01003090,2387.0,137.0,553.0,414.0,27.4,110.6,82.8,11.478843736908253,46.334310850439884,34.687892752408885
E01003091,1711.0,34.0,79.0,128.0,6.8,15.8,25.6,3.974284044418469,9.234365867913501,14.962010520163648
E01003092,2351.0,58.0,91.0,239.0,11.6,18.2,47.8,4.934070608251808,7.741386643981285,20.33177371331348
E01003093,2297.0,39.0,769.0,376.0,7.8,153.8,75.2,3.395733565520244,66.95690030474533,32.738354375272095
E01003094,1482.0,30.0,73.0,92.0,6.0,14.6,18.4,4.048582995951417,9.851551956815115,12.415654520917679
E01003095,1642.0,35.0,56.0,108.0,7.0,11.2,21.6,4.263093788063338,6.82095006090134,13.15468940316687
E01003096,2095.0,60.0,272.0,897.0,12.0,54.4,179.4,5.727923627684964,25.966587112171837,85.63245823389022
E01003097,1558.0,45.0,114.0,150.0,9.0,22.8,30.0,5.7766367137355585,14.634146341463415,19.255455712451862
E01003098,1485.0,24.0,70.0,119.0,4.8,14.0,23.8,3.2323232323232323,9.427609427609427,16.026936026936028
E01003099,1701.0,66.0,368.0,320.0,13.2,73.6,64.0,7.760141093474426,43.26866549088771,37.6249265138154
E01003100,2014.0,64.0,208.0,182.0,12.8,41.6,36.4,6.355511420059583,20.655412115193645,18.073485600794438
E01003101,1432.0,53.0,249.0,229.0,10.6,49.8,45.8,7.402234636871508,34.77653631284916,31.98324022346369
E01003102,1705.0,102.0,1454.0,634.0,20.4,290.8,126.8,11.964809384164223,170.55718475073314,74.36950146627566
E01003104,1733.0,41.0,142.0,170.0,8.2,28.4,34.0,4.731679169070975,16.387766878245813,19.619157530294284
E01003105,1706.0,42.0,115.0,185.0,8.4,23.0,37.0,4.9237983587338805,13.481828839390387,21.688159437280188
E01003106,2135.0,63.0,231.0,231.0,12.6,46.2,46.2,5.901639344262295,21.639344262295083,21.639344262295083
E01003107,1851.0,74.0,220.0,174.0,14.8,44.0,34.8,7.995678011885468,23.77093462992977,18.80064829821718
E01003108,1554.0,39.0,171.0,220.0,7.8,34.2,44.0,5.019305019305019,22.007722007722013,28.314028314028317
E01003110,2050.0,63.0,189.0,206.0,12.6,37.8,41.2,6.146341463414634,18.4390243902439,20.097560975609756
E01003111,1981.0,20.0,108.0,204.0,4.0,21.6,40.8,2.0191822311963654,10.903584048460374,20.595658758202926
E01003112,1796.0,61.0,201.0,247.0,12.2,40.2,49.4,6.7928730512249444,22.383073496659243,27.50556792873051
E01003113,1796.0,64.0,192.0,246.0,12.8,38.4,49.2,7.12694877505568,21.380846325167038,27.39420935412027
E01003114,2424.0,44.0,456.0,391.0,8.8,91.2,78.2,3.6303630363036308,37.62376237623762,32.26072607260726
E01003115,1618.0,45.0,83.0,179.0,9.0,16.6,35.8,5.562422744128554,10.259579728059332,22.126081582200246
E01003116,1785.0,32.0,57.0,114.0,6.4,11.4,22.8,3.585434173669468,6.38655462184874,12.77310924369748
E01003117,1851.0,83.0,221.0,211.0,16.6,44.2,42.2,8.968125337655323,23.878984332793088,22.798487304159917
E01003118,1863.0,77.0,1092.0,376.0,15.4,218.4,75.2,8.266237251744498,117.23027375201289,40.365002683843265
E01003119,2066.0,36.0,113.0,226.0,7.2,22.6,45.2,3.484995159728945,10.939012584704745,21.87802516940949
E01003120,2411.0,93.0,222.0,436.0,18.6,44.4,87.2,7.7146412277063465,18.415595188718374,36.16756532559104
E01003121,1569.0,26.0,61.0,143.0,5.2,12.2,28.6,3.3142128744423203,7.775653282345442,18.22817080943276
E01003122,1904.0,53.0,225.0,219.0,10.6,45.0,43.8,5.567226890756302,23.634453781512605,23.004201680672267
E01003123,1597.0,66.0,98.0,130.0,13.2,19.6,26.0,8.265497808390734,12.273011897307452,16.28052598622417
E01003124,1353.0,53.0,78.0,117.0,10.6,15.6,23.4,7.834441980783443,11.529933481152993,17.29490022172949
E01003125,1782.0,31.0,70.0,205.0,6.2,14.0,41.0,3.479236812570146,7.856341189674524,23.007856341189672
E01003126,1666.0,52.0,264.0,245.0,10.4,52.8,49.0,6.24249699879952,31.69267707082833,29.41176470588235
E01003127,2092.0,44.0,135.0,190.0,8.8,27.0,38.0,4.206500956022945,12.906309751434033,18.164435946462717
E01003128,1641.0,64.0,477.0,307.0,12.8,95.4,61.4,7.800121876904327,58.13528336380256,37.41620962827544
E01003129,1798.0,96.0,1020.0,218.0,19.2,204.0,43.6,10.67853170189099,113.45939933259176,24.249165739710794
E01003130,1867.0,63.0,181.0,176.0,12.6,36.2,35.2,6.748794858061061,19.389394750937335,18.85377611140868
E01003131,2150.0,113.0,262.0,261.0,22.6,52.4,52.2,10.511627906976745,24.372093023255815,24.27906976744186
E01003132,1450.0,36.0,92.0,225.0,7.2,18.4,45.0,4.9655172413793105,12.689655172413792,31.03448275862069
E01003133,1656.0,45.0,388.0,186.0,9.0,77.6,37.2,5.434782608695652,46.85990338164251,22.46376811594203
E01003134,1597.0,29.0,64.0,119.0,5.8,12.8,23.8,3.6318096430807763,8.015028177833438,14.90294301815905
E01003135,1930.0,44.0,90.0,181.0,8.8,18.0,36.2,4.5595854922279795,9.32642487046632,18.756476683937823
E01003136,1659.0,49.0,70.0,124.0,9.8,14.0,24.8,5.907172995780591,8.438818565400844,14.948764315852923
E01003137,1581.0,45.0,92.0,254.0,9.0,18.4,50.8,5.692599620493358,11.638203668564199,32.131562302340285
E01003138,1477.0,59.0,52.0,76.0,11.8,10.4,15.2,7.989167230873392,7.0412999322951935,10.291130670277589
E01003139,1529.0,32.0,234.0,188.0,6.4,46.8,37.6,4.185742315238718,30.608240680183123,24.59123610202747
E01003140,1507.0,36.0,46.0,132.0,7.2,9.2,26.4,4.777704047777041,6.104844061048441,17.518248175182478
E01003141,1845.0,50.0,69.0,215.0,10.0,13.8,43.0,5.420054200542006,7.479674796747967,23.306233062330623
E01003142,1374.0,37.0,25.0,123.0,7.4,5.0,24.6,5.385735080058224,3.6390101892285296,17.90393013100437
E01003143,1500.0,16.0,54.0,165.0,3.2,10.8,33.0,2.1333333333333333,7.200000000000001,22.0
E01003144,1547.0,45.0,274.0,176.0,9.0,54.8,35.2,5.817711700064641,35.423400129282484,22.75371687136393
E01003145,1655.0,63.0,146.0,230.0,12.6,29.2,46.0,7.613293051359516,17.64350453172205,27.794561933534744
E01003146,1649.0,39.0,74.0,173.0,7.8,14.8,34.6,4.730139478471801,8.975136446331112,20.982413583990297
E01003147,2072.0,62.0,79.0,187.0,12.4,15.8,37.4,5.984555984555985,7.6254826254826265,18.05019305019305
E01003148,1837.0,30.0,58.0,154.0,6.0,11.6,30.8,3.26619488296135,6.314643440391944,16.766467065868262
E01003149,1756.0,21.0,56.0,107.0,4.2,11.2,21.4,2.3917995444191344,6.378132118451025,12.186788154897492
E01003150,1943.0,44.0,94.0,262.0,8.8,18.8,52.4,4.529078744209985,9.675759135357694,26.968605249614
E01003151,1954.0,46.0,87.0,254.0,9.2,17.4,50.8,4.7082906857727735,8.904810644831114,25.99795291709314
E01003152,1906.0,33.0,91.0,162.0,6.6,18.2,32.4,3.4627492130115423,9.54879328436516,16.998950682056662
E01003153,2172.0,106.0,312.0,277.0,21.2,62.4,55.4,9.760589318600369,28.7292817679558,25.50644567219153
E01003154,1996.0,39.0,97.0,208.0,7.8,19.4,41.6,3.907815631262525,9.719438877755511,20.841683366733466
E01003155,1828.0,34.0,119.0,139.0,6.8,23.8,27.8,3.719912472647702,13.019693654266959,15.207877461706783
E01003156,1597.0,43.0,54.0,106.0,8.6,10.8,21.2,5.385097056981841,6.762680025046964,13.27489041953663
E01003157,1582.0,34.0,96.0,105.0,6.8,19.2,21.0,4.298356510745892,12.13653603034134,13.274336283185841
E01003158,1624.0,40.0,51.0,60.0,8.0,10.2,12.0,4.926108374384237,6.280788177339901,7.389162561576354
E01003159,1774.0,71.0,122.0,168.0,14.2,24.4,33.6,8.004509582863585,13.75422773393461,18.9402480270575
E01003160,1449.0,14.0,45.0,126.0,2.8,9.0,25.2,1.932367149758454,6.211180124223602,17.391304347826086
E01003161,1317.0,38.0,65.0,86.0,7.6,13.0,17.2,5.770690964312832,9.870918754745633,13.059984813971147
E01003162,1858.0,29.0,53.0,162.0,5.8,10.6,32.4,3.1216361679224973,5.705059203444564,17.43810548977395
E01003163,1599.0,31.0,44.0,99.0,6.2,8.8,19.8,3.8774233896185115,5.503439649781114,12.382739212007506
E01003164,2247.0,66.0,156.0,268.0,13.2,31.2,53.6,5.874499332443257,13.885180240320427,23.85402759234535
E01003165,1643.0,47.0,114.0,122.0,9.4,22.8,24.4,5.721241631162508,13.877054169202678,14.850882531953742
E01003166,2566.0,96.0,495.0,382.0,19.2,99.0,76.4,7.482462977396726,38.58144972720187,29.773967264224478
E01003167,1760.0,33.0,41.0,101.0,6.6,8.2,20.2,3.75,4.659090909090909,11.477272727272727
E01003168,1658.0,24.0,57.0,231.0,4.8,11.4,46.2,2.8950542822677923,6.875753920386007,27.864897466827504
E01003169,2352.0,58.0,124.0,271.0,11.6,24.8,54.2,4.931972789115646,10.54421768707483,23.04421768707483
E01003170,1908.0,63.0,93.0,118.0,12.6,18.6,23.6,6.603773584905659,9.748427672955977,12.368972746331236
E01003171,1646.0,31.0,76.0,152.0,6.2,15.2,30.4,3.7667071688942895,9.234507897934385,18.46901579586877
E01003172,1945.0,44.0,230.0,203.0,8.8,46.0,40.6,4.5244215938303345,23.650385604113108,20.874035989717225
E01003173,1633.0,29.0,64.0,109.0,5.8,12.8,21.8,3.5517452541334964,7.8383343539497865,13.349663196570729
E01003174,2039.0,34.0,70.0,229.0,6.8,14.0,45.8,3.3349681216282487,6.866110838646395,22.461991172143208
E01003175,1577.0,20.0,68.0,223.0,4.0,13.6,44.6,2.5364616360177554,8.623969562460367,28.28154724159797
E01003176,1929.0,51.0,184.0,321.0,10.2,36.8,64.2,5.287713841368585,19.0772420943494,33.28149300155521
E01003177,1603.0,77.0,184.0,218.0,15.4,36.8,43.6,9.606986899563319,22.95695570804741,27.199001871490957
E01003178,1501.0,42.0,94.0,146.0,8.4,18.8,29.2,5.596269153897402,12.524983344437043,19.453697534976683
E01003179,1620.0,27.0,48.0,233.0,5.4,9.6,46.6,3.3333333333333335,5.925925925925926,28.765432098765434
E01003180,1600.0,43.0,118.0,209.0,8.6,23.6,41.8,5.375,14.750000000000002,26.125
E01003181,1522.0,38.0,146.0,160.0,7.6,29.2,32.0,4.993429697766097,19.185282522996058,21.02496714848883
E01003182,1787.0,60.0,108.0,199.0,12.0,21.6,39.8,6.715165081141579,12.087297146054842,22.27196418578623
E01003183,1604.0,46.0,196.0,222.0,9.2,39.2,44.4,5.735660847880299,24.438902743142148,27.68079800498753
E01003184,1422.0,15.0,80.0,164.0,3.0,16.0,32.8,2.109704641350211,11.251758087201125,23.066104078762308
E01003185,1931.0,54.0,93.0,148.0,10.8,18.6,29.6,5.592957017089591,9.632314862765407,15.32884515794925
E01003186,2440.0,89.0,435.0,304.0,17.8,87.0,60.8,7.2950819672131155,35.65573770491803,24.918032786885245
E01003187,2317.0,65.0,129.0,229.0,13.0,25.8,45.8,5.6107034958998705,11.135088476478206,19.76694000863185
E01003188,1266.0,33.0,80.0,193.0,6.6,16.0,38.6,5.213270142180095,12.638230647709321,30.48973143759874
E01003189,1767.0,33.0,72.0,358.0,6.6,14.4,71.6,3.7351443123938877,8.149405772495754,40.52065647990945
E01003190,2318.0,101.0,352.0,459.0,20.2,70.4,91.8,8.714408973252805,30.37100949094047,39.60310612597066
E01003191,1662.0,35.0,74.0,222.0,7.0,14.8,44.4,4.21179302045728,8.904933814681108,26.71480144404332
E01003192,1789.0,48.0,126.0,439.0,9.6,25.2,87.8,5.366126327557295,14.086081609837898,49.07769703745109
E01003193,1799.0,70.0,725.0,396.0,14.0,145.0,79.2,7.782101167315175,80.60033351862147,44.02445803224013
E01003194,1767.0,61.0,95.0,325.0,12.2,19.0,65.0,6.904357668364459,10.752688172043012,36.78551216751556
E01003195,1486.0,28.0,61.0,146.0,5.6,12.2,29.2,3.768506056527591,8.209959623149395,19.650067294751008
E01003196,1763.0,47.0,257.0,443.0,9.4,51.4,88.6,5.331820760068066,29.154849688031764,50.25524673851389
E01003197,1658.0,37.0,93.0,355.0,7.4,18.6,71.0,4.463208685162847,11.218335343787697,42.822677925211096
E01003198,1494.0,31.0,57.0,125.0,6.2,11.4,25.0,4.149933065595716,7.6305220883534135,16.733601070950467
E01003199,1971.0,62.0,230.0,613.0,12.4,46.0,122.6,6.291222729578894,23.338406900050735,62.20192795535261
E01003200,1475.0,71.0,634.0,197.0,14.2,126.8,39.4,9.627118644067796,85.96610169491525,26.71186440677966
E01003201,1680.0,31.0,123.0,216.0,6.2,24.6,43.2,3.6904761904761907,14.642857142857142,25.71428571428572
E01003202,1558.0,38.0,70.0,137.0,7.6,14.0,27.4,4.878048780487805,8.985879332477536,17.58664955070603
E01003203,1966.0,71.0,595.0,323.0,14.2,119.0,64.6,7.222787385554425,60.52899287894201,32.858596134282806
E01003204,1612.0,63.0,67.0,322.0,12.6,13.4,64.4,7.816377171215881,8.312655086848636,39.95037220843673
E01003205,1391.0,63.0,71.0,152.0,12.6,14.2,30.4,9.05823148813803,10.208483105679367,21.854780733285406
E01003206,1409.0,23.0,47.0,113.0,4.6,9.4,22.6,3.2647267565649396,6.671398154719659,16.03974449964514
E01003207,2333.0,117.0,245.0,422.0,23.4,49.0,84.4,10.030004286326617,21.00300042863266,36.17659665666524
E01003209,1897.0,66.0,104.0,210.0,13.2,20.8,42.0,6.958355297838692,10.964681075382183,22.14022140221402
E01003210,1774.0,67.0,181.0,225.0,13.4,36.2,45.0,7.5535512965050735,20.405862457722662,25.366403607666292
E01003211,1556.0,74.0,88.0,215.0,14.8,17.6,43.0,9.511568123393316,11.311053984575835,27.63496143958869
E01003212,2011.0,60.0,98.0,160.0,12.0,19.6,32.0,5.967180507210343,9.746394828443561,15.912481352560913
E01003213,1963.0,61.0,81.0,190.0,12.2,16.2,38.0,6.214977075904228,8.25267447784004,19.358125318390222
E01003214,1780.0,52.0,291.0,314.0,10.4,58.2,62.8,5.842696629213483,32.69662921348315,35.28089887640449
E01003215,1893.0,104.0,549.0,349.0,20.8,109.8,69.8,10.987849973586899,58.003169572107765,36.87268885367142
E01003216,1672.0,62.0,97.0,189.0,12.4,19.4,37.8,7.416267942583732,11.602870813397129,22.607655502392344
E01003217,1930.0,25.0,43.0,135.0,5.0,8.6,27.0,2.5906735751295336,4.455958549222798,13.989637305699482
E01003218,1551.0,23.0,53.0,109.0,4.6,10.6,21.8,2.965828497743391,6.834300451321728,14.055448098001289
E01003219,1723.0,42.0,65.0,230.0,8.4,13.0,46.0,4.875217643644806,7.544979686593152,26.697620429483457
E01003220,1668.0,30.0,47.0,203.0,6.0,9.4,40.6,3.5971223021582737,5.635491606714629,24.34052757793765
E01003221,2161.0,66.0,236.0,350.0,13.2,47.2,70.0,6.108283202221194,21.841739935215177,32.39241092086997
E01003222,1573.0,30.0,54.0,149.0,6.0,10.8,29.8,3.814367450731087,6.865861411315957,18.9446916719644
E01003223,1653.0,37.0,159.0,280.0,7.4,31.8,56.0,4.476709013914096,19.237749546279492,33.8777979431337
E01003224,1732.0,46.0,76.0,223.0,9.2,15.2,44.6,5.311778290993071,8.775981524249422,25.750577367205544
E01003225,1594.0,28.0,93.0,168.0,5.6,18.6,33.6,3.5131744040150563,11.668757841907153,21.07904642409034
E01003226,1838.0,37.0,368.0,194.0,7.4,73.6,38.8,4.026115342763874,40.04352557127312,21.109902067464635
E01003227,1639.0,26.0,48.0,105.0,5.2,9.6,21.0,3.1726662599145823,5.857230018303843,12.812690665039659
E01003228,1578.0,21.0,52.0,147.0,4.2,10.4,29.4,2.661596958174905,6.590621039290241,18.631178707224333
E01003229,1686.0,71.0,344.0,366.0,14.2,68.8,73.2,8.422301304863582,40.80664294187426,43.41637010676157
E01003230,1997.0,43.0,112.0,245.0,8.6,22.4,49.0,4.306459689534302,11.216825237856785,24.536805207811717
E01003231,1551.0,53.0,289.0,214.0,10.6,57.8,42.8,6.834300451321728,37.26627981947131,27.595099935525464
E01003232,1706.0,40.0,71.0,151.0,8.0,14.2,30.2,4.689331770222743,8.32356389214537,17.702227432590856
E01003233,1837.0,41.0,44.0,109.0,8.2,8.8,21.8,4.463799673380511,4.790419161676647,11.86717474142624
E01003235,1422.0,52.0,108.0,229.0,10.4,21.6,45.8,7.313642756680731,15.18987341772152,32.20815752461322
E01003236,1689.0,44.0,99.0,311.0,8.8,19.8,62.2,5.210183540556542,11.72291296625222,36.82652457075192
E01003237,1689.0,34.0,210.0,426.0,6.8,42.0,85.2,4.026050917702783,24.866785079928952,50.44404973357016
E01003238,1480.0,22.0,43.0,208.0,4.4,8.6,41.6,2.9729729729729732,5.8108108108108105,28.10810810810811
E01003239,1612.0,32.0,49.0,210.0,6.4,9.8,42.0,3.970223325062035,6.0794044665012414,26.054590570719604
E01003240,1997.0,35.0,87.0,296.0,7.0,17.4,59.2,3.5052578868302455,8.71306960440661,29.644466700050078
E01003241,1591.0,61.0,132.0,168.0,12.2,26.4,33.6,7.668133249528598,16.593337523570078,21.118793211816467
E01003243,1509.0,59.0,222.0,288.0,11.8,44.4,57.6,7.81974817760106,29.423459244532804,38.17097415506959
E01003244,1902.0,61.0,112.0,199.0,12.2,22.4,39.8,6.414300736067297,11.77707676130389,20.925341745531018
E01003245,1993.0,49.0,74.0,164.0,9.8,14.8,32.8,4.917210235825389,7.425990968389363,16.45760160561967
E01003246,2411.0,116.0,202.0,336.0,23.2,40.4,67.2,9.622563251762754,16.756532559104105,27.872252177519705
E01003247,2103.0,69.0,216.0,222.0,13.8,43.2,44.4,6.562054208273895,20.542082738944366,21.112696148359486
E01003248,1641.0,75.0,152.0,207.0,15.0,30.4,41.4,9.140767824497258,18.525289457647773,25.22851919561243
E01003249,2057.0,34.0,107.0,229.0,6.8,21.4,45.8,3.3057851239669422,10.403500243072434,22.265435099659697
E01003251,1734.0,61.0,150.0,216.0,12.2,30.0,43.2,7.035755478662053,17.301038062283737,24.913494809688583
E01003252,1579.0,41.0,95.0,219.0,8.2,19.0,43.8,5.1931602279924,12.032932235592146,27.739075364154527
E01003253,1422.0,95.0,306.0,309.0,19.0,61.2,61.8,13.361462728551336,43.037974683544306,43.459915611814345
E01003254,1438.0,39.0,82.0,122.0,7.8,16.4,24.4,5.4242002781641165,11.404728789986091,16.968011126564672
E01003255,1990.0,76.0,409.0,383.0,15.2,81.8,76.6,7.638190954773869,41.10552763819096,38.49246231155779
E01003256,2133.0,56.0,158.0,350.0,11.2,31.6,70.0,5.250820440693858,14.814814814814815,32.81762775433661
E01003257,1602.0,36.0,57.0,140.0,7.2,11.4,28.0,4.49438202247191,7.116104868913858,17.478152309612984
E01003258,1547.0,25.0,42.0,135.0,5.0,8.4,27.0,3.232062055591467,5.429864253393665,17.453135100193926
E01003259,1753.0,57.0,153.0,232.0,11.4,30.6,46.4,6.5031374786081,17.45579007415859,26.468910439247004
E01003260,1661.0,37.0,47.0,131.0,7.4,9.4,26.2,4.455147501505118,5.659241420830825,15.773630343166767
E01003261,1526.0,34.0,46.0,112.0,6.8,9.2,22.4,4.456094364351245,6.028833551769331,14.678899082568806
E01003262,1524.0,43.0,59.0,151.0,8.6,11.8,30.2,5.6430446194225725,7.742782152230972,19.816272965879264
E01003263,1801.0,36.0,177.0,286.0,7.2,35.4,57.2,3.9977790116601892,19.655746807329262,31.76013325930039
E01003264,1643.0,53.0,83.0,175.0,10.6,16.6,35.0,6.451612903225806,10.103469263542301,21.30249543517955
E01003265,1646.0,55.0,116.0,309.0,11.0,23.2,61.8,6.682867557715674,14.094775212636694,37.54556500607533
E01003266,1721.0,30.0,61.0,232.0,6.0,12.2,46.4,3.486345148169669,7.088901801278326,26.961069145845435
E01003267,1758.0,29.0,47.0,172.0,5.8,9.4,34.4,3.299203640500569,5.34698521046644,19.567690557451648
E01003268,1853.0,34.0,58.0,183.0,6.8,11.6,36.6,3.6697247706422016,6.260118726389638,19.751753912574205
E01003269,1604.0,20.0,36.0,140.0,4.0,7.2,28.0,2.493765586034913,4.488778054862843,17.456359102244388
E01003270,1645.0,26.0,48.0,122.0,5.2,9.6,24.4,3.161094224924012,5.835866261398176,14.832826747720363
E01003271,1625.0,31.0,31.0,66.0,6.2,6.2,13.2,3.8153846153846156,3.8153846153846156,8.123076923076923
E01003272,1994.0,72.0,183.0,184.0,14.4,36.6,36.8,7.2216649949849545,18.35506519558676,18.455366098294885
E01003273,1507.0,23.0,45.0,111.0,4.6,9.0,22.2,3.0524220305242205,5.972130059721301,14.73125414731254
E01003274,1590.0,46.0,123.0,194.0,9.2,24.6,38.8,5.786163522012578,15.471698113207548,24.40251572327044
E01003275,1698.0,51.0,67.0,225.0,10.2,13.4,45.0,6.007067137809187,7.8916372202591285,26.501766784452297
E01003276,1907.0,33.0,71.0,151.0,6.6,14.2,30.2,3.46093340325118,7.446250655479811,15.836392239119036
E01003277,1674.0,41.0,71.0,165.0,8.2,14.2,33.0,4.898446833930705,8.482676224611707,19.71326164874552
E01003278,2085.0,54.0,168.0,293.0,10.8,33.6,58.6,5.179856115107913,16.115107913669064,28.105515587529975
E01003279,1530.0,34.0,49.0,115.0,6.8,9.8,23.0,4.444444444444445,6.405228758169936,15.032679738562091
E01003280,1644.0,19.0,48.0,191.0,3.8,9.6,38.2,2.311435523114355,5.839416058394161,23.2360097323601
E01003281,1496.0,40.0,62.0,95.0,8.0,12.4,19.0,5.347593582887701,8.288770053475936,12.70053475935829
E01003282,2415.0,58.0,149.0,265.0,11.6,29.8,53.0,4.803312629399586,12.339544513457557,21.946169772256727
E01003283,2127.0,31.0,83.0,141.0,6.2,16.6,28.2,2.914903620122238,7.804419370004702,13.258110014104373
E01003284,1877.0,61.0,194.0,218.0,12.2,38.8,43.6,6.499733617474694,20.671283963771973,23.228556206712838
E01003285,1751.0,63.0,394.0,158.0,12.6,78.8,31.6,7.195888063963449,45.00285551113649,18.046830382638493
E01003286,1736.0,54.0,217.0,331.0,10.8,43.4,66.2,6.2211981566820285,24.999999999999996,38.133640552995395
E01003287,1969.0,39.0,59.0,107.0,7.8,11.8,21.4,3.9614017267648554,5.992889791772473,10.868461147790757
E01003288,2158.0,81.0,298.0,387.0,16.2,59.6,77.4,7.506950880444856,27.61816496756256,35.86654309545876
E01003290,1910.0,53.0,133.0,428.0,10.6,26.6,85.6,5.549738219895288,13.92670157068063,44.81675392670157
E01003291,1544.0,93.0,544.0,1438.0,18.6,108.8,287.6,12.046632124352332,70.46632124352331,186.2694300518135
E01003292,1791.0,66.0,309.0,325.0,13.2,61.8,65.0,7.3701842546063645,34.50586264656616,36.29257398101619
E01003293,1569.0,44.0,144.0,224.0,8.8,28.8,44.8,5.608667941363926,18.35564053537285,28.553218610579986
E01003295,1786.0,71.0,142.0,303.0,14.2,28.4,60.6,7.950727883538634,15.901455767077268,33.93057110862262
E01003297,1701.0,85.0,144.0,226.0,17.0,28.8,45.2,9.994121105232217,16.931216931216934,26.57260435038213
E01003298,1280.0,24.0,53.0,121.0,4.8,10.6,24.2,3.75,8.28125,18.90625
E01003299,1790.0,76.0,351.0,398.0,15.2,70.2,79.6,8.491620111731843,39.21787709497207,44.46927374301676
E01003300,1487.0,43.0,111.0,275.0,8.6,22.2,55.0,5.78345662407532,14.929388029589777,36.98722259583053
E01003301,2632.0,61.0,206.0,201.0,12.2,41.2,40.2,4.635258358662614,15.653495440729484,15.27355623100304
E01003302,1867.0,64.0,100.0,285.0,12.8,20.0,57.0,6.855918585966792,10.712372790573111,30.53026245313337
E01003303,1719.0,149.0,618.0,654.0,29.8,123.6,130.8,17.33566026759744,71.90226876090749,76.09075043630017
E01003304,2246.0,145.0,1121.0,558.0,29.0,224.2,111.6,12.911843276936777,99.82190560997329,49.688334817453246
E01003305,2292.0,50.0,117.0,274.0,10.0,23.4,54.8,4.363001745200698,10.209424083769633,23.909249563699824
E01003307,1599.0,36.0,38.0,107.0,7.2,7.6,21.4,4.50281425891182,4.752970606629143,13.383364602876798
E01003308,1789.0,50.0,67.0,193.0,10.0,13.4,38.6,5.589714924538848,7.490217998882057,21.576299608719957
E01003309,1620.0,53.0,78.0,292.0,10.6,15.6,58.4,6.54320987654321,9.629629629629628,36.04938271604939
E01003310,1589.0,48.0,91.0,248.0,9.6,18.2,49.6,6.041535556954059,11.45374449339207,31.214600377595975
E01003311,1596.0,42.0,62.0,143.0,8.4,12.4,28.6,5.263157894736842,7.769423558897244,17.919799498746865
E01003312,1756.0,48.0,67.0,119.0,9.6,13.4,23.8,5.466970387243735,7.630979498861048,13.55353075170843
E01003313,1571.0,30.0,82.0,202.0,6.0,16.4,40.4,3.819223424570337,10.439210693825588,25.71610439210694
E01003314,1645.0,39.0,49.0,115.0,7.8,9.8,23.0,4.741641337386018,5.957446808510639,13.98176291793313
E01003315,1306.0,31.0,66.0,162.0,6.2,13.2,32.4,4.747320061255743,10.10719754977029,24.808575803981622
E01003316,1477.0,46.0,63.0,105.0,9.2,12.6,21.0,6.2288422477995935,8.530805687203792,14.218009478672984
E01003318,2075.0,211.0,1236.0,1199.0,42.2,247.2,239.8,20.337349397590366,119.13253012048192,115.56626506024097
E01003319,1794.0,78.0,139.0,394.0,15.6,27.8,78.8,8.695652173913043,15.496098104793758,43.92419175027871
E01003320,1586.0,39.0,265.0,294.0,7.8,53.0,58.8,4.918032786885245,33.417402269861284,37.07440100882724
E01003321,1748.0,67.0,113.0,325.0,13.4,22.6,65.0,7.665903890160183,12.929061784897026,37.18535469107551
E01003322,1631.0,42.0,100.0,192.0,8.4,20.0,38.4,5.150214592274678,12.262415695892091,23.543838136112814
E01003323,1510.0,28.0,77.0,174.0,5.6,15.4,34.8,3.708609271523178,10.198675496688741,23.04635761589404
E01003324,1688.0,97.0,450.0,370.0,19.4,90.0,74.0,11.492890995260662,53.3175355450237,43.838862559241704
E01003325,1816.0,63.0,151.0,329.0,12.6,30.2,65.8,6.938325991189427,16.629955947136562,36.23348017621145
E01003326,1814.0,71.0,78.0,213.0,14.2,15.6,42.6,7.828004410143328,8.599779492833518,23.48401323042999
E01003327,1631.0,74.0,305.0,275.0,14.8,61.0,55.0,9.074187614960149,37.40036787247088,33.72164316370325
E01003328,1773.0,44.0,93.0,170.0,8.8,18.6,34.0,4.9633389734912585,10.490693739424705,19.176536943034407
E01003329,1641.0,35.0,76.0,142.0,7.0,15.2,28.4,4.2656916514320535,9.262644728823886,17.306520414381474
E01003330,1591.0,45.0,56.0,180.0,9.0,11.2,36.0,5.656819610307982,7.039597737272156,22.62727844123193
E01003331,1522.0,34.0,42.0,166.0,6.8,8.4,33.2,4.467805519053877,5.519053876478318,21.81340341655716
E01003332,1592.0,28.0,41.0,142.0,5.6,8.2,28.4,3.517587939698492,5.150753768844221,17.839195979899497
E01003333,1535.0,37.0,75.0,214.0,7.4,15.0,42.8,4.82084690553746,9.771986970684038,27.88273615635179
E01003334,1785.0,69.0,385.0,385.0,13.8,77.0,77.0,7.731092436974791,43.13725490196078,43.13725490196078
E01003335,1514.0,41.0,69.0,229.0,8.2,13.8,45.8,5.416116248348745,9.114927344782034,30.250990752972257
E01003336,1532.0,47.0,182.0,200.0,9.4,36.4,40.0,6.135770234986945,23.759791122715402,26.10966057441253
E01003337,1433.0,30.0,73.0,284.0,6.0,14.6,56.8,4.1870202372644805,10.188415910676902,39.63712491277041
E01003338,2027.0,73.0,150.0,306.0,14.6,30.0,61.2,7.202762703502713,14.80019733596448,30.19240256536754
E01003339,1690.0,36.0,83.0,208.0,7.2,16.6,41.6,4.260355029585798,9.822485207100593,24.615384615384617
E01003340,2067.0,53.0,119.0,157.0,10.6,23.8,31.4,5.128205128205129,11.514271891630383,15.191098209966134
E01003341,1383.0,33.0,52.0,127.0,6.6,10.4,25.4,4.7722342733188725,7.519884309472163,18.365871294287782
E01003342,1696.0,23.0,54.0,148.0,4.6,10.8,29.6,2.7122641509433962,6.367924528301887,17.452830188679243
E01003343,1451.0,25.0,48.0,117.0,5.0,9.6,23.4,3.445899379738112,6.616126809097174,16.126809097174363
E01003344,1674.0,36.0,67.0,160.0,7.2,13.4,32.0,4.301075268817204,8.004778972520908,19.115890083632017
E01003345,1960.0,45.0,117.0,159.0,9.0,23.4,31.8,4.591836734693878,11.938775510204081,16.224489795918366
E01003346,1669.0,55.0,124.0,289.0,11.0,24.8,57.8,6.5907729179149195,14.859197124026363,34.63151587777112
E01003347,1750.0,52.0,86.0,350.0,10.4,17.2,70.0,5.942857142857143,9.828571428571427,40.0
E01003348,1788.0,36.0,76.0,242.0,7.2,15.2,48.4,4.026845637583893,8.501118568232663,27.069351230425056
E01003349,1545.0,19.0,53.0,179.0,3.8,10.6,35.8,2.459546925566343,6.860841423948219,23.171521035598705
E01003350,1321.0,48.0,47.0,191.0,9.6,9.4,38.2,7.267221801665405,7.115821347464043,28.91748675246026
E01003351,1690.0,26.0,135.0,237.0,5.2,27.0,47.4,3.076923076923077,15.976331360946745,28.047337278106507
E01003352,2288.0,62.0,100.0,334.0,12.4,20.0,66.8,5.41958041958042,8.741258741258742,29.195804195804193
E01003353,1785.0,41.0,424.0,218.0,8.2,84.8,43.6,4.593837535014005,47.50700280112045,24.425770308123248
E01003354,2057.0,40.0,79.0,258.0,8.0,15.8,51.6,3.8891589693728728,7.681088964511424,25.085075352455032
E01003355,1768.0,37.0,150.0,123.0,7.4,30.0,24.6,4.1855203619909505,16.968325791855204,13.914027149321267
E01003356,1838.0,38.0,76.0,125.0,7.6,15.2,25.0,4.134929270946681,8.269858541893361,13.601741022850925
E01003357,1867.0,59.0,112.0,348.0,11.8,22.4,69.6,6.320299946438137,11.997857525441885,37.27905731119443
E01003358,1792.0,42.0,86.0,197.0,8.4,17.2,39.4,4.6875,9.598214285714285,21.986607142857142
E01003359,1748.0,49.0,88.0,224.0,9.8,17.6,44.8,5.606407322654463,10.068649885583525,25.62929061784897
E01003360,1788.0,26.0,194.0,169.0,5.2,38.8,33.8,2.9082774049217,21.700223713646533,18.90380313199105
E01003361,1672.0,31.0,73.0,102.0,6.2,14.6,20.4,3.708133971291866,8.732057416267942,12.200956937799042
E01003362,1382.0,16.0,21.0,79.0,3.2,4.2,15.8,2.3154848046309695,3.0390738060781475,11.432706222865413
E01003363,1698.0,26.0,53.0,109.0,5.2,10.6,21.8,3.0624263839811543,6.24263839811543,12.838633686690224
E01003364,1817.0,30.0,20.0,70.0,6.0,4.0,14.0,3.3021463951568517,2.201430930104568,7.705008255365988
E01003365,1486.0,23.0,16.0,37.0,4.6,3.2,7.4,3.095558546433378,2.1534320323014806,4.979811574697174
E01003366,1736.0,25.0,228.0,185.0,5.0,45.6,37.0,2.8801843317972353,26.267281105990786,21.31336405529954
E01003368,1672.0,30.0,25.0,134.0,6.0,5.0,26.8,3.5885167464114835,2.9904306220095696,16.028708133971293
E01003369,1641.0,19.0,71.0,99.0,3.8,14.2,19.8,2.3156611822059716,8.653260207190737,12.065813528336381
E01003370,1989.0,49.0,617.0,171.0,9.8,123.4,34.2,4.927099044746105,62.0412267471091,17.19457013574661
E01003371,1551.0,28.0,28.0,76.0,5.6,5.6,15.2,3.610573823339781,3.610573823339781,9.800128949065119
E01003372,1704.0,39.0,156.0,198.0,7.8,31.2,39.6,4.577464788732394,18.309859154929576,23.23943661971831
E01003373,1551.0,12.0,60.0,314.0,2.4,12.0,62.8,1.5473887814313345,7.7369439071566735,40.490006447453254
E01003374,1811.0,53.0,119.0,307.0,10.6,23.8,61.4,5.853119823302043,13.141910546659304,33.90392048591938
E01003375,1779.0,68.0,116.0,336.0,13.6,23.2,67.2,7.644744238336144,13.041034288926362,37.77403035413154
E01003376,1571.0,20.0,55.0,204.0,4.0,11.0,40.8,2.546148949713558,7.001909611712286,25.970719287078293
E01003377,1641.0,23.0,48.0,228.0,4.6,9.6,45.6,2.803168799512492,5.850091407678245,27.787934186471666
E01003378,2240.0,47.0,75.0,233.0,9.4,15.0,46.6,4.196428571428571,6.696428571428571,20.803571428571427
E01003379,2025.0,62.0,165.0,382.0,12.4,33.0,76.4,6.123456790123457,16.296296296296294,37.7283950617284
E01003380,1746.0,22.0,41.0,49.0,4.4,8.2,9.8,2.5200458190148916,4.696449026345934,5.61282932416953
E01003381,1572.0,24.0,47.0,64.0,4.8,9.4,12.8,3.0534351145038165,5.979643765903308,8.142493638676845
E01003382,1783.0,17.0,43.0,37.0,3.4,8.6,7.4,1.9068984856982614,4.823331463825014,4.150308468872686
E01003383,1647.0,51.0,1349.0,396.0,10.2,269.8,79.2,6.193078324225866,163.81299332119005,48.087431693989075
E01003384,1683.0,17.0,30.0,80.0,3.4,6.0,16.0,2.0202020202020203,3.5650623885918002,9.506833036244801
E01003385,1636.0,18.0,36.0,60.0,3.6,7.2,12.0,2.200488997555012,4.400977995110024,7.334963325183374
E01003386,2272.0,29.0,53.0,218.0,5.8,10.6,43.6,2.552816901408451,4.665492957746479,19.190140845070424
E01003387,2085.0,26.0,54.0,296.0,5.2,10.8,59.2,2.4940047961630696,5.179856115107913,28.39328537170264
E01003388,1727.0,27.0,39.0,178.0,5.4,7.8,35.6,3.1268094962362483,4.516502605674581,20.613781123335265
E01003389,1796.0,63.0,201.0,404.0,12.6,40.2,80.8,7.015590200445434,22.383073496659243,44.98886414253898
E01003390,1787.0,47.0,311.0,456.0,9.4,62.2,91.2,5.260212646894236,34.80693900391718,51.035254616676
E01003391,1322.0,31.0,37.0,230.0,6.2,7.4,46.0,4.689863842662632,5.597579425113464,34.79576399394856
E01003392,1416.0,15.0,62.0,143.0,3.0,12.4,28.6,2.1186440677966103,8.757062146892656,20.197740112994353
E01003393,1620.0,20.0,97.0,148.0,4.0,19.4,29.6,2.4691358024691357,11.975308641975309,18.271604938271608
E01003394,2064.0,34.0,71.0,214.0,6.8,14.2,42.8,3.294573643410853,6.87984496124031,20.73643410852713
E01003395,1636.0,36.0,64.0,141.0,7.2,12.8,28.2,4.400977995110024,7.8239608801956,17.237163814180928
E01003396,1507.0,24.0,48.0,87.0,4.8,9.6,17.4,3.18513603185136,6.37027206370272,11.54611811546118
E01003397,1522.0,42.0,50.0,178.0,8.4,10.0,35.6,5.519053876478318,6.570302233902759,23.390275952693827
E01003398,1911.0,56.0,147.0,180.0,11.2,29.4,36.0,5.86080586080586,15.384615384615383,18.838304552590266
E01003399,1406.0,16.0,26.0,55.0,3.2,5.2,11.0,2.275960170697013,3.6984352773826457,7.823613086770981
E01003400,1461.0,22.0,252.0,175.0,4.4,50.4,35.0,3.0116358658453115,34.496919917864474,23.956194387405887
E01003401,1408.0,37.0,328.0,192.0,7.4,65.6,38.4,5.255681818181818,46.590909090909086,27.27272727272727
E01003402,1487.0,48.0,211.0,94.0,9.6,42.2,18.8,6.455951580363147,28.379287155346336,12.642905178211164
E01003403,1481.0,25.0,62.0,66.0,5.0,12.4,13.2,3.37609723160027,8.372721134368671,8.912896691424713
E01003404,1833.0,34.0,38.0,90.0,6.8,7.6,18.0,3.7097654118930716,4.14620840152755,9.819967266775777
E01003405,2432.0,44.0,154.0,301.0,8.8,30.8,60.2,3.618421052631579,12.664473684210526,24.753289473684212
E01003406,1688.0,26.0,43.0,138.0,5.2,8.6,27.6,3.080568720379147,5.0947867298578196,16.350710900473935
E01003407,1945.0,32.0,64.0,158.0,6.4,12.8,31.6,3.290488431876607,6.580976863753214,16.246786632390748
E01003408,1948.0,29.0,63.0,157.0,5.8,12.6,31.4,2.97741273100616,6.468172484599589,16.119096509240247
E01003409,1800.0,37.0,49.0,217.0,7.4,9.8,43.4,4.111111111111112,5.444444444444445,24.11111111111111
E01003410,1633.0,20.0,59.0,208.0,4.0,11.8,41.6,2.449479485609308,7.225964482547459,25.474586650336807
E01003411,2035.0,32.0,63.0,213.0,6.4,12.6,42.6,3.1449631449631448,6.191646191646192,20.93366093366093
E01003412,1755.0,29.0,57.0,258.0,5.8,11.4,51.6,3.304843304843305,6.495726495726496,29.401709401709404
E01003413,2082.0,29.0,205.0,227.0,5.8,41.0,45.4,2.785782901056676,19.6926032660903,21.8059558117195
E01003414,1724.0,30.0,55.0,178.0,6.0,11.0,35.6,3.480278422273782,6.380510440835266,20.649651972157773
E01003415,2390.0,20.0,55.0,257.0,4.0,11.0,51.4,1.6736401673640167,4.602510460251046,21.506276150627617
E01003416,1586.0,33.0,39.0,159.0,6.6,7.8,31.8,4.161412358133669,4.918032786885245,20.05044136191677
E01003417,1591.0,26.0,15.0,84.0,5.2,3.0,16.8,3.268384663733501,1.8856065367693275,10.559396605908233
E01003418,1442.0,21.0,17.0,52.0,4.2,3.4,10.4,2.912621359223301,2.3578363384188625,7.212205270457698
E01003419,1824.0,22.0,40.0,129.0,4.4,8.0,25.8,2.412280701754386,4.385964912280701,14.144736842105264
E01003420,1483.0,21.0,34.0,63.0,4.2,6.8,12.6,2.832097100472016,4.585300067430883,8.496291301416047
E01003421,1594.0,24.0,22.0,100.0,4.8,4.4,20.0,3.0112923462986196,2.7603513174404015,12.547051442910917
E01003422,1465.0,27.0,67.0,107.0,5.4,13.4,21.4,3.6860068259385668,9.146757679180887,14.607508532423207
E01003423,1643.0,22.0,133.0,156.0,4.4,26.6,31.2,2.6780279975654295,16.18989653073646,18.98965307364577
E01003424,1533.0,36.0,17.0,42.0,7.2,3.4,8.4,4.6966731898238745,2.217873450750163,5.47945205479452
E01003425,1488.0,29.0,18.0,32.0,5.8,3.6,6.4,3.897849462365591,2.4193548387096775,4.301075268817204
E01003426,1756.0,38.0,41.0,126.0,7.6,8.2,25.2,4.328018223234624,4.669703872437357,14.350797266514805
E01003427,1976.0,56.0,590.0,363.0,11.2,118.0,72.6,5.668016194331983,59.716599190283404,36.74089068825911
E01003428,1515.0,30.0,51.0,99.0,6.0,10.2,19.8,3.9603960396039604,6.732673267326732,13.06930693069307
E01003429,1630.0,13.0,30.0,151.0,2.6,6.0,30.2,1.5950920245398772,3.6809815950920246,18.52760736196319
E01003430,1675.0,27.0,139.0,323.0,5.4,27.8,64.6,3.2238805970149254,16.597014925373134,38.56716417910447
E01003431,1702.0,23.0,33.0,198.0,4.6,6.6,39.6,2.7027027027027026,3.8777908343125733,23.266745005875443
E01003432,1705.0,23.0,43.0,201.0,4.6,8.6,40.2,2.697947214076246,5.043988269794721,23.577712609970675
E01003433,1595.0,18.0,47.0,226.0,3.6,9.4,45.2,2.2570532915360504,5.893416927899687,28.33855799373041
E01003434,1545.0,20.0,37.0,111.0,4.0,7.4,22.2,2.588996763754045,4.789644012944984,14.368932038834952
E01003435,2124.0,49.0,86.0,211.0,9.8,17.2,42.2,4.613935969868173,8.097928436911486,19.868173258003768
E01003436,1742.0,35.0,30.0,161.0,7.0,6.0,32.2,4.018369690011481,3.4443168771526977,18.484500574052813
E01003437,2031.0,45.0,87.0,145.0,9.0,17.4,29.0,4.431314623338257,8.567208271787296,14.278680452978827
E01003438,1827.0,20.0,51.0,225.0,4.0,10.2,45.0,2.1893814997263275,5.582922824302134,24.630541871921185
E01003439,1590.0,47.0,190.0,322.0,9.4,38.0,64.4,5.911949685534592,23.89937106918239,40.503144654088054
E01003440,1669.0,37.0,54.0,220.0,7.4,10.8,44.0,4.433792690233673,6.4709406830437395,26.363091671659678
E01003441,1898.0,31.0,64.0,241.0,6.2,12.8,48.2,3.266596417281349,6.743940990516333,25.395152792413068
E01003442,1682.0,39.0,27.0,84.0,7.8,5.4,16.8,4.637336504161712,3.2104637336504163,9.988109393579073
E01003443,1630.0,26.0,45.0,74.0,5.2,9.0,14.8,3.1901840490797544,5.521472392638037,9.079754601226995
E01003444,1611.0,24.0,29.0,74.0,4.8,5.8,14.8,2.97951582867784,3.6002482929857234,9.186840471756673
E01003445,1808.0,36.0,36.0,91.0,7.2,7.2,18.2,3.982300884955752,3.982300884955752,10.066371681415928
E01003446,1964.0,61.0,427.0,236.0,12.2,85.4,47.2,6.211812627291242,43.4826883910387,24.032586558044805
E01003447,1608.0,32.0,151.0,258.0,6.4,30.2,51.6,3.9800995024875627,18.781094527363184,32.08955223880597
E01003448,2301.0,49.0,54.0,169.0,9.8,10.8,33.8,4.259017818339853,4.693611473272491,14.689265536723163
E01003449,1873.0,29.0,40.0,105.0,5.8,8.0,21.0,3.0966364121729844,4.271222637479978,11.211959423384943
E01003450,1798.0,28.0,36.0,179.0,5.6,7.2,35.8,3.114571746384872,4.004449388209121,19.911012235817573
E01003451,1943.0,57.0,57.0,138.0,11.4,11.4,27.6,5.86721564590839,5.86721564590839,14.204837879567679
E01003452,2226.0,33.0,68.0,244.0,6.6,13.6,48.8,2.9649595687331534,6.109613656783468,21.92273135669362
E01003453,1839.0,38.0,306.0,238.0,7.6,61.2,47.6,4.13268080478521,33.278955954323,25.88363240891789
E01003454,1362.0,8.0,36.0,56.0,1.6,7.2,11.2,1.1747430249632893,5.286343612334802,8.223201174743025
E01003455,1670.0,25.0,55.0,146.0,5.0,11.0,29.2,2.9940119760479043,6.586826347305389,17.48502994011976
E01003456,1602.0,67.0,867.0,531.0,13.4,173.4,106.2,8.364544319600501,108.23970037453185,66.29213483146069
E01003457,1629.0,16.0,34.0,65.0,3.2,6.8,13.0,1.9643953345610805,4.174340085942296,7.980356046654389
E01003458,1757.0,14.0,67.0,73.0,2.8,13.4,14.6,1.593625498007968,7.626636311895276,8.309618668184404
E01003459,2181.0,36.0,120.0,171.0,7.2,24.0,34.2,3.3012379642365888,11.004126547455297,15.680880330123797
E01003460,1405.0,67.0,98.0,153.0,13.4,19.6,30.6,9.537366548042705,13.950177935943062,21.779359430604984
E01003461,1448.0,33.0,171.0,111.0,6.6,34.2,22.2,4.558011049723757,23.61878453038674,15.331491712707182
E01003462,1419.0,26.0,21.0,35.0,5.2,4.2,7.0,3.664552501761804,2.959830866807611,4.933051444679352
E01003463,1505.0,52.0,20.0,58.0,10.4,4.0,11.6,6.910299003322259,2.6578073089700998,7.707641196013288
E01003464,1389.0,54.0,95.0,101.0,10.8,19.0,20.2,7.7753779697624195,13.678905687544997,14.542836573074155
E01003465,1312.0,48.0,22.0,55.0,9.6,4.4,11.0,7.317073170731707,3.353658536585366,8.384146341463415
E01003466,1711.0,18.0,24.0,76.0,3.6,4.8,15.2,2.104032729398013,2.805376972530684,8.883693746347165
E01003467,1766.0,32.0,21.0,72.0,6.4,4.2,14.4,3.62400906002265,2.3782559456398644,8.154020385050963
E01003468,1761.0,29.0,30.0,68.0,5.8,6.0,13.6,3.2935831913685405,3.4071550255536627,7.722884724588302
E01003469,1651.0,43.0,336.0,155.0,8.6,67.2,31.0,5.208964264082374,40.702604482132045,18.77649909145972
E01003470,1998.0,53.0,96.0,182.0,10.6,19.2,36.4,5.305305305305305,9.60960960960961,18.21821821821822
E01003471,1723.0,31.0,437.0,209.0,6.2,87.4,41.8,3.598374927452119,50.72547881601858,24.260011607661056
E01003472,1352.0,14.0,24.0,62.0,2.8,4.8,12.4,2.0710059171597632,3.5502958579881656,9.171597633136095
E01003473,1472.0,21.0,110.0,73.0,4.2,22.0,14.6,2.8532608695652173,14.945652173913045,9.918478260869565
E01003474,1355.0,29.0,32.0,36.0,5.8,6.4,7.2,4.280442804428044,4.723247232472325,5.313653136531366
E01003476,1335.0,27.0,44.0,105.0,5.4,8.8,21.0,4.044943820224719,6.591760299625469,15.730337078651687
E01003477,1596.0,29.0,189.0,91.0,5.8,37.8,18.2,3.634085213032581,23.684210526315788,11.403508771929824
E01003478,1911.0,74.0,136.0,96.0,14.8,27.2,19.2,7.744636316064888,14.23338566195709,10.047095761381476
E01003479,1547.0,37.0,76.0,242.0,7.4,15.2,48.4,4.7834518422753725,9.825468648998061,31.286360698125403
E01003480,2012.0,45.0,120.0,180.0,9.0,24.0,36.0,4.473161033797217,11.928429423459244,17.892644135188867
E01003481,1476.0,57.0,210.0,277.0,11.4,42.0,55.4,7.723577235772358,28.455284552845526,37.53387533875339
E01003483,1654.0,38.0,78.0,198.0,7.6,15.6,39.6,4.594921402660217,9.431680773881498,23.941958887545347
E01003484,1798.0,16.0,35.0,106.0,3.2,7.0,21.2,1.7797552836484984,3.89321468298109,11.7908787541713
E01003485,1688.0,15.0,57.0,113.0,3.0,11.4,22.6,1.777251184834123,6.753554502369669,13.388625592417062
E01003486,1206.0,31.0,447.0,380.0,6.2,89.4,76.0,5.140961857379768,74.12935323383086,63.01824212271974
E01003487,1353.0,13.0,50.0,393.0,2.6,10.0,78.6,1.9216555801921655,7.390983000739098,58.09312638580931
E01003488,1983.0,38.0,94.0,234.0,7.6,18.8,46.8,3.8325769036812907,9.480584972264246,23.600605143721634
E01003489,2993.0,81.0,266.0,322.0,16.2,53.2,64.4,5.41262946876044,17.774807885065155,21.516872702973608
E01003490,1994.0,25.0,91.0,249.0,5.0,18.2,49.8,2.507522567703109,9.127382146439317,24.974924774322965
E01003491,1980.0,58.0,601.0,361.0,11.6,120.2,72.2,5.858585858585858,60.70707070707071,36.464646464646464
E01003492,2032.0,26.0,83.0,148.0,5.2,16.6,29.6,2.559055118110236,8.169291338582678,14.566929133858268
E01003494,2116.0,15.0,72.0,188.0,3.0,14.4,37.6,1.4177693761814745,6.805293005671078,17.76937618147448
E01003495,2075.0,23.0,48.0,126.0,4.6,9.6,25.2,2.216867469879518,4.626506024096385,12.144578313253012
E01003496,1342.0,18.0,133.0,193.0,3.6,26.6,38.6,2.682563338301043,19.821162444113263,28.763040238450074
E01003497,1648.0,116.0,447.0,338.0,23.2,89.4,67.6,14.077669902912621,54.24757281553398,41.019417475728154
E01003498,1868.0,50.0,111.0,278.0,10.0,22.2,55.6,5.353319057815845,11.884368308351178,29.764453961456102
E01003499,2373.0,90.0,240.0,406.0,18.0,48.0,81.2,7.585335018963337,20.2275600505689,34.21828908554572
E01003500,2049.0,79.0,170.0,289.0,15.8,34.0,57.8,7.711078574914593,16.593460224499758,28.208882381649584
E01003501,2355.0,58.0,141.0,256.0,11.6,28.2,51.2,4.925690021231422,11.974522292993631,21.740976645435246
E01003502,2671.0,118.0,380.0,507.0,23.6,76.0,101.4,8.835642081617372,28.45376263571696,37.96330962186447
E01003503,2882.0,126.0,563.0,471.0,25.2,112.6,94.2,8.743927827897293,39.07009021512838,32.68563497571132
E01003506,1425.0,31.0,142.0,150.0,6.2,28.4,30.0,4.350877192982456,19.92982456140351,21.052631578947366
E01003507,2261.0,69.0,212.0,337.0,13.8,42.4,67.4,6.103494029190624,18.752764263600174,29.80981866430783
E01003508,2558.0,93.0,135.0,247.0,18.6,27.0,49.4,7.271305707584051,10.555121188428458,19.311962470680218
E01003509,2065.0,22.0,68.0,184.0,4.4,13.6,36.8,2.1307506053268765,6.5859564164648905,17.820823244552056
E01003511,1922.0,32.0,63.0,138.0,6.4,12.6,27.6,3.3298647242455774,6.55567117585848,14.360041623309055
E01003512,1980.0,52.0,120.0,262.0,10.4,24.0,52.4,5.252525252525253,12.121212121212121,26.464646464646464
E01003513,1562.0,31.0,142.0,182.0,6.2,28.4,36.4,3.969270166453265,18.18181818181818,23.303457106274006
E01003514,1658.0,15.0,68.0,205.0,3.0,13.6,41.0,1.8094089264173703,8.202653799758746,24.728588661037396
E01003515,2108.0,96.0,558.0,509.0,19.2,111.6,101.8,9.108159392789373,52.94117647058823,48.292220113852
E01003516,1889.0,28.0,104.0,274.0,5.6,20.8,54.8,2.9645314981471675,11.011116993118053,29.010058231868715
E01003517,1884.0,31.0,662.0,300.0,6.2,132.4,60.0,3.290870488322718,70.276008492569,31.84713375796178
E01003518,1638.0,21.0,34.0,149.0,4.2,6.8,29.8,2.5641025641025643,4.151404151404152,18.192918192918196
E01003519,1619.0,25.0,48.0,107.0,5.0,9.6,21.4,3.0883261272390365,5.92958616429895,13.218035824583074
E01003520,1983.0,50.0,1348.0,553.0,10.0,269.6,110.6,5.042864346949067,135.95562279374687,55.77407967725668
E01003521,2172.0,133.0,3332.0,813.0,26.6,666.4,162.6,12.246777163904236,306.8139963167588,74.86187845303867
E01003522,1852.0,28.0,59.0,166.0,5.6,11.8,33.2,3.023758099352052,6.371490280777538,17.926565874730024
E01003523,2464.0,81.0,283.0,383.0,16.2,56.6,76.6,6.574675324675324,22.97077922077922,31.087662337662334
E01003524,1930.0,33.0,91.0,186.0,6.6,18.2,37.2,3.419689119170984,9.430051813471502,19.27461139896373
E01003525,2076.0,64.0,397.0,367.0,12.8,79.4,73.4,6.165703275529865,38.2466281310212,35.356454720616576
E01003526,1880.0,20.0,143.0,259.0,4.0,28.6,51.8,2.127659574468085,15.212765957446809,27.5531914893617
E01003527,1828.0,36.0,68.0,139.0,7.2,13.6,27.8,3.938730853391685,7.439824945295404,15.207877461706783
E01003528,1359.0,10.0,48.0,116.0,2.0,9.6,23.2,1.4716703458425313,7.06401766004415,17.071376011773364
E01003529,2417.0,19.0,170.0,228.0,3.8,34.0,45.6,1.5721969383533305,14.067025237898221,18.866363260239968
E01003530,1893.0,24.0,71.0,147.0,4.8,14.2,29.4,2.535657686212361,7.501320655044902,15.530903328050712
E01003531,2253.0,38.0,394.0,378.0,7.6,78.8,75.6,3.3732800710164224,34.97558810474923,33.55525965379494
E01003532,2309.0,18.0,111.0,179.0,3.6,22.2,35.8,1.559116500649632,9.614551754006063,15.504547423126894
E01003533,2315.0,32.0,82.0,222.0,6.4,16.4,44.4,2.764578833693305,7.084233261339093,19.1792656587473
E01003534,2323.0,30.0,141.0,239.0,6.0,28.2,47.8,2.582866982350409,12.139474817046922,20.576840292724924
E01003535,1856.0,51.0,98.0,268.0,10.2,19.6,53.6,5.495689655172414,10.560344827586206,28.879310344827587
E01003536,2120.0,50.0,52.0,202.0,10.0,10.4,40.4,4.716981132075471,4.905660377358491,19.056603773584907
E01003537,2161.0,32.0,161.0,250.0,6.4,32.2,50.0,2.9615918556223972,14.900509023600186,23.13743637204998
E01003538,2137.0,56.0,153.0,289.0,11.2,30.6,57.8,5.2409920449227885,14.319138979878336,27.047262517547964
E01003539,2516.0,30.0,95.0,267.0,6.0,19.0,53.4,2.3847376788553256,7.551669316375199,21.2241653418124
E01003540,2031.0,34.0,73.0,242.0,6.8,14.6,48.4,3.348104382077794,7.188577055637617,23.830625307730184
E01003541,2022.0,28.0,73.0,223.0,5.6,14.6,44.6,2.7695351137487636,7.220573689416419,22.05736894164194
E01003542,2234.0,44.0,175.0,249.0,8.8,35.0,49.8,3.939122649955238,15.66696508504924,22.291853178155772
E01003543,2333.0,57.0,183.0,283.0,11.4,36.6,56.6,4.88641234462066,15.687955422203173,24.26060865837977
E01003544,1811.0,60.0,162.0,365.0,12.0,32.4,73.0,6.6261733848702375,17.890668139149643,40.309221424627275
E01003545,1753.0,21.0,96.0,213.0,4.2,19.2,42.6,2.3958927552766687,10.952652595550484,24.30119794637764
E01003546,1788.0,29.0,83.0,172.0,5.8,16.6,34.4,3.243847874720358,9.284116331096197,19.23937360178971
E01003547,1955.0,18.0,64.0,168.0,3.6,12.8,33.6,1.8414322250639388,6.547314578005115,17.186700767263428
E01003548,2248.0,40.0,118.0,284.0,8.0,23.6,56.8,3.558718861209964,10.498220640569395,25.266903914590745
E01003549,2119.0,43.0,108.0,239.0,8.6,21.6,47.8,4.058518168947617,10.193487494100992,22.557810287871636
E01003550,1779.0,28.0,106.0,182.0,5.6,21.2,36.4,3.147835862844294,11.9168071950534,20.460933108487914
E01003551,1830.0,30.0,86.0,254.0,6.0,17.2,50.8,3.278688524590164,9.398907103825136,27.75956284153005
E01003552,1597.0,29.0,54.0,157.0,5.8,10.8,31.4,3.6318096430807763,6.762680025046964,19.66186599874765
E01003553,2021.0,66.0,299.0,392.0,13.2,59.8,78.4,6.531420089064819,29.589312221672436,38.79267689262741
E01003554,1899.0,37.0,91.0,184.0,7.4,18.2,36.8,3.8967877830437074,9.5839915745129,19.378620326487624
E01003555,1884.0,22.0,70.0,126.0,4.4,14.0,25.2,2.3354564755838645,7.43099787685775,13.375796178343947
E01003556,1969.0,81.0,533.0,531.0,16.2,106.6,106.2,8.227526663280853,54.13915693245302,53.93600812595226
E01003557,1956.0,54.0,239.0,284.0,10.8,47.8,56.8,5.521472392638037,24.43762781186094,29.038854805725972
E01003558,1715.0,64.0,296.0,512.0,12.8,59.2,102.4,7.463556851311954,34.518950437317784,59.70845481049563
E01003559,2390.0,74.0,296.0,297.0,14.8,59.2,59.4,6.1924686192468625,24.76987447698745,24.853556485355647
E01003560,1676.0,16.0,52.0,193.0,3.2,10.4,38.6,1.9093078758949882,6.205250596658712,23.031026252983292
E01003561,1714.0,26.0,85.0,126.0,5.2,17.0,25.2,3.0338389731621938,9.918319719953326,14.7024504084014
E01003562,2100.0,22.0,110.0,207.0,4.4,22.0,41.4,2.0952380952380953,10.476190476190476,19.71428571428571
E01003563,2620.0,17.0,133.0,181.0,3.4,26.6,36.2,1.297709923664122,10.15267175572519,13.816793893129772
E01003564,2367.0,52.0,241.0,270.0,10.4,48.2,54.0,4.393747359526827,20.36332910857626,22.813688212927758
E01003565,2089.0,22.0,85.0,129.0,4.4,17.0,25.8,2.106270943034945,8.13786500718047,12.350406893250359
E01003566,1962.0,88.0,773.0,402.0,17.6,154.6,80.4,8.970438328236494,78.79714576962283,40.97859327217126
E01003567,1936.0,29.0,195.0,278.0,5.8,39.0,55.6,2.995867768595041,20.144628099173552,28.71900826446281
E01003568,2586.0,11.0,67.0,151.0,2.2,13.4,30.2,0.8507347254447023,5.181747873163186,11.678267594740912
E01003569,2465.0,81.0,1620.0,348.0,16.2,324.0,69.6,6.572008113590264,131.44016227180526,28.235294117647058
E01003570,1908.0,34.0,213.0,482.0,6.8,42.6,96.4,3.5639412997903563,22.327044025157235,50.524109014675055
E01003571,2278.0,22.0,116.0,255.0,4.4,23.2,51.0,1.9315188762071993,10.184372256365231,22.388059701492537
E01003572,1674.0,10.0,63.0,206.0,2.0,12.6,41.2,1.194743130227001,7.526881720430107,24.611708482676224
E01003573,2329.0,38.0,394.0,205.0,7.6,78.8,41.0,3.2632030914555603,33.834263632460285,17.604121940747103
E01003574,2549.0,36.0,162.0,339.0,7.2,32.4,67.8,2.824637112593174,12.710867006669282,26.59866614358572
E01003575,1659.0,29.0,85.0,171.0,5.8,17.0,34.2,3.496081977094635,10.247136829415311,20.61482820976492
E01003576,1801.0,63.0,167.0,349.0,12.6,33.4,69.8,6.99611327040533,18.545252637423655,38.75624652970572
E01003577,2387.0,45.0,112.0,284.0,9.0,22.4,56.8,3.7704231252618348,9.3841642228739,23.795559279430247
E01003578,1994.0,42.0,296.0,329.0,8.4,59.2,65.8,4.212637913741224,29.689067201604814,32.99899699097292
E01003579,1986.0,27.0,75.0,165.0,5.4,15.0,33.0,2.719033232628399,7.552870090634442,16.61631419939577
E01003580,2001.0,31.0,100.0,212.0,6.2,20.0,42.4,3.0984507746126937,9.995002498750626,21.18940529735132
E01003581,1802.0,21.0,108.0,223.0,4.2,21.6,44.6,2.330743618201998,11.986681465038847,24.750277469478355
E01003582,1598.0,12.0,49.0,136.0,2.4,9.8,27.2,1.5018773466833542,6.132665832290363,17.02127659574468
E01003583,2096.0,40.0,81.0,167.0,8.0,16.2,33.4,3.8167938931297707,7.729007633587786,15.935114503816795
E01003584,1916.0,27.0,74.0,162.0,5.4,14.8,32.4,2.8183716075156577,7.724425887265136,16.910229645093946
E01003585,1628.0,15.0,42.0,175.0,3.0,8.4,35.0,1.8427518427518428,5.15970515970516,21.4987714987715
E01003586,1833.0,30.0,128.0,233.0,6.0,25.6,46.6,3.273322422258593,13.966175668303329,25.422804146208403
E01003587,2486.0,53.0,226.0,250.0,10.6,45.2,50.0,4.263877715205148,18.181818181818183,20.11263073209976
E01003588,1560.0,16.0,39.0,147.0,3.2,7.8,29.4,2.051282051282051,5.0,18.846153846153847
E01003589,1856.0,32.0,83.0,182.0,6.4,16.6,36.4,3.4482758620689657,8.943965517241379,19.61206896551724
E01003590,1607.0,42.0,127.0,222.0,8.4,25.4,44.4,5.227131300560051,15.80584940883634,27.629122588674548
E01003591,2256.0,66.0,306.0,425.0,13.2,61.2,85.0,5.8510638297872335,27.127659574468087,37.677304964539005
E01003592,1888.0,45.0,100.0,280.0,9.0,20.0,56.0,4.766949152542373,10.59322033898305,29.661016949152543
E01003593,1508.0,38.0,307.0,192.0,7.6,61.4,38.4,5.039787798408488,40.716180371352785,25.46419098143236
E01003594,1830.0,34.0,86.0,203.0,6.8,17.2,40.6,3.7158469945355193,9.398907103825136,22.18579234972678
E01003595,1810.0,50.0,112.0,210.0,10.0,22.4,42.0,5.524861878453039,12.375690607734805,23.204419889502763
E01003596,1717.0,24.0,83.0,219.0,4.8,16.6,43.8,2.7955736750145603,9.668025626092023,25.50960978450786
E01003597,2189.0,12.0,40.0,146.0,2.4,8.0,29.2,1.0963910461397899,3.6546368204659663,13.339424394700776
E01003598,1894.0,40.0,90.0,263.0,8.0,18.0,52.6,4.223864836325237,9.503695881731785,27.771911298838436
E01003599,1650.0,22.0,90.0,213.0,4.4,18.0,42.6,2.666666666666667,10.90909090909091,25.81818181818182
E01003600,1629.0,61.0,413.0,210.0,12.2,82.6,42.0,7.489257213014119,50.705954573357886,25.78268876611418
E01003601,2201.0,76.0,312.0,1424.0,15.2,62.4,284.8,6.905951840072694,28.3507496592458,129.39572921399363
E01003602,2187.0,37.0,119.0,271.0,7.4,23.8,54.2,3.3836305441243715,10.882487425697303,24.782807498856883
E01003603,1940.0,36.0,263.0,554.0,7.2,52.6,110.8,3.7113402061855667,27.113402061855673,57.113402061855666
E01003604,2290.0,64.0,119.0,255.0,12.8,23.8,51.0,5.589519650655022,10.393013100436681,22.2707423580786
E01003605,2070.0,65.0,154.0,272.0,13.0,30.8,54.4,6.280193236714975,14.879227053140097,26.280193236714975
E01003607,1895.0,61.0,109.0,266.0,12.2,21.8,53.2,6.437994722955144,11.50395778364116,28.07387862796834
E01003608,2034.0,37.0,86.0,125.0,7.4,17.2,25.0,3.6381514257620453,8.456243854473943,12.291052114060964
E01003611,1961.0,30.0,90.0,262.0,6.0,18.0,52.4,3.0596634370219276,9.178990311065782,26.721060683324833
E01003615,1703.0,45.0,152.0,197.0,9.0,30.4,39.4,5.28479154433353,17.850851438637697,23.135642982971227
E01003616,1846.0,88.0,393.0,262.0,17.6,78.6,52.4,9.534127843987,42.57854821235102,28.385698808234018
E01003618,2269.0,73.0,1266.0,465.0,14.6,253.2,93.0,6.434552666372851,111.59100925517849,40.98721903922433
E01003619,2483.0,82.0,416.0,567.0,16.4,83.2,113.4,6.604913411196133,33.50785340314137,45.67055980668546
E01003621,1652.0,10.0,54.0,162.0,2.0,10.8,32.4,1.2106537530266344,6.537530266343826,19.612590799031477
E01003622,1821.0,43.0,205.0,367.0,8.6,41.0,73.4,4.72267984623833,22.515101592531575,40.30752333882483
E01003623,1756.0,40.0,80.0,296.0,8.0,16.0,59.2,4.555808656036446,9.111617312072893,33.71298405466971
E01003624,1689.0,42.0,77.0,177.0,8.4,15.4,35.4,4.9733570159857905,9.11782119597395,20.959147424511546
E01003625,1682.0,16.0,73.0,161.0,3.2,14.6,32.2,1.9024970273483948,8.680142687277051,19.143876337693225
E01003626,1682.0,7.0,51.0,151.0,1.4,10.2,30.2,0.8323424494649226,6.064209274673008,17.954815695600477
E01003627,1525.0,16.0,53.0,115.0,3.2,10.6,23.0,2.098360655737705,6.950819672131147,15.081967213114755
E01003628,1691.0,15.0,46.0,127.0,3.0,9.2,25.4,1.7740981667652278,5.440567711413364,15.020697811945594
E01003629,1947.0,17.0,59.0,149.0,3.4,11.8,29.8,1.746276322547509,6.0606060606060606,15.305598356445813
E01003630,1890.0,62.0,227.0,288.0,12.4,45.4,57.6,6.560846560846562,24.02116402116402,30.476190476190474
E01003631,1866.0,23.0,90.0,199.0,4.6,18.0,39.8,2.4651661307609856,9.64630225080386,21.329046087888532
E01003632,2425.0,17.0,67.0,186.0,3.4,13.4,37.2,1.4020618556701032,5.525773195876289,15.34020618556701
E01003633,1857.0,36.0,82.0,261.0,7.2,16.4,52.2,3.877221324717286,8.83144857296715,28.109854604200326
E01003634,1751.0,28.0,75.0,202.0,5.6,15.0,40.4,3.1981724728726437,8.566533409480297,23.072529982866932
E01003635,1825.0,34.0,122.0,211.0,6.8,24.4,42.2,3.7260273972602738,13.36986301369863,23.123287671232877
E01003636,2197.0,67.0,197.0,394.0,13.4,39.4,78.8,6.099226217569413,17.93354574419663,35.86709148839326
E01003637,1889.0,23.0,47.0,164.0,4.6,9.4,32.8,2.4351508734780305,4.976177871889889,17.363684489147694
E01003638,1907.0,55.0,270.0,218.0,11.0,54.0,43.6,5.768222338751967,28.316727844782378,22.863135815416886
E01003639,2256.0,46.0,187.0,209.0,9.2,37.4,41.8,4.078014184397163,16.578014184397162,18.52836879432624
E01003640,1958.0,50.0,96.0,187.0,10.0,19.2,37.4,5.107252298263534,9.805924412665986,19.10112359550562
E01003641,2035.0,26.0,65.0,149.0,5.2,13.0,29.8,2.5552825552825555,6.388206388206388,14.643734643734645
E01003642,1766.0,32.0,101.0,316.0,6.4,20.2,63.2,3.62400906002265,11.438278595696488,35.787089467723675
E01003643,2275.0,23.0,45.0,115.0,4.6,9.0,23.0,2.0219780219780215,3.956043956043956,10.109890109890111
E01003644,1656.0,20.0,43.0,92.0,4.0,8.6,18.4,2.4154589371980677,5.193236714975845,11.111111111111109
E01003645,2787.0,65.0,693.0,449.0,13.0,138.6,89.8,4.664513814137065,49.730893433799785,32.221026193039116
E01003646,1916.0,47.0,146.0,236.0,9.4,29.2,47.2,4.906054279749478,15.240083507306888,24.634655532359083
E01003647,1969.0,43.0,98.0,180.0,8.6,19.6,36.0,4.367699339766379,9.95429151853733,18.28339258506856
E01003648,1513.0,28.0,29.0,66.0,5.6,5.8,13.2,3.701255783212161,3.8334434897554526,8.724388631857236
E01003649,1676.0,18.0,29.0,107.0,3.6,5.8,21.4,2.1479713603818618,3.4606205250596656,12.768496420047732
E01003650,1779.0,32.0,49.0,134.0,6.4,9.8,26.8,3.5975267003934794,5.508712759977516,15.064643057897696
E01003651,1516.0,20.0,25.0,75.0,4.0,5.0,15.0,2.638522427440633,3.2981530343007917,9.894459102902376
E01003652,1615.0,26.0,20.0,65.0,5.2,4.0,13.0,3.2198142414860684,2.476780185758514,8.049535603715169
E01003653,2163.0,54.0,208.0,317.0,10.8,41.6,63.4,4.993065187239945,19.232547387887195,29.311141932501155
E01003654,1702.0,19.0,34.0,132.0,3.8,6.8,26.4,2.2326674500587544,3.9952996474735607,15.511163337250293
E01003655,1571.0,31.0,47.0,103.0,6.2,9.4,20.6,3.946530872056015,5.9834500318268615,13.112667091024827
E01003656,1559.0,42.0,76.0,210.0,8.4,15.2,42.0,5.388069275176395,9.749839640795381,26.940346375881976
E01003657,2168.0,62.0,149.0,207.0,12.4,29.8,41.4,5.719557195571956,13.74538745387454,19.095940959409592
E01003658,1720.0,31.0,69.0,203.0,6.2,13.8,40.6,3.604651162790698,8.02325581395349,23.6046511627907
E01003659,1756.0,27.0,138.0,105.0,5.4,27.6,21.0,3.0751708428246016,15.71753986332574,11.958997722095672
E01003660,1775.0,18.0,34.0,76.0,3.6,6.8,15.2,2.0281690140845074,3.830985915492958,8.56338028169014
E01003661,2225.0,61.0,73.0,190.0,12.2,14.6,38.0,5.4831460674157295,6.561797752808988,17.07865168539326
E01003662,2142.0,57.0,155.0,320.0,11.4,31.0,64.0,5.322128851540616,14.472455648926237,29.878618113912232
E01003663,1959.0,33.0,62.0,207.0,6.6,12.4,41.4,3.3690658499234303,6.329760081674324,21.133231240428792
E01003664,1911.0,18.0,32.0,165.0,3.6,6.4,33.0,1.8838304552590268,3.3490319204604924,17.26844583987441
E01003665,1710.0,21.0,33.0,121.0,4.2,6.6,24.2,2.456140350877193,3.859649122807017,14.15204678362573
E01003666,2903.0,57.0,485.0,314.0,11.4,97.0,62.8,3.926972097829831,33.413709955218735,21.632793661729245
E01003668,1719.0,67.0,201.0,115.0,13.4,40.2,23.0,7.795229784758581,23.38568935427574,13.379872018615474
E01003669,1549.0,34.0,156.0,79.0,6.8,31.2,15.8,4.389928986442866,20.142027114267268,10.200129115558424
E01003670,1532.0,27.0,28.0,111.0,5.4,5.6,22.2,3.524804177545692,3.655352480417754,14.490861618798956
E01003671,1557.0,32.0,17.0,30.0,6.4,3.4,6.0,4.110468850353244,2.1836865767501603,3.8535645472061657
E01003672,1697.0,58.0,94.0,128.0,11.6,18.8,25.6,6.835592221567471,11.07837360047142,15.085444902769593
E01003673,1917.0,29.0,38.0,140.0,5.8,7.6,28.0,3.0255607720396456,3.96452790818988,14.606155451225874
E01003674,2424.0,88.0,694.0,334.0,17.6,138.8,66.8,7.2607260726072615,57.26072607260726,27.557755775577558
E01003675,1723.0,39.0,67.0,204.0,7.8,13.4,40.8,4.526987811955891,7.777132907719095,23.679628554846197
E01003676,1941.0,19.0,31.0,124.0,3.8,6.2,24.8,1.9577537351880472,3.194229778464709,12.776919113858836
E01003677,1808.0,33.0,239.0,195.0,6.6,47.8,39.0,3.650442477876106,26.438053097345133,21.57079646017699
E01003678,1639.0,30.0,38.0,108.0,6.0,7.6,21.6,3.6607687614399023,4.636973764490543,13.17876754118365
E01003679,1759.0,31.0,30.0,145.0,6.2,6.0,29.0,3.524729960204662,3.411028993746447,16.48664013644116
E01003680,1667.0,82.0,352.0,84.0,16.4,70.4,16.8,9.838032393521296,42.23155368926215,10.077984403119377
E01003681,2026.0,24.0,85.0,235.0,4.8,17.0,47.0,2.3692003948667324,8.390918065153011,23.198420533070088
E01003682,1858.0,28.0,26.0,115.0,5.6,5.2,23.0,3.013993541442411,2.798708288482239,12.378902045209902
E01003683,2187.0,32.0,65.0,222.0,6.4,13.0,44.4,2.9263831732967533,5.94421582075903,20.301783264746227
E01003684,1866.0,28.0,55.0,214.0,5.6,11.0,42.8,3.0010718113612,5.894962486602358,22.936763129689172
E01003685,1925.0,45.0,75.0,223.0,9.0,15.0,44.6,4.675324675324675,7.792207792207792,23.16883116883117
E01003686,2020.0,31.0,101.0,266.0,6.2,20.2,53.2,3.0693069306930694,10.0,26.33663366336634
E01003688,1842.0,31.0,121.0,362.0,6.2,24.2,72.4,3.365906623235613,13.137893593919653,39.30510314875136
E01003689,2231.0,166.0,3867.0,1092.0,33.2,773.4,218.4,14.881219184222322,346.66069027342,97.89332138054685
E01003690,2155.0,118.0,450.0,481.0,23.6,90.0,96.2,10.951276102088167,41.76334106728538,44.640371229698374
E01003691,1606.0,21.0,43.0,112.0,4.2,8.6,22.4,2.6151930261519305,5.35491905354919,13.94769613947696
E01003692,1642.0,23.0,63.0,252.0,4.6,12.6,50.4,2.8014616321559074,7.673568818514007,30.69427527405603
E01003693,1702.0,19.0,32.0,103.0,3.8,6.4,20.6,2.2326674500587544,3.760282021151587,12.10340775558167
E01003694,1467.0,21.0,40.0,152.0,4.2,8.0,30.4,2.8629856850715747,5.453306066802999,20.722563053851395
E01003695,1523.0,22.0,33.0,237.0,4.4,6.6,47.4,2.8890347997373604,4.33355219960604,31.122783978988835
E01003696,1784.0,32.0,35.0,115.0,6.4,7.0,23.0,3.587443946188341,3.9237668161434978,12.892376681614351
E01003697,1728.0,38.0,372.0,230.0,7.6,74.4,46.0,4.398148148148148,43.055555555555564,26.62037037037037
E01003698,1526.0,14.0,27.0,111.0,2.8,5.4,22.2,1.8348623853211008,3.5386631716906947,14.5478374836173
E01003699,1554.0,40.0,100.0,163.0,8.0,20.0,32.6,5.148005148005148,12.87001287001287,20.97812097812098
E01003700,2525.0,37.0,79.0,283.0,7.4,15.8,56.6,2.9306930693069306,6.257425742574258,22.415841584158414
E01003701,2053.0,65.0,299.0,284.0,13.0,59.8,56.8,6.3321967851924015,29.128105211885046,27.6668290306868
E01003702,2252.0,27.0,80.0,204.0,5.4,16.0,40.8,2.3978685612788633,7.104795737122558,18.117229129662523
E01003703,2651.0,30.0,52.0,208.0,6.0,10.4,41.6,2.263296869105998,3.9230479064503965,15.692191625801586
E01003704,2032.0,55.0,323.0,286.0,11.0,64.6,57.2,5.413385826771654,31.791338582677167,28.1496062992126
E01003705,2420.0,46.0,330.0,276.0,9.2,66.0,55.2,3.8016528925619832,27.27272727272727,22.8099173553719
E01003706,1702.0,18.0,30.0,149.0,3.6,6.0,29.8,2.1151586368977675,3.5252643948296125,17.508813160987074
E01003707,1529.0,41.0,27.0,111.0,8.2,5.4,22.2,5.362982341399607,3.531720078482669,14.519293655984303
E01003708,2064.0,30.0,53.0,291.0,6.0,10.6,58.2,2.9069767441860463,5.135658914728682,28.197674418604652
E01003709,1772.0,12.0,20.0,90.0,2.4,4.0,18.0,1.3544018058690745,2.257336343115124,10.158013544018058
E01003710,1520.0,19.0,32.0,114.0,3.8,6.4,22.8,2.5,4.2105263157894735,15.000000000000002
E01003711,1912.0,38.0,226.0,223.0,7.6,45.2,44.6,3.9748953974895396,23.640167364016737,23.326359832635983
E01003712,1500.0,20.0,35.0,145.0,4.0,7.0,29.0,2.6666666666666665,4.666666666666667,19.333333333333336
E01003713,1884.0,35.0,45.0,203.0,7.0,9.0,40.6,3.715498938428875,4.777070063694267,21.549893842887474
E01003714,2424.0,60.0,180.0,349.0,12.0,36.0,69.8,4.9504950495049505,14.85148514851485,28.795379537953796
E01003715,2216.0,38.0,73.0,265.0,7.6,14.6,53.0,3.4296028880866425,6.588447653429603,23.91696750902527
E01003716,1819.0,28.0,66.0,209.0,5.6,13.2,41.8,3.078614623419461,7.25673446948873,22.97965915338098
E01003718,2003.0,35.0,64.0,218.0,7.0,12.8,43.6,3.494757863205192,6.390414378432352,21.7673489765352
E01003719,2404.0,72.0,192.0,392.0,14.4,38.4,78.4,5.990016638935109,15.973377703826955,32.61231281198003
E01003720,1922.0,47.0,230.0,274.0,9.4,46.0,54.8,4.890738813735692,23.933402705515086,28.51196670135276
E01003721,1895.0,36.0,147.0,198.0,7.2,29.4,39.6,3.799472295514512,15.514511873350923,20.897097625329817
E01003722,2418.0,23.0,55.0,244.0,4.6,11.0,48.8,1.9023986765922247,4.549214226633582,20.18196856906534
E01003723,1915.0,35.0,62.0,351.0,7.0,12.4,70.2,3.655352480417754,6.4751958224543085,36.6579634464752
E01003724,1483.0,15.0,35.0,89.0,3.0,7.0,17.8,2.0229265003371544,4.720161834120027,12.002697235333784
E01003725,1760.0,16.0,37.0,160.0,3.2,7.4,32.0,1.8181818181818181,4.204545454545455,18.18181818181818
E01003726,2527.0,72.0,113.0,349.0,14.4,22.6,69.8,5.698456667985754,8.943411159477641,27.621685793430945
E01003727,1781.0,24.0,66.0,197.0,4.8,13.2,39.4,2.695115103874228,7.411566535654127,22.122403144300954
E01003729,1773.0,45.0,449.0,496.0,9.0,89.8,99.2,5.076142131979695,50.64861816130851,55.95036661026509
E01003730,1838.0,18.0,60.0,257.0,3.6,12.0,51.4,1.9586507072905333,6.528835690968444,27.9651795429815
E01003731,1413.0,34.0,56.0,212.0,6.8,11.2,42.4,4.81245576786978,7.926397735314932,30.0070771408351
E01003732,1832.0,60.0,56.0,263.0,12.0,11.2,52.6,6.550218340611353,6.11353711790393,28.711790393013104
E01003733,1838.0,27.0,109.0,250.0,5.4,21.8,50.0,2.9379760609358,11.860718171926008,27.20348204570185
E01003734,1836.0,53.0,212.0,374.0,10.6,42.4,74.8,5.773420479302832,23.093681917211327,40.74074074074074
E01003735,2109.0,36.0,197.0,315.0,7.2,39.4,63.0,3.413940256045519,18.681839734471314,29.87197724039829
E01003736,2037.0,29.0,46.0,156.0,5.8,9.2,31.2,2.8473244968090325,4.516445753559156,15.316642120765831
E01003737,2973.0,25.0,50.0,163.0,5.0,10.0,32.6,1.6818028927009754,3.3636057854019508,10.965354860410361
E01003738,2378.0,45.0,56.0,214.0,9.0,11.2,42.8,3.7846930193439863,4.7098402018502945,17.998317914213626
E01003739,2395.0,38.0,71.0,299.0,7.6,14.2,59.8,3.173277661795407,5.92901878914405,24.968684759916492
E01003740,2222.0,48.0,81.0,268.0,9.6,16.2,53.6,4.32043204320432,7.290729072907291,24.122412241224122
E01003741,2047.0,39.0,66.0,182.0,7.8,13.2,36.4,3.8104543234000974,6.448461162677088,17.78212017586712
E01003742,2374.0,38.0,97.0,278.0,7.6,19.4,55.6,3.201347935973041,8.171861836562762,23.42038753159225
E01003743,1902.0,44.0,72.0,213.0,8.8,14.4,42.6,4.6267087276551,7.570977917981073,22.397476340694006
E01003744,1453.0,24.0,22.0,52.0,4.8,4.4,10.4,3.3035099793530627,3.028217481073641,7.157604955264969
E01003745,1412.0,24.0,15.0,62.0,4.8,3.0,12.4,3.3994334277620397,2.124645892351275,8.781869688385271
E01003746,1618.0,28.0,44.0,119.0,5.6,8.8,23.8,3.4610630407911,5.438813349814586,14.709517923362176
E01003747,1361.0,18.0,22.0,35.0,3.6,4.4,7.0,2.645113886847906,3.232916972814108,5.143277002204262
E01003748,1636.0,53.0,235.0,128.0,10.6,47.0,25.6,6.47921760391198,28.728606356968214,15.6479217603912
E01003749,1765.0,13.0,22.0,83.0,2.6,4.4,16.6,1.4730878186968839,2.4929178470254962,9.405099150141645
E01003750,1913.0,51.0,90.0,136.0,10.2,18.0,27.2,5.3319393622582325,9.409304756926295,14.218504966021955
E01003751,2274.0,55.0,77.0,227.0,11.0,15.4,45.4,4.837291116974494,6.772207563764292,19.964819700967457
E01003752,2772.0,38.0,97.0,228.0,7.6,19.4,45.6,2.7417027417027415,6.998556998556998,16.450216450216452
E01003753,1987.0,27.0,27.0,150.0,5.4,5.4,30.0,2.7176648213387016,2.7176648213387016,15.09813789632612
E01003754,1721.0,32.0,41.0,122.0,6.4,8.2,24.4,3.718768158047647,4.764671702498547,14.177803602556653
E01003755,2413.0,37.0,270.0,218.0,7.4,54.0,43.6,3.06672192291753,22.37878159966846,18.068794032324906
E01003756,2496.0,28.0,90.0,304.0,5.6,18.0,60.8,2.2435897435897436,7.211538461538462,24.358974358974358
E01003757,2141.0,23.0,72.0,255.0,4.6,14.4,51.0,2.1485287248949088,6.725829051844933,23.82064455861747
E01003759,1586.0,18.0,20.0,34.0,3.6,4.0,6.8,2.269861286254729,2.5220680958385877,4.287515762925599
E01003760,1895.0,27.0,69.0,176.0,5.4,13.8,35.2,2.849604221635884,7.282321899736148,18.57519788918206
E01003761,1824.0,27.0,79.0,260.0,5.4,15.8,52.0,2.960526315789474,8.662280701754387,28.508771929824558
E01003762,1730.0,57.0,50.0,109.0,11.4,10.0,21.8,6.589595375722544,5.780346820809248,12.601156069364162
E01003763,2010.0,46.0,179.0,114.0,9.2,35.8,22.8,4.577114427860696,17.81094527363184,11.343283582089553
E01003764,2105.0,47.0,79.0,142.0,9.4,15.8,28.4,4.4655581947743475,7.505938242280285,13.4916864608076
E01003765,1939.0,89.0,226.0,118.0,17.8,45.2,23.6,9.179989685404848,23.310985043837032,12.17122227952553
E01003766,2175.0,19.0,63.0,164.0,3.8,12.6,32.8,1.747126436781609,5.793103448275862,15.080459770114942
E01003767,2196.0,78.0,394.0,390.0,15.6,78.8,78.0,7.103825136612022,35.88342440801457,35.51912568306011
E01003768,1922.0,57.0,240.0,486.0,11.4,48.0,97.2,5.931321540062435,24.97398543184183,50.57232049947971
E01003769,1877.0,90.0,838.0,424.0,18.0,167.6,84.8,9.589770911028236,89.29142248268514,45.17847629195525
E01003770,2886.0,39.0,258.0,2586.0,7.8,51.6,517.2,2.7027027027027026,17.87941787941788,179.20997920997922
E01003771,1793.0,44.0,57.0,454.0,8.8,11.4,90.8,4.9079754601226995,6.358059118795316,50.64138315672058
E01003772,1816.0,18.0,51.0,148.0,3.6,10.2,29.6,1.9823788546255507,5.616740088105726,16.29955947136564
E01003773,1827.0,40.0,211.0,197.0,8.0,42.2,39.4,4.378762999452655,23.097974822112754,21.565407772304322
E01003774,1934.0,23.0,41.0,87.0,4.6,8.2,17.4,2.378490175801448,4.239917269906929,8.996897621509824
E01003775,1658.0,33.0,39.0,70.0,6.6,7.8,14.0,3.9806996381182143,4.704463208685163,8.443908323281061
E01003776,1735.0,48.0,61.0,191.0,9.6,12.2,38.2,5.53314121037464,7.031700288184437,22.01729106628242
E01003777,1824.0,49.0,91.0,104.0,9.8,18.2,20.8,5.37280701754386,9.978070175438596,11.403508771929825
E01003778,1945.0,153.0,681.0,281.0,30.6,136.2,56.2,15.732647814910028,70.02570694087403,28.894601542416453
E01003779,1649.0,28.0,51.0,146.0,5.6,10.2,29.2,3.3959975742874464,6.185567010309278,17.707701637355974
E01003780,1563.0,21.0,21.0,39.0,4.2,4.2,7.8,2.6871401151631478,2.6871401151631478,4.990403071017274
E01003781,2018.0,72.0,236.0,492.0,14.4,47.2,98.4,7.13577799801784,23.389494549058476,48.761149653121905
E01003782,1740.0,16.0,67.0,188.0,3.2,13.4,37.6,1.8390804597701151,7.7011494252873565,21.60919540229885
E01003783,2530.0,161.0,2284.0,946.0,32.2,456.8,189.2,12.727272727272728,180.55335968379447,74.78260869565217
E01003784,2007.0,24.0,57.0,227.0,4.8,11.4,45.4,2.3916292974588935,5.680119581464873,22.620827105132037
E01003785,2047.0,49.0,104.0,401.0,9.8,20.8,80.2,4.787493893502687,10.161211529066927,39.17928676111382
E01003786,1636.0,10.0,35.0,89.0,2.0,7.0,17.8,1.2224938875305624,4.278728606356968,10.880195599022006
E01003787,1645.0,15.0,35.0,110.0,3.0,7.0,22.0,1.82370820668693,4.25531914893617,13.373860182370821
E01003788,1835.0,72.0,130.0,397.0,14.4,26.0,79.4,7.847411444141689,14.168937329700272,43.269754768392374
E01003789,1424.0,32.0,66.0,83.0,6.4,13.2,16.6,4.49438202247191,9.269662921348313,11.657303370786519
E01003790,1498.0,23.0,45.0,115.0,4.6,9.0,23.0,3.0707610146862483,6.008010680907877,15.353805073431241
E01003791,1501.0,45.0,41.0,83.0,9.0,8.2,16.6,5.996002664890073,5.463024650233177,11.059293804130581
E01003792,1423.0,28.0,45.0,105.0,5.6,9.0,21.0,3.9353478566408993,6.324666198172874,14.757554462403373
E01003793,1581.0,42.0,92.0,138.0,8.4,18.4,27.6,5.313092979127134,11.638203668564199,17.457305502846303
E01003794,1549.0,27.0,21.0,106.0,5.4,4.2,21.2,3.4861200774693355,2.711426726920594,13.68624919302776
E01003795,1235.0,49.0,50.0,122.0,9.8,10.0,24.4,7.935222672064778,8.097165991902834,19.75708502024291
E01003796,1580.0,28.0,32.0,89.0,5.6,6.4,17.8,3.5443037974683542,4.050632911392405,11.265822784810126
E01003797,1425.0,24.0,35.0,56.0,4.8,7.0,11.2,3.3684210526315788,4.912280701754386,7.859649122807018
E01003798,1406.0,58.0,102.0,88.0,11.6,20.4,17.6,8.250355618776672,14.509246088193455,12.517780938833571
E01003799,1573.0,79.0,145.0,82.0,15.8,29.0,16.4,10.044500953591863,18.436109345200254,10.42593769866497
E01003800,1503.0,27.0,85.0,86.0,5.4,17.0,17.2,3.5928143712574854,11.310711909514305,11.443779108449766
E01003801,1281.0,37.0,77.0,54.0,7.4,15.4,10.8,5.776736924277908,12.021857923497269,8.430913348946136
E01003802,1387.0,50.0,26.0,34.0,10.0,5.2,6.8,7.209805335255948,3.7490987743330932,4.902667627974044
E01003803,1555.0,27.0,50.0,198.0,5.4,10.0,39.6,3.4726688102893895,6.430868167202572,25.466237942122188
E01003804,1904.0,41.0,44.0,127.0,8.2,8.8,25.4,4.30672268907563,4.621848739495799,13.34033613445378
E01003805,1727.0,40.0,30.0,32.0,8.0,6.0,6.4,4.632310364794441,3.4742327735958307,3.705848291835553
E01003806,1473.0,58.0,48.0,41.0,11.6,9.6,8.2,7.875084860828241,6.517311608961303,5.566870332654446
E01003807,1964.0,111.0,437.0,212.0,22.2,87.4,42.4,11.30346232179226,44.50101832993891,21.58859470468432
E01003808,1890.0,32.0,114.0,76.0,6.4,22.8,15.2,3.3862433862433865,12.063492063492065,8.042328042328041
E01003809,1710.0,40.0,67.0,69.0,8.0,13.4,13.8,4.678362573099415,7.836257309941521,8.070175438596491
E01003810,1630.0,17.0,39.0,84.0,3.4,7.8,16.8,2.085889570552147,4.785276073619632,10.30674846625767
E01003811,1841.0,26.0,33.0,67.0,5.2,6.6,13.4,2.824551873981532,3.58500814774579,7.278652906029333
E01003812,1856.0,31.0,141.0,157.0,6.2,28.2,31.4,3.3405172413793105,15.193965517241379,16.91810344827586
E01003813,1618.0,33.0,32.0,54.0,6.6,6.4,10.8,4.079110012360939,3.955500618046972,6.6749072929542645
E01003814,1786.0,31.0,46.0,107.0,6.2,9.2,21.4,3.4714445688689812,5.1511758118701,11.98208286674132
E01003815,1988.0,62.0,313.0,182.0,12.4,62.6,36.4,6.237424547283703,31.488933601609663,18.309859154929576
E01003816,1739.0,63.0,46.0,108.0,12.6,9.2,21.6,7.245543415756181,5.290396779758482,12.420931569867742
E01003817,1987.0,71.0,180.0,230.0,14.2,36.0,46.0,7.146451937594363,18.117765475591344,23.15047810770005
E01003818,1607.0,28.0,38.0,97.0,5.6,7.6,19.4,3.4847542003733665,4.729309271935283,12.07218419415059
E01003819,1773.0,30.0,85.0,174.0,6.0,17.0,34.8,3.3840947546531304,9.588268471517203,19.627749576988155
E01003820,2031.0,34.0,37.0,177.0,6.8,7.4,35.4,3.348104382077794,3.6435253569670114,17.42983751846381
E01003821,1691.0,61.0,81.0,130.0,12.2,16.2,26.0,7.214665878178592,9.58013010053223,15.37551744529864
E01003822,1480.0,40.0,20.0,17.0,8.0,4.0,3.4,5.405405405405405,2.7027027027027026,2.2972972972972974
E01003823,1702.0,62.0,127.0,189.0,12.4,25.4,37.8,7.285546415981199,14.923619271445359,22.209165687426555
E01003824,1630.0,26.0,37.0,68.0,5.2,7.4,13.6,3.1901840490797544,4.539877300613497,8.343558282208589
E01003825,1774.0,39.0,37.0,52.0,7.8,7.4,10.4,4.3968432919954905,4.1713641488162345,5.862457722660654
E01003826,1782.0,36.0,100.0,191.0,7.2,20.0,38.2,4.040404040404041,11.223344556677889,21.43658810325477
E01003827,1934.0,36.0,92.0,172.0,7.2,18.4,34.4,3.722854188210962,9.513960703205791,17.78697001034126
E01003828,1527.0,30.0,28.0,81.0,6.0,5.6,16.2,3.929273084479371,3.6673215455140795,10.609037328094301
E01003829,1690.0,55.0,314.0,290.0,11.0,62.8,58.0,6.50887573964497,37.15976331360946,34.319526627218934
E01003830,1858.0,57.0,43.0,113.0,11.4,8.6,22.6,6.135629709364909,4.628632938643703,12.163616792249732
E01003831,1681.0,39.0,29.0,112.0,7.8,5.8,22.4,4.6400951814396185,3.450327186198691,13.325401546698394
E01003832,1487.0,24.0,47.0,242.0,4.8,9.4,48.4,3.2279757901815733,6.321452589105582,32.548755884330866
E01003833,1473.0,38.0,156.0,173.0,7.6,31.2,34.6,5.159538357094365,21.181262729124235,23.48947725729803
E01003834,1600.0,41.0,131.0,127.0,8.2,26.2,25.4,5.124999999999999,16.375,15.875
E01003835,1644.0,37.0,123.0,45.0,7.4,24.6,9.0,4.5012165450121655,14.963503649635038,5.474452554744526
E01003836,1381.0,22.0,33.0,67.0,4.4,6.6,13.4,3.1860970311368577,4.779145546705285,9.703113685734975
E01003837,2058.0,60.0,66.0,156.0,12.0,13.2,31.2,5.830903790087463,6.41399416909621,15.160349854227404
E01003838,1790.0,47.0,100.0,82.0,9.4,20.0,16.4,5.251396648044693,11.1731843575419,9.162011173184357
E01003839,2282.0,56.0,59.0,233.0,11.2,11.8,46.6,4.907975460122699,5.170902716914987,20.42068361086766
E01003840,1826.0,47.0,54.0,118.0,9.4,10.8,23.6,5.147864184008762,5.914567360350493,12.924424972617743
E01003841,2161.0,44.0,209.0,321.0,8.8,41.8,64.2,4.072188801480797,19.342896807033778,29.70846830171217
E01003842,1716.0,41.0,49.0,212.0,8.2,9.8,42.4,4.778554778554778,5.710955710955711,24.708624708624708
E01003843,2215.0,54.0,55.0,177.0,10.8,11.0,35.4,4.8758465011286685,4.966139954853273,15.98194130925508
E01003844,1462.0,36.0,67.0,168.0,7.2,13.4,33.6,4.924760601915184,9.165526675786593,22.98221614227086
E01003845,1707.0,48.0,43.0,93.0,9.6,8.6,18.6,5.623901581722319,5.038078500292911,10.896309314586995
E01003846,1710.0,35.0,50.0,51.0,7.0,10.0,10.2,4.093567251461988,5.847953216374268,5.964912280701753
E01003847,1692.0,92.0,242.0,133.0,18.4,48.4,26.6,10.874704491725767,28.60520094562648,15.721040189125297
E01003848,1905.0,36.0,74.0,129.0,7.2,14.8,25.8,3.779527559055118,7.769028871391076,13.543307086614174
E01003849,1531.0,44.0,40.0,86.0,8.8,8.0,17.2,5.747877204441542,5.225342913128674,11.234487263226649
E01003851,1602.0,46.0,65.0,57.0,9.2,13.0,11.4,5.742821473158552,8.114856429463172,7.116104868913858
E01003852,1360.0,64.0,51.0,101.0,12.8,10.2,20.2,9.411764705882353,7.5,14.852941176470587
E01003853,1434.0,49.0,39.0,73.0,9.8,7.8,14.6,6.834030683403069,5.439330543933054,10.181311018131101
E01003854,1416.0,59.0,231.0,130.0,11.8,46.2,26.0,8.333333333333334,32.62711864406779,18.361581920903955
E01003855,1930.0,70.0,79.0,212.0,14.0,15.8,42.4,7.253886010362694,8.186528497409327,21.968911917098445
E01003856,1691.0,20.0,45.0,90.0,4.0,9.0,18.0,2.365464222353637,5.322294500295683,10.644589000591367
E01003857,1885.0,28.0,61.0,62.0,5.6,12.2,12.4,2.9708222811671083,6.472148541114057,6.578249336870027
E01003858,1658.0,52.0,95.0,99.0,10.4,19.0,19.8,6.272617611580217,11.459589867310012,11.942098914354643
E01003859,1623.0,50.0,58.0,81.0,10.0,11.6,16.2,6.161429451632778,7.147258163894024,9.981515711645102
E01003860,1716.0,50.0,155.0,165.0,10.0,31.0,33.0,5.827505827505828,18.065268065268064,19.230769230769234
E01003861,1955.0,47.0,72.0,106.0,9.4,14.4,21.2,4.8081841432225065,7.365728900255755,10.84398976982097
E01003862,1930.0,62.0,226.0,214.0,12.4,45.2,42.8,6.424870466321244,23.419689119170986,22.176165803108805
E01003863,1451.0,53.0,73.0,91.0,10.6,14.6,18.2,7.305306685044796,10.062026188835286,12.543073742246726
E01003864,1464.0,37.0,85.0,70.0,7.4,17.0,14.0,5.054644808743169,11.612021857923498,9.562841530054644
E01003865,1445.0,43.0,60.0,134.0,8.6,12.0,26.8,5.951557093425605,8.304498269896195,18.54671280276817
E01003866,1694.0,13.0,30.0,27.0,2.6,6.0,5.4,1.5348288075560803,3.541912632821724,3.1877213695395517
E01003867,1598.0,50.0,204.0,231.0,10.0,40.8,46.2,6.257822277847309,25.53191489361702,28.91113892365457
E01003868,1568.0,23.0,85.0,64.0,4.6,17.0,12.8,2.9336734693877546,10.841836734693878,8.16326530612245
E01003869,1661.0,41.0,155.0,105.0,8.2,31.0,21.0,4.9367850692354,18.663455749548465,12.642986152919928
E01003870,2100.0,38.0,96.0,161.0,7.6,19.2,32.2,3.619047619047619,9.142857142857142,15.333333333333334
E01003871,1756.0,35.0,32.0,69.0,7.0,6.4,13.8,3.986332574031891,3.6446469248291575,7.85876993166287
E01003872,1567.0,50.0,35.0,70.0,10.0,7.0,14.0,6.381620931716657,4.4671346522016595,8.934269304403319
E01003873,1632.0,50.0,251.0,181.0,10.0,50.2,36.2,6.127450980392156,30.75980392156863,22.18137254901961
E01003874,1526.0,34.0,64.0,88.0,6.8,12.8,17.6,4.456094364351245,8.387942332896461,11.533420707732635
E01003875,1675.0,72.0,49.0,102.0,14.4,9.8,20.4,8.597014925373134,5.850746268656717,12.17910447761194
E01003876,1867.0,242.0,2333.0,701.0,48.4,466.6,140.2,25.923942153186932,249.91965720407072,75.0937332619175
E01003877,1498.0,29.0,37.0,62.0,5.8,7.4,12.4,3.8718291054739655,4.939919893190922,8.277703604806408
E01003878,1468.0,40.0,57.0,146.0,8.0,11.4,29.2,5.449591280653951,7.76566757493188,19.89100817438692
E01003879,1416.0,39.0,53.0,52.0,7.8,10.6,10.4,5.508474576271186,7.485875706214689,7.344632768361582
E01003880,1563.0,31.0,46.0,63.0,6.2,9.2,12.6,3.9667306461932186,5.886116442738324,8.061420345489442
E01003881,1770.0,14.0,58.0,82.0,2.8,11.6,16.4,1.5819209039548021,6.553672316384181,9.26553672316384
E01003882,2000.0,46.0,154.0,167.0,9.2,30.8,33.4,4.6,15.4,16.7
E01003883,2024.0,29.0,66.0,98.0,5.8,13.2,19.6,2.8656126482213438,6.521739130434782,9.683794466403164
E01003884,1735.0,51.0,118.0,152.0,10.2,23.6,30.4,5.878962536023055,13.602305475504323,17.521613832853024
E01003885,1539.0,20.0,60.0,82.0,4.0,12.0,16.4,2.599090318388564,7.797270955165692,10.656270305393111
E01003886,1646.0,31.0,79.0,85.0,6.2,15.8,17.0,3.7667071688942895,9.59902794653706,10.328068043742407
E01003887,1796.0,48.0,173.0,100.0,9.6,34.6,20.0,5.3452115812917596,19.265033407572382,11.135857461024498
E01003888,2045.0,66.0,419.0,236.0,13.2,83.8,47.2,6.454767726161369,40.97799511002445,23.08068459657702
E01003889,1662.0,42.0,82.0,90.0,8.4,16.4,18.0,5.054151624548736,9.867629362214199,10.830324909747292
E01003890,1670.0,26.0,37.0,62.0,5.2,7.4,12.4,3.1137724550898205,4.431137724550898,7.425149700598802
E01003891,1746.0,37.0,141.0,94.0,7.4,28.2,18.8,4.238258877434136,16.151202749140893,10.767468499427261
E01003892,2090.0,29.0,40.0,66.0,5.8,8.0,13.2,2.77511961722488,3.827751196172249,6.315789473684211
E01003893,1623.0,44.0,88.0,84.0,8.8,17.6,16.8,5.422057917436846,10.844115834873692,10.351201478743068
E01003894,1662.0,20.0,31.0,91.0,4.0,6.2,18.2,2.406738868832732,3.730445246690734,10.950661853188928
E01003895,1774.0,39.0,62.0,117.0,7.8,12.4,23.4,4.3968432919954905,6.989853438556934,13.19052987598647
E01003896,1882.0,89.0,709.0,418.0,17.8,141.8,83.6,9.458023379383635,75.34537725823593,44.42082890541976
E01003897,1960.0,44.0,313.0,297.0,8.8,62.6,59.4,4.489795918367347,31.93877551020408,30.30612244897959
E01003898,1693.0,34.0,57.0,90.0,6.8,11.4,18.0,4.016538688718252,6.733608978145305,10.6320141760189
E01003899,1484.0,27.0,111.0,61.0,5.4,22.2,12.2,3.6388140161725073,14.959568733153638,8.221024258760108
E01003900,1685.0,42.0,137.0,204.0,8.4,27.4,40.8,4.985163204747775,16.26112759643917,24.213649851632045
E01003901,1789.0,26.0,31.0,89.0,5.2,6.2,17.8,2.9066517607602016,3.465623253214086,9.94969256567915
E01003902,1374.0,19.0,68.0,75.0,3.8,13.6,15.0,2.7656477438136826,9.898107714701602,10.91703056768559
E01003903,1657.0,36.0,152.0,148.0,7.2,30.4,29.6,4.345202172601087,18.346409173204588,17.863608931804468
E01003904,1626.0,20.0,46.0,111.0,4.0,9.2,22.2,2.4600246002460024,5.658056580565805,13.653136531365313
E01003905,1281.0,28.0,42.0,122.0,5.6,8.4,24.4,4.371584699453552,6.557377049180328,19.047619047619047
E01003906,1702.0,19.0,45.0,129.0,3.8,9.0,25.8,2.2326674500587544,5.287896592244419,15.158636897767332
E01003907,1675.0,31.0,36.0,150.0,6.2,7.2,30.0,3.7014925373134333,4.298507462686567,17.910447761194032
E01003908,1815.0,35.0,39.0,147.0,7.0,7.8,29.4,3.856749311294766,4.297520661157025,16.198347107438014
E01003909,1634.0,44.0,517.0,218.0,8.8,103.4,43.6,5.385556915544676,63.28029375764994,26.682986536107713
E01003910,1655.0,14.0,18.0,62.0,2.8,3.6,12.4,1.6918429003021147,2.175226586102719,7.492447129909365
E01003911,2088.0,54.0,158.0,237.0,10.8,31.6,47.4,5.172413793103448,15.134099616858238,22.701149425287355
E01003912,1952.0,30.0,81.0,154.0,6.0,16.2,30.8,3.0737704918032787,8.299180327868852,15.778688524590166
E01003913,2043.0,151.0,454.0,838.0,30.2,90.8,167.6,14.782183064121389,44.44444444444444,82.03622124326971
E01003914,1855.0,63.0,235.0,210.0,12.6,47.0,42.0,6.7924528301886795,25.336927223719677,22.641509433962263
E01003915,1850.0,63.0,128.0,198.0,12.6,25.6,39.6,6.8108108108108105,13.837837837837839,21.405405405405407
E01003916,2412.0,78.0,261.0,318.0,15.6,52.2,63.6,6.467661691542288,21.64179104477612,26.3681592039801
E01003917,1885.0,83.0,121.0,166.0,16.6,24.2,33.2,8.806366047745358,12.838196286472147,17.612732095490717
E01003918,1465.0,73.0,140.0,203.0,14.6,28.0,40.6,9.965870307167236,19.112627986348123,27.713310580204777
E01003919,1564.0,66.0,192.0,285.0,13.2,38.4,57.0,8.439897698209718,24.552429667519178,36.44501278772379
E01003920,2107.0,54.0,120.0,256.0,10.8,24.0,51.2,5.12577123872805,11.390602752728999,24.2999525391552
E01003921,1917.0,123.0,1283.0,751.0,24.6,256.6,150.2,12.832550860719875,133.8549817423057,78.35159102764736
E01003922,2234.0,61.0,399.0,366.0,12.2,79.8,73.2,5.4610564010743055,35.72068039391226,32.76633840644584
E01003923,1634.0,50.0,158.0,221.0,10.0,31.6,44.2,6.119951040391677,19.339045287637703,27.050183598531213
E01003924,2092.0,54.0,187.0,248.0,10.8,37.4,49.6,5.162523900573614,17.877629063097512,23.709369024856596
E01003925,2032.0,41.0,114.0,151.0,8.2,22.8,30.2,4.035433070866142,11.220472440944881,14.862204724409448
E01003926,1397.0,41.0,315.0,236.0,8.2,63.0,47.2,5.869720830350751,45.09663564781675,33.786685755189694
E01003929,1999.0,278.0,4753.0,639.0,55.6,950.6,127.8,27.81390695347674,475.5377688844422,63.9319659829915
E01003930,1967.0,97.0,508.0,263.0,19.4,101.6,52.6,9.862735129639043,51.65226232841891,26.741230299949162
E01003932,1541.0,80.0,887.0,323.0,16.0,177.4,64.6,10.382868267358857,115.12005191434135,41.920830629461385
E01003933,2370.0,79.0,873.0,374.0,15.8,174.6,74.8,6.666666666666667,73.67088607594937,31.561181434599156
E01003934,1954.0,214.0,2572.0,360.0,42.8,514.4,72.0,21.903787103377685,263.2548618219038,36.8474923234391
E01003935,1284.0,117.0,842.0,172.0,23.4,168.4,34.4,18.22429906542056,131.15264797507788,26.791277258566975
E01003936,1661.0,96.0,345.0,98.0,19.2,69.0,19.6,11.55930162552679,41.54124021673691,11.800120409391933
E01003937,1536.0,80.0,672.0,287.0,16.0,134.4,57.4,10.416666666666666,87.50000000000001,37.369791666666664
E01003938,1829.0,45.0,157.0,154.0,9.0,31.4,30.8,4.920721705850191,17.16785128485511,16.839803171131766
E01003939,1975.0,192.0,2441.0,633.0,38.4,488.2,126.6,19.44303797468354,247.18987341772151,64.1012658227848
E01003940,1589.0,51.0,133.0,184.0,10.2,26.6,36.8,6.419131529263687,16.740088105726873,23.15921963499056
E01003941,1988.0,101.0,531.0,208.0,20.2,106.2,41.6,10.160965794768611,53.420523138833,20.92555331991952
E01003942,1885.0,65.0,260.0,218.0,13.0,52.0,43.6,6.896551724137931,27.586206896551722,23.129973474801062
E01003943,1494.0,47.0,180.0,273.0,9.4,36.0,54.6,6.291834002677376,24.096385542168676,36.54618473895582
E01003945,1733.0,72.0,50.0,73.0,14.4,10.0,14.6,8.30929024812464,5.770340450086556,8.42469705712637
E01003946,1900.0,50.0,71.0,162.0,10.0,14.2,32.4,5.263157894736842,7.473684210526316,17.052631578947366
E01003947,1608.0,15.0,53.0,207.0,3.0,10.6,41.4,1.8656716417910448,6.592039800995025,25.746268656716417
E01003948,1751.0,58.0,78.0,120.0,11.6,15.6,24.0,6.6247858366647625,8.909194745859509,13.706453455168475
E01003949,1880.0,58.0,92.0,130.0,11.6,18.4,26.0,6.170212765957446,9.787234042553191,13.829787234042552
E01003950,1993.0,49.0,69.0,203.0,9.8,13.8,40.6,4.917210235825389,6.924234821876568,20.37129954841947
E01003951,1488.0,76.0,113.0,103.0,15.2,22.6,20.6,10.215053763440858,15.188172043010754,13.844086021505378
E01003952,1655.0,80.0,528.0,192.0,16.0,105.6,38.4,9.667673716012084,63.80664652567976,23.202416918429
E01003953,2016.0,85.0,388.0,213.0,17.0,77.6,42.6,8.432539682539682,38.49206349206349,21.130952380952383
E01003954,1592.0,26.0,74.0,65.0,5.2,14.8,13.0,3.2663316582914574,9.296482412060303,8.165829145728644
E01003955,1891.0,47.0,55.0,78.0,9.4,11.0,15.6,4.970914859862507,5.817028027498678,8.249603384452671
E01003956,1848.0,40.0,67.0,87.0,8.0,13.4,17.4,4.329004329004329,7.251082251082251,9.415584415584416
E01003957,1790.0,26.0,52.0,135.0,5.2,10.4,27.0,2.905027932960894,5.810055865921788,15.083798882681563
E01003958,1936.0,35.0,226.0,222.0,7.0,45.2,44.4,3.615702479338843,23.347107438016533,22.93388429752066
E01003960,1773.0,97.0,351.0,219.0,19.4,70.2,43.8,10.941906373378455,39.59390862944163,24.70389170896785
E01003961,2074.0,110.0,380.0,371.0,22.0,76.0,74.2,10.607521697203472,36.64416586306654,35.776277724204434
E01003963,1718.0,30.0,142.0,240.0,6.0,28.4,48.0,3.492433061699651,16.530849825378347,27.939464493597207
E01003966,2137.0,68.0,292.0,408.0,13.6,58.4,81.6,6.364061768834815,27.32802994852597,38.18437061300889
E01003969,2459.0,140.0,722.0,578.0,28.0,144.4,115.6,11.386742578283854,58.72305815372103,47.010980073200486
E01003971,1426.0,52.0,95.0,188.0,10.4,19.0,37.6,7.293127629733521,13.32398316970547,26.367461430575037
E01003972,1467.0,58.0,142.0,230.0,11.6,28.4,46.0,7.907293796864348,19.359236537150647,31.356509884117248
E01003973,1651.0,77.0,783.0,280.0,15.4,156.6,56.0,9.327680193821926,94.85160508782556,33.918837068443366
E01003975,1780.0,56.0,161.0,199.0,11.2,32.2,39.8,6.292134831460674,18.08988764044944,22.35955056179775
E01003976,2395.0,123.0,346.0,254.0,24.6,69.2,50.8,10.271398747390396,28.893528183716075,21.210855949895613
E01003977,1872.0,76.0,185.0,238.0,15.2,37.0,47.6,8.11965811965812,19.764957264957264,25.427350427350426
E01003979,1987.0,197.0,755.0,371.0,39.4,151.0,74.2,19.828887770508302,75.99396074484146,37.34272773024661
E01003980,2000.0,100.0,359.0,352.0,20.0,71.8,70.4,10.0,35.9,35.2
E01003981,1508.0,141.0,2173.0,569.0,28.2,434.6,113.8,18.70026525198939,288.1962864721486,75.46419098143235
E01003983,1871.0,28.0,107.0,283.0,5.6,21.4,56.6,2.993051843933725,11.437733832175306,30.25120256547301
E01003984,2290.0,65.0,361.0,297.0,13.0,72.2,59.4,5.676855895196507,31.528384279475983,25.93886462882096
E01003986,1588.0,68.0,185.0,246.0,13.6,37.0,49.2,8.564231738035264,23.299748110831235,30.9823677581864
E01003987,1839.0,62.0,104.0,237.0,12.4,20.8,47.4,6.7427949972811305,11.310494834148994,25.774877650897228
E01003988,2023.0,139.0,314.0,419.0,27.8,62.8,83.8,13.741967375185368,31.043005437469105,41.423628274839345
E01003989,2259.0,72.0,309.0,366.0,14.4,61.8,73.2,6.374501992031873,27.35723771580345,32.40371845949536
E01003990,2306.0,38.0,131.0,276.0,7.6,26.2,55.2,3.295750216825672,11.361665221162186,23.937554206418042
E01003991,1273.0,33.0,59.0,160.0,6.6,11.8,32.0,5.184603299293008,9.26944226237235,25.137470542026712
E01003992,1586.0,23.0,80.0,175.0,4.6,16.0,35.0,2.9003783102143754,10.08827238335435,22.06809583858764
E01003993,2022.0,56.0,116.0,184.0,11.2,23.2,36.8,5.539070227497527,11.473788328387734,18.199802176063304
E01003994,1829.0,99.0,1290.0,427.0,19.8,258.0,85.4,10.82558775287042,141.06068890103882,46.692181519956264
E01003995,1374.0,37.0,94.0,201.0,7.4,18.8,40.2,5.385735080058224,13.682678311499274,29.257641921397383
E01003997,1296.0,36.0,136.0,94.0,7.2,27.2,18.8,5.555555555555555,20.987654320987655,14.506172839506174
E01003998,1427.0,33.0,254.0,138.0,6.6,50.8,27.6,4.625087596355992,35.599159074982474,19.34127540294324
E01003999,1499.0,36.0,98.0,139.0,7.2,19.6,27.8,4.803202134756504,13.075383589059374,18.545697131420948
E01004000,1949.0,56.0,112.0,204.0,11.2,22.4,40.8,5.746536685479733,11.493073370959467,20.933812211390457
E01004001,1768.0,38.0,101.0,185.0,7.6,20.2,37.0,4.298642533936651,11.425339366515836,20.92760180995475
E01004002,1704.0,32.0,51.0,118.0,6.4,10.2,23.6,3.7558685446009394,5.985915492957746,13.849765258215962
E01004003,1823.0,61.0,136.0,247.0,12.2,27.2,49.4,6.692265496434448,14.920460778935821,27.09818979703785
E01004004,2624.0,70.0,156.0,306.0,14.0,31.2,61.2,5.335365853658537,11.890243902439025,23.323170731707318
E01004005,2326.0,86.0,272.0,361.0,17.2,54.4,72.2,7.394668959587274,23.3877901977644,31.040412725709373
E01004006,1861.0,36.0,65.0,144.0,7.2,13.0,28.8,3.8688876947877486,6.985491671144546,15.475550779150995
E01004007,1443.0,37.0,72.0,176.0,7.4,14.4,35.2,5.128205128205129,9.97920997920998,24.393624393624396
E01004008,2086.0,49.0,155.0,223.0,9.8,31.0,44.6,4.697986577181209,14.860977948226271,21.380632790028766
E01004010,1507.0,66.0,633.0,537.0,13.2,126.6,107.4,8.759124087591239,84.00796284007963,71.2674187126742
E01004011,2114.0,49.0,127.0,247.0,9.8,25.4,49.4,4.635761589403974,12.015137180700094,23.368022705771047
E01004012,2346.0,91.0,176.0,287.0,18.2,35.2,57.4,7.757885763000853,15.004262574595057,24.46717817561807
E01004013,1684.0,56.0,104.0,203.0,11.2,20.8,40.6,6.65083135391924,12.351543942992874,24.109263657957246
E01004014,2129.0,56.0,101.0,257.0,11.2,20.2,51.4,5.260685767966181,9.488022545796149,24.142790042273365
E01004015,1805.0,52.0,236.0,171.0,10.4,47.2,34.2,5.761772853185596,26.14958448753463,18.947368421052634
E01004016,2589.0,58.0,96.0,162.0,11.6,19.2,32.4,4.480494399382001,7.415990730011588,12.514484356894553
E01004017,1641.0,32.0,54.0,84.0,6.4,10.8,16.8,3.9000609384521634,6.581352833638026,10.23765996343693
E01004018,1899.0,34.0,117.0,74.0,6.8,23.4,14.8,3.580832016850974,12.322274881516586,7.793575566087415
E01004019,2125.0,53.0,100.0,161.0,10.6,20.0,32.2,4.988235294117646,9.411764705882351,15.15294117647059
E01004020,1746.0,33.0,69.0,217.0,6.6,13.8,43.4,3.780068728522336,7.903780068728522,24.85681557846506
E01004021,2115.0,68.0,242.0,160.0,13.6,48.4,32.0,6.430260047281324,22.88416075650118,15.130023640661937
E01004023,1649.0,34.0,386.0,317.0,6.8,77.2,63.4,4.123711340206186,46.816252274105516,38.44754396604003
E01004024,1968.0,94.0,242.0,283.0,18.8,48.4,56.6,9.552845528455286,24.59349593495935,28.760162601626018
E01004028,2418.0,84.0,345.0,295.0,16.8,69.0,59.0,6.947890818858561,28.53598014888337,24.400330851943757
E01004029,1996.0,44.0,156.0,142.0,8.8,31.2,28.4,4.408817635270542,15.6312625250501,14.228456913827655
E01004030,1489.0,47.0,149.0,185.0,9.4,29.8,37.0,6.312961719274681,20.013431833445267,24.848891873740765
E01004031,2600.0,97.0,1831.0,489.0,19.4,366.2,97.8,7.461538461538462,140.84615384615384,37.61538461538461
E01004032,1498.0,36.0,114.0,91.0,7.2,22.8,18.2,4.8064085447263025,15.220293724966622,12.149532710280374
E01004033,2416.0,75.0,436.0,368.0,15.0,87.2,73.6,6.208609271523178,36.09271523178808,30.463576158940395
E01004034,1600.0,32.0,174.0,208.0,6.4,34.8,41.6,4.0,21.75,26.000000000000004
E01004035,1426.0,73.0,149.0,251.0,14.6,29.8,50.2,10.238429172510518,20.897615708274895,35.203366058906035
E01004036,2114.0,64.0,194.0,307.0,12.8,38.8,61.4,6.054872280037843,18.35383159886471,29.044465468306527
E01004037,2025.0,67.0,162.0,236.0,13.4,32.4,47.2,6.617283950617284,16.0,23.308641975308646
E01004038,2399.0,104.0,221.0,310.0,20.8,44.2,62.0,8.6702792830346,18.424343476448524,25.844101709045436
E01004039,1543.0,54.0,103.0,100.0,10.8,20.6,20.0,6.999351911860014,13.350615683732988,12.961762799740765
E01004040,1885.0,45.0,708.0,361.0,9.0,141.6,72.2,4.774535809018567,75.11936339522546,38.302387267904514
E01004041,1631.0,38.0,113.0,124.0,7.6,22.6,24.8,4.659717964438995,13.856529736358064,15.205395462906193
E01004042,1957.0,88.0,314.0,342.0,17.6,62.8,68.4,8.993357179356158,32.08993357179356,34.95145631067961
E01004043,1356.0,56.0,159.0,198.0,11.2,31.8,39.6,8.259587020648967,23.451327433628318,29.20353982300885
E01004044,1440.0,40.0,108.0,193.0,8.0,21.6,38.6,5.555555555555555,15.000000000000002,26.805555555555557
E01004045,1587.0,23.0,97.0,209.0,4.6,19.4,41.8,2.8985507246376807,12.224322621298045,26.339004410838058
E01004046,1561.0,33.0,78.0,97.0,6.6,15.6,19.4,4.2280589365791155,9.993593850096092,12.427930813581035
E01004047,1643.0,25.0,88.0,106.0,5.0,17.6,21.2,3.0432136335970785,10.712111990261718,12.903225806451612
E01004048,1627.0,24.0,266.0,187.0,4.8,53.2,37.4,2.950215119852489,32.698217578365096,22.987092808850644
E01004049,1345.0,20.0,90.0,117.0,4.0,18.0,23.4,2.973977695167286,13.382899628252789,17.397769516728623
E01004050,1389.0,42.0,72.0,59.0,8.4,14.4,11.8,6.047516198704104,10.367170626349893,8.495320374370051
E01004051,1285.0,33.0,158.0,90.0,6.6,31.6,18.0,5.136186770428016,24.591439688715955,14.007782101167315
E01004052,1747.0,85.0,202.0,155.0,17.0,40.4,31.0,9.730967372638808,23.125357756153406,17.74470520892959
E01004053,1872.0,42.0,133.0,141.0,8.4,26.6,28.2,4.487179487179488,14.20940170940171,15.064102564102564
E01004054,1530.0,58.0,269.0,110.0,11.6,53.8,22.0,7.5816993464052285,35.16339869281045,14.37908496732026
E01004055,1331.0,17.0,63.0,147.0,3.4,12.6,29.4,2.5544703230653645,9.46656649135988,22.088655146506387
E01004056,2317.0,70.0,132.0,195.0,14.0,26.4,39.0,6.042296072507553,11.394044022442815,16.832110487699612
E01004057,2240.0,61.0,141.0,197.0,12.2,28.2,39.4,5.446428571428571,12.589285714285714,17.589285714285715
E01004058,1693.0,43.0,131.0,86.0,8.6,26.2,17.2,5.079740106320141,15.475487300649734,10.159480212640283
E01004059,2070.0,105.0,677.0,191.0,21.0,135.4,38.2,10.144927536231883,65.41062801932368,18.454106280193237
E01004060,1969.0,58.0,208.0,252.0,11.6,41.6,50.4,5.891315388522092,21.12747587607923,25.596749619095988
E01004061,1658.0,72.0,377.0,184.0,14.4,75.4,36.8,8.685162846803378,45.47647768395658,22.195416164053075
E01004062,2214.0,171.0,674.0,563.0,34.2,134.8,112.6,15.447154471544716,60.88527551942187,50.858175248419144
E01004063,1882.0,77.0,317.0,252.0,15.4,63.4,50.4,8.18278427205101,33.687566418703504,26.780021253985122
E01004064,1941.0,79.0,162.0,237.0,15.8,32.4,47.4,8.140133951571356,16.69242658423493,24.420401854714065
E01004065,1508.0,38.0,120.0,114.0,7.6,24.0,22.8,5.039787798408488,15.915119363395226,15.119363395225465
E01004066,2091.0,64.0,168.0,265.0,12.8,33.6,53.0,6.121472979435677,16.068866571018653,25.346724055475846
E01004067,2212.0,152.0,2458.0,914.0,30.4,491.6,182.8,13.743218806509946,222.24231464737795,82.64014466546114
E01004068,1906.0,119.0,306.0,275.0,23.8,61.2,55.0,12.48688352570829,32.10912906610703,28.856243441762857
E01004069,1294.0,74.0,123.0,82.0,14.8,24.6,16.4,11.437403400309119,19.01081916537867,12.67387944358578
E01004070,1952.0,47.0,125.0,106.0,9.4,25.0,21.2,4.815573770491803,12.807377049180328,10.860655737704919
E01004071,1527.0,33.0,79.0,143.0,6.6,15.8,28.6,4.322200392927308,10.347085789129011,18.729535036018337
E01004072,1674.0,45.0,134.0,64.0,9.0,26.8,12.8,5.376344086021506,16.009557945041816,7.6463560334528085
E01004073,1894.0,34.0,78.0,70.0,6.8,15.6,14.0,3.590285110876452,8.236536430834214,7.391763463569165
E01004074,1706.0,79.0,206.0,106.0,15.8,41.2,21.2,9.261430246189919,24.15005861664713,12.426729191090269
E01004075,1713.0,62.0,188.0,82.0,12.4,37.6,16.4,7.238762405137186,21.949795680093402,9.573847051955632
E01004076,1630.0,60.0,290.0,417.0,12.0,58.0,83.4,7.361963190184049,35.582822085889575,51.16564417177914
E01004077,1626.0,30.0,33.0,186.0,6.0,6.6,37.2,3.6900369003690034,4.059040590405904,22.878228782287824
E01004078,1763.0,26.0,62.0,264.0,5.2,12.4,52.8,2.949517867271696,7.033465683494044,29.948950652297217
E01004079,1392.0,23.0,25.0,49.0,4.6,5.0,9.8,3.3045977011494254,3.5919540229885056,7.040229885057472
E01004080,1394.0,40.0,19.0,79.0,8.0,3.8,15.8,5.738880918220947,2.7259684361549494,11.334289813486372
E01004081,1643.0,23.0,35.0,115.0,4.6,7.0,23.0,2.799756542909312,4.260499087035909,13.99878271454656
E01004082,1389.0,34.0,11.0,65.0,6.8,2.2,13.0,4.8956083513318935,1.5838732901367891,9.359251259899208
E01004083,1502.0,22.0,31.0,215.0,4.4,6.2,43.0,2.9294274300932095,4.1278295605858855,28.628495339547268
E01004084,1449.0,43.0,11.0,63.0,8.6,2.2,12.6,5.9351276742581085,1.5182884748102141,8.695652173913043
E01004085,1609.0,45.0,28.0,69.0,9.0,5.6,13.8,5.593536357986327,3.4804226227470476,8.576755748912369
E01004086,2015.0,51.0,112.0,241.0,10.2,22.4,48.2,5.062034739454094,11.116625310173697,23.920595533498762
E01004087,1565.0,25.0,12.0,84.0,5.0,2.4,16.8,3.1948881789137378,1.5335463258785942,10.73482428115016
E01004088,1939.0,33.0,112.0,453.0,6.6,22.4,90.6,3.4038164002062916,11.55234657039711,46.725116039195456
E01004089,1345.0,31.0,533.0,250.0,6.2,106.6,50.0,4.609665427509294,79.25650557620817,37.17472118959108
E01004090,1344.0,39.0,51.0,273.0,7.8,10.2,54.6,5.803571428571429,7.5892857142857135,40.625
E01004091,1282.0,30.0,24.0,50.0,6.0,4.8,10.0,4.6801872074882995,3.7441497659906395,7.800312012480499
E01004092,1507.0,34.0,23.0,74.0,6.8,4.6,14.8,4.512276045122761,3.0524220305242205,9.82083609820836
E01004093,1716.0,38.0,20.0,91.0,7.6,4.0,18.2,4.428904428904429,2.331002331002331,10.606060606060606
E01004094,1865.0,16.0,47.0,126.0,3.2,9.4,25.2,1.7158176943699732,5.040214477211796,13.512064343163539
E01004095,1562.0,28.0,16.0,97.0,5.6,3.2,19.4,3.5851472471190777,2.0486555697823308,12.419974391805377
E01004096,1561.0,30.0,19.0,86.0,6.0,3.8,17.2,3.843689942344651,2.4343369634849457,11.018577834721333
E01004097,1656.0,16.0,13.0,101.0,3.2,2.6,20.2,1.9323671497584543,1.5700483091787438,12.198067632850242
E01004098,1298.0,25.0,26.0,87.0,5.0,5.2,17.4,3.852080123266564,4.006163328197227,13.40523882896764
E01004099,1616.0,66.0,133.0,270.0,13.2,26.6,54.0,8.16831683168317,16.46039603960396,33.415841584158414
E01004100,1527.0,32.0,126.0,154.0,6.4,25.2,30.8,4.191224623444662,16.502946954813357,20.170268500327442
E01004101,1409.0,23.0,20.0,66.0,4.6,4.0,13.2,3.2647267565649396,2.8388928317956,9.36834634492548
E01004102,1515.0,52.0,246.0,152.0,10.4,49.2,30.4,6.864686468646865,32.475247524752476,20.066006600660064
E01004103,1776.0,30.0,39.0,126.0,6.0,7.8,25.2,3.3783783783783785,4.391891891891892,14.189189189189188
E01004104,1568.0,32.0,70.0,104.0,6.4,14.0,20.8,4.081632653061225,8.928571428571429,13.265306122448981
E01004105,1876.0,44.0,40.0,85.0,8.8,8.0,17.0,4.690831556503199,4.264392324093817,9.061833688699359
E01004106,1626.0,41.0,12.0,64.0,8.2,2.4,12.8,5.043050430504304,1.4760147601476015,7.872078720787209
E01004107,1622.0,27.0,28.0,181.0,5.4,5.6,36.2,3.329223181257707,3.4525277435265105,22.318125770653513
E01004108,1967.0,43.0,42.0,177.0,8.6,8.4,35.4,4.372140315200814,4.270462633451958,17.996949669547533
E01004109,1714.0,29.0,17.0,156.0,5.8,3.4,31.2,3.38389731621937,1.9836639439906651,18.203033838973163
E01004110,2039.0,47.0,96.0,239.0,9.4,19.2,47.8,4.61010299166258,9.416380578715055,23.442864149092692
E01004111,1688.0,38.0,156.0,85.0,7.6,31.2,17.0,4.502369668246446,18.48341232227488,10.071090047393366
E01004112,1667.0,26.0,34.0,55.0,5.2,6.8,11.0,3.119376124775045,4.079184163167366,6.598680263947211
E01004114,1780.0,68.0,20.0,58.0,13.6,4.0,11.6,7.640449438202246,2.247191011235955,6.51685393258427
E01004115,1838.0,28.0,32.0,91.0,5.6,6.4,18.2,3.046789989118607,3.4820457018498367,9.902067464635474
E01004116,1586.0,50.0,14.0,52.0,10.0,2.8,10.4,6.305170239596469,1.7654476670870112,6.557377049180328
E01004117,1432.0,23.0,9.0,55.0,4.6,1.8,11.0,3.2122905027932958,1.2569832402234637,7.681564245810056
E01004118,1810.0,44.0,211.0,265.0,8.8,42.2,53.0,4.861878453038674,23.314917127071826,29.281767955801104
E01004119,1441.0,31.0,106.0,86.0,6.2,21.2,17.2,4.302567661346288,14.712005551700209,11.93615544760583
E01004120,1514.0,25.0,19.0,41.0,5.0,3.8,8.2,3.3025099075297226,2.509907529722589,5.416116248348745
E01004121,1584.0,37.0,251.0,161.0,7.4,50.2,32.2,4.671717171717172,31.691919191919194,20.32828282828283
E01004122,1390.0,21.0,9.0,54.0,4.2,1.8,10.8,3.0215827338129495,1.2949640287769784,7.769784172661871
E01004123,2279.0,57.0,218.0,457.0,11.4,43.6,91.4,5.002193944712593,19.131197893813077,40.10530934620448
E01004124,2007.0,27.0,37.0,198.0,5.4,7.4,39.6,2.690582959641256,3.687095166915795,19.730941704035878
E01004125,1609.0,37.0,36.0,258.0,7.4,7.2,51.6,4.599129894344314,4.474829086389061,32.06960845245494
E01004126,1567.0,26.0,49.0,197.0,5.2,9.8,39.4,3.3184428844926614,6.253988513082324,25.143586470963626
E01004127,1844.0,21.0,36.0,182.0,4.2,7.2,36.4,2.27765726681128,3.904555314533623,19.739696312364423
E01004128,1447.0,29.0,117.0,526.0,5.8,23.4,105.2,4.008293020041465,16.171389080856944,72.70214236351072
E01004129,1888.0,51.0,97.0,358.0,10.2,19.4,71.6,5.4025423728813555,10.275423728813559,37.92372881355932
E01004130,1764.0,63.0,319.0,200.0,12.6,63.8,40.0,7.142857142857142,36.16780045351474,22.675736961451246
E01004131,1888.0,32.0,36.0,128.0,6.4,7.2,25.6,3.3898305084745766,3.8135593220338984,13.559322033898306
E01004132,1486.0,18.0,21.0,45.0,3.6,4.2,9.0,2.4226110363391653,2.8263795423956934,6.056527590847914
E01004133,1564.0,28.0,14.0,51.0,5.6,2.8,10.2,3.580562659846547,1.7902813299232736,6.521739130434782
E01004134,1610.0,25.0,141.0,172.0,5.0,28.2,34.4,3.105590062111801,17.51552795031056,21.366459627329192
E01004135,1453.0,26.0,24.0,98.0,5.2,4.8,19.6,3.5788024776324847,3.3035099793530627,13.489332415691674
E01004136,1564.0,17.0,17.0,73.0,3.4,3.4,14.6,2.1739130434782608,2.1739130434782608,9.335038363171355
E01004137,2556.0,61.0,312.0,498.0,12.2,62.4,99.6,4.773082942097026,24.413145539906104,38.967136150234744
E01004138,1808.0,32.0,69.0,157.0,6.4,13.8,31.4,3.5398230088495577,7.632743362831859,17.367256637168143
E01004139,1542.0,34.0,42.0,156.0,6.8,8.4,31.2,4.409857328145266,5.447470817120623,20.233463035019458
E01004140,1882.0,38.0,124.0,429.0,7.6,24.8,85.8,4.038257173219979,13.177470775770457,45.58979808714134
E01004141,1825.0,23.0,60.0,251.0,4.6,12.0,50.2,2.5205479452054793,6.575342465753425,27.506849315068497
E01004143,1533.0,9.0,27.0,147.0,1.8,5.4,29.4,1.1741682974559686,3.5225048923679063,19.17808219178082
E01004144,1770.0,33.0,50.0,122.0,6.6,10.0,24.4,3.7288135593220337,5.649717514124294,13.785310734463275
E01004145,2280.0,38.0,47.0,189.0,7.6,9.4,37.8,3.333333333333333,4.12280701754386,16.57894736842105
E01004146,1983.0,42.0,57.0,187.0,8.4,11.4,37.4,4.236006051437216,5.748865355521937,18.86031265758951
E01004147,1583.0,18.0,27.0,84.0,3.6,5.4,16.8,2.274162981680354,3.4112444725205306,10.612760581174985
E01004148,1818.0,40.0,63.0,282.0,8.0,12.6,56.4,4.4004400440044,6.930693069306931,31.02310231023102
E01004149,1862.0,24.0,38.0,123.0,4.8,7.6,24.6,2.5778732545649836,4.081632653061224,13.211600429645543
E01004150,1986.0,53.0,54.0,252.0,10.6,10.8,50.4,5.337361530715005,5.438066465256798,25.37764350453172
E01004151,1966.0,28.0,24.0,154.0,5.6,4.8,30.8,2.8484231943031535,2.441505595116989,15.666327568667347
E01004152,1774.0,49.0,115.0,195.0,9.8,23.0,39.0,5.5242390078917705,12.965050732807216,21.984216459977453
E01004153,1928.0,42.0,35.0,136.0,8.4,7.0,27.2,4.356846473029046,3.6307053941908713,14.107883817427386
E01004154,1485.0,25.0,12.0,50.0,5.0,2.4,10.0,3.3670033670033668,1.6161616161616161,6.7340067340067336
E01004155,1904.0,31.0,23.0,151.0,6.2,4.6,30.2,3.2563025210084033,2.4159663865546217,15.861344537815125
E01004156,2018.0,43.0,151.0,162.0,8.6,30.2,32.4,4.261645193260653,14.965312190287412,16.055500495540137
E01004157,1295.0,29.0,15.0,27.0,5.8,3.0,5.4,4.478764478764478,2.3166023166023164,4.16988416988417
E01004158,1605.0,35.0,15.0,93.0,7.0,3.0,18.6,4.361370716510903,1.8691588785046729,11.588785046728972
E01004159,1650.0,25.0,19.0,159.0,5.0,3.8,31.8,3.0303030303030303,2.3030303030303028,19.272727272727273
E01004160,1650.0,22.0,24.0,91.0,4.4,4.8,18.2,2.666666666666667,2.9090909090909087,11.03030303030303
E01004161,1518.0,18.0,67.0,91.0,3.6,13.4,18.2,2.3715415019762847,8.827404479578393,11.989459815546772
E01004162,1694.0,31.0,82.0,133.0,6.2,16.4,26.6,3.659976387249115,9.681227863046043,15.702479338842977
E01004163,1729.0,24.0,35.0,109.0,4.8,7.0,21.8,2.776171197223829,4.048582995951417,12.608444187391557
E01004164,1443.0,34.0,166.0,146.0,6.8,33.2,29.2,4.712404712404712,23.00762300762301,20.235620235620235
E01004165,1776.0,21.0,229.0,266.0,4.2,45.8,53.2,2.364864864864865,25.788288288288285,29.954954954954957
E01004166,1566.0,33.0,44.0,130.0,6.6,8.8,26.0,4.21455938697318,5.619412515964241,16.602809706257982
E01004167,1632.0,54.0,343.0,290.0,10.8,68.6,58.0,6.61764705882353,42.03431372549019,35.53921568627451
E01004168,1611.0,25.0,26.0,93.0,5.0,5.2,18.6,3.103662321539417,3.2278088144009933,11.545623836126632
E01004169,1807.0,20.0,42.0,197.0,4.0,8.4,39.4,2.213613724405091,4.648588821250692,21.80409518539015
E01004170,2207.0,47.0,277.0,275.0,9.4,55.4,55.0,4.259175351155415,25.10194834617127,24.92070684186679
E01004171,1609.0,25.0,36.0,147.0,5.0,7.2,29.4,3.107520198881293,4.474829086389061,18.272218769422
E01004172,1941.0,60.0,64.0,325.0,12.0,12.8,65.0,6.182380216383307,6.594538897475529,33.487892838742916
E01004173,1365.0,19.0,22.0,80.0,3.8,4.4,16.0,2.7838827838827838,3.223443223443224,11.72161172161172
E01004174,1573.0,23.0,39.0,177.0,4.6,7.8,35.4,2.9243483788938334,4.958677685950414,22.504767959313412
E01004175,1737.0,21.0,20.0,143.0,4.2,4.0,28.6,2.4179620034542313,2.302820955670697,16.465169833045483
E01004176,1525.0,28.0,101.0,157.0,5.6,20.2,31.4,3.6721311475409832,13.245901639344263,20.59016393442623
E01004177,1804.0,43.0,59.0,192.0,8.6,11.8,38.4,4.767184035476719,6.541019955654102,21.286031042128602
E01004178,2368.0,111.0,728.0,547.0,22.2,145.6,109.4,9.375,61.486486486486484,46.19932432432432
E01004179,1617.0,25.0,34.0,84.0,5.0,6.8,16.8,3.0921459492888066,4.205318491032776,10.38961038961039
E01004180,1761.0,34.0,50.0,96.0,6.8,10.0,19.2,3.861442362294151,5.6785917092561045,10.90289608177172
E01004181,1732.0,45.0,30.0,137.0,9.0,6.0,27.4,5.196304849884526,3.464203233256351,15.819861431870669
E01004182,1767.0,31.0,55.0,214.0,6.2,11.0,42.8,3.5087719298245617,6.22524052065648,24.221844934917936
E01004183,1775.0,35.0,82.0,246.0,7.0,16.4,49.2,3.9436619718309855,9.23943661971831,27.71830985915493
E01004184,1705.0,33.0,44.0,259.0,6.6,8.8,51.8,3.870967741935484,5.161290322580645,30.38123167155425
E01004185,2117.0,32.0,75.0,321.0,6.4,15.0,64.2,3.0231459612659424,7.085498346717053,30.325932923948987
E01004186,1719.0,36.0,42.0,170.0,7.2,8.4,34.0,4.188481675392671,4.886561954624782,19.77894124490983
E01004187,1676.0,27.0,38.0,179.0,5.4,7.6,35.8,3.221957040572793,4.534606205250596,21.360381861575178
E01004189,2115.0,40.0,91.0,266.0,8.0,18.2,53.2,3.7825059101654843,8.605200945626477,25.153664302600475
E01004190,1386.0,16.0,13.0,58.0,3.2,2.6,11.6,2.3088023088023086,1.875901875901876,8.369408369408369
E01004191,1886.0,28.0,57.0,149.0,5.6,11.4,29.8,2.9692470837751856,6.0445387062566285,15.800636267232235
E01004192,1864.0,30.0,44.0,115.0,6.0,8.8,23.0,3.218884120171674,4.721030042918455,12.339055793991417
E01004193,2845.0,50.0,40.0,176.0,10.0,8.0,35.2,3.51493848857645,2.81195079086116,12.372583479789105
E01004194,1596.0,31.0,31.0,142.0,6.2,6.2,28.4,3.884711779448622,3.884711779448622,17.794486215538846
E01004195,1695.0,34.0,112.0,143.0,6.8,22.4,28.6,4.011799410029498,13.215339233038346,16.873156342182895
E01004196,1577.0,25.0,81.0,105.0,5.0,16.2,21.0,3.170577045022194,10.272669625871908,13.316423589093214
E01004198,1490.0,72.0,197.0,296.0,14.4,39.4,59.2,9.664429530201343,26.442953020134226,39.73154362416108
E01004199,1695.0,62.0,80.0,234.0,12.4,16.0,46.8,7.3156342182890866,9.43952802359882,27.610619469026545
E01004200,1502.0,51.0,139.0,135.0,10.2,27.8,27.0,6.790945406125166,18.508655126498002,17.976031957390145
E01004201,1689.0,41.0,127.0,163.0,8.2,25.4,32.6,4.8549437537004145,15.038484310242746,19.301361752516282
E01004202,2019.0,123.0,329.0,279.0,24.6,65.8,55.8,12.184249628528974,32.59039128281327,27.63744427934621
E01004203,1808.0,124.0,637.0,438.0,24.8,127.4,87.6,13.716814159292035,70.46460176991151,48.451327433628315
E01004204,1868.0,56.0,121.0,207.0,11.2,24.2,41.4,5.995717344753746,12.955032119914346,22.1627408993576
E01004205,2203.0,80.0,291.0,383.0,16.0,58.2,76.6,7.262823422605538,26.418520199727645,34.77076713572401
E01004206,1464.0,58.0,108.0,282.0,11.6,21.6,56.4,7.923497267759562,14.754098360655739,38.52459016393443
E01004207,1426.0,49.0,575.0,235.0,9.8,115.0,47.0,6.872370266479664,80.64516129032258,32.959326788218796
E01004208,1978.0,181.0,2009.0,740.0,36.2,401.8,148.0,18.301314459049546,203.13447927199192,74.82305358948432
E01004209,1387.0,32.0,142.0,185.0,6.4,28.4,37.0,4.614275414563807,20.475847152126892,26.676279740447008
E01004211,1629.0,123.0,619.0,473.0,24.6,123.8,94.6,15.101289134438307,75.9975445058318,58.072437077961936
E01004212,2231.0,128.0,406.0,430.0,25.6,81.2,86.0,11.474675033617213,36.396234872254595,38.54773644105782
E01004214,1620.0,42.0,51.0,267.0,8.4,10.2,53.4,5.185185185185185,6.296296296296296,32.96296296296296
E01004216,1788.0,16.0,40.0,174.0,3.2,8.0,34.8,1.789709172259508,4.47427293064877,19.463087248322143
E01004217,2077.0,49.0,138.0,308.0,9.8,27.6,61.6,4.71834376504574,13.288396726047184,29.65816080885893
E01004218,1927.0,26.0,50.0,119.0,5.2,10.0,23.8,2.698495070057084,5.1894135962636225,12.350804359107421
E01004219,2721.0,113.0,277.0,499.0,22.6,55.4,99.8,8.30576993752297,20.360161705255422,36.67769202499081
E01004221,1976.0,59.0,206.0,297.0,11.8,41.2,59.4,5.97165991902834,20.8502024291498,30.060728744939272
E01004222,2730.0,63.0,241.0,485.0,12.6,48.2,97.0,4.615384615384615,17.655677655677657,35.53113553113553
E01004223,2215.0,52.0,214.0,313.0,10.4,42.8,62.6,4.6952595936794586,19.322799097065463,28.261851015801355
E01004226,2407.0,92.0,471.0,366.0,18.4,94.2,73.2,7.644370585791441,39.135853759867054,30.411300373909434
E01004228,1947.0,53.0,110.0,226.0,10.6,22.0,45.2,5.44427324088341,11.299435028248588,23.215202876219827
E01004229,1419.0,43.0,145.0,187.0,8.6,29.0,37.4,6.0606060606060606,20.4369274136716,26.356589147286822
E01004230,2146.0,52.0,162.0,224.0,10.4,32.4,44.8,4.846225535880709,15.097856477166822,20.87604846225536
E01004231,1646.0,58.0,426.0,367.0,11.6,85.2,73.4,7.047387606318347,51.76184690157959,44.59295261239368
E01004232,1791.0,89.0,621.0,292.0,17.8,124.2,58.4,9.938581797878282,69.34673366834171,32.60748185371301
E01004233,2204.0,46.0,105.0,200.0,9.2,21.0,40.0,4.174228675136115,9.528130671506352,18.148820326678766
E01004234,2561.0,124.0,570.0,331.0,24.8,114.0,66.2,9.683717297930496,44.513861772745024,25.84927762592737
E01004235,1312.0,32.0,96.0,191.0,6.4,19.2,38.2,4.878048780487805,14.634146341463413,29.115853658536587
E01004236,1560.0,24.0,102.0,248.0,4.8,20.4,49.6,3.076923076923077,13.076923076923077,31.794871794871796
E01004237,1530.0,52.0,145.0,246.0,10.4,29.0,49.2,6.797385620915033,18.954248366013072,32.15686274509804
E01004239,1773.0,49.0,116.0,249.0,9.8,23.2,49.8,5.527354765933447,13.08516638465877,28.087986463620982
E01004240,1684.0,31.0,57.0,201.0,6.2,11.4,40.2,3.6817102137767224,6.7695961995249405,23.871733966745847
E01004241,1672.0,45.0,60.0,200.0,9.0,12.0,40.0,5.382775119617225,7.177033492822967,23.923444976076556
E01004243,1553.0,44.0,88.0,166.0,8.8,17.6,33.2,5.666452028332261,11.332904056664521,21.37797810688989
E01004244,2049.0,127.0,358.0,382.0,25.4,71.6,76.4,12.396290873596875,34.943875061005365,37.286481210346516
E01004245,2966.0,77.0,210.0,434.0,15.4,42.0,86.8,5.19217801753203,14.16048550236008,29.265003371544164
E01004247,2640.0,74.0,305.0,485.0,14.8,61.0,97.0,5.606060606060606,23.106060606060606,36.74242424242424
E01004248,1888.0,67.0,119.0,305.0,13.4,23.8,61.0,7.0974576271186445,12.60593220338983,32.309322033898304
E01004249,2439.0,56.0,154.0,342.0,11.2,30.8,68.4,4.592045920459204,12.628126281262814,28.04428044280443
E01004251,2578.0,101.0,455.0,423.0,20.2,91.0,84.6,7.835531419705197,35.298681148176875,32.816136539953455
E01004255,1586.0,61.0,148.0,237.0,12.2,29.6,47.4,7.692307692307692,18.66330390920555,29.886506935687265
E01004256,1690.0,32.0,95.0,304.0,6.4,19.0,60.8,3.7869822485207103,11.242603550295858,35.976331360946745
E01004257,2232.0,46.0,154.0,431.0,9.2,30.8,86.2,4.121863799283154,13.799283154121863,38.62007168458781
E01004258,1472.0,54.0,86.0,145.0,10.8,17.2,29.0,7.336956521739131,11.684782608695652,19.70108695652174
E01004259,1753.0,91.0,321.0,617.0,18.2,64.2,123.4,10.38220193953223,36.622932116371935,70.39361095265261
E01004260,1785.0,75.0,157.0,285.0,15.0,31.4,57.0,8.403361344537815,17.591036414565828,31.932773109243694
E01004263,1381.0,31.0,71.0,209.0,6.2,14.2,41.8,4.48950036205648,10.282404055032584,30.267921795800145
E01004264,1441.0,22.0,74.0,222.0,4.4,14.8,44.4,3.053435114503817,10.270645385149203,30.811936155447604
E01004266,1452.0,26.0,57.0,126.0,5.2,11.4,25.2,3.581267217630854,7.8512396694214885,17.355371900826444
E01004267,2200.0,80.0,315.0,438.0,16.0,63.0,87.6,7.2727272727272725,28.636363636363637,39.81818181818181
E01004268,1769.0,38.0,184.0,501.0,7.6,36.8,100.2,4.2962125494629735,20.80271339739966,56.64217071791973
E01004270,2420.0,97.0,471.0,310.0,19.4,94.2,62.0,8.016528925619834,38.925619834710744,25.619834710743802
E01004271,2463.0,61.0,130.0,257.0,12.2,26.0,51.4,4.953308972797402,10.556232237109217,20.868859114900527
E01004272,2668.0,85.0,111.0,417.0,17.0,22.2,83.4,6.371814092953524,8.320839580209894,31.259370314842585
E01004274,1956.0,22.0,66.0,193.0,4.4,13.2,38.6,2.2494887525562373,6.748466257668711,19.734151329243353
E01004275,2514.0,32.0,64.0,249.0,6.4,12.8,49.8,2.5457438345266508,5.0914876690533015,19.809069212410503
E01004276,2052.0,38.0,52.0,110.0,7.6,10.4,22.0,3.7037037037037033,5.0682261208577,10.721247563352826
E01004277,1593.0,102.0,1282.0,434.0,20.4,256.4,86.8,12.8060263653484,160.95417451349653,54.48838669177652
E01004280,1954.0,31.0,68.0,213.0,6.2,13.6,42.6,3.1729785056294784,6.960081883316274,21.8014329580348
E01004281,1991.0,22.0,47.0,118.0,4.4,9.4,23.6,2.2099447513812156,4.721245605223506,11.85334003013561
E01004283,2185.0,43.0,129.0,306.0,8.6,25.8,61.2,3.9359267734553773,11.807780320366133,28.009153318077807
E01004286,2476.0,78.0,229.0,379.0,15.6,45.8,75.8,6.300484652665589,18.497576736672052,30.61389337641357
E01004287,2250.0,39.0,110.0,221.0,7.8,22.0,44.2,3.4666666666666663,9.777777777777777,19.644444444444446
E01004288,1853.0,22.0,119.0,322.0,4.4,23.8,64.4,2.374527792768484,12.844036697247708,34.754452239611446
E01004289,1936.0,38.0,99.0,279.0,7.6,19.8,55.8,3.9256198347107434,10.227272727272727,28.822314049586772
E01004290,1975.0,90.0,297.0,346.0,18.0,59.4,69.2,9.113924050632912,30.075949367088608,35.037974683544306
E01004291,1911.0,123.0,244.0,163.0,24.6,48.8,32.6,12.872841444270016,25.53636839351125,17.059131344845632
E01004292,1672.0,77.0,82.0,67.0,15.4,16.4,13.4,9.210526315789474,9.808612440191386,8.014354066985646
E01004293,1987.0,150.0,1073.0,239.0,30.0,214.6,47.8,15.09813789632612,108.00201308505284,24.056366381479613
E01004295,2003.0,33.0,244.0,216.0,6.6,48.8,43.2,3.295057413879181,24.363454817773338,21.567648527209187
E01004296,2430.0,61.0,208.0,325.0,12.2,41.6,65.0,5.020576131687243,17.11934156378601,26.74897119341564
E01004297,1917.0,40.0,87.0,86.0,8.0,17.4,17.2,4.173187271778821,9.076682316118935,8.972352634324466
E01004298,1604.0,30.0,297.0,379.0,6.0,59.4,75.8,3.740648379052369,37.03241895261846,47.256857855361595
E01004300,1450.0,19.0,54.0,155.0,3.8,10.8,31.0,2.6206896551724137,7.448275862068966,21.379310344827584
E01004301,1420.0,26.0,111.0,198.0,5.2,22.2,39.6,3.6619718309859155,15.633802816901406,27.887323943661972
E01004302,1669.0,26.0,238.0,244.0,5.2,47.6,48.8,3.1156381066506893,28.520071899340923,29.239065308568
E01004303,2871.0,105.0,218.0,392.0,21.0,43.6,78.4,7.3145245559038665,15.18634622082898,27.3075583420411
E01004304,2136.0,43.0,266.0,391.0,8.6,53.2,78.2,4.02621722846442,24.9063670411985,36.61048689138577
E01004305,1864.0,43.0,114.0,263.0,8.6,22.8,52.6,4.613733905579399,12.231759656652361,28.218884120171673
E01004306,1842.0,137.0,665.0,371.0,27.4,133.0,74.2,14.875135722041259,72.20412595005429,40.28230184581976
E01004307,2336.0,286.0,2560.0,499.0,57.2,512.0,99.8,24.486301369863014,219.17808219178082,42.72260273972603
E01004308,1441.0,47.0,86.0,215.0,9.4,17.2,43.0,6.5232477446217905,11.93615544760583,29.840388619014576
E01004309,2793.0,206.0,1460.0,870.0,41.2,292.0,174.0,14.751163623344075,104.54708199069101,62.29860365198711
E01004310,2021.0,146.0,658.0,407.0,29.2,131.6,81.4,14.448292924294902,65.11627906976744,40.27709054923306
E01004311,1845.0,74.0,289.0,208.0,14.8,57.8,41.6,8.021680216802167,31.327913279132794,22.54742547425474
E01004312,1525.0,60.0,120.0,222.0,12.0,24.0,44.4,7.868852459016393,15.737704918032787,29.114754098360656
E01004313,2125.0,82.0,306.0,336.0,16.4,61.2,67.2,7.717647058823529,28.800000000000004,31.62352941176471
E01004315,1580.0,74.0,274.0,234.0,14.8,54.8,46.8,9.367088607594937,34.68354430379747,29.62025316455696
E01004316,1039.0,43.0,251.0,109.0,8.6,50.2,21.8,8.277189605389799,48.31568816169394,20.981713185755535
E01004319,2506.0,51.0,128.0,255.0,10.2,25.6,51.0,4.07023144453312,10.215482841181165,20.351157222665602
E01004321,2146.0,77.0,260.0,378.0,15.4,52.0,75.6,7.1761416589002796,24.231127679403542,35.22833178005592
E01004322,1401.0,126.0,796.0,973.0,25.2,159.2,194.6,17.987152034261243,113.633119200571,138.9007851534618
E01004323,1627.0,41.0,182.0,200.0,8.2,36.4,40.0,5.039950829748002,22.372464658881373,24.585125998770742
E01004324,1599.0,44.0,66.0,184.0,8.8,13.2,36.8,5.503439649781114,8.25515947467167,23.014383989993743
E01004326,1887.0,86.0,351.0,341.0,17.2,70.2,68.2,9.114997350291468,37.20190779014309,36.1420243773185
E01004327,1506.0,43.0,71.0,119.0,8.6,14.2,23.8,5.710491367861886,9.428950863213812,15.803452855245686
E01004328,1869.0,38.0,129.0,203.0,7.6,25.8,40.6,4.066345639379347,13.804173354735152,21.722846441947567
E01004329,1810.0,41.0,82.0,175.0,8.2,16.4,35.0,4.530386740331491,9.060773480662982,19.337016574585636
E01004330,1677.0,24.0,69.0,140.0,4.8,13.8,28.0,2.862254025044723,8.22898032200358,16.696481812760883
E01004331,1656.0,36.0,62.0,171.0,7.2,12.4,34.2,4.3478260869565215,7.487922705314009,20.65217391304348
E01004332,1944.0,55.0,128.0,222.0,11.0,25.6,44.4,5.65843621399177,13.168724279835393,22.839506172839506
E01004333,1696.0,36.0,99.0,163.0,7.2,19.8,32.6,4.245283018867925,11.674528301886793,19.221698113207545
E01004334,1892.0,60.0,147.0,321.0,12.0,29.4,64.2,6.342494714587738,15.539112050739956,33.9323467230444
E01004335,1740.0,50.0,107.0,296.0,10.0,21.4,59.2,5.747126436781609,12.298850574712642,34.02298850574713
E01004336,1555.0,33.0,185.0,276.0,6.6,37.0,55.2,4.244372990353697,23.794212218649516,35.4983922829582
E01004337,1742.0,44.0,69.0,203.0,8.8,13.8,40.6,5.051664753157291,7.921928817451206,23.30654420206659
E01004338,2020.0,17.0,56.0,154.0,3.4,11.2,30.8,1.683168316831683,5.544554455445544,15.247524752475247
E01004339,1883.0,26.0,69.0,154.0,5.2,13.8,30.8,2.7615507169410516,7.328730748805099,16.356877323420075
E01004340,1880.0,52.0,81.0,212.0,10.4,16.2,42.4,5.531914893617022,8.617021276595743,22.5531914893617
E01004341,1935.0,75.0,328.0,415.0,15.0,65.6,83.0,7.751937984496124,33.90180878552972,42.89405684754522
E01004342,2091.0,81.0,353.0,309.0,16.2,70.6,61.8,7.747489239598278,33.7637494021999,29.555236728837873
E01004343,1871.0,37.0,47.0,100.0,7.4,9.4,20.0,3.9551042223409945,5.024051309460182,10.689470871191876
E01004344,1904.0,56.0,119.0,295.0,11.2,23.8,59.0,5.88235294117647,12.5,30.987394957983195
E01004345,1792.0,44.0,57.0,174.0,8.8,11.4,34.8,4.9107142857142865,6.361607142857143,19.419642857142854
E01004346,1796.0,44.0,75.0,134.0,8.8,15.0,26.8,4.89977728285078,8.351893095768375,14.922048997772828
E01004347,2184.0,56.0,120.0,159.0,11.2,24.0,31.8,5.128205128205129,10.989010989010989,14.56043956043956
E01004348,2947.0,61.0,157.0,366.0,12.2,31.4,73.2,4.139803189684424,10.654903291482864,24.838819138106548
E01004349,1547.0,33.0,30.0,132.0,6.6,6.0,26.4,4.266321913380737,3.878474466709761,17.065287653522947
E01004350,1901.0,51.0,90.0,158.0,10.2,18.0,31.6,5.365597054182009,9.468700683850605,16.622830089426618
E01004351,1645.0,34.0,30.0,192.0,6.8,6.0,38.4,4.1337386018237074,3.64741641337386,23.343465045592705
E01004352,1884.0,36.0,66.0,159.0,7.2,13.2,31.8,3.821656050955414,7.006369426751592,16.878980891719745
E01004353,1815.0,18.0,46.0,130.0,3.6,9.2,26.0,1.9834710743801653,5.068870523415978,14.325068870523415
E01004354,1965.0,42.0,345.0,254.0,8.4,69.0,50.8,4.2748091603053435,35.11450381679389,25.85241730279898
E01004355,1690.0,32.0,57.0,223.0,6.4,11.4,44.6,3.7869822485207103,6.745562130177515,26.3905325443787
E01004356,1698.0,46.0,43.0,106.0,9.2,8.6,21.2,5.41813898704358,5.064782096584216,12.48527679623086
E01004357,1583.0,36.0,28.0,135.0,7.2,5.6,27.0,4.548325963360708,3.537586860391661,17.056222362602654
E01004358,1952.0,37.0,57.0,184.0,7.4,11.4,36.8,3.790983606557377,5.84016393442623,18.85245901639344
E01004359,1712.0,19.0,36.0,92.0,3.8,7.2,18.4,2.219626168224299,4.205607476635514,10.747663551401867
E01004360,1334.0,23.0,14.0,72.0,4.6,2.8,14.4,3.448275862068965,2.098950524737631,10.794602698650674
E01004361,1383.0,37.0,24.0,59.0,7.4,4.8,11.8,5.350686912509039,3.4707158351409975,8.532176428054953
E01004362,1608.0,21.0,74.0,179.0,4.2,14.8,35.8,2.611940298507463,9.203980099502488,22.2636815920398
E01004363,1666.0,33.0,250.0,467.0,6.6,50.0,93.4,3.9615846338535414,30.012004801920767,56.062424969988
E01004364,1984.0,32.0,110.0,246.0,6.4,22.0,49.2,3.225806451612903,11.088709677419356,24.798387096774196
E01004365,2543.0,52.0,230.0,435.0,10.4,46.0,87.0,4.089657884388517,18.088871411718443,34.2115611482501
E01004366,1936.0,25.0,67.0,200.0,5.0,13.4,40.0,2.5826446280991737,6.921487603305785,20.66115702479339
E01004367,1607.0,33.0,261.0,240.0,6.6,52.2,48.0,4.107031736154324,32.482887367766025,29.869321717486
E01004368,2449.0,38.0,75.0,156.0,7.6,15.0,31.2,3.1033074724377294,6.124948958758678,12.739893834218048
E01004369,1757.0,16.0,128.0,131.0,3.2,25.6,26.2,1.821286283437678,14.570290267501424,14.911781445645987
E01004370,2105.0,56.0,165.0,253.0,11.2,33.0,50.6,5.320665083135391,15.676959619952493,24.038004750593824
E01004371,1646.0,19.0,66.0,173.0,3.8,13.2,34.6,2.3086269744835963,8.019441069258809,21.02065613608749
E01004372,1645.0,21.0,48.0,89.0,4.2,9.6,17.8,2.5531914893617023,5.835866261398176,10.82066869300912
E01004373,1798.0,33.0,125.0,173.0,6.6,25.0,34.6,3.6707452725250276,13.904338153503893,19.24360400444939
E01004374,1967.0,21.0,72.0,152.0,4.2,14.4,30.4,2.135231316725979,7.320793085917641,15.45500762582613
E01004375,1933.0,38.0,144.0,179.0,7.6,28.8,35.8,3.931712364200724,14.899120538023798,18.520434557682357
E01004376,1891.0,58.0,165.0,250.0,11.6,33.0,50.0,6.134320465362242,17.451084082496035,26.441036488630356
E01004377,1837.0,45.0,62.0,134.0,9.0,12.4,26.8,4.899292324442025,6.750136091453457,14.589003810560696
E01004378,1849.0,30.0,41.0,166.0,6.0,8.2,33.2,3.244997295835587,4.434829637641968,17.955651703623584
E01004379,1926.0,40.0,262.0,150.0,8.0,52.4,30.0,4.153686396677051,27.206645898234683,15.576323987538942
E01004380,1796.0,28.0,33.0,111.0,5.6,6.6,22.2,3.1180400890868594,3.674832962138084,12.360801781737193
E01004381,1985.0,32.0,152.0,176.0,6.4,30.4,35.2,3.2241813602015115,15.314861460957177,17.732997481108313
E01004382,1753.0,20.0,55.0,174.0,4.0,11.0,34.8,2.2818026240730176,6.274957216200799,19.85168282943525
E01004383,1687.0,23.0,31.0,98.0,4.6,6.2,19.6,2.726733847065797,3.675163011262596,11.618257261410788
E01004384,2002.0,33.0,194.0,268.0,6.6,38.8,53.6,3.2967032967032965,19.38061938061938,26.773226773226774
E01004385,1534.0,28.0,49.0,188.0,5.6,9.8,37.6,3.650586701434159,6.388526727509778,24.511082138200784
E01004386,1698.0,21.0,21.0,42.0,4.2,4.2,8.4,2.473498233215548,2.473498233215548,4.946996466431096
E01004387,1439.0,14.0,18.0,34.0,2.8,3.6,6.8,1.9457956914523975,2.501737317581654,4.72550382209868
E01004388,1660.0,39.0,92.0,211.0,7.8,18.4,42.2,4.698795180722891,11.084337349397588,25.42168674698795
E01004389,1733.0,30.0,53.0,193.0,6.0,10.6,38.6,3.462204270051933,6.116560877091748,22.273514137334104
E01004390,1600.0,22.0,32.0,154.0,4.4,6.4,30.8,2.7500000000000004,4.0,19.25
E01004391,2326.0,43.0,343.0,231.0,8.6,68.6,46.2,3.697334479793637,29.492691315563196,19.862424763542563
E01004392,2565.0,85.0,1361.0,513.0,17.0,272.2,102.6,6.627680311890838,106.12085769980506,40.0
E01004393,1691.0,38.0,348.0,285.0,7.6,69.6,57.0,4.4943820224719095,41.15907746895328,33.70786516853933
E01004394,2003.0,30.0,142.0,240.0,6.0,28.4,48.0,2.9955067398901645,14.17873190214678,23.964053919121316
E01004395,1700.0,12.0,71.0,123.0,2.4,14.2,24.6,1.4117647058823528,8.352941176470587,14.47058823529412
E01004396,1995.0,20.0,93.0,173.0,4.0,18.6,34.6,2.0050125313283207,9.323308270676693,17.343358395989977
E01004397,2908.0,125.0,2363.0,913.0,25.0,472.6,182.6,8.59697386519945,162.5171939477304,62.79229711141677
E01004398,2029.0,30.0,86.0,186.0,6.0,17.2,37.2,2.957121734844751,8.477082306554953,18.334154756037456
E01004399,1890.0,26.0,62.0,260.0,5.2,12.4,52.0,2.7513227513227516,6.560846560846562,27.513227513227513
E01004400,1898.0,29.0,138.0,197.0,5.8,27.6,39.4,3.0558482613277134,14.541622760800843,20.758693361433085
E01004401,2368.0,82.0,236.0,301.0,16.4,47.2,60.2,6.925675675675675,19.932432432432435,25.4222972972973
E01004402,1870.0,24.0,72.0,169.0,4.8,14.4,33.8,2.5668449197860963,7.700534759358289,18.074866310160427
E01004403,2588.0,66.0,322.0,321.0,13.2,64.4,64.2,5.1004636785162285,24.884080370942815,24.806800618238025
E01004404,2852.0,42.0,93.0,250.0,8.4,18.6,50.0,2.9453015427769986,6.521739130434783,17.53155680224404
E01004405,1716.0,40.0,111.0,178.0,8.0,22.2,35.6,4.662004662004662,12.937062937062937,20.745920745920746
E01004406,1846.0,38.0,170.0,203.0,7.6,34.0,40.6,4.117009750812567,18.418201516793065,21.99349945828819
E01004407,1632.0,84.0,111.0,367.0,16.8,22.2,73.4,10.294117647058824,13.602941176470589,44.97549019607844
E01004408,1732.0,51.0,119.0,135.0,10.2,23.8,27.0,5.8891454965357966,13.74133949191686,15.58891454965358
E01004409,1774.0,69.0,165.0,220.0,13.8,33.0,44.0,7.7790304396843295,18.602029312288614,24.80270574971815
E01004410,1845.0,79.0,151.0,236.0,15.8,30.2,47.2,8.56368563685637,16.368563685636854,25.582655826558266
E01004411,1981.0,60.0,202.0,234.0,12.0,40.4,46.8,6.057546693589097,20.39374053508329,23.624432104997474
E01004412,1788.0,49.0,121.0,136.0,9.8,24.2,27.2,5.480984340044743,13.534675615212528,15.212527964205815
E01004413,1543.0,41.0,114.0,184.0,8.2,22.8,36.8,5.314322747893713,14.776409591704473,23.849643551523005
E01004414,1814.0,41.0,124.0,201.0,8.2,24.8,40.2,4.520396912899669,13.671444321940463,22.160970231532527
E01004415,1618.0,26.0,32.0,141.0,5.2,6.4,28.2,3.2138442521631645,3.955500618046972,17.428924598269468
E01004416,1824.0,85.0,47.0,69.0,17.0,9.4,13.8,9.320175438596491,5.153508771929825,7.565789473684211
E01004417,1886.0,38.0,108.0,206.0,7.6,21.6,41.2,4.029692470837751,11.452810180275717,21.845174973488866
E01004418,1780.0,33.0,48.0,135.0,6.6,9.6,27.0,3.7078651685393256,5.393258426966292,15.168539325842696
E01004419,2652.0,53.0,79.0,226.0,10.6,15.8,45.2,3.996983408748114,5.957767722473605,17.04374057315234
E01004420,2258.0,53.0,739.0,565.0,10.6,147.8,113.0,4.694419840566873,65.4561558901683,50.04428697962799
E01004421,2132.0,22.0,74.0,185.0,4.4,14.8,37.0,2.0637898686679175,6.941838649155723,17.354596622889307
E01004422,2648.0,119.0,435.0,320.0,23.8,87.0,64.0,8.987915407854985,32.854984894259815,24.169184290030213
E01004423,2102.0,41.0,132.0,258.0,8.2,26.4,51.6,3.9010466222645093,12.559467174119884,24.548049476688867
E01004424,2120.0,69.0,319.0,393.0,13.8,63.8,78.6,6.5094339622641515,30.09433962264151,37.075471698113205
E01004425,1989.0,42.0,410.0,182.0,8.4,82.0,36.4,4.223227752639518,41.22674710910005,18.300653594771244
E01004426,1831.0,25.0,82.0,137.0,5.0,16.4,27.4,2.7307482250136537,8.956854178044784,14.964500273074822
E01004427,1975.0,39.0,129.0,201.0,7.8,25.8,40.2,3.9493670886075947,13.063291139240507,20.354430379746837
E01004428,2091.0,39.0,71.0,244.0,7.8,14.2,48.8,3.7302725968436157,6.791009086561453,23.33811573409852
E01004429,1832.0,66.0,167.0,211.0,13.2,33.4,42.2,7.205240174672489,18.231441048034934,23.034934497816597
E01004430,2677.0,179.0,1157.0,599.0,35.8,231.4,119.8,13.373178931639895,86.44004482629809,44.751587598057526
E01004432,1932.0,42.0,118.0,227.0,8.4,23.6,45.4,4.3478260869565215,12.215320910973086,23.498964803312628
E01004434,2146.0,56.0,135.0,255.0,11.2,27.0,51.0,5.21901211556384,12.581547064305685,23.76514445479963
E01004435,2147.0,46.0,132.0,252.0,9.2,26.4,50.4,4.2850489054494645,12.296227293898463,23.474615742897065
E01004436,1531.0,54.0,373.0,267.0,10.8,74.6,53.4,7.05421293272371,48.72632266492488,34.8791639451339
E01004437,1792.0,43.0,85.0,204.0,8.6,17.0,40.8,4.799107142857142,9.486607142857142,22.767857142857142
E01004438,2142.0,110.0,1435.0,422.0,22.0,287.0,84.4,10.27077497665733,133.98692810457516,39.402427637721765
E01004439,1636.0,32.0,59.0,113.0,6.4,11.8,22.6,3.9119804400978,7.212713936430319,13.814180929095356
E01004440,2066.0,62.0,335.0,317.0,12.4,67.0,63.4,6.001936108422072,32.4298160696999,30.68731848983543
E01004441,1527.0,30.0,69.0,104.0,6.0,13.8,20.8,3.929273084479371,9.037328094302554,13.621480026195155
E01004442,1544.0,27.0,52.0,103.0,5.4,10.4,20.6,3.4974093264248705,6.7357512953367875,13.3419689119171
E01004443,2235.0,56.0,322.0,237.0,11.2,64.4,47.4,5.011185682326622,28.814317673378078,21.20805369127517
E01004444,2820.0,108.0,379.0,442.0,21.6,75.8,88.4,7.659574468085107,26.879432624113473,31.347517730496453
E01004445,2088.0,23.0,116.0,189.0,4.6,23.2,37.8,2.2030651340996164,11.11111111111111,18.103448275862068
E01004446,2668.0,37.0,102.0,168.0,7.4,20.4,33.6,2.7736131934032984,7.646176911544227,12.593703148425787
E01004447,1862.0,11.0,71.0,102.0,2.2,14.2,20.4,1.1815252416756177,7.626208378088077,10.95596133190118
E01004448,1931.0,38.0,288.0,183.0,7.6,57.6,36.6,3.9357845675815635,29.829104091144487,18.95390989124806
E01004449,1892.0,30.0,93.0,226.0,6.0,18.6,45.2,3.171247357293869,9.830866807610994,23.890063424947147
E01004450,1708.0,42.0,22.0,102.0,8.4,4.4,20.4,4.918032786885246,2.576112412177986,11.943793911007024
E01004451,1841.0,41.0,36.0,141.0,8.2,7.2,28.2,4.4541010320478,3.910917979359044,15.317762085822922
E01004452,1887.0,49.0,293.0,295.0,9.8,58.6,59.0,5.193428722840488,31.054583995760467,31.26656067832538
E01004453,1816.0,68.0,402.0,164.0,13.6,80.4,32.8,7.488986784140969,44.27312775330397,18.06167400881057
E01004454,1971.0,39.0,51.0,196.0,7.8,10.2,39.2,3.9573820395738206,5.17503805175038,19.88838153221715
E01004455,1794.0,67.0,1754.0,371.0,13.4,350.8,74.2,7.469342251950947,195.5406911928651,41.36008918617615
E01004456,1686.0,29.0,415.0,287.0,5.8,83.0,57.4,3.4400948991696323,49.22894424673784,34.045077105575324
E01004457,1907.0,42.0,102.0,176.0,8.4,20.4,35.2,4.404824331410593,10.69743051914001,18.458311484006295
E01004458,2038.0,52.0,135.0,200.0,10.4,27.0,40.0,5.103042198233562,13.24828263002944,19.627085377821395
E01004459,1666.0,23.0,70.0,208.0,4.6,14.0,41.6,2.7611044417767108,8.403361344537815,24.96998799519808
E01004460,2047.0,57.0,262.0,243.0,11.4,52.4,48.6,5.569125549584758,25.598436736687834,23.742061553492917
E01004462,2355.0,42.0,129.0,211.0,8.4,25.8,42.2,3.56687898089172,10.955414012738853,17.91932059447983
E01004463,2047.0,36.0,98.0,156.0,7.2,19.6,31.2,3.517342452369321,9.574987787005375,15.24181729360039
E01004464,1729.0,69.0,341.0,402.0,13.8,68.2,80.4,7.981492192018509,39.444765760555235,46.500867553499134
E01004465,1607.0,11.0,32.0,83.0,2.2,6.4,16.6,1.3690105787181084,3.9825762289981337,10.32980709396391
E01004466,1719.0,18.0,58.0,108.0,3.6,11.6,21.6,2.0942408376963355,6.7481093659104125,12.565445026178011
E01004467,2354.0,65.0,161.0,350.0,13.0,32.2,70.0,5.52251486830926,13.678844519966017,29.736618521665253
E01004468,1779.0,56.0,58.0,144.0,11.2,11.6,28.8,6.295671725688588,6.520517144463181,16.188870151770658
E01004469,1926.0,54.0,64.0,238.0,10.8,12.8,47.6,5.607476635514019,6.645898234683282,24.714434060228456
E01004470,1671.0,62.0,225.0,307.0,12.4,45.0,61.4,7.4207061639736684,26.929982046678635,36.744464392579296
E01004471,1776.0,35.0,55.0,201.0,7.0,11.0,40.2,3.941441441441441,6.193693693693694,22.635135135135137
E01004472,1782.0,65.0,208.0,87.0,13.0,41.6,17.4,7.295173961840629,23.34455667789001,9.764309764309763
E01004473,1773.0,46.0,77.0,85.0,9.2,15.4,17.0,5.188945290468133,8.6858432036097,9.588268471517203
E01004474,2017.0,163.0,1347.0,479.0,32.6,269.4,95.8,16.162617749132377,133.56470004957856,47.49628160634606
E01004475,1510.0,39.0,137.0,62.0,7.8,27.4,12.4,5.1655629139072845,18.14569536423841,8.211920529801326
E01004476,1812.0,110.0,469.0,220.0,22.0,93.8,44.0,12.141280353200882,51.76600441501104,24.282560706401764
E01004477,1657.0,39.0,66.0,42.0,7.8,13.2,8.4,4.707302353651177,7.96620398310199,5.0694025347012674
E01004478,1566.0,30.0,54.0,15.0,6.0,10.8,3.0,3.8314176245210727,6.8965517241379315,1.9157088122605364
E01004479,1512.0,56.0,48.0,65.0,11.2,9.6,13.0,7.4074074074074066,6.349206349206349,8.597883597883598
E01004480,1721.0,50.0,74.0,65.0,10.0,14.8,13.0,5.810575246949448,8.599651365485183,7.553747821034283
E01004481,1640.0,41.0,183.0,156.0,8.2,36.6,31.2,4.999999999999999,22.31707317073171,19.024390243902438
E01004482,1557.0,34.0,59.0,105.0,6.8,11.8,21.0,4.367373153500321,7.578676942838793,13.48747591522158
E01004483,2101.0,39.0,106.0,165.0,7.8,21.2,33.0,3.712517848643503,10.090433127082342,15.706806282722512
E01004484,1498.0,41.0,64.0,96.0,8.2,12.8,19.2,5.473965287049399,8.544726301735647,12.81708945260347
E01004485,1733.0,70.0,376.0,244.0,14.0,75.2,48.8,8.078476630121177,43.392960184650896,28.159261396422387
E01004486,1425.0,33.0,66.0,78.0,6.6,13.2,15.6,4.63157894736842,9.26315789473684,10.947368421052632
E01004487,1492.0,29.0,44.0,108.0,5.8,8.8,21.6,3.8873994638069704,5.898123324396783,14.477211796246651
E01004488,1331.0,51.0,51.0,77.0,10.2,10.2,15.4,7.663410969196093,7.663410969196093,11.570247933884298
E01004489,1364.0,34.0,57.0,90.0,6.8,11.4,18.0,4.985337243401759,8.357771260997067,13.196480938416423
E01004490,1570.0,25.0,34.0,67.0,5.0,6.8,13.4,3.1847133757961785,4.3312101910828025,8.535031847133757
E01004491,2509.0,28.0,60.0,110.0,5.6,12.0,22.0,2.2319649262654444,4.782781984854523,8.76843363889996
E01004492,1740.0,44.0,279.0,163.0,8.8,55.8,32.6,5.057471264367817,32.06896551724138,18.73563218390805
E01004493,1947.0,41.0,69.0,396.0,8.2,13.8,79.2,4.211607601438109,7.087827426810478,40.67796610169492
E01004494,1785.0,63.0,231.0,161.0,12.6,46.2,32.2,7.0588235294117645,25.88235294117647,18.03921568627451
E01004495,1585.0,30.0,55.0,153.0,6.0,11.0,30.6,3.7854889589905363,6.94006309148265,19.305993690851736
E01004496,1930.0,97.0,247.0,226.0,19.4,49.4,45.2,10.05181347150259,25.59585492227979,23.419689119170986
E01004497,1498.0,20.0,40.0,126.0,4.0,8.0,25.2,2.67022696929239,5.34045393858478,16.822429906542055
E01004498,1687.0,21.0,49.0,88.0,4.2,9.8,17.6,2.489626556016598,5.809128630705394,10.43272080616479
E01004499,1610.0,42.0,58.0,130.0,8.4,11.6,26.0,5.217391304347826,7.204968944099378,16.149068322981368
E01004500,1927.0,41.0,56.0,95.0,8.2,11.2,19.0,4.255319148936169,5.812143227815257,9.859885832900883
E01004501,1534.0,44.0,42.0,90.0,8.8,8.4,18.0,5.736636245110822,5.475880052151239,11.734028683181226
E01004502,1641.0,21.0,38.0,64.0,4.2,7.6,12.8,2.5594149908592323,4.631322364411943,7.800121876904327
E01004503,1702.0,39.0,109.0,128.0,7.8,21.8,25.6,4.582843713278495,12.808460634547592,15.041128084606347
E01004504,1525.0,24.0,32.0,59.0,4.8,6.4,11.8,3.1475409836065573,4.19672131147541,7.7377049180327875
E01004505,1618.0,52.0,45.0,80.0,10.4,9.0,16.0,6.427688504326329,5.562422744128554,9.888751545117428
E01004506,2217.0,97.0,202.0,204.0,19.4,40.4,40.8,8.750563824988722,18.222823635543527,18.40324763193505
E01004507,2585.0,120.0,185.0,186.0,24.0,37.0,37.2,9.284332688588007,14.313346228239844,14.390715667311413
E01004508,2002.0,107.0,207.0,204.0,21.4,41.4,40.8,10.68931068931069,20.67932067932068,20.379620379620377
E01004510,1843.0,67.0,101.0,140.0,13.4,20.2,28.0,7.27075420510038,10.960390667390124,15.192620727075422
E01004511,1591.0,51.0,68.0,158.0,10.2,13.6,31.6,6.411062225015713,8.548082966687618,19.861722187303585
E01004512,1454.0,14.0,71.0,38.0,2.8,14.2,7.6,1.9257221458046767,9.766162310866575,5.226960110041265
E01004513,1931.0,35.0,335.0,271.0,7.0,67.0,54.2,3.625064733298809,34.69704816157431,28.06835836354221
E01004514,1822.0,47.0,142.0,155.0,9.4,28.4,31.0,5.159165751920966,15.587266739846322,17.014270032930842
E01004515,1684.0,39.0,98.0,186.0,7.8,19.6,37.2,4.631828978622328,11.63895486935867,22.090261282660332
E01004516,1746.0,23.0,56.0,113.0,4.6,11.2,22.6,2.6345933562428407,6.414662084765177,12.943871706758305
E01004517,2262.0,58.0,149.0,314.0,11.6,29.8,62.8,5.128205128205129,13.174182139699381,27.763041556145005
E01004518,1734.0,39.0,57.0,115.0,7.8,11.4,23.0,4.498269896193771,6.57439446366782,13.264129181084199
E01004519,1756.0,26.0,40.0,157.0,5.2,8.0,31.4,2.9612756264236904,4.555808656036446,17.88154897494305
E01004520,1402.0,13.0,50.0,117.0,2.6,10.0,23.4,1.854493580599144,7.132667617689016,16.690442225392296
E01004521,2036.0,21.0,58.0,137.0,4.2,11.6,27.4,2.06286836935167,5.697445972495089,13.457760314341847
E01004522,1729.0,37.0,57.0,170.0,7.4,11.4,34.0,4.27993059572007,6.593406593406593,19.664545980335454
E01004523,1637.0,39.0,84.0,145.0,7.8,16.8,29.0,4.7648136835675015,10.262675626145388,17.7153329260843
E01004524,1839.0,45.0,77.0,263.0,9.0,15.4,52.6,4.893964110929852,8.374116367591082,28.602501359434477
E01004525,1926.0,142.0,2608.0,997.0,28.4,521.6,199.4,14.74558670820353,270.82035306334376,103.5306334371755
E01004526,1775.0,57.0,346.0,190.0,11.4,69.2,38.0,6.422535211267606,38.985915492957744,21.408450704225352
E01004527,1659.0,25.0,69.0,150.0,5.0,13.8,30.0,3.0138637733574445,8.318264014466546,18.083182640144667
E01004528,1653.0,50.0,123.0,296.0,10.0,24.6,59.2,6.049606775559589,14.882032667876588,35.81367211131277
E01004529,2103.0,58.0,170.0,211.0,11.6,34.0,42.2,5.515929624346172,16.167379933428435,20.06657156443177
E01004530,1745.0,28.0,58.0,92.0,5.6,11.6,18.4,3.2091690544412605,6.64756446991404,10.544412607449855
E01004531,1763.0,24.0,50.0,140.0,4.8,10.0,28.0,2.7226318774815654,5.672149744753261,15.88201928530913
E01004532,1441.0,18.0,37.0,84.0,3.6,7.4,16.8,2.498265093684941,5.135322692574602,11.658570437196392
E01004533,1448.0,23.0,50.0,111.0,4.6,10.0,22.2,3.1767955801104972,6.906077348066298,15.331491712707182
E01004534,1920.0,84.0,156.0,178.0,16.8,31.2,35.6,8.75,16.25,18.541666666666668
E01004535,1857.0,25.0,90.0,331.0,5.0,18.0,66.2,2.6925148088314486,9.693053311793214,35.64889606892838
E01004536,2350.0,62.0,208.0,374.0,12.4,41.6,74.8,5.276595744680851,17.70212765957447,31.829787234042556
E01004537,2072.0,90.0,156.0,290.0,18.0,31.2,58.0,8.687258687258687,15.057915057915057,27.99227799227799
E01004538,2478.0,65.0,86.0,178.0,13.0,17.2,35.6,5.246166263115415,6.941081517352703,14.366424535916062
E01004539,2092.0,28.0,112.0,382.0,5.6,22.4,76.4,2.6768642447418736,10.707456978967494,36.52007648183557
E01004540,2235.0,91.0,216.0,282.0,18.2,43.2,56.4,8.143176733780761,19.328859060402685,25.23489932885906
E01004541,1696.0,69.0,116.0,281.0,13.8,23.2,56.2,8.13679245283019,13.679245283018869,33.136792452830186
E01004542,1572.0,24.0,48.0,95.0,4.8,9.6,19.0,3.0534351145038165,6.106870229007633,12.086513994910941
E01004543,1743.0,63.0,130.0,102.0,12.6,26.0,20.4,7.228915662650603,14.91681009753299,11.703958691910499
E01004544,1537.0,33.0,55.0,66.0,6.6,11.0,13.2,4.294079375406636,7.15679895901106,8.588158750813273
E01004545,1937.0,112.0,600.0,203.0,22.4,120.0,40.6,11.564274651522972,61.9514713474445,20.96024780588539
E01004546,1500.0,17.0,34.0,44.0,3.4,6.8,8.8,2.2666666666666666,4.533333333333333,5.866666666666667
E01004547,1425.0,40.0,50.0,103.0,8.0,10.0,20.6,5.614035087719298,7.017543859649123,14.456140350877195
E01004548,2036.0,74.0,279.0,204.0,14.8,55.8,40.8,7.269155206286838,27.406679764243613,20.039292730844792
E01004549,1662.0,32.0,52.0,139.0,6.4,10.4,27.8,3.850782190132371,6.257521058965102,16.726835138387486
E01004550,1361.0,34.0,55.0,95.0,6.8,11.0,19.0,4.996326230712711,8.082292432035269,13.96032329169728
E01004551,1565.0,101.0,1182.0,662.0,20.2,236.4,132.4,12.907348242811501,151.05431309904154,84.60063897763578
E01004552,1971.0,122.0,1390.0,334.0,24.4,278.0,66.8,12.379502790461693,141.04515474378488,33.891425672247586
E01004553,1764.0,29.0,272.0,105.0,5.8,54.4,21.0,3.2879818594104306,30.839002267573697,11.904761904761903
E01004554,1657.0,34.0,82.0,81.0,6.8,16.4,16.2,4.1038020519010265,9.897404948702473,9.776704888352445
E01004555,1724.0,26.0,53.0,51.0,5.2,10.6,10.2,3.0162412993039442,6.148491879350348,5.916473317865429
E01004556,1646.0,29.0,58.0,36.0,5.8,11.6,7.2,3.5236938031591736,7.047387606318347,4.374240583232078
E01004557,1728.0,35.0,102.0,104.0,7.0,20.4,20.8,4.050925925925926,11.805555555555555,12.037037037037036
E01004558,1845.0,47.0,54.0,74.0,9.4,10.8,14.8,5.094850948509485,5.853658536585366,8.021680216802167
E01004559,1468.0,26.0,37.0,38.0,5.2,7.4,7.6,3.5422343324250685,5.040871934604905,5.177111716621254
E01004560,1934.0,73.0,344.0,282.0,14.6,68.8,56.4,7.549120992761116,35.57394002068252,29.16235780765253
E01004563,2179.0,70.0,186.0,348.0,14.0,37.2,69.6,6.424965580541532,17.072051399724646,31.941257457549334
E01004564,1874.0,81.0,170.0,207.0,16.2,34.0,41.4,8.64461045891142,18.14300960512273,22.09178228388474
E01004565,1663.0,52.0,84.0,109.0,10.4,16.8,21.8,6.253758268190018,10.102224894768492,13.108839446782921
E01004566,1681.0,48.0,117.0,133.0,9.6,23.4,26.6,5.710886377156455,13.920285544318856,15.823914336704343
E01004567,2365.0,44.0,116.0,276.0,8.8,23.2,55.2,3.72093023255814,9.809725158562369,23.340380549682877
E01004568,1762.0,50.0,104.0,236.0,10.0,20.8,47.2,5.675368898978434,11.804767309875142,26.787741203178207
E01004569,2382.0,49.0,250.0,485.0,9.8,50.0,97.0,4.1141897565071375,20.990764063811923,40.72208228379513
E01004570,1931.0,41.0,98.0,384.0,8.2,19.6,76.8,4.2465044018643185,10.150181253236665,39.77213878819264
E01004571,1845.0,37.0,219.0,216.0,7.4,43.8,43.2,4.010840108401084,23.739837398373982,23.414634146341463
E01004572,1684.0,40.0,56.0,158.0,8.0,11.2,31.6,4.750593824228028,6.65083135391924,18.764845605700714
E01004573,1684.0,34.0,275.0,249.0,6.8,55.0,49.8,4.038004750593824,32.66033254156769,29.572446555819475
E01004574,2116.0,45.0,98.0,358.0,9.0,19.6,71.6,4.253308128544424,9.262759924385634,33.837429111531186
E01004575,1888.0,53.0,75.0,244.0,10.6,15.0,48.8,5.614406779661017,7.944915254237288,25.847457627118644
E01004576,1606.0,66.0,80.0,246.0,13.2,16.0,49.2,8.21917808219178,9.962640099626402,30.635118306351185
E01004577,1848.0,54.0,91.0,113.0,10.8,18.2,22.6,5.8441558441558445,9.848484848484848,12.22943722943723
E01004579,1871.0,62.0,122.0,167.0,12.4,24.4,33.4,6.627471940138963,13.041154462854088,17.851416354890432
E01004580,2114.0,51.0,195.0,200.0,10.2,39.0,40.0,4.824976348155156,18.4484389782403,18.921475875118258
E01004581,1781.0,49.0,76.0,131.0,9.8,15.2,26.2,5.502526670409883,8.534531162268388,14.710836608646828
E01004582,2201.0,44.0,177.0,137.0,8.8,35.4,27.4,3.9981826442526125,16.083598364379824,12.448886869604724
E01004583,1710.0,69.0,475.0,215.0,13.8,95.0,43.0,8.070175438596491,55.55555555555555,25.146198830409357
E01004584,1726.0,18.0,68.0,270.0,3.6,13.6,54.0,2.085747392815759,7.879490150637311,31.286210892236383
E01004585,1826.0,34.0,101.0,132.0,6.8,20.2,26.4,3.723986856516977,11.062431544359255,14.457831325301203
E01004586,1897.0,45.0,137.0,70.0,9.0,27.4,14.0,4.744333157617291,14.443858724301528,7.380073800738007
E01004587,1820.0,22.0,86.0,83.0,4.4,17.2,16.6,2.4175824175824174,9.45054945054945,9.12087912087912
E01004588,2014.0,115.0,553.0,389.0,23.0,110.6,77.8,11.420059582919563,54.91559086395233,38.629592850049654
E01004589,1797.0,66.0,117.0,85.0,13.2,23.4,17.0,7.345575959933221,13.021702838063439,9.460211463550362
E01004590,1850.0,42.0,82.0,203.0,8.4,16.4,40.6,4.54054054054054,8.864864864864863,21.945945945945947
E01004591,1903.0,110.0,406.0,233.0,22.0,81.2,46.6,11.560693641618496,42.66946925906464,24.487651077246454
E01004592,1685.0,30.0,84.0,177.0,6.0,16.8,35.4,3.5608308605341246,9.97032640949555,21.008902077151333
E01004593,1936.0,30.0,95.0,101.0,6.0,19.0,20.2,3.0991735537190084,9.814049586776859,10.43388429752066
E01004594,1701.0,17.0,107.0,67.0,3.4,21.4,13.4,1.998824221046443,12.580834803057025,7.8777189888301
E01004595,1802.0,42.0,82.0,106.0,8.4,16.4,21.2,4.661487236403996,9.100998890122087,11.76470588235294
E01004596,1617.0,45.0,189.0,65.0,9.0,37.8,13.0,5.565862708719852,23.376623376623375,8.039579468150896
E01004597,1891.0,34.0,59.0,103.0,6.8,11.8,20.6,3.5959809624537282,6.240084611316764,10.893707033315707
E01004598,2146.0,36.0,65.0,93.0,7.2,13.0,18.6,3.3550792171481825,6.0577819198508855,8.667287977632805
E01004599,1566.0,26.0,28.0,38.0,5.2,5.6,7.6,3.3205619412515968,3.5759897828863343,4.853128991060026
E01004601,2464.0,80.0,153.0,230.0,16.0,30.6,46.0,6.493506493506494,12.41883116883117,18.66883116883117
E01004602,1647.0,45.0,192.0,125.0,9.0,38.4,25.0,5.46448087431694,23.31511839708561,15.179113539769277
E01004604,1564.0,46.0,71.0,46.0,9.2,14.2,9.2,5.88235294117647,9.07928388746803,5.88235294117647
E01004605,1821.0,43.0,62.0,129.0,8.6,12.4,25.8,4.72267984623833,6.809445359692477,14.168039538714991
E01004606,1673.0,35.0,132.0,63.0,7.0,26.4,12.6,4.184100418410042,15.780035863717872,7.531380753138075
E01004607,1629.0,32.0,54.0,65.0,6.4,10.8,13.0,3.928790669122161,6.629834254143646,7.980356046654389
E01004608,1669.0,38.0,135.0,153.0,7.6,27.0,30.6,4.553624925104853,16.177351707609347,18.334331935290592
E01004609,2136.0,147.0,1568.0,699.0,29.4,313.6,139.8,13.764044943820224,146.81647940074907,65.4494382022472
E01004610,1984.0,31.0,89.0,151.0,6.2,17.8,30.2,3.125,8.971774193548388,15.221774193548386
E01004611,1547.0,25.0,84.0,178.0,5.0,16.8,35.6,3.232062055591467,10.85972850678733,23.012281835811248
E01004612,1602.0,63.0,193.0,262.0,12.6,38.6,52.4,7.865168539325843,24.094881398252188,32.70911360799001
E01004613,1694.0,73.0,355.0,319.0,14.6,71.0,63.8,8.618654073199528,41.912632821723726,37.66233766233766
E01004614,1971.0,41.0,103.0,113.0,8.2,20.6,22.6,4.160324708269913,10.451547437848808,11.466260781329275
E01004615,1644.0,39.0,89.0,322.0,7.8,17.8,64.4,4.744525547445255,10.827250608272507,39.1727493917275
E01004616,1896.0,44.0,85.0,160.0,8.8,17.0,32.0,4.641350210970465,8.966244725738397,16.877637130801688
E01004617,1909.0,105.0,636.0,931.0,21.0,127.2,186.2,11.000523834468309,66.63174436877947,97.53797799895233
E01004618,1510.0,26.0,44.0,109.0,5.2,8.8,21.8,3.443708609271523,5.827814569536424,14.437086092715234
E01004619,1357.0,37.0,40.0,59.0,7.4,8.0,11.8,5.453205600589536,5.895357406042741,8.695652173913043
E01004620,1696.0,30.0,52.0,88.0,6.0,10.4,17.6,3.5377358490566038,6.132075471698114,10.377358490566039
E01004621,1719.0,47.0,84.0,114.0,9.4,16.8,22.8,5.468295520651542,9.773123909249565,13.263525305410122
E01004622,1848.0,28.0,73.0,851.0,5.6,14.6,170.2,3.0303030303030303,7.900432900432901,92.0995670995671
E01004623,1772.0,37.0,79.0,71.0,7.4,15.8,14.2,4.17607223476298,8.91647855530474,8.01354401805869
E01004624,1574.0,21.0,44.0,231.0,4.2,8.8,46.2,2.668360864040661,5.5908513341804325,29.351969504447272
E01004625,1315.0,25.0,14.0,36.0,5.0,2.8,7.2,3.802281368821293,2.1292775665399235,5.475285171102661
E01004626,1847.0,52.0,297.0,1273.0,10.4,59.4,254.6,5.630752571737954,32.16025988088793,137.8451543042772
E01004627,1588.0,45.0,104.0,103.0,9.0,20.8,20.6,5.6675062972292185,13.09823677581864,12.97229219143577
E01004628,2340.0,49.0,60.0,218.0,9.8,12.0,43.6,4.188034188034188,5.128205128205129,18.632478632478634
E01004629,1592.0,53.0,94.0,111.0,10.6,18.8,22.2,6.658291457286432,11.809045226130653,13.944723618090451
E01004630,1759.0,34.0,53.0,206.0,6.8,10.6,41.2,3.865832859579306,6.02615122228539,23.42239909039227
E01004631,1885.0,41.0,38.0,160.0,8.2,7.6,32.0,4.350132625994695,4.031830238726791,16.976127320954905
E01004632,1515.0,33.0,39.0,82.0,6.6,7.8,16.4,4.356435643564356,5.148514851485149,10.825082508250825
E01004633,1655.0,26.0,46.0,187.0,5.2,9.2,37.4,3.1419939577039275,5.5589123867069485,22.598187311178247
E01004634,1480.0,44.0,53.0,115.0,8.8,10.6,23.0,5.9459459459459465,7.162162162162162,15.540540540540542
E01004635,1662.0,28.0,39.0,116.0,5.6,7.8,23.2,3.369434416365824,4.693140794223827,13.959085439229844
E01004636,1464.0,30.0,39.0,156.0,6.0,7.8,31.2,4.0983606557377055,5.327868852459016,21.311475409836063
E01004637,1465.0,19.0,32.0,99.0,3.8,6.4,19.8,2.5938566552901023,4.368600682593857,13.515358361774744
E01004638,1375.0,61.0,27.0,51.0,12.2,5.4,10.2,8.872727272727271,3.9272727272727272,7.418181818181818
E01004639,1707.0,76.0,163.0,119.0,15.2,32.6,23.8,8.904510837727006,19.097832454598713,13.942589338019918
E01004640,1679.0,46.0,38.0,81.0,9.2,7.6,16.2,5.479452054794519,4.526503871351995,9.64860035735557
E01004641,1888.0,44.0,36.0,115.0,8.8,7.2,23.0,4.661016949152542,3.8135593220338984,12.182203389830509
E01004642,2111.0,43.0,53.0,165.0,8.6,10.6,33.0,4.073898626243486,5.02131691141639,15.632401705352912
E01004643,2350.0,44.0,87.0,287.0,8.8,17.4,57.4,3.74468085106383,7.404255319148936,24.425531914893615
E01004644,2507.0,77.0,131.0,522.0,15.4,26.2,104.4,6.142800159553251,10.450737933785401,41.64339848424412
E01004645,2114.0,39.0,65.0,214.0,7.8,13.0,42.8,3.6896877956480605,6.149479659413434,20.245979186376537
E01004646,1723.0,84.0,103.0,118.0,16.8,20.6,23.6,9.750435287289612,11.955890887986072,13.697040046430645
E01004647,1392.0,78.0,252.0,130.0,15.6,50.4,26.0,11.206896551724137,36.206896551724135,18.678160919540232
E01004648,2321.0,88.0,129.0,158.0,17.6,25.8,31.6,7.5829383886255926,11.115898319689789,13.614821197759587
E01004649,1408.0,32.0,131.0,141.0,6.4,26.2,28.2,4.545454545454546,18.607954545454547,20.02840909090909
E01004650,1816.0,51.0,71.0,86.0,10.2,14.2,17.2,5.616740088105726,7.819383259911893,9.47136563876652
E01004651,1775.0,66.0,96.0,79.0,13.2,19.2,15.8,7.436619718309859,10.816901408450704,8.901408450704226
E01004652,1615.0,87.0,411.0,249.0,17.4,82.2,49.8,10.773993808049534,50.897832817337466,30.835913312693496
E01004653,1958.0,86.0,308.0,150.0,17.2,61.6,30.0,8.78447395301328,31.460674157303373,15.321756894790603
E01004654,2447.0,164.0,562.0,227.0,32.8,112.4,45.4,13.404168369431957,45.933796485492444,18.55333060890887
E01004656,1967.0,135.0,243.0,249.0,27.0,48.6,49.8,13.726487036095577,24.70767666497204,25.317742755465172
E01004657,1214.0,198.0,2155.0,388.0,39.6,431.0,77.6,32.61943986820429,355.0247116968698,63.92092257001647
E01004658,1523.0,145.0,1907.0,648.0,29.0,381.4,129.6,19.041365725541695,250.42678923177937,85.0952068286277
E01004659,1631.0,97.0,302.0,150.0,19.4,60.4,30.0,11.894543225015326,37.03249540159411,18.393623543838135
E01004660,1431.0,76.0,885.0,183.0,15.2,177.0,36.6,10.621942697414395,123.68972746331238,25.57651991614256
E01004661,1998.0,213.0,895.0,564.0,42.6,179.0,112.8,21.32132132132132,89.58958958958958,56.45645645645646
E01004662,1320.0,111.0,453.0,189.0,22.2,90.6,37.8,16.81818181818182,68.63636363636364,28.636363636363633
E01004663,1418.0,166.0,404.0,176.0,33.2,80.8,35.2,23.413258110014105,56.981664315937934,24.823695345557123
E01004665,1453.0,24.0,96.0,219.0,4.8,19.2,43.8,3.3035099793530627,13.21403991741225,30.144528561596694
E01004668,1420.0,29.0,67.0,162.0,5.8,13.4,32.4,4.084507042253521,9.43661971830986,22.816901408450704
E01004669,1721.0,34.0,146.0,195.0,6.8,29.2,39.0,3.9511911679256246,16.966879721092386,22.66124346310285
E01004670,2711.0,41.0,103.0,397.0,8.2,20.6,79.4,3.0247141276281813,7.598672076724457,29.28808557727776
E01004674,1902.0,59.0,194.0,371.0,11.8,38.8,74.2,6.203995793901157,20.399579390115665,39.01156677181914
E01004675,2352.0,155.0,476.0,385.0,31.0,95.2,77.0,13.180272108843539,40.47619047619048,32.73809523809524
E01004676,1498.0,68.0,115.0,239.0,13.6,23.0,47.8,9.078771695594124,15.353805073431241,31.90921228304406
E01004677,1716.0,46.0,84.0,135.0,9.2,16.8,27.0,5.3613053613053605,9.790209790209792,15.734265734265735
E01004678,1963.0,53.0,120.0,221.0,10.6,24.0,44.2,5.399898115129903,12.226184411614875,22.51655629139073
E01004679,1975.0,106.0,374.0,506.0,21.2,74.8,101.2,10.734177215189874,37.87341772151898,51.24050632911393
E01004680,1242.0,107.0,372.0,203.0,21.4,74.4,40.6,17.23027375201288,59.90338164251208,32.689210950080515
E01004681,1838.0,147.0,754.0,273.0,29.4,150.8,54.6,15.995647442872688,82.04570184983679,29.706202393906423
E01004682,1278.0,139.0,875.0,356.0,27.8,175.0,71.2,21.752738654147105,136.93270735524257,55.71205007824726
E01004683,1491.0,94.0,267.0,106.0,18.8,53.4,21.2,12.608987256874581,35.814889336016094,14.218645204560696
E01004684,1341.0,84.0,418.0,250.0,16.8,83.6,50.0,12.527964205816556,62.341536167039514,37.28560775540642
E01004686,1399.0,77.0,333.0,280.0,15.4,66.6,56.0,11.007862759113653,47.60543245175124,40.028591851322375
E01004687,1319.0,67.0,198.0,95.0,13.4,39.6,19.0,10.15921152388173,30.022744503411676,14.404852160727824
E01004690,1065.0,60.0,270.0,120.0,12.0,54.0,24.0,11.267605633802818,50.70422535211268,22.535211267605636
E01004691,1151.0,111.0,888.0,279.0,22.2,177.6,55.8,19.287576020851432,154.30060816681146,48.47958297132927
E01004692,1025.0,27.0,182.0,136.0,5.4,36.4,27.2,5.2682926829268295,35.512195121951216,26.536585365853657
E01004693,1211.0,123.0,190.0,113.0,24.6,38.0,22.6,20.31379025598679,31.37902559867878,18.66226259289843
E01004694,1473.0,109.0,440.0,233.0,21.8,88.0,46.6,14.799728445349627,59.74202308214528,31.636116768499658
E01004695,1071.0,128.0,1188.0,357.0,25.6,237.6,71.4,23.902894491129786,221.8487394957983,66.66666666666667
E01004696,1445.0,59.0,103.0,155.0,11.8,20.6,31.0,8.166089965397925,14.2560553633218,21.453287197231834
E01004697,1343.0,111.0,106.0,94.0,22.2,21.2,18.8,16.530156366344006,15.7855547282204,13.998510796723753
E01004698,1336.0,124.0,464.0,316.0,24.8,92.8,63.2,18.562874251497007,69.46107784431138,47.30538922155689
E01004699,1754.0,233.0,1203.0,400.0,46.6,240.6,80.0,26.567844925883698,137.17217787913341,45.61003420752566
E01004700,1485.0,104.0,181.0,163.0,20.8,36.2,32.6,14.006734006734007,24.37710437710438,21.95286195286195
E01004701,1540.0,54.0,78.0,91.0,10.8,15.6,18.2,7.012987012987013,10.12987012987013,11.818181818181818
E01004702,2808.0,119.0,277.0,486.0,23.8,55.4,97.2,8.475783475783476,19.72934472934473,34.61538461538462
E01004703,1994.0,73.0,445.0,213.0,14.6,89.0,42.6,7.3219658976930795,44.63390170511534,21.364092276830494
E01004705,1245.0,55.0,113.0,61.0,11.0,22.6,12.2,8.835341365461847,18.15261044176707,9.799196787148594
E01004706,1475.0,43.0,98.0,119.0,8.6,19.6,23.8,5.830508474576271,13.28813559322034,16.135593220338983
E01004707,1840.0,53.0,91.0,58.0,10.6,18.2,11.6,5.760869565217392,9.891304347826086,6.304347826086957
E01004708,1540.0,85.0,97.0,188.0,17.0,19.4,37.6,11.03896103896104,12.597402597402597,24.41558441558442
E01004709,1694.0,51.0,276.0,197.0,10.2,55.2,39.4,6.021251475796929,32.58559622195986,23.258559622195985
E01004710,1953.0,59.0,200.0,283.0,11.8,40.0,56.6,6.041986687147977,20.48131080389145,28.981054787506398
E01004711,2001.0,63.0,83.0,186.0,12.6,16.6,37.2,6.296851574212893,8.295852073963019,18.590704647676162
E01004712,1449.0,115.0,1571.0,264.0,23.0,314.2,52.8,15.873015873015872,216.83919944789508,36.43892339544513
E01004713,1316.0,116.0,558.0,175.0,23.2,111.6,35.0,17.62917933130699,84.80243161094224,26.595744680851062
E01004714,1668.0,396.0,10669.0,913.0,79.2,2133.8,182.6,47.48201438848921,1279.2565947242208,109.4724220623501
E01004715,1805.0,116.0,1488.0,296.0,23.2,297.6,59.2,12.853185595567867,164.87534626038783,32.79778393351801
E01004716,1043.0,57.0,586.0,157.0,11.4,117.2,31.4,10.93000958772771,112.36816874400768,30.10546500479386
E01004717,1262.0,126.0,1619.0,191.0,25.2,323.8,38.2,19.968304278922346,256.5768621236133,30.269413629160066
E01004718,1859.0,49.0,95.0,257.0,9.8,19.0,51.4,5.27165142549758,10.220548682087143,27.649273803119954
E01004719,1824.0,42.0,69.0,222.0,8.4,13.8,44.4,4.605263157894737,7.565789473684211,24.342105263157894
E01004720,2274.0,80.0,146.0,223.0,16.0,29.2,44.6,7.036059806508356,12.840809146877747,19.613016710642043
E01004721,1881.0,91.0,160.0,370.0,18.2,32.0,74.0,9.675704412546517,17.01222753854333,39.34077618288145
E01004722,2685.0,57.0,120.0,322.0,11.4,24.0,64.4,4.245810055865922,8.938547486033519,23.985102420856613
E01004723,2234.0,96.0,148.0,287.0,19.2,29.6,57.4,8.594449418084153,13.24977618621307,25.69382273948075
E01004724,1896.0,80.0,487.0,140.0,16.0,97.4,28.0,8.438818565400844,51.37130801687764,14.767932489451477
E01004725,1295.0,46.0,182.0,232.0,9.2,36.4,46.4,7.104247104247103,28.108108108108105,35.83011583011582
E01004726,1688.0,42.0,245.0,115.0,8.4,49.0,23.0,4.976303317535545,29.028436018957347,13.625592417061611
E01004727,1545.0,89.0,1610.0,275.0,17.8,322.0,55.0,11.521035598705502,208.41423948220063,35.59870550161812
E01004728,1454.0,50.0,86.0,120.0,10.0,17.2,24.0,6.87757909215956,11.829436038514443,16.506189821182943
E01004729,1490.0,26.0,71.0,109.0,5.2,14.2,21.8,3.48993288590604,9.53020134228188,14.630872483221477
E01004730,1461.0,27.0,198.0,95.0,5.4,39.6,19.0,3.696098562628337,27.104722792607802,13.004791238877482
E01004731,2002.0,204.0,4372.0,750.0,40.8,874.4,150.0,20.379620379620377,436.76323676323676,74.92507492507492
E01004732,1309.0,68.0,319.0,514.0,13.6,63.8,102.8,10.38961038961039,48.739495798319325,78.53323147440794
E01004733,2102.0,71.0,2690.0,1483.0,14.2,538.0,296.6,6.755470980019029,255.9467174119886,141.1037107516651
E01004734,1691.0,538.0,28266.0,5711.0,107.6,5653.2,1142.2,63.63098758131283,3343.110585452395,675.458308693081
E01004735,2027.0,394.0,11774.0,1453.0,78.8,2354.8,290.6,38.8751850024667,1161.716822890972,143.36457819437592
E01004736,1466.0,368.0,14838.0,3166.0,73.6,2967.6,633.2,50.204638472032734,2024.283765347885,431.9236016371078
E01004737,1218.0,16.0,121.0,111.0,3.2,24.2,22.2,2.6272577996715927,19.868637110016422,18.226600985221673
E01004740,1305.0,37.0,209.0,245.0,7.4,41.8,49.0,5.6704980842911885,32.03065134099617,37.547892720306514
E01004741,1289.0,37.0,144.0,124.0,7.4,28.8,24.8,5.740884406516679,22.34290147401086,19.239720713731575
E01004742,1258.0,47.0,136.0,155.0,9.4,27.2,31.0,7.472178060413356,21.62162162162162,24.6422893481717
E01004743,1500.0,22.0,164.0,200.0,4.4,32.8,40.0,2.9333333333333336,21.866666666666667,26.666666666666668
E01004744,1454.0,74.0,331.0,324.0,14.8,66.2,64.8,10.17881705639615,45.52957359009629,44.56671251719395
E01004746,1249.0,35.0,65.0,137.0,7.0,13.0,27.4,5.604483586869495,10.408326661329063,21.937550040032022
E01004747,2181.0,108.0,255.0,264.0,21.6,51.0,52.8,9.903713892709767,23.383768913342504,24.209078404401648
E01004748,1218.0,64.0,1151.0,491.0,12.8,230.2,98.2,10.50903119868637,188.9983579638752,80.623973727422
E01004749,2184.0,168.0,992.0,535.0,33.6,198.4,107.0,15.384615384615385,90.84249084249083,48.99267399267399
E01004750,1585.0,143.0,2427.0,728.0,28.6,485.4,145.6,18.04416403785489,306.24605678233434,91.86119873817034
E01004751,1712.0,36.0,182.0,163.0,7.2,36.4,32.6,4.205607476635514,21.261682242990652,19.042056074766354
E01004752,1362.0,47.0,103.0,196.0,9.4,20.6,39.2,6.901615271659325,15.12481644640235,28.78120411160059
E01004753,1755.0,41.0,164.0,136.0,8.2,32.8,27.2,4.6723646723646715,18.689458689458686,15.498575498575498
E01004754,1878.0,75.0,105.0,269.0,15.0,21.0,53.8,7.987220447284344,11.182108626198083,28.647497337593183
E01004755,2452.0,124.0,215.0,348.0,24.8,43.0,69.6,10.114192495921698,17.536704730831975,28.384991843393145
E01004756,1523.0,42.0,111.0,207.0,8.4,22.2,41.4,5.51543007222587,14.576493762311227,27.183191070256076
E01004757,1657.0,53.0,132.0,243.0,10.6,26.4,48.6,6.397103198551599,15.93240796620398,29.330114665057334
E01004760,1688.0,53.0,155.0,169.0,10.6,31.0,33.8,6.279620853080568,18.364928909952607,20.023696682464454
E01004761,1205.0,310.0,4915.0,1325.0,62.0,983.0,265.0,51.45228215767634,815.7676348547718,219.91701244813277
E01004762,1549.0,212.0,5910.0,707.0,42.4,1182.0,141.4,27.37249838605552,763.07295029051,91.28469980632667
E01004763,2016.0,611.0,34244.0,3665.0,122.2,6848.8,733.0,60.61507936507937,3397.222222222222,363.5912698412698
E01004765,1869.0,417.0,6682.0,942.0,83.4,1336.4,188.4,44.62279293739968,715.0347779561264,100.80256821829856
E01032512,2386.0,103.0,246.0,569.0,20.6,49.2,113.8,8.633696563285834,20.620284995808888,47.69488683989941
E01032513,1234.0,45.0,140.0,266.0,9.0,28.0,53.2,7.293354943273906,22.690437601296598,43.11183144246353
E01032562,1616.0,23.0,46.0,265.0,4.6,9.2,53.0,2.8465346534653464,5.693069306930693,32.7970297029703
E01032563,1450.0,26.0,28.0,51.0,5.2,5.6,10.2,3.586206896551724,3.862068965517241,7.0344827586206895
E01032564,1302.0,27.0,45.0,233.0,5.4,9.0,46.6,4.147465437788019,6.912442396313365,35.79109062980031
E01032565,1451.0,22.0,68.0,205.0,4.4,13.6,41.0,3.0323914541695385,9.372846312887663,28.256374913852515
E01032566,1886.0,36.0,46.0,267.0,7.2,9.2,53.4,3.8176033934252387,4.878048780487805,28.31389183457052
E01032567,1588.0,20.0,66.0,167.0,4.0,13.2,33.4,2.5188916876574305,8.312342569269521,21.032745591939545
E01032568,1525.0,27.0,498.0,276.0,5.4,99.6,55.2,3.5409836065573774,65.31147540983606,36.19672131147541
E01032569,1790.0,28.0,82.0,322.0,5.6,16.4,64.4,3.1284916201117317,9.162011173184357,35.977653631284916
E01032570,1736.0,38.0,259.0,153.0,7.6,51.8,30.6,4.377880184331797,29.838709677419356,17.62672811059908
E01032572,1608.0,32.0,208.0,113.0,6.4,41.6,22.6,3.9800995024875627,25.870646766169155,14.054726368159205
E01032573,1802.0,138.0,1076.0,255.0,27.6,215.2,51.0,15.316315205327415,119.42286348501665,28.30188679245283
E01032574,2072.0,85.0,349.0,878.0,17.0,69.8,175.6,8.204633204633204,33.687258687258684,84.74903474903475
E01032575,2135.0,67.0,140.0,354.0,13.4,28.0,70.8,6.2763466042154565,13.114754098360656,33.1615925058548
E01032576,1679.0,20.0,18.0,65.0,4.0,3.6,13.0,2.3823704586063137,2.144133412745682,7.742703990470519
E01032577,1784.0,23.0,30.0,102.0,4.6,6.0,20.4,2.57847533632287,3.36322869955157,11.434977578475337
E01032579,2157.0,122.0,332.0,484.0,24.4,66.4,96.8,11.312007417709781,30.78349559573482,44.87714418173388
E01032580,1546.0,46.0,159.0,303.0,9.2,31.8,60.6,5.950840879689521,20.56921086675291,39.19793014230272
E01032581,1930.0,47.0,101.0,336.0,9.4,20.2,67.2,4.870466321243524,10.466321243523314,34.818652849740936
E01032582,2283.0,197.0,4742.0,949.0,39.4,948.4,189.8,17.257993867717914,415.4183092422251,83.13622426631626
E01032583,2050.0,166.0,1320.0,322.0,33.2,264.0,64.4,16.195121951219512,128.78048780487805,31.414634146341463
E01032584,1348.0,55.0,398.0,283.0,11.0,79.6,56.6,8.160237388724036,59.05044510385756,41.98813056379822
E01032623,1798.0,48.0,22.0,84.0,9.6,4.4,16.8,5.339265850945495,2.4471635150166855,9.343715239154617
E01032637,1048.0,32.0,96.0,33.0,6.4,19.2,6.6,6.106870229007633,18.320610687022903,6.297709923664122
E01032638,1102.0,34.0,59.0,39.0,6.8,11.8,7.8,6.17059891107078,10.707803992740473,7.078039927404719
E01032639,1915.0,93.0,816.0,615.0,18.6,163.2,123.0,9.712793733681464,85.2219321148825,64.22976501305483
E01032640,1035.0,56.0,376.0,73.0,11.2,75.2,14.6,10.821256038647341,72.65700483091787,14.106280193236715
E01032646,1515.0,133.0,713.0,208.0,26.6,142.6,41.6,17.557755775577558,94.12541254125412,27.45874587458746
E01032719,1445.0,44.0,263.0,210.0,8.8,52.6,42.0,6.089965397923876,36.40138408304498,29.06574394463668
E01032739,1619.0,0.0,0.0,0.0,0.0,0.0,0.0,0.0,0.0,0.0
E01032740,1392.0,0.0,0.0,0.0,0.0,0.0,0.0,0.0,0.0,0.0
E01032741,1468.0,117.0,2886.0,924.0,23.4,577.2,184.8,15.940054495912806,393.1880108991826,125.88555858310626
E01032742,1767.0,18.0,345.0,301.0,3.6,69.0,60.2,2.0373514431239386,39.04923599320883,34.06904357668365
E01032743,2281.0,32.0,40.0,247.0,6.4,8.0,49.4,2.8057869355545817,3.507233669443227,21.657167908811925
E01032744,1612.0,42.0,201.0,353.0,8.4,40.2,70.6,5.210918114143921,24.93796526054591,43.79652605459057
E01032764,2361.0,238.0,422.0,458.0,47.6,84.4,91.6,20.16094875052944,35.74756459127489,38.79711986446421
E01032765,1754.0,55.0,89.0,276.0,11.0,17.8,55.2,6.271379703534778,10.148232611174459,31.470923603192702
E01032767,1564.0,128.0,571.0,293.0,25.6,114.2,58.6,16.36828644501279,73.01790281329923,37.468030690537084
E01032768,1321.0,58.0,109.0,91.0,11.6,21.8,18.2,8.78122634367903,16.502649507948526,13.777441332323995
E01032769,1339.0,86.0,278.0,309.0,17.2,55.6,61.8,12.8454070201643,41.523525018670654,46.153846153846146
E01032770,2127.0,44.0,157.0,207.0,8.8,31.4,41.4,4.137282557592854,14.76257639868359,19.464033850493653
E01032771,1546.0,167.0,2250.0,956.0,33.4,450.0,191.2,21.604139715394563,291.07373868046574,123.67399741267788
E01032772,2407.0,64.0,136.0,289.0,12.8,27.2,57.8,5.317823016202742,11.300373909430826,24.013294557540505
E01032774,1803.0,72.0,153.0,220.0,14.4,30.6,44.0,7.9866888519134775,16.97171381031614,24.403771491957848
E01032775,1187.0,9.0,21.0,38.0,1.8,4.2,7.6,1.5164279696714407,3.5383319292333617,6.402695871946082
E01032776,2067.0,44.0,108.0,183.0,8.8,21.6,36.6,4.257377842283503,10.449927431059507,17.706821480406386
E01032777,1278.0,42.0,178.0,176.0,8.4,35.6,35.2,6.572769953051644,27.85602503912363,27.543035993740222
E01032779,1405.0,20.0,48.0,145.0,4.0,9.6,29.0,2.8469750889679717,6.832740213523132,20.640569395017792
E01032780,2058.0,97.0,297.0,366.0,19.4,59.4,73.2,9.426627793974731,28.862973760932945,35.568513119533534
E01032781,1689.0,29.0,73.0,143.0,5.8,14.6,28.6,3.433984606275903,8.644168146832444,16.933096506808763
E01032782,2248.0,100.0,221.0,483.0,20.0,44.2,96.6,8.896797153024911,19.661921708185055,42.971530249110316
E01032783,1308.0,29.0,66.0,152.0,5.8,13.2,30.4,4.434250764525993,10.091743119266054,23.241590214067276
E01032784,1709.0,45.0,94.0,182.0,9.0,18.8,36.4,5.26623756582797,11.000585137507315,21.299005266237565
E01032785,2516.0,87.0,82.0,160.0,17.4,16.4,32.0,6.915739268680444,6.518282988871224,12.718600953895072
E01032786,1614.0,46.0,90.0,217.0,9.2,18.0,43.4,5.700123915737298,11.152416356877323,26.889714993804212
E01032787,2452.0,61.0,109.0,298.0,12.2,21.8,59.6,4.975530179445351,8.890701468189233,24.30668841761827
E01032788,1585.0,47.0,133.0,184.0,9.4,26.6,36.8,5.930599369085174,16.782334384858043,23.217665615141954
E01032789,1202.0,17.0,60.0,146.0,3.4,12.0,29.2,2.828618968386023,9.983361064891847,24.292845257903494
E01032790,1130.0,30.0,46.0,93.0,6.0,9.2,18.6,5.3097345132743365,8.141592920353983,16.460176991150444
E01032803,1506.0,113.0,232.0,105.0,22.6,46.4,21.0,15.0066401062417,30.810092961487385,13.944223107569721
E01032834,1025.0,91.0,331.0,48.0,18.2,66.2,9.6,17.756097560975608,64.58536585365854,9.365853658536585
E01033000,1752.0,12.0,64.0,268.0,2.4,12.8,53.6,1.36986301369863,7.305936073059361,30.593607305936075
E01033030,1852.0,64.0,870.0,594.0,12.8,174.0,118.8,6.911447084233262,93.9524838012959,64.14686825053995
E01033081,1595.0,114.0,110.0,171.0,22.8,22.0,34.2,14.294670846394984,13.793103448275861,21.44200626959248
E01033082,1261.0,39.0,110.0,221.0,7.8,22.0,44.2,6.185567010309278,17.44647105471848,35.05154639175258
E01033083,2217.0,154.0,4088.0,1170.0,30.8,817.6,234.0,13.892647722147046,368.786648624267,105.54803788903924
E01033084,1976.0,58.0,285.0,476.0,11.6,57.0,95.2,5.870445344129555,28.846153846153847,48.178137651821864
E01033086,1190.0,28.0,45.0,135.0,5.6,9.0,27.0,4.705882352941176,7.563025210084033,22.6890756302521
E01033098,1709.0,119.0,442.0,199.0,23.8,88.4,39.8,13.92627267407841,51.72615564657695,23.288472791105907
E01033099,1886.0,76.0,103.0,177.0,15.2,20.6,35.4,8.059384941675502,10.922587486744433,18.769883351007422
E01033100,1869.0,92.0,277.0,274.0,18.4,55.4,54.8,9.844836811128944,29.64151952915998,29.320492241840554
E01033132,2037.0,72.0,785.0,344.0,14.4,157.0,68.8,7.069219440353461,77.07412862052038,33.775159548355425
E01033133,1194.0,24.0,35.0,99.0,4.8,7.0,19.8,4.0201005025125625,5.862646566164154,16.582914572864322
E01033135,1188.0,17.0,51.0,39.0,3.4,10.2,7.8,2.861952861952862,8.585858585858585,6.565656565656566
E01033146,1538.0,41.0,73.0,223.0,8.2,14.6,44.6,5.331599479843953,9.492847854356306,28.998699609882966
E01033148,2215.0,66.0,61.0,272.0,13.2,12.2,54.4,5.959367945823927,5.507900677200903,24.55981941309255
E01033150,1690.0,36.0,65.0,272.0,7.2,13.0,54.4,4.260355029585798,7.6923076923076925,32.18934911242603
E01033151,1451.0,52.0,84.0,221.0,10.4,16.8,44.2,7.167470709855272,11.578221915920057,30.46175051688491
E01033208,1709.0,42.0,534.0,190.0,8.4,106.8,38.0,4.915155061439439,62.49268578115857,22.235225277940316
E01033320,1569.0,51.0,56.0,179.0,10.2,11.2,35.8,6.500956022944551,7.1383046526449965,22.817080943275972
E01033322,1257.0,37.0,55.0,141.0,7.4,11.0,28.2,5.88703261734288,8.750994431185362,22.434367541766107
E01033324,1539.0,28.0,108.0,209.0,5.6,21.6,41.8,3.6387264457439894,14.035087719298247,27.160493827160494
E01033325,1367.0,37.0,56.0,104.0,7.4,11.2,20.8,5.4133138258961235,8.19312362838332,15.215801024140454
E01033327,2205.0,139.0,2058.0,1203.0,27.8,411.6,240.6,12.607709750566894,186.66666666666669,109.11564625850339
E01033341,1324.0,60.0,153.0,249.0,12.0,30.6,49.8,9.06344410876133,23.11178247734139,37.61329305135951
E01033455,1144.0,53.0,199.0,445.0,10.6,39.8,89.0,9.265734265734265,34.790209790209786,77.7972027972028
E01033456,2624.0,56.0,127.0,357.0,11.2,25.4,71.4,4.268292682926829,9.679878048780488,27.21036585365854
E01033457,1982.0,30.0,253.0,239.0,6.0,50.6,47.8,3.0272452068617555,25.529767911200807,24.117053481331986
E01033463,3155.0,45.0,43.0,209.0,9.0,8.6,41.8,2.8526148969889067,2.7258320126782882,13.248811410459588
E01033485,1638.0,56.0,239.0,395.0,11.2,47.8,79.0,6.837606837606837,29.181929181929178,48.22954822954823
E01033486,1034.0,40.0,133.0,175.0,8.0,26.6,35.0,7.7369439071566735,25.72533849129594,33.849129593810446
E01033487,1199.0,35.0,43.0,31.0,7.0,8.6,6.2,5.838198498748957,7.1726438698915755,5.170975813177648
E01033488,1644.0,58.0,455.0,238.0,11.6,91.0,47.6,7.0559610705596105,55.352798053527984,28.953771289537713
E01033489,1460.0,156.0,642.0,213.0,31.2,128.4,42.6,21.369863013698627,87.94520547945206,29.17808219178082
E01033490,1399.0,121.0,514.0,198.0,24.2,102.8,39.6,17.298070050035737,73.48105789849893,28.305932809149393
E01033491,1932.0,87.0,720.0,662.0,17.4,144.0,132.4,9.006211180124224,74.53416149068323,68.53002070393376
E01033493,1313.0,24.0,52.0,35.0,4.8,10.4,7.0,3.655750190403656,7.920792079207921,5.331302361005331
E01033494,1534.0,51.0,120.0,110.0,10.2,24.0,22.0,6.649282920469361,15.645371577574968,14.341590612777052
E01033569,1817.0,52.0,394.0,285.0,10.4,78.8,57.0,5.723720418271877,43.36818932305999,31.37039075399009
E01033570,1904.0,76.0,353.0,129.0,15.2,70.6,25.8,7.9831932773109235,37.07983193277311,13.550420168067227
E01033571,1496.0,36.0,55.0,136.0,7.2,11.0,27.2,4.812834224598931,7.352941176470588,18.18181818181818
E01033579,1887.0,58.0,277.0,213.0,11.6,55.4,42.6,6.147323794382618,29.35877053524112,22.575516693163753
E01033580,1412.0,45.0,76.0,76.0,9.0,15.2,15.2,6.373937677053824,10.76487252124646,10.76487252124646
E01033581,1923.0,16.0,192.0,280.0,3.2,38.4,56.0,1.6640665626625064,19.96879875195008,29.121164846593864
E01033582,1449.0,35.0,39.0,112.0,7.0,7.8,22.4,4.830917874396135,5.383022774327122,15.458937198067632
E01033584,1703.0,23.0,75.0,133.0,4.6,15.0,26.6,2.7011156782149146,8.807985907222548,15.619495008807986
E01033586,2103.0,85.0,185.0,228.0,17.0,37.0,45.6,8.083689966714218,17.593913456966238,21.68330955777461
E01033587,2456.0,130.0,478.0,846.0,26.0,95.6,169.2,10.586319218241043,38.925081433224754,68.89250814332247
E01033589,1954.0,75.0,611.0,838.0,15.0,122.2,167.6,7.676560900716479,62.53838280450358,85.77277379733879
E01033590,1250.0,11.0,23.0,147.0,2.2,4.6,29.4,1.76,3.6799999999999997,23.52
E01033591,2977.0,115.0,414.0,599.0,23.0,82.8,119.8,7.725898555592879,27.813234800134364,40.24185421565334
E01033592,1985.0,28.0,30.0,159.0,5.6,6.0,31.8,2.8211586901763224,3.022670025188917,16.02015113350126
E01033593,1732.0,92.0,639.0,336.0,18.4,127.8,67.2,10.623556581986142,73.78752886836028,38.799076212471135
E01033594,1500.0,302.0,2170.0,1185.0,60.4,434.0,237.0,40.266666666666666,289.3333333333333,158.0
E01033597,1006.0,31.0,103.0,154.0,6.2,20.6,30.8,6.163021868787276,20.47713717693837,30.61630218687873
E01033598,1366.0,46.0,637.0,212.0,9.2,127.4,42.4,6.734992679355783,93.26500732064422,31.03953147877013
E01033599,1301.0,19.0,73.0,138.0,3.8,14.6,27.6,2.9208301306687163,11.222136817832435,21.21445042275173
E01033601,1981.0,66.0,134.0,214.0,13.2,26.8,42.8,6.663301362948006,13.52852094901565,21.605249873801107
E01033602,1527.0,68.0,194.0,255.0,13.6,38.8,51.0,8.906352324819908,25.409299279633267,33.39882121807466
E01033603,1266.0,83.0,183.0,359.0,16.6,36.6,71.8,13.112164296998422,28.90995260663507,56.71406003159558
E01033604,1181.0,82.0,685.0,556.0,16.4,137.0,111.2,13.88653683319221,116.00338696020322,94.15749364944963
E01033605,1640.0,104.0,188.0,277.0,20.8,37.6,55.4,12.682926829268293,22.926829268292682,33.78048780487805
E01033699,1413.0,183.0,2117.0,942.0,36.6,423.4,188.4,25.902335456475583,299.64614295824487,133.33333333333334
E01033700,2491.0,188.0,1165.0,428.0,37.6,233.0,85.6,15.09433962264151,93.53673223604977,34.36370935367322
E01033702,1451.0,81.0,168.0,184.0,16.2,33.6,36.8,11.164713990351482,23.156443831840114,25.3618194348725
E01033703,1411.0,71.0,251.0,205.0,14.2,50.2,41.0,10.063784549964565,35.57760453579022,29.05740609496811
E01033704,2344.0,281.0,1315.0,457.0,56.2,263.0,91.4,23.976109215017065,112.20136518771332,38.99317406143345
E01033705,1434.0,80.0,214.0,234.0,16.0,42.8,46.8,11.15760111576011,29.846582984658294,32.63598326359833
E01033706,1447.0,176.0,2282.0,944.0,35.2,456.4,188.8,24.326192121630964,315.41119557705593,130.47684865238426
E01033708,1869.0,453.0,4976.0,1604.0,90.6,995.2,320.8,48.47512038523274,532.4772605671483,171.64258962011772
E01033709,1831.0,89.0,263.0,262.0,17.8,52.6,52.4,9.721463681048608,28.72747132714364,28.61824139814309
E01033710,1131.0,37.0,47.0,55.0,7.4,9.4,11.0,6.542882404951371,8.311229000884174,9.725906277630417
E01033711,1912.0,132.0,902.0,162.0,26.4,180.4,32.4,13.807531380753137,94.35146443514644,16.945606694560666
E01033712,1543.0,162.0,1024.0,354.0,32.4,204.8,70.8,20.99805573558004,132.72845106934545,45.8846403110823
E01033713,1323.0,77.0,322.0,232.0,15.4,64.4,46.4,11.64021164021164,48.67724867724868,35.07180650037793
E01033727,2711.0,63.0,669.0,337.0,12.6,133.8,67.4,4.647731464404279,49.35448174105497,24.861674658797494
E01033728,1763.0,49.0,116.0,111.0,9.8,23.2,22.2,5.558706749858197,13.159387407827566,12.59217243335224
E01033729,2478.0,37.0,116.0,396.0,7.4,23.2,79.2,2.9862792574656982,9.362389023405973,31.961259079903144
E01033732,1067.0,34.0,51.0,110.0,6.8,10.2,22.0,6.373008434864105,9.559512652296156,20.61855670103093
E01033734,1465.0,22.0,44.0,131.0,4.4,8.8,26.2,3.0034129692832763,6.006825938566553,17.883959044368602
E01033735,1262.0,54.0,975.0,686.0,10.8,195.0,137.2,8.55784469096672,154.51664025356575,108.71632329635499
E01033736,2244.0,107.0,102.0,139.0,21.4,20.4,27.8,9.536541889483066,9.09090909090909,12.388591800356506
E01033737,1934.0,133.0,1064.0,796.0,26.6,212.8,159.2,13.75387797311272,110.03102378490176,82.31644260599792
E01033738,1861.0,70.0,370.0,328.0,14.0,74.0,65.6,7.522837184309512,39.76356797420742,35.249865663621705
E01033739,1726.0,34.0,41.0,192.0,6.8,8.2,38.4,3.9397450753186556,4.750869061413673,22.24797219003476
E01033740,1634.0,27.0,48.0,217.0,5.4,9.6,43.4,3.3047735618115057,5.875152998776009,26.560587515299876
E01033741,2698.0,43.0,112.0,568.0,8.6,22.4,113.6,3.1875463306152705,8.302446256486284,42.10526315789473
E01033742,1341.0,21.0,30.0,102.0,4.2,6.0,20.4,3.131991051454139,4.47427293064877,15.212527964205815
E01033743,1941.0,26.0,870.0,333.0,5.2,174.0,66.6,2.6790314270994333,89.64451313755796,34.31221020092735
E01033744,1803.0,44.0,44.0,263.0,8.8,8.8,52.6,4.880754298391571,4.880754298391571,29.173599556295063
E01033745,1783.0,23.0,87.0,230.0,4.6,17.4,46.0,2.5799214806505884,9.758833426808748,25.799214806505887
E01033746,1471.0,36.0,75.0,93.0,7.2,15.0,18.6,4.894629503738954,10.197144799456153,12.64445955132563
