LSOA Code,burglary,theft,violence,population,violence_rate,burglary_rate,theft_rate
E01000006,3.0,12.4,32.8,1845.0,17.77777777777778,1.6260162601626016,6.720867208672087
E01000007,15.6,134.39999999999998,174.4,2908.0,59.972489683631366,5.364511691884457,46.21733149931223
E01000008,9.2,32.8,61.8,1795.0,34.428969359331475,5.125348189415041,18.272980501392755
E01000009,12.4,55.8,92.6,1804.0,51.330376940133036,6.873614190687362,30.931263858093125
E01000011,4.6,12.8,57.6,1701.0,33.86243386243387,2.704291593180482,7.52498530276308
E01000012,6.800000000000001,18.599999999999998,78.8,2347.0,33.57477631018321,2.8973157221985515,7.925010651896037
E01000013,12.6,57.6,81.8,1871.0,43.71993586317477,6.734366648850881,30.785676109032604
E01000014,5.4,15.4,46.8,1751.0,26.727584237578526,3.083952027412907,8.794974300399772
E01000015,10.2,13.599999999999998,56.6,2418.0,23.407775020678248,4.218362282878411,5.6244830438378814
E01000016,5.4,14.6,31.0,1851.0,16.747703943814155,2.9173419773095626,7.88762830902215
E01000017,5.800000000000001,10.6,44.4,1722.0,25.78397212543554,3.3681765389082465,6.155632984901277
E01000018,6.8,7.6,46.0,1776.0,25.9009009009009,3.828828828828829,4.279279279279279
E01000019,5.0,10.2,36.4,1657.0,21.96741098370549,3.017501508750754,6.1557030778515385
E01000020,9.0,17.200000000000003,35.2,2191.0,16.065723413966225,4.1077133728890916,7.850296668188043
E01000021,5.8,15.2,64.4,1693.0,38.03898405197874,3.425871234494979,8.978145304193738
E01000022,4.2,8.0,33.8,1477.0,22.884224779959375,2.8436018957345977,5.416384563303994
E01000024,4.6,8.0,38.0,1485.0,25.589225589225588,3.0976430976430973,5.3872053872053876
E01000025,7.0,8.8,44.6,1920.0,23.229166666666668,3.6458333333333335,4.583333333333333
E01000027,7.0,15.600000000000001,76.0,2082.0,36.50336215177714,3.3621517771373677,7.492795389048992
E01000028,3.6,11.600000000000001,53.0,1817.0,29.168959823885526,1.981287837094111,6.384149697303248
E01000029,5.3999999999999995,10.399999999999999,40.599999999999994,1819.0,22.31995601979109,2.9686641011544803,5.717427157778999
E01000030,10.2,33.0,99.2,2563.0,38.704642996488495,3.979711275848614,12.875536480686696
E01000031,8.6,14.0,60.2,1770.0,34.01129943502825,4.858757062146893,7.909604519774011
E01000032,13.0,53.6,62.8,2078.0,30.221366698748795,6.256015399422521,25.794032723772858
E01000033,3.6,8.0,38.4,1543.0,24.886584575502265,2.3331173039533377,5.184705119896306
E01000034,4.2,12.0,45.2,1575.0,28.6984126984127,2.6666666666666665,7.619047619047619
E01000035,8.6,35.6,77.2,1859.0,41.527703066164605,4.626143087681549,19.150080688542225
E01000036,5.2,19.0,59.4,1470.0,40.40816326530612,3.5374149659863945,12.92517006802721
E01000037,6.800000000000001,9.6,44.4,1696.0,26.179245283018865,4.0094339622641515,5.660377358490566
E01000038,5.4,22.599999999999998,23.2,1616.0,14.356435643564355,3.341584158415842,13.985148514851483
E01000039,2.8,6.6,36.4,1752.0,20.77625570776256,1.598173515981735,3.7671232876712324
E01000040,8.4,19.6,55.2,1879.0,29.37732836615221,4.470463012240554,10.431080361894626
E01000041,4.8,7.2,36.4,1842.0,19.76112920738328,2.6058631921824107,3.9087947882736156
E01000042,7.2,10.0,64.4,1882.0,34.21891604675877,3.8257173219978746,5.313496280552604
E01000043,6.4,12.2,35.0,1537.0,22.77163305139883,4.163955757970072,7.937540663630449
E01000044,8.6,14.0,47.4,1988.0,23.843058350100602,4.325955734406438,7.042253521126761
E01000045,10.0,99.19999999999999,76.4,1723.0,44.34126523505514,5.803830528148578,57.57399883923389
E01000046,8.200000000000001,9.8,46.0,1956.0,23.517382413087937,4.192229038854806,5.010224948875256
E01000049,4.4,60.800000000000004,41.2,1973.0,20.881905727318806,2.230106436898125,30.81601621895591
E01000050,5.8,14.6,46.2,1839.0,25.122349102773246,3.1538879825992385,7.9390973355084276
E01000051,6.4,21.6,51.2,1107.0,46.25112917795845,5.781391147244806,19.51219512195122
E01000052,7.6,15.4,63.199999999999996,2368.0,26.689189189189186,3.209459459459459,6.503378378378379
E01000053,8.8,25.599999999999998,51.4,1617.0,31.78726035868893,5.4421768707483,15.831787260358686
E01000054,5.6000000000000005,10.4,51.6,1871.0,27.57883484767504,2.9930518439337255,5.558524853019776
E01000055,3.2,9.0,46.2,1705.0,27.09677419354839,1.8768328445747802,5.278592375366569
E01000056,7.0,34.2,66.2,1702.0,38.89541715628672,4.112808460634548,20.09400705052879
E01000057,10.2,50.0,47.0,1550.0,30.322580645161292,6.580645161290322,32.25806451612903
E01000058,8.0,7.800000000000001,64.8,2135.0,30.35128805620609,3.747072599531616,3.653395784543326
E01000059,5.0,9.6,37.4,1710.0,21.871345029239762,2.923976608187134,5.614035087719298
E01000060,14.799999999999999,103.39999999999999,81.8,2180.0,37.52293577981651,6.788990825688073,47.43119266055045
E01000061,8.600000000000001,23.599999999999998,119.2,1925.0,61.922077922077925,4.467532467532468,12.259740259740258
E01000062,10.6,13.600000000000001,60.199999999999996,2218.0,27.14156898106402,4.779080252479711,6.131650135256988
E01000063,5.4,9.6,39.0,1778.0,21.934758155230597,3.0371203599550056,5.399325084364454
E01000064,10.8,37.8,74.4,2296.0,32.40418118466899,4.70383275261324,16.46341463414634
E01000065,9.0,13.6,52.4,1982.0,26.437941473259333,4.540867810292633,6.86175580221998
E01000066,9.0,11.399999999999999,46.2,2499.0,18.487394957983195,3.601440576230492,4.561824729891955
E01000067,10.6,28.8,44.4,2237.0,19.848010728654447,4.7384890478319175,12.874385337505588
E01000068,4.0,16.4,42.4,1795.0,23.62116991643454,2.2284122562674096,9.136490250696378
E01000069,4.2,6.2,27.6,2096.0,13.167938931297712,2.00381679389313,2.9580152671755724
E01000070,15.4,100.8,54.8,2073.0,26.435118186203567,7.428847081524361,48.62518089725036
E01000071,7.2,21.8,60.2,2607.0,23.09167625623322,2.761795166858458,8.362102032988108
E01000072,9.0,51.199999999999996,56.8,2150.0,26.418604651162788,4.186046511627907,23.813953488372093
E01000073,8.4,15.0,44.599999999999994,1848.0,24.13419913419913,4.545454545454545,8.116883116883116
E01000074,6.2,10.399999999999999,47.8,1759.0,27.17453098351336,3.524729960204662,5.912450255827173
E01000075,9.0,45.800000000000004,62.0,2080.0,29.80769230769231,4.3269230769230775,22.01923076923077
E01000076,7.4,10.999999999999998,47.8,2161.0,22.119389171679778,3.4243405830633966,5.090236001850994
E01000077,6.8,15.8,44.4,1719.0,25.82897033158813,3.9557882489819662,9.191390343222805
E01000078,7.8,12.4,58.6,1899.0,30.858346498156923,4.107424960505529,6.529752501316483
E01000079,7.6,12.200000000000001,25.6,1716.0,14.918414918414918,4.428904428904429,7.10955710955711
E01000080,6.6000000000000005,10.0,44.2,1777.0,24.873382104670796,3.714124929656725,5.6274620146314005
E01000081,4.6,10.6,42.8,1976.0,21.65991902834008,2.3279352226720644,5.364372469635628
E01000082,10.0,99.80000000000001,52.4,1913.0,27.391531625718766,5.2273915316257185,52.16936748562468
E01000083,7.2,9.4,47.2,1919.0,24.596143824908808,3.7519541427826995,4.898384575299636
E01000084,7.6000000000000005,32.2,68.8,1438.0,47.844228094575804,5.285118219749653,22.39221140472879
E01000085,8.0,20.8,59.199999999999996,1646.0,35.96597812879708,4.860267314702308,12.636695018226002
E01000086,5.8,7.6,39.0,1449.0,26.91511387163561,4.002760524499655,5.244996549344376
E01000087,10.8,33.8,65.8,1636.0,40.2200488997555,6.601466992665038,20.6601466992665
E01000088,8.799999999999999,16.0,68.0,1975.0,34.43037974683544,4.455696202531645,8.10126582278481
E01000089,8.2,8.799999999999999,56.4,1824.0,30.921052631578945,4.495614035087718,4.824561403508771
E01000090,13.399999999999999,34.8,67.4,1707.0,39.48447568834212,7.850029291154071,20.38664323374341
E01000091,4.8,14.600000000000001,67.4,2091.0,32.233381157340986,2.2955523672883786,6.982305117168819
E01000093,10.2,17.6,72.0,1809.0,39.80099502487562,5.638474295190713,9.72913211719182
E01000094,8.2,20.999999999999996,79.8,2461.0,32.42584315318976,3.331978870377895,8.533116619260461
E01000095,30.4,222.00000000000003,134.4,2250.0,59.733333333333334,13.511111111111111,98.66666666666669
E01000096,11.2,24.8,58.0,1658.0,34.981905910735826,6.755126658624849,14.957780458383596
E01000097,8.6,11.2,59.2,1933.0,30.625969994826697,4.449042938437661,5.794102431453699
E01000098,11.200000000000001,65.4,54.400000000000006,1936.0,28.09917355371901,5.785123966942149,33.78099173553719
E01000099,12.8,18.2,59.400000000000006,2778.0,21.382289416846653,4.607631389488842,6.551475881929446
E01000100,5.4,10.200000000000001,50.2,1942.0,25.84963954685891,2.7806385169927914,5.25231719876416
E01000101,7.0,12.8,45.8,1699.0,26.957033549146555,4.120070629782225,7.533843437316069
E01000102,6.4,9.8,43.400000000000006,1784.0,24.327354260089688,3.587443946188341,5.493273542600897
E01000103,9.4,8.4,40.8,1773.0,23.011844331641285,5.3017484489565705,4.737732656514383
E01000104,9.8,26.0,55.6,1915.0,29.033942558746737,5.117493472584856,13.577023498694517
E01000105,19.0,117.6,99.0,2332.0,42.45283018867924,8.147512864493997,50.42881646655231
E01000106,14.8,20.4,92.2,2207.0,41.77616674218396,6.705935659265972,9.24331671952877
E01000107,8.8,6.4,40.8,1786.0,22.84434490481523,4.927211646136619,3.5834266517357225
E01000108,9.4,38.6,63.8,1915.0,33.31592689295039,4.908616187989557,20.156657963446477
E01000110,2.6,7.4,28.4,1573.0,18.054672600127144,1.6528925619834711,4.704386522568341
E01000111,17.0,33.8,70.2,2155.0,32.575406032482604,7.888631090487239,15.68445475638051
E01000112,11.2,21.8,52.6,1971.0,26.686960933536277,5.682394723490614,11.060375443937087
E01000113,12.399999999999999,27.0,58.2,1993.0,29.20220772704466,6.221776216758655,13.547415955845459
E01000114,14.4,25.599999999999998,80.8,2419.0,33.40223232740802,5.952873088052915,10.582885489871847
E01000115,7.2,3.2,11.6,1395.0,8.315412186379929,5.161290322580645,2.293906810035842
E01000116,8.8,11.0,18.2,1745.0,10.429799426934098,5.042979942693409,6.303724928366762
E01000117,11.600000000000001,21.0,29.4,1736.0,16.93548387096774,6.682027649769586,12.096774193548386
E01000118,6.8,8.2,19.8,2049.0,9.663250366032212,3.3186920448999513,4.0019521717911175
E01000119,9.4,7.8,18.6,1793.0,10.373675404350251,5.242610150585611,4.350250976017847
E01000120,5.800000000000001,3.8000000000000003,17.2,1495.0,11.505016722408026,3.879598662207358,2.5418060200668897
E01000121,4.0,9.6,36.4,1477.0,24.644549763033172,2.708192281651997,6.4996614759647935
E01000122,5.6000000000000005,3.2,9.4,1511.0,6.221045665122436,3.70615486432826,2.1178027796161483
E01000123,10.8,13.0,33.4,1762.0,18.955732122587968,6.129398410896709,7.377979568671964
E01000124,19.6,95.2,43.6,1867.0,23.352972683449384,10.498125334761651,50.99089448312801
E01000126,5.6,15.399999999999999,43.2,2274.0,18.99736147757256,2.462620932277924,6.772207563764291
E01000127,8.2,7.2,30.799999999999997,1557.0,19.78163134232498,5.2665382145150925,4.624277456647399
E01000128,13.799999999999999,13.4,35.2,2049.0,17.179111761835042,6.734992679355783,6.539775500244022
E01000129,17.6,90.8,88.6,1604.0,55.236907730673316,10.972568578553616,56.608478802992515
E01000130,5.0,6.199999999999999,38.4,1939.0,19.80402269210933,2.57864878803507,3.197524497163486
E01000131,15.2,16.4,37.0,2021.0,18.30776843146957,7.52102919346858,8.114794656110835
E01000132,6.0,11.399999999999999,29.0,1617.0,17.934446505875076,3.7105751391465676,7.050092764378478
E01000133,8.399999999999999,9.6,39.4,1645.0,23.951367781155014,5.106382978723403,5.835866261398176
E01000134,6.6,7.6,25.0,1824.0,13.706140350877192,3.6184210526315788,4.166666666666667
E01000135,15.799999999999999,13.6,24.0,1699.0,14.125956444967628,9.29958799293702,8.004708652148322
E01000136,16.400000000000002,11.4,15.2,1486.0,10.228802153432031,11.036339165545089,7.6716016150740245
E01000137,9.200000000000001,8.0,32.4,1658.0,19.541616405307597,5.54885404101327,4.8250904704463204
E01000138,12.6,12.200000000000001,39.0,1617.0,24.118738404452692,7.792207792207792,7.544836116264688
E01000139,12.4,11.8,22.6,1388.0,16.28242074927954,8.933717579250722,8.501440922190202
E01000140,23.6,37.2,34.4,1957.0,17.577925396014304,12.059274399591212,19.008686765457334
E01000141,32.4,173.8,121.4,1864.0,65.12875536480688,17.381974248927037,93.2403433476395
E01000142,13.8,12.399999999999999,34.2,2237.0,15.288332588287886,6.168976307554761,5.543138131426017
E01000143,20.4,80.4,50.0,1671.0,29.922202274087372,12.208258527827647,48.114901256732495
E01000144,23.6,42.8,55.2,1660.0,33.25301204819277,14.216867469879519,25.78313253012048
E01000145,8.8,17.2,30.0,1614.0,18.58736059479554,5.452292441140026,10.656753407682777
E01000146,38.599999999999994,205.39999999999998,99.0,1872.0,52.88461538461539,20.619658119658116,109.7222222222222
E01000147,9.2,7.800000000000001,25.6,1913.0,13.382122320961841,4.8092002090956605,4.07736539466806
E01000150,19.6,85.6,46.8,2255.0,20.753880266075384,8.69179600886918,37.960088691796
E01000151,7.800000000000001,17.6,73.4,1721.0,42.64962231260895,4.53224869262057,10.22661243463103
E01000152,5.8,15.8,41.4,2693.0,15.373189751206832,2.1537318975120683,5.867062755291497
E01000153,9.4,12.4,39.0,1929.0,20.21772939346812,4.872991187143597,6.4282011404873
E01000154,9.2,20.400000000000002,50.8,1915.0,26.527415143603132,4.804177545691905,10.652741514360315
E01000156,8.2,18.8,24.0,2026.0,11.846001974333662,4.047384007897334,9.279368213228036
E01000157,2.1999999999999997,5.8,15.399999999999999,1582.0,9.734513274336283,1.3906447534766118,3.666245259165613
E01000158,5.4,6.999999999999999,39.400000000000006,1464.0,26.912568306010932,3.6885245901639347,4.781420765027321
E01000159,11.8,7.0,30.2,1786.0,16.90929451287794,6.606942889137739,3.9193729003359463
E01000160,11.6,69.80000000000001,59.8,1955.0,30.588235294117645,5.933503836317135,35.70332480818415
E01000161,11.8,19.0,42.2,2034.0,20.747295968534907,5.801376597836775,9.341199606686333
E01000162,17.0,52.199999999999996,46.8,1651.0,28.346456692913385,10.29678982434888,31.61720169594185
E01000163,9.200000000000001,12.6,51.2,1691.0,30.27794204612655,5.440567711413365,7.451212300413957
E01000164,11.8,60.2,47.800000000000004,1712.0,27.920560747663554,6.892523364485982,35.16355140186916
E01000165,6.0,7.0,30.4,1812.0,16.777041942604853,3.3112582781456954,3.863134657836645
E01000166,6.199999999999999,6.4,22.2,1620.0,13.703703703703704,3.82716049382716,3.9506172839506175
E01000167,4.6000000000000005,8.200000000000001,35.2,1389.0,25.341972642188626,3.3117350611951046,5.903527717782579
E01000168,7.6,4.8,10.6,1516.0,6.992084432717678,5.013192612137202,3.1662269129287597
E01000169,4.0,7.199999999999999,22.0,1631.0,13.488657265481299,2.452483139178418,4.414469650521152
E01000170,7.6,34.8,38.0,1906.0,19.937040923399792,3.9874081846799574,18.258132214060858
E01000171,15.8,69.6,75.4,2289.0,32.940148536478816,6.90257754477938,30.40629095674967
E01000172,5.4,6.6000000000000005,16.8,1690.0,9.940828402366865,3.195266272189349,3.9053254437869827
E01000173,6.8,5.8,16.6,1690.0,9.822485207100593,4.023668639053254,3.4319526627218933
E01000174,8.600000000000001,65.2,36.4,1759.0,20.69357589539511,4.88914155770324,37.066515065378056
E01000175,5.0,6.0,17.0,2031.0,8.370260955194485,2.461841457410143,2.9542097488921715
E01000176,4.6,9.0,30.8,1722.0,17.88617886178862,2.671312427409988,5.226480836236934
E01000177,11.8,10.6,21.799999999999997,1663.0,13.10883944678292,7.095610342754059,6.374022850270595
E01000178,13.0,17.6,21.8,1673.0,13.030484160191273,7.770472205618649,10.520023909145248
E01000179,5.8,12.0,22.8,1789.0,12.744550027948574,3.2420346562325317,6.707657909446619
E01000180,9.0,15.000000000000002,28.8,1616.0,17.821782178217823,5.569306930693069,9.282178217821784
E01000181,17.0,92.4,31.6,1688.0,18.720379146919434,10.071090047393366,54.739336492891
E01000182,10.2,33.0,24.6,1619.0,15.194564546016059,6.300185299567634,20.38295243977764
E01000183,8.0,10.4,16.0,1522.0,10.512483574244415,5.256241787122208,6.8331143232588705
E01000184,6.2,14.4,55.8,1873.0,29.79177789642285,3.3101975440469835,7.688200747463961
E01000185,6.6,8.6,29.4,1474.0,19.94572591587517,4.477611940298507,5.834464043419268
E01000186,5.4,8.0,8.0,1771.0,4.517221908526256,3.0491247882552233,4.517221908526256
E01000187,3.8000000000000003,6.6000000000000005,23.599999999999998,1737.0,13.58664363845711,2.1876799078871616,3.79965457685665
E01000188,8.2,42.6,39.4,1578.0,24.96831432192649,5.196451204055767,26.99619771863118
E01000189,10.0,11.8,43.6,2469.0,17.65897124341839,4.050222762251924,4.779262859457271
E01000190,7.0,6.0,21.0,1731.0,12.131715771230503,4.043905257076834,3.4662045060658575
E01000191,6.4,5.8,16.6,1549.0,10.716591349257586,4.131697869593286,3.7443511943189156
E01000192,15.4,71.0,55.0,1997.0,27.54131196795193,7.71156735102654,35.55332999499249
E01000193,18.2,210.6,89.2,1948.0,45.790554414784395,9.342915811088297,108.11088295687884
E01000194,18.6,53.0,77.0,1906.0,40.398740818468,9.75865687303253,27.806925498426022
E01000195,10.4,20.2,40.4,2019.0,20.009905894006934,5.151064883605746,10.004952947003467
E01000196,20.8,51.4,64.2,2124.0,30.225988700564972,9.792843691148777,24.199623352165723
E01000197,12.8,17.2,30.400000000000002,1851.0,16.423554835224206,6.915180983252297,9.292274446245273
E01000198,14.8,13.2,38.4,2193.0,17.510259917920656,6.74874601003192,6.019151846785226
E01000199,14.2,6.4,14.0,1580.0,8.860759493670887,8.987341772151899,4.050632911392405
E01000200,12.6,6.4,24.2,1978.0,12.234580384226492,6.370070778564206,3.235591506572295
E01000201,13.4,8.6,12.6,1541.0,8.176508760545099,8.695652173913043,5.580791693705385
E01000202,9.2,9.8,16.8,1673.0,10.0418410041841,5.499103407053197,5.857740585774059
E01000203,15.6,21.0,62.0,1843.0,33.64080303852415,8.464460119370592,11.394465545306565
E01000204,11.8,9.4,19.8,1701.0,11.64021164021164,6.9370958259847155,5.526161081716638
E01000205,10.0,6.8,14.600000000000001,1506.0,9.694555112881806,6.6401062416998675,4.515272244355909
E01000206,13.2,14.6,19.400000000000002,1501.0,12.924716855429715,8.794137241838774,9.726848767488342
E01000207,13.2,23.0,21.8,1579.0,13.806206459784674,8.359721342621912,14.566181127295756
E01000208,11.8,19.799999999999997,17.4,1629.0,10.681399631675875,7.243707796193984,12.154696132596683
E01000209,12.399999999999999,8.0,16.0,1483.0,10.78894133513149,8.361429534726904,5.394470667565745
E01000210,10.2,7.4,19.6,1548.0,12.661498708010337,6.589147286821706,4.780361757105943
E01000211,27.0,120.39999999999999,61.199999999999996,2128.0,28.7593984962406,12.687969924812029,56.57894736842105
E01000212,8.0,7.999999999999999,18.2,1347.0,13.511507052709725,5.939123979213066,5.939123979213066
E01000213,8.8,5.4,8.600000000000001,1351.0,6.365655070318284,6.513693560325685,3.997039230199852
E01000214,12.6,39.4,29.799999999999997,1627.0,18.3159188690842,7.744314689612784,24.21634910878918
E01000215,7.2,14.4,29.6,2146.0,13.793103448275861,3.3550792171481825,6.710158434296365
E01000216,10.8,11.4,20.8,1978.0,10.51567239635996,5.460060667340748,5.7633973710819015
E01000217,5.8,9.200000000000001,16.200000000000003,1785.0,9.075630252100842,3.249299719887955,5.15406162464986
E01000218,13.6,17.4,30.6,1844.0,16.594360086767896,7.37527114967462,9.436008676789587
E01000219,14.4,17.0,45.4,2196.0,20.673952641165755,6.557377049180328,7.741347905282332
E01000220,11.0,15.0,30.0,1888.0,15.889830508474576,5.826271186440678,7.944915254237288
E01000221,14.6,93.2,72.8,1412.0,51.55807365439093,10.339943342776204,66.0056657223796
E01000222,11.0,9.6,43.800000000000004,2038.0,21.491658488714428,5.397448478900883,4.710500490677135
E01000223,17.2,94.6,68.0,2032.0,33.46456692913386,8.464566929133857,46.555118110236215
E01000224,9.200000000000001,8.4,23.4,1692.0,13.829787234042552,5.437352245862885,4.964539007092199
E01000225,8.8,7.2,8.6,1870.0,4.598930481283422,4.705882352941177,3.8502673796791447
E01000226,7.4,9.2,32.6,1735.0,18.78962536023055,4.265129682997118,5.302593659942363
E01000227,8.6,3.8,14.8,1869.0,7.918673087212413,4.601391118245051,2.0331728196896734
E01000228,8.4,8.0,25.0,1436.0,17.40947075208914,5.8495821727019495,5.571030640668524
E01000229,10.8,8.0,24.8,1670.0,14.850299401197605,6.467065868263473,4.790419161676646
E01000230,7.6,8.4,17.2,1960.0,8.775510204081632,3.877551020408163,4.285714285714286
E01000231,5.6,18.8,32.2,1787.0,18.01902630106324,3.1337437045327365,10.520425293788472
E01000232,12.2,6.2,26.6,1871.0,14.216996258685196,6.520577231427044,3.3137359700694815
E01000233,12.8,31.2,24.599999999999998,1938.0,12.693498452012383,6.604747162022704,16.099071207430338
E01000234,7.0,4.6,16.8,1781.0,9.432902863559798,3.9303761931499155,2.5828186412128016
E01000235,10.799999999999999,21.8,41.8,1862.0,22.448979591836732,5.8002148227712125,11.707841031149302
E01000236,12.799999999999999,10.0,32.8,1952.0,16.80327868852459,6.557377049180327,5.1229508196721305
E01000237,15.2,46.2,80.0,2100.0,38.0952380952381,7.238095238095238,22.000000000000004
E01000238,12.0,13.4,33.4,2096.0,15.935114503816795,5.7251908396946565,6.393129770992366
E01000239,14.8,21.000000000000004,48.8,2058.0,23.712342079689016,7.191448007774539,10.204081632653063
E01000240,10.399999999999999,16.4,38.8,1734.0,22.376009227220298,5.997693194925028,9.457900807381776
E01000241,10.6,9.6,30.2,1788.0,16.890380313199106,5.9284116331096195,5.369127516778523
E01000242,9.4,8.200000000000001,22.799999999999997,1601.0,14.241099312929418,5.871330418488444,5.121798875702687
E01000243,18.8,67.4,48.800000000000004,2165.0,22.540415704387993,8.683602771362587,31.131639722863742
E01000244,20.0,89.0,54.6,1638.0,33.333333333333336,12.21001221001221,54.33455433455433
E01000245,20.8,59.6,74.0,2057.0,35.974720466699075,10.111813320369471,28.974234321827907
E01000246,6.6000000000000005,4.3999999999999995,14.0,1520.0,9.210526315789473,4.342105263157896,2.894736842105263
E01000247,4.6000000000000005,8.4,19.400000000000002,1696.0,11.43867924528302,2.7122641509433967,4.952830188679246
E01000248,8.0,124.80000000000001,22.2,1703.0,13.035819142689371,4.697592483852025,73.28244274809161
E01000249,3.4,5.3999999999999995,10.6,1613.0,6.57160570365778,2.1078735275883447,3.3477991320520766
E01000250,16.2,89.8,73.8,2610.0,28.275862068965516,6.206896551724138,34.406130268199234
E01000251,12.4,21.999999999999996,68.0,2262.0,30.061892130857647,5.481874447391689,9.725906277630415
E01000252,8.0,12.6,22.0,1715.0,12.827988338192421,4.664723032069971,7.346938775510203
E01000253,11.6,13.8,20.0,1984.0,10.080645161290322,5.846774193548387,6.955645161290323
E01000254,5.6,5.4,16.0,1600.0,10.0,3.4999999999999996,3.3750000000000004
E01000255,10.4,14.799999999999999,33.2,1700.0,19.529411764705884,6.11764705882353,8.705882352941176
E01000256,10.0,6.6000000000000005,22.8,1928.0,11.825726141078837,5.186721991701245,3.423236514522822
E01000257,25.8,128.8,61.4,2090.0,29.37799043062201,12.344497607655503,61.62679425837321
E01000258,6.8,38.6,23.4,1891.0,12.374405076679006,3.5959809624537282,20.412480169222633
E01000259,15.200000000000001,14.6,40.400000000000006,2643.0,15.285660234581917,5.751040484298146,5.524025728339008
E01000260,9.0,28.200000000000003,38.2,2166.0,17.636195752539244,4.1551246537396125,13.019390581717452
E01000261,5.4,5.4,21.799999999999997,1768.0,12.330316742081445,3.0542986425339365,3.0542986425339365
E01000263,7.0,2.2,10.8,1525.0,7.081967213114755,4.590163934426229,1.4426229508196724
E01000264,20.2,104.0,63.4,1823.0,34.77783872737246,11.080636313768512,57.04882062534284
E01000265,5.8,15.000000000000002,27.0,1922.0,14.047866805411031,3.017689906347554,7.804370447450573
E01000266,8.4,2.8000000000000003,12.6,1436.0,8.774373259052926,5.8495821727019495,1.9498607242339834
E01000267,5.6,4.4,12.8,1527.0,8.382449246889324,3.6673215455140795,2.881466928618206
E01000268,16.0,66.80000000000001,67.2,2075.0,32.385542168674704,7.710843373493976,32.19277108433735
E01000269,4.8,5.0,15.4,1386.0,11.11111111111111,3.463203463203463,3.6075036075036073
E01000270,6.0,3.4,18.4,1545.0,11.909385113268607,3.883495145631068,2.200647249190938
E01000271,7.8,15.2,20.2,1638.0,12.332112332112331,4.761904761904762,9.27960927960928
E01000272,6.6,4.8,10.4,1426.0,7.293127629733521,4.6283309957924255,3.3660589060308554
E01000273,10.8,19.599999999999998,38.6,1670.0,23.113772455089823,6.467065868263473,11.736526946107784
E01000274,7.8,15.799999999999999,30.4,1936.0,15.702479338842974,4.028925619834711,8.161157024793388
E01000275,8.2,7.2,12.6,1740.0,7.241379310344827,4.7126436781609184,4.137931034482759
E01000276,5.2,3.0,8.8,1538.0,5.721716514954487,3.3810143042912872,1.9505851755526658
E01000277,8.2,9.0,19.6,1652.0,11.864406779661017,4.963680387409201,5.447941888619854
E01000278,8.4,4.4,9.4,1476.0,6.368563685636857,5.691056910569106,2.981029810298103
E01000279,14.4,6.4,16.8,1365.0,12.307692307692308,10.54945054945055,4.688644688644689
E01000280,9.6,3.2,10.2,1337.0,7.6290201944652205,7.180254300673148,2.393418100224383
E01000281,10.6,87.4,45.6,1789.0,25.489100055897147,5.925097820011179,48.85410844046954
E01000282,12.4,10.4,19.0,1808.0,10.508849557522124,6.8584070796460175,5.752212389380531
E01000283,7.6000000000000005,3.8000000000000003,6.4,1371.0,4.6681254558716265,5.543398978847557,2.7716994894237783
E01000284,8.4,11.599999999999998,40.0,1806.0,22.1483942414175,4.651162790697675,6.423034330011073
E01000285,5.4,3.6,23.8,1513.0,15.730337078651687,3.56906807666887,2.3793787177792467
E01000286,5.0,5.2,30.8,1715.0,17.959183673469386,2.9154518950437316,3.0320699708454812
E01000287,3.8,4.8,29.6,1631.0,18.148375229920298,2.3298589822194975,2.942979767014102
E01000288,7.2,4.800000000000001,16.6,1548.0,10.723514211886306,4.651162790697675,3.10077519379845
E01000289,4.6,8.0,43.0,1583.0,27.163613392293115,2.9058749210360073,5.05369551484523
E01000290,6.4,13.799999999999999,27.799999999999997,1621.0,17.149907464528066,3.948180135718692,8.51326341764343
E01000291,5.8,9.4,23.0,1561.0,14.734144778987828,3.7155669442664956,6.021780909673287
E01000292,5.6000000000000005,14.600000000000001,26.0,1545.0,16.828478964401295,3.624595469255664,9.449838187702266
E01000293,6.2,10.4,20.400000000000002,1772.0,11.512415349887135,3.4988713318284423,5.869074492099323
E01000294,3.8,31.799999999999997,84.6,1811.0,46.71452236333517,2.0982882385422417,17.559359469906127
E01000295,9.2,13.4,21.6,1615.0,13.374613003095975,5.696594427244582,8.297213622291022
E01000296,13.799999999999999,66.4,51.0,1785.0,28.57142857142857,7.731092436974789,37.19887955182073
E01000297,6.0,6.8,13.399999999999999,1421.0,9.429978888106966,4.22237860661506,4.785362420830402
E01000298,11.4,36.4,50.8,1711.0,29.690239625949737,6.662770309760375,21.274108708357684
E01000299,9.4,78.4,63.599999999999994,2219.0,28.661559260928346,4.23614240648941,35.33123028391168
E01000300,6.8,7.8,18.0,1667.0,10.797840431913617,4.079184163167366,4.679064187162568
E01000301,8.0,6.8,9.399999999999999,1495.0,6.2876254180602,5.351170568561873,4.548494983277592
E01000302,9.4,38.0,42.0,1800.0,23.333333333333336,5.222222222222222,21.11111111111111
E01000303,11.0,4.800000000000001,10.8,1502.0,7.1904127829560585,7.323568575233023,3.195739014647138
E01000304,5.2,5.6000000000000005,17.6,1557.0,11.303789338471422,3.3397559409120103,3.5966602440590885
E01000305,17.8,35.2,59.6,1621.0,36.76742751388032,10.980876002467614,21.71499074645281
E01000306,2.6,7.2,15.2,1971.0,7.711821410451547,1.3191273465246067,3.65296803652968
E01000307,15.6,450.4,92.8,1653.0,56.140350877192986,9.437386569872958,272.47428917120385
E01000308,12.4,13.4,37.0,2110.0,17.535545023696685,5.8767772511848335,6.350710900473934
E01000309,8.0,9.799999999999999,30.4,2051.0,14.822038030229155,3.9005363237445145,4.778156996587031
E01000310,18.0,35.0,65.6,2193.0,29.913360693114452,8.207934336525307,15.959872321021432
E01000311,12.2,12.399999999999999,24.0,1771.0,13.55166572557877,6.888763410502541,7.0016939582156965
E01000312,9.0,20.2,41.4,1768.0,23.41628959276018,5.090497737556562,11.425339366515836
E01000313,8.6,33.0,47.0,1901.0,24.72382956338769,4.523934771173066,17.35928458705944
E01000314,9.6,31.0,49.8,2166.0,22.99168975069252,4.432132963988919,14.312096029547554
E01000315,12.2,11.400000000000002,39.8,1699.0,23.425544437904648,7.180694526191877,6.709829311359624
E01000316,14.399999999999999,105.4,72.8,2287.0,31.832094446873633,6.29645824223874,46.086576300830785
E01000317,8.8,10.0,22.200000000000003,1584.0,14.015151515151517,5.555555555555555,6.313131313131313
E01000318,10.600000000000001,11.4,21.6,1926.0,11.214953271028039,5.503634475597093,5.919003115264798
E01000319,6.800000000000001,5.6,15.2,1402.0,10.841654778887303,4.850213980028531,3.9942938659058482
E01000320,7.6,10.8,17.0,1934.0,8.790072388831437,3.929679420889349,5.584281282316443
E01000321,8.8,44.400000000000006,39.0,1961.0,19.88781234064253,4.487506374298827,22.641509433962266
E01000322,8.0,33.0,35.6,1859.0,19.150080688542225,4.303388918773534,17.75147928994083
E01000323,16.4,168.2,83.8,2367.0,35.4034643008027,6.928601605407689,71.0604140261935
E01000324,10.799999999999999,7.799999999999999,27.200000000000003,1831.0,14.855270344074277,5.898416166029492,4.2599672310212995
E01000325,1.0,5.0,14.0,1647.0,8.500303582270794,0.6071645415907712,3.0358227079538556
E01000326,3.4,3.6,23.0,1381.0,16.6545981173063,2.4619840695148443,2.606806661839247
E01000327,2.6,4.6,21.2,1628.0,13.022113022113022,1.597051597051597,2.8255528255528253
E01000328,4.0,6.2,35.4,1635.0,21.65137614678899,2.4464831804281344,3.7920489296636086
E01000329,4.0,8.399999999999999,45.8,1695.0,27.02064896755162,2.359882005899705,4.955752212389379
E01000330,4.0,11.600000000000001,104.0,1656.0,62.80193236714976,2.4154589371980677,7.004830917874397
E01000331,5.4,13.0,48.4,1689.0,28.656009473060983,3.197158081705151,7.696862048549438
E01000332,4.6,6.6000000000000005,22.0,1593.0,13.810420590081607,2.887633396107972,4.143126177024483
E01000333,9.4,42.0,72.8,1917.0,37.97600417318727,4.903495044340115,21.90923317683881
E01000334,3.6,7.8,40.400000000000006,1675.0,24.119402985074633,2.1492537313432836,4.656716417910448
E01000335,15.0,107.19999999999999,93.60000000000001,2726.0,34.336023477622895,5.502567865003669,39.32501834189288
E01000336,13.0,14.0,71.0,1998.0,35.53553553553553,6.506506506506507,7.007007007007007
E01000337,5.800000000000001,9.6,30.8,1736.0,17.741935483870968,3.341013824884793,5.529953917050691
E01000338,4.2,6.2,36.0,1854.0,19.41747572815534,2.26537216828479,3.344120819848975
E01000339,2.0,2.8000000000000003,19.4,1619.0,11.98270537368746,1.2353304508956147,1.7294626312538606
E01000340,2.0,5.0,17.0,1584.0,10.732323232323232,1.2626262626262628,3.1565656565656566
E01000341,2.6,3.4,13.2,1542.0,8.560311284046692,1.6861219195849546,2.204928664072633
E01000342,0.8,3.4000000000000004,15.2,1524.0,9.973753280839896,0.5249343832020997,2.230971128608924
E01000343,5.4,6.4,24.0,1509.0,15.904572564612325,3.5785288270377733,4.241219350563287
E01000344,3.5999999999999996,14.2,15.2,1592.0,9.547738693467336,2.2613065326633164,8.919597989949748
E01000345,1.7999999999999998,2.6,11.2,1342.0,8.34575260804769,1.3412816691505214,1.9374068554396424
E01000346,3.8000000000000003,15.6,12.799999999999999,1588.0,8.060453400503778,2.3929471032745595,9.82367758186398
E01000347,2.8,8.6,17.8,1521.0,11.702827087442472,1.840894148586456,5.654174884944116
E01000348,1.2,2.2,7.4,1515.0,4.884488448844885,0.792079207920792,1.4521452145214522
E01000349,3.2,3.8,11.2,1723.0,6.500290191526407,1.857225769007545,2.2054556006964594
E01000350,3.4000000000000004,24.8,16.4,1486.0,11.036339165545087,2.288021534320323,16.689098250336475
E01000351,2.6,3.4000000000000004,15.200000000000001,1612.0,9.429280397022334,1.6129032258064515,2.109181141439206
E01000352,4.6000000000000005,39.6,47.0,1618.0,29.04820766378245,2.843016069221261,24.474660074165637
E01000353,2.0,3.0,18.799999999999997,1637.0,11.484422724496026,1.2217470983506415,1.832620647525962
E01000354,2.0,4.8,21.0,1492.0,14.075067024128687,1.3404825737265416,3.2171581769436997
E01000355,3.8,7.4,15.6,1441.0,10.825815405968077,2.63705759888966,5.135322692574602
E01000356,7.199999999999999,128.20000000000002,18.2,1568.0,11.607142857142858,4.591836734693877,81.76020408163266
E01000357,3.4000000000000004,2.6,11.4,1403.0,8.12544547398432,2.423378474697078,1.8531717747683536
E01000358,2.4000000000000004,36.0,20.599999999999998,1658.0,12.424607961399275,1.4475271411338966,21.712907117008445
E01000359,5.2,12.2,12.2,1263.0,9.659540775930324,4.117181314330958,9.659540775930324
E01000360,13.4,138.8,162.6,1910.0,85.13089005235602,7.015706806282723,72.67015706806284
E01000361,1.8,3.0,19.4,1591.0,12.193588937774983,1.1313639220615965,1.8856065367693275
E01000362,20.8,255.59999999999997,150.4,1864.0,80.68669527896996,11.158798283261802,137.12446351931328
E01000363,4.4,6.800000000000001,20.8,1559.0,13.341885824246312,2.822322001282874,4.3617703656189875
E01000364,3.4,4.4,16.0,1698.0,9.422850412249705,2.0023557126030624,2.5912838633686692
E01000365,4.0,38.0,48.400000000000006,1728.0,28.009259259259263,2.314814814814815,21.99074074074074
E01000366,5.4,6.0,22.6,1640.0,13.78048780487805,3.2926829268292686,3.658536585365854
E01000367,10.4,11.399999999999999,59.199999999999996,2266.0,26.12533097969991,4.5895851721094445,5.030891438658428
E01000368,4.8,6.6000000000000005,47.4,1680.0,28.21428571428571,2.857142857142857,3.928571428571429
E01000369,3.0,4.0,31.6,1727.0,18.297625940938044,1.7371163867979154,2.3161551823972206
E01000370,3.4,9.0,26.0,1558.0,16.68806161745828,2.1822849807445444,5.7766367137355585
E01000371,2.4000000000000004,4.3999999999999995,14.6,1620.0,9.012345679012347,1.4814814814814816,2.716049382716049
E01000372,5.2,10.2,49.0,1689.0,29.01124925991711,3.078744819419775,6.039076376554173
E01000373,4.0,9.6,31.4,1325.0,23.69811320754717,3.0188679245283017,7.245283018867925
E01000374,7.6000000000000005,15.0,49.8,1579.0,31.538948701709945,4.8131728942368595,9.499683343888538
E01000375,5.4,15.6,37.8,2128.0,17.763157894736842,2.537593984962406,7.330827067669173
E01000376,2.8,6.8,29.0,1614.0,17.967781908302356,1.7348203221809169,4.2131350681536555
E01000377,4.2,7.8,38.4,1474.0,26.051560379918588,2.8493894165535956,5.291723202170963
E01000379,3.8,8.4,32.4,1712.0,18.925233644859812,2.219626168224299,4.906542056074766
E01000380,3.5999999999999996,7.4,36.4,1736.0,20.96774193548387,2.073732718894009,4.262672811059908
E01000381,4.0,7.4,33.2,1617.0,20.531849103277676,2.473716759431045,4.576376004947434
E01000382,3.8,4.4,22.8,1572.0,14.503816793893131,2.4173027989821882,2.7989821882951658
E01000383,3.8,12.2,23.799999999999997,1593.0,14.940364092906464,2.3854362837413685,7.658505963590709
E01000384,4.2,7.2,23.6,1719.0,13.728912158231532,2.443280977312391,4.188481675392671
E01000385,9.0,25.6,65.0,2006.0,32.40279162512463,4.48654037886341,12.7617148554337
E01000386,4.6,30.0,51.4,1537.0,33.44176968119714,2.992843201040989,19.518542615484712
E01000387,3.5999999999999996,4.6,10.2,1558.0,6.546854942233633,2.310654685494223,2.9525032092426184
E01000388,3.4000000000000004,6.4,17.6,1513.0,11.63251817580965,2.247191011235955,4.2300066093853275
E01000389,5.800000000000001,9.0,34.6,1700.0,20.352941176470587,3.4117647058823533,5.294117647058823
E01000390,4.0,9.599999999999998,22.6,1332.0,16.966966966966968,3.003003003003003,7.2072072072072055
E01000391,2.0,5.4,23.8,1748.0,13.615560640732266,1.1441647597254005,3.0892448512585817
E01000392,12.2,123.60000000000001,80.8,1957.0,41.28768523249872,6.234031681144609,63.15789473684211
E01000393,3.8000000000000003,18.6,28.8,1695.0,16.991150442477878,2.24188790560472,10.97345132743363
E01000394,6.2,24.599999999999998,25.8,1628.0,15.847665847665848,3.808353808353808,15.110565110565108
E01000395,2.4,5.0,16.8,1529.0,10.987573577501635,1.5696533682145193,3.2701111837802483
E01000396,2.5999999999999996,1.8,4.199999999999999,1452.0,2.8925619834710736,1.7906336088154267,1.2396694214876034
E01000398,3.8,4.0,26.4,1593.0,16.572504708097927,2.3854362837413685,2.5109855618330195
E01000399,5.8,5.4,18.8,1571.0,11.966900063653723,3.6919159770846592,3.437301082113304
E01000400,3.5999999999999996,7.3999999999999995,26.4,1573.0,16.783216783216783,2.288620470438652,4.704386522568341
E01000401,5.8,12.0,39.0,1816.0,21.475770925110133,3.1938325991189425,6.607929515418502
E01000402,2.8,10.6,32.0,1605.0,19.937694704049846,1.7445482866043611,6.604361370716511
E01000403,23.2,245.8,147.8,2403.0,61.50645027049522,9.654598418643362,102.28880565959219
E01000404,9.6,23.6,100.0,2423.0,41.271151465125875,3.962030540652084,9.739991745769709
E01000405,7.4,18.2,54.2,1576.0,34.390862944162436,4.695431472081219,11.548223350253807
E01000406,10.2,24.0,90.2,2144.0,42.070895522388064,4.757462686567163,11.194029850746269
E01000407,4.8,12.6,34.4,1870.0,18.39572192513369,2.5668449197860963,6.737967914438502
E01000408,11.6,24.000000000000004,62.4,1774.0,35.174746335963924,6.538895152198422,13.528748590755358
E01000409,3.6,2.8,10.0,1742.0,5.7405281285878305,2.0665901262916186,1.6073478760045923
E01000410,4.4,18.0,16.2,1658.0,9.770808202653798,2.653799758745477,10.856453558504223
E01000411,1.8,3.0,10.4,1494.0,6.961178045515395,1.2048192771084338,2.008032128514056
E01000412,3.8000000000000003,12.600000000000001,32.2,1766.0,18.23329558323896,2.1517553793884487,7.134767836919593
E01000413,2.8,33.2,21.0,1347.0,15.590200445434299,2.0786933927245728,24.647364513734228
E01000414,10.600000000000001,74.0,59.2,1894.0,31.25659978880676,5.59662090813094,39.07074973600845
E01000415,1.8,3.0,10.2,1465.0,6.962457337883959,1.2286689419795223,2.04778156996587
E01000416,10.399999999999999,41.6,59.8,1631.0,36.66462293071735,6.376456161863886,25.50582464745555
E01000417,4.2,37.4,44.4,1739.0,25.53191489361702,2.4151811385853943,21.506612995974695
E01000418,4.0,9.799999999999999,37.6,1946.0,19.321685508735868,2.055498458376156,5.0359712230215825
E01000419,4.0,4.0,14.0,1495.0,9.364548494983277,2.6755852842809364,2.6755852842809364
E01000420,2.2,4.800000000000001,17.6,1522.0,11.563731931668856,1.445466491458607,3.1537450722733253
E01000421,2.2,3.4000000000000004,9.2,1521.0,6.048652202498356,1.4464168310322159,2.235371466140697
E01000422,6.0,7.8,28.200000000000003,1338.0,21.076233183856502,4.484304932735426,5.829596412556054
E01000423,2.5999999999999996,3.4,8.0,1607.0,4.978220286247667,1.6179215930304913,2.115743621655258
E01000424,5.8,5.6000000000000005,20.0,1727.0,11.580775911986104,3.3584250144759697,3.2426172553561092
E01000425,2.4,3.6000000000000005,9.200000000000001,1800.0,5.111111111111112,1.3333333333333333,2.0000000000000004
E01000426,3.0,7.0,19.6,1672.0,11.722488038277513,1.7942583732057418,4.186602870813397
E01000427,5.2,9.0,28.4,2011.0,14.122327200397812,2.5857782197911487,4.475385380407758
E01000428,9.2,25.599999999999998,116.8,1902.0,61.40904311251314,4.83701366982124,13.459516298633018
E01000429,9.8,15.8,70.0,1693.0,41.34672179562906,5.788541051388068,9.332545776727702
E01000430,4.8,12.600000000000001,47.0,2050.0,22.926829268292682,2.341463414634146,6.146341463414635
E01000431,8.0,21.799999999999997,54.2,1199.0,45.20433694745621,6.672226855713094,18.18181818181818
E01000433,5.8,12.799999999999999,96.6,1957.0,49.36126724578436,2.9637199795605516,6.540623403168114
E01000434,5.2,10.4,60.2,1593.0,37.79033270558695,3.264281230382925,6.52856246076585
E01000435,4.4,38.8,32.8,1490.0,22.013422818791945,2.953020134228188,26.040268456375838
E01000436,1.8,4.0,12.8,1757.0,7.285145133750712,1.024473534433694,2.2766078542970973
E01000437,2.0,2.4000000000000004,15.2,1373.0,11.070648215586306,1.4566642388929352,1.7479970866715224
E01000438,4.800000000000001,5.2,36.800000000000004,1688.0,21.800947867298582,2.8436018957345977,3.080568720379147
E01000439,8.4,30.2,64.8,1424.0,45.50561797752808,5.898876404494382,21.207865168539325
E01000440,1.4,2.2,10.0,1385.0,7.220216606498195,1.0108303249097472,1.588447653429603
E01000441,6.0,17.8,60.0,1802.0,33.29633740288568,3.329633740288568,9.877913429522753
E01000442,2.4,6.4,16.4,1679.0,9.767718880285884,1.429422275163788,3.8117927337701016
E01000443,2.2,3.8000000000000003,16.0,1330.0,12.030075187969926,1.6541353383458648,2.857142857142857
E01000444,5.2,7.0,16.8,1642.0,10.23142509135201,3.166869671132765,4.263093788063338
E01000445,4.6,21.6,18.4,1666.0,11.044417767106843,2.7611044417767108,12.965186074429774
E01000446,3.0,3.6,18.799999999999997,1505.0,12.491694352159467,1.9933554817275745,2.39202657807309
E01000447,10.6,20.0,49.599999999999994,1959.0,25.31904032669729,5.410923940786115,10.209290454313425
E01000448,3.8000000000000003,3.4000000000000004,10.0,1346.0,7.429420505200594,2.823179791976226,2.5260029717682024
E01000449,2.8,4.6000000000000005,11.2,1562.0,7.1702944942381555,1.7925736235595389,2.9449423815621003
E01000450,6.4,4.6,36.4,1801.0,20.210993892282065,3.5535813436979455,2.554136590782898
E01000451,2.8,5.0,15.2,1750.0,8.685714285714285,1.5999999999999999,2.857142857142857
E01000452,2.6,4.0,10.4,1420.0,7.323943661971831,1.8309859154929577,2.8169014084507045
E01000453,4.6,18.0,21.6,1477.0,14.624238320920785,3.1144211238997968,12.186865267433989
E01000454,3.6,10.200000000000001,59.8,1631.0,36.66462293071735,2.207234825260576,6.253832004904967
E01000455,2.5999999999999996,4.199999999999999,20.599999999999998,1792.0,11.495535714285714,1.450892857142857,2.3437499999999996
E01000456,3.8000000000000003,3.8000000000000003,14.2,1422.0,9.985935302390997,2.6722925457102673,2.6722925457102673
E01000457,17.200000000000003,118.00000000000001,73.4,2175.0,33.74712643678161,7.908045977011495,54.252873563218394
E01000458,2.4,3.6,12.2,1542.0,7.911802853437094,1.5564202334630348,2.3346303501945527
E01000459,7.2,8.0,41.400000000000006,1871.0,22.127204703367184,3.8482095136290755,4.27578834847675
E01000460,2.4,2.6000000000000005,9.2,1261.0,7.295796986518635,1.9032513877874702,2.0618556701030935
E01000461,2.2,4.2,15.0,1637.0,9.16310323762981,1.3439218081857058,2.565668906536347
E01000462,8.799999999999999,39.0,56.2,2054.0,27.36124634858812,4.284323271665043,18.9873417721519
E01000463,2.8,3.4000000000000004,10.6,1251.0,8.47322142286171,2.2382094324540365,2.7178257394084735
E01000464,2.6,7.000000000000001,32.8,1518.0,21.607378129117258,1.712779973649539,4.611330698287221
E01000465,4.6,11.4,52.4,1690.0,31.00591715976331,2.72189349112426,6.745562130177515
E01000466,7.6,23.2,71.19999999999999,1713.0,41.56450671336835,4.43666082895505,13.543490951546994
E01000467,3.4000000000000004,8.799999999999999,46.6,1677.0,27.787716159809182,2.027429934406679,5.247465712581992
E01000468,6.199999999999999,15.2,79.2,2932.0,27.012278308321967,2.1145975443383356,5.184174624829468
E01000469,4.8,8.799999999999999,46.4,1738.0,26.69735327963176,2.761795166858458,5.063291139240506
E01000470,10.4,23.2,70.2,1307.0,53.71078806426932,7.957153787299158,17.750573833205816
E01000471,1.6,6.0,26.2,1721.0,15.223707147007554,0.9296920395119117,3.486345148169669
E01000472,13.4,89.2,56.8,2404.0,23.627287853577368,5.574043261231282,37.10482529118136
E01000473,9.2,74.6,73.0,2704.0,26.997041420118343,3.4023668639053253,27.5887573964497
E01000474,1.2,13.0,27.4,2272.0,12.059859154929576,0.528169014084507,5.721830985915493
E01000475,9.0,83.0,55.400000000000006,2124.0,26.082862523540495,4.237288135593221,39.07721280602637
E01000476,11.0,16.400000000000002,44.8,2196.0,20.40072859744991,5.009107468123862,7.468123861566486
E01000477,15.8,35.6,63.0,2376.0,26.515151515151516,6.6498316498316505,14.983164983164984
E01000478,9.0,13.4,47.0,2528.0,18.591772151898734,3.560126582278481,5.300632911392405
E01000479,8.4,9.399999999999999,29.0,1759.0,16.48664013644116,4.775440591245026,5.343945423536099
E01000480,8.6,7.4,23.4,1688.0,13.86255924170616,5.0947867298578196,4.383886255924171
E01000481,6.8,16.8,44.0,1635.0,26.91131498470948,4.159021406727828,10.275229357798166
E01000483,9.2,108.4,53.4,1852.0,28.833693304535636,4.967602591792656,58.53131749460044
E01000484,6.2,10.8,40.0,1765.0,22.6628895184136,3.512747875354108,6.118980169971672
E01000485,5.3999999999999995,6.4,27.4,1604.0,17.082294264339154,3.366583541147132,3.990024937655861
E01000486,6.8,4.4,17.599999999999998,1698.0,10.365135453474675,4.004711425206125,2.5912838633686692
E01000487,10.0,22.2,39.4,1987.0,19.828887770508302,5.032712632108707,11.172622043281327
E01000488,4.4,11.399999999999999,25.6,1647.0,15.54341226472374,2.671523982999393,6.92167577413479
E01000489,13.8,19.0,37.0,1728.0,21.412037037037038,7.9861111111111125,10.99537037037037
E01000490,20.0,62.0,58.4,1771.0,32.975719932241674,11.29305477131564,35.00846979107849
E01000491,29.200000000000003,17.200000000000003,38.8,2066.0,18.78025169409487,14.133591481122945,8.325266214908035
E01000492,8.4,8.799999999999999,14.4,1273.0,11.31186174391202,6.5985860172820106,6.912804399057344
E01000493,5.800000000000001,8.4,14.8,1597.0,9.267376330619912,3.6318096430807767,5.2598622417031935
E01000494,11.8,13.6,31.200000000000003,1761.0,17.717206132879046,6.700738216922204,7.722884724588302
E01000495,16.0,56.8,37.4,1591.0,23.507228158390948,10.05656819610308,35.700817096165935
E01000497,16.4,42.800000000000004,55.6,2070.0,26.859903381642514,7.922705314009661,20.676328502415462
E01000498,10.0,13.6,39.0,1683.0,23.172905525846705,5.941770647653001,8.080808080808081
E01000499,17.0,37.2,56.6,1896.0,29.85232067510549,8.966244725738397,19.620253164556964
E01000501,6.4,8.6,40.400000000000006,2031.0,19.89167897587396,3.1511570654849828,4.234367306745445
E01000502,10.600000000000001,17.2,57.0,1882.0,30.28692879914984,5.63230605738576,9.139213602550479
E01000503,12.4,16.2,45.4,2093.0,21.691352126134735,5.924510272336359,7.740086000955566
E01000504,7.2,23.4,38.8,1799.0,21.567537520844912,4.002223457476377,13.00722623679822
E01000505,5.8,13.2,38.0,1677.0,22.659511031604055,3.45855694692904,7.871198568872987
E01000506,12.6,37.2,65.2,1657.0,39.34821967410984,7.604103802051901,22.450211225105615
E01000507,8.4,12.0,32.6,1617.0,20.16079158936302,5.194805194805195,7.421150278293135
E01000508,13.600000000000001,37.2,110.19999999999999,2613.0,42.17374665135859,5.204745503252966,14.236509758897819
E01000509,16.2,11.399999999999999,47.0,1438.0,32.68428372739916,11.265646731571627,7.927677329624478
E01000510,17.4,78.4,120.2,1672.0,71.88995215311004,10.4066985645933,46.88995215311005
E01000511,10.2,14.599999999999998,44.0,1770.0,24.858757062146893,5.762711864406779,8.248587570621469
E01000512,5.8,14.399999999999999,37.0,1703.0,21.726365237815617,3.4057545507927185,8.455666470933645
E01000513,3.0,8.4,22.8,1678.0,13.587604290822407,1.7878426698450536,5.005959475566151
E01000514,4.800000000000001,4.2,17.4,1570.0,11.082802547770699,3.0573248407643314,2.67515923566879
E01000515,6.800000000000001,15.6,51.8,1875.0,27.626666666666665,3.626666666666667,8.319999999999999
E01000516,14.200000000000001,43.4,66.80000000000001,2345.0,28.4861407249467,6.05543710021322,18.507462686567163
E01000517,6.8,74.8,30.0,1623.0,18.48428835489834,4.18977202711029,46.087492298213185
E01000518,9.4,12.799999999999999,31.4,1915.0,16.39686684073107,4.908616187989557,6.684073107049607
E01000519,9.8,12.6,36.8,2013.0,18.281172379533036,4.868355688027819,6.259314456035767
E01000520,7.199999999999999,12.2,35.800000000000004,1677.0,21.34764460345856,4.293381037567084,7.27489564698867
E01000521,10.0,42.6,111.6,2275.0,49.05494505494505,4.395604395604396,18.725274725274726
E01000522,7.800000000000001,11.2,47.6,2048.0,23.2421875,3.8085937500000004,5.46875
E01000523,15.200000000000001,41.0,88.6,2297.0,38.57205050065302,6.617326948193297,17.84936874183718
E01000524,18.8,205.4,170.2,2423.0,70.24349979364423,7.758976475443665,84.77094510936855
E01000525,11.0,26.4,56.400000000000006,1851.0,30.470016207455433,5.942733657482442,14.26256077795786
E01000526,14.0,28.6,83.8,2197.0,38.14292216659081,6.372325898953117,13.017751479289942
E01000527,9.600000000000001,22.0,66.8,1875.0,35.626666666666665,5.12,11.733333333333334
E01000528,8.6,15.200000000000001,51.8,1725.0,30.028985507246375,4.9855072463768115,8.81159420289855
E01000530,11.4,10.2,19.6,1819.0,10.775151181968114,6.267179769103903,5.607476635514018
E01000531,9.2,100.0,59.6,1799.0,33.12951639799889,5.1139521956642575,55.5864369093941
E01000532,7.8,18.2,28.400000000000002,1509.0,18.82041086812459,5.168986083499006,12.060967528164346
E01000533,16.6,42.2,108.6,2172.0,49.99999999999999,7.642725598526704,19.429097605893187
E01000534,4.0,11.2,31.4,1748.0,17.963386727688786,2.288329519450801,6.407322654462242
E01000535,8.2,25.4,52.2,2053.0,25.42620555284949,3.994154895275207,12.372138334145152
E01000536,4.0,54.4,26.599999999999998,1562.0,17.02944942381562,2.560819462227913,34.82714468629961
E01000538,4.4,7.200000000000001,21.8,1622.0,13.44019728729963,2.712700369913687,4.438964241676943
E01000539,3.6,5.6,16.4,1581.0,10.373181530676787,2.2770398481973433,3.5420619860847564
E01000540,5.4,5.800000000000001,12.0,1456.0,8.241758241758243,3.708791208791209,3.983516483516484
E01000541,5.2,11.0,28.6,1411.0,20.26931254429483,3.6853295535081507,7.7958894401133945
E01000543,6.8,39.8,47.6,1625.0,29.292307692307695,4.184615384615385,24.49230769230769
E01000544,16.6,41.2,34.6,1768.0,19.570135746606336,9.389140271493215,23.30316742081448
E01000545,27.2,84.2,79.8,1921.0,41.54086413326392,14.15929203539823,43.831337844872465
E01000546,17.6,56.4,48.4,1640.0,29.51219512195122,10.731707317073171,34.39024390243902
E01000547,9.8,20.0,37.0,1656.0,22.342995169082123,5.917874396135266,12.077294685990339
E01000548,25.8,158.6,92.0,1984.0,46.37096774193549,13.004032258064516,79.93951612903226
E01000549,13.0,17.0,23.0,1813.0,12.686155543298401,7.170435741864313,9.376723662437948
E01000550,24.0,58.6,70.0,2021.0,34.636318654131614,11.875309252845126,28.995546759030184
E01000551,17.6,38.4,67.4,2894.0,23.289564616447826,6.081548030407741,13.26883206634416
E01000552,18.8,15.4,31.0,1512.0,20.502645502645503,12.433862433862434,10.185185185185187
E01000553,10.0,33.0,57.4,2040.0,28.137254901960784,4.901960784313726,16.176470588235297
E01000554,9.799999999999999,24.8,32.0,1970.0,16.243654822335028,4.974619289340101,12.588832487309645
E01000555,11.200000000000001,15.399999999999999,28.8,1586.0,18.15889029003783,7.0617906683480465,9.709962168978562
E01000556,21.0,53.599999999999994,91.4,2089.0,43.75299186213499,10.052656773575874,25.658209669698415
E01000557,12.4,19.200000000000003,37.0,1865.0,19.839142091152816,6.648793565683647,10.29490616621984
E01000558,20.8,25.2,34.599999999999994,1389.0,24.91000719942404,14.974802015838733,18.14254859611231
E01000559,9.6,39.8,34.2,1379.0,24.800580130529372,6.961566352429297,28.861493836113123
E01000560,14.8,18.4,24.8,1561.0,15.887251761691225,9.481101857783473,11.787315823190262
E01000561,13.600000000000001,28.799999999999997,36.4,1937.0,18.79194630872483,7.021166752710378,14.868353123386678
E01000562,5.0,4.4,16.0,1507.0,10.617120106171201,3.3178500331785004,2.9197080291970807
E01000563,5.4,5.8,20.0,1588.0,12.594458438287154,3.400503778337532,3.6523929471032743
E01000564,4.4,24.2,40.0,1624.0,24.630541871921185,2.7093596059113305,14.901477832512315
E01000565,5.2,9.8,34.2,1535.0,22.28013029315961,3.3876221498371337,6.384364820846906
E01000566,4.0,3.4,18.6,1550.0,12.0,2.5806451612903225,2.193548387096774
E01000567,5.0,7.2,15.6,1400.0,11.142857142857142,3.571428571428571,5.142857142857142
E01000568,11.2,82.2,230.4,2218.0,103.87736699729486,5.049594229035167,37.06041478809738
E01000569,3.0,5.3999999999999995,18.6,1456.0,12.774725274725276,2.0604395604395607,3.7087912087912085
E01000570,3.4,9.0,25.4,1546.0,16.429495472186286,2.1992238033635187,5.821474773609315
E01000571,5.4,12.6,48.0,1761.0,27.2572402044293,3.066439522998297,7.155025553662692
E01000572,3.0,5.8,13.8,1495.0,9.230769230769232,2.0066889632107023,3.8795986622073575
E01000573,2.8,5.0,21.4,1671.0,12.806702573309394,1.6756433273488927,2.9922202274087373
E01000574,3.6,4.8,18.4,1655.0,11.117824773413897,2.175226586102719,2.900302114803625
E01000575,8.0,60.2,38.8,2154.0,18.012999071494892,3.714020427112349,27.94800371402043
E01000576,6.6,11.8,27.0,1874.0,14.4076840981857,3.5218783351120595,6.296691568836713
E01000577,9.4,18.2,61.6,2585.0,23.829787234042556,3.6363636363636362,7.040618955512572
E01000578,13.2,60.0,92.8,2323.0,39.94834266035299,5.6823073611709,25.82866982350409
E01000579,8.4,15.400000000000002,24.2,1587.0,15.248897290485193,5.2930056710775055,9.70384373030876
E01000580,22.2,86.0,51.4,2086.0,24.64046021093001,10.642377756471717,41.22722914669223
E01000581,9.2,12.8,19.2,1513.0,12.690019828155982,6.080634500991407,8.460013218770655
E01000582,10.0,17.200000000000003,22.4,1851.0,12.101566720691517,5.4024851431658565,9.292274446245274
E01000583,23.599999999999998,56.2,60.599999999999994,2049.0,29.575402635431917,11.517813567593947,27.42801366520254
E01000584,6.0,12.599999999999998,16.2,1560.0,10.384615384615385,3.8461538461538463,8.076923076923075
E01000585,5.6000000000000005,10.2,13.6,1504.0,9.042553191489361,3.7234042553191493,6.781914893617021
E01000586,27.4,130.6,88.2,2380.0,37.05882352941177,11.512605042016805,54.87394957983193
E01000587,8.8,10.600000000000001,20.2,1625.0,12.43076923076923,5.415384615384617,6.523076923076924
E01000589,10.2,127.8,54.6,2551.0,21.403371226969817,3.9984319874558993,50.098000784006274
E01000590,9.0,5.6,18.6,1936.0,9.607438016528928,4.648760330578512,2.892561983471074
E01000591,8.2,124.8,60.4,2183.0,27.66834631241411,3.7562986715529085,57.169033440219884
E01000592,13.4,23.0,36.2,1831.0,19.770617149098854,7.318405243036593,12.561441835062807
E01000593,8.0,5.799999999999999,26.6,2121.0,12.541254125412541,3.7718057520037718,2.734559170202734
E01000594,12.600000000000001,32.0,39.8,1815.0,21.92837465564738,6.942148760330579,17.630853994490355
E01000595,6.4,16.0,58.0,1785.0,32.49299719887956,3.585434173669468,8.96358543417367
E01000596,7.6,15.0,53.0,1848.0,28.67965367965368,4.112554112554113,8.116883116883116
E01000599,14.4,21.2,46.599999999999994,1889.0,24.669137109581786,7.623080995235575,11.222869242985706
E01000601,16.0,311.8,129.0,1385.0,93.14079422382672,11.55234657039711,225.1263537906137
E01000602,5.6,16.6,45.6,1453.0,31.383344803854094,3.8540949759119063,11.42463867859601
E01000603,6.0,12.4,48.8,1446.0,33.748271092669434,4.149377593360996,8.575380359612726
E01000604,5.199999999999999,9.600000000000001,34.8,1736.0,20.046082949308754,2.995391705069124,5.529953917050692
E01000605,8.600000000000001,23.8,51.6,1762.0,29.28490351872872,4.880817253121453,13.507377979568671
E01000606,3.0,9.4,26.4,1872.0,14.1025641025641,1.6025641025641024,5.021367521367522
E01000607,2.8,7.800000000000001,33.2,2591.0,12.813585488228485,1.080663836356619,3.010420686993439
E01000608,9.6,70.4,94.19999999999999,2338.0,40.29084687767322,4.106073567151411,30.111206159110356
E01000609,4.4,7.000000000000001,36.6,2059.0,17.775619232637204,2.1369596891695,3.3997085964060227
E01000610,5.2,9.600000000000001,39.4,2186.0,18.023787740164682,2.378774016468436,4.391582799634036
E01000611,2.2,8.2,26.4,1928.0,13.692946058091286,1.141078838174274,4.253112033195021
E01000612,4.2,12.799999999999999,37.6,1766.0,21.291053227633068,2.3782559456398644,7.248018120045299
E01000613,1.4,12.6,35.6,1755.0,20.284900284900285,0.7977207977207976,7.17948717948718
E01000615,19.2,97.2,114.2,3191.0,35.788154183641495,6.016922594797869,30.460670636164213
E01000616,5.6,19.8,39.599999999999994,1939.0,20.42289840123775,2.8880866425992777,10.211449200618876
E01000617,10.6,44.6,56.4,2266.0,24.889673433362752,4.677846425419241,19.682259488084732
E01000618,4.4,7.8,32.4,1677.0,19.32021466905188,2.6237328562909963,4.651162790697675
E01000619,1.2,7.4,26.2,1696.0,15.44811320754717,0.7075471698113207,4.363207547169811
E01000620,6.2,20.0,38.6,1750.0,22.057142857142857,3.542857142857143,11.428571428571429
E01000621,6.8,22.8,47.4,1811.0,26.173384870237438,3.754831584759801,12.589729431253453
E01000622,5.8,10.200000000000001,40.599999999999994,1980.0,20.5050505050505,2.929292929292929,5.151515151515151
E01000623,10.6,54.6,22.6,1882.0,12.008501594048884,5.632306057385759,29.011689691817214
E01000624,6.0,6.2,22.2,1745.0,12.722063037249283,3.438395415472779,3.5530085959885387
E01000625,6.800000000000001,9.4,34.4,1672.0,20.574162679425836,4.066985645933015,5.622009569377991
E01000626,10.4,19.200000000000003,53.6,1547.0,34.647705235940535,6.722689075630252,12.411118293471235
E01000627,11.8,24.8,74.0,2048.0,36.1328125,5.76171875,12.109375
E01000628,14.399999999999999,46.8,85.6,1768.0,48.41628959276017,8.144796380090497,26.470588235294116
E01000629,8.4,14.0,29.0,1977.0,14.668689934243805,4.248861911987861,7.081436519979768
E01000630,13.0,152.6,100.4,2728.0,36.80351906158358,4.765395894428153,55.93841642228739
E01000631,1.4,18.6,83.2,2073.0,40.13506994693681,0.6753497346840328,8.972503617945007
E01000632,3.5999999999999996,55.199999999999996,54.0,2480.0,21.774193548387096,1.4516129032258063,22.25806451612903
E01000633,8.4,133.0,82.4,2616.0,31.498470948012233,3.211009174311927,50.84097859327217
E01000634,8.6,26.8,54.0,2642.0,20.43906131718395,3.255109765329296,10.143830431491295
E01000636,8.6,59.0,75.2,2599.0,28.934205463639863,3.3089649865332817,22.70103886110042
E01000637,3.8000000000000003,11.6,34.8,1508.0,23.076923076923073,2.519893899204244,7.692307692307692
E01000638,11.8,31.2,59.8,2141.0,27.930873423633813,5.511443250817375,14.572629612330687
E01000639,7.6000000000000005,13.0,30.4,1715.0,17.72594752186589,4.431486880466473,7.580174927113703
E01000640,10.4,61.0,89.0,2215.0,40.18058690744921,4.6952595936794586,27.53950338600451
E01000641,6.199999999999999,16.8,52.2,1951.0,26.755509994874426,3.1778575089697587,8.610968733982572
E01000642,24.6,149.0,99.0,2214.0,44.71544715447155,11.11111111111111,67.29900632339657
E01000643,16.0,43.0,89.0,2243.0,39.67900133749443,7.133303611234953,19.170753455193935
E01000644,8.8,29.4,56.0,1912.0,29.288702928870293,4.602510460251046,15.376569037656903
E01000645,5.8,7.6,17.8,1450.0,12.275862068965518,4.0,5.241379310344827
E01000646,7.2,31.6,20.2,1828.0,11.050328227571116,3.938730853391685,17.28665207877462
E01000647,4.0,5.4,25.4,1707.0,14.87990626830697,2.3432923257176332,3.163444639718805
E01000648,3.4,32.800000000000004,20.2,1888.0,10.69915254237288,1.8008474576271187,17.372881355932208
E01000649,6.8,7.800000000000001,14.0,2068.0,6.7698259187620895,3.2882011605415857,3.7717601547388786
E01000650,5.800000000000001,7.4,16.2,1805.0,8.975069252077562,3.213296398891967,4.0997229916897515
E01000651,5.2,5.6000000000000005,20.4,1681.0,12.135633551457465,3.093396787626413,3.331350386674599
E01000652,6.2,7.8,13.6,1711.0,7.948568088836938,3.6236119228521333,4.558737580362361
E01000653,7.8,3.4,17.2,1541.0,11.16158338741077,5.061648280337443,2.2063595068137576
E01000654,2.8,3.1999999999999997,19.8,1299.0,15.242494226327945,2.1555042340261736,2.463433410315627
E01000655,3.4,17.0,27.200000000000003,1328.0,20.481927710843376,2.560240963855422,12.801204819277109
E01000656,1.5999999999999999,6.2,20.6,1508.0,13.660477453580903,1.0610079575596816,4.111405835543766
E01000657,5.0,42.0,42.2,1573.0,26.827717736808648,3.178639542275906,26.70057215511761
E01000658,2.2,3.2,14.8,1330.0,11.12781954887218,1.6541353383458648,2.4060150375939853
E01000659,2.2,3.2,17.0,1464.0,11.612021857923498,1.5027322404371586,2.185792349726776
E01000661,13.200000000000001,29.8,116.0,2817.0,41.178558750443734,4.685835995740149,10.578629747958823
E01000662,7.2,18.0,30.4,1803.0,16.860787576261785,3.9933444259567388,9.983361064891847
E01000663,4.6000000000000005,9.4,37.0,1681.0,22.010707911957166,2.7364663890541348,5.591909577632362
E01000664,5.800000000000001,7.4,28.0,1663.0,16.837041491280818,3.487672880336741,4.44978953698136
E01000665,5.6000000000000005,15.999999999999998,31.6,1859.0,16.99838622915546,3.012372243141474,8.606777837547067
E01000666,5.2,13.799999999999999,24.2,1891.0,12.79746166049709,2.7498677948175567,7.297726070861977
E01000667,5.2,15.0,25.0,1659.0,15.069318866787222,3.134418324291742,9.041591320072333
E01000668,8.8,58.8,46.6,2222.0,20.97209720972097,3.9603960396039604,26.462646264626464
E01000669,7.800000000000001,15.4,19.0,1736.0,10.944700460829493,4.493087557603687,8.870967741935484
E01000670,8.2,12.799999999999999,25.0,1941.0,12.87995878413189,4.224626481195259,6.594538897475528
E01000671,11.399999999999999,23.8,58.6,2271.0,25.803610744165567,5.019815059445177,10.479964773227653
E01000672,5.0,12.8,13.2,1674.0,7.885304659498207,2.9868578255675033,7.6463560334528085
E01000673,6.2,6.4,16.6,1670.0,9.940119760479043,3.712574850299401,3.832335329341318
E01000674,7.0,10.8,36.6,1716.0,21.32867132867133,4.0792540792540795,6.293706293706294
E01000676,34.6,663.4000000000001,233.4,2033.0,114.80570585341859,17.019183472700444,326.3157894736843
E01000677,10.0,245.6,63.400000000000006,1902.0,33.333333333333336,5.257623554153523,129.12723449001052
E01000678,5.0,11.0,27.8,1850.0,15.027027027027028,2.7027027027027026,5.945945945945946
E01000679,2.8,8.0,18.799999999999997,1792.0,10.491071428571427,1.5624999999999998,4.464285714285714
E01000680,10.200000000000001,11.0,19.4,1642.0,11.814859926918391,6.211936662606577,6.699147381242387
E01000681,2.8,2.2,10.4,1755.0,5.9259259259259265,1.5954415954415953,1.2535612535612537
E01000682,5.4,95.2,12.0,1605.0,7.4766355140186915,3.364485981308411,59.31464174454828
E01000683,3.6,9.4,23.0,1705.0,13.489736070381232,2.1114369501466275,5.513196480938417
E01000684,5.4,3.4000000000000004,9.2,2092.0,4.3977055449330775,2.581261950286807,1.6252390057361379
E01000685,5.2,6.2,18.2,1627.0,11.186232329440687,3.1960663798401967,3.8106945298094654
E01000686,2.2,4.800000000000001,17.6,1494.0,11.780455153949132,1.4725568942436416,3.2128514056224904
E01000687,3.4,26.8,17.2,1565.0,10.990415335463258,2.1725239616613417,17.124600638977636
E01000688,4.6000000000000005,2.8000000000000003,7.8,1388.0,5.619596541786743,3.3141210374639773,2.017291066282421
E01000689,4.6,8.6,32.8,1636.0,20.048899755501218,2.811735941320293,5.256723716381418
E01000690,6.800000000000001,27.400000000000002,11.6,1391.0,8.339324227174695,4.888569374550683,19.698058950395403
E01000691,5.8,14.2,23.0,1535.0,14.98371335504886,3.778501628664495,9.250814332247558
E01000692,11.2,21.8,25.0,1670.0,14.970059880239521,6.706586826347305,13.053892215568862
E01000693,7.2,37.0,39.6,1511.0,26.207809397749834,4.765056254136334,24.487094639311717
E01000694,7.4,6.199999999999999,21.4,2298.0,9.312445604873803,3.2201914708442123,2.6979982593559613
E01000695,6.6,4.3999999999999995,13.200000000000001,1518.0,8.695652173913043,4.3478260869565215,2.8985507246376807
E01000696,6.6,10.6,32.4,1635.0,19.81651376146789,4.036697247706422,6.483180428134556
E01000697,6.6000000000000005,8.0,13.0,1784.0,7.286995515695067,3.6995515695067267,4.484304932735426
E01000698,8.0,4.4,17.799999999999997,1193.0,14.920368818105615,6.705783738474434,3.688181056160939
E01000699,5.6,31.6,32.8,1452.0,22.589531680440768,3.8567493112947657,21.76308539944904
E01000700,3.8000000000000003,4.2,20.6,1519.0,13.561553653719553,2.50164581961817,2.7649769585253456
E01000701,0.8,7.4,15.600000000000001,1440.0,10.833333333333334,0.5555555555555556,5.138888888888889
E01000702,3.6,5.8,12.2,1434.0,8.507670850767086,2.510460251046025,4.04463040446304
E01000703,10.2,38.6,27.0,1731.0,15.59792027729636,5.8925476603119575,22.29924898902369
E01000704,3.6,6.3999999999999995,19.4,1470.0,13.197278911564625,2.4489795918367347,4.353741496598639
E01000705,4.6000000000000005,20.400000000000002,27.0,1356.0,19.911504424778762,3.3923303834808265,15.04424778761062
E01000706,5.800000000000001,4.800000000000001,31.0,1375.0,22.545454545454547,4.218181818181819,3.490909090909091
E01000707,4.4,2.6,7.6,1509.0,5.036447978793903,2.91583830351226,1.7229953611663353
E01000708,4.8,8.799999999999999,18.2,1690.0,10.769230769230768,2.8402366863905324,5.207100591715975
E01000709,9.6,15.0,17.4,1372.0,12.682215743440231,6.997084548104956,10.932944606413994
E01000710,16.8,14.2,31.0,2359.0,13.141161509114031,7.12166172106825,6.019499788045781
E01000711,13.8,26.0,28.2,1880.0,15.0,7.340425531914894,13.829787234042552
E01000712,9.0,10.4,22.6,1794.0,12.597547380156078,5.016722408026756,5.797101449275362
E01000713,8.600000000000001,6.8,25.8,1849.0,13.953488372093023,4.651162790697676,3.6776636019469984
E01000714,22.0,157.0,125.80000000000001,2167.0,58.05260729118598,10.15228426395939,72.45039224734656
E01000715,8.8,7.2,18.8,1759.0,10.6878908470722,5.002842524161456,4.093234792495736
E01000716,8.6,9.799999999999999,15.2,1651.0,9.206541490006057,5.208964264082374,5.935796486977589
E01000717,8.0,6.4,15.0,1704.0,8.802816901408452,4.694835680751174,3.7558685446009394
E01000718,9.4,10.4,38.4,2057.0,18.66796305298979,4.569761789013126,5.055906660184736
E01000719,19.799999999999997,187.8,82.2,2116.0,38.8468809073724,9.35727788279773,88.75236294896031
E01000720,13.4,18.799999999999997,73.8,1802.0,40.95449500554939,7.436182019977803,10.432852386237512
E01000721,9.8,13.2,62.599999999999994,1604.0,39.02743142144638,6.109725685785537,8.229426433915211
E01000722,13.0,118.0,53.0,1848.0,28.67965367965368,7.034632034632035,63.85281385281385
E01000723,2.2,2.6,8.8,1241.0,7.0910556003223215,1.7727639000805804,2.0950846091861406
E01000724,12.8,9.6,57.599999999999994,1675.0,34.38805970149254,7.641791044776119,5.731343283582089
E01000725,16.2,17.6,44.2,1752.0,25.228310502283108,9.246575342465754,10.045662100456623
E01000726,4.800000000000001,3.4000000000000004,19.2,1304.0,14.723926380368098,3.680981595092025,2.607361963190184
E01000727,14.6,71.39999999999999,44.8,1691.0,26.49319929036073,8.633944411590775,42.223536369012415
E01000728,12.6,75.60000000000001,44.599999999999994,1627.0,27.412415488629374,7.744314689612784,46.465888137676714
E01000729,15.600000000000001,54.6,84.0,1959.0,42.87901990811638,7.963246554364473,27.871362940275652
E01000730,10.6,24.6,68.8,1808.0,38.05309734513274,5.8628318584070795,13.606194690265488
E01000731,4.8,6.2,28.0,1381.0,20.275162925416364,3.475742215785662,4.48950036205648
E01000732,5.0,3.8,11.6,1515.0,7.656765676567656,3.3003300330033003,2.508250825082508
E01000733,3.0,8.0,30.799999999999997,1670.0,18.443113772455085,1.7964071856287425,4.790419161676646
E01000734,2.1999999999999997,2.4,17.2,1388.0,12.391930835734868,1.5850144092219018,1.7291066282420748
E01000735,8.2,7.4,59.2,1548.0,38.24289405684755,5.297157622739018,4.780361757105943
E01000736,8.2,8.2,44.2,1636.0,27.01711491442543,5.012224938875304,5.012224938875304
E01000737,7.6,9.0,41.8,1404.0,29.77207977207977,5.413105413105413,6.41025641025641
E01000738,9.2,20.2,34.2,1688.0,20.260663507109005,5.450236966824645,11.966824644549764
E01000739,9.8,14.4,63.400000000000006,1677.0,37.805605247465714,5.84376863446631,8.586762075134168
E01000741,10.2,16.0,36.6,1819.0,20.12094557449148,5.607476635514018,8.796041781198461
E01000742,7.4,15.799999999999999,43.6,2119.0,20.57574327512978,3.492213308164229,7.456347333647947
E01000743,15.799999999999999,147.2,66.2,1867.0,35.457953936797004,8.462774504552758,78.8430637386181
E01000744,5.8,10.399999999999999,55.6,1559.0,35.66388710711995,3.720333547145606,6.670942912123155
E01000745,11.2,16.4,33.2,1883.0,17.631439192777485,5.947955390334572,8.709506107275622
E01000746,7.0,15.2,26.4,2021.0,13.062840178129639,3.463631865413162,7.52102919346858
E01000747,9.4,18.599999999999998,41.8,2029.0,20.60128141941843,4.632824051256777,9.167077378018726
E01000748,5.6,6.000000000000001,28.0,1687.0,16.597510373443985,3.3195020746887964,3.5566093657379967
E01000749,3.8,6.0,23.6,1652.0,14.285714285714286,2.3002421307506054,3.6319612590799033
E01000750,0.8,4.8,34.400000000000006,1456.0,23.626373626373628,0.5494505494505495,3.2967032967032965
E01000751,2.6,23.0,142.2,2264.0,62.80918727915194,1.1484098939929328,10.159010600706713
E01000752,4.0,12.600000000000001,21.0,1747.0,12.020606754436177,2.289639381797367,7.212364052661706
E01000753,3.8000000000000003,2.8000000000000003,12.6,1935.0,6.511627906976743,1.963824289405685,1.44702842377261
E01000754,6.0,21.4,20.6,1770.0,11.638418079096047,3.389830508474576,12.090395480225988
E01000755,3.5999999999999996,2.0,7.2,1640.0,4.390243902439025,2.195121951219512,1.2195121951219512
E01000756,6.2,61.60000000000001,42.2,1708.0,24.707259953161593,3.629976580796253,36.0655737704918
E01000757,1.7999999999999998,2.2,7.8,1571.0,4.964990451941438,1.1457670273711011,1.4003819223424572
E01000758,1.7999999999999998,2.6,9.0,1451.0,6.202618883528601,1.24052377670572,1.791867677463818
E01000759,1.4,4.2,16.8,1646.0,10.206561360874849,0.850546780072904,2.551640340218712
E01000760,8.4,20.4,23.6,1629.0,14.487415592387968,5.156537753222836,12.523020257826888
E01000761,2.8,4.6000000000000005,15.2,1545.0,9.838187702265373,1.8122977346278317,2.9773462783171523
E01000762,3.0,6.6,13.6,1748.0,7.780320366132723,1.7162471395881005,3.775743707093821
E01000763,2.8,8.0,13.0,1475.0,8.813559322033898,1.8983050847457625,5.423728813559323
E01000764,4.2,4.8,30.2,1817.0,16.62080352228949,2.3115024766097965,2.6417171161254815
E01000765,11.2,32.0,39.8,1786.0,22.284434490481523,6.270996640537514,17.91713325867861
E01000766,5.0,3.8,5.6,1815.0,3.0853994490358123,2.7548209366391188,2.09366391184573
E01000767,2.4,5.199999999999999,9.399999999999999,1631.0,5.763335377069282,1.471489883507051,3.188228080931943
E01000768,3.4,3.2,11.8,1502.0,7.8561917443408795,2.2636484687083884,2.130492676431425
E01000769,5.4,24.6,235.6,1389.0,169.61843052555795,3.8876889848812097,17.71058315334773
E01000770,11.4,29.200000000000003,24.799999999999997,1522.0,16.29434954007884,7.490144546649146,19.18528252299606
E01000771,6.4,10.8,20.4,1666.0,12.244897959183673,3.8415366146458587,6.482593037214887
E01000772,5.800000000000001,4.0,12.0,1580.0,7.594936708860759,3.6708860759493676,2.5316455696202533
E01000773,5.6000000000000005,3.6,5.4,1586.0,3.404791929382094,3.5308953341740232,2.269861286254729
E01000774,8.2,22.599999999999998,30.0,1504.0,19.9468085106383,5.452127659574467,15.02659574468085
E01000775,11.0,32.4,54.4,2284.0,23.81786339754816,4.816112084063048,14.185639229422065
E01000777,7.0,5.8,14.6,1631.0,8.951563458001226,4.291845493562231,3.5561005518087065
E01000778,5.2,26.2,34.4,1626.0,21.15621156211562,3.1980319803198034,16.113161131611317
E01000779,12.8,41.0,31.200000000000003,1400.0,22.28571428571429,9.142857142857144,29.285714285714285
E01000780,4.8,10.0,39.4,1612.0,24.44168734491315,2.977667493796526,6.20347394540943
E01000781,5.8,10.999999999999998,56.8,1572.0,36.1323155216285,3.6895674300254453,6.997455470737913
E01000782,10.4,23.2,77.2,1545.0,49.967637540453076,6.731391585760518,15.016181229773462
E01000783,5.4,6.3999999999999995,58.599999999999994,1624.0,36.08374384236453,3.3251231527093594,3.940886699507389
E01000784,3.2,3.4,12.4,1557.0,7.96403339755941,2.055234425176622,2.1836865767501603
E01000785,7.4,46.4,53.2,1577.0,33.734939759036145,4.692454026632848,29.422954977805958
E01000786,3.5999999999999996,37.4,26.0,1461.0,17.79603011635866,2.464065708418891,25.598904859685145
E01000787,3.8000000000000003,10.6,31.8,1482.0,21.45748987854251,2.5641025641025643,7.152496626180837
E01000788,8.8,8.0,27.6,1617.0,17.068645640074212,5.4421768707483,4.94743351886209
E01000789,6.0,12.4,71.0,1873.0,37.90710090763481,3.203416978109984,6.620395088093967
E01000790,27.2,232.2,132.6,2297.0,57.72747061384415,11.841532433609055,101.08837614279496
E01000791,7.6,4.4,14.8,1512.0,9.78835978835979,5.026455026455027,2.9100529100529102
E01000792,4.6,7.800000000000001,39.0,1509.0,25.84493041749503,3.0483764082173623,5.168986083499007
E01000793,5.0,2.8000000000000003,12.4,1560.0,7.948717948717949,3.205128205128205,1.7948717948717952
E01000794,3.0,1.8,9.6,1545.0,6.213592233009709,1.941747572815534,1.1650485436893205
E01000795,3.6,3.6,22.2,1385.0,16.028880866425993,2.5992779783393503,2.5992779783393503
E01000796,2.8000000000000003,15.2,59.0,1537.0,38.3864671437866,1.8217306441119065,9.88939492517892
E01000797,15.200000000000001,30.0,33.2,1654.0,20.07255139056832,9.189842805320435,18.13784764207981
E01000798,8.6,23.799999999999997,58.8,1527.0,38.506876227897834,5.631958087753765,15.586116568434838
E01000799,16.2,121.6,110.8,1803.0,61.45313366611203,8.985024958402661,67.44315030504714
E01000800,11.8,24.599999999999998,46.6,1665.0,27.98798798798799,7.087087087087087,14.774774774774773
E01000801,5.8,32.6,38.2,1514.0,25.23117569352708,3.830911492734478,21.532364597093792
E01000802,5.2,12.8,31.0,1848.0,16.774891774891778,2.8138528138528143,6.926406926406926
E01000803,6.0,11.8,27.2,1609.0,16.904909881914232,3.7290242386575514,7.333747669359851
E01000804,21.400000000000002,13.6,22.6,1470.0,15.374149659863946,14.557823129251702,9.251700680272108
E01000805,6.0,12.4,36.8,1696.0,21.69811320754717,3.5377358490566038,7.311320754716982
E01000806,12.200000000000001,78.0,56.8,1715.0,33.11953352769679,7.113702623906706,45.481049562682216
E01000807,12.399999999999999,43.2,38.0,1665.0,22.822822822822822,7.447447447447447,25.945945945945947
E01000808,3.4000000000000004,2.8000000000000003,9.399999999999999,1561.0,6.021780909673286,2.178090967328636,1.7937219730941707
E01000809,3.4,2.4000000000000004,7.6,1542.0,4.9286640726329445,2.204928664072633,1.5564202334630353
E01000810,4.2,4.0,11.2,1542.0,7.263294422827496,2.7237354085603114,2.594033722438392
E01000811,2.6,3.0,8.2,1367.0,5.998536942209217,1.9019751280175567,2.194586686174104
E01000812,7.0,7.000000000000001,22.4,1632.0,13.72549019607843,4.2892156862745106,4.2892156862745106
E01000813,3.8,37.2,14.0,1563.0,8.957133717210493,2.4312220089571333,23.800383877159312
E01000814,5.0,2.0,7.800000000000001,1521.0,5.128205128205129,3.287310979618672,1.314924391847469
E01000815,3.4000000000000004,3.5999999999999996,8.2,1510.0,5.43046357615894,2.2516556291390732,2.3841059602649004
E01000816,2.6,5.3999999999999995,24.2,1525.0,15.868852459016393,1.7049180327868854,3.5409836065573765
E01000818,6.2,3.0,13.2,1685.0,7.833827893175074,3.679525222551929,1.7804154302670623
E01000819,8.0,26.0,54.2,1850.0,29.2972972972973,4.324324324324325,14.054054054054054
E01000820,6.2,18.599999999999998,47.4,1611.0,29.422718808193668,3.848541278708877,11.545623836126628
E01000822,4.4,10.4,29.2,1632.0,17.892156862745097,2.696078431372549,6.372549019607843
E01000823,6.6000000000000005,14.4,25.8,1693.0,15.239220318960426,3.8984051978735974,8.50561134081512
E01000824,7.0,105.4,24.6,1402.0,17.546362339514978,4.9928673323823105,75.17831669044223
E01000825,5.4,15.2,30.2,1663.0,18.15995189416717,3.2471437161755863,9.140108238123872
E01000826,4.6,5.6000000000000005,8.8,1636.0,5.378973105134475,2.811735941320293,3.422982885085575
E01000827,3.2,15.799999999999999,17.4,1780.0,9.775280898876403,1.7977528089887642,8.876404494382022
E01000828,5.4,6.0,28.200000000000003,1701.0,16.57848324514991,3.1746031746031744,3.527336860670194
E01000829,2.5999999999999996,7.6,18.8,1769.0,10.627473148671566,1.4697569248162803,4.2962125494629735
E01000830,4.0,5.2,10.4,1625.0,6.4,2.4615384615384617,3.2
E01000831,3.5999999999999996,3.0,14.4,1702.0,8.46063454759107,2.115158636897767,1.7626321974148063
E01000832,4.4,7.0,11.4,1571.0,7.2565245066836415,2.8007638446849143,4.455760661998728
E01000833,1.6,2.8,10.4,1447.0,7.18728403593642,1.10573600552868,1.93503800967519
E01000834,2.0,10.8,4.8,1369.0,3.506208911614317,1.4609203798392987,7.888970051132214
E01000835,13.8,77.8,35.4,1757.0,20.14797951052931,7.854297097324986,44.280022766078545
E01000836,2.1999999999999997,2.0,5.6,1388.0,4.034582132564841,1.5850144092219018,1.440922190201729
E01000837,7.0,4.4,16.4,1566.0,10.472541507024264,4.469987228607918,2.8097062579821204
E01000838,2.0,3.6,13.2,1431.0,9.224318658280922,1.397624039133473,2.5157232704402515
E01000839,1.4000000000000001,2.2,9.6,1390.0,6.906474820143885,1.0071942446043167,1.5827338129496404
E01000840,2.2,4.800000000000001,14.6,1491.0,9.792085848423877,1.4755197853789406,3.2193158953722336
E01000841,7.4,12.399999999999999,10.8,1698.0,6.360424028268551,4.358068315665489,7.302709069493521
E01000842,9.8,17.6,16.4,1432.0,11.452513966480446,6.843575418994414,12.29050279329609
E01000843,10.0,21.0,17.6,1196.0,14.715719063545151,8.361204013377925,17.558528428093645
E01000844,9.4,31.799999999999997,18.6,1635.0,11.376146788990827,5.749235474006117,19.44954128440367
E01000845,14.2,91.8,33.2,1500.0,22.133333333333336,9.466666666666667,61.199999999999996
E01000846,6.2,19.6,28.6,1453.0,19.683413626978666,4.267033723331039,13.489332415691674
E01000847,12.2,33.0,31.0,1599.0,19.387116948092558,7.62976860537836,20.637898686679172
E01000848,9.8,30.8,19.2,1485.0,12.929292929292929,6.5993265993265995,20.74074074074074
E01000849,12.600000000000001,108.2,18.6,1362.0,13.65638766519824,9.251101321585905,79.44199706314244
E01000850,43.6,806.6,96.6,1424.0,67.83707865168539,30.617977528089888,566.4325842696629
E01000851,46.4,385.0,47.6,1479.0,32.18390804597701,31.372549019607842,260.3110209601082
E01000853,16.2,184.8,50.400000000000006,1405.0,35.87188612099645,11.530249110320284,131.53024911032028
E01000855,42.6,986.2,142.4,1310.0,108.70229007633588,32.51908396946565,752.824427480916
E01000856,19.2,131.8,88.0,1591.0,55.31112507856694,12.067881835323695,82.84098051539912
E01000857,5.4,24.4,14.8,1391.0,10.639827462257369,3.8820992092020132,17.541337167505393
E01000858,17.4,284.6,105.6,1932.0,54.6583850931677,9.006211180124224,147.30848861283647
E01000859,15.0,69.0,23.4,1462.0,16.00547195622435,10.259917920656635,47.19562243502052
E01000860,4.4,34.8,20.2,1120.0,18.035714285714285,3.928571428571429,31.07142857142857
E01000861,20.799999999999997,195.0,88.4,1366.0,64.71449487554905,15.226939970717421,142.75256222547583
E01000862,18.8,177.6,48.8,1685.0,28.96142433234421,11.15727002967359,105.4005934718101
E01000863,45.6,959.5999999999999,374.0,1476.0,253.38753387533873,30.89430894308943,650.1355013550135
E01000866,13.4,47.0,52.0,1950.0,26.666666666666668,6.871794871794872,24.102564102564102
E01000867,16.4,39.800000000000004,49.0,1736.0,28.225806451612904,9.44700460829493,22.926267281105993
E01000868,6.8,23.0,40.4,1746.0,23.138602520045815,3.8946162657502863,13.172966781214203
E01000869,12.6,31.200000000000003,43.6,1946.0,22.404933196300103,6.474820143884892,16.03288797533402
E01000870,8.8,43.0,46.4,1601.0,28.98188632104934,5.496564647095565,26.858213616489696
E01000871,14.2,46.199999999999996,26.799999999999997,1657.0,16.173808086904042,8.569704284852143,27.88171394085697
E01000872,19.8,59.2,66.8,1740.0,38.39080459770115,11.379310344827587,34.02298850574713
E01000873,8.4,12.600000000000001,28.6,1582.0,18.078381795195956,5.3097345132743365,7.964601769911506
E01000874,8.6,12.600000000000001,10.4,1480.0,7.027027027027027,5.8108108108108105,8.513513513513516
E01000875,9.2,17.4,31.0,1570.0,19.745222929936304,5.859872611464968,11.082802547770699
E01000876,11.0,17.4,43.0,1924.0,22.34927234927235,5.717255717255718,9.043659043659042
E01000877,11.0,14.2,19.2,1458.0,13.168724279835391,7.544581618655693,9.739368998628258
E01000878,18.6,11.2,20.0,1714.0,11.668611435239207,10.851808634772462,6.534422403733955
E01000879,10.600000000000001,42.0,17.4,1303.0,13.353798925556408,8.135072908672296,32.233307751343055
E01000880,10.2,9.399999999999999,13.0,1412.0,9.206798866855523,7.223796033994334,6.6572237960339935
E01000881,14.6,25.0,20.2,1386.0,14.574314574314574,10.533910533910534,18.037518037518037
E01000882,9.6,25.2,10.0,1452.0,6.887052341597796,6.6115702479338845,17.355371900826444
E01000883,19.0,95.19999999999999,31.200000000000003,1508.0,20.689655172413797,12.599469496021221,63.129973474801055
E01000884,10.6,7.199999999999999,10.8,1471.0,7.34194425560843,7.205982324949014,4.894629503738953
E01000885,12.2,5.0,8.0,1280.0,6.25,9.53125,3.90625
E01000886,7.2,20.4,17.6,1330.0,13.233082706766918,5.413533834586467,15.338345864661653
E01000887,8.8,37.0,29.4,1387.0,21.196827685652487,6.344628695025235,26.676279740447008
E01000888,8.6,18.2,29.0,1470.0,19.727891156462583,5.850340136054422,12.38095238095238
E01000889,9.2,15.600000000000001,43.6,1770.0,24.63276836158192,5.19774011299435,8.8135593220339
E01000890,15.8,19.2,44.4,1317.0,33.712984054669704,11.99696279422931,14.578587699316628
E01000891,15.4,32.4,57.8,1485.0,38.92255892255892,10.37037037037037,21.818181818181817
E01000892,15.6,26.4,26.4,1791.0,14.740368509212729,8.710217755443885,14.740368509212729
E01000893,6.800000000000001,18.6,16.0,1377.0,11.619462599854756,4.938271604938272,13.507625272331156
E01000894,9.6,37.2,17.6,1271.0,13.847364280094416,7.553107789142407,29.26829268292683
E01000895,14.4,164.20000000000002,31.8,1552.0,20.489690721649485,9.278350515463918,105.79896907216497
E01000896,11.4,56.6,16.0,1438.0,11.126564673157162,7.927677329624478,39.36022253129346
E01000897,10.2,22.0,9.4,1560.0,6.0256410256410255,6.538461538461538,14.102564102564102
E01000898,19.6,161.8,121.4,1586.0,76.54476670870113,12.35813366960908,102.01765447667088
E01000899,13.0,24.2,19.8,1560.0,12.692307692307692,8.333333333333334,15.512820512820511
E01000900,10.8,34.6,46.0,1692.0,27.18676122931442,6.382978723404256,20.449172576832154
E01000901,12.6,29.4,52.2,1971.0,26.484018264840184,6.39269406392694,14.91628614916286
E01000902,9.8,24.6,45.0,1414.0,31.824611032531827,6.930693069306931,17.3974540311174
E01000903,7.800000000000001,24.8,21.0,1411.0,14.883061658398299,5.527994330262226,17.576187101346562
E01000904,21.0,112.0,82.2,2066.0,39.787028073572124,10.164569215876089,54.211035818005804
E01000905,19.0,47.2,64.8,1874.0,34.57844183564568,10.138740661686231,25.18676627534685
E01000906,11.8,43.6,25.0,1445.0,17.301038062283737,8.166089965397925,30.173010380622838
E01000907,8.6,9.8,44.8,1483.0,30.209035738368172,5.799055967633175,6.608226567768038
E01000908,9.4,15.0,26.6,1523.0,17.46552856204859,6.172028890347998,9.848982271831911
E01000909,10.8,27.4,19.8,1549.0,12.782440284054228,6.972240154938671,17.688831504196255
E01000910,8.8,18.0,19.8,1340.0,14.776119402985074,6.567164179104478,13.432835820895523
E01000911,5.8,10.4,23.8,1438.0,16.55076495132128,4.033379694019471,7.232267037552156
E01000912,11.4,62.4,68.0,1587.0,42.848141146817895,7.183364839319471,39.31947069943289
E01000913,20.8,60.4,175.0,1603.0,109.1703056768559,12.975670617592016,37.67935121646912
E01000914,68.39999999999999,916.8,166.2,1419.0,117.12473572938688,48.2029598308668,646.0887949260042
E01000915,9.6,50.8,85.2,1530.0,55.68627450980392,6.2745098039215685,33.20261437908496
E01000916,46.8,264.2,81.0,1853.0,43.712898003237996,25.256341068537505,142.57960064759848
E01000917,13.6,95.4,52.8,1653.0,31.941923774954624,8.22746521476104,57.71324863883848
E01000918,56.199999999999996,658.8,135.2,1792.0,75.44642857142857,31.361607142857142,367.63392857142856
E01000919,64.4,1432.6,163.6,1440.0,113.61111111111111,44.72222222222223,994.8611111111111
E01000920,25.599999999999998,109.6,42.2,1623.0,26.001232285890328,15.773259396179913,67.52926678989525
E01000921,21.400000000000002,129.2,68.19999999999999,1875.0,36.37333333333333,11.413333333333334,68.90666666666665
E01000922,15.4,110.0,83.0,1920.0,43.229166666666664,8.020833333333332,57.291666666666664
E01000923,7.799999999999999,15.399999999999999,23.599999999999998,1447.0,16.30960608154803,5.390463026952315,10.642709053213546
E01000924,10.8,24.2,26.4,1569.0,16.826003824091778,6.8833652007648185,15.423836838750796
E01000925,7.2,13.2,27.799999999999997,1495.0,18.59531772575251,4.816053511705685,8.82943143812709
E01000926,7.2,21.4,31.6,1472.0,21.467391304347828,4.891304347826087,14.53804347826087
E01000927,13.6,64.8,48.8,1535.0,31.791530944625404,8.859934853420196,42.214983713355046
E01000928,13.799999999999999,116.19999999999999,63.199999999999996,1711.0,36.937463471654006,8.065458796025716,67.9135008766803
E01000929,18.6,19.4,52.4,1915.0,27.36292428198433,9.712793733681464,10.130548302872063
E01000930,35.0,223.79999999999998,121.0,2085.0,58.03357314148681,16.786570743405274,107.33812949640287
E01000931,31.0,239.60000000000002,124.80000000000001,2059.0,60.61194754735309,15.055852355512386,116.36716852841187
E01000932,12.2,17.8,31.4,1760.0,17.84090909090909,6.931818181818182,10.113636363636365
E01000933,19.2,136.4,58.4,1772.0,32.95711060948081,10.835214446952596,76.97516930022574
E01000934,16.0,18.4,31.2,1513.0,20.621282220753468,10.575016523463317,12.161269001982815
E01000935,9.8,19.4,33.4,1598.0,20.90112640801001,6.132665832290363,12.14017521902378
E01000937,6.4,70.4,20.6,1119.0,18.40929401251117,5.719392314566578,62.91331546023235
E01000938,25.0,156.20000000000002,111.6,1365.0,81.75824175824175,18.315018315018317,114.43223443223445
E01000939,16.8,174.6,88.6,1447.0,61.23013130615065,11.61022805805114,120.6634416033172
E01000941,7.8,43.4,32.199999999999996,1195.0,26.945606694560666,6.527196652719666,36.31799163179916
E01000942,13.8,233.0,42.2,1013.0,41.658440276406715,13.622902270483713,230.00987166831194
E01000943,19.8,133.79999999999998,38.8,1585.0,24.4794952681388,12.49211356466877,84.41640378548895
E01000944,5.4,19.4,31.6,1464.0,21.584699453551913,3.6885245901639347,13.251366120218579
E01000946,20.4,186.2,68.8,1551.0,44.35847840103159,13.152804642166343,120.05157962604771
E01000947,25.4,457.59999999999997,150.0,1665.0,90.09009009009009,15.255255255255255,274.83483483483485
E01000948,15.0,57.400000000000006,44.2,1531.0,28.870019595035927,9.797517962116263,37.49183540169824
E01000949,6.800000000000001,13.6,19.200000000000003,1600.0,12.000000000000002,4.25,8.5
E01000951,7.6,12.6,26.2,1539.0,17.024041585445094,4.938271604938271,8.187134502923977
E01000952,5.8,23.6,51.2,1691.0,30.27794204612655,3.4299231224127738,13.956238911886459
E01000954,6.6,22.0,40.2,1751.0,22.9583095374072,3.7692747001713305,12.564249000571102
E01000955,10.8,34.8,44.0,1348.0,32.640949554896146,8.011869436201781,25.816023738872403
E01000956,19.6,317.2,104.8,1505.0,69.63455149501661,13.023255813953488,210.7641196013289
E01000957,9.0,26.6,31.2,1320.0,23.636363636363637,6.8181818181818175,20.151515151515152
E01000958,29.2,154.0,144.6,2940.0,49.183673469387756,9.931972789115648,52.38095238095238
E01000959,8.8,27.799999999999997,53.0,1691.0,31.34240094618569,5.2040212891780016,16.439976345357774
E01000960,18.0,203.4,49.8,1867.0,26.673808248527045,9.6411355115158,108.94483128012855
E01000961,15.600000000000001,57.0,38.199999999999996,1791.0,21.328866554997205,8.710217755443887,31.825795644891123
E01000962,11.4,14.8,12.2,1543.0,7.906675307841867,7.3882047958522366,9.591704471808166
E01000963,12.600000000000001,141.2,75.6,1920.0,39.375,6.562500000000001,73.54166666666666
E01000964,14.6,18.6,20.4,1730.0,11.791907514450866,8.439306358381502,10.751445086705203
E01000965,16.200000000000003,20.8,26.2,1719.0,15.241419429901105,9.42408376963351,12.100058173356604
E01000966,10.4,9.4,8.0,1615.0,4.953560371517028,6.439628482972137,5.820433436532508
E01000967,9.4,28.6,19.6,1539.0,12.735542560103964,6.1078622482131255,18.583495776478234
E01000968,8.6,16.599999999999998,19.2,1469.0,13.070115724982982,5.85432266848196,11.300204220558202
E01000969,23.2,87.4,41.2,1830.0,22.513661202185794,12.6775956284153,47.75956284153006
E01000970,10.6,21.6,21.8,1408.0,15.482954545454547,7.528409090909091,15.340909090909092
E01000971,4.8,7.6,12.2,1323.0,9.221466364323506,3.6281179138321993,5.744520030234315
E01000972,26.0,251.39999999999998,76.4,1959.0,38.99948953547729,13.272077590607452,128.33078101071973
E01000973,33.0,116.60000000000001,75.2,2562.0,29.352068696330992,12.88056206088993,45.51131928181109
E01000974,12.2,28.799999999999997,47.2,1590.0,29.685534591194973,7.6729559748427665,18.113207547169807
E01000975,13.8,30.8,64.2,2345.0,27.377398720682304,5.884861407249468,13.134328358208956
E01000976,19.6,139.0,66.6,2140.0,31.121495327102803,9.158878504672897,64.95327102803739
E01000977,10.2,20.400000000000002,88.0,1943.0,45.29078744209985,5.249613998970664,10.499227997941329
E01000978,12.2,10.2,39.4,1731.0,22.761409589832468,7.047949162333911,5.8925476603119575
E01000979,13.0,39.8,40.4,1758.0,22.980659840728098,7.39476678043231,22.639362912400454
E01000980,5.0,8.6,35.2,1495.0,23.545150501672243,3.3444816053511706,5.752508361204013
E01000981,5.8,9.4,38.6,1730.0,22.3121387283237,3.352601156069364,5.433526011560693
E01000982,6.6,10.2,36.6,1684.0,21.733966745843233,3.9192399049881232,6.057007125890736
E01000983,10.0,15.6,31.4,1819.0,17.26223199560198,5.497526113249037,8.576140736668497
E01000984,7.8,17.6,44.0,1902.0,23.133543638275498,4.100946372239747,9.2534174553102
E01000985,6.8,5.0,22.0,1454.0,15.130674002751032,4.6767537826685,3.43878954607978
E01000986,9.8,57.2,44.400000000000006,1772.0,25.05643340857788,5.530474040632055,32.27990970654628
E01000987,2.6,12.8,19.6,1358.0,14.43298969072165,1.914580265095729,9.425625920471283
E01000989,3.2,5.6,17.4,1734.0,10.034602076124568,1.845444059976932,3.229527104959631
E01000990,4.8,12.2,44.2,1436.0,30.779944289693596,3.342618384401114,8.495821727019496
E01000991,2.8,7.0,17.6,1737.0,10.132412204951065,1.6119746689694876,4.029936672423719
E01000992,8.6,43.2,58.2,1876.0,31.023454157782517,4.584221748400853,23.027718550106613
E01000993,8.600000000000001,31.0,31.0,1652.0,18.765133171912833,5.205811138014529,18.765133171912833
E01000994,4.4,11.0,42.4,1591.0,26.64990571967316,2.7655562539283474,6.913890634820867
E01000995,4.0,35.0,46.8,1714.0,27.304550758459744,2.333722287047841,20.420070011668614
E01000996,2.6,5.6,18.4,1329.0,13.84499623777276,1.9563581640331074,4.213694507148232
E01000997,4.800000000000001,10.2,35.2,1499.0,23.48232154769847,3.2021347565043365,6.804536357571714
E01000998,6.2,21.2,59.6,1493.0,39.91962491627596,4.152712659075687,14.19959812458138
E01000999,3.4000000000000004,5.2,18.8,1324.0,14.19939577039275,2.56797583081571,3.92749244712991
E01001000,6.8,24.8,52.2,1338.0,39.01345291479821,5.082212257100149,18.53512705530643
E01001001,10.2,14.4,54.8,1410.0,38.86524822695035,7.234042553191489,10.212765957446807
E01001002,1.7999999999999998,6.800000000000001,28.0,1472.0,19.021739130434785,1.2228260869565215,4.619565217391305
E01001003,3.0,10.8,30.4,1588.0,19.143576826196472,1.889168765743073,6.801007556675064
E01001004,6.800000000000001,12.799999999999999,61.400000000000006,2180.0,28.1651376146789,3.119266055045872,5.871559633027522
E01001005,10.799999999999999,35.6,52.4,1733.0,30.236583958453547,6.231967686093479,20.542412002308136
E01001006,12.6,76.8,53.400000000000006,1790.0,29.832402234636874,7.039106145251397,42.90502793296089
E01001007,7.0,7.6,37.800000000000004,1984.0,19.05241935483871,3.528225806451613,3.8306451612903225
E01001008,7.0,17.8,59.599999999999994,1668.0,35.73141486810552,4.196642685851319,10.671462829736212
E01001009,4.800000000000001,14.799999999999999,49.4,2049.0,24.109321620302588,2.3426061493411425,7.223035627135188
E01001010,17.0,89.6,86.0,1700.0,50.58823529411765,10.0,52.705882352941174
E01001011,20.6,57.800000000000004,140.4,2311.0,60.75292081350065,8.913890090869753,25.010817827780183
E01001012,16.4,26.8,89.6,2097.0,42.72770624701955,7.8206962327133995,12.780162136385313
E01001013,24.6,272.0,221.2,2194.0,100.820419325433,11.21239744758432,123.97447584320875
E01001015,6.4,10.0,45.0,1493.0,30.14065639651708,4.286671131949096,6.697923643670462
E01001016,8.0,10.4,32.8,1758.0,18.657565415244594,4.550625711035267,5.915813424345847
E01001017,4.6,3.2,12.6,1649.0,7.640994542146755,2.789569436021831,1.9405700424499697
E01001018,4.4,7.8,16.8,1649.0,10.187992722862342,2.668283808368708,4.730139478471801
E01001019,1.7999999999999998,3.8000000000000003,16.2,1460.0,11.095890410958903,1.2328767123287672,2.6027397260273974
E01001020,3.8,8.6,29.2,1653.0,17.664851784634,2.2988505747126435,5.202661826981246
E01001021,4.6000000000000005,8.6,40.8,1357.0,30.06632277081798,3.3898305084745766,6.337509211495947
E01001022,3.1999999999999997,4.0,21.0,1482.0,14.17004048582996,2.1592442645074224,2.6990553306342777
E01001023,12.0,97.39999999999999,88.0,2597.0,33.885252214093185,4.620716211012707,37.50481324605313
E01001024,3.6,5.0,15.4,1340.0,11.492537313432836,2.6865671641791047,3.7313432835820897
E01001025,3.5999999999999996,4.2,9.6,1349.0,7.116382505559673,2.6686434395848773,3.1134173461823575
E01001026,4.4,6.2,18.6,1881.0,9.888357256778312,2.3391812865497075,3.29611908559277
E01001027,5.8,27.0,22.0,2910.0,7.560137457044673,1.993127147766323,9.278350515463918
E01001028,9.0,7.6000000000000005,21.4,1656.0,12.922705314009661,5.434782608695652,4.5893719806763285
E01001029,12.8,12.0,30.8,1719.0,17.9173938336242,7.446189645142525,6.980802792321117
E01001030,7.0,4.0,17.0,1454.0,11.691884456671252,4.814305364511692,2.751031636863824
E01001031,4.0,4.0,13.8,1456.0,9.47802197802198,2.7472527472527473,2.7472527472527473
E01001032,6.2,2.8,15.4,1556.0,9.897172236503856,3.984575835475578,1.799485861182519
E01001033,9.0,26.599999999999998,47.8,1669.0,28.6399041342121,5.392450569203115,15.937687237866985
E01001034,6.0,13.8,41.8,1612.0,25.930521091811414,3.7220843672456576,8.560794044665013
E01001035,5.6000000000000005,8.8,49.8,1860.0,26.774193548387096,3.0107526881720434,4.731182795698925
E01001036,8.2,9.4,22.799999999999997,1621.0,14.065391733497838,5.058605798889574,5.79888957433683
E01001037,10.6,62.400000000000006,47.6,1536.0,30.989583333333336,6.901041666666666,40.625
E01001038,5.6,8.0,43.0,1903.0,22.59590120861797,2.9427220178665263,4.20388859695218
E01001039,3.6,4.2,18.8,1569.0,11.982154238368388,2.294455066921606,2.676864244741874
E01001040,7.0,20.4,40.6,1721.0,23.59093550261476,4.067402672864613,11.853573503776873
E01001041,8.6,13.8,56.0,1730.0,32.36994219653179,4.971098265895954,7.976878612716765
E01001042,26.200000000000003,87.6,144.4,2172.0,66.48250460405157,12.062615101289136,40.331491712707184
E01001044,11.6,14.2,27.599999999999998,2081.0,13.262854396924554,5.57424315233061,6.823642479577126
E01001046,9.8,5.8,20.0,1926.0,10.384215991692628,5.088265835929388,3.011422637590862
E01001047,11.0,19.400000000000002,60.2,1734.0,34.71741637831603,6.343713956170704,11.188004613610152
E01001049,9.2,9.6,24.200000000000003,1440.0,16.805555555555557,6.388888888888888,6.666666666666666
E01001050,5.8,6.999999999999999,20.6,1715.0,12.011661807580175,3.381924198250729,4.081632653061224
E01001051,3.2,11.0,40.0,1604.0,24.93765586034913,1.9950124688279305,6.85785536159601
E01001052,2.8,7.8,40.4,1466.0,27.557980900409277,1.9099590723055933,5.320600272851296
E01001053,3.4000000000000004,5.0,38.0,1600.0,23.75,2.125,3.125
E01001054,6.0,10.0,52.2,1861.0,28.04943578721118,3.2240730789897905,5.37345513164965
E01001055,2.4,12.2,36.8,1568.0,23.469387755102037,1.530612244897959,7.780612244897958
E01001056,3.4,7.0,55.8,1808.0,30.862831858407077,1.8805309734513274,3.8716814159292037
E01001057,3.2,9.8,65.6,1791.0,36.62758235622557,1.786711334450028,5.471803461753211
E01001058,0.8,6.2,13.4,1355.0,9.889298892988931,0.5904059040590406,4.575645756457565
E01001059,3.2,5.4,22.6,1452.0,15.564738292011022,2.203856749311295,3.7190082644628104
E01001060,3.8,6.0,28.4,1618.0,17.552533992583434,2.3485784919653896,3.708281829419036
E01001061,4.8,8.0,42.8,1621.0,26.403454657618752,2.961135101789019,4.9352251696483656
E01001062,10.600000000000001,74.0,29.0,1511.0,19.192587690271345,7.015221707478492,48.974189278623435
E01001063,7.4,8.6,20.0,1535.0,13.029315960912053,4.82084690553746,5.602605863192182
E01001064,7.6000000000000005,17.599999999999998,32.0,1603.0,19.96257018091079,4.741110417966313,10.979413599500933
E01001065,9.200000000000001,52.6,29.4,1325.0,22.18867924528302,6.9433962264150955,39.69811320754717
E01001066,2.2,6.000000000000001,36.6,1453.0,25.1892635925671,1.5141087405368205,4.129387474191328
E01001067,8.2,4.8,10.6,1654.0,6.408706166868198,4.957678355501813,2.9020556227327687
E01001068,5.4,8.2,36.2,1836.0,19.716775599128542,2.9411764705882355,4.466230936819172
E01001069,4.800000000000001,4.6000000000000005,12.2,1369.0,8.91161431701972,3.506208911614318,3.3601168736303872
E01001070,6.4,11.0,27.6,1785.0,15.462184873949582,3.585434173669468,6.162464985994397
E01001071,3.6,10.6,18.0,1897.0,9.488666315234582,1.8977332630469164,5.58777016341592
E01001072,4.8,3.2,13.4,1482.0,9.041835357624832,3.2388663967611335,2.1592442645074224
E01001073,9.0,5.8,25.0,1439.0,17.373175816539263,6.254343293954135,4.0305767894371085
E01001074,7.6,12.0,46.800000000000004,1948.0,24.02464065708419,3.9014373716632442,6.160164271047228
E01001075,6.4,71.0,25.6,1629.0,15.715162676488644,3.928790669122161,43.585021485573975
E01001076,16.8,85.80000000000001,87.4,1667.0,52.429514097180565,10.077984403119377,51.46970605878825
E01001077,2.4,5.0,19.4,1332.0,14.564564564564563,1.8018018018018018,3.7537537537537538
E01001078,5.4,31.8,48.2,1448.0,33.28729281767956,3.7292817679558015,21.96132596685083
E01001079,8.399999999999999,7.800000000000001,49.199999999999996,1614.0,30.483271375464682,5.20446096654275,4.83271375464684
E01001080,8.0,12.0,57.6,1481.0,38.89264010803512,5.401755570560432,8.102633355840648
E01001081,7.2,13.0,55.599999999999994,1473.0,37.74609640190088,4.887983706720978,8.825526137135098
E01001082,6.2,11.0,40.2,1551.0,25.918762088974855,3.9974210186976147,7.092198581560283
E01001083,6.4,8.0,22.8,1615.0,14.11764705882353,3.9628482972136223,4.953560371517028
E01001084,6.6,17.0,37.0,1931.0,19.16105644743656,3.4179181771103053,8.803728638011393
E01001085,10.6,38.2,51.2,1709.0,29.959040374488005,6.202457577530719,22.352252779403162
E01001086,7.0,10.0,31.6,1731.0,18.255343731946855,4.043905257076834,5.7770075101097635
E01001087,17.6,55.4,105.4,2829.0,37.25698126546483,6.221279604100389,19.582891481088723
E01001088,1.4,6.0,24.0,1679.0,14.294222751637879,0.8338296605122096,3.5735556879094696
E01001089,17.599999999999998,191.4,53.800000000000004,1786.0,30.123180291153417,9.854423292273234,107.16685330347146
E01001090,4.800000000000001,15.799999999999999,42.4,2276.0,18.629173989455182,2.1089630931458703,6.942003514938488
E01001091,11.4,10.0,26.4,1575.0,16.761904761904763,7.238095238095238,6.349206349206349
E01001092,14.0,16.2,42.8,1933.0,22.14174857734092,7.242628039317124,8.380755302638384
E01001093,8.6,8.8,32.599999999999994,1793.0,18.181818181818176,4.796430563301729,4.9079754601226995
E01001094,11.2,8.2,25.2,1644.0,15.328467153284672,6.8126520681265195,4.987834549878345
E01001095,7.8,16.2,35.4,1530.0,23.137254901960784,5.098039215686275,10.588235294117647
E01001096,6.8,2.4,11.6,1478.0,7.848443843031123,4.600811907983762,1.6238159675236805
E01001097,32.0,147.6,143.0,2389.0,59.85768103809125,13.394725826705734,61.7831728756802
E01001098,5.0,5.2,11.8,1470.0,8.02721088435374,3.401360544217687,3.5374149659863945
E01001099,4.2,7.2,29.6,1581.0,18.722327640733713,2.656546489563567,4.554079696394687
E01001100,3.8,5.2,15.399999999999999,1512.0,10.185185185185185,2.5132275132275135,3.439153439153439
E01001101,3.8,1.0,11.6,1431.0,8.106219426974143,2.655485674353599,0.6988120195667366
E01001102,6.0,8.0,17.4,1516.0,11.477572559366754,3.95778364116095,5.277044854881266
E01001103,5.8,14.200000000000001,12.0,1633.0,7.348438456827924,3.5517452541334964,8.695652173913043
E01001104,6.4,5.3999999999999995,18.6,1674.0,11.11111111111111,3.8231780167264042,3.2258064516129026
E01001105,7.799999999999999,4.800000000000001,23.4,1737.0,13.471502590673573,4.490500863557858,2.7633851468048363
E01001106,2.6,9.6,33.8,1503.0,22.488356620093146,1.7298735861610113,6.387225548902196
E01001107,6.2,6.0,12.399999999999999,1667.0,7.438512297540491,3.719256148770246,3.599280143971206
E01001108,4.8,4.8,13.600000000000001,1786.0,7.614781634938411,2.6875699888017914,2.6875699888017914
E01001109,21.6,31.400000000000002,85.6,2350.0,36.42553191489362,9.191489361702128,13.361702127659575
E01001110,14.4,30.2,79.0,2148.0,36.77839851024209,6.70391061452514,14.059590316573555
E01001111,7.3999999999999995,47.800000000000004,60.2,1752.0,34.36073059360731,4.223744292237442,27.28310502283105
E01001112,7.0,13.8,47.4,2017.0,23.500247892910263,3.4705007436787305,6.841844323252355
E01001113,9.0,21.400000000000002,58.8,2006.0,29.312063808574276,4.48654037886341,10.66799601196411
E01001114,10.6,19.0,60.8,1510.0,40.264900662251655,7.019867549668874,12.582781456953644
E01001115,7.4,21.2,63.0,1820.0,34.61538461538462,4.065934065934066,11.648351648351648
E01001116,12.2,50.2,73.4,1525.0,48.13114754098361,8.0,32.91803278688524
E01001118,16.2,42.4,138.2,2153.0,64.18950301904319,7.524384579656293,19.693450998606593
E01001119,2.0,1.8,6.8,1439.0,4.72550382209868,1.389854065323141,1.250868658790827
E01001120,3.0,21.0,20.2,1347.0,14.996288047512992,2.2271714922048997,15.590200445434299
E01001121,5.2,2.8,11.0,1324.0,8.308157099697885,3.92749244712991,2.1148036253776437
E01001122,8.399999999999999,7.0,12.0,1440.0,8.333333333333334,5.833333333333333,4.861111111111112
E01001123,6.8,5.0,11.8,1617.0,7.297464440321584,4.205318491032776,3.0921459492888066
E01001124,4.4,2.6,9.200000000000001,1566.0,5.87484035759898,2.8097062579821204,1.6602809706257984
E01001125,8.0,34.8,44.8,1645.0,27.23404255319149,4.863221884498481,21.15501519756839
E01001126,3.0,3.6,11.0,1417.0,7.762879322512351,2.117148906139732,2.5405786873676783
E01001127,3.8,5.2,19.4,1627.0,11.92378610940381,2.3355869698832206,3.1960663798401967
E01001128,1.6,9.399999999999999,39.4,1602.0,24.594257178526842,0.9987515605493134,5.867665418227215
E01001129,4.8,4.3999999999999995,11.0,1392.0,7.902298850574714,3.4482758620689653,3.1609195402298846
E01001130,2.0,9.200000000000001,52.8,1764.0,29.931972789115644,1.1337868480725624,5.215419501133787
E01001131,1.6,7.2,20.4,1571.0,12.985359643539146,1.0184595798854232,4.5830681094844055
E01001132,5.0,52.99999999999999,26.4,1619.0,16.30636195182211,3.0883261272390365,32.73625694873378
E01001133,7.0,6.6,16.799999999999997,1586.0,10.592686002522067,4.4136191677175285,4.161412358133669
E01001134,4.4,6.2,18.799999999999997,1612.0,11.662531017369727,2.7295285359801493,3.8461538461538463
E01001135,8.4,29.199999999999996,22.8,1679.0,13.579511614055985,5.002977963073258,17.391304347826082
E01001136,18.4,115.80000000000001,115.6,2039.0,56.69445806768023,9.024031387935262,56.79254536537519
E01001137,8.2,15.8,71.6,2131.0,33.5992491787893,3.847958704833411,7.414359455654623
E01001138,5.2,8.0,27.200000000000003,1514.0,17.965653896961694,3.4346103038309117,5.284015852047556
E01001139,3.4,10.4,30.6,1699.0,18.010594467333725,2.0011771630370805,6.121247792819306
E01001140,6.4,8.8,21.8,1630.0,13.374233128834355,3.92638036809816,5.39877300613497
E01001141,3.6,7.0,25.2,1274.0,19.78021978021978,2.8257456828885403,5.4945054945054945
E01001142,7.800000000000001,24.8,40.8,1923.0,21.216848673946956,4.05616224648986,12.896515860634425
E01001143,5.0,13.6,45.6,1934.0,23.57807652533609,2.5853154084798344,7.0320579110651495
E01001144,6.8,14.6,50.8,1758.0,28.896473265073944,3.868031854379977,8.304891922639362
E01001145,10.4,25.2,82.2,1827.0,44.99178981937603,5.6923918992884515,13.793103448275861
E01001146,4.8,10.0,35.0,1530.0,22.87581699346405,3.1372549019607843,6.5359477124183005
E01001147,7.8,13.999999999999998,51.599999999999994,1782.0,28.956228956228955,4.377104377104377,7.856341189674522
E01001148,5.4,14.2,42.199999999999996,1762.0,23.950056753688987,3.0646992054483544,8.059023836549375
E01001149,2.8,5.0,26.4,1587.0,16.6351606805293,1.7643352236925014,3.15059861373661
E01001150,4.0,13.4,38.8,1704.0,22.769953051643192,2.347417840375587,7.863849765258215
E01001151,7.2,17.599999999999998,61.4,1750.0,35.08571428571428,4.114285714285715,10.057142857142857
E01001152,10.600000000000001,26.6,77.8,2062.0,37.73035887487876,5.140640155189137,12.900096993210475
E01001153,4.6,13.0,50.0,1632.0,30.637254901960784,2.818627450980392,7.965686274509803
E01001154,7.800000000000001,33.4,77.0,1961.0,39.26568077511474,3.977562468128506,17.032126466088727
E01001155,13.6,85.39999999999999,130.8,1794.0,72.90969899665554,7.58082497212932,47.60312151616499
E01001156,4.800000000000001,12.200000000000001,31.0,1772.0,17.494356659142213,2.7088036117381495,6.884875846501129
E01001157,6.6,16.2,49.0,1852.0,26.457883369330453,3.5637149028077753,8.74730021598272
E01001158,5.4,7.2,25.2,1534.0,16.427640156453716,3.5202086049543677,4.69361147327249
E01001159,7.2,12.6,37.0,1944.0,19.032921810699587,3.7037037037037037,6.481481481481481
E01001160,4.8,37.6,44.6,1947.0,22.9070364663585,2.465331278890601,19.31176168464304
E01001161,4.2,9.0,48.599999999999994,1739.0,27.947096032202413,2.4151811385853943,5.175388154111558
E01001162,6.6,17.0,44.0,1813.0,24.269167126309984,3.6403750689464975,9.376723662437948
E01001163,6.8,14.799999999999999,31.6,1975.0,16.0,3.4430379746835444,7.4936708860759484
E01001164,20.4,60.0,90.8,1981.0,45.83543664815749,10.297829379101463,30.287733467945483
E01001165,9.799999999999999,12.999999999999998,53.8,1847.0,29.128316188413642,5.305901461829994,7.038440714672441
E01001166,9.0,18.0,65.0,1968.0,33.02845528455285,4.573170731707317,9.146341463414634
E01001167,16.2,142.8,67.6,2325.0,29.0752688172043,6.96774193548387,61.41935483870968
E01001168,9.4,19.2,46.8,1817.0,25.756741882223444,5.173362685745735,10.566868464501926
E01001169,6.6,7.3999999999999995,52.2,1831.0,28.509011469142546,3.6045876570180226,4.041507373020207
E01001170,16.2,15.4,69.4,1940.0,35.77319587628866,8.350515463917525,7.938144329896907
E01001171,11.399999999999999,11.200000000000001,42.8,1758.0,24.34584755403868,6.484641638225255,6.370875995449374
E01001172,15.0,65.60000000000001,116.19999999999999,2202.0,52.77020890099909,6.8119891008174385,29.791099000908268
E01001173,9.4,14.999999999999998,67.8,2740.0,24.744525547445257,3.4306569343065694,5.474452554744525
E01001174,5.0,7.2,31.2,1691.0,18.450620934358366,2.9568302779420463,4.257835600236547
E01001175,5.199999999999999,14.399999999999999,48.0,1639.0,29.286150091519218,3.172666259914582,8.785845027455766
E01001176,10.2,28.4,61.2,1847.0,33.1348132106118,5.5224688684353005,15.37628586897672
E01001177,11.600000000000001,29.2,58.2,1649.0,35.294117647058826,7.034566403881141,17.707701637355974
E01001178,15.2,74.6,252.00000000000003,1626.0,154.98154981549817,9.348093480934809,45.87945879458794
E01001179,9.6,4.2,31.2,1664.0,18.75,5.769230769230768,2.5240384615384617
E01001180,8.200000000000001,13.799999999999999,43.0,1980.0,21.71717171717172,4.141414141414142,6.96969696969697
E01001181,21.0,34.0,109.0,2190.0,49.7716894977169,9.589041095890412,15.525114155251142
E01001182,8.0,11.2,33.4,1358.0,24.594992636229748,5.89101620029455,8.247422680412372
E01001183,11.4,124.39999999999999,101.80000000000001,1821.0,55.903349807797916,6.260296540362439,68.31411312465679
E01001184,4.0,6.2,32.4,1299.0,24.942263279445726,3.079291762894534,4.772902232486528
E01001185,6.4,17.6,39.0,1702.0,22.914218566392478,3.760282021151587,10.340775558166863
E01001186,7.2,14.2,58.599999999999994,1683.0,34.81877599524658,4.278074866310161,8.43731431966726
E01001187,8.2,12.6,41.2,1985.0,20.755667506297232,4.130982367758186,6.347607052896725
E01001188,7.4,20.0,51.0,1959.0,26.033690658499236,3.7774374680959677,10.209290454313425
E01001189,2.1999999999999997,7.2,24.2,1218.0,19.868637110016422,1.8062397372742198,5.9113300492610845
E01001190,5.4,10.4,27.200000000000003,1552.0,17.52577319587629,3.479381443298969,6.701030927835052
E01001191,12.0,73.8,87.0,2072.0,41.988416988416986,5.7915057915057915,35.61776061776062
E01001192,7.2,17.2,45.2,1585.0,28.51735015772871,4.542586750788644,10.85173501577287
E01001193,3.6,11.600000000000001,52.400000000000006,1682.0,31.153388822829967,2.140309155766944,6.8965517241379315
E01001194,3.2,11.799999999999999,39.4,1615.0,24.396284829721363,1.9814241486068112,7.306501547987615
E01001195,14.8,10.4,31.2,1824.0,17.105263157894736,8.1140350877193,5.701754385964913
E01001196,10.6,30.0,53.2,1617.0,32.900432900432904,6.555349412492269,18.55287569573284
E01001197,7.199999999999999,12.2,29.200000000000003,1854.0,15.74973031283711,3.8834951456310676,6.580366774541531
E01001198,2.6,9.8,17.4,1561.0,11.146700832799487,1.6655989750160156,6.278026905829597
E01001199,5.800000000000001,29.4,36.8,1663.0,22.128683102826216,3.487672880336741,17.67889356584486
E01001200,6.0,20.2,27.2,1594.0,17.063989962358843,3.764115432873275,12.672521957340024
E01001201,3.0,9.799999999999999,25.599999999999998,1595.0,16.050156739811914,1.8808777429467085,6.144200626959248
E01001202,22.0,186.0,112.2,2502.0,44.84412470023981,8.792965627498,74.34052757793765
E01001203,7.0,36.6,51.599999999999994,1688.0,30.568720379146917,4.146919431279621,21.682464454976305
E01001204,5.2,4.800000000000001,20.0,1614.0,12.391573729863694,3.22180916976456,2.9739776951672865
E01001205,5.0,7.199999999999999,30.0,1781.0,16.844469399213924,2.807411566535654,4.042672655811342
E01001206,7.8,10.4,58.400000000000006,1578.0,37.00887198986059,4.94296577946768,6.590621039290241
E01001207,5.0,12.8,31.0,1762.0,17.593643586833142,2.837684449489217,7.264472190692395
E01001208,7.6,6.199999999999999,16.4,1360.0,12.058823529411764,5.588235294117647,4.5588235294117645
E01001209,7.2,24.4,28.8,1683.0,17.112299465240643,4.278074866310161,14.497920380273321
E01001210,8.4,12.4,56.8,1888.0,30.08474576271186,4.4491525423728815,6.567796610169492
E01001211,6.0,7.4,22.6,1737.0,13.010938399539436,3.454231433506045,4.260218767990788
E01001212,2.4,7.800000000000001,19.2,1767.0,10.865874363327674,1.3582342954159592,4.414261460101868
E01001213,7.4,11.4,45.8,2010.0,22.786069651741293,3.681592039800995,5.6716417910447765
E01001214,4.0,6.0,32.2,1745.0,18.45272206303725,2.292263610315186,3.438395415472779
E01001215,9.8,40.2,80.8,2057.0,39.28050559066602,4.7642197374817705,19.54302382109869
E01001216,4.4,6.799999999999999,29.8,1751.0,17.018846373500857,2.5128498001142208,3.8834951456310676
E01001217,3.4000000000000004,4.4,30.0,1450.0,20.689655172413794,2.344827586206897,3.03448275862069
E01001218,7.0,15.2,64.4,2057.0,31.30772970345163,3.403014098201264,7.3894020418084585
E01001219,9.8,16.4,71.6,2195.0,32.619589977220954,4.464692482915718,7.471526195899771
E01001220,4.4,20.0,54.6,1514.0,36.06340819022457,2.906208718626156,13.21003963011889
E01001223,9.4,6.199999999999999,24.0,1454.0,16.506189821182943,6.464924346629986,4.2640990371389265
E01001224,6.3999999999999995,6.4,13.6,1560.0,8.717948717948717,4.102564102564102,4.102564102564102
E01001225,14.399999999999999,118.4,81.6,1811.0,45.05797901711761,7.951408061844285,65.37824406405302
E01001226,8.0,8.4,16.4,1513.0,10.8393919365499,5.287508261731658,5.551883674818241
E01001227,4.2,6.199999999999999,20.6,1521.0,13.54372123602893,2.7613412228796843,4.076265614727153
E01001228,12.0,19.599999999999998,33.0,1834.0,17.993456924754636,6.543075245365322,10.687022900763358
E01001229,5.4,6.0,33.8,1518.0,22.266139657444004,3.557312252964427,3.952569169960474
E01001230,7.6,18.2,36.8,1370.0,26.861313868613138,5.547445255474452,13.284671532846714
E01001231,13.200000000000001,32.0,32.0,2045.0,15.647921760391197,6.45476772616137,15.647921760391197
E01001232,5.6,6.8,35.4,1558.0,22.721437740693194,3.5943517329910137,4.364569961489089
E01001233,8.2,45.0,30.2,1444.0,20.914127423822713,5.678670360110803,31.163434903047094
E01001234,10.8,39.0,31.4,1370.0,22.91970802919708,7.883211678832117,28.467153284671532
E01001235,14.200000000000001,23.6,44.4,1775.0,25.014084507042256,8.0,13.295774647887326
E01001236,8.8,12.000000000000002,15.2,1476.0,10.298102981029809,5.962059620596206,8.130081300813009
E01001237,7.3999999999999995,16.8,26.799999999999997,1563.0,17.146513115802943,4.73448496481126,10.748560460652591
E01001239,7.6000000000000005,15.8,38.0,1481.0,25.65833896016205,5.1316677920324105,10.668467251856853
E01001240,9.4,20.2,56.2,1825.0,30.794520547945204,5.1506849315068495,11.068493150684931
E01001241,12.799999999999999,32.199999999999996,60.8,1855.0,32.77628032345013,6.900269541778975,17.358490566037734
E01001242,12.8,9.0,24.2,1624.0,14.901477832512315,7.881773399014779,5.541871921182266
E01001243,20.8,30.400000000000002,61.6,2388.0,25.79564489112228,8.710217755443885,12.730318257956451
E01001244,9.8,24.4,57.0,2792.0,20.41547277936963,3.5100286532951293,8.739255014326647
E01001245,10.4,61.6,38.0,2170.0,17.51152073732719,4.792626728110599,28.38709677419355
E01001246,30.2,42.2,82.8,1827.0,45.320197044334975,16.529830322933773,23.097974822112754
E01001247,32.0,194.60000000000002,162.8,2269.0,71.74966945791097,14.103129131776113,85.76465403261349
E01001248,7.0,12.6,33.0,1593.0,20.715630885122412,4.394224733207784,7.909604519774011
E01001249,23.0,111.2,111.0,2436.0,45.566502463054185,9.441707717569788,45.64860426929392
E01001250,14.4,27.8,80.0,2181.0,36.68042182485098,6.6024759284731775,12.746446584135716
E01001251,7.0,19.0,38.0,1809.0,21.006080707573247,3.869541182974019,10.503040353786623
E01001252,18.2,69.0,98.8,2466.0,40.06488240064882,7.380373073803731,27.980535279805352
E01001253,6.6,15.2,37.4,2128.0,17.57518796992481,3.101503759398496,7.142857142857142
E01001254,5.8,9.6,32.0,1747.0,18.317115054378935,3.3199771036061816,5.495134516313681
E01001255,3.2,5.8,16.2,1589.0,10.195091252359974,2.013845185651353,3.6500943989930774
E01001257,9.6,12.600000000000001,80.6,2233.0,36.0949395432154,4.299149126735333,5.6426332288401255
E01001258,7.199999999999999,6.800000000000001,29.799999999999997,1874.0,15.90181430096051,3.8420490928495195,3.628601921024547
E01001259,3.8,9.8,37.2,1599.0,23.26454033771107,2.3764853033145714,6.128830519074422
E01001260,10.4,13.999999999999998,38.0,2039.0,18.63658656204022,5.100539480137322,6.866110838646394
E01001261,18.8,154.2,150.6,2319.0,64.94178525226391,8.106942647692971,66.49417852522639
E01001262,7.2,8.6,40.4,1620.0,24.938271604938272,4.444444444444445,5.308641975308642
E01001263,7.6,14.4,70.4,1947.0,36.15819209039548,3.9034411915767846,7.395993836671803
E01001264,8.0,6.3999999999999995,38.0,1821.0,20.86765513454146,4.393190554640308,3.5145524437122457
E01001265,7.6,13.8,33.0,1723.0,19.152640742890306,4.410911201392919,8.009286128845037
E01001266,7.0,87.80000000000001,46.4,1833.0,25.313693398799778,3.8188761593016913,47.899618112384076
E01001267,13.8,31.599999999999998,52.6,2034.0,25.860373647984268,6.784660766961653,15.535889872173057
E01001268,7.2,6.4,31.0,1963.0,15.792154865002548,3.6678553234844626,3.2603158430973
E01001269,4.8,21.2,41.6,2272.0,18.309859154929576,2.112676056338028,9.330985915492958
E01001270,3.2,8.4,30.6,1760.0,17.386363636363637,1.8181818181818181,4.772727272727273
E01001271,7.0,18.8,62.8,1920.0,32.708333333333336,3.6458333333333335,9.791666666666668
E01001272,9.6,42.4,64.4,1720.0,37.44186046511628,5.5813953488372094,24.651162790697676
E01001273,9.6,12.8,25.6,1675.0,15.283582089552239,5.731343283582089,7.641791044776119
E01001274,6.8,9.2,15.2,1611.0,9.435133457479825,4.2209807572936064,5.710738671632526
E01001275,13.2,12.2,38.4,1800.0,21.333333333333332,7.333333333333333,6.777777777777778
E01001276,9.8,20.6,59.4,1778.0,33.40832395950506,5.511811023622048,11.586051743532058
E01001277,14.2,27.200000000000003,60.0,2041.0,29.39735423811857,6.957373836354728,13.326800587947087
E01001278,18.4,42.4,68.4,2081.0,32.86881307063911,8.841902931283036,20.374819798173952
E01001279,6.8,3.4000000000000004,12.4,1492.0,8.310991957104557,4.557640750670241,2.278820375335121
E01001280,8.6,7.2,19.2,1816.0,10.572687224669604,4.73568281938326,3.9647577092511015
E01001281,6.8,5.4,12.0,1573.0,7.628734901462174,4.322949777495232,3.4329307056579785
E01001282,5.4,7.6000000000000005,29.4,1619.0,18.159357628165534,3.3353922174181596,4.694255713403336
E01001283,8.0,11.4,60.199999999999996,1781.0,33.801235261089275,4.491858506457047,6.400898371701292
E01001284,6.2,6.8,26.2,1720.0,15.232558139534884,3.604651162790698,3.9534883720930227
E01001285,8.4,18.6,50.6,1769.0,28.603730921424535,4.748445449406445,10.514414923685699
E01001286,5.6,7.6,33.4,1669.0,20.011983223487118,3.3553025763930497,4.553624925104853
E01001287,3.0,2.6,19.4,1618.0,11.99011124845488,1.854140914709518,1.6069221260815822
E01001288,4.6,9.8,24.2,1476.0,16.395663956639567,3.116531165311653,6.639566395663957
E01001289,4.6,6.6,28.200000000000003,1337.0,21.091997008227377,3.44053851907255,4.93642483171279
E01001290,6.8,18.2,34.0,2050.0,16.585365853658537,3.317073170731707,8.878048780487804
E01001291,5.0,7.3999999999999995,33.8,1762.0,19.182746878547103,2.837684449489217,4.199772985244041
E01001292,4.4,5.000000000000001,31.4,1675.0,18.746268656716417,2.626865671641791,2.9850746268656723
E01001293,4.6,7.800000000000001,30.8,1827.0,16.858237547892724,2.517788724685276,4.269293924466339
E01001294,8.2,9.0,51.2,2029.0,25.23410547067521,4.0413997042878265,4.435682602267127
E01001295,4.0,6.8,34.2,1795.0,19.05292479108635,2.2284122562674096,3.7883008356545957
E01001296,4.2,6.199999999999999,27.6,1439.0,19.17998610145935,2.9186935371785965,4.308547602501737
E01001297,5.4,13.399999999999999,50.0,1836.0,27.233115468409586,2.9411764705882355,7.298474945533768
E01001298,5.2,13.8,39.8,2110.0,18.86255924170616,2.4644549763033177,6.540284360189574
E01001299,6.0,18.2,15.8,1755.0,9.002849002849002,3.4188034188034186,10.37037037037037
E01001300,4.6,9.6,19.4,1615.0,12.012383900928791,2.848297213622291,5.944272445820433
E01001301,10.0,22.4,36.4,1886.0,19.30010604453871,5.302226935312832,11.876988335100743
E01001302,4.4,12.200000000000001,18.0,1602.0,11.235955056179774,2.7465667915106122,7.615480649188515
E01001303,9.4,30.2,22.4,1725.0,12.985507246376812,5.449275362318841,17.507246376811594
E01001304,8.6,13.8,24.6,1658.0,14.837153196622438,5.186972255729795,8.323281061519904
E01001305,5.2,3.8000000000000003,10.6,1728.0,6.1342592592592595,3.009259259259259,2.1990740740740744
E01001306,5.199999999999999,7.6000000000000005,14.399999999999999,1637.0,8.796579108124618,3.176542455711667,4.642638973732438
E01001307,8.0,13.0,37.2,1883.0,19.75570897503983,4.248539564524695,6.903876792352628
E01001308,7.800000000000001,7.6,27.2,1941.0,14.013395157135497,4.01854714064915,3.9155074703760944
E01001309,8.2,6.0,41.4,1857.0,22.294022617124394,4.415724286483575,3.2310177705977385
E01001310,12.8,146.4,28.8,2142.0,13.445378151260504,5.975723622782446,68.34733893557424
E01001311,5.4,10.399999999999999,61.0,2518.0,24.225575853852263,2.144559173947578,4.130262112787927
E01001312,8.799999999999999,25.6,35.8,1968.0,18.191056910569102,4.471544715447154,13.008130081300813
E01001313,6.6,5.4,21.6,1725.0,12.521739130434783,3.826086956521739,3.130434782608696
E01001314,4.2,8.2,25.799999999999997,1525.0,16.918032786885245,2.754098360655738,5.377049180327868
E01001315,5.4,9.600000000000001,32.8,1467.0,22.358554873892295,3.680981595092025,6.5439672801636
E01001316,6.8,11.6,43.599999999999994,1726.0,25.260718424101967,3.9397450753186556,6.720741599073001
E01001317,6.3999999999999995,13.000000000000002,61.0,2181.0,27.968821641448876,2.9344337459880787,5.960568546538286
E01001318,6.0,17.2,51.2,1949.0,26.269881990764496,3.078501795792714,8.825038481272447
E01001319,3.4000000000000004,3.6000000000000005,20.0,1549.0,12.911555842479018,2.1949644932214336,2.3240800516462237
E01001320,5.6,11.799999999999999,50.400000000000006,1623.0,31.053604436229207,3.4504004929143557,7.270486752926678
E01001321,9.0,13.6,52.2,2263.0,23.066725585505967,3.977021652673442,6.009721608484313
E01001322,10.6,47.8,49.0,2071.0,23.660067600193145,5.1183003380009655,23.080637373249637
E01001323,14.2,53.6,73.0,2015.0,36.22828784119107,7.0471464019851116,26.60049627791563
E01001324,4.6000000000000005,10.0,55.4,1663.0,33.3132892363199,2.7660853878532774,6.013229104028864
E01001325,6.800000000000001,13.4,37.0,1983.0,18.658598083711546,3.4291477559253662,6.75743822491175
E01001326,7.4,31.4,66.4,1960.0,33.87755102040817,3.7755102040816326,16.020408163265305
E01001327,10.6,41.2,56.0,1896.0,29.535864978902953,5.590717299578059,21.729957805907176
E01001328,8.4,38.8,71.2,1823.0,39.056500274273176,4.607789358200768,21.283598464070213
E01001329,2.6,7.6,33.0,1963.0,16.811003565970452,1.3245033112582782,3.8716250636780436
E01001330,9.6,14.2,65.8,1858.0,35.414424111948335,5.166846071044134,7.642626480086114
E01001331,4.8,6.3999999999999995,43.6,1796.0,24.27616926503341,2.6726057906458798,3.5634743875278394
E01001332,4.0,10.8,38.8,1594.0,24.341279799247175,2.509410288582183,6.775407779171895
E01001333,24.6,40.400000000000006,110.0,2465.0,44.62474645030426,9.979716024340773,16.389452332657203
E01001334,7.6,9.6,44.0,1667.0,26.394721055788843,4.559088182363527,5.758848230353929
E01001335,12.4,9.2,33.8,1800.0,18.777777777777775,6.888888888888889,5.111111111111111
E01001336,12.2,12.4,34.8,1841.0,18.902770233568713,6.6268332428028245,6.735469853340576
E01001337,15.0,67.4,139.39999999999998,2123.0,65.66179934055582,7.06547338671691,31.74752708431465
E01001338,14.799999999999999,30.8,69.4,1867.0,37.1719335832887,7.927155865024103,16.497054097482593
E01001339,8.0,26.400000000000002,69.4,2184.0,31.77655677655678,3.663003663003663,12.087912087912088
E01001340,6.0,10.799999999999999,206.60000000000002,1564.0,132.09718670076728,3.8363171355498724,6.905370843989769
E01001341,4.2,15.6,41.4,1792.0,23.10267857142857,2.34375,8.705357142857142
E01001342,4.8,8.6,32.8,1896.0,17.29957805907173,2.5316455696202533,4.5358649789029535
E01001343,5.4,10.000000000000002,33.800000000000004,1439.0,23.488533703961085,3.752605976372481,6.949270326615706
E01001344,14.0,16.4,66.4,2289.0,29.008300567933595,6.116207951070336,7.164700742682394
E01001345,4.4,8.4,37.6,1758.0,21.38794084186576,2.502844141069397,4.778156996587032
E01001346,8.4,9.2,40.8,1958.0,20.83758937691522,4.290091930541369,4.698672114402451
E01001347,16.8,73.8,75.19999999999999,1972.0,38.1338742393509,8.519269776876268,37.42393509127788
E01001348,10.8,99.8,65.6,1672.0,39.23444976076554,6.45933014354067,59.688995215311
E01001349,6.0,8.0,36.6,1411.0,25.93905031892275,4.252303330970943,5.669737774627924
E01001350,6.2,6.4,16.2,1439.0,11.257817929117442,4.308547602501737,4.447533009034052
E01001351,13.399999999999999,55.4,139.8,1972.0,70.89249492900609,6.795131845841784,28.093306288032455
E01001352,11.2,30.799999999999997,33.2,1584.0,20.959595959595962,7.07070707070707,19.444444444444443
E01001353,9.4,13.4,29.0,1415.0,20.49469964664311,6.6431095406360425,9.469964664310954
E01001354,9.6,159.0,47.2,2056.0,22.957198443579767,4.669260700389105,77.33463035019456
E01001355,8.4,30.0,60.6,1957.0,30.96576392437404,4.292284108329075,15.329586101175268
E01001356,9.0,13.200000000000001,47.2,1495.0,31.571906354515054,6.020066889632107,8.82943143812709
E01001357,21.4,44.0,42.2,2750.0,15.345454545454546,7.781818181818181,16.0
E01001358,19.6,29.0,40.400000000000006,1990.0,20.301507537688444,9.84924623115578,14.57286432160804
E01001359,12.0,55.4,85.8,2464.0,34.82142857142857,4.87012987012987,22.483766233766236
E01001360,5.6,16.0,51.6,2213.0,23.31676457297786,2.5305015815634886,7.230004518752825
E01001361,32.4,448.59999999999997,255.8,2276.0,112.39015817223199,14.235500878734621,197.10017574692444
E01001362,20.8,66.4,106.8,2624.0,40.701219512195124,7.926829268292683,25.30487804878049
E01001363,3.4,10.200000000000001,37.0,1994.0,18.55566700100301,1.7051153460381143,5.115346038114344
E01001364,4.4,12.200000000000001,54.2,1834.0,29.55288985823337,2.399127589967285,6.652126499454744
E01001365,9.399999999999999,14.600000000000001,73.80000000000001,2577.0,28.63795110593714,3.6476523088863013,5.665502522312767
E01001366,5.8,11.6,58.4,2050.0,28.48780487804878,2.8292682926829267,5.658536585365853
E01001367,26.2,197.0,138.0,2710.0,50.92250922509225,9.66789667896679,72.69372693726937
E01001368,4.199999999999999,9.599999999999998,59.8,1764.0,33.90022675736961,2.380952380952381,5.442176870748298
E01001369,11.8,31.200000000000003,77.0,2064.0,37.30620155038759,5.717054263565891,15.116279069767444
E01001370,12.600000000000001,19.6,54.2,2172.0,24.95395948434623,5.801104972375691,9.023941068139964
E01001371,12.2,21.8,82.2,2309.0,35.59982676483326,5.283672585534863,9.441316587267215
E01001372,10.2,14.6,65.4,2555.0,25.59686888454012,3.9921722113502938,5.714285714285714
E01001373,8.6,19.0,53.4,2078.0,25.69778633301251,4.138594802694899,9.143407122232915
E01001374,5.3999999999999995,9.0,20.2,1945.0,10.38560411311054,2.776349614395887,4.627249357326479
E01001375,5.0,9.0,15.6,1698.0,9.187279151943462,2.944640753828033,5.30035335689046
E01001376,7.6,13.799999999999999,42.8,1707.0,25.073227885178675,4.452255418863503,8.084358523725834
E01001377,7.6,7.8,12.6,1637.0,7.697006719609041,4.642638973732437,4.7648136835675015
E01001379,4.2,6.2,16.4,1736.0,9.44700460829493,2.4193548387096775,3.571428571428571
E01001380,4.2,10.4,23.2,2306.0,10.060711188204683,1.8213356461405033,4.509973980919341
E01001381,14.6,43.6,59.4,1877.0,31.646244006393182,7.778369738945125,23.228556206712838
E01001382,4.0,5.3999999999999995,12.2,1481.0,8.23767724510466,2.700877785280216,3.646185010128291
E01001383,3.0,9.4,13.8,1755.0,7.863247863247864,1.7094017094017093,5.356125356125356
E01001384,6.8,22.0,24.4,1748.0,13.958810068649885,3.8901601830663615,12.585812356979405
E01001385,7.8,7.199999999999999,22.4,1678.0,13.349225268176399,4.648390941597139,4.290822407628128
E01001386,7.2,19.6,24.4,1798.0,13.570634037819799,4.004449388209121,10.901001112347052
E01001387,9.2,25.0,51.0,1535.0,33.22475570032573,5.993485342019544,16.286644951140065
E01001388,11.600000000000001,29.4,74.2,1445.0,51.34948096885814,8.027681660899654,20.346020761245672
E01001389,13.6,145.0,77.6,1827.0,42.47400109469075,7.443897099069512,79.36507936507937
E01001390,3.0,6.4,22.0,1817.0,12.107870115575125,1.6510731975784259,3.522289488167309
E01001391,7.4,10.8,41.400000000000006,1781.0,23.24536777091522,4.154969118472769,6.064008983717013
E01001392,4.6,3.6,18.8,1866.0,10.07502679528403,2.4651661307609856,1.929260450160772
E01001393,10.6,14.2,28.2,1970.0,14.31472081218274,5.380710659898478,7.208121827411167
E01001394,7.800000000000001,14.8,46.2,1997.0,23.13470205307962,3.9058587881822735,7.4111166750125195
E01001395,5.4,8.4,35.0,1633.0,21.432945499081445,3.3067973055725663,5.143906919779547
E01001396,5.2,12.2,28.6,1461.0,19.575633127994525,3.5592060232717317,8.350444900752908
E01001397,10.200000000000001,14.0,58.400000000000006,2164.0,26.987060998151577,4.713493530499076,6.469500924214418
E01001398,6.0,9.799999999999999,17.2,1341.0,12.826249067859806,4.47427293064877,7.307979120059656
E01001399,9.2,7.6000000000000005,18.8,1482.0,12.685560053981106,6.207827260458839,5.128205128205129
E01001400,11.4,10.8,21.4,1562.0,13.700384122919333,7.298335467349552,6.9142125480153656
E01001401,3.4000000000000004,5.2,14.0,1389.0,10.079193664506839,2.447804175665947,3.7437005039596833
E01001402,16.2,15.399999999999999,20.6,1852.0,11.123110151187905,8.74730021598272,8.315334773218142
E01001403,8.4,12.799999999999999,38.2,1705.0,22.40469208211144,4.926686217008798,7.50733137829912
E01001404,7.0,7.4,25.6,1480.0,17.2972972972973,4.72972972972973,5.0
E01001405,12.8,10.0,17.6,1802.0,9.766925638179801,7.103218645948946,5.549389567147614
E01001406,16.8,97.4,45.4,1658.0,27.38238841978287,10.132689987937274,58.74547647768396
E01001407,12.600000000000001,13.8,40.4,1593.0,25.360954174513495,7.909604519774013,8.662900188323919
E01001408,8.4,15.200000000000001,29.200000000000003,1670.0,17.485029940119762,5.02994011976048,9.10179640718563
E01001409,8.8,11.399999999999999,49.800000000000004,2034.0,24.483775811209444,4.3264503441494595,5.604719764011798
E01001410,9.399999999999999,14.4,72.4,2188.0,33.089579524680076,4.29616087751371,6.581352833638026
E01001411,7.800000000000001,42.4,46.0,1903.0,24.17235943247504,4.098791382028377,22.280609563846557
E01001412,30.2,25.8,79.8,1756.0,45.44419134396355,17.198177676537586,14.69248291571754
E01001413,10.2,6.6000000000000005,22.200000000000003,1635.0,13.577981651376149,6.238532110091743,4.036697247706423
E01001414,6.0,9.6,46.599999999999994,1673.0,27.85415421398685,3.5863717872086074,5.738194859533771
E01001415,24.8,73.0,39.0,2051.0,19.01511457825451,12.091662603607997,35.59239395416869
E01001416,7.0,6.2,10.6,1726.0,6.1413673232908454,4.055619930475086,3.5921205098493627
E01001417,15.0,16.599999999999998,26.6,1887.0,14.096449390567038,7.949125596184419,8.797032326444091
E01001418,10.8,11.0,32.0,1740.0,18.39080459770115,6.206896551724139,6.32183908045977
E01001419,14.0,25.799999999999997,31.2,1973.0,15.813482007095793,7.095793208312215,13.076533198175365
E01001420,6.2,6.0,30.0,1783.0,16.82557487380819,3.477285473920359,3.3651149747616373
E01001421,5.0,6.0,25.2,1672.0,15.07177033492823,2.9904306220095696,3.5885167464114835
E01001422,12.4,8.0,22.8,1677.0,13.595706618962435,7.3941562313655345,4.770423375074538
E01001423,9.200000000000001,17.2,55.6,1731.0,32.12016175621028,5.314846909300982,9.936452917388792
E01001424,4.0,10.399999999999999,31.0,1227.0,25.26487367563162,3.2599837000814995,8.475957620211899
E01001425,15.2,53.199999999999996,109.0,2023.0,53.88037567968364,7.513593672763222,26.297577854671278
E01001426,13.4,20.6,79.4,1822.0,43.57848518111965,7.3545554335894625,11.306256860592756
E01001427,22.4,42.2,82.0,1744.0,47.018348623853214,12.844036697247706,24.19724770642202
E01001428,12.0,16.2,41.6,1723.0,24.143934997098086,6.964596633778294,9.402205455600697
E01001429,34.199999999999996,412.2,240.2,2328.0,103.1786941580756,14.690721649484534,177.06185567010309
E01001430,10.6,13.0,46.599999999999994,2013.0,23.14952806756085,5.265772478887233,6.458022851465475
E01001431,10.399999999999999,14.8,51.2,1786.0,28.66741321388578,5.823068309070548,8.286674132138858
E01001432,14.8,37.400000000000006,72.0,1867.0,38.5645420460632,7.927155865024103,20.032137118371725
E01001433,9.6,22.799999999999997,55.8,1822.0,30.62568605927552,5.26893523600439,12.513721185510427
E01001434,13.0,13.799999999999999,38.4,1591.0,24.13576367064739,8.170961659333752,8.673790069138905
E01001435,8.0,7.0,23.8,1517.0,15.688859591298618,5.273566249176005,4.614370468029005
E01001436,14.0,14.0,46.6,1933.0,24.107604759441287,7.242628039317124,7.242628039317124
E01001437,30.0,58.599999999999994,109.8,2275.0,48.26373626373626,13.186813186813186,25.758241758241756
E01001438,14.4,22.8,55.599999999999994,1676.0,33.17422434367542,8.591885441527447,13.60381861575179
E01001439,21.8,125.6,106.8,2131.0,50.11731581417175,10.22993899577663,58.939465039887374
E01001440,11.0,21.8,44.0,1677.0,26.23732856290996,6.55933214072749,12.999403697078115
E01001441,10.0,38.4,74.2,1646.0,45.078979343863914,6.075334143377886,23.32928311057108
E01001442,8.4,29.0,66.6,1732.0,38.4526558891455,4.849884526558892,16.74364896073903
E01001444,10.799999999999999,22.6,51.4,1908.0,26.939203354297693,5.660377358490566,11.844863731656186
E01001445,21.8,30.400000000000002,97.2,2799.0,34.726688102893895,7.788495891389783,10.86102179349768
E01001446,10.6,15.200000000000001,42.2,1858.0,22.712594187298173,5.705059203444564,8.180839612486544
E01001447,10.0,19.0,71.0,1991.0,35.66047212456052,5.022601707684581,9.542943244600702
E01001448,8.0,13.6,54.6,1982.0,27.547931382441977,4.036326942482341,6.86175580221998
E01001449,6.0,10.200000000000001,36.6,1643.0,22.276323797930615,3.6518563603164944,6.208155812538041
E01001450,28.0,295.6,112.4,2378.0,47.266610597140456,11.774600504625736,124.30613961312028
E01001451,9.4,54.4,24.0,1664.0,14.423076923076923,5.649038461538462,32.69230769230769
E01001452,6.2,3.8,12.0,1373.0,8.73998543335761,4.515659140568099,2.7676620538965766
E01001453,9.0,3.6000000000000005,7.3999999999999995,1660.0,4.457831325301204,5.421686746987952,2.168674698795181
E01001454,5.199999999999999,5.4,13.0,1701.0,7.642563198118753,3.057025279247501,3.1746031746031744
E01001455,8.0,6.2,17.8,1456.0,12.225274725274724,5.4945054945054945,4.258241758241759
E01001456,5.6000000000000005,8.8,8.4,1396.0,6.017191977077364,4.011461318051577,6.303724928366763
E01001457,9.0,20.0,27.2,1813.0,15.002757859900717,4.964147821290678,11.031439602868174
E01001458,8.4,21.200000000000003,57.400000000000006,1786.0,32.13885778275476,4.703247480403135,11.870100783874582
E01001459,11.4,10.799999999999999,43.6,1720.0,25.348837209302328,6.627906976744186,6.27906976744186
E01001460,10.2,17.0,71.8,2113.0,33.98012304779933,4.827259820160909,8.045433033601515
E01001461,13.0,29.799999999999997,71.0,1576.0,45.0507614213198,8.248730964467006,18.908629441624367
E01001462,6.8,14.0,39.8,1455.0,27.353951890034363,4.673539518900344,9.621993127147768
E01001463,6.4,8.2,20.8,1560.0,13.333333333333334,4.102564102564102,5.256410256410256
E01001464,5.6000000000000005,7.6000000000000005,36.4,1315.0,27.680608365019012,4.258555133079848,5.779467680608366
E01001465,9.0,18.6,57.400000000000006,1561.0,36.771300448430495,5.7655349135169764,11.915438821268419
E01001466,4.4,10.0,38.400000000000006,1996.0,19.238476953907817,2.204408817635271,5.01002004008016
E01001467,4.0,11.0,44.4,1999.0,22.211105552776388,2.0010005002501248,5.5027513756878434
E01001468,8.4,27.2,217.2,1416.0,153.38983050847457,5.932203389830509,19.209039548022595
E01001469,5.8,3.8,32.4,1767.0,18.33616298811545,3.2823995472552348,2.150537634408602
E01001470,11.799999999999999,13.6,23.4,1649.0,14.190418435415403,7.155852031534263,8.247422680412372
E01001471,7.4,11.6,21.4,1908.0,11.215932914046121,3.878406708595388,6.079664570230608
E01001472,8.8,15.200000000000001,23.8,1653.0,14.398064125831821,5.323653962492439,9.195402298850574
E01001473,5.800000000000001,5.199999999999999,26.6,1596.0,16.666666666666668,3.634085213032582,3.258145363408521
E01001474,8.2,10.0,18.2,1898.0,9.58904109589041,4.3203371970495255,5.268703898840885
E01001475,5.6,4.2,14.2,1803.0,7.875762617859123,3.105934553521908,2.329450915141431
E01001476,9.799999999999999,19.4,48.8,1751.0,27.8697886921759,5.596801827527127,11.079383209594518
E01001477,13.0,16.599999999999998,55.8,1979.0,28.196058615462356,6.568974229408792,8.388074785245072
E01001478,10.0,9.399999999999999,26.0,1658.0,15.681544028950542,6.031363088057901,5.669481302774426
E01001479,12.0,35.4,60.400000000000006,1793.0,33.68655883993307,6.692693809258227,19.743446737311768
E01001480,8.6,13.2,43.8,1588.0,27.581863979848862,5.415617128463476,8.312342569269521
E01001481,6.4,12.799999999999999,34.2,1796.0,19.042316258351896,3.56347438752784,7.126948775055679
E01001482,9.4,12.8,49.0,1923.0,25.48101924076963,4.888195527821113,6.656266250650026
E01001483,12.600000000000001,16.200000000000003,54.800000000000004,1187.0,46.16680707666386,10.614995787700087,13.64785172704297
E01001484,8.4,21.799999999999997,34.4,1414.0,24.328147100424328,5.9405940594059405,15.417256011315414
E01001485,12.4,26.200000000000003,53.8,1858.0,28.955866523143165,6.673842841765339,14.101184068891282
E01001486,11.8,19.2,78.4,2148.0,36.49906890130354,5.493482309124768,8.938547486033519
E01001487,8.8,17.2,54.6,1941.0,28.12982998454405,4.533745492014426,8.861411643482741
E01001488,6.2,16.2,50.0,1979.0,25.265285497726122,3.1328954017180397,8.185952501263264
E01001489,11.0,18.8,53.4,1888.0,28.283898305084744,5.826271186440678,9.95762711864407
E01001491,13.2,28.0,78.80000000000001,1950.0,40.410256410256416,6.769230769230768,14.35897435897436
E01001492,12.8,13.0,51.199999999999996,2038.0,25.12266928361138,6.280667320902846,6.378802747791953
E01001493,6.4,9.6,27.599999999999998,1911.0,14.44270015698587,3.3490319204604924,5.023547880690738
E01001494,8.4,7.0,22.6,1477.0,15.301286391333786,5.687203791469195,4.739336492890995
E01001495,10.0,15.399999999999999,42.8,1846.0,23.185265438786562,5.417118093174431,8.342361863488623
E01001496,9.4,11.0,21.8,1901.0,11.467648605996843,4.944765912677538,5.78642819568648
E01001497,6.6,5.0,28.6,1457.0,19.629375428963627,4.529855868222374,3.431708991077557
E01001498,23.4,118.2,71.6,1837.0,38.97659227000544,12.738160043549264,64.34403919433859
E01001499,12.799999999999999,9.8,31.0,1540.0,20.12987012987013,8.311688311688311,6.363636363636364
E01001500,8.4,17.0,31.6,1589.0,19.88672120830711,5.286343612334802,10.698552548772813
E01001501,20.0,188.2,65.0,2220.0,29.27927927927928,9.00900900900901,84.77477477477477
E01001502,15.0,54.0,57.0,1954.0,29.17093142272262,7.676560900716479,27.635619242579324
E01001503,11.8,17.2,48.6,1888.0,25.741525423728813,6.25,9.110169491525424
E01001504,6.0,12.399999999999999,39.6,2139.0,18.513323983169705,2.805049088359046,5.797101449275361
E01001505,6.6000000000000005,27.2,56.8,1959.0,28.994384890250124,3.3690658499234307,13.884635017866259
E01001507,27.0,138.0,149.8,2583.0,57.994579945799465,10.452961672473869,53.426248548199766
E01001508,12.8,27.000000000000004,84.4,2445.0,34.519427402862995,5.23517382413088,11.042944785276076
E01001509,9.2,13.8,58.6,1773.0,33.05132543711224,5.188945290468133,7.783417935702199
E01001511,10.0,149.79999999999998,56.4,1923.0,29.329173166926676,5.200208008320333,77.89911596463858
E01001512,11.8,80.6,59.4,2277.0,26.08695652173913,5.1822573561704,35.39745278875713
E01001513,23.8,329.2,152.4,1982.0,76.8920282542886,12.008072653884964,166.09485368314833
E01001514,4.4,15.8,30.599999999999998,1765.0,17.337110481586404,2.4929178470254962,8.951841359773372
E01001515,8.200000000000001,16.6,66.6,2047.0,32.53541768441622,4.005862237420616,8.10942843185149
E01001516,19.2,42.800000000000004,61.0,2123.0,28.7329251059821,9.043805934997645,20.160150730098916
E01001517,7.8,12.8,64.4,2045.0,31.49144254278729,3.8141809290953543,6.25916870415648
E01001518,11.600000000000001,37.0,47.400000000000006,1688.0,28.080568720379148,6.872037914691944,21.919431279620852
E01001520,7.800000000000001,10.6,40.599999999999994,1857.0,21.86322024771136,4.200323101777061,5.708131394722671
E01001521,8.4,8.0,15.4,1875.0,8.213333333333333,4.48,4.266666666666667
E01001522,2.8,21.4,29.0,1817.0,15.960374243258117,1.5410016510731974,11.777655476059438
E01001523,9.0,6.6,20.6,1847.0,11.153221440173255,4.872766648619383,3.573362208987547
E01001524,4.2,6.0,23.0,1562.0,14.7247119078105,2.6888604353393086,3.8412291933418694
E01001525,8.200000000000001,6.3999999999999995,29.8,1964.0,15.173116089613034,4.175152749490835,3.2586558044806515
E01001526,4.800000000000001,3.6,11.600000000000001,1608.0,7.213930348258707,2.9850746268656723,2.238805970149254
E01001527,14.6,14.799999999999999,33.8,2054.0,16.455696202531644,7.108081791626095,7.205452775073027
E01001528,12.8,30.400000000000002,52.0,1688.0,30.805687203791468,7.5829383886255926,18.009478672985782
E01001529,11.0,11.2,41.8,1791.0,23.33891680625349,6.141820212171971,6.253489670575097
E01001530,7.2,8.0,35.4,1727.0,20.4979733642154,4.169079328314997,4.632310364794441
E01001531,3.6,4.3999999999999995,7.0,1435.0,4.878048780487805,2.508710801393728,3.066202090592334
E01001532,12.4,11.599999999999998,18.4,1663.0,11.064341551413108,7.45640408899579,6.9753457606734806
E01001533,10.0,4.0,10.0,1662.0,6.016847172081829,6.016847172081829,2.406738868832732
E01001534,15.2,34.0,39.4,1691.0,23.299822590183325,8.988764044943819,20.10644589000591
E01001535,13.2,9.4,27.6,1405.0,19.644128113879002,9.395017793594306,6.690391459074734
E01001536,23.8,117.80000000000001,84.6,1970.0,42.944162436548226,12.081218274111675,59.79695431472082
E01001537,10.2,8.799999999999999,21.6,1714.0,12.602100350058343,5.9509918319719946,5.134189031505251
E01001538,6.4,3.6,10.200000000000001,1677.0,6.0822898032200365,3.8163387000596303,2.146690518783542
E01001539,6.2,7.800000000000001,28.6,1654.0,17.291414752116083,3.7484885126964937,4.71584038694075
E01001540,15.6,61.8,33.0,1906.0,17.313746065057714,8.184679958027283,32.42392444910808
E01001541,4.6000000000000005,9.2,12.600000000000001,1532.0,8.224543080939949,3.002610966057442,6.005221932114882
E01001542,10.8,11.8,35.6,1566.0,22.7330779054917,6.8965517241379315,7.535121328224777
E01001543,8.399999999999999,7.2,18.2,1617.0,11.255411255411255,5.194805194805194,4.452690166975882
E01001544,11.6,22.4,51.8,1695.0,30.56047197640118,6.843657817109144,13.215339233038346
E01001545,8.0,15.2,54.6,1885.0,28.965517241379313,4.244031830238726,8.063660477453581
E01001546,8.2,13.799999999999999,48.6,1813.0,26.806398234969663,4.52289023717595,7.61169332597904
E01001547,15.0,36.4,65.8,2092.0,31.45315487571702,7.1701720841300185,17.399617590822178
E01001548,14.600000000000001,16.4,56.6,1927.0,29.372080954852102,7.57654385054489,8.510638297872338
E01001549,12.8,29.4,75.2,2359.0,31.877914370495976,5.426027977956761,12.462908011869436
E01001550,8.0,10.8,40.0,1770.0,22.598870056497177,4.519774011299435,6.101694915254237
E01001551,15.2,33.4,59.6,1794.0,33.22185061315496,8.4726867335563,18.61761426978818
E01001552,16.6,23.6,56.0,1945.0,28.79177377892031,8.53470437017995,12.133676092544988
E01001553,8.6,10.4,42.8,1753.0,24.415288077581287,4.905875641756987,5.932686822589846
E01001554,10.8,37.0,74.4,1798.0,41.379310344827594,6.006674082313682,20.57842046718576
E01001555,15.0,39.4,64.2,2234.0,28.73769024171889,6.714413607878245,17.636526410026857
E01001556,5.800000000000001,9.8,31.200000000000003,1590.0,19.622641509433965,3.6477987421383653,6.163522012578617
E01001557,11.2,12.4,42.6,1715.0,24.839650145772598,6.530612244897958,7.2303206997084555
E01001558,19.2,135.8,126.0,2063.0,61.07610276296655,9.30683470673776,65.8264663111973
E01001559,20.400000000000002,335.0,98.6,2129.0,46.312822921559416,9.58196336308126,157.3508689525599
E01001560,8.8,14.400000000000002,40.8,1571.0,25.970719287078293,5.601527689369829,9.166136218968811
E01001562,11.399999999999999,16.6,56.0,2235.0,25.05592841163311,5.100671140939597,7.427293064876958
E01001563,18.6,77.8,37.6,1733.0,21.696480092325448,10.732833237160992,44.8932487016734
E01001564,5.6000000000000005,17.8,21.0,1659.0,12.658227848101266,3.375527426160338,10.729355033152503
E01001565,5.2,9.200000000000001,18.4,1678.0,10.965435041716328,3.0989272943980932,5.4827175208581655
E01001566,4.8,9.6,19.799999999999997,1781.0,11.117349803481188,2.695115103874228,5.390230207748456
E01001567,6.6,4.6,13.0,1541.0,8.436080467229072,4.282933160285529,2.9850746268656714
E01001568,10.8,4.4,11.600000000000001,1884.0,6.1571125265392785,5.7324840764331215,2.3354564755838645
E01001569,15.0,15.0,34.2,1770.0,19.322033898305087,8.474576271186441,8.474576271186441
E01001570,9.0,52.400000000000006,43.4,1899.0,22.854133754607687,4.739336492890995,27.593470247498686
E01001571,8.4,20.400000000000002,40.8,1809.0,22.553897180762853,4.643449419568823,11.276948590381428
E01001572,5.8,9.2,24.0,1733.0,13.848817080207732,3.3467974610502016,5.3087132140796305
E01001573,8.6,24.400000000000002,29.6,1575.0,18.793650793650794,5.4603174603174605,15.492063492063492
E01001574,5.2,18.400000000000002,79.6,1921.0,41.436751691827176,2.706923477355544,9.578344612181157
E01001575,7.8,37.4,67.8,1816.0,37.33480176211454,4.295154185022026,20.594713656387665
E01001576,4.0,23.0,73.4,1998.0,36.73673673673674,2.002002002002002,11.511511511511513
E01001577,7.600000000000001,15.0,63.599999999999994,2017.0,31.531978185423895,3.7679722359940513,7.4367873078829945
E01001578,18.4,105.0,91.2,2306.0,39.549002601908064,7.979184735472679,45.533391153512575
E01001579,8.4,13.599999999999998,52.8,1734.0,30.449826989619375,4.844290657439447,7.843137254901959
E01001580,7.6000000000000005,59.60000000000001,33.6,1639.0,20.500305064063454,4.636973764490544,36.36363636363637
E01001581,12.799999999999999,19.0,41.6,1578.0,26.362484157160964,8.111533586818757,12.040557667934094
E01001582,8.0,18.8,43.8,1533.0,28.57142857142857,5.218525766470972,12.263535551206784
E01001583,6.6000000000000005,7.0,20.8,1568.0,13.265306122448981,4.209183673469388,4.464285714285714
E01001584,10.4,17.4,25.2,1502.0,16.77762982689747,6.924101198402131,11.584553928095872
E01001585,7.0,12.399999999999999,20.6,1529.0,13.472858077174624,4.578155657292347,8.109875735775015
E01001586,7.199999999999999,12.2,30.6,1426.0,21.458625525946704,5.049088359046283,8.55539971949509
E01001587,7.4,11.4,29.2,1981.0,14.740030287733468,3.735487127713276,5.754669358909642
E01001588,6.0,17.0,41.4,1692.0,24.46808510638298,3.5460992907801416,10.047281323877069
E01001589,8.8,41.4,75.2,1853.0,40.58283864004317,4.749055585536968,22.34214786832164
E01001590,7.6,18.0,39.6,1704.0,23.23943661971831,4.460093896713615,10.56338028169014
E01001591,8.8,65.0,61.8,2100.0,29.42857142857143,4.190476190476191,30.952380952380953
E01001592,5.4,9.4,26.6,1933.0,13.760993274702535,2.7935851008794623,4.862907397827212
E01001593,2.8,6.6,22.6,1793.0,12.60457334076966,1.561628555493586,3.6809815950920246
E01001594,5.6,10.0,66.0,2368.0,27.87162162162162,2.3648648648648645,4.222972972972973
E01001595,7.800000000000001,15.0,51.8,2222.0,23.31233123312331,3.5103510351035103,6.750675067506751
E01001596,3.4,2.6000000000000005,14.4,1737.0,8.290155440414507,1.957397812320092,1.496833621185953
E01001597,6.0,15.2,31.6,1556.0,20.308483290488436,3.8560411311053984,9.768637532133676
E01001598,4.6,7.800000000000001,26.2,1609.0,16.283405842137974,2.858918582970789,4.847731510254817
E01001599,5.2,18.4,46.2,1677.0,27.549194991055458,3.10077519379845,10.971973762671436
E01001600,7.4,10.4,31.4,1509.0,20.808482438701127,4.903909874088801,6.891981444665341
E01001601,1.5999999999999999,5.0,15.0,1507.0,9.953550099535502,1.06171201061712,3.3178500331785004
E01001602,4.4,14.4,78.6,2126.0,36.97083725305738,2.0696142991533395,6.773283160865475
E01001603,6.2,13.599999999999998,48.8,1756.0,27.79043280182232,3.5307517084282463,7.7448747152619575
E01001604,9.2,82.6,35.2,1549.0,22.724338282763075,5.939315687540348,53.32472562943835
E01001605,4.8,4.0,11.600000000000001,1520.0,7.631578947368422,3.1578947368421053,2.631578947368421
E01001606,3.0,2.6,11.2,1627.0,6.883835279655807,1.8438844499078058,1.5980331899200984
E01001607,4.0,16.8,26.2,1610.0,16.273291925465838,2.4844720496894412,10.434782608695652
E01001608,5.6,8.0,20.6,1444.0,14.265927977839336,3.8781163434903045,5.54016620498615
E01001609,18.0,137.6,102.0,1688.0,60.426540284360186,10.66350710900474,81.51658767772511
E01001610,8.2,6.6000000000000005,20.8,1761.0,11.811470755252698,4.656445201590006,3.747870528109029
E01001611,5.8,10.2,28.799999999999997,1766.0,16.308040770101922,3.2842582106455267,5.775764439411098
E01001613,9.4,10.0,39.6,1753.0,22.589845978322874,5.362236166571591,5.704506560182544
E01001614,6.0,34.599999999999994,33.4,1493.0,22.37106496985934,4.018754186202277,23.174815807099794
E01001615,20.0,131.4,97.4,1991.0,48.92014063284782,10.045203415369162,65.9969864389754
E01001617,5.0,71.60000000000001,37.0,1628.0,22.727272727272727,3.071253071253071,43.98034398034398
E01001618,4.6000000000000005,6.8,44.8,1906.0,23.504721930745013,2.4134312696747116,3.5676810073452256
E01001619,4.0,12.200000000000001,26.599999999999998,1964.0,13.543788187372707,2.0366598778004072,6.211812627291243
E01001620,6.6000000000000005,41.199999999999996,46.6,1582.0,29.456384323640965,4.171934260429836,26.042983565107455
E01001621,7.2,9.4,42.2,1673.0,25.22414823670054,4.303646144650329,5.618649133293484
E01001623,5.0,10.399999999999999,43.400000000000006,1806.0,24.031007751937988,2.7685492801771874,5.758582502768548
E01001624,5.6,6.6,43.6,1628.0,26.781326781326783,3.43980343980344,4.0540540540540535
E01001625,7.6,12.0,53.400000000000006,1780.0,30.000000000000004,4.269662921348314,6.741573033707866
E01001629,9.8,20.4,68.2,2141.0,31.854273703876697,4.577300326950024,9.528257823446985
E01001631,13.0,39.8,107.0,2108.0,50.75901328273245,6.1669829222011385,18.880455407969638
E01001632,7.2,13.0,44.0,2038.0,21.589793915603533,3.5328753680078506,6.378802747791953
E01001633,5.6,11.799999999999999,65.2,2043.0,31.91385217816936,2.741067058247675,5.7758198727361725
E01001634,6.0,13.8,56.0,1737.0,32.23949337938975,3.454231433506045,7.944732297063904
E01001635,2.8,8.4,40.8,1644.0,24.817518248175183,1.7031630170316299,5.109489051094891
E01001636,6.4,16.799999999999997,58.8,1684.0,34.916864608076004,3.8004750593824226,9.976247030878858
E01001637,8.6,15.799999999999999,52.0,1799.0,28.904947192884936,4.780433574207893,8.78265703168427
E01001638,4.8,18.400000000000002,49.8,1763.0,28.24730572887124,2.7226318774815654,10.436755530346002
E01001641,29.200000000000003,201.0,102.4,1866.0,54.87674169346195,15.648445873526262,107.71704180064309
E01001642,10.8,66.6,51.599999999999994,1732.0,29.792147806004614,6.235565819861432,38.4526558891455
E01001644,17.6,107.2,59.0,2629.0,22.441993153290223,6.6945606694560675,40.775960441232414
E01001645,4.4,10.2,48.2,1852.0,26.025917926565874,2.375809935205184,5.5075593952483795
E01001646,18.0,62.0,90.2,2820.0,31.98581560283688,6.382978723404255,21.98581560283688
E01001647,5.8,10.799999999999999,26.6,1486.0,17.900403768506056,3.903095558546433,7.267833109017496
E01001648,7.4,14.6,31.0,1721.0,18.01278326554329,4.299825682742592,8.483439860546193
E01001649,5.4,13.6,41.4,1576.0,26.269035532994923,3.4263959390862944,8.629441624365482
E01001650,8.4,13.200000000000001,44.800000000000004,1834.0,24.427480916030536,4.580152671755726,7.197382769901854
E01001651,10.8,16.8,72.8,1875.0,38.82666666666666,5.760000000000001,8.96
E01001652,9.0,41.6,44.0,1706.0,25.79132473622509,5.275498241500586,24.384525205158265
E01001653,2.0,6.2,62.8,1591.0,39.47203016970459,1.257071024512885,3.8969201759899432
E01001654,6.2,8.200000000000001,62.2,1606.0,38.72976338729764,3.8605230386052303,5.105853051058531
E01001655,3.6,14.600000000000001,77.4,1575.0,49.142857142857146,2.285714285714286,9.26984126984127
E01001656,5.2,6.2,27.2,1341.0,20.28337061894109,3.877703206562267,4.6234153616703955
E01001657,14.0,11.6,27.2,1569.0,17.335882727852134,8.922880815806247,7.393244104525175
E01001658,7.800000000000001,21.6,25.799999999999997,1654.0,15.598548972188633,4.71584038694075,13.05925030229746
E01001659,6.0,21.4,30.6,1618.0,18.912237330037083,3.708281829419036,13.22620519159456
E01001660,5.0,11.2,37.599999999999994,1559.0,24.1180243745991,3.207184092366902,7.18409236690186
E01001661,4.8,19.8,70.0,1664.0,42.06730769230769,2.884615384615384,11.899038461538463
E01001664,14.0,103.79999999999998,48.8,2076.0,23.50674373795761,6.74373795761079,49.999999999999986
E01001665,14.6,27.6,55.0,1890.0,29.100529100529098,7.724867724867725,14.603174603174605
E01001666,24.4,178.2,88.2,1984.0,44.45564516129032,12.298387096774192,89.81854838709677
E01001669,14.4,22.0,75.2,2495.0,30.140280561122243,5.771543086172345,8.817635270541082
E01001671,5.6,11.8,46.0,1670.0,27.544910179640716,3.3532934131736525,7.065868263473054
E01001672,6.2,10.799999999999999,42.2,1933.0,21.83135023279876,3.207449560269012,5.587170201758924
E01001673,13.8,41.8,102.4,2403.0,42.6133999167707,5.742821473158552,17.39492301290054
E01001674,11.2,17.8,50.0,2195.0,22.779043280182233,5.102505694760819,8.109339407744875
E01001675,14.8,66.2,90.0,2370.0,37.9746835443038,6.244725738396625,27.932489451476794
E01001676,15.4,26.4,74.4,1802.0,41.28745837957825,8.546059933407326,14.650388457269699
E01001677,7.6,19.6,73.6,2163.0,34.02681460933888,3.5136384650947754,9.06148867313916
E01001678,8.0,18.4,35.8,1774.0,20.180383314543406,4.509582863585118,10.372040586245772
E01001679,5.6,8.4,28.2,1353.0,20.84257206208426,4.138950480413895,6.208425720620842
E01001680,7.4,6.3999999999999995,17.2,1518.0,11.330698287220025,4.874835309617918,4.216073781291172
E01001681,0.8,6.8,21.2,1403.0,15.11047754811119,0.5702066999287242,4.846756949394155
E01001682,6.0,9.6,36.6,1377.0,26.579520697167755,4.357298474945535,6.9716775599128535
E01001683,4.4,43.6,54.2,1551.0,34.94519664732431,2.8368794326241136,28.110896196002578
E01001684,3.8000000000000003,7.6,29.0,1446.0,20.05532503457815,2.627939142461964,5.255878284923928
E01001685,5.0,11.999999999999998,28.8,1562.0,18.437900128040972,3.201024327784891,7.682458386683738
E01001686,10.0,14.6,54.8,1799.0,30.46136742634797,5.558643690939411,8.115619788771541
E01001687,14.8,15.4,122.60000000000001,1654.0,74.12333736396614,8.94800483675937,9.310761789600967
E01001688,9.2,60.0,94.8,2670.0,35.50561797752809,3.445692883895131,22.47191011235955
E01001690,5.4,12.6,49.4,1714.0,28.82147024504084,3.150525087514586,7.3512252042007
E01001692,5.0,8.600000000000001,33.0,1470.0,22.448979591836732,3.401360544217687,5.850340136054423
E01001693,3.4000000000000004,21.0,60.0,1560.0,38.46153846153847,2.1794871794871797,13.461538461538462
E01001694,3.4000000000000004,11.000000000000002,42.6,1743.0,24.440619621342513,1.9506597819850835,6.310958118187035
E01001695,8.4,14.0,45.8,1549.0,29.567462879276952,5.422853453841188,9.038089089735314
E01001696,20.4,71.0,131.2,2572.0,51.0108864696734,7.931570762052877,27.6049766718507
E01001697,11.0,23.400000000000002,70.19999999999999,2643.0,26.560726447219064,4.161937192584185,8.853575482406358
E01001698,9.600000000000001,21.0,73.6,1912.0,38.49372384937238,5.020920502092051,10.983263598326358
E01001699,15.0,18.8,50.6,1465.0,34.53924914675768,10.238907849829351,12.832764505119455
E01001700,17.4,43.0,84.0,2366.0,35.50295857988166,7.3541842772612,18.174133558748945
E01001701,14.4,65.0,271.6,1763.0,154.05558706749858,8.167895632444697,36.8689733408962
E01001702,3.8000000000000003,7.0,39.8,1485.0,26.8013468013468,2.5589225589225593,4.713804713804714
E01001703,6.0,21.400000000000002,85.8,2079.0,41.26984126984127,2.886002886002886,10.293410293410293
E01001704,7.199999999999999,22.4,42.4,1649.0,25.712553062462096,4.366282595512431,13.583990297149786
E01001705,11.6,37.800000000000004,64.2,2248.0,28.558718861209965,5.160142348754448,16.814946619217086
E01001708,7.8,11.2,26.799999999999997,1697.0,15.792575132586917,4.59634649381261,6.599882144961697
E01001710,6.2,14.399999999999999,46.599999999999994,1759.0,26.492325184764066,3.524729960204662,8.186469584991473
E01001712,13.4,25.6,75.6,2121.0,35.64356435643564,6.317774634606318,12.06977840641207
E01001714,20.2,114.0,70.80000000000001,2051.0,34.51974646513896,9.8488542174549,55.58264261335934
E01001715,7.0,15.8,21.2,1286.0,16.485225505443236,5.443234836702955,12.286158631415242
E01001716,10.6,43.8,54.4,1788.0,30.42505592841163,5.9284116331096195,24.496644295302012
E01001717,2.2,36.2,18.4,1126.0,16.34103019538188,1.9538188277087036,32.149200710479576
E01001718,18.4,163.4,65.8,1740.0,37.81609195402299,10.57471264367816,93.9080459770115
E01001719,10.0,50.4,38.4,1640.0,23.414634146341463,6.097560975609756,30.73170731707317
E01001720,16.599999999999998,39.8,30.0,1707.0,17.574692442882252,9.724663151728176,23.31575864089045
E01001722,14.4,50.6,68.0,2303.0,29.52670429874077,6.252713851498046,21.971341728180636
E01001723,13.8,19.2,27.6,1970.0,14.01015228426396,7.00507614213198,9.746192893401016
E01001724,20.0,52.199999999999996,59.8,2894.0,20.663441603317207,6.910850034554251,18.03731859018659
E01001725,6.0,12.0,19.0,1830.0,10.382513661202186,3.278688524590164,6.557377049180328
E01001726,4.2,14.8,35.0,1325.0,26.41509433962264,3.169811320754717,11.169811320754718
E01001727,5.199999999999999,15.0,18.6,1988.0,9.356136820925554,2.6156941649899395,7.545271629778672
E01001728,11.0,20.2,29.6,1979.0,14.957049014653867,5.558362809499747,10.207175341081353
E01001729,17.0,127.0,283.4,1985.0,142.77078085642316,8.564231738035264,63.97984886649874
E01001730,16.0,48.6,83.0,2767.0,29.99638597759306,5.782435851102277,17.564148897723165
E01001731,37.0,212.8,99.8,2666.0,37.43435858964741,13.87846961740435,79.8199549887472
E01001732,11.6,31.8,54.599999999999994,1900.0,28.736842105263154,6.105263157894737,16.736842105263158
E01001733,18.0,92.8,67.4,1872.0,36.004273504273506,9.615384615384617,49.57264957264957
E01001734,26.4,88.4,85.8,1835.0,46.7574931880109,14.38692098092643,48.17438692098093
E01001735,11.6,35.0,43.599999999999994,1570.0,27.77070063694267,7.388535031847133,22.292993630573246
E01001736,8.8,19.6,23.6,1549.0,15.235635894125243,5.681084570690769,12.653324725629439
E01001737,7.800000000000001,25.6,30.4,1768.0,17.194570135746606,4.411764705882354,14.479638009049774
E01001738,16.400000000000002,33.0,28.6,1740.0,16.436781609195403,9.42528735632184,18.96551724137931
E01001739,14.2,35.4,43.4,1977.0,21.95245321193728,7.182599898836621,17.905918057663126
E01001740,12.200000000000001,32.8,36.599999999999994,1545.0,23.68932038834951,7.896440129449839,21.22977346278317
E01001741,8.6,26.200000000000003,25.0,1441.0,17.349063150589867,5.968077723802915,18.181818181818183
E01001742,7.6000000000000005,69.6,44.6,1753.0,25.442099258414146,4.335424985738734,39.7033656588705
E01001744,13.8,32.4,37.8,2004.0,18.862275449101794,6.88622754491018,16.167664670658684
E01001745,23.8,57.4,57.8,2162.0,26.73450508788159,11.00832562442183,26.549491211840888
E01001746,3.8,15.2,48.6,1686.0,28.825622775800714,2.2538552787663106,9.015421115065243
E01001747,29.4,138.4,89.80000000000001,2329.0,38.557320738514385,12.62344353799914,59.42464577071705
E01001749,9.4,31.2,27.2,1488.0,18.27956989247312,6.317204301075269,20.96774193548387
E01001750,26.4,69.0,58.6,2122.0,27.615457115928372,12.441093308199811,32.51649387370406
E01001751,9.6,63.2,14.8,1478.0,10.013531799729366,6.495263870094722,42.760487144790254
E01001753,12.6,30.6,50.2,1538.0,32.63979193758128,8.192457737321195,19.89596879063719
E01001755,12.6,54.0,59.0,1678.0,35.160905840286055,7.508939213349224,32.18116805721097
E01001756,17.599999999999998,100.4,41.0,2037.0,20.12763868433972,8.64015709376534,49.288168875797744
E01001757,5.2,11.0,46.2,1585.0,29.14826498422713,3.280757097791798,6.94006309148265
E01001758,22.8,43.4,82.0,2614.0,31.369548584544756,8.722264728385616,16.602907421576127
E01001759,10.799999999999999,23.6,36.2,1647.0,21.979356405585914,6.557377049180327,14.329083181542199
E01001760,22.8,378.4,173.8,1885.0,92.20159151193634,12.095490716180372,200.74270557029175
E01001761,17.4,57.2,64.8,1818.0,35.64356435643564,9.57095709570957,31.463146314631466
E01001762,22.8,109.2,76.8,1675.0,45.850746268656714,13.611940298507463,65.19402985074626
E01001763,17.599999999999998,47.4,42.4,1769.0,23.96834369700396,9.949123798756359,26.794799321650647
E01001764,9.8,27.6,42.6,1752.0,24.315068493150687,5.593607305936073,15.753424657534248
E01001765,12.0,26.0,46.4,1801.0,25.763464741810107,6.662965019433648,14.436424208772904
E01001767,16.6,24.4,43.400000000000006,1608.0,26.990049751243784,10.323383084577115,15.17412935323383
E01001768,17.8,29.8,36.4,1868.0,19.48608137044968,9.528907922912206,15.95289079229122
E01001769,9.4,22.200000000000003,24.6,1521.0,16.173570019723865,6.180144641683103,14.595660749506907
E01001770,13.200000000000001,53.0,50.4,1714.0,29.4049008168028,7.7012835472578764,30.921820303383896
E01001772,11.8,33.4,60.8,1789.0,33.9854667411962,6.595863610955842,18.66964784795975
E01001773,30.799999999999997,108.6,63.8,2483.0,25.694724124043496,12.404349577124446,43.73741441804269
E01001774,24.799999999999997,106.80000000000001,62.0,1987.0,31.20281831907398,12.481127327629592,53.74937091092099
E01001775,6.6,35.2,43.8,1634.0,26.805385556915542,4.039167686658507,21.542227662178703
E01001776,16.6,40.6,44.8,1709.0,26.214160327677003,9.713282621416033,23.756582796957286
E01001777,27.8,228.4,83.8,2633.0,31.82681352069882,10.558298518799848,86.74515761488796
E01001780,23.799999999999997,170.60000000000002,69.0,1816.0,37.99559471365639,13.105726872246695,93.94273127753306
E01001781,12.200000000000001,54.0,62.6,1602.0,39.076154806491886,7.615480649188515,33.70786516853933
E01001783,9.600000000000001,20.200000000000003,43.6,1606.0,27.148194271481945,5.977584059775841,12.577833125778332
E01001784,12.600000000000001,51.2,40.8,1772.0,23.024830699774267,7.110609480812641,28.89390519187359
E01001785,7.800000000000001,19.4,22.4,1593.0,14.061519146264908,4.896421845574388,12.178279974890144
E01001786,11.4,42.199999999999996,64.2,2224.0,28.866906474820148,5.12589928057554,18.97482014388489
E01001787,12.4,31.6,60.8,1611.0,37.7405338299193,7.697082557417754,19.615145872129112
E01001788,8.2,22.8,40.6,1497.0,27.120908483633933,5.477621910487641,15.230460921843688
E01001789,7.4,20.8,30.2,1773.0,17.033276931754088,4.173716864072194,11.731528482797518
E01001790,5.0,12.4,42.8,1513.0,28.288169200264374,3.304692663582287,8.195637805684072
E01001791,9.6,13.8,41.6,1459.0,28.51267991775189,6.579849211788896,9.458533241946538
E01001792,15.6,54.199999999999996,38.2,1933.0,19.76202793585101,8.070356958096223,28.039317123642004
E01001793,10.399999999999999,28.6,29.200000000000003,1582.0,18.457648546144124,6.573957016434892,18.078381795195956
E01001794,18.4,61.8,49.8,1898.0,26.238145416227606,9.694415173867228,32.56059009483667
E01001795,17.0,46.8,44.2,1308.0,33.79204892966361,12.996941896024465,35.77981651376146
E01001796,18.0,45.0,64.8,1476.0,43.90243902439024,12.195121951219512,30.48780487804878
E01001798,13.4,53.0,66.6,2329.0,28.59596393301846,5.7535422928295405,22.756547874624303
E01001799,6.2,14.0,21.6,1506.0,14.342629482071713,4.116865869853918,9.296148738379815
E01001800,11.8,162.2,47.2,1750.0,26.97142857142857,6.742857142857143,92.68571428571427
E01001801,8.8,12.2,19.8,1722.0,11.498257839721253,5.110336817653891,7.084785133565621
E01001802,5.800000000000001,12.4,18.8,1377.0,13.65286855482934,4.21205519244735,9.005083514887437
E01001803,9.4,20.6,22.2,1804.0,12.3059866962306,5.210643015521065,11.419068736141908
E01001804,4.4,7.800000000000001,16.0,1671.0,9.57510472770796,2.633153800119689,4.667863554757631
E01001805,9.6,23.4,23.0,1227.0,18.744906275468622,7.823960880195599,19.070904645476773
E01001806,8.2,65.80000000000001,46.4,1469.0,31.586113002042207,5.5820285908781475,44.792375765827096
E01001807,9.6,22.799999999999997,44.400000000000006,1807.0,24.571112340896516,5.312672938572219,12.617598229109019
E01001808,13.8,94.2,63.400000000000006,1634.0,38.80048959608323,8.445532435740516,57.64993880048959
E01001809,5.4,27.8,32.8,1884.0,17.40976645435244,2.8662420382165608,14.75583864118896
E01001811,11.8,34.2,45.400000000000006,1792.0,25.33482142857143,6.584821428571429,19.08482142857143
E01001812,9.4,19.8,34.0,1792.0,18.973214285714285,5.245535714285714,11.049107142857144
E01001813,11.2,81.2,75.6,1955.0,38.67007672634271,5.728900255754475,41.53452685421995
E01001814,9.2,51.8,49.4,1699.0,29.0759270158917,5.414949970570923,30.488522660388462
E01001815,4.8,16.4,51.6,1772.0,29.119638826185103,2.708803611738149,9.255079006772007
E01001816,10.600000000000001,43.6,42.4,1550.0,27.354838709677416,6.838709677419356,28.129032258064516
E01001819,11.4,26.0,24.6,1587.0,15.500945179584122,7.183364839319471,16.38311279143037
E01001820,7.6,18.400000000000002,45.2,1390.0,32.517985611510795,5.467625899280575,13.237410071942449
E01001821,6.0,26.599999999999998,44.4,1350.0,32.88888888888889,4.444444444444445,19.703703703703702
E01001822,13.0,41.2,63.0,1997.0,31.547320981472208,6.5097646469704555,20.630946419629446
E01001823,9.0,16.8,29.4,1632.0,18.01470588235294,5.514705882352941,10.294117647058824
E01001824,10.2,31.8,39.0,1626.0,23.985239852398525,6.273062730627306,19.557195571955717
E01001825,4.8,9.4,11.6,1350.0,8.592592592592593,3.5555555555555554,6.962962962962964
E01001826,6.4,20.0,30.6,1573.0,19.453273998728545,4.0686586141131595,12.714558169103624
E01001827,10.0,26.8,40.8,1647.0,24.772313296903462,6.071645415907711,16.272009714632667
E01001828,13.8,24.6,60.599999999999994,2053.0,29.517778860204576,6.721870433511934,11.982464685825622
E01001829,16.599999999999998,44.2,33.0,1756.0,18.79271070615034,9.453302961275625,25.17084282460137
E01001830,12.0,57.2,115.2,1878.0,61.34185303514377,6.3897763578274756,30.457933972310972
E01001831,19.799999999999997,86.80000000000001,69.2,1679.0,41.21500893388922,11.79273377010125,51.69743895175701
E01001832,11.4,24.6,32.8,1660.0,19.75903614457831,6.867469879518072,14.819277108433736
E01001833,19.6,36.4,58.4,2117.0,27.586206896551722,9.258384506376949,17.194142654700048
E01001834,13.8,34.0,43.8,1988.0,22.03219315895372,6.941649899396379,17.102615694164992
E01001835,8.799999999999999,18.2,16.6,1233.0,13.463098134630982,7.13706407137064,14.760746147607462
E01001836,17.2,49.8,56.6,1855.0,30.512129380053906,9.272237196765499,26.846361185983824
E01001837,14.2,40.0,24.0,1446.0,16.597510373443985,9.820193637621024,27.662517289073303
E01001838,15.4,24.6,49.400000000000006,1815.0,27.217630853994493,8.484848484848486,13.553719008264464
E01001839,35.2,135.2,133.2,2354.0,56.58453695836873,14.953271028037383,57.43415463041631
E01001840,11.0,26.6,44.2,1602.0,27.590511860174782,6.866416978776529,16.604244694132337
E01001841,9.6,18.4,28.200000000000003,1368.0,20.6140350877193,7.017543859649123,13.450292397660819
E01001842,9.6,22.8,46.599999999999994,1528.0,30.497382198952874,6.282722513089005,14.921465968586388
E01001843,4.0,9.8,27.8,1205.0,23.070539419087137,3.3195020746887964,8.132780082987551
E01001844,15.4,95.0,64.8,1917.0,33.80281690140845,8.033385498174232,49.5565988523735
E01001845,8.200000000000001,33.4,61.4,1585.0,38.73817034700315,5.173501577287067,21.07255520504732
E01001846,7.0,54.0,50.4,1210.0,41.65289256198347,5.785123966942148,44.628099173553714
E01001847,10.2,21.6,66.0,1332.0,49.54954954954955,7.657657657657658,16.216216216216218
E01001848,12.0,30.0,114.19999999999999,1970.0,57.96954314720812,6.091370558375634,15.228426395939087
E01001849,31.8,183.2,112.8,2450.0,46.04081632653061,12.979591836734695,74.77551020408163
E01001850,8.2,24.6,60.800000000000004,1845.0,32.953929539295395,4.444444444444445,13.333333333333334
E01001851,9.4,10.8,16.8,1465.0,11.467576791808874,6.416382252559727,7.3720136518771335
E01001852,10.2,24.2,28.6,1629.0,17.556783302639655,6.261510128913444,14.85573971761817
E01001853,8.4,16.0,18.2,1497.0,12.15764863059452,5.61122244488978,10.68804275217101
E01001854,14.0,28.8,49.400000000000006,1760.0,28.068181818181824,7.954545454545454,16.363636363636363
E01001855,11.2,19.8,35.0,1663.0,21.04630186410102,6.734816596512327,11.906193625977151
E01001856,12.6,43.4,63.400000000000006,1645.0,38.54103343465046,7.659574468085106,26.382978723404253
E01001857,18.6,186.8,125.6,1547.0,81.18939883645767,12.023270846800258,120.74983839689722
E01001858,13.4,48.2,48.0,1755.0,27.35042735042735,7.635327635327636,27.464387464387467
E01001859,9.8,11.8,35.4,2703.0,13.096559378468369,3.6256011838697746,4.3655197928227905
E01001860,15.6,83.0,69.19999999999999,1710.0,40.46783625730994,9.12280701754386,48.538011695906434
E01001861,7.3999999999999995,21.4,57.2,1405.0,40.711743772241995,5.266903914590746,15.231316725978647
E01001862,11.4,29.800000000000004,62.2,1759.0,35.361000568504835,6.4809550881182485,16.94144400227402
E01001863,9.6,11.4,20.8,1411.0,14.741318214032603,6.803685329553508,8.079376328844791
E01001864,6.2,19.0,29.8,1514.0,19.682959048877148,4.095112285336857,12.549537648612946
E01001865,5.3999999999999995,11.8,19.2,1585.0,12.113564668769715,3.4069400630914823,7.444794952681389
E01001866,15.8,58.400000000000006,35.6,1505.0,23.654485049833887,10.498338870431894,38.80398671096346
E01001867,5.4,14.0,18.2,1136.0,16.02112676056338,4.753521126760564,12.32394366197183
E01001868,6.0,17.200000000000003,41.0,1261.0,32.51387787470262,4.758128469468676,13.639968279143538
E01001869,13.0,47.2,36.2,1353.0,26.755358462675538,9.608277900960829,34.88543976348855
E01001870,11.2,20.6,27.0,1687.0,16.004742145820984,6.639004149377593,12.211025489033787
E01001871,7.6000000000000005,19.8,33.400000000000006,1515.0,22.04620462046205,5.016501650165017,13.06930693069307
E01001872,6.6,16.6,20.0,1361.0,14.695077149155033,4.849375459221161,12.196914033798679
E01001873,8.2,14.6,30.4,1502.0,20.239680426098534,5.459387483355525,9.720372836218376
E01001875,10.2,25.6,79.6,1835.0,43.37874659400544,5.5585831062670295,13.950953678474116
E01001876,20.0,48.0,121.2,2372.0,51.09612141652614,8.431703204047217,20.236087689713322
E01001877,23.4,44.2,89.8,1360.0,66.02941176470588,17.205882352941174,32.5
E01001878,4.6,9.8,40.6,1618.0,25.092707045735477,2.8430160692212607,6.056860321384426
E01001879,9.0,16.6,27.6,1451.0,19.021364576154376,6.202618883528601,11.440385940730533
E01001880,10.0,48.8,51.2,1468.0,34.87738419618529,6.8119891008174385,33.2425068119891
E01001881,23.4,103.4,72.2,1876.0,38.486140724946694,12.473347547974413,55.117270788912585
E01001882,9.0,26.0,30.6,1644.0,18.61313868613139,5.474452554744526,15.815085158150852
E01001883,11.2,26.8,34.6,1869.0,18.512573568753343,5.99250936329588,14.339218833600857
E01001884,15.0,79.0,76.4,1800.0,42.44444444444444,8.333333333333334,43.888888888888886
E01001885,6.6,16.2,59.6,1276.0,46.70846394984326,5.172413793103448,12.695924764890282
E01001886,11.2,28.6,43.6,1523.0,28.62770847012475,7.353906762967826,18.778726198292844
E01001887,8.6,13.399999999999999,39.4,1458.0,27.023319615912207,5.8984910836762685,9.190672153635116
E01001888,3.8000000000000003,17.8,22.2,1551.0,14.313346228239844,2.45003223726628,11.476466795615732
E01001889,6.8,27.8,25.4,1389.0,18.286537077033834,4.8956083513318935,20.014398848092156
E01001890,14.399999999999999,79.60000000000001,206.8,1714.0,120.65344224037341,8.401400233372227,46.441073512252046
E01001891,13.0,106.60000000000001,45.2,2544.0,17.767295597484278,5.110062893081761,41.90251572327045
E01001892,7.0,14.4,30.0,1330.0,22.55639097744361,5.263157894736842,10.827067669172934
E01001893,8.8,26.8,38.0,1491.0,25.486250838363517,5.902079141515762,17.974513749161638
E01001894,20.8,120.60000000000001,100.6,1374.0,73.21688500727802,15.138282387190685,87.77292576419214
E01001895,8.4,20.0,26.200000000000003,1458.0,17.969821673525377,5.761316872427984,13.717421124828531
E01001896,11.8,24.599999999999998,32.2,1398.0,23.032904148783977,8.44062947067239,17.59656652360515
E01001897,8.8,15.8,19.4,1303.0,14.88871834228703,6.753645433614736,12.125863392171912
E01001898,36.4,478.8,319.2,2090.0,152.72727272727272,17.416267942583733,229.0909090909091
E01001899,22.8,304.8,104.2,1599.0,65.16572858036272,14.25891181988743,190.61913696060037
E01001900,11.0,106.8,76.4,1713.0,44.600116754232346,6.42148277875073,62.34676007005253
E01001901,7.800000000000001,11.6,17.6,1651.0,10.660205935796489,4.724409448818898,7.026044821320411
E01001902,11.4,16.4,27.6,1657.0,16.656608328304166,6.879903439951721,9.897404948702473
E01001903,14.0,26.2,40.4,1436.0,28.133704735376043,9.749303621169917,18.245125348189415
E01001904,11.8,14.200000000000001,17.4,1617.0,10.760667903525047,7.297464440321584,8.781694495980211
E01001905,6.6,15.0,14.0,1658.0,8.443908323281061,3.9806996381182143,9.047044632086852
E01001906,8.0,8.799999999999999,21.0,1453.0,14.452856159669649,5.505849965588437,6.05643496214728
E01001907,7.0,8.4,10.600000000000001,1247.0,8.500400962309545,5.613472333600641,6.7361668003207695
E01001908,12.799999999999999,28.0,38.0,1379.0,27.55620014503263,9.282088469905728,20.30456852791878
E01001909,8.6,19.0,33.8,1763.0,19.171866137266022,4.878048780487805,10.777084515031197
E01001910,10.200000000000001,19.6,23.4,1335.0,17.528089887640448,7.640449438202247,14.681647940074908
E01001911,6.3999999999999995,19.6,47.8,1710.0,27.953216374269005,3.742690058479532,11.461988304093568
E01001912,9.6,40.800000000000004,67.4,1454.0,46.354883081155435,6.602475928473177,28.060522696011006
E01001913,6.4,38.6,21.6,1386.0,15.584415584415586,4.617604617604617,27.84992784992785
E01001914,15.2,66.8,49.400000000000006,1504.0,32.84574468085107,10.106382978723403,44.41489361702127
E01001915,16.4,42.8,33.0,1453.0,22.711631108052305,11.286992429456296,29.45629731589814
E01001916,5.4,18.6,14.0,1224.0,11.437908496732025,4.411764705882353,15.19607843137255
E01001917,6.8,15.2,14.2,1495.0,9.498327759197323,4.548494983277592,10.167224080267557
E01001918,5.800000000000001,11.4,21.2,1510.0,14.039735099337747,3.841059602649007,7.549668874172186
E01001919,8.600000000000001,15.6,15.6,1546.0,10.090556274256144,5.562742561448901,10.090556274256144
E01001920,15.6,118.0,90.4,1449.0,62.387853692201524,10.766045548654244,81.43547273982055
E01001921,9.0,31.799999999999997,30.2,1451.0,20.813232253618192,6.202618883528601,21.91592005513439
E01001922,14.0,54.8,23.6,1625.0,14.523076923076923,8.615384615384615,33.72307692307692
E01001923,9.6,20.6,31.8,1517.0,20.96242584047462,6.328279499011207,13.579433091628214
E01001924,4.800000000000001,18.400000000000002,12.600000000000001,1545.0,8.155339805825244,3.106796116504855,11.909385113268609
E01001925,8.4,33.0,20.599999999999998,1572.0,13.104325699745546,5.34351145038168,20.99236641221374
E01001926,8.6,13.399999999999999,11.4,1356.0,8.4070796460177,6.342182890855457,9.882005899705012
E01001927,8.6,6.6,5.800000000000001,1364.0,4.252199413489736,6.3049853372434015,4.838709677419354
E01001928,9.4,30.6,29.2,1806.0,16.168327796234774,5.2048726467331115,16.943521594684384
E01001929,5.3999999999999995,13.8,17.0,1348.0,12.611275964391691,4.00593471810089,10.23738872403561
E01001930,10.4,17.0,33.6,1736.0,19.35483870967742,5.990783410138249,9.792626728110598
E01001931,6.0,16.6,18.6,1296.0,14.351851851851853,4.62962962962963,12.808641975308644
E01001932,16.8,79.8,75.19999999999999,1592.0,47.236180904522605,10.552763819095478,50.12562814070352
E01001933,13.0,28.8,27.2,1496.0,18.18181818181818,8.689839572192513,19.251336898395724
E01001934,5.6000000000000005,15.0,44.8,1961.0,22.84548699643039,2.8556858745537994,7.649158592554819
E01001935,7.6,17.6,40.2,2038.0,19.725220804710503,3.7291462217860647,8.635917566241414
E01001937,15.4,19.8,28.8,1789.0,16.098378982671885,8.608160983789828,11.067635550586921
E01001938,6.0,15.6,38.6,1575.0,24.50793650793651,3.8095238095238093,9.904761904761903
E01001940,12.4,42.8,53.400000000000006,1538.0,34.720416124837456,8.062418725617686,27.828348504551364
E01001941,31.0,146.2,171.0,1566.0,109.19540229885058,19.795657726692212,93.35887611749679
E01001942,17.0,42.0,58.2,1838.0,31.664853101196954,9.249183895538629,22.850924918389552
E01001943,51.2,1353.6,365.6,2263.0,161.55545735749007,22.624834290764475,598.1440565620857
E01001944,14.0,33.2,61.2,1680.0,36.42857142857143,8.333333333333334,19.761904761904766
E01001945,7.8,23.4,48.8,1665.0,29.309309309309306,4.684684684684685,14.054054054054053
E01001946,10.0,39.400000000000006,48.2,1877.0,25.67927543953117,5.3276505061267985,20.990942994139587
E01001947,8.0,22.6,41.0,1417.0,28.93436838390967,5.6457304163726185,15.949188426252647
E01001948,24.6,64.8,28.6,1873.0,15.269620928990925,13.134009610250935,34.59690336358783
E01001949,4.6,11.4,11.4,1473.0,7.739307535641548,3.122878479293958,7.739307535641548
E01001950,9.4,38.6,21.4,1486.0,14.40107671601615,6.3257065948856,25.975773889636606
E01001951,13.0,38.800000000000004,32.2,1515.0,21.254125412541256,8.58085808580858,25.610561056105613
E01001952,12.4,31.4,28.599999999999998,1647.0,17.364905889496054,7.528840315725562,19.064966605950215
E01001953,14.799999999999999,128.4,66.6,1463.0,45.5228981544771,10.116199589883799,87.76486671223515
E01001954,7.6,22.2,33.6,1526.0,22.018348623853214,4.980340760157274,14.5478374836173
E01001955,14.2,24.400000000000002,55.2,2108.0,26.18595825426945,6.736242884250474,11.57495256166983
E01001956,8.2,9.6,29.8,1575.0,18.92063492063492,5.206349206349206,6.095238095238096
E01001957,2.6,10.8,35.6,1626.0,21.894218942189422,1.5990159901599017,6.642066420664207
E01001958,4.800000000000001,14.2,49.6,1725.0,28.753623188405797,2.7826086956521747,8.231884057971014
E01001959,7.2,12.200000000000001,53.6,2019.0,26.547795938583455,3.566121842496285,6.042595344229817
E01001960,12.0,23.8,32.8,1794.0,18.283166109253067,6.688963210702341,13.266443701226311
E01001961,4.2,15.4,64.0,1575.0,40.63492063492063,2.6666666666666665,9.777777777777777
E01001962,7.3999999999999995,11.8,26.200000000000003,1823.0,14.371914426769065,4.05924300603401,6.4728469555677455
E01001963,9.6,12.2,16.4,1800.0,9.111111111111109,5.333333333333333,6.777777777777778
E01001964,5.0,14.8,30.799999999999997,1628.0,18.918918918918916,3.071253071253071,9.090909090909092
E01001965,1.7999999999999998,7.8,14.4,1636.0,8.801955990220048,1.100244498777506,4.767726161369193
E01001966,13.4,55.599999999999994,35.0,1410.0,24.822695035460995,9.50354609929078,39.43262411347517
E01001967,8.200000000000001,8.2,13.399999999999999,1495.0,8.963210702341136,5.4849498327759205,5.48494983277592
E01001968,5.4,7.6,15.2,1648.0,9.223300970873787,3.2766990291262137,4.611650485436893
E01001969,7.0,12.6,37.6,1966.0,19.12512716174975,3.5605289928789423,6.408952187182095
E01001970,9.6,62.4,44.2,1904.0,23.214285714285715,5.042016806722689,32.77310924369748
E01001971,5.000000000000001,24.4,108.8,1906.0,57.08289611752361,2.623294858342078,12.80167890870934
E01001972,8.6,20.0,36.4,1713.0,21.24927028604787,5.020431990659661,11.675423234092236
E01001973,13.399999999999999,242.2,49.4,2548.0,19.387755102040817,5.259026687598116,95.05494505494505
E01001974,12.4,14.999999999999998,51.2,2213.0,23.136014460009036,5.603253502033439,6.778129236330772
E01001975,9.0,21.8,43.4,1822.0,23.81997804610318,4.939626783754116,11.964873765093303
E01001976,4.800000000000001,17.2,45.8,1868.0,24.51820128479657,2.5695931477516063,9.207708779443255
E01001977,8.2,19.0,42.2,1519.0,27.781435154707047,5.398288347597103,12.50822909809085
E01001978,10.8,25.6,71.6,1927.0,37.15620134924753,5.604566683964713,13.284898806434873
E01001979,17.8,90.0,135.4,2292.0,59.075043630017454,7.766143106457243,39.26701570680628
E01001980,6.6,18.0,53.8,1816.0,29.62555066079295,3.6343612334801763,9.911894273127754
E01001981,10.200000000000001,19.8,56.8,1803.0,31.50305047143649,5.657237936772047,10.98169717138103
E01001982,7.6,21.6,46.4,1801.0,25.763464741810107,4.21987784564131,11.993337034980566
E01001983,8.200000000000001,18.6,42.2,1661.0,25.406381697772428,4.936785069235401,11.19807344972908
E01001984,17.4,15.200000000000001,29.0,1749.0,16.580903373356204,9.94854202401372,8.690680388793597
E01001985,11.4,10.200000000000001,12.2,1622.0,7.521578298397039,7.028360049321825,6.288532675709002
E01001986,8.4,8.6,21.8,1565.0,13.929712460063898,5.36741214057508,5.495207667731629
E01001987,12.4,10.6,17.2,1705.0,10.087976539589443,7.2727272727272725,6.217008797653959
E01001988,18.0,22.0,21.4,1667.0,12.8374325134973,10.797840431913617,13.197360527894421
E01001989,13.4,34.8,27.8,1719.0,16.17219313554392,7.795229784758581,20.244328097731238
E01001990,22.2,151.0,53.0,1950.0,27.179487179487182,11.384615384615383,77.43589743589743
E01001991,7.4,17.2,23.4,1660.0,14.096385542168674,4.457831325301205,10.36144578313253
E01001992,15.6,12.600000000000001,17.6,1751.0,10.051399200456883,8.909194745859509,7.19588806396345
E01001993,6.6000000000000005,9.6,10.8,1669.0,6.4709406830437395,3.954463750748952,5.751947273816656
E01001994,17.2,10.8,22.6,1809.0,12.493090105030404,9.508015478164731,5.970149253731344
E01001995,14.799999999999999,14.8,45.8,2683.0,17.07044353335818,5.516213194185613,5.516213194185614
E01001996,8.0,9.4,22.799999999999997,1493.0,15.271265907568651,5.358338914936369,6.296048225050235
E01001997,11.4,89.6,44.4,1782.0,24.915824915824917,6.397306397306397,50.28058361391694
E01001998,9.600000000000001,13.8,27.4,1933.0,14.174857734092084,4.9663735126746,7.139161924469737
E01001999,16.4,63.6,71.6,2436.0,29.39244663382594,6.732348111658456,26.108374384236456
E01002000,9.2,14.8,32.6,1761.0,18.512208972174903,5.224304372515616,8.404315729699034
E01002001,9.8,18.4,27.0,1596.0,16.917293233082706,6.140350877192983,11.528822055137843
E01002002,17.4,316.4,159.8,1691.0,94.5002956830278,10.28976936723832,187.10821998817266
E01002003,20.799999999999997,66.19999999999999,107.2,2557.0,41.92412983965585,8.134532655455612,25.88971450919045
E01002004,8.0,13.399999999999999,26.4,1810.0,14.58563535911602,4.419889502762431,7.403314917127071
E01002005,17.4,68.8,28.4,1458.0,19.478737997256516,11.934156378600822,47.18792866941015
E01002006,10.0,13.2,21.6,1537.0,14.053350683148993,6.506180871828237,8.588158750813273
E01002007,13.399999999999999,15.0,13.0,1439.0,9.034051424600417,9.312022237665044,10.423905489923557
E01002008,20.2,16.400000000000002,16.8,1341.0,12.527964205816556,15.06338553318419,12.229679343773306
E01002009,13.0,30.400000000000002,21.200000000000003,1414.0,14.992927864214995,9.193776520509195,21.4992927864215
E01002010,12.2,14.6,24.8,1597.0,15.529117094552287,7.639323731997495,9.142141515341264
E01002011,12.4,34.6,34.4,1748.0,19.679633867276888,7.0938215102974835,19.79405034324943
E01002013,4.4,8.8,16.200000000000003,1361.0,11.903012490815579,3.232916972814108,6.465833945628216
E01002014,14.4,33.4,60.8,1734.0,35.06343713956171,8.304498269896195,19.261822376009224
E01002015,5.0,13.2,29.0,1425.0,20.350877192982455,3.5087719298245617,9.26315789473684
E01002016,8.8,15.2,42.0,1913.0,21.95504443282802,4.600104547830633,7.945635128071092
E01002017,9.2,25.8,39.0,1571.0,24.824952259707192,5.856142584341184,16.42266072565245
E01002018,2.8,8.200000000000001,30.8,1375.0,22.4,2.036363636363636,5.963636363636365
E01002019,6.6,10.399999999999999,16.8,1370.0,12.262773722627738,4.817518248175182,7.5912408759124075
E01002020,17.6,33.6,25.2,1546.0,16.30012936610608,11.384217335058215,21.733505821474775
E01002021,9.600000000000001,10.0,10.4,1429.0,7.277816655003499,6.717984604618615,6.997900629811057
E01002022,20.8,182.79999999999998,67.6,2168.0,31.18081180811808,9.59409594095941,84.31734317343172
E01002023,7.800000000000001,8.8,10.2,1369.0,7.450693937180423,5.6975894813732655,6.428049671292915
E01002024,7.8,16.6,22.2,1271.0,17.46656176239182,6.136900078678206,13.060582218725415
E01002025,11.8,6.4,8.8,1476.0,5.962059620596206,7.994579945799458,4.336043360433604
E01002026,23.2,710.0,164.2,1781.0,92.19539584503087,13.026389668725436,398.65244244806286
E01002027,7.0,12.0,36.2,1430.0,25.314685314685317,4.895104895104896,8.391608391608392
E01002028,9.4,20.0,47.8,1660.0,28.795180722891565,5.662650602409639,12.048192771084338
E01002029,28.8,359.2,204.8,2109.0,97.10763394973921,13.655761024182077,170.31768610715977
E01002030,17.2,37.6,50.2,1564.0,32.09718670076726,10.997442455242966,24.040920716112534
E01002031,22.0,222.8,108.0,1869.0,57.78491171749599,11.771000535045479,119.20813269127876
E01002032,7.6000000000000005,37.6,57.8,1844.0,31.34490238611713,4.121475054229935,20.390455531453362
E01002033,9.4,17.4,42.2,1802.0,23.418423973362934,5.216426193118757,9.655937846836848
E01002034,45.2,190.0,216.8,2489.0,87.10325431900363,18.159903575733228,76.33587786259542
E01002036,18.799999999999997,25.2,82.6,1864.0,44.313304721030036,10.085836909871244,13.51931330472103
E01002037,34.6,47.0,107.6,1717.0,62.66744321490972,20.151426907396623,27.3733255678509
E01002038,18.0,53.0,98.6,1795.0,54.930362116991645,10.027855153203342,29.526462395543174
E01002039,6.2,33.8,63.0,1672.0,37.67942583732058,3.708133971291866,20.215311004784688
E01002040,16.6,32.8,93.60000000000001,2267.0,41.288045875606535,7.322452580502868,14.468460520511687
E01002041,14.0,25.2,60.2,1867.0,32.24424209962507,7.4986609534011786,13.497589716122121
E01002042,15.4,34.199999999999996,103.0,1567.0,65.73069559668156,9.82769623484365,21.82514358647096
E01002043,14.0,48.8,62.4,1810.0,34.47513812154696,7.734806629834255,26.961325966850826
E01002044,9.6,42.4,42.2,1780.0,23.707865168539325,5.393258426966292,23.820224719101123
E01002045,9.8,22.4,52.6,2131.0,24.683247301736273,4.598779915532614,10.511496949788832
E01002046,8.0,32.4,43.8,1618.0,27.07045735475896,4.944375772558714,20.024721878862795
E01002047,9.600000000000001,41.4,45.0,1655.0,27.190332326283986,5.800604229607251,25.01510574018127
E01002048,11.2,25.6,42.8,1905.0,22.467191601049866,5.879265091863517,13.438320209973753
E01002049,5.6,23.599999999999998,52.2,1899.0,27.488151658767777,2.948920484465508,12.427593470247498
E01002050,2.4,8.2,16.0,1990.0,8.040201005025127,1.2060301507537687,4.1206030150753765
E01002051,14.8,54.4,82.2,1871.0,43.933725280598615,7.910208444681989,29.0753607696419
E01002052,4.4,15.4,27.4,2205.0,12.426303854875282,1.99546485260771,6.984126984126984
E01002053,9.0,20.4,37.6,2025.0,18.567901234567902,4.444444444444445,10.074074074074074
E01002054,11.600000000000001,34.0,70.2,1694.0,41.44037780401417,6.847697756788667,20.070838252656433
E01002055,7.0,25.6,25.2,2103.0,11.982881597717546,3.3285782215882076,12.173086067522588
E01002056,22.2,45.2,72.2,2921.0,24.717562478603217,7.6001369394043135,15.474152687435812
E01002057,8.4,49.199999999999996,39.400000000000006,1794.0,21.962095875139358,4.682274247491639,27.424749163879596
E01002058,11.8,145.8,69.8,1574.0,44.34561626429479,7.496823379923762,92.6302414231258
E01002059,6.8,12.6,29.0,1562.0,18.56594110115237,4.353393085787451,8.066581306017927
E01002060,9.2,9.8,22.0,1708.0,12.88056206088993,5.386416861826698,5.7377049180327875
E01002061,12.4,12.2,16.8,1544.0,10.880829015544041,8.031088082901555,7.9015544041450765
E01002062,13.8,18.8,24.6,1740.0,14.13793103448276,7.931034482758621,10.804597701149426
E01002063,15.0,15.2,31.6,1502.0,21.03861517976032,9.986684420772303,10.119840213049267
E01002064,9.6,20.799999999999997,28.8,1478.0,19.48579161028417,6.495263870094722,14.073071718538563
E01002065,21.0,49.2,59.6,1596.0,37.34335839598997,13.157894736842104,30.827067669172937
E01002066,13.0,102.19999999999999,105.4,2611.0,40.36767522022214,4.97893527384144,39.142091152815006
E01002067,13.2,27.800000000000004,58.4,1741.0,33.54394026421597,7.581849511774842,15.967834577828837
E01002068,23.0,210.20000000000002,116.4,2245.0,51.84855233853007,10.244988864142538,93.63028953229399
E01002069,22.2,329.6,172.2,2048.0,84.08203125,10.83984375,160.9375
E01002070,22.4,28.400000000000002,48.4,2550.0,18.980392156862745,8.784313725490195,11.137254901960786
E01002071,9.6,45.2,62.2,1780.0,34.943820224719104,5.393258426966292,25.393258426966295
E01002072,15.4,74.19999999999999,83.4,1875.0,44.480000000000004,8.213333333333333,39.57333333333333
E01002073,14.2,59.2,70.0,1647.0,42.50151791135397,8.62173649058895,35.944140862173654
E01002074,10.799999999999999,36.0,83.8,2246.0,37.31077471059661,4.808548530721282,16.02849510240427
E01002075,15.2,38.2,69.19999999999999,1972.0,35.09127789046652,7.707910750507099,19.371196754563893
E01002076,11.8,14.8,55.8,1855.0,30.080862533692724,6.361185983827493,7.97843665768194
E01002077,16.6,180.4,102.0,2269.0,44.95372410753636,7.315998237108859,79.50639048038784
E01002078,12.8,32.6,58.4,2552.0,22.88401253918495,5.015673981191223,12.774294670846396
E01002079,8.2,12.599999999999998,38.6,1809.0,21.337755666113875,4.532891100055279,6.965174129353232
E01002081,16.2,89.4,98.2,1930.0,50.88082901554404,8.393782383419689,46.32124352331606
E01002082,4.4,16.4,50.8,1418.0,35.82510578279267,3.1029619181946404,11.565585331452748
E01002083,10.6,13.0,21.0,1393.0,15.07537688442211,7.609475951184494,9.332376166547022
E01002084,14.2,36.2,48.4,1763.0,27.453204764605783,8.054452637549632,20.53318207600681
E01002085,9.8,91.0,66.4,2173.0,30.556833870225496,4.50989415554533,41.877588587206624
E01002086,10.0,22.2,43.2,1497.0,28.857715430861724,6.680026720106881,14.829659318637274
E01002087,15.799999999999999,24.6,52.400000000000006,1913.0,27.39153162571877,8.259278619968635,12.859383167799269
E01002088,15.2,36.2,55.599999999999994,1800.0,30.888888888888886,8.444444444444443,20.111111111111114
E01002089,2.4,9.0,25.799999999999997,1346.0,19.167904903417533,1.7830609212481425,6.686478454680534
E01002090,11.6,32.800000000000004,44.199999999999996,1736.0,25.460829493087555,6.682027649769585,18.894009216589865
E01002091,14.6,17.4,43.599999999999994,1843.0,23.657080846446007,7.921866521975041,9.441128594682583
E01002092,5.8,14.600000000000001,44.8,1597.0,28.05259862241703,3.6318096430807763,9.142141515341265
E01002093,15.2,62.0,70.0,1839.0,38.06416530723219,8.26536160957042,33.71397498640565
E01002094,6.199999999999999,14.8,39.0,1443.0,27.027027027027028,4.296604296604296,10.256410256410257
E01002095,7.0,49.2,49.8,1589.0,31.340465701699184,4.405286343612335,30.962869729389556
E01002096,7.2,10.6,26.200000000000003,1692.0,15.484633569739954,4.25531914893617,6.264775413711583
E01002097,5.0,16.799999999999997,44.6,1598.0,27.909887359198997,3.1289111389236544,10.513141426783477
E01002098,8.6,32.0,60.2,1530.0,39.34640522875817,5.620915032679738,20.915032679738562
E01002099,8.6,24.2,68.8,2020.0,34.059405940594054,4.257425742574257,11.98019801980198
E01002100,10.0,25.8,65.8,1785.0,36.86274509803921,5.602240896358543,14.453781512605042
E01002101,6.4,13.0,40.2,1980.0,20.303030303030305,3.2323232323232323,6.565656565656566
E01002102,9.0,23.6,49.4,1927.0,25.635703165542296,4.67047223663726,12.24701608718215
E01002103,8.0,28.4,60.2,1852.0,32.50539956803456,4.319654427645789,15.334773218142548
E01002104,7.800000000000001,16.6,54.199999999999996,1454.0,37.276478679504805,5.3645116918844575,11.41678129298487
E01002105,9.4,79.80000000000001,95.4,2076.0,45.95375722543353,4.527938342967245,38.439306358381515
E01002106,6.0,6.4,22.4,2029.0,11.039921143420404,2.957121734844751,3.1542631838344013
E01002107,7.2,7.800000000000001,23.200000000000003,1819.0,12.75426058273777,3.9582188015393074,4.28807036833425
E01002108,4.4,5.000000000000001,16.2,1840.0,8.804347826086957,2.3913043478260874,2.7173913043478266
E01002109,8.8,5.8,20.6,1871.0,11.010154997327634,4.703367183324426,3.099946552645644
E01002110,5.2,10.0,14.600000000000001,1664.0,8.774038461538462,3.125,6.009615384615385
E01002111,8.6,38.8,37.599999999999994,2200.0,17.090909090909086,3.9090909090909087,17.636363636363633
E01002112,10.600000000000001,16.4,23.0,1994.0,11.534603811434303,5.3159478435305925,8.224674022066198
E01002113,7.6000000000000005,8.200000000000001,25.2,1560.0,16.153846153846153,4.871794871794872,5.256410256410257
E01002114,7.4,12.2,33.4,2230.0,14.977578475336323,3.318385650224215,5.4708520179372195
E01002115,6.999999999999999,5.6000000000000005,18.2,1464.0,12.431693989071038,4.781420765027321,3.825136612021858
E01002116,6.8,5.6,13.4,1590.0,8.427672955974844,4.276729559748428,3.522012578616352
E01002118,19.0,27.4,57.8,1878.0,30.77742279020234,10.117145899893504,14.589989350372736
E01002119,12.4,33.2,56.8,2508.0,22.647527910685806,4.944178628389155,13.237639553429029
E01002120,7.8,9.2,39.6,1362.0,29.07488986784141,5.726872246696035,6.754772393538913
E01002121,11.8,8.4,18.8,1822.0,10.318331503841932,6.476399560922064,4.6103183315038425
E01002122,11.200000000000001,8.8,21.6,1859.0,11.619150080688543,6.024744486282948,4.733727810650888
E01002123,17.2,36.4,51.8,1713.0,30.239346176298888,10.040863981319323,21.24927028604787
E01002124,6.6,6.2,21.6,1793.0,12.046848856664809,3.6809815950920246,3.4578918014500837
E01002125,12.8,21.4,36.599999999999994,1970.0,18.578680203045682,6.497461928934011,10.862944162436548
E01002127,6.4,10.2,34.8,1840.0,18.91304347826087,3.4782608695652177,5.5434782608695645
E01002128,6.800000000000001,19.8,58.8,2116.0,27.788279773156898,3.213610586011342,9.357277882797732
E01002129,31.0,648.4,200.4,2731.0,73.3797143903332,11.351153423654338,237.42218967411205
E01002130,26.6,221.60000000000002,170.4,2908.0,58.59697386519945,9.147180192572215,76.20357634112793
E01002131,4.8,13.2,43.2,1711.0,25.248392752776155,2.805376972530684,7.71478667445938
E01002132,6.8,13.8,30.4,2037.0,14.92390770741286,3.338242513500245,6.774668630338733
E01002133,9.2,21.0,67.4,2042.0,33.00685602350637,4.505386875612144,10.28403525954946
E01002134,6.199999999999999,11.0,71.8,1491.0,48.155600268276324,4.158283031522467,7.377598926894701
E01002135,10.8,22.8,43.0,2015.0,21.33995037220844,5.359801488833747,11.3151364764268
E01002136,6.4,31.2,44.4,2031.0,21.86115214180207,3.1511570654849828,15.36189069423929
E01002137,4.6,21.2,20.2,1747.0,11.562678878076703,2.6330852890669716,12.135088723526046
E01002138,3.0,4.0,20.2,1610.0,12.546583850931675,1.8633540372670807,2.4844720496894412
E01002139,5.4,6.2,33.6,1503.0,22.355289421157686,3.5928143712574854,4.125083166999334
E01002140,8.200000000000001,20.6,43.8,1796.0,24.387527839643653,4.565701559020045,11.469933184855234
E01002141,6.0,6.6,23.6,1792.0,13.169642857142858,3.3482142857142856,3.6830357142857144
E01002142,8.8,71.0,37.0,1858.0,19.91388589881593,4.7362755651237896,38.21313240043057
E01002143,6.4,6.800000000000001,26.0,1631.0,15.941140404659718,3.9239730226854688,4.169221336603311
E01002144,10.4,11.8,24.8,1620.0,15.308641975308642,6.419753086419753,7.283950617283951
E01002145,4.6,8.0,23.4,1685.0,13.887240356083085,2.729970326409495,4.747774480712166
E01002146,5.4,4.4,11.0,1462.0,7.523939808481532,3.693570451436389,3.0095759233926134
E01002147,8.399999999999999,4.0,8.6,1356.0,6.342182890855457,6.194690265486725,2.949852507374631
E01002148,6.3999999999999995,9.6,13.8,1464.0,9.426229508196721,4.371584699453552,6.557377049180328
E01002149,3.8,3.2,5.4,1321.0,4.08781226343679,2.8766086298258893,2.4224072672218018
E01002150,12.6,107.99999999999999,37.8,2400.0,15.75,5.249999999999999,44.99999999999999
E01002151,8.6,16.6,42.199999999999996,1566.0,26.947637292464876,5.491698595146871,10.600255427841635
E01002152,5.800000000000001,2.4,11.4,1615.0,7.058823529411765,3.5913312693498454,1.4860681114551082
E01002153,4.0,6.6,10.8,1880.0,5.74468085106383,2.127659574468085,3.51063829787234
E01002155,5.0,7.3999999999999995,20.4,1726.0,11.819235225955966,2.8968713789107765,4.287369640787949
E01002156,4.6,4.8,12.6,1568.0,8.035714285714285,2.9336734693877546,3.061224489795918
E01002157,6.2,38.8,45.4,1698.0,26.73733804475854,3.651354534746761,22.850412249705535
E01002158,4.800000000000001,2.6,9.2,1407.0,6.5387348969438515,3.411513859275054,1.847903340440654
E01002159,5.6,23.799999999999997,26.6,1929.0,13.78952825298082,2.903058579574909,12.337998963193362
E01002160,11.4,100.2,53.199999999999996,2475.0,21.494949494949495,4.606060606060606,40.484848484848484
E01002161,5.800000000000001,24.6,29.4,2058.0,14.285714285714285,2.8182701652089412,11.953352769679302
E01002162,8.4,12.4,30.200000000000003,1927.0,15.672029060716142,4.359107420861443,6.434872859366891
E01002163,6.4,4.2,13.4,1651.0,8.116293155663234,3.8764385221078137,2.543912780133253
E01002164,5.0,13.2,25.0,1924.0,12.993762993762994,2.598752598752599,6.86070686070686
E01002165,7.8,16.2,21.4,1763.0,12.138400453771979,4.424276800907544,9.188882586500283
E01002166,2.8,5.2,16.4,1708.0,9.601873536299765,1.639344262295082,3.0444964871194378
E01002167,3.8,5.0,19.0,1610.0,11.801242236024846,2.360248447204969,3.105590062111801
E01002168,5.199999999999999,6.800000000000001,22.4,1548.0,14.470284237726098,3.3591731266149867,4.392764857881137
E01002169,4.2,9.6,29.8,1667.0,17.876424715056988,2.519496100779844,5.758848230353929
E01002170,3.5999999999999996,5.4,18.2,1369.0,13.294375456537617,2.6296566837107376,3.944485025566107
E01002171,4.8,7.2,21.6,1703.0,12.68349970640047,2.8185554903112156,4.227833235466823
E01002172,4.0,11.8,22.6,1613.0,14.011159330440174,2.4798512089274642,7.31556106633602
E01002173,3.8000000000000003,3.4000000000000004,15.4,1909.0,8.067050811943426,1.9905709795704556,1.78103719224725
E01002174,3.4000000000000004,9.0,22.8,1568.0,14.540816326530614,2.168367346938776,5.7397959183673475
E01002175,2.4,13.6,26.0,1420.0,18.309859154929576,1.6901408450704225,9.577464788732394
E01002176,7.3999999999999995,18.799999999999997,32.2,1695.0,18.997050147492626,4.365781710914454,11.091445427728612
E01002177,2.2,11.399999999999999,22.200000000000003,1478.0,15.020297699594048,1.4884979702300407,7.7131258457374825
E01002178,2.0,3.8000000000000003,10.2,1638.0,6.227106227106226,1.221001221001221,2.31990231990232
E01002179,26.8,93.6,111.8,2632.0,42.47720364741641,10.182370820668694,35.56231003039514
E01002181,17.0,25.0,53.8,2336.0,23.03082191780822,7.277397260273972,10.702054794520548
E01002182,8.6,13.799999999999999,42.4,2142.0,19.794584500466854,4.014939309056956,6.442577030812324
E01002183,9.2,16.200000000000003,39.4,2107.0,18.699572852396773,4.366397721879449,7.6886568580920756
E01002184,8.2,10.8,37.0,1928.0,19.19087136929461,4.253112033195021,5.601659751037344
E01002185,6.8,8.8,37.599999999999994,1855.0,20.269541778975736,3.6657681940700804,4.743935309973046
E01002186,10.6,83.4,43.6,1935.0,22.532299741602067,5.478036175710594,43.10077519379845
E01002187,6.4,5.2,21.0,1983.0,10.59001512859304,3.2274331820474034,2.6222894604135147
E01002188,7.2,2.4,7.2,1608.0,4.477611940298508,4.477611940298508,1.492537313432836
E01002189,11.2,97.39999999999999,34.0,1734.0,19.607843137254903,6.459054209919262,56.17070357554786
E01002190,10.2,3.4,10.0,1708.0,5.85480093676815,5.971896955503512,1.9906323185011707
E01002191,3.4000000000000004,5.0,28.0,2021.0,13.854527461652648,1.682335477486393,2.474022761009401
E01002192,8.0,12.0,17.799999999999997,1683.0,10.576351752822339,4.753416518122401,7.1301247771836005
E01002193,4.800000000000001,13.200000000000001,32.0,2045.0,15.647921760391197,2.34718826405868,6.45476772616137
E01002194,7.8,3.1999999999999997,15.2,1838.0,8.269858541893361,4.243743199129488,1.7410228509249182
E01002195,4.6,20.6,13.6,1658.0,8.202653799758746,2.7744270205066344,12.424607961399277
E01002196,3.2,3.0,12.600000000000001,1822.0,6.915477497255764,1.7563117453347972,1.646542261251372
E01002197,4.0,3.6000000000000005,17.4,1416.0,12.288135593220337,2.824858757062147,2.5423728813559325
E01002198,3.0,3.4,19.8,1812.0,10.927152317880795,1.6556291390728477,1.8763796909492274
E01002199,3.6,5.800000000000001,13.8,1570.0,8.789808917197453,2.292993630573249,3.6942675159235674
E01002200,10.4,9.8,38.6,2199.0,17.55343337880855,4.729422464756707,4.456571168713052
E01002201,6.4,4.0,11.0,1713.0,6.42148277875073,3.736135434909516,2.335084646818447
E01002202,12.0,46.800000000000004,50.2,2196.0,22.859744990892533,5.46448087431694,21.311475409836067
E01002203,9.0,8.0,16.6,1811.0,9.166206515737162,4.969630038652678,4.417448923246825
E01002204,7.3999999999999995,27.6,48.8,1881.0,25.943646996278574,3.934077618288144,14.67304625199362
E01002206,4.6,13.399999999999999,16.4,1388.0,11.815561959654177,3.3141210374639765,9.654178674351584
E01002207,4.0,3.5999999999999996,15.8,1773.0,8.911449520586578,2.256063169768754,2.030456852791878
E01002208,4.2,4.8,10.2,1360.0,7.5,3.088235294117647,3.5294117647058822
E01002209,9.4,40.8,47.400000000000006,1861.0,25.470177324019346,5.051047823750673,21.923696937130575
E01002210,4.6,4.2,17.0,1548.0,10.981912144702841,2.9715762273901807,2.7131782945736433
E01002211,3.0,7.3999999999999995,34.8,1486.0,23.4185733512786,2.018842530282638,4.979811574697173
E01002212,6.8,91.6,65.0,1888.0,34.42796610169491,3.6016949152542375,48.516949152542374
E01002214,7.0,9.0,35.599999999999994,1909.0,18.648507071765316,3.666841278156103,4.714510214772132
E01002215,6.6,14.0,37.4,1736.0,21.543778801843317,3.80184331797235,8.064516129032258
E01002216,6.6000000000000005,8.6,20.6,1732.0,11.89376443418014,3.810623556581987,4.965357967667436
E01002217,3.4,10.8,40.4,2206.0,18.31368993653672,1.541251133272892,4.895738893925658
E01002218,6.6,53.0,41.2,1817.0,22.67473858007705,3.6323610346725372,29.168959823885526
E01002219,12.600000000000001,70.8,73.8,1930.0,38.23834196891192,6.528497409326426,36.68393782383419
E01002220,6.800000000000001,6.2,19.0,1643.0,11.5642118076689,4.138770541692027,3.7735849056603774
E01002221,9.0,39.6,43.8,1630.0,26.87116564417178,5.521472392638037,24.29447852760736
E01002222,7.4,8.0,27.4,1605.0,17.071651090342677,4.610591900311526,4.984423676012462
E01002223,7.8,8.4,22.6,1794.0,12.597547380156078,4.3478260869565215,4.682274247491639
E01002224,6.6,3.2,22.8,1624.0,14.039408866995075,4.0640394088669956,1.9704433497536948
E01002225,9.2,4.4,14.2,1751.0,8.109651627641348,5.254140491147915,2.5128498001142208
E01002226,20.0,64.6,70.4,2623.0,26.83949675943576,7.624857033930614,24.62828821959588
E01002227,5.6,7.8,33.8,2275.0,14.857142857142856,2.4615384615384612,3.4285714285714284
E01002228,11.2,7.4,28.8,2251.0,12.794313638382942,4.975566414926699,3.2874278098622836
E01002229,9.8,14.2,42.4,1828.0,23.194748358862142,5.361050328227572,7.7680525164113785
E01002230,6.0,2.8000000000000003,13.6,1838.0,7.399347116430903,3.264417845484222,1.5233949945593037
E01002231,6.4,9.8,29.6,2056.0,14.396887159533074,3.11284046692607,4.766536964980546
E01002232,10.0,26.0,52.6,2153.0,24.431026474686487,4.644681839294009,12.076172782164422
E01002233,13.6,46.400000000000006,75.6,2422.0,31.21387283236994,5.615194054500413,19.15772089182494
E01002234,7.0,7.800000000000001,38.4,1962.0,19.571865443425075,3.567787971457696,3.975535168195719
E01002235,6.2,14.799999999999999,44.8,1881.0,23.817118553960658,3.29611908559277,7.868155236576288
E01002236,13.200000000000001,42.2,63.8,2327.0,27.4172754619682,5.672539750752042,18.134937688010314
E01002237,3.2,12.4,28.400000000000002,2114.0,13.434247871333964,1.5137180700094608,5.865657521286661
E01002238,7.0,13.0,25.4,1886.0,13.467656415694591,3.711558854718982,6.892895015906681
E01002239,9.4,7.0,21.0,1936.0,10.847107438016529,4.855371900826446,3.615702479338843
E01002240,3.0,7.6,24.8,1957.0,12.672457843638222,1.532958610117527,3.883495145631068
E01002241,5.6,7.800000000000001,32.0,1902.0,16.82439537329127,2.9442691903259726,4.100946372239748
E01002242,3.8,10.0,16.0,1866.0,8.57449088960343,2.0364415862808145,5.359056806002144
E01002243,6.0,26.2,72.4,1972.0,36.713995943204864,3.0425963488843815,13.286004056795132
E01002244,7.2,8.0,45.4,1814.0,25.02756339581036,3.9691289966923926,4.410143329658214
E01002245,6.8,28.0,31.4,1647.0,19.064966605950215,4.128718882817243,17.000607164541588
E01002246,6.2,16.599999999999998,39.4,1841.0,21.40141227593699,3.367734926670288,9.01683867463335
E01002247,6.6000000000000005,11.2,66.6,2486.0,26.790024135156877,2.6548672566371687,4.505229283990346
E01002248,16.0,61.4,141.6,1754.0,80.72976054732041,9.122006841505131,35.00570125427594
E01002250,7.8,9.0,48.0,1833.0,26.186579378068743,4.25531914893617,4.909983633387888
E01002251,4.8,6.4,34.6,1596.0,21.67919799498747,3.007518796992481,4.010025062656641
E01002252,3.0,3.4000000000000004,12.0,1591.0,7.54242614707731,1.8856065367693275,2.137020741671905
E01002253,3.4000000000000004,2.2,8.8,1583.0,5.5590650663297545,2.147820593809223,1.3897662665824386
E01002254,3.0,9.6,17.8,1630.0,10.920245398773007,1.8404907975460123,5.889570552147239
E01002255,1.6,2.6,15.4,1543.0,9.98055735580039,1.0369410239792614,1.6850291639662995
E01002256,1.9999999999999998,1.4,7.0,1518.0,4.61133069828722,1.3175230566534912,0.922266139657444
E01002257,4.6,3.4,11.6,1736.0,6.682027649769585,2.649769585253456,1.9585253456221199
E01002258,3.0,9.4,46.0,1839.0,25.013594344752583,1.6313213703099512,5.11147362697118
E01002259,3.0,3.6000000000000005,17.0,1548.0,10.981912144702841,1.937984496124031,2.325581395348838
E01002260,6.800000000000001,6.2,37.6,1810.0,20.773480662983424,3.756906077348067,3.425414364640884
E01002261,8.4,92.39999999999999,40.8,1786.0,22.84434490481523,4.703247480403135,51.73572228443449
E01002262,4.0,6.2,29.4,1758.0,16.72354948805461,2.2753128555176336,3.526734926052332
E01002263,3.4,3.2,18.4,1608.0,11.44278606965174,2.1144278606965172,1.9900497512437814
E01002264,5.6,8.0,47.8,1673.0,28.57142857142857,3.3472803347280333,4.781829049611476
E01002265,4.8,19.8,18.0,1508.0,11.936339522546419,3.183023872679045,13.12997347480106
E01002266,7.0,79.0,32.0,1543.0,20.738820479585225,4.536616979909268,51.19896305897602
E01002267,3.4000000000000004,6.2,33.8,1798.0,18.79866518353726,1.8909899888765298,3.4482758620689653
E01002268,4.2,5.2,29.4,1488.0,19.758064516129032,2.8225806451612905,3.4946236559139785
E01002269,4.6,16.4,24.2,1857.0,13.031771674744212,2.4771136241249327,8.83144857296715
E01002270,7.0,4.800000000000001,20.6,1739.0,11.845888441633123,4.025301897642324,2.7602070155261647
E01002271,3.6,4.4,10.4,1591.0,6.536769327467002,2.262727844123193,2.7655562539283474
E01002272,3.0,17.8,16.799999999999997,1361.0,12.343864805290226,2.204261572373255,13.07861866274798
E01002273,2.8000000000000003,6.8,25.0,1341.0,18.64280387770321,2.087994034302759,5.070842654735272
E01002274,3.2,22.0,17.2,1665.0,10.33033033033033,1.9219219219219221,13.213213213213212
E01002275,1.7999999999999998,3.8000000000000003,12.8,1318.0,9.711684370257966,1.3657056145675264,2.883156297420334
E01002276,12.4,12.399999999999999,51.0,2074.0,24.59016393442623,5.978784956605593,5.978784956605592
E01002277,12.0,33.0,59.2,1621.0,36.520666255397906,7.402837754472547,20.357803824799507
E01002278,7.6000000000000005,7.2,39.0,1726.0,22.595596755504054,4.403244495944381,4.171494785631518
E01002279,8.799999999999999,5.6,45.2,1746.0,25.88774341351661,5.040091638029782,3.2073310423825885
E01002280,7.800000000000001,7.6,69.4,1860.0,37.31182795698925,4.193548387096775,4.086021505376344
E01002281,20.8,25.8,84.39999999999999,2463.0,34.2671538773853,8.444985789687372,10.475030450669914
E01002282,21.0,161.2,162.2,1958.0,82.83963227783451,10.725229826353422,82.32890704800816
E01002283,9.799999999999999,8.8,30.4,1699.0,17.892878163625664,5.7680988816951135,5.1795173631547975
E01002284,9.8,19.4,52.8,2068.0,25.53191489361702,4.738878143133463,9.381044487427467
E01002285,3.8,11.8,18.4,1365.0,13.479853479853478,2.7838827838827838,8.644688644688646
E01002286,3.6,1.8,8.2,1618.0,5.067985166872682,2.2249690976514214,1.1124845488257107
E01002287,3.4000000000000004,6.6,18.4,1597.0,11.521603005635566,2.128991859737007,4.132748904195367
E01002288,1.4,3.1999999999999997,14.4,1598.0,9.011264080100126,0.8760951188986231,2.002503128911139
E01002289,8.2,57.8,21.4,1664.0,12.860576923076923,4.927884615384615,34.73557692307693
E01002290,3.4,2.6,14.6,1492.0,9.785522788203753,2.2788203753351204,1.742627345844504
E01002291,2.8,15.200000000000001,29.6,1512.0,19.57671957671958,1.8518518518518516,10.052910052910054
E01002292,4.6000000000000005,8.2,27.400000000000002,1705.0,16.070381231671554,2.6979472140762466,4.809384164222874
E01002294,3.8,4.0,24.2,1540.0,15.714285714285715,2.4675324675324672,2.5974025974025974
E01002295,8.4,9.0,33.599999999999994,2002.0,16.78321678321678,4.195804195804196,4.495504495504496
E01002296,12.4,6.6000000000000005,19.6,1696.0,11.556603773584907,7.311320754716982,3.8915094339622645
E01002297,10.6,29.0,49.6,1642.0,30.207064555420217,6.455542021924482,17.66138855054811
E01002298,9.4,7.2,27.6,1605.0,17.19626168224299,5.856697819314642,4.485981308411215
E01002299,8.0,9.8,40.8,1817.0,22.454595487066594,4.402861860209136,5.393505778756192
E01002300,7.0,9.4,21.0,2001.0,10.494752623688155,3.4982508745627188,4.697651174412794
E01002301,4.4,6.4,18.6,1637.0,11.362248014660965,2.6878436163714117,3.9095907147220523
E01002302,5.2,18.0,33.4,1723.0,19.38479396401625,3.0179918746372607,10.44689495066744
E01002303,8.600000000000001,8.6,42.2,2154.0,19.591457753017643,3.992571959145776,3.992571959145775
E01002304,8.2,12.799999999999999,42.2,1541.0,27.384815055158988,5.321219987021415,8.306294613887086
E01002305,3.2,5.2,30.6,1714.0,17.852975495915985,1.866977829638273,3.0338389731621938
E01002306,5.0,8.0,55.0,1839.0,29.907558455682437,2.7188689505165855,4.350190320826536
E01002307,5.199999999999999,5.3999999999999995,30.599999999999998,1898.0,16.122233930453106,2.7397260273972597,2.845100105374078
E01002308,3.8,7.2,43.0,1855.0,23.180592991913745,2.048517520215633,3.881401617250674
E01002309,5.3999999999999995,8.8,45.2,1787.0,25.293788472299948,3.0218242865137097,4.924454392837157
E01002310,17.0,100.0,78.8,1875.0,42.026666666666664,9.066666666666666,53.333333333333336
E01002311,7.199999999999999,11.200000000000001,48.8,1894.0,25.765575501583946,3.8014783526927136,5.913410770855333
E01002312,3.8,11.4,50.8,1697.0,29.93517972893341,2.2392457277548616,6.7177371832645845
E01002313,10.2,13.0,56.400000000000006,2260.0,24.95575221238938,4.513274336283185,5.752212389380531
E01002314,7.6,10.8,57.0,1855.0,30.7277628032345,4.097035040431266,5.822102425876012
E01002315,5.2,8.200000000000001,39.0,1727.0,22.5825130283729,3.011001737116387,4.7481181239143035
E01002316,11.0,14.599999999999998,92.4,2074.0,44.55159112825458,5.303760848601736,7.039537126325939
E01002317,2.4,4.4,16.2,1546.0,10.478654592496765,1.5523932729624839,2.846054333764554
E01002318,2.8,2.6,18.2,1656.0,10.990338164251208,1.6908212560386473,1.5700483091787438
E01002319,18.2,139.4,65.8,1861.0,35.3573347662547,9.779688339602364,74.90596453519613
E01002320,0.8,4.8,11.8,1499.0,7.871914609739827,0.533689126084056,3.202134756504336
E01002321,6.0,26.799999999999997,33.2,1796.0,18.48552338530067,3.34075723830735,14.922048997772826
E01002322,3.0,6.3999999999999995,20.6,1931.0,10.668047643707924,1.5535991714137751,3.314344899016054
E01002323,8.2,3.6,20.2,1725.0,11.710144927536232,4.753623188405796,2.086956521739131
E01002324,4.2,5.0,21.4,1541.0,13.887086307592472,2.7255029201817003,3.244646333549643
E01002325,8.0,49.4,50.0,2144.0,23.32089552238806,3.7313432835820897,23.041044776119403
E01002326,11.4,147.8,63.8,1696.0,37.617924528301884,6.721698113207547,87.14622641509435
E01002327,1.2,4.2,16.8,1556.0,10.796915167095117,0.7712082262210797,2.699228791773779
E01002328,5.4,8.2,22.0,1794.0,12.263099219620958,3.0100334448160537,4.570791527313267
E01002329,6.4,14.4,34.2,1737.0,19.68911917098446,3.6845135290731146,8.290155440414507
E01002330,8.4,50.4,34.4,1843.0,18.665219750406944,4.557786218122626,27.346717308735755
E01002331,4.6000000000000005,5.0,21.6,1663.0,12.988574864702345,2.7660853878532774,3.006614552014432
E01002332,4.2,14.2,27.0,1754.0,15.39338654503991,2.394526795895097,8.095781071835802
E01002333,6.0,9.6,13.8,1328.0,10.391566265060241,4.518072289156627,7.228915662650602
E01002334,7.800000000000001,5.6,19.400000000000002,1732.0,11.20092378752887,4.503464203233257,3.233256351039261
E01002335,1.7999999999999998,5.4,30.799999999999997,1480.0,20.81081081081081,1.2162162162162162,3.6486486486486487
E01002336,3.8000000000000003,9.6,27.4,1634.0,16.768665850673194,2.3255813953488373,5.875152998776009
E01002337,9.8,86.0,25.6,1322.0,19.36459909228442,7.413010590015129,65.05295007564297
E01002338,7.0,11.600000000000001,32.8,1410.0,23.26241134751773,4.964539007092199,8.22695035460993
E01002339,3.2,5.800000000000001,28.8,1648.0,17.475728155339805,1.941747572815534,3.5194174757281558
E01002340,2.2,7.6000000000000005,25.4,1478.0,17.185385656292286,1.4884979702300407,5.142083897158322
E01002341,4.8,4.0,17.8,1478.0,12.043301759133966,3.247631935047361,2.7063599458728014
E01002342,6.6,11.0,37.2,1723.0,21.590249564712714,3.8305281485780616,6.3842135809634355
E01002343,3.6,7.2,26.4,1755.0,15.042735042735043,2.051282051282051,4.102564102564102
E01002344,11.8,18.8,53.2,1968.0,27.032520325203254,5.9959349593495945,9.552845528455286
E01002345,15.2,97.2,82.0,1957.0,41.90086867654573,7.766990291262136,49.667858967807874
E01002346,7.799999999999999,6.2,40.2,1553.0,25.88538312942692,5.022537025112684,3.9922730199613654
E01002347,7.0,5.0,25.0,1504.0,16.622340425531913,4.654255319148936,3.324468085106383
E01002348,3.8,4.6,18.0,1560.0,11.538461538461538,2.4358974358974357,2.9487179487179485
E01002349,3.0,5.000000000000001,25.6,1545.0,16.569579288025892,1.941747572815534,3.2362459546925573
E01002350,16.6,72.2,67.2,1723.0,39.00174114915845,9.634358676726642,41.90365641323274
E01002351,6.800000000000001,8.6,24.8,1768.0,14.027149321266968,3.8461538461538463,4.864253393665159
E01002352,7.3999999999999995,11.799999999999999,34.0,1987.0,17.1112229491696,3.7242073477604425,5.938600905888273
E01002353,13.200000000000001,97.0,145.4,2045.0,71.10024449877751,6.45476772616137,47.432762836185816
E01002354,2.8,6.6,15.8,1388.0,11.38328530259366,2.0172910662824206,4.755043227665706
E01002355,5.0,4.4,12.8,1492.0,8.579088471849866,3.351206434316354,2.9490616621983916
E01002356,26.2,294.6,396.20000000000005,2110.0,187.77251184834125,12.417061611374407,139.62085308056874
E01002358,9.200000000000001,14.0,50.0,2109.0,23.707918444760548,4.362256993835942,6.638217164532954
E01002359,2.5999999999999996,3.6000000000000005,9.600000000000001,1313.0,7.3115003808073125,1.9801980198019797,2.741812642802742
E01002360,5.4,5.6,26.2,1484.0,17.654986522911052,3.6388140161725073,3.773584905660377
E01002361,15.399999999999999,157.4,104.0,1981.0,52.4987380111055,7.773851590106006,79.45482079757699
E01002362,4.6,9.6,21.2,1507.0,14.06768414067684,3.0524220305242205,6.37027206370272
E01002363,4.0,8.6,24.8,1480.0,16.756756756756754,2.7027027027027026,5.8108108108108105
E01002364,2.8,5.4,9.0,1355.0,6.642066420664207,2.0664206642066416,3.9852398523985237
E01002365,5.2,15.2,29.6,1343.0,22.040208488458674,3.8719285182427403,11.317944899478778
E01002366,2.2,12.4,23.4,1548.0,15.116279069767442,1.4211886304909562,8.010335917312663
E01002367,6.6,24.000000000000004,25.4,1743.0,14.57257601835915,3.78657487091222,13.76936316695353
E01002368,24.0,83.0,120.2,2487.0,48.331322878970646,9.650180940892641,33.37354242058705
E01002369,7.800000000000001,9.0,41.6,2045.0,20.34229828850856,3.8141809290953548,4.400977995110024
E01002370,19.8,34.4,98.8,2469.0,40.01620089104901,8.019441069258809,13.932766302146618
E01002371,7.800000000000001,9.2,33.599999999999994,1707.0,19.683655536028116,4.569420035149386,5.389572349150556
E01002372,5.3999999999999995,4.2,18.2,1695.0,10.737463126843657,3.1858407079646014,2.4778761061946906
E01002373,7.999999999999999,5.8,28.2,1701.0,16.57848324514991,4.7031158142269245,3.409758965314521
E01002374,8.4,22.4,41.2,1732.0,23.78752886836028,4.849884526558892,12.933025404157044
E01002375,13.6,11.200000000000001,57.2,1932.0,29.606625258799173,7.0393374741200825,5.797101449275363
E01002376,3.2,4.0,7.6000000000000005,1455.0,5.223367697594502,2.1993127147766325,2.7491408934707904
E01002377,9.0,15.6,37.0,1774.0,20.856820744081173,5.073280721533258,8.793686583990981
E01002378,3.2,5.2,16.2,1706.0,9.495896834701055,1.8757327080890973,3.048065650644783
E01002379,8.6,33.0,41.8,1600.0,26.125,5.375,20.625
E01002380,9.8,23.8,46.0,2286.0,20.122484689413824,4.286964129483815,10.411198600174979
E01002381,4.8,2.8,33.6,1561.0,21.524663677130047,3.0749519538757206,1.7937219730941703
E01002382,5.800000000000001,6.799999999999999,28.0,1815.0,15.426997245179065,3.1955922865013777,3.7465564738292008
E01002383,4.0,7.0,21.8,1666.0,13.085234093637455,2.4009603841536613,4.201680672268908
E01002384,4.0,30.4,19.8,1639.0,12.080536912751679,2.4405125076266017,18.547895057962172
E01002385,6.3999999999999995,28.4,25.2,1575.0,16.0,4.063492063492063,18.03174603174603
E01002386,17.0,136.0,53.8,2057.0,26.15459406903257,8.264462809917356,66.11570247933885
E01002387,3.0,12.0,9.4,1607.0,5.849408836341008,1.866832607342875,7.4673304293715
E01002388,4.8,1.7999999999999998,7.800000000000001,1649.0,4.730139478471802,2.9108550636749544,1.0915706488781078
E01002389,3.5999999999999996,3.0,11.0,1593.0,6.905210295040804,2.259887005649717,1.8832391713747645
E01002390,3.0,8.8,7.2,1488.0,4.838709677419355,2.0161290322580645,5.913978494623657
E01002391,8.4,8.6,16.6,1739.0,9.545715928694651,4.830362277170789,4.945370902817712
E01002392,7.0,9.399999999999999,56.2,1760.0,31.931818181818187,3.977272727272727,5.34090909090909
E01002393,7.6000000000000005,13.000000000000002,63.0,2130.0,29.577464788732392,3.568075117370892,6.103286384976527
E01002394,3.0,7.4,32.400000000000006,1746.0,18.55670103092784,1.7182130584192439,4.238258877434136
E01002395,2.6,5.6000000000000005,20.6,1386.0,14.862914862914865,1.875901875901876,4.040404040404041
E01002396,8.0,28.6,51.4,1834.0,28.02617230098146,4.362050163576881,15.594329334787352
E01002397,18.0,90.2,115.19999999999999,1958.0,58.83554647599591,9.19305413687436,46.06741573033708
E01002398,3.0,8.8,45.2,1855.0,24.36657681940701,1.6172506738544474,4.743935309973046
E01002399,3.8,11.0,27.200000000000003,1677.0,16.21943947525343,2.2659511031604054,6.55933214072749
E01002400,8.8,12.8,39.4,1996.0,19.739478957915832,4.408817635270542,6.412825651302605
E01002401,11.4,20.2,81.0,2337.0,34.65982028241335,4.878048780487805,8.643560119811724
E01002402,4.2,7.0,49.4,1638.0,30.158730158730158,2.5641025641025643,4.273504273504274
E01002403,7.2,12.8,55.4,2474.0,22.392886014551333,2.910266774454325,5.173807599029912
E01002404,7.4,14.6,47.0,2025.0,23.209876543209877,3.6543209876543212,7.209876543209876
E01002405,9.4,24.4,65.0,1959.0,33.18019397651863,4.79836651352731,12.455334354262378
E01002408,9.4,13.6,61.2,1651.0,37.068443367655966,5.693519079345851,8.237431859479104
E01002409,7.8,11.6,41.0,2009.0,20.408163265306122,3.882528621204579,5.774016923842708
E01002410,8.8,65.2,50.800000000000004,1939.0,26.19907168643631,4.538421866941723,33.62558019597731
E01002411,3.0,12.0,54.2,2129.0,25.457961484264914,1.4091122592766556,5.6364490371066225
E01002412,7.8,74.2,308.40000000000003,2323.0,132.75936289281103,3.357727077055532,31.941455015066726
E01002413,10.0,58.6,56.6,1634.0,34.63892288861689,6.119951040391677,35.86291309669522
E01002414,12.4,44.4,74.4,2696.0,27.596439169139465,4.5994065281899115,16.468842729970326
E01002415,2.4,2.8,17.799999999999997,1714.0,10.385064177362892,1.4002333722287048,1.6336056009334887
E01002416,3.0,4.4,16.200000000000003,1744.0,9.288990825688076,1.7201834862385321,2.522935779816514
E01002417,8.2,18.2,27.2,1780.0,15.280898876404493,4.606741573033707,10.224719101123595
E01002418,3.6,2.2,15.399999999999999,1777.0,8.666291502532358,2.0258863252673045,1.2380416432189083
E01002419,5.0,6.199999999999999,16.0,1690.0,9.467455621301776,2.9585798816568047,3.6686390532544375
E01002420,1.2,4.8,22.2,1616.0,13.737623762376238,0.7425742574257426,2.9702970297029703
E01002421,4.4,14.600000000000001,31.2,1703.0,18.320610687022903,2.5836758661186146,8.573106283029947
E01002422,8.4,27.2,42.2,1564.0,26.98209718670077,5.370843989769821,17.391304347826086
E01002423,9.2,18.6,55.599999999999994,1819.0,30.56624518966465,5.057724024189115,10.225398570643211
E01002424,4.2,6.6,30.599999999999998,1695.0,18.05309734513274,2.4778761061946906,3.893805309734513
E01002425,4.6,10.399999999999999,36.8,1693.0,21.73656231541642,2.7170702894270526,6.1429415239220315
E01002426,7.8,7.6,40.6,2053.0,19.77593765221627,3.7993180711154406,3.7018996590355577
E01002427,2.8,5.800000000000001,16.0,1597.0,10.018785222291797,1.7532874139010644,3.6318096430807767
E01002428,1.2,4.8,28.6,1565.0,18.274760383386585,0.7667731629392971,3.0670926517571884
E01002429,5.0,6.6,30.0,1573.0,19.071837253655435,3.178639542275906,4.195804195804196
E01002430,7.3999999999999995,3.8,8.4,1391.0,6.03882099209202,5.319913731128684,2.7318475916606757
E01002431,2.0,3.4,5.4,1339.0,4.032860343539955,1.4936519790888725,2.539208364451083
E01002432,6.6,85.2,33.599999999999994,1503.0,22.355289421157682,4.391217564870259,56.68662674650699
E01002433,12.0,13.0,49.599999999999994,2497.0,19.863836603924707,4.805766920304365,5.206247496996396
E01002434,5.6,16.8,11.6,1329.0,8.72836719337848,4.213694507148232,12.641083521444695
E01002435,5.800000000000001,2.4,13.8,1536.0,8.984375000000002,3.776041666666667,1.5624999999999998
E01002436,6.2,28.0,27.0,1679.0,16.081000595592617,3.692674210839786,16.676593210244192
E01002437,6.6,3.4000000000000004,9.600000000000001,1418.0,6.770098730606489,4.65444287729196,2.3977433004231314
E01002438,4.4,5.8,27.200000000000003,1441.0,18.87578070784178,3.053435114503817,4.02498265093685
E01002439,8.4,26.200000000000003,41.6,1549.0,26.85603615235636,5.422853453841188,16.914138153647517
E01002440,6.0,5.0,26.6,1584.0,16.792929292929294,3.787878787878788,3.1565656565656566
E01002441,7.3999999999999995,6.4,36.6,1601.0,22.86071205496565,4.62211118051218,3.9975015615240475
E01002442,5.199999999999999,7.199999999999999,31.6,1625.0,19.446153846153845,3.1999999999999997,4.43076923076923
E01002443,14.6,48.6,73.4,2041.0,35.962763351298385,7.153356197942185,23.811856932876044
E01002444,19.2,1157.0,499.6,1894.0,263.7803590285111,10.13727560718057,610.8764519535374
E01002445,10.200000000000001,18.799999999999997,60.599999999999994,1769.0,34.25664217071792,5.765969474279254,10.627473148671564
E01002446,12.8,34.0,91.6,1965.0,46.61577608142493,6.513994910941476,17.302798982188293
E01002447,14.4,89.79999999999998,87.8,2073.0,42.354076218041484,6.946454413892909,43.31886155330438
E01002448,16.4,34.199999999999996,66.6,2153.0,30.933581049698095,7.617278216442173,15.884811890385507
E01002449,15.0,31.4,74.4,2146.0,34.66915191053122,6.989748369058714,14.631873252562906
E01002450,3.4,6.2,20.799999999999997,1500.0,13.866666666666664,2.2666666666666666,4.133333333333334
E01002451,3.6000000000000005,6.2,17.0,1504.0,11.303191489361703,2.3936170212765964,4.122340425531915
E01002452,5.4,25.6,31.200000000000003,1538.0,20.286085825747726,3.5110533159947988,16.644993498049413
E01002453,4.0,3.8000000000000003,22.8,1784.0,12.780269058295964,2.242152466367713,2.1300448430493275
E01002454,4.4,11.8,49.2,1920.0,25.625000000000004,2.2916666666666665,6.145833333333334
E01002455,6.4,11.8,36.2,1982.0,18.264379414732595,3.229061553985873,5.953582240161453
E01002456,4.0,63.0,50.8,1736.0,29.262672811059907,2.304147465437788,36.29032258064517
E01002457,4.0,11.399999999999999,46.4,1608.0,28.855721393034823,2.487562189054726,7.08955223880597
E01002458,3.6,4.4,8.600000000000001,1437.0,5.984690327070287,2.5052192066805845,3.061934585942937
E01002459,1.8,3.8,8.2,1669.0,4.913121629718394,1.0784901138406233,2.2768124625524266
E01002460,5.4,30.6,29.8,1422.0,20.956399437412095,3.79746835443038,21.518987341772153
E01002461,10.4,5.800000000000001,22.8,1512.0,15.079365079365079,6.878306878306878,3.8359788359788363
E01002462,2.2,2.8000000000000003,11.2,1498.0,7.476635514018691,1.4686248331108145,1.8691588785046729
E01002463,4.6000000000000005,4.3999999999999995,14.0,1489.0,9.402283411685696,3.0893216924110143,2.9550033579583608
E01002464,2.8,3.0,11.4,1617.0,7.050092764378479,1.7316017316017316,1.8552875695732838
E01002465,3.2,8.2,20.4,1714.0,11.901983663943989,1.866977829638273,4.784130688448074
E01002466,3.2,3.0,18.8,1724.0,10.904872389791183,1.8561484918793503,1.740139211136891
E01002467,1.9999999999999998,4.6,14.600000000000001,1604.0,9.102244389027433,1.2468827930174564,2.8678304239401493
E01002468,1.6,6.4,11.2,1714.0,6.534422403733955,0.9334889148191365,3.733955659276546
E01002469,4.800000000000001,3.6000000000000005,14.2,1656.0,8.574879227053138,2.8985507246376816,2.173913043478261
E01002470,11.200000000000001,36.0,51.2,1834.0,27.917121046892042,6.106870229007634,19.629225736095965
E01002471,2.8,4.0,15.8,1632.0,9.681372549019608,1.7156862745098038,2.450980392156863
E01002472,15.4,117.2,34.199999999999996,1673.0,20.44231918708906,9.205020920502092,70.05379557680813
E01002473,9.4,15.200000000000001,26.8,1682.0,15.933412604042806,5.58858501783591,9.036860879904875
E01002474,7.4,7.0,18.6,1741.0,10.683515221137277,4.2504307869040785,4.02067777139575
E01002475,10.0,9.799999999999999,30.8,1633.0,18.86099203919167,6.12369871402327,6.001224739742804
E01002476,5.0,5.3999999999999995,11.0,1630.0,6.748466257668712,3.067484662576687,3.312883435582822
E01002477,7.6,6.6,16.8,1354.0,12.40768094534712,5.612998522895125,4.874446085672083
E01002478,6.6000000000000005,11.8,20.2,1599.0,12.632895559724828,4.127579737335835,7.379612257661039
E01002479,6.2,7.8,42.0,1843.0,22.78893109061313,3.3640803038524147,4.232230059685296
E01002480,5.800000000000001,3.0000000000000004,7.2,1859.0,3.873050026896181,3.1199569661108124,1.6137708445400756
E01002481,11.2,9.8,32.0,1642.0,19.488428745432397,6.82095006090134,5.968331303288673
E01002482,9.4,3.2,16.6,1661.0,9.993979530403372,5.659241420830825,1.926550270921132
E01002483,11.2,44.0,50.0,1945.0,25.70694087403599,5.758354755784062,22.62210796915167
E01002484,8.6,4.6,27.4,1428.0,19.18767507002801,6.022408963585433,3.221288515406162
E01002485,11.8,45.0,46.400000000000006,2031.0,22.845888724766127,5.809945839487937,22.156573116691284
E01002486,10.6,25.799999999999997,62.4,2245.0,27.79510022271715,4.721603563474387,11.492204899777281
E01002487,5.0,11.0,40.4,1922.0,21.019771071800207,2.6014568158168574,5.723204994797086
E01002488,7.4,8.6,43.8,1767.0,24.787775891341255,4.1878890775325415,4.86700622524052
E01002489,13.2,76.80000000000001,69.4,1934.0,35.88417786970011,6.825232678386763,39.71044467425026
E01002490,13.799999999999999,19.2,68.6,2138.0,32.08606173994387,6.4546304957904574,8.980355472404117
E01002491,8.600000000000001,6.4,44.400000000000006,1722.0,25.783972125435543,4.994192799070849,3.7166085946573753
E01002492,6.2,11.2,40.4,1702.0,23.73678025851939,3.6427732079905994,6.5804935370152755
E01002493,8.0,8.0,57.4,2000.0,28.7,4.0,4.0
E01002494,5.0,10.6,29.0,1800.0,16.11111111111111,2.7777777777777777,5.888888888888888
E01002495,6.2,11.6,29.4,1880.0,15.638297872340425,3.2978723404255317,6.170212765957446
E01002496,12.6,90.8,54.4,1960.0,27.755102040816325,6.428571428571429,46.326530612244895
E01002497,17.8,164.2,86.4,2481.0,34.82466747279323,7.174526400644901,66.18299072954453
E01002498,3.4000000000000004,7.0,18.0,1414.0,12.72984441301273,2.404526166902405,4.9504950495049505
E01002499,5.6000000000000005,16.4,28.4,2056.0,13.813229571984435,2.7237354085603114,7.976653696498054
E01002501,6.6,7.8,28.2,1742.0,16.18828932261768,3.7887485648679675,4.477611940298508
E01002502,6.6000000000000005,8.0,39.8,2007.0,19.830592924763327,3.288490284005979,3.986048829098156
E01002503,9.4,42.4,61.4,1931.0,31.796996374935265,4.86794407042983,21.95753495598136
E01002505,10.6,308.6,100.8,1783.0,56.53393157599551,5.945036455412226,173.0790802019069
E01002506,24.6,191.4,148.0,2076.0,71.29094412331406,11.84971098265896,92.19653179190752
E01002507,10.8,35.4,55.4,1971.0,28.107559614408927,5.47945205479452,17.96042617960426
E01002508,14.600000000000001,23.0,54.2,2188.0,24.77148080438757,6.6727605118829985,10.511882998171846
E01002509,5.8,3.0,10.4,1492.0,6.970509383378016,3.8873994638069704,2.0107238605898123
E01002511,5.2,12.8,30.400000000000002,1625.0,18.707692307692312,3.2,7.8769230769230765
E01002512,4.6000000000000005,31.400000000000002,42.599999999999994,2057.0,20.709771511910546,2.2362664073894023,15.264948954788528
E01002513,3.4,9.8,22.6,1438.0,15.716272600834493,2.364394993045897,6.815020862308763
E01002514,14.4,144.4,139.0,1960.0,70.91836734693878,7.346938775510204,73.6734693877551
E01002516,3.6,6.0,14.2,1467.0,9.679618268575323,2.4539877300613497,4.08997955010225
E01002518,5.2,13.8,38.2,1319.0,28.961334344200154,3.9423805913570886,10.462471569370736
E01002519,7.4,16.8,42.6,1981.0,21.504290762241293,3.735487127713276,8.480565371024737
E01002520,12.8,26.8,70.8,2036.0,34.77406679764244,6.286836935166995,13.163064833005894
E01002521,34.2,353.6,203.8,2056.0,99.12451361867706,16.634241245136188,171.98443579766536
E01002523,5.2,12.0,39.6,1557.0,25.433526011560694,3.3397559409120103,7.707129094412331
E01002525,9.200000000000001,16.0,33.4,1802.0,18.534961154273027,5.105438401775806,8.879023307436182
E01002526,15.2,52.8,81.0,2963.0,27.33715828552143,5.129935875801553,17.81977725278434
E01002527,4.8,9.0,44.2,1603.0,27.573300062383034,2.9943855271366187,5.6144728633811605
E01002528,7.4,13.4,69.0,1888.0,36.54661016949152,3.919491525423729,7.0974576271186445
E01002529,15.200000000000001,75.80000000000001,78.8,2534.0,31.097079715864247,5.998421468034729,29.91318074191003
E01002530,7.3999999999999995,18.2,59.2,1788.0,33.10961968680089,4.138702460850111,10.17897091722595
E01002531,6.4,9.0,36.8,1682.0,21.87871581450654,3.8049940546967895,5.35077288941736
E01002533,3.8,3.8000000000000003,26.8,1457.0,18.393960192175705,2.6080988332189428,2.608098833218943
E01002534,4.2,3.2,13.8,1523.0,9.061063690085359,2.757715036112935,2.101116217990808
E01002535,14.6,108.4,62.4,2188.0,28.519195612431442,6.672760511882998,49.54296160877514
E01002536,6.2,6.2,13.8,1330.0,10.37593984962406,4.661654135338346,4.661654135338346
E01002537,6.2,21.799999999999997,27.6,2483.0,11.115585984695933,2.4969794603302455,8.77970197341925
E01002538,5.6,38.2,44.400000000000006,1688.0,26.303317535545027,3.3175355450236967,22.630331753554504
E01002539,2.5999999999999996,3.4000000000000004,15.0,1709.0,8.777062609713282,1.5213575190169688,1.989467524868344
E01002540,5.800000000000001,142.20000000000002,56.599999999999994,1825.0,31.013698630136982,3.178082191780822,77.9178082191781
E01002541,5.6,16.2,41.0,2005.0,20.448877805486283,2.793017456359102,8.079800498753118
E01002542,11.4,28.400000000000002,70.4,2120.0,33.20754716981132,5.377358490566038,13.39622641509434
E01002543,7.2,9.399999999999999,55.4,1923.0,28.80915236609464,3.74414976599064,4.888195527821112
E01002544,1.6,66.0,31.799999999999997,1694.0,18.772136953955137,0.9445100354191264,38.96103896103896
E01002545,4.0,20.8,52.400000000000006,1494.0,35.073627844712185,2.677376171352075,13.92235609103079
E01002546,7.199999999999999,7.4,27.6,1736.0,15.898617511520738,4.147465437788018,4.262672811059908
E01002547,12.6,13.2,42.0,1716.0,24.475524475524477,7.3426573426573425,7.692307692307692
E01002548,11.0,17.4,55.0,2120.0,25.943396226415096,5.188679245283018,8.20754716981132
E01002549,7.0,14.0,41.4,1870.0,22.139037433155078,3.7433155080213902,7.4866310160427805
E01002550,4.4,7.2,41.2,1845.0,22.330623306233065,2.3848238482384825,3.902439024390244
E01002551,4.6,10.2,55.8,2136.0,26.123595505617978,2.1535580524344566,4.775280898876405
E01002552,9.0,10.8,54.2,1747.0,31.024613623354323,5.151688609044076,6.182026330852891
E01002553,5.4,10.799999999999999,52.4,1759.0,29.7896532120523,3.069926094371802,6.139852188743603
E01002555,10.600000000000001,15.799999999999999,50.8,2068.0,24.564796905222433,5.125725338491297,7.640232108317214
E01002556,8.2,8.6,30.6,1855.0,16.495956873315365,4.420485175202156,4.636118598382749
E01002557,14.0,19.2,59.2,2077.0,28.502648050072224,6.740491092922484,9.244102070293692
E01002558,8.8,29.0,80.8,2198.0,36.760691537761595,4.003639672429482,13.193812556869881
E01002559,10.8,25.200000000000003,86.4,2576.0,33.54037267080746,4.192546583850932,9.782608695652174
E01002560,9.0,16.6,62.2,2011.0,30.929885629040278,4.475385380407758,8.254599701640975
E01002561,4.2,5.6000000000000005,37.599999999999994,1714.0,21.936989498249705,2.4504084014002334,3.2672112018669783
E01002562,10.0,55.599999999999994,53.400000000000006,1484.0,35.983827493261465,6.738544474393532,37.466307277628026
E01002563,8.8,18.599999999999998,34.8,1910.0,18.219895287958114,4.607329842931938,9.738219895287958
E01002564,7.6,39.6,56.6,1895.0,29.868073878627968,4.010554089709762,20.897097625329817
E01002565,19.4,65.6,78.8,2506.0,31.444533120510773,7.7414205905826,26.177174780526734
E01002567,5.8,14.6,37.0,1826.0,20.262869660460023,3.176341730558598,7.995618838992334
E01002569,11.2,24.799999999999997,37.2,2120.0,17.547169811320757,5.283018867924528,11.698113207547168
E01002570,17.8,77.2,46.0,1620.0,28.395061728395063,10.987654320987655,47.654320987654316
E01002571,10.0,7.8,9.8,1283.0,7.6383476227591585,7.79423226812159,6.07950116913484
E01002572,18.0,43.6,43.0,1545.0,27.831715210355988,11.650485436893204,28.220064724919094
E01002573,7.6,40.0,25.8,1548.0,16.666666666666668,4.909560723514211,25.839793281653744
E01002574,7.0,26.8,22.8,1733.0,13.156376226197347,4.039238315060588,15.464512406231968
E01002575,12.6,18.6,17.0,1619.0,10.500308832612724,7.782581840642372,11.488573193329216
E01002576,8.200000000000001,9.8,39.0,1682.0,23.18668252080856,4.875148632580262,5.826397146254459
E01002577,8.4,14.999999999999998,19.8,1662.0,11.913357400722022,5.054151624548736,9.025270758122742
E01002578,13.200000000000001,48.6,38.2,1548.0,24.67700258397933,8.527131782945736,31.395348837209305
E01002579,11.0,17.2,25.0,1726.0,14.484356894553883,6.373117033603708,9.965237543453071
E01002580,10.200000000000001,21.0,32.4,1451.0,22.329427980702963,7.029634734665748,14.472777394900069
E01002581,9.0,19.0,25.4,1881.0,13.503455608718765,4.784688995215311,10.101010101010102
E01002582,6.4,10.8,19.2,1662.0,11.55234657039711,3.850782190132371,6.498194945848375
E01002583,5.8,13.6,43.6,1809.0,24.101713653952462,3.2061912658927585,7.51796572692095
E01002584,10.0,42.4,78.6,2125.0,36.98823529411764,4.705882352941176,19.952941176470585
E01002585,5.0,11.8,39.8,1831.0,21.73675587110868,2.7307482250136537,6.4445658110322235
E01002586,5.6000000000000005,7.0,37.599999999999994,1837.0,20.468154599891125,3.0484485574305933,3.810560696788242
E01002587,9.8,25.2,69.6,2386.0,29.17015926236379,4.107292539815591,10.561609388097233
E01002588,8.8,14.799999999999999,72.0,2026.0,35.53800592300099,4.343534057255677,7.305034550839092
E01002589,16.2,31.6,85.8,2507.0,34.22417231751096,6.461906661348224,12.604706820901477
E01002590,12.4,27.0,101.8,2666.0,38.18454613653413,4.651162790697675,10.127531882970741
E01002591,9.600000000000001,7.4,43.8,1906.0,22.980062959076598,5.03672612801679,3.882476390346275
E01002592,16.4,109.19999999999999,87.8,2151.0,40.81822408182241,7.624360762436075,50.767085076708504
E01002593,13.4,42.2,112.2,2263.0,49.580203269995586,5.921343349536015,18.647812638091033
E01002594,14.8,21.200000000000003,61.4,2311.0,26.56858502812635,6.40415404586759,9.173517957594116
E01002595,9.4,14.4,67.60000000000001,2259.0,29.924745462594075,4.161133244798584,6.374501992031873
E01002596,3.4000000000000004,12.000000000000002,142.4,2143.0,66.44890340643958,1.5865608959402708,5.5996266915538975
E01002598,16.2,138.4,74.0,1927.0,38.4016606123508,8.406850025947067,71.82148417228854
E01002599,5.6,6.3999999999999995,41.4,1579.0,26.21912602913236,3.5465484483850536,4.053198226725775
E01002600,4.8,7.0,32.6,1655.0,19.697885196374624,2.900302114803625,4.229607250755287
E01002601,6.2,13.8,46.800000000000004,1875.0,24.960000000000004,3.306666666666667,7.36
E01002602,5.8,5.800000000000001,32.2,1494.0,21.552878179384205,3.8821954484605086,3.8821954484605095
E01002603,3.8,7.8,50.0,1947.0,25.680534155110426,1.9517205957883923,4.006163328197227
E01002604,4.4,9.799999999999999,64.4,1638.0,39.316239316239326,2.6862026862026864,5.982905982905982
E01002605,11.6,21.799999999999997,62.8,2354.0,26.677994902293964,4.927782497875956,9.260832625318606
E01002606,9.0,13.6,48.6,1689.0,28.774422735346363,5.328596802841918,8.052101835405566
E01002607,8.8,37.4,70.8,2447.0,28.933387821822638,3.5962402942378424,15.284021250510829
E01002608,11.6,46.4,79.8,1898.0,42.04425711275026,6.111696522655427,24.446786090621707
E01002609,8.8,7.6,35.6,1821.0,19.549697968149367,4.832509610104339,4.173531026908292
E01002610,10.2,13.0,49.8,1762.0,28.2633371169126,5.7888762769580016,7.377979568671964
E01002611,7.2,17.4,77.8,2025.0,38.41975308641975,3.555555555555556,8.592592592592593
E01002612,9.200000000000001,49.6,122.0,2104.0,57.98479087452472,4.372623574144487,23.574144486692013
E01002613,6.0,7.0,40.6,1926.0,21.079958463136034,3.115264797507788,3.6344755970924196
E01002614,13.600000000000001,32.800000000000004,62.2,2122.0,29.3119698397738,6.4090480678605095,15.457115928369465
E01002615,14.6,38.6,77.2,1624.0,47.53694581280788,8.990147783251231,23.76847290640394
E01002616,11.0,11.6,32.4,1624.0,19.950738916256157,6.773399014778326,7.142857142857142
E01002617,7.4,8.0,22.2,1634.0,13.586291309669523,4.528763769889841,4.8959608323133414
E01002618,9.8,31.4,34.6,2060.0,16.79611650485437,4.757281553398059,15.242718446601941
E01002619,9.2,12.799999999999999,40.4,2091.0,19.320899091343854,4.399808703969392,6.121472979435676
E01002620,18.0,36.4,95.8,2753.0,34.79840174355249,6.538321830730113,13.221939702143116
E01002621,8.6,16.2,52.2,2007.0,26.00896860986547,4.285002491280518,8.071748878923767
E01002622,6.6000000000000005,20.6,37.8,1920.0,19.6875,3.4375000000000004,10.729166666666668
E01002623,8.6,14.0,59.0,1925.0,30.649350649350648,4.467532467532467,7.2727272727272725
E01002624,9.2,42.6,70.8,1776.0,39.86486486486486,5.18018018018018,23.986486486486488
E01002625,5.6,7.6000000000000005,31.599999999999998,1712.0,18.457943925233643,3.2710280373831773,4.4392523364485985
E01002626,9.0,45.8,40.8,1623.0,25.138632162661736,5.545286506469501,28.219346888478125
E01002627,7.0,9.4,43.4,1791.0,24.232272473478503,3.9084310441094363,5.248464544946957
E01002628,13.6,18.4,54.400000000000006,2169.0,25.08068234209313,6.270170585523282,8.483171968649147
E01002629,14.8,24.000000000000004,60.599999999999994,2680.0,22.61194029850746,5.522388059701492,8.955223880597016
E01002630,7.4,114.4,63.199999999999996,2070.0,30.531400966183575,3.57487922705314,55.26570048309179
E01002631,6.6000000000000005,19.799999999999997,42.2,1837.0,22.97223734349483,3.5928143712574854,10.778443113772454
E01002632,7.0,31.799999999999997,58.400000000000006,1918.0,30.44838373305527,3.6496350364963503,16.579770594369133
E01002633,13.4,45.6,75.0,2229.0,33.64737550471064,6.011664423508299,20.457604306864067
E01002634,6.4,15.4,54.2,1767.0,30.673457838143747,3.6219581211092247,8.715336728919072
E01002635,8.8,29.200000000000003,44.2,2001.0,22.08895552223888,4.397801099450275,14.592703648175915
E01002636,5.0,9.0,43.6,2122.0,20.54665409990575,2.3562676720075397,4.241281809613572
E01002637,18.8,193.8,85.4,1909.0,44.735463593504456,9.848088004190677,101.51911995809324
E01002638,11.8,32.6,60.4,2212.0,27.305605786618443,5.334538878842676,14.737793851717903
E01002639,8.399999999999999,8.8,41.4,1782.0,23.232323232323232,4.713804713804713,4.938271604938272
E01002640,6.8,18.6,50.4,2255.0,22.350332594235034,3.015521064301552,8.248337028824835
E01002641,15.8,82.6,112.8,2691.0,41.917502787068,5.871423262727611,30.69490895577852
E01002643,21.200000000000003,34.8,73.0,2733.0,26.710574460300034,7.757043541895354,12.733260153677277
E01002645,9.8,25.799999999999997,74.2,2258.0,32.86093888396811,4.340124003542958,11.426040744021256
E01002646,8.0,20.0,66.4,2324.0,28.571428571428573,3.442340791738382,8.605851979345955
E01002647,6.800000000000001,10.200000000000001,52.0,2216.0,23.465703971119133,3.068592057761733,4.6028880866426
E01002649,14.0,28.199999999999996,80.4,2053.0,39.162201656113005,6.819288845591816,13.735996103263515
E01002650,10.8,54.4,82.2,2525.0,32.554455445544555,4.2772277227722775,21.544554455445542
E01002651,7.0,13.6,44.6,1909.0,23.363017286537453,3.666841278156103,7.1241487689889995
E01002652,6.4,41.8,63.0,1918.0,32.846715328467155,3.336809176225235,21.79353493222106
E01002653,3.4000000000000004,6.2,27.6,1899.0,14.533965244865719,1.7904160084254872,3.2648762506582414
E01002654,3.2,3.8,27.6,1912.0,14.435146443514645,1.6736401673640169,1.9874476987447698
E01002655,5.6,9.6,28.2,1868.0,15.096359743040685,2.997858672376873,5.139186295503212
E01002656,3.0,3.0,24.400000000000002,1418.0,17.207334273624827,2.1156558533145278,2.1156558533145278
E01002657,5.2,10.6,30.4,1931.0,15.743138270326254,2.6929052304505436,5.48938373899534
E01002658,3.0,5.8,19.8,1348.0,14.688427299703264,2.225519287833828,4.3026706231454
E01002659,1.7999999999999998,6.6,24.4,1459.0,16.72378341329678,1.233721727210418,4.523646333104866
E01002660,6.6000000000000005,18.0,48.599999999999994,2088.0,23.275862068965516,3.1609195402298855,8.620689655172413
E01002661,13.0,46.199999999999996,81.4,2375.0,34.27368421052632,5.473684210526316,19.45263157894737
E01002662,12.4,32.599999999999994,84.0,2508.0,33.49282296650718,4.944178628389155,12.99840510366826
E01002663,6.4,12.8,41.2,2160.0,19.074074074074076,2.9629629629629632,5.9259259259259265
E01002665,6.2,15.2,47.2,1743.0,27.079747561675273,3.5570854847963282,8.7205966724039
E01002666,7.4,12.4,42.2,1862.0,22.663802363050486,3.9742212674543502,6.659505907626208
E01002667,10.8,22.2,52.2,2193.0,23.803009575923394,4.924760601915184,10.12311901504788
E01002668,7.4,23.6,59.0,2284.0,25.83187390542907,3.2399299474605954,10.33274956217163
E01002669,4.2,12.799999999999999,51.6,1910.0,27.015706806282722,2.198952879581152,6.701570680628272
E01002670,8.2,16.8,30.0,1950.0,15.384615384615385,4.205128205128205,8.615384615384615
E01002671,6.3999999999999995,6.2,23.0,1847.0,12.45262587980509,3.465078505684894,3.3567948023822414
E01002672,6.2,69.2,39.6,1589.0,24.921334172435497,3.901825047199497,43.549402139710516
E01002673,3.1999999999999997,8.4,47.2,1658.0,28.468033775633295,1.9300361881785282,5.066344993968637
E01002674,7.8,5.0,28.6,2088.0,13.697318007662835,3.735632183908046,2.3946360153256703
E01002675,4.6000000000000005,9.999999999999998,41.2,2572.0,16.018662519440127,1.7884914463452568,3.888024883359253
E01002676,9.8,13.2,29.8,1649.0,18.071558520315346,5.942995755003032,8.004851425106125
E01002677,15.799999999999999,40.8,56.2,2074.0,27.097396335583415,7.618129218900675,19.67213114754098
E01002678,19.200000000000003,152.6,78.0,2052.0,38.01169590643275,9.356725146198832,74.36647173489278
E01002679,12.4,24.0,44.2,1856.0,23.814655172413797,6.681034482758621,12.931034482758621
E01002680,9.8,15.399999999999999,49.8,2078.0,23.965351299326276,4.716073147256979,7.4109720885466785
E01002681,11.799999999999999,59.00000000000001,273.2,2435.0,112.19712525667352,4.84599589322382,24.2299794661191
E01002682,8.4,20.8,57.0,2337.0,24.390243902439025,3.594351732991014,8.900299529311082
E01002686,10.4,40.599999999999994,74.0,1775.0,41.690140845070424,5.859154929577465,22.873239436619716
E01002687,12.0,21.6,15.0,1673.0,8.965929468021518,7.172743574417215,12.910938433950987
E01002689,10.6,13.4,29.2,1559.0,18.729955099422707,6.799230275817832,8.595253367543297
E01002690,8.6,11.2,21.2,1379.0,15.373459028281362,6.236403190717912,8.121827411167512
E01002691,11.399999999999999,43.199999999999996,34.2,1629.0,20.994475138121548,6.998158379373848,26.519337016574582
E01002692,15.8,56.800000000000004,52.8,2105.0,25.08313539192399,7.505938242280285,26.983372921615203
E01002693,20.0,137.6,55.4,1790.0,30.949720670391063,11.1731843575419,76.87150837988827
E01002694,4.6,14.2,40.4,1665.0,24.264264264264263,2.7627627627627622,8.528528528528529
E01002695,16.8,110.0,122.0,1476.0,82.65582655826559,11.382113821138212,74.52574525745258
E01002696,18.400000000000002,359.0,121.8,1747.0,69.71951917572983,10.53234115626789,205.49513451631367
E01002697,13.600000000000001,47.0,51.8,1966.0,26.34791454730417,6.917599186164802,23.906408952187185
E01002698,11.4,36.6,37.4,2040.0,18.333333333333332,5.588235294117648,17.941176470588236
E01002699,9.0,18.6,27.2,1485.0,18.31649831649832,6.0606060606060606,12.525252525252526
E01002700,7.4,26.799999999999997,18.8,1376.0,13.662790697674419,5.377906976744186,19.47674418604651
E01002701,16.4,245.4,60.2,1470.0,40.952380952380956,11.156462585034014,166.9387755102041
E01002702,26.4,91.8,112.4,2468.0,45.54294975688817,10.696920583468396,37.19611021069692
E01002703,20.799999999999997,52.0,65.2,2341.0,27.851345578812474,8.885091841093548,22.212729602733873
E01002704,57.4,666.8,180.4,2356.0,76.57045840407471,24.36332767402377,283.0220713073005
E01002706,18.0,97.4,48.0,2038.0,23.55250245338567,8.832188420019628,47.7919528949951
E01002707,19.0,94.39999999999999,56.2,1821.0,30.86216364634816,10.43382756727073,51.839648544755626
E01002708,19.0,60.19999999999999,67.6,2115.0,31.96217494089834,8.983451536643027,28.463356973995264
E01002709,4.8,17.4,40.8,1687.0,24.18494368701837,2.845287492590397,10.31416716064019
E01002710,5.8,54.8,55.4,1599.0,34.64665415884928,3.627267041901188,34.2714196372733
E01002711,26.2,358.8,113.8,2029.0,56.08674223755544,12.91276490882208,176.8358797437161
E01002712,7.2,35.2,122.0,1378.0,88.53410740203194,5.2249637155297535,25.544267053701017
E01002713,10.799999999999999,37.4,118.8,2812.0,42.247510668563294,3.840682788051209,13.300142247510667
E01002714,11.2,43.6,38.2,1539.0,24.821312540610787,7.277452891487979,28.33008447043535
E01002715,4.2,50.0,56.0,1685.0,33.23442136498516,2.4925816023738876,29.673590504451038
E01002716,13.999999999999998,46.0,61.2,2260.0,27.079646017699115,6.194690265486725,20.353982300884955
E01002717,10.4,13.6,20.8,1207.0,17.23280861640431,8.616404308202155,11.267605633802816
E01002718,8.6,36.4,21.2,1577.0,13.443246670894103,5.453392517438173,23.081800887761574
E01002719,17.4,50.4,26.4,1491.0,17.706237424547282,11.670020120724345,33.80281690140845
E01002720,16.0,52.4,69.6,2123.0,32.783796514366465,7.536504945831371,24.682053697597738
E01002721,7.4,32.0,38.4,1635.0,23.486238532110093,4.525993883792049,19.571865443425075
E01002722,15.4,18.2,52.2,1444.0,36.14958448753463,10.664819944598337,12.60387811634349
E01002723,9.4,69.6,59.0,1640.0,35.975609756097555,5.7317073170731705,42.4390243902439
E01002724,46.6,484.4,105.19999999999999,1923.0,54.706188247529894,24.232969318772753,251.8980759230369
E01002725,7.6,30.4,34.599999999999994,1362.0,25.403817914831127,5.580029368575624,22.320117474302496
E01002726,23.4,282.2,59.400000000000006,1709.0,34.757167934464604,13.69221767115272,165.12580456407255
E01002727,10.6,68.2,41.0,1514.0,27.080581241743726,7.001321003963012,45.04623513870542
E01002728,10.200000000000001,47.2,42.8,1317.0,32.49810174639332,7.744874715261959,35.839028094153385
E01002729,8.0,41.0,67.8,1497.0,45.29058116232465,5.344021376085505,27.38810955243821
E01002730,15.0,74.8,71.2,1753.0,40.61608670849972,8.556759840273816,42.66970907016543
E01002732,12.8,46.599999999999994,91.8,1807.0,50.802434975096844,7.083563918096293,25.78859988931931
E01002733,9.6,18.6,19.2,1440.0,13.333333333333332,6.666666666666666,12.916666666666668
E01002734,21.8,383.2,165.39999999999998,2366.0,69.9070160608622,9.213863060016907,161.96111580726966
E01002735,38.4,207.8,88.8,2958.0,30.02028397565923,12.981744421906694,70.2501690331305
E01002736,9.4,21.2,48.199999999999996,1477.0,32.63371699390656,6.3642518618821935,14.353419092755585
E01002737,9.200000000000001,25.8,45.8,1947.0,23.523369286081152,4.725218284540319,13.251155624036981
E01002738,11.200000000000001,44.599999999999994,50.8,1873.0,27.122263747997863,5.97971169247197,23.812066203950877
E01002739,9.2,73.0,27.200000000000003,1839.0,14.790647090810225,5.002718868950517,39.69548667754214
E01002740,16.0,159.2,53.2,2260.0,23.53982300884956,7.079646017699115,70.4424778761062
E01002741,8.399999999999999,21.4,39.8,1533.0,25.962165688193085,5.479452054794519,13.959556425309849
E01002742,17.4,33.6,17.0,2000.0,8.5,8.7,16.8
E01002743,6.2,29.2,25.6,1525.0,16.78688524590164,4.065573770491803,19.147540983606557
E01002744,9.799999999999999,27.8,32.2,1313.0,24.523990860624526,7.4638233054074625,21.172886519421176
E01002745,9.0,30.6,32.6,1412.0,23.08781869688385,6.373937677053824,21.671388101983005
E01002747,12.4,57.6,44.4,1556.0,28.534704370179945,7.969151670951156,37.01799485861183
E01002748,10.6,155.4,75.6,1654.0,45.707376058041106,6.408706166868198,93.9540507859734
E01002749,7.8,20.6,33.0,1524.0,21.653543307086615,5.118110236220472,13.51706036745407
E01002751,11.6,28.0,48.4,1837.0,26.347305389221557,6.314643440391944,15.242242787152968
E01002752,4.0,16.0,33.0,1621.0,20.357803824799507,2.4676125848241828,9.870450339296731
E01002753,9.4,13.4,30.2,1447.0,20.870767104353835,6.4961990324809955,9.260539046302696
E01002754,9.4,15.400000000000002,18.4,1549.0,11.878631375080696,6.068431245965139,9.941897998708846
E01002755,7.0,13.6,35.0,1319.0,26.535253980288097,5.30705079605762,10.310841546626232
E01002756,11.8,20.2,30.4,1314.0,23.135464231354643,8.980213089802131,15.372907153729072
E01002757,7.800000000000001,16.4,32.8,1449.0,22.63630089717046,5.383022774327123,11.31815044858523
E01002758,12.8,24.8,64.6,1736.0,37.21198156682028,7.373271889400922,14.285714285714285
E01002759,7.2,11.4,23.6,1504.0,15.69148936170213,4.787234042553192,7.579787234042554
E01002760,15.4,13.6,45.8,1736.0,26.38248847926267,8.870967741935484,7.8341013824884795
E01002762,13.6,28.6,44.8,1872.0,23.93162393162393,7.264957264957265,15.277777777777779
E01002763,15.200000000000001,38.2,33.6,1302.0,25.806451612903224,11.674347158218126,29.339477726574504
E01002764,15.4,28.0,47.8,1816.0,26.3215859030837,8.480176211453744,15.418502202643172
E01002765,27.0,79.4,81.4,2857.0,28.491424571228563,9.450472523626182,27.791389569478476
E01002766,21.6,64.80000000000001,62.8,2180.0,28.807339449541285,9.908256880733944,29.72477064220184
E01002767,13.6,58.6,60.6,2151.0,28.172942817294285,6.322640632264063,27.243142724314275
E01002768,12.4,24.4,43.0,1611.0,26.691495965238982,7.697082557417754,15.145872129112352
E01002769,9.4,27.2,29.6,1858.0,15.931108719052748,5.059203444564048,14.639397201291711
E01002770,34.6,312.4,198.60000000000002,1846.0,107.58396533044422,18.74322860238353,169.23076923076923
E01002771,10.6,23.2,34.4,1544.0,22.27979274611399,6.865284974093264,15.025906735751295
E01002772,25.6,143.2,75.2,1886.0,39.872746553552496,13.573700954400849,75.92788971367973
E01002773,12.799999999999999,22.200000000000003,59.2,1645.0,35.98784194528876,7.781155015197568,13.495440729483283
E01002774,15.2,47.2,74.2,2139.0,34.68910705937354,7.106124357176251,22.066386161757833
E01002775,10.8,62.599999999999994,29.4,1408.0,20.880681818181817,7.670454545454546,44.460227272727266
E01002776,9.4,38.400000000000006,41.6,1859.0,22.377622377622377,5.056481979558902,20.656266810112967
E01002777,14.2,30.799999999999997,40.4,1678.0,24.076281287246722,8.462455303933254,18.35518474374255
E01002778,10.200000000000001,21.6,49.8,1940.0,25.670103092783503,5.2577319587628875,11.134020618556702
E01002779,13.2,78.6,37.2,1753.0,21.220764403879066,7.529948659440958,44.837421563034795
E01002780,10.4,22.6,39.2,1699.0,23.07239552678046,6.121247792819306,13.301942319011184
E01002781,6.2,23.0,32.8,1740.0,18.850574712643674,3.563218390804598,13.218390804597702
E01002782,8.8,44.800000000000004,39.0,1432.0,27.23463687150838,6.145251396648045,31.28491620111732
E01002783,12.8,27.4,60.2,1701.0,35.390946502057616,7.52498530276308,16.10817166372722
E01002784,7.2,22.2,51.2,1755.0,29.173789173789174,4.102564102564102,12.649572649572649
E01002785,15.8,52.6,33.0,1861.0,17.732401934443846,8.490059108006449,28.264373992477164
E01002786,15.600000000000001,47.0,54.0,1941.0,27.820710973724886,8.0370942812983,24.214322514167954
E01002787,13.6,20.4,26.400000000000002,1472.0,17.934782608695652,9.23913043478261,13.858695652173912
E01002788,10.200000000000001,23.0,32.4,1822.0,17.782656421514815,5.598243688254666,12.623490669593854
E01002789,13.200000000000001,24.8,36.8,1849.0,19.902650081124932,7.138994050838291,13.41265548945376
E01002790,8.4,95.4,54.0,1412.0,38.243626062322946,5.94900849858357,67.56373937677054
E01002791,17.8,123.6,44.6,1861.0,23.965609887157445,9.564750134336379,66.41590542718968
E01002792,14.4,98.0,47.2,1845.0,25.582655826558266,7.804878048780488,53.116531165311656
E01002793,10.4,40.2,66.2,1845.0,35.88075880758808,5.636856368563685,21.788617886178862
E01002794,38.0,609.8,137.2,2040.0,67.25490196078431,18.627450980392158,298.92156862745094
E01002795,20.4,263.79999999999995,130.6,1935.0,67.49354005167959,10.542635658914728,136.33074935400512
E01002796,5.4,17.599999999999998,28.8,1109.0,25.969341749323714,4.869251577998197,15.87015329125338
E01002797,14.4,60.0,73.19999999999999,1824.0,40.13157894736841,7.894736842105264,32.89473684210526
E01002798,9.399999999999999,51.599999999999994,30.8,1977.0,15.57916034395549,4.754678806272129,26.100151745068285
E01002799,11.799999999999999,40.6,53.400000000000006,1908.0,27.987421383647803,6.184486373165617,21.27882599580713
E01002800,12.4,33.4,46.0,1769.0,26.003391746749575,7.009609949123798,18.88072357263991
E01002801,14.2,126.6,45.2,1460.0,30.958904109589042,9.726027397260273,86.71232876712328
E01002802,7.6,34.2,25.8,1852.0,13.930885529157667,4.103671706263499,18.466522678185747
E01002804,8.4,25.0,55.6,1539.0,36.12735542560104,5.458089668615985,16.244314489928524
E01002805,24.8,95.8,53.2,1433.0,37.124912770411726,17.306350314026517,66.85275645498953
E01002806,10.2,17.4,36.4,1646.0,22.1142162818955,6.196840826245443,10.571081409477522
E01002807,15.799999999999999,22.2,49.0,1705.0,28.73900293255132,9.266862170087975,13.020527859237536
E01002808,11.6,25.4,40.2,1913.0,21.01411395713539,6.0637741766858335,13.277574490329325
E01002809,14.6,21.2,43.199999999999996,1698.0,25.4416961130742,8.598351001177855,12.48527679623086
E01002810,18.2,78.0,64.4,1748.0,36.8421052631579,10.411899313501143,44.62242562929062
E01002811,8.4,16.8,32.0,1743.0,18.35915088927137,4.819277108433735,9.63855421686747
E01002812,10.2,18.2,29.0,1500.0,19.333333333333336,6.8,12.133333333333333
E01002813,13.2,27.8,29.2,1484.0,19.67654986522911,8.89487870619946,18.733153638814017
E01002814,18.8,59.8,90.8,2231.0,40.69923800986105,8.42671447781264,26.804123711340203
E01002815,11.600000000000001,11.6,22.8,1162.0,19.62134251290878,9.982788296041308,9.982788296041306
E01002816,12.0,67.4,24.8,1056.0,23.484848484848488,11.363636363636363,63.82575757575758
E01002817,10.2,64.6,50.2,1346.0,37.295690936106986,7.578008915304605,47.99405646359583
E01002818,25.400000000000002,455.4,83.2,1385.0,60.07220216606498,18.339350180505416,328.80866425992775
E01002819,27.4,439.2,78.6,1088.0,72.24264705882352,25.18382352941176,403.6764705882353
E01002821,22.8,304.2,42.2,1080.0,39.074074074074076,21.11111111111111,281.6666666666667
E01002823,9.6,26.6,34.0,1224.0,27.777777777777775,7.8431372549019605,21.73202614379085
E01002824,11.4,21.8,13.8,1229.0,11.228641171684297,9.275834011391376,17.737998372660698
E01002825,11.799999999999999,94.2,46.8,1785.0,26.218487394957982,6.610644257703081,52.773109243697476
E01002826,17.6,322.20000000000005,55.8,1256.0,44.42675159235669,14.012738853503185,256.5286624203822
E01002827,22.6,135.39999999999998,44.6,1715.0,26.005830903790088,13.177842565597668,78.95043731778424
E01002828,14.8,33.0,24.6,1189.0,20.689655172413794,12.447434819175777,27.754415475189237
E01002829,12.799999999999999,41.6,58.2,1391.0,41.84040258806614,9.202012940330697,29.906542056074766
E01002830,18.0,57.6,71.6,1724.0,41.53132250580046,10.440835266821345,33.41067285382831
E01002831,22.4,276.0,112.0,1718.0,65.19208381839347,13.038416763678695,160.65192083818394
E01002832,17.0,104.4,49.6,1632.0,30.392156862745097,10.416666666666666,63.97058823529412
E01002833,20.0,213.0,44.0,1210.0,36.36363636363636,16.528925619834713,176.03305785123968
E01002834,8.4,12.2,19.200000000000003,1243.0,15.446500402252617,6.75784392598552,9.814963797264681
E01002835,25.4,228.79999999999998,62.2,1411.0,44.08221119773211,18.001417434443656,162.15450035435862
E01002836,16.8,22.2,20.6,1310.0,15.725190839694658,12.82442748091603,16.946564885496183
E01002837,10.2,11.4,15.4,1045.0,14.736842105263158,9.760765550239233,10.90909090909091
E01002839,15.0,31.8,47.4,1537.0,30.83929733246584,9.759271307742356,20.689655172413794
E01002840,8.0,23.999999999999996,42.2,1047.0,40.30563514804203,7.640878701050621,22.92263610315186
E01002841,9.6,20.2,48.0,1218.0,39.40886699507389,7.881773399014778,16.584564860426926
E01002842,4.6000000000000005,4.4,22.0,1015.0,21.67487684729064,4.532019704433498,4.334975369458129
E01002843,8.6,58.599999999999994,68.2,1295.0,52.664092664092664,6.640926640926641,45.250965250965244
E01002844,8.2,30.8,37.0,1147.0,32.25806451612903,7.149084568439407,26.85265911072363
E01002845,10.4,26.4,32.2,1169.0,27.54491017964072,8.89649272882806,22.583404619332764
E01002846,12.6,28.599999999999998,50.6,1289.0,39.25523661753297,9.775019394879752,22.187742435996896
E01002847,14.0,43.2,52.6,1393.0,37.76022972002872,10.050251256281408,31.012203876525486
E01002848,14.2,22.0,35.4,1252.0,28.274760383386578,11.34185303514377,17.57188498402556
E01002849,11.8,56.8,32.0,1541.0,20.765736534717714,7.657365347177158,36.85918234912394
E01002850,30.8,185.2,100.4,1405.0,71.45907473309609,21.92170818505338,131.8149466192171
E01002851,20.2,73.60000000000001,58.8,1335.0,44.04494382022472,15.131086142322097,55.131086142322104
E01002852,27.8,130.4,121.6,2216.0,54.87364620938628,12.545126353790613,58.844765342960294
E01002853,11.4,19.8,38.0,1428.0,26.61064425770308,7.9831932773109235,13.865546218487395
E01002854,11.4,41.0,61.4,1103.0,55.66636446056211,10.335448776065277,37.1713508612874
E01002855,14.2,55.0,67.8,1592.0,42.58793969849246,8.919597989949748,34.54773869346733
E01002856,13.4,123.80000000000001,76.2,1433.0,53.175157013258904,9.351011863224006,86.39218422889044
E01002857,11.4,24.8,53.800000000000004,1376.0,39.09883720930233,8.284883720930232,18.02325581395349
E01002858,4.6000000000000005,49.6,37.6,1323.0,28.420256991685566,3.4769463340891913,37.49055177626606
E01002859,20.4,302.4,35.400000000000006,1249.0,28.342674139311452,16.33306645316253,242.1136909527622
E01002860,11.4,38.400000000000006,28.6,1144.0,25.0,9.965034965034965,33.566433566433574
E01002861,7.8,103.0,19.8,1256.0,15.764331210191083,6.210191082802547,82.00636942675159
E01002862,5.6,18.8,26.6,1089.0,24.426078971533517,5.142332415059688,17.26354453627181
E01002863,9.8,30.4,15.200000000000001,1117.0,13.607878245299911,8.773500447627574,27.21575649059982
E01002864,9.2,33.4,27.2,1480.0,18.37837837837838,6.216216216216216,22.567567567567565
E01002865,10.4,117.0,25.6,1449.0,17.66735679779158,7.17736369910283,80.74534161490683
E01002866,13.4,19.0,28.799999999999997,1833.0,15.711947626841242,7.310420076377523,10.365521003818877
E01002867,19.6,40.2,59.4,1680.0,35.35714285714286,11.666666666666668,23.92857142857143
E01002868,11.6,12.4,11.799999999999999,1355.0,8.708487084870848,8.560885608856088,9.15129151291513
E01002869,14.6,27.8,34.199999999999996,1740.0,19.655172413793103,8.390804597701148,15.977011494252874
E01002870,12.8,280.6,76.4,1593.0,47.95982423101067,8.035153797865663,176.14563716258633
E01002871,19.8,97.0,36.400000000000006,1463.0,24.88038277511962,13.533834586466165,66.30211893369787
E01002872,9.8,21.2,32.6,1349.0,24.166048925129726,7.264640474425501,15.715344699777614
E01002873,9.6,17.4,27.4,1361.0,20.132255694342394,7.053637031594415,12.784717119764878
E01002874,7.8,24.6,26.6,1134.0,23.45679012345679,6.878306878306878,21.693121693121693
E01002875,13.6,19.200000000000003,16.2,1260.0,12.857142857142858,10.793650793650793,15.238095238095239
E01002876,8.0,37.8,27.8,1831.0,15.182960131075914,4.369197160021845,20.64445658110322
E01002877,16.8,38.2,64.6,2186.0,29.551692589204023,7.685269899359562,17.474839890210433
E01002878,13.0,69.8,78.0,1447.0,53.904630269523146,8.984105044920526,48.237733241188664
E01002879,6.6,38.2,40.0,1946.0,20.554984583761563,3.3915724563206577,19.630010277492293
E01002880,5.0,24.8,50.0,1144.0,43.70629370629371,4.370629370629371,21.67832167832168
E01002881,4.0,13.6,37.8,1361.0,27.77369581190301,2.9390154298310063,9.992652461425422
E01002882,14.8,71.6,27.200000000000003,1046.0,26.003824091778206,14.149139579349905,68.4512428298279
E01002883,21.2,150.0,49.2,1479.0,33.2657200811359,14.334009465855308,101.41987829614604
E01002884,18.8,216.8,51.2,1384.0,36.994219653179194,13.583815028901734,156.64739884393063
E01002885,12.200000000000001,58.400000000000006,28.599999999999998,1317.0,21.716021260440392,9.263477600607441,44.343204252088086
E01002886,22.6,70.0,22.2,1319.0,16.830932524639877,17.13419257012889,53.070507960576194
E01002887,15.0,39.4,22.8,1044.0,21.839080459770116,14.367816091954023,37.73946360153257
E01002888,11.2,56.8,27.6,1562.0,17.6696542893726,7.1702944942381555,36.36363636363636
E01002889,9.6,240.0,67.8,1558.0,43.51732991014121,6.161745827984595,154.0436456996149
E01002890,10.6,26.0,17.0,1398.0,12.160228898426324,7.582260371959943,18.59799713876967
E01002891,8.6,29.6,15.8,1183.0,13.355874894336432,7.2696534234995775,25.021132713440405
E01002892,17.599999999999998,37.2,24.6,1290.0,19.069767441860467,13.643410852713176,28.837209302325583
E01002893,16.4,17.2,34.4,1576.0,21.82741116751269,10.406091370558375,10.913705583756345
E01002894,13.4,33.4,47.6,1319.0,36.08794541319181,10.15921152388173,25.32221379833207
E01002896,13.6,35.4,23.0,1586.0,14.501891551071878,8.575031525851198,22.3203026481715
E01002897,14.6,56.199999999999996,27.799999999999997,1492.0,18.632707774798924,9.785522788203753,37.66756032171582
E01002898,8.6,24.6,18.4,1667.0,11.037792441511696,5.158968206358728,14.757048590281945
E01002899,8.6,63.4,32.6,1250.0,26.080000000000002,6.88,50.72
E01002900,9.2,16.2,18.2,1690.0,10.769230769230768,5.44378698224852,9.585798816568047
E01002901,5.2,21.8,13.4,1041.0,12.87223823246878,4.995196926032661,20.941402497598464
E01002902,17.0,399.4,37.0,1226.0,30.179445350734095,13.866231647634585,325.77487765089717
E01002903,9.8,138.0,22.4,1276.0,17.554858934169275,7.68025078369906,108.15047021943573
E01002904,5.2,7.000000000000001,33.2,1295.0,25.63706563706564,4.015444015444015,5.405405405405405
E01002905,12.6,25.6,53.6,1672.0,32.057416267942585,7.535885167464115,15.311004784688995
E01002906,13.4,52.8,194.8,1751.0,111.25071387778412,7.652769845802399,30.154197601370644
E01002907,6.199999999999999,9.8,33.400000000000006,1285.0,25.992217898832692,4.824902723735408,7.626459143968872
E01002908,7.0,12.799999999999999,29.8,1393.0,21.39267767408471,5.025125628140704,9.188801148600142
E01002909,15.0,23.6,45.8,2134.0,21.462043111527645,7.029053420805998,11.059044048734771
E01002910,8.8,32.6,23.4,1369.0,17.092768444119795,6.428049671292915,23.81300219138057
E01002911,11.399999999999999,73.6,33.8,1285.0,26.30350194552529,8.871595330739298,57.276264591439684
E01002912,15.8,144.6,136.8,1481.0,92.37002025658339,10.668467251856853,97.6367319378798
E01002913,14.8,22.6,45.8,1761.0,26.007950028392955,8.404315729699034,12.833617262918796
E01002914,22.2,131.6,35.8,1194.0,29.98324958123953,18.592964824120603,110.21775544388609
E01002915,4.8,3.8000000000000003,11.6,1394.0,8.321377331420374,3.443328550932568,2.72596843615495
E01002916,5.4,8.600000000000001,14.8,1478.0,10.013531799729366,3.6535859269282813,5.8186738836265235
E01002917,5.4,4.0,8.6,1429.0,6.018194541637508,3.7788663400979705,2.7991602519244223
E01002918,2.8,3.0,25.6,1791.0,14.293690675600224,1.5633724176437742,1.6750418760469012
E01002919,6.800000000000001,46.8,63.599999999999994,1990.0,31.95979899497487,3.4170854271356785,23.517587939698494
E01002920,9.8,6.6000000000000005,12.200000000000001,1593.0,7.65850596359071,6.151914626490898,4.143126177024483
E01002921,6.6,11.4,36.2,1727.0,20.96120440069485,3.8216560509554136,6.601042269832079
E01002922,4.6,5.4,11.4,1640.0,6.951219512195122,2.8048780487804876,3.2926829268292686
E01002923,8.6,13.6,54.6,1672.0,32.6555023923445,5.143540669856459,8.133971291866029
E01002924,4.2,3.2,4.2,1546.0,2.716688227684347,2.716688227684347,2.069857697283312
E01002925,6.4,19.4,29.8,1571.0,18.96880967536601,4.073838319541693,12.348822406110756
E01002926,5.2,6.0,14.8,1604.0,9.226932668329177,3.2418952618453867,3.740648379052369
E01002927,3.4000000000000004,5.199999999999999,15.2,1681.0,9.042236763831053,2.0226055919095782,3.0933967876264123
E01002928,11.4,16.8,36.8,1946.0,18.910585817060635,5.858170606372045,8.633093525179856
E01002929,14.0,41.4,14.4,1696.0,8.49056603773585,8.254716981132075,24.410377358490564
E01002930,14.8,122.8,63.599999999999994,1967.0,32.333502796136244,7.524148449415353,62.430096593797664
E01002931,4.8,21.6,21.2,2013.0,10.531544957774466,2.384500745156483,10.730253353204173
E01002932,7.0,52.4,60.0,2046.0,29.32551319648094,3.421309872922776,25.610948191593355
E01002933,6.2,11.2,36.2,2039.0,17.753800882785683,3.0407062285434034,5.492888670917115
E01002934,7.0,52.2,12.6,1899.0,6.6350710900473935,3.686150605581885,27.488151658767777
E01002935,8.6,31.8,29.200000000000003,1900.0,15.36842105263158,4.526315789473684,16.736842105263158
E01002937,5.4,10.8,12.4,1825.0,6.794520547945206,2.9589041095890414,5.917808219178083
E01002938,7.2,10.0,15.600000000000001,2000.0,7.800000000000001,3.6,5.0
E01002939,7.0,19.6,35.8,1646.0,21.749696233292827,4.25273390036452,11.907654921020658
E01002940,1.8,6.4,19.2,1673.0,11.476389719067543,1.0759115361625822,3.825463239689181
E01002941,2.6,27.4,31.4,1649.0,19.041843541540327,1.5767131594906003,16.616130988477867
E01002942,2.6,4.6000000000000005,12.6,1401.0,8.993576017130621,1.85581727337616,3.283369022127052
E01002943,0.6000000000000001,7.6000000000000005,28.6,1477.0,19.363574813811784,0.40622884224779965,5.145565335138795
E01002944,4.6000000000000005,10.4,21.8,1334.0,16.34182908545727,3.4482758620689657,7.796101949025488
E01002945,3.2,5.199999999999999,17.6,1573.0,11.18881118881119,2.0343293070565798,3.305785123966942
E01002946,3.4000000000000004,5.8,19.2,1509.0,12.72365805168986,2.253147779986746,3.8436050364479786
E01002947,2.5999999999999996,6.2,19.4,1645.0,11.793313069908814,1.5805471124620059,3.768996960486322
E01002948,5.2,39.400000000000006,61.6,2211.0,27.860696517412936,2.3518769787426503,17.819990954319316
E01002949,3.8,5.2,20.0,1848.0,10.822510822510822,2.0562770562770565,2.8138528138528143
E01002950,3.2,6.800000000000001,32.8,1654.0,19.830713422007253,1.9347037484885128,4.11124546553809
E01002951,5.8,6.0,17.0,1502.0,11.318242343541945,3.861517976031957,3.9946737683089215
E01002952,8.8,5.8,14.2,1394.0,10.18651362984218,6.312769010043042,4.160688665710187
E01002953,8.2,11.999999999999998,12.4,1333.0,9.30232558139535,6.151537884471117,9.00225056264066
E01002954,11.0,55.2,85.6,1373.0,62.34522942461762,8.011653313911145,40.20393299344501
E01002955,6.4,9.8,39.4,1501.0,26.249167221852097,4.263824117255163,6.52898067954697
E01002956,9.200000000000001,8.0,17.2,1391.0,12.365204888569373,6.613946800862689,5.751258087706686
E01002957,5.2,6.6000000000000005,38.6,1587.0,24.322621298046627,3.2766225582860744,4.158790170132326
E01002958,5.0,4.4,10.6,1738.0,6.098964326812428,2.8768699654775607,2.5316455696202533
E01002959,8.4,8.2,8.8,1389.0,6.3354931605471565,6.047516198704104,5.903527717782577
E01002960,6.6,13.799999999999999,15.400000000000002,1591.0,9.679446888749217,4.1483343808925195,8.673790069138905
E01002961,8.0,6.6,20.200000000000003,1754.0,11.516533637400231,4.561003420752566,3.7628278221208666
E01002962,5.0,4.0,34.0,1612.0,21.091811414392062,3.101736972704715,2.4813895781637716
E01002963,5.4,12.6,18.799999999999997,1846.0,10.184182015167929,2.9252437703141934,6.825568797399783
E01002964,9.8,96.2,128.6,2513.0,51.173895742140864,3.8997214484679668,38.280939116593714
E01002965,19.4,47.0,63.8,2521.0,25.307417691392303,7.695358984529948,18.643395477984924
E01002966,4.8,12.399999999999999,37.4,1983.0,18.86031265758951,2.420574886535552,6.253151790216843
E01002967,7.4,8.0,18.0,1860.0,9.67741935483871,3.978494623655914,4.301075268817204
E01002968,44.800000000000004,1545.8,480.6,2908.0,165.26822558459423,15.405777166437415,531.5680880330124
E01002969,8.0,13.0,48.6,1892.0,25.68710359408034,4.2283298097251585,6.871035940803383
E01002970,6.8,14.200000000000001,43.0,1808.0,23.783185840707965,3.7610619469026547,7.853982300884956
E01002971,6.0,19.6,40.2,1800.0,22.333333333333332,3.3333333333333335,10.88888888888889
E01002972,11.0,39.2,52.2,2050.0,25.463414634146343,5.365853658536586,19.121951219512198
E01002973,8.2,15.200000000000001,42.0,1579.0,26.599113362887906,5.1931602279924,9.626345788473719
E01002974,10.0,21.0,35.4,2058.0,17.201166180758015,4.859086491739553,10.204081632653061
E01002975,9.0,7.3999999999999995,25.8,1488.0,17.338709677419352,6.048387096774193,4.973118279569892
E01002976,4.4,3.6,13.399999999999999,1712.0,7.827102803738316,2.5700934579439254,2.102803738317757
E01002977,3.8,16.0,33.8,1699.0,19.89405532666274,2.236609770453208,9.417304296645085
E01002978,2.6,9.2,23.6,1857.0,12.708669897684437,1.4001077005923532,4.9542272482498655
E01002979,3.0,4.6000000000000005,15.600000000000001,1529.0,10.202746893394377,1.962066710268149,3.0085022890778292
E01002980,3.8,2.6,5.8,1407.0,4.12224591329069,2.700781805259417,1.847903340440654
E01002981,5.6,5.2,14.8,1603.0,9.232688708671242,3.4934497816593884,3.243917654398004
E01002982,5.6,7.6000000000000005,14.200000000000001,1485.0,9.562289562289564,3.7710437710437708,5.1178451178451185
E01002983,6.6,6.8,19.8,1669.0,11.863391252246855,3.954463750748951,4.0742959856201315
E01002984,5.6000000000000005,13.4,26.2,1431.0,18.3088749126485,3.9133473095737252,9.36408106219427
E01002985,5.0,9.600000000000001,32.0,1720.0,18.6046511627907,2.9069767441860463,5.58139534883721
E01002986,4.6000000000000005,7.0,11.8,1370.0,8.613138686131387,3.3576642335766427,5.109489051094891
E01002987,13.8,137.2,87.0,1895.0,45.91029023746702,7.282321899736148,72.40105540897098
E01002988,5.8,12.8,34.0,1678.0,20.26221692491061,3.4564958283671037,7.628128724672229
E01002989,3.4,10.799999999999999,24.4,1900.0,12.842105263157894,1.7894736842105263,5.684210526315789
E01002990,6.4,8.0,20.4,1708.0,11.943793911007024,3.747072599531616,4.68384074941452
E01002991,4.4,10.600000000000001,14.0,1564.0,8.951406649616368,2.813299232736573,6.777493606138108
E01002992,4.2,11.6,16.0,1568.0,10.204081632653061,2.6785714285714284,7.397959183673469
E01002993,6.4,3.8000000000000003,12.4,1576.0,7.868020304568528,4.060913705583757,2.4111675126903553
E01002994,4.4,3.2,13.399999999999999,1507.0,8.89183808891838,2.9197080291970807,2.12342402123424
E01002995,5.8,5.000000000000001,11.2,1599.0,7.004377736085052,3.627267041901188,3.126954346466542
E01002996,4.0,9.4,17.0,1545.0,11.003236245954692,2.588996763754045,6.084142394822006
E01002997,3.2,9.6,12.600000000000001,1522.0,8.278580814717477,2.1024967148488836,6.307490144546649
E01002998,2.8,6.199999999999999,23.4,1612.0,14.516129032258064,1.73697270471464,3.8461538461538454
E01002999,8.4,14.4,35.4,1535.0,23.06188925081433,5.4723127035830625,9.381107491856678
E01003000,7.8,18.8,34.0,1870.0,18.18181818181818,4.171122994652406,10.053475935828876
E01003001,7.6,14.399999999999999,35.2,1916.0,18.371607515657622,3.9665970772442583,7.515657620041752
E01003002,4.4,17.400000000000002,46.4,1907.0,24.33141059255375,2.307288935500787,9.124278972207657
E01003003,9.2,55.8,119.0,1727.0,68.90561667631731,5.327156919513607,32.31036479444123
E01003004,5.800000000000001,8.799999999999999,24.0,1644.0,14.598540145985401,3.5279805352798057,5.352798053527979
E01003005,5.6,7.0,11.8,1541.0,7.657365347177158,3.6340038935756,4.542504866969501
E01003006,5.8,14.0,15.4,1523.0,10.111621799080762,3.8082731451083385,9.192383453709784
E01003007,5.3999999999999995,7.0,11.0,1626.0,6.7650676506765075,3.321033210332103,4.305043050430504
E01003008,3.8,4.2,7.2,1447.0,4.97581202487906,2.626123013130615,2.902557014512785
E01003009,6.3999999999999995,6.8,20.4,2056.0,9.922178988326849,3.1128404669260696,3.307392996108949
E01003010,5.2,14.8,11.6,1441.0,8.0499653018737,3.608605135322693,10.270645385149203
E01003011,8.2,19.2,21.0,1693.0,12.404016538688719,4.843473124630832,11.340815121086827
E01003013,42.2,692.4000000000001,395.8,1947.0,203.28710837185415,21.674370826913204,355.6240369799693
E01003014,18.2,97.8,60.8,1504.0,40.42553191489361,12.101063829787234,65.02659574468085
E01003015,7.8,19.4,31.6,1719.0,18.38278068644561,4.537521815008725,11.285631180919138
E01003016,12.4,235.4,54.8,1203.0,45.552784704904404,10.30756442227764,195.67747298420616
E01003017,19.2,257.40000000000003,108.8,1631.0,66.70754138565297,11.771919068056407,157.81729000613123
E01003018,18.4,57.6,63.599999999999994,2019.0,31.50074294205052,9.113422486379395,28.52897473997028
E01003019,15.4,30.200000000000003,31.0,2035.0,15.233415233415233,7.5675675675675675,14.840294840294842
E01003020,22.6,102.0,76.8,1821.0,42.17462932454695,12.41076331685887,56.01317957166392
E01003021,7.0,19.0,93.0,2154.0,43.17548746518106,3.249767873723305,8.820798514391829
E01003022,10.2,19.6,26.4,1619.0,16.30636195182211,6.300185299567634,12.106238418777023
E01003023,16.2,65.0,58.8,2595.0,22.658959537572255,6.2427745664739875,25.048169556840076
E01003024,11.4,26.0,56.8,1841.0,30.852797392721346,6.19228680065182,14.122759369907659
E01003025,5.199999999999999,19.0,32.0,2046.0,15.640273704789834,2.5415444770283475,9.286412512218964
E01003026,15.8,68.0,36.2,1501.0,24.117255163224517,10.526315789473683,45.30313124583611
E01003027,11.0,11.4,9.2,1394.0,6.599713055954089,7.890961262553802,8.177905308464851
E01003028,6.6000000000000005,12.0,16.0,1482.0,10.79622132253711,4.453441295546559,8.097165991902834
E01003029,16.6,23.0,26.8,1827.0,14.668856048166393,9.08593322386426,12.588943623426381
E01003030,15.8,47.0,53.2,1722.0,30.89430894308943,9.175377468060395,27.2938443670151
E01003031,8.2,11.6,31.4,1574.0,19.949174078780178,5.209656925031766,7.369758576874205
E01003032,15.4,64.8,58.8,1721.0,34.16618245206275,8.948285880302151,37.652527600232425
E01003033,6.4,16.2,22.0,1618.0,13.597033374536464,3.955500618046972,10.012360939431398
E01003034,10.4,23.2,24.6,1642.0,14.981729598051158,6.33373934226553,14.12911084043849
E01003035,23.4,445.6,159.4,1687.0,94.4872554831061,13.870776526378185,264.13752222880856
E01003036,9.4,18.2,23.799999999999997,1759.0,13.530415008527571,5.3439454235361,10.346787947697555
E01003037,17.0,77.2,73.6,1442.0,51.04022191400832,11.789181692094314,53.5367545076283
E01003038,13.200000000000001,23.8,17.2,1702.0,10.105757931844888,7.7555816686251475,13.983548766157462
E01003039,29.2,160.8,63.4,2042.0,31.047992164544564,14.299706170421155,78.74632713026446
E01003040,7.4,16.200000000000003,15.0,1245.0,12.048192771084338,5.943775100401607,13.012048192771088
E01003041,19.8,279.6,88.8,1520.0,58.421052631578945,13.026315789473685,183.94736842105263
E01003042,3.4,18.799999999999997,26.6,1107.0,24.028906955736225,3.071364046973803,16.982836495031613
E01003043,8.2,21.8,27.4,1618.0,16.934487021013595,5.067985166872682,13.473423980222497
E01003044,8.4,13.600000000000001,30.799999999999997,1411.0,21.828490432317505,5.95322466335932,9.63855421686747
E01003045,3.4000000000000004,23.0,54.6,1990.0,27.437185929648244,1.7085427135678393,11.557788944723619
E01003046,10.2,14.0,38.6,1680.0,22.976190476190478,6.071428571428571,8.333333333333334
E01003047,44.6,648.4,431.4,1789.0,241.14030184460591,24.930128563443265,362.4371157070989
E01003048,6.4,23.6,45.8,1918.0,23.87904066736183,3.336809176225235,12.304483837330553
E01003049,12.0,26.0,62.2,1768.0,35.18099547511312,6.787330316742081,14.705882352941176
E01003050,20.400000000000002,46.2,60.0,1584.0,37.87878787878788,12.87878787878788,29.166666666666668
E01003051,28.6,55.2,83.0,2099.0,39.54263935207242,13.625535969509292,26.298237255836113
E01003052,10.799999999999999,43.2,65.4,2226.0,29.380053908355798,4.8517520215633425,19.40700808625337
E01003053,19.2,60.0,45.4,1674.0,27.120669056152927,11.469534050179211,35.842293906810035
E01003054,14.200000000000001,67.0,48.2,2191.0,21.999087174806025,6.481058877225012,30.579643998174348
E01003055,29.4,313.4,131.8,1600.0,82.375,18.375,195.875
E01003056,11.2,21.0,36.6,1707.0,21.441124780316343,6.561218512009373,12.302284710017574
E01003057,10.4,18.0,41.6,1705.0,24.39882697947214,6.099706744868035,10.557184750733137
E01003058,14.2,21.8,43.6,1979.0,22.03132895401718,7.175341081354219,11.01566447700859
E01003059,11.600000000000001,40.0,46.6,2213.0,21.0573881608676,5.241753276095798,18.07501129688206
E01003060,13.8,28.2,35.8,1696.0,21.108490566037734,8.13679245283019,16.62735849056604
E01003061,21.8,252.2,101.19999999999999,1329.0,76.14747930775017,16.403310759969905,189.76674191121143
E01003062,9.4,31.4,62.8,1834.0,34.24209378407852,5.125408942202835,17.12104689203926
E01003063,8.8,14.399999999999999,48.400000000000006,1361.0,35.562086700955184,6.465833945628216,10.580455547391622
E01003064,7.8,13.4,19.0,1462.0,12.995896032831737,5.33515731874145,9.165526675786593
E01003065,5.4,14.4,39.6,1673.0,23.67005379557681,3.2277346084877467,8.607292289300657
E01003066,7.4,19.2,59.8,1887.0,31.69051404345522,3.9215686274509802,10.174880763116057
E01003067,7.2,18.6,28.6,1555.0,18.39228295819936,4.630225080385852,11.961414790996786
E01003068,4.199999999999999,9.6,39.2,1576.0,24.87309644670051,2.6649746192893393,6.091370558375634
E01003069,2.2,11.200000000000001,34.6,1368.0,25.292397660818715,1.6081871345029242,8.187134502923977
E01003070,5.4,13.200000000000001,44.2,1547.0,28.571428571428573,3.490627020038785,8.532643826761475
E01003071,17.0,55.4,29.0,2326.0,12.467755803955288,7.308684436801376,23.817712811693895
E01003072,8.2,15.0,15.0,1737.0,8.635578583765112,4.720782959124928,8.635578583765112
E01003073,16.2,61.6,48.8,1603.0,30.442919525888957,10.106051154086089,38.427947598253276
E01003074,26.0,172.0,88.0,2358.0,37.3197625106022,11.02629346904156,72.9431721798134
E01003075,6.800000000000001,16.400000000000002,49.2,1716.0,28.671328671328673,3.962703962703963,9.557109557109557
E01003076,20.0,135.2,215.6,2701.0,79.82228804146612,7.404664938911514,50.05553498704183
E01003077,7.4,27.4,31.4,1863.0,16.854535695115402,3.972088030059045,14.707461084272676
E01003078,7.4,22.4,20.4,1627.0,12.538414259373077,4.548248309772588,13.767670559311615
E01003079,13.0,53.0,63.800000000000004,1681.0,37.95359904818561,7.733491969066032,31.528851873884594
E01003080,5.8,10.4,30.4,1681.0,18.084473527662105,3.450327186198691,6.186793575252826
E01003081,12.8,31.0,68.0,1858.0,36.59849300322928,6.889128094725511,16.684607104413345
E01003082,4.6000000000000005,8.799999999999999,41.6,1375.0,30.254545454545454,3.345454545454546,6.3999999999999995
E01003083,5.6000000000000005,12.0,21.4,1540.0,13.896103896103895,3.6363636363636367,7.792207792207792
E01003084,7.4,15.2,27.0,1507.0,17.916390179163905,4.91041804910418,10.08626410086264
E01003085,4.8,7.6000000000000005,25.4,1793.0,14.166201896263246,2.67707752370329,4.238706079196877
E01003086,6.0,13.4,48.0,1557.0,30.828516377649326,3.8535645472061657,8.606294155427104
E01003087,7.8,46.400000000000006,52.0,1644.0,31.630170316301705,4.744525547445255,28.223844282238446
E01003088,11.600000000000001,27.8,37.8,1588.0,23.803526448362717,7.3047858942065504,17.506297229219143
E01003089,11.4,41.6,54.400000000000006,1935.0,28.11369509043928,5.891472868217055,21.498708010335918
E01003090,27.799999999999997,113.6,84.8,2387.0,35.52576455802262,11.646418098031,47.591118558860494
E01003091,6.8,16.2,26.0,1711.0,15.195791934541203,3.974284044418469,9.468147282291058
E01003092,11.8,18.400000000000002,48.8,2351.0,20.757124627817948,5.019140791152702,7.826456826882178
E01003093,8.200000000000001,157.4,76.2,2297.0,33.17370483239007,3.569873748367436,68.52416195037004
E01003094,5.6,14.799999999999999,19.2,1482.0,12.955465587044534,3.778677462887989,9.986504723346828
E01003095,7.0,11.6,22.0,1642.0,13.398294762484774,4.263093788063338,7.064555420219245
E01003096,12.200000000000001,56.0,181.0,2095.0,86.39618138424821,5.823389021479714,26.73031026252983
E01003097,8.6,22.8,30.2,1558.0,19.383825417201543,5.5198973042362,14.634146341463415
E01003098,5.0,14.2,24.200000000000003,1485.0,16.296296296296298,3.3670033670033668,9.562289562289562
E01003099,12.0,74.8,65.2,1701.0,38.33039388594944,7.054673721340388,43.97413286302175
E01003100,12.8,42.2,37.4,2014.0,18.57000993048659,6.355511420059583,20.953326713008938
E01003101,9.8,51.6,47.8,1432.0,33.37988826815642,6.843575418994414,36.03351955307263
E01003102,20.6,296.6,127.8,1705.0,74.95601173020528,12.082111436950148,173.95894428152494
E01003104,8.2,28.8,34.4,1733.0,19.84997114829775,4.731679169070975,16.61858049624928
E01003105,8.8,23.8,37.2,1706.0,21.805392731535758,5.1582649472450175,13.95076201641266
E01003106,13.2,47.2,46.599999999999994,2135.0,21.826697892271657,6.182669789227166,22.107728337236534
E01003107,14.8,44.6,35.8,1851.0,19.340896812533764,7.995678011885468,24.095083738519723
E01003108,8.0,35.4,44.599999999999994,1554.0,28.700128700128698,5.148005148005148,22.77992277992278
E01003110,12.8,38.599999999999994,42.4,2050.0,20.682926829268293,6.2439024390243905,18.829268292682922
E01003111,4.0,22.200000000000003,41.0,1981.0,20.696617869762743,2.0191822311963654,11.20646138313983
E01003112,11.6,40.8,50.0,1796.0,27.83964365256125,6.458797327394209,22.717149220489976
E01003113,12.8,39.8,49.8,1796.0,27.728285077951,7.12694877505568,22.16035634743875
E01003114,8.0,92.4,79.6,2424.0,32.838283828382835,3.3003300330033003,38.118811881188115
E01003115,8.399999999999999,17.2,36.6,1618.0,22.62051915945612,5.191594561186649,10.630407911001235
E01003116,6.2,11.6,23.2,1785.0,12.99719887955182,3.473389355742297,6.49859943977591
E01003117,16.8,44.8,42.8,1851.0,23.122636412749863,9.07617504051864,24.203133441383034
E01003118,15.6,223.79999999999998,76.2,1863.0,40.90177133655395,8.373590982286634,120.12882447665055
E01003119,7.2,23.4,45.0,2066.0,21.781219748305904,3.484995159728945,11.32623426911907
E01003120,18.8,45.400000000000006,89.0,2411.0,36.91414350891746,7.79759435918706,18.830360846121945
E01003121,5.2,12.6,29.200000000000003,1569.0,18.61057998725303,3.3142128744423203,8.030592734225621
E01003122,11.0,45.4,45.4,1904.0,23.84453781512605,5.777310924369748,23.84453781512605
E01003123,13.4,20.2,26.4,1597.0,16.530995616781468,8.390732623669379,12.648716343143393
E01003124,9.8,16.0,23.4,1353.0,17.29490022172949,7.243163340724317,11.825572801182558
E01003125,6.4,14.2,41.4,1782.0,23.232323232323232,3.591470258136925,7.968574635241302
E01003126,10.399999999999999,54.0,49.400000000000006,1666.0,29.65186074429772,6.242496998799519,32.41296518607443
E01003127,9.4,27.2,38.4,2092.0,18.35564053537285,4.493307839388145,13.001912045889101
E01003128,12.8,98.2,62.599999999999994,1641.0,38.14747105423522,7.800121876904327,59.84156002437538
E01003129,19.2,214.6,44.0,1798.0,24.471635150166854,10.67853170189099,119.35483870967742
E01003130,12.6,36.8,35.6,1867.0,19.068023567220138,6.748794858061061,19.710765934654525
E01003131,22.6,53.6,52.8,2150.0,24.558139534883722,10.511627906976745,24.930232558139533
E01003132,7.6000000000000005,18.6,46.2,1450.0,31.862068965517242,5.241379310344828,12.827586206896552
E01003133,9.8,78.2,38.2,1656.0,23.067632850241548,5.917874396135266,47.22222222222222
E01003134,5.8,12.999999999999998,23.799999999999997,1597.0,14.902943018159048,3.6318096430807763,8.140262993112085
E01003135,8.6,18.4,37.0,1930.0,19.17098445595855,4.455958549222798,9.533678756476684
E01003136,10.0,14.2,25.2,1659.0,15.189873417721518,6.027727546714889,8.559373116335141
E01003137,9.200000000000001,18.6,51.4,1581.0,32.51106894370651,5.819101834282101,11.764705882352942
E01003138,11.8,10.6,15.4,1477.0,10.42654028436019,7.989167230873392,7.176709546377793
E01003139,6.4,48.199999999999996,38.4,1529.0,25.11445389143231,4.185742315238718,31.523871811641595
E01003140,7.6,9.2,27.2,1507.0,18.049104180491042,5.04313205043132,6.104844061048441
E01003141,10.200000000000001,14.200000000000001,43.4,1845.0,23.523035230352303,5.528455284552846,7.696476964769649
E01003142,7.6,5.0,25.2,1374.0,18.34061135371179,5.531295487627365,3.6390101892285296
E01003143,3.2,11.0,33.8,1500.0,22.53333333333333,2.1333333333333333,7.333333333333333
E01003144,9.2,56.199999999999996,35.6,1547.0,23.012281835811248,5.946994182288299,36.32837750484809
E01003145,11.6,30.0,46.8,1655.0,28.277945619335345,7.009063444108762,18.12688821752266
E01003146,8.2,15.0,35.0,1649.0,21.224984839296543,4.972710733778047,9.096422073984234
E01003147,11.0,16.0,37.6,2072.0,18.146718146718147,5.308880308880308,7.722007722007723
E01003148,6.0,11.799999999999999,31.200000000000003,1837.0,16.984213391399024,3.26619488296135,6.423516603157321
E01003149,4.0,11.2,21.4,1756.0,12.186788154897492,2.277904328018223,6.378132118451025
E01003150,8.8,19.2,52.6,1943.0,27.071538857436956,4.529078744209985,9.881626351003602
E01003151,9.2,17.4,52.2,1954.0,26.714431934493348,4.7082906857727735,8.904810644831114
E01003152,6.6,18.6,32.6,1906.0,17.10388247639035,3.4627492130115423,9.75865687303253
E01003153,21.4,63.8,55.6,2172.0,25.59852670349908,9.852670349907918,29.37384898710865
E01003154,8.4,19.8,42.2,1996.0,21.14228456913828,4.208416833667335,9.919839679358718
E01003155,7.0,23.8,28.4,1828.0,15.536105032822757,3.8293216630196936,13.019693654266959
E01003156,8.8,10.799999999999999,21.4,1597.0,13.400125234815278,5.510331872260489,6.762680025046962
E01003157,6.8,19.599999999999998,21.6,1582.0,13.653603034134008,4.298356510745892,12.38938053097345
E01003158,8.200000000000001,10.6,12.2,1624.0,7.51231527093596,5.0492610837438425,6.527093596059113
E01003159,14.4,24.4,34.4,1774.0,19.39120631341601,8.117249154453214,13.75422773393461
E01003160,2.1999999999999997,9.4,25.200000000000003,1449.0,17.39130434782609,1.5182884748102137,6.487232574189096
E01003161,7.8,13.200000000000001,17.2,1317.0,13.059984813971147,5.92255125284738,10.022779043280183
E01003162,5.4,10.799999999999999,33.0,1858.0,17.76103336921421,2.9063509149623252,5.81270182992465
E01003163,6.3999999999999995,9.2,20.2,1599.0,12.632895559724828,4.002501563477173,5.753595997498436
E01003164,13.0,31.599999999999998,54.6,2247.0,24.299065420560748,5.785491766800178,14.063195371606586
E01003165,8.4,23.2,24.8,1643.0,15.09433962264151,5.112598904443092,14.120511259890444
E01003166,19.4,100.6,77.0,2566.0,30.00779423226812,7.560405300077941,39.20498830865159
E01003167,6.4,8.2,20.2,1760.0,11.477272727272727,3.6363636363636362,4.659090909090909
E01003168,4.8,11.6,47.0,1658.0,28.347406513872134,2.8950542822677923,6.996381182147164
E01003169,12.0,25.4,54.4,2352.0,23.12925170068027,5.1020408163265305,10.799319727891156
E01003170,12.6,19.2,23.8,1908.0,12.473794549266247,6.603773584905659,10.062893081761006
E01003171,6.0,15.400000000000002,30.6,1646.0,18.59052247873633,3.6452004860267313,9.356014580801945
E01003172,8.8,47.199999999999996,41.2,1945.0,21.182519280205657,4.5244215938303345,24.267352185089972
E01003173,6.2,12.8,22.0,1633.0,13.472137170851195,3.7966932026944273,7.8383343539497865
E01003174,6.8,14.400000000000002,46.6,2039.0,22.854340362923,3.3349681216282487,7.062285434036293
E01003175,4.0,13.6,44.8,1577.0,28.408370323398856,2.5364616360177554,8.623969562460367
E01003176,10.2,37.8,65.0,1929.0,33.69621565578019,5.287713841368585,19.595645412130636
E01003177,15.6,37.2,44.0,1603.0,27.44853399875234,9.73175296319401,23.2064878353088
E01003178,8.4,19.4,29.400000000000002,1501.0,19.586942038640906,5.596269153897402,12.924716855429713
E01003179,5.2,9.6,47.4,1620.0,29.25925925925926,3.2098765432098766,5.925925925925926
E01003180,8.6,23.8,42.2,1600.0,26.375000000000004,5.375,14.875000000000002
E01003181,7.800000000000001,29.799999999999997,32.4,1522.0,21.28777923784494,5.124835742444152,19.57950065703022
E01003182,13.0,22.400000000000002,40.4,1787.0,22.60772243984331,7.274762171236709,12.534974818130948
E01003183,9.2,39.8,45.0,1604.0,28.05486284289277,5.735660847880299,24.812967581047378
E01003184,3.2,16.4,33.2,1422.0,23.347398030942337,2.250351617440225,11.533052039381154
E01003185,9.4,18.8,30.200000000000003,1931.0,15.639564992232007,4.86794407042983,9.73588814085966
E01003186,18.0,89.0,61.4,2440.0,25.16393442622951,7.3770491803278695,36.47540983606557
E01003187,13.0,26.2,46.4,2317.0,20.02589555459646,5.6107034958998705,11.307725507121276
E01003188,6.800000000000001,16.2,39.2,1266.0,30.96366508688784,5.371248025276461,12.796208530805687
E01003189,6.2,14.8,72.4,1767.0,40.97340124504811,3.5087719298245617,8.375778155065083
E01003190,20.6,71.8,94.4,2318.0,40.72476272648835,8.886971527178604,30.974978429680757
E01003191,7.0,15.0,45.2,1662.0,27.19614921780987,4.21179302045728,9.025270758122744
E01003192,9.6,25.4,90.2,1789.0,50.419228619340416,5.366126327557295,14.197875908328674
E01003193,14.2,147.2,80.4,1799.0,44.69149527515286,7.893274041133963,81.82323513062812
E01003194,12.4,19.2,66.0,1767.0,37.35144312393888,7.017543859649123,10.865874363327674
E01003195,5.6,12.200000000000001,29.2,1486.0,19.650067294751008,3.768506056527591,8.209959623149395
E01003196,9.4,52.6,89.39999999999999,1763.0,50.70901871809416,5.331820760068066,29.835507657402157
E01003197,6.8,18.8,71.6,1658.0,43.18455971049457,4.101326899879373,11.338962605548856
E01003198,6.6,11.8,25.2,1494.0,16.867469879518072,4.417670682730924,7.898259705488622
E01003199,12.6,46.2,125.4,1971.0,63.62252663622527,6.39269406392694,23.439878234398783
E01003200,14.2,131.0,41.0,1475.0,27.796610169491526,9.627118644067796,88.8135593220339
E01003201,6.0,24.800000000000004,43.6,1680.0,25.952380952380953,3.571428571428571,14.761904761904765
E01003202,7.8,14.4,28.0,1558.0,17.971758664955072,5.006418485237484,9.242618741976894
E01003203,14.4,125.60000000000001,65.2,1966.0,33.16378433367243,7.3245167853509665,63.886063072227884
E01003204,13.2,13.600000000000001,65.19999999999999,1612.0,40.44665012406947,8.188585607940446,8.436724565756824
E01003205,13.4,14.2,31.0,1391.0,22.286125089863408,9.633357296908699,10.208483105679367
E01003206,4.4,9.4,22.8,1409.0,16.18168914123492,3.1227821149751596,6.671398154719659
E01003207,24.0,50.4,85.6,2333.0,36.69095585083583,10.287183883411917,21.603086155165023
E01003209,12.399999999999999,21.200000000000003,43.0,1897.0,22.667369530838165,6.536636794939377,11.175540326831841
E01003210,13.8,38.2,45.8,1774.0,25.817361894024803,7.7790304396843295,21.533258173618943
E01003211,14.799999999999999,17.8,43.6,1556.0,28.02056555269923,9.511568123393316,11.439588688946015
E01003212,12.2,20.2,32.4,2011.0,16.111387369467927,6.066633515663849,10.044753853804078
E01003213,12.6,16.200000000000003,38.8,1963.0,19.76566479877738,6.418746816097809,8.252674477840042
E01003214,10.8,59.0,63.400000000000006,1780.0,35.617977528089895,6.067415730337078,33.14606741573034
E01003215,21.2,111.2,70.8,1893.0,37.40095087163233,11.199154780771263,58.74273639725304
E01003216,12.6,20.8,39.2,1672.0,23.444976076555026,7.535885167464115,12.440191387559809
E01003217,5.4,8.999999999999998,27.0,1930.0,13.989637305699482,2.7979274611398965,4.663212435233159
E01003218,4.6,10.6,22.4,1551.0,14.442295293359123,2.965828497743391,6.834300451321728
E01003219,8.2,13.2,47.0,1723.0,27.278003482298317,4.759141033081834,7.661056297156123
E01003220,6.0,9.4,41.2,1668.0,24.70023980815348,3.5971223021582737,5.635491606714629
E01003221,13.8,47.8,71.2,2161.0,32.947709393799165,6.385932438685794,22.119389171679778
E01003222,6.0,11.0,30.6,1573.0,19.453273998728545,3.814367450731087,6.993006993006993
E01003223,7.6,32.0,57.0,1653.0,34.48275862068965,4.597701149425287,19.358741681790686
E01003224,9.4,15.4,44.8,1732.0,25.86605080831409,5.427251732101617,8.891454965357967
E01003225,5.6,18.6,33.6,1594.0,21.07904642409034,3.5131744040150563,11.668757841907153
E01003226,7.4,74.2,39.4,1838.0,21.436343852013056,4.026115342763874,40.369967355821544
E01003227,5.2,9.799999999999999,22.0,1639.0,13.422818791946309,3.1726662599145823,5.979255643685173
E01003228,4.4,10.8,30.4,1578.0,19.26489226869455,2.788339670468948,6.844106463878327
E01003229,14.2,71.0,73.8,1686.0,43.772241992882556,8.422301304863582,42.11150652431792
E01003230,8.6,22.6,50.0,1997.0,25.03755633450175,4.306459689534302,11.316975463194794
E01003231,10.6,58.0,43.6,1551.0,28.110896196002578,6.834300451321728,37.39522888459059
E01003232,8.0,14.2,30.6,1706.0,17.936694021101996,4.689331770222743,8.32356389214537
E01003233,8.2,8.799999999999999,21.8,1837.0,11.86717474142624,4.463799673380511,4.790419161676645
E01003235,10.6,21.8,46.6,1422.0,32.77074542897328,7.454289732770746,15.330520393811534
E01003236,9.2,20.6,63.6,1689.0,37.65541740674956,5.4470100651272935,12.196566015393724
E01003237,6.8,42.0,87.2,1689.0,51.62818235642392,4.026050917702783,24.866785079928952
E01003238,4.4,8.6,42.2,1480.0,28.513513513513512,2.9729729729729732,5.8108108108108105
E01003239,6.199999999999999,9.8,43.0,1612.0,26.674937965260543,3.8461538461538454,6.0794044665012414
E01003240,7.199999999999999,19.0,60.2,1997.0,30.14521782674011,3.605408112168252,9.514271407110666
E01003241,12.4,26.599999999999998,33.8,1591.0,21.244500314267754,7.7938403519798864,16.71904462602137
E01003243,12.0,44.6,59.400000000000006,1509.0,39.363817097415506,7.952286282306162,29.555997349237906
E01003244,12.2,22.4,40.4,1902.0,21.24079915878023,6.414300736067297,11.77707676130389
E01003245,9.6,14.8,33.2,1993.0,16.658304064224787,4.816859006522829,7.425990968389363
E01003246,23.2,41.0,68.0,2411.0,28.204064703442555,9.622563251762754,17.005391953546248
E01003247,14.0,44.4,45.599999999999994,2103.0,21.683309557774606,6.657156443176415,21.112696148359486
E01003248,15.2,31.200000000000003,42.2,1641.0,25.716026812918955,9.262644728823886,19.012797074954296
E01003249,7.0,21.6,45.8,2057.0,22.265435099659697,3.403014098201264,10.500729217306757
E01003251,12.4,30.6,43.8,1734.0,25.259515570934255,7.151095732410612,17.647058823529413
E01003252,8.4,19.4,44.599999999999994,1579.0,28.245725142495246,5.3198226725775815,12.286257124762507
E01003253,19.2,62.199999999999996,63.2,1422.0,44.44444444444444,13.50210970464135,43.74120956399437
E01003254,8.0,16.6,24.4,1438.0,16.968011126564672,5.563282336578581,11.543810848400557
E01003255,15.6,82.8,78.0,1990.0,39.19597989949749,7.839195979899497,41.608040201005025
E01003256,11.4,32.800000000000004,71.0,2133.0,33.286451007969994,5.344585091420535,15.377402719174873
E01003257,6.6,11.6,28.2,1602.0,17.602996254681646,4.119850187265918,7.240948813982522
E01003258,5.0,8.4,27.4,1547.0,17.711700064641242,3.232062055591467,5.429864253393665
E01003259,11.0,31.0,47.4,1753.0,27.03936109526526,6.274957216200799,17.683970336565885
E01003260,7.8,9.4,26.8,1661.0,16.13485851896448,4.695966285370259,5.659241420830825
E01003261,7.0,9.2,22.8,1526.0,14.941022280471822,4.587155963302752,6.028833551769331
E01003262,8.8,11.8,30.6,1524.0,20.078740157480315,5.774278215223098,7.742782152230972
E01003263,4.4,36.2,58.2,1801.0,32.31538034425319,2.4430871737923376,20.099944475291505
E01003264,10.4,17.0,35.4,1643.0,21.545952525867314,6.329884357881924,10.346926354230067
E01003265,11.0,23.6,62.4,1646.0,37.91008505467801,6.682867557715674,14.33778857837181
E01003266,6.0,12.4,47.8,1721.0,27.77454968041836,3.486345148169669,7.205113306217315
E01003267,6.0,9.599999999999998,34.4,1758.0,19.567690557451648,3.4129692832764507,5.46075085324232
E01003268,6.8,11.999999999999998,37.2,1853.0,20.075553157042634,3.6697247706422016,6.475984889368591
E01003269,4.199999999999999,7.199999999999999,28.6,1604.0,17.830423940149625,2.618453865336658,4.488778054862842
E01003270,5.4,9.599999999999998,24.6,1645.0,14.954407294832828,3.2826747720364744,5.835866261398175
E01003271,6.0,6.6,13.2,1625.0,8.123076923076923,3.692307692307692,4.061538461538461
E01003272,15.0,38.8,37.0,1994.0,18.55566700100301,7.522567703109328,19.458375125376126
E01003273,4.8,9.0,22.799999999999997,1507.0,15.12939615129396,3.18513603185136,5.972130059721301
E01003274,10.2,26.6,39.2,1590.0,24.654088050314467,6.415094339622641,16.729559748427675
E01003275,10.4,13.6,45.6,1698.0,26.855123674911663,6.124852767962309,8.00942285041225
E01003276,6.6,14.600000000000001,30.6,1907.0,16.046145778710017,3.46093340325118,7.656004195070793
E01003277,8.2,14.200000000000001,34.2,1674.0,20.43010752688172,4.898446833930705,8.482676224611708
E01003278,10.8,33.6,59.0,2085.0,28.297362110311752,5.179856115107913,16.115107913669064
E01003279,6.8,10.2,23.2,1530.0,15.163398692810457,4.444444444444445,6.666666666666666
E01003280,3.8,9.8,38.4,1644.0,23.357664233576642,2.311435523114355,5.961070559610706
E01003281,8.0,12.8,19.0,1496.0,12.70053475935829,5.347593582887701,8.556149732620321
E01003282,11.8,30.4,53.8,2415.0,22.277432712215322,4.886128364389234,12.587991718426501
E01003283,6.2,16.8,28.799999999999997,2127.0,13.540197461212975,2.914903620122238,7.898448519040903
E01003284,12.8,39.6,44.400000000000006,1877.0,23.654768247202988,6.819392647842302,21.097496004262123
E01003285,12.6,81.2,31.8,1751.0,18.16105082809823,7.195888063963449,46.373500856653344
E01003286,11.0,43.6,66.6,1736.0,38.36405529953917,6.336405529953917,25.11520737327189
E01003287,7.6,12.2,21.6,1969.0,10.970035551041137,3.859827323514474,6.196038598273235
E01003288,16.2,60.0,78.8,2158.0,36.51529193697868,7.506950880444856,27.80352177942539
E01003290,11.200000000000001,27.0,87.0,1910.0,45.54973821989529,5.863874345549739,14.136125654450263
E01003291,19.0,112.0,293.0,1544.0,189.76683937823836,12.305699481865286,72.53886010362693
E01003292,13.4,62.8,66.6,1791.0,37.185929648241206,7.4818537130094915,35.0642099385818
E01003293,8.799999999999999,29.200000000000003,46.0,1569.0,29.31803696622052,5.608667941363925,18.61057998725303
E01003295,14.6,29.599999999999998,61.0,1786.0,34.1545352743561,8.174692049272117,16.573348264277715
E01003297,17.4,30.0,45.4,1701.0,26.6901822457378,10.229276895943562,17.636684303350968
E01003298,4.6000000000000005,10.6,24.8,1280.0,19.375,3.5937500000000004,8.28125
E01003299,14.6,71.2,81.80000000000001,1790.0,45.69832402234638,8.156424581005586,39.77653631284917
E01003300,8.6,22.8,56.2,1487.0,37.794216543375924,5.78345662407532,15.332885003362474
E01003301,11.399999999999999,41.800000000000004,40.8,2632.0,15.501519756838904,4.331306990881458,15.881458966565349
E01003302,13.0,20.4,57.8,1867.0,30.95875736475629,6.963042313872522,10.926620246384575
E01003303,30.0,125.4,133.2,1719.0,77.48691099476439,17.452006980802793,72.94938917975567
E01003304,29.0,234.0,113.19999999999999,2246.0,50.400712377560104,12.911843276936777,104.18521816562779
E01003305,10.4,24.0,55.4,2292.0,24.17102966841187,4.537521815008726,10.471204188481677
E01003307,7.2,7.8,21.799999999999997,1599.0,13.633520950594118,4.50281425891182,4.878048780487805
E01003308,10.0,14.0,38.8,1789.0,21.68809390721073,5.589714924538848,7.8256008943543875
E01003309,11.0,16.0,60.0,1620.0,37.03703703703704,6.790123456790123,9.876543209876543
E01003310,10.4,18.4,50.2,1589.0,31.5921963499056,6.544996853366898,11.57960981749528
E01003311,8.6,12.799999999999999,29.0,1596.0,18.170426065162907,5.3884711779448615,8.020050125313283
E01003312,9.8,13.6,24.8,1756.0,14.123006833712985,5.580865603644647,7.744874715261958
E01003313,6.4,16.6,40.8,1571.0,25.970719287078293,4.073838319541693,10.566518141311267
E01003314,8.0,9.8,23.4,1645.0,14.224924012158054,4.863221884498481,5.957446808510639
E01003315,6.6000000000000005,13.6,32.8,1306.0,25.114854517611022,5.053598774885146,10.413476263399694
E01003316,9.2,12.799999999999999,21.2,1477.0,14.353419092755585,6.2288422477995935,8.66621530128639
E01003318,43.8,252.8,243.8,2075.0,117.49397590361446,21.10843373493976,121.83132530120483
E01003319,16.6,28.200000000000003,80.8,1794.0,45.03901895206243,9.253065774804906,15.719063545150503
E01003320,8.0,54.0,60.2,1586.0,37.957124842370746,5.044136191677175,34.04791929382093
E01003321,13.4,22.800000000000004,65.8,1748.0,37.64302059496568,7.665903890160183,13.043478260869568
E01003322,9.799999999999999,21.0,38.6,1631.0,23.666462293071735,6.008583690987124,12.875536480686696
E01003323,5.6,16.2,34.8,1510.0,23.04635761589404,3.708609271523178,10.728476821192052
E01003324,20.0,93.4,74.39999999999999,1688.0,44.07582938388625,11.848341232227487,55.33175355450237
E01003325,13.2,30.4,66.2,1816.0,36.45374449339207,7.2687224669603525,16.740088105726873
E01003326,14.4,16.0,42.400000000000006,1814.0,23.373759647188535,7.938257993384785,8.820286659316428
E01003327,15.0,61.6,56.0,1631.0,34.33476394849785,9.196811771919068,37.76824034334764
E01003328,9.0,19.0,34.599999999999994,1773.0,19.514946418499715,5.076142131979695,10.716300056401579
E01003329,7.0,15.400000000000002,29.0,1641.0,17.672151127361364,4.2656916514320535,9.38452163315052
E01003330,9.2,11.799999999999999,36.2,1591.0,22.75298554368322,5.78252671275927,7.416719044626021
E01003331,6.4,8.4,33.2,1522.0,21.81340341655716,4.204993429697767,5.519053876478318
E01003332,5.6,8.2,28.799999999999997,1592.0,18.09045226130653,3.517587939698492,5.150753768844221
E01003333,7.4,15.2,43.4,1535.0,28.27361563517915,4.82084690553746,9.902280130293159
E01003334,14.0,79.8,78.4,1785.0,43.92156862745098,7.8431372549019605,44.705882352941174
E01003335,8.200000000000001,13.8,46.2,1514.0,30.515191545574638,5.416116248348746,9.114927344782034
E01003336,9.6,36.6,40.4,1532.0,26.37075718015666,6.266318537859007,23.890339425587467
E01003337,6.2,15.2,58.0,1433.0,40.4745289602233,4.326587578506629,10.60711793440335
E01003338,14.6,30.400000000000002,62.6,2027.0,30.883078441045882,7.202762703502713,14.997533300444006
E01003339,7.4,16.0,41.8,1690.0,24.733727810650887,4.378698224852071,9.467455621301776
E01003340,11.200000000000001,24.0,32.4,2067.0,15.674891146589259,5.418480890179004,11.611030478955007
E01003341,6.2,11.2,26.0,1383.0,18.799710773680406,4.483007953723789,8.098336948662327
E01003342,4.6,11.0,29.6,1696.0,17.452830188679243,2.7122641509433962,6.485849056603774
E01003343,5.0,10.399999999999999,23.4,1451.0,16.126809097174363,3.445899379738112,7.167470709855271
E01003344,7.2,13.399999999999999,32.2,1674.0,19.23536439665472,4.301075268817204,8.004778972520906
E01003345,9.0,23.4,31.8,1960.0,16.224489795918366,4.591836734693878,11.938775510204081
E01003346,10.8,25.6,58.2,1669.0,34.87118034751349,6.4709406830437395,15.338526063511086
E01003347,10.2,18.4,71.4,1750.0,40.800000000000004,5.828571428571427,10.514285714285714
E01003348,7.199999999999999,15.8,48.6,1788.0,27.181208053691275,4.026845637583892,8.836689038031322
E01003349,4.2,11.2,37.0,1545.0,23.948220064724918,2.7184466019417477,7.249190938511327
E01003350,9.6,9.6,39.4,1321.0,29.82588947766843,7.267221801665405,7.267221801665405
E01003351,5.2,27.6,47.800000000000004,1690.0,28.284023668639055,3.076923076923077,16.331360946745562
E01003352,12.8,20.2,68.2,2288.0,29.80769230769231,5.594405594405594,8.828671328671328
E01003353,7.0,91.6,44.0,1785.0,24.64985994397759,3.9215686274509802,51.31652661064425
E01003354,7.199999999999999,15.799999999999999,51.8,2057.0,25.18230432668935,3.5002430724355853,7.6810889645114235
E01003355,7.8,30.0,24.6,1768.0,13.914027149321267,4.411764705882353,16.968325791855204
E01003356,8.2,15.2,25.200000000000003,1838.0,13.710554951033734,4.4613710554951025,8.269858541893361
E01003357,12.4,23.0,71.2,1867.0,38.136047134440275,6.641671130155329,12.319228709159079
E01003358,7.4,17.799999999999997,41.2,1792.0,22.99107142857143,4.129464285714286,9.933035714285712
E01003359,9.6,17.8,44.8,1748.0,25.62929061784897,5.491990846681922,10.183066361556063
E01003360,5.4,39.800000000000004,34.2,1788.0,19.127516778523493,3.0201342281879198,22.25950782997763
E01003361,6.2,14.6,20.6,1672.0,12.320574162679426,3.708133971291866,8.732057416267942
E01003362,3.2,4.2,16.0,1382.0,11.577424023154848,2.3154848046309695,3.0390738060781475
E01003363,5.6,10.6,22.0,1698.0,12.956419316843345,3.297997644287397,6.24263839811543
E01003364,5.2,3.8000000000000003,14.4,1817.0,7.925151348376444,2.8618602091359384,2.09135938359934
E01003365,4.6,3.2,7.4,1486.0,4.979811574697174,3.095558546433378,2.1534320323014806
E01003366,5.0,48.0,37.2,1736.0,21.428571428571427,2.8801843317972353,27.64976958525346
E01003368,5.6,5.4,27.0,1672.0,16.148325358851675,3.3492822966507174,3.229665071770335
E01003369,3.8,14.2,19.8,1641.0,12.065813528336381,2.3156611822059716,8.653260207190737
E01003370,9.8,126.2,34.2,1989.0,17.19457013574661,4.927099044746105,63.44896933132227
E01003371,5.8,5.8,15.2,1551.0,9.800128949065119,3.7395228884590583,3.7395228884590583
E01003372,7.800000000000001,32.0,39.6,1704.0,23.23943661971831,4.577464788732395,18.779342723004696
E01003373,2.8,12.399999999999999,63.2,1551.0,40.74790457769181,1.8052869116698904,7.994842037395228
E01003374,10.6,24.2,61.6,1811.0,34.01435670900055,5.853119823302043,13.362782992821645
E01003375,14.0,23.2,68.0,1779.0,38.223721191680724,7.869589657110737,13.041034288926362
E01003376,4.4,11.0,42.0,1571.0,26.734563971992362,2.8007638446849143,7.001909611712286
E01003377,4.800000000000001,9.799999999999999,45.8,1641.0,27.909811090798293,2.925045703839123,5.971968312004875
E01003378,8.6,15.399999999999999,48.2,2240.0,21.517857142857146,3.839285714285714,6.874999999999999
E01003379,11.4,34.400000000000006,76.8,2025.0,37.925925925925924,5.62962962962963,16.98765432098766
E01003380,4.3999999999999995,8.2,9.8,1746.0,5.61282932416953,2.520045819014891,4.696449026345934
E01003381,4.8,9.6,13.2,1572.0,8.396946564885495,3.0534351145038165,6.106870229007633
E01003382,3.6,8.6,7.4,1783.0,4.150308468872686,2.0190689848569825,4.823331463825014
E01003383,10.4,272.2,81.4,1647.0,49.423193685488776,6.31451123254402,165.27018822100788
E01003384,3.4,6.2,16.0,1683.0,9.506833036244801,2.0202020202020203,3.6838978015448607
E01003385,3.6,7.3999999999999995,12.2,1636.0,7.457212713936429,2.200488997555012,4.52322738386308
E01003386,5.800000000000001,11.0,44.2,2272.0,19.45422535211268,2.5528169014084514,4.841549295774647
E01003387,5.3999999999999995,11.0,59.599999999999994,2085.0,28.58513189448441,2.5899280575539563,5.275779376498801
E01003388,4.8,7.8,36.0,1727.0,20.845396641574986,2.7793862188766645,4.516502605674581
E01003389,12.8,40.4,82.0,1796.0,45.657015590200444,7.12694877505568,22.49443207126949
E01003390,9.4,62.8,92.2,1787.0,51.594851706771124,5.260212646894236,35.142697257974255
E01003391,6.4,7.4,46.4,1322.0,35.0983358547655,4.841149773071105,5.597579425113464
E01003392,2.8,12.8,29.0,1416.0,20.480225988700564,1.9774011299435028,9.03954802259887
E01003393,4.2,19.4,30.4,1620.0,18.76543209876543,2.5925925925925926,11.975308641975309
E01003394,6.800000000000001,14.4,43.6,2064.0,21.124031007751938,3.2945736434108532,6.976744186046512
E01003395,7.6000000000000005,12.799999999999999,29.0,1636.0,17.726161369193154,4.645476772616137,7.823960880195599
E01003396,4.4,9.6,17.6,1507.0,11.678832116788323,2.9197080291970807,6.37027206370272
E01003397,8.6,10.200000000000001,35.8,1522.0,23.52168199737188,5.650459921156372,6.701708278580815
E01003398,11.2,29.599999999999998,36.599999999999994,1911.0,19.152276295133433,5.86080586080586,15.489272632129774
E01003399,3.4,5.2,11.2,1406.0,7.965860597439544,2.4182076813655757,3.6984352773826457
E01003400,4.8,51.599999999999994,35.4,1461.0,24.229979466119097,3.2854209445585214,35.318275154004105
E01003401,7.199999999999999,66.8,38.8,1408.0,27.55681818181818,5.113636363636362,47.44318181818181
E01003402,9.8,43.0,19.4,1487.0,13.04640215198386,6.590450571620714,28.917283120376595
E01003403,4.4,12.6,13.2,1481.0,8.912896691424713,2.970965563808238,8.507765023632679
E01003404,7.0,7.8,18.2,1833.0,9.929078014184398,3.8188761593016913,4.25531914893617
E01003405,8.8,31.599999999999998,61.2,2432.0,25.164473684210527,3.618421052631579,12.993421052631577
E01003406,5.0,8.4,28.8,1688.0,17.061611374407583,2.9620853080568716,4.976303317535545
E01003407,6.8,13.0,32.0,1945.0,16.452442159383033,3.4961439588688945,6.683804627249358
E01003408,5.6,12.6,32.0,1948.0,16.42710472279261,2.8747433264887063,6.468172484599589
E01003409,7.8,10.0,43.8,1800.0,24.333333333333332,4.333333333333333,5.555555555555555
E01003410,4.6000000000000005,11.8,42.0,1633.0,25.719534598897734,2.8169014084507045,7.225964482547459
E01003411,6.6000000000000005,12.6,42.6,2035.0,20.93366093366093,3.2432432432432434,6.191646191646192
E01003412,6.0,11.6,52.2,1755.0,29.743589743589745,3.4188034188034186,6.60968660968661
E01003413,6.0,42.4,46.4,2082.0,22.28626320845341,2.881844380403458,20.36503362151777
E01003414,6.0,11.2,35.6,1724.0,20.649651972157773,3.480278422273782,6.496519721577726
E01003415,4.0,11.0,51.800000000000004,2390.0,21.67364016736402,1.6736401673640167,4.602510460251046
E01003416,7.6000000000000005,8.0,32.0,1586.0,20.1765447667087,4.791929382093317,5.044136191677175
E01003417,5.4,3.0,17.0,1591.0,10.685103708359522,3.39409176618479,1.8856065367693275
E01003418,4.4,3.6,10.4,1442.0,7.212205270457698,3.0513176144244105,2.4965325936199725
E01003419,4.6,8.0,26.0,1824.0,14.254385964912279,2.5219298245614032,4.385964912280701
E01003420,4.2,7.0,13.0,1483.0,8.766014834794335,2.832097100472016,4.720161834120027
E01003421,4.6000000000000005,4.4,20.0,1594.0,12.547051442910917,2.885821831869511,2.7603513174404015
E01003422,5.6,13.399999999999999,21.6,1465.0,14.744027303754267,3.822525597269624,9.146757679180887
E01003423,4.6,26.8,31.799999999999997,1643.0,19.354838709677416,2.799756542909312,16.31162507608034
E01003424,7.3999999999999995,3.4,8.4,1533.0,5.47945205479452,4.827136333985649,2.217873450750163
E01003425,5.199999999999999,3.6,6.6,1488.0,4.435483870967742,3.494623655913978,2.4193548387096775
E01003426,7.6,9.0,26.400000000000002,1756.0,15.034168564920273,4.328018223234624,5.125284738041002
E01003427,11.2,119.60000000000001,73.6,1976.0,37.24696356275303,5.668016194331983,60.52631578947369
E01003428,6.2,10.399999999999999,19.8,1515.0,13.06930693069307,4.092409240924092,6.864686468646863
E01003429,2.8,6.0,30.6,1630.0,18.773006134969325,1.7177914110429446,3.6809815950920246
E01003430,5.4,28.0,65.8,1675.0,39.28358208955224,3.2238805970149254,16.71641791044776
E01003431,4.800000000000001,7.0,40.4,1702.0,23.73678025851939,2.8202115158636905,4.112808460634548
E01003432,5.2,8.8,40.6,1705.0,23.812316715542522,3.0498533724340176,5.161290322580645
E01003433,3.4000000000000004,9.799999999999999,45.599999999999994,1595.0,28.589341692789965,2.1316614420062696,6.144200626959248
E01003434,4.0,7.6,22.6,1545.0,14.627831715210357,2.588996763754045,4.919093851132686
E01003435,9.8,17.4,42.4,2124.0,19.962335216572505,4.613935969868173,8.192090395480227
E01003436,7.2,6.000000000000001,32.2,1742.0,18.484500574052813,4.133180252583237,3.444316877152698
E01003437,8.0,17.6,29.8,2031.0,14.67257508616445,3.9389463318562288,8.665681930083702
E01003438,4.0,10.2,45.8,1827.0,25.068418171866448,2.1893814997263275,5.582922824302134
E01003439,9.6,38.8,64.8,1590.0,40.75471698113208,6.037735849056603,24.40251572327044
E01003440,7.3999999999999995,11.0,44.2,1669.0,26.48292390653086,4.433792690233673,6.5907729179149195
E01003441,6.0,13.0,50.6,1898.0,26.65964172813488,3.161222339304531,6.8493150684931505
E01003442,7.8,5.6,17.2,1682.0,10.225921521997622,4.637336504161712,3.3293697978596906
E01003443,5.2,9.200000000000001,15.399999999999999,1630.0,9.447852760736195,3.1901840490797544,5.644171779141105
E01003444,4.8,5.8,14.799999999999999,1611.0,9.186840471756671,2.97951582867784,3.6002482929857234
E01003445,7.199999999999999,7.6,18.2,1808.0,10.066371681415928,3.982300884955752,4.20353982300885
E01003446,12.2,87.0,48.2,1964.0,24.54175152749491,6.211812627291242,44.29735234215886
E01003447,5.800000000000001,30.8,53.6,1608.0,33.333333333333336,3.6069651741293534,19.154228855721392
E01003448,9.8,10.8,34.0,2301.0,14.776184267709692,4.259017818339853,4.693611473272491
E01003449,6.2,8.0,21.200000000000003,1873.0,11.318739989321944,3.3101975440469835,4.271222637479978
E01003450,5.8,7.2,36.2,1798.0,20.13348164627364,3.225806451612903,4.004449388209121
E01003451,10.2,11.8,28.0,1943.0,14.410705095213588,5.249613998970664,6.073082861554298
E01003452,6.6,13.600000000000001,49.2,2226.0,22.102425876010784,2.9649595687331534,6.109613656783469
E01003453,7.4,62.6,47.6,1839.0,25.88363240891789,4.023926046764546,34.04023926046765
E01003454,0.6,7.6,11.2,1362.0,8.223201174743025,0.44052863436123346,5.580029368575624
E01003455,5.0,11.6,29.6,1670.0,17.724550898203592,2.9940119760479043,6.946107784431137
E01003456,13.399999999999999,176.2,107.19999999999999,1602.0,66.916354556804,8.3645443196005,109.98751560549312
E01003457,3.4,7.200000000000001,13.4,1629.0,8.225905463474525,2.087170042971148,4.419889502762431
E01003458,3.2,13.399999999999999,14.600000000000001,1757.0,8.309618668184406,1.821286283437678,7.626636311895275
E01003459,6.4,24.6,35.0,2181.0,16.047684548372306,2.934433745988079,11.279229711141678
E01003460,13.4,19.8,31.0,1405.0,22.064056939501782,9.537366548042705,14.09252669039146
E01003461,6.6,34.6,22.4,1448.0,15.469613259668508,4.558011049723757,23.895027624309392
E01003462,5.2,4.2,7.2,1419.0,5.07399577167019,3.664552501761804,2.959830866807611
E01003463,10.4,4.0,11.8,1505.0,7.840531561461795,6.910299003322259,2.6578073089700998
E01003464,10.4,19.0,20.4,1389.0,14.68682505399568,7.487401007919367,13.678905687544997
E01003465,10.0,4.6,11.4,1312.0,8.689024390243903,7.621951219512195,3.5060975609756095
E01003466,3.8,4.800000000000001,15.2,1711.0,8.883693746347165,2.220923436586791,2.805376972530684
E01003467,6.6000000000000005,4.2,14.4,1766.0,8.154020385050963,3.737259343148358,2.3782559456398644
E01003468,5.8,6.3999999999999995,13.600000000000001,1761.0,7.722884724588303,3.2935831913685405,3.6342986939239066
E01003469,8.6,68.2,31.200000000000003,1651.0,18.897637795275593,5.208964264082374,41.308298001211384
E01003470,10.6,19.6,36.8,1998.0,18.418418418418415,5.305305305305305,9.80980980980981
E01003471,7.0,89.2,42.2,1723.0,24.492164828787,4.062681369704005,51.770168311085314
E01003472,2.8,5.0,12.4,1352.0,9.171597633136095,2.0710059171597632,3.698224852071006
E01003473,3.8,23.6,14.8,1472.0,10.054347826086957,2.5815217391304346,16.032608695652176
E01003474,5.8,6.6,7.8,1355.0,5.756457564575645,4.280442804428044,4.870848708487085
E01003476,5.0,8.8,21.4,1335.0,16.029962546816478,3.745318352059925,6.591760299625469
E01003477,6.2,38.8,18.599999999999998,1596.0,11.654135338345863,3.884711779448622,24.310776942355886
E01003478,14.799999999999999,27.200000000000003,19.200000000000003,1911.0,10.047095761381478,7.744636316064887,14.233385661957092
E01003479,7.6,15.2,48.6,1547.0,31.41564318034906,4.912734324499031,9.825468648998061
E01003480,9.2,24.4,36.0,2012.0,17.892644135188867,4.572564612326043,12.127236580516898
E01003481,11.6,42.599999999999994,56.4,1476.0,38.21138211382114,7.859078590785908,28.861788617886177
E01003483,7.8,15.600000000000001,40.400000000000006,1654.0,24.425634824667476,4.715840386940749,9.4316807738815
E01003484,3.2,7.2,21.6,1798.0,12.013348164627365,1.7797552836484984,4.004449388209121
E01003485,3.1999999999999997,11.4,22.8,1688.0,13.507109004739338,1.895734597156398,6.753554502369669
E01003486,6.2,90.8,76.8,1206.0,63.68159203980099,5.140961857379768,75.29021558872304
E01003487,2.6,10.4,79.0,1353.0,58.38876570583888,1.9216555801921655,7.686622320768662
E01003488,7.6,19.6,47.0,1983.0,23.701462430660616,3.8325769036812907,9.884014120020172
E01003489,16.2,54.6,65.2,2993.0,21.784163047109924,5.41262946876044,18.24256598730371
E01003490,5.2,19.0,50.6,1994.0,25.376128385155468,2.6078234704112337,9.528585757271816
E01003491,11.8,124.2,74.8,1980.0,37.77777777777778,5.95959595959596,62.72727272727273
E01003492,5.199999999999999,17.0,30.0,2032.0,14.763779527559056,2.5590551181102357,8.366141732283465
E01003494,3.0,14.399999999999999,38.2,2116.0,18.052930056710778,1.4177693761814745,6.805293005671077
E01003495,4.6,10.0,25.2,2075.0,12.144578313253012,2.216867469879518,4.819277108433735
E01003496,3.8,27.6,39.2,1342.0,29.210134128166917,2.831594634873323,20.566318926974667
E01003497,20.4,91.4,69.0,1648.0,41.868932038834956,12.378640776699028,55.46116504854369
E01003498,10.0,22.6,56.599999999999994,1868.0,30.299785867237684,5.353319057815845,12.098501070663813
E01003499,18.2,48.6,83.0,2373.0,34.97682258744206,7.669616519174041,20.480404551201012
E01003500,15.0,34.4,58.39999999999999,2049.0,28.501708150317224,7.320644216691069,16.78867740361152
E01003501,12.0,29.4,51.4,2355.0,21.825902335456476,5.095541401273885,12.484076433121018
E01003502,23.8,78.4,104.2,2671.0,39.011606140022465,8.910520404342943,29.352302508423815
E01003503,25.6,114.0,96.2,2882.0,33.37959750173491,8.882720333102013,39.5558639833449
E01003506,6.4,28.8,30.2,1425.0,21.19298245614035,4.491228070175439,20.210526315789473
E01003507,14.0,43.4,67.60000000000001,2261.0,29.898275099513494,6.191950464396285,19.195046439628484
E01003508,18.6,27.799999999999997,51.0,2558.0,19.9374511336982,7.271305707584051,10.86786551993745
E01003509,4.8,13.600000000000001,37.2,2065.0,18.01452784503632,2.3244552058111383,6.585956416464891
E01003511,6.4,13.0,28.2,1922.0,14.672216441207077,3.3298647242455774,6.76378772112383
E01003512,10.6,24.2,53.6,1980.0,27.070707070707073,5.353535353535353,12.222222222222221
E01003513,6.6,28.6,36.8,1562.0,23.559539052496795,4.225352112676056,18.309859154929576
E01003514,3.0,13.799999999999999,41.8,1658.0,25.211097708082026,1.8094089264173703,8.323281061519902
E01003515,19.400000000000002,115.6,103.4,2108.0,49.05123339658444,9.203036053130932,54.83870967741935
E01003516,6.0,21.2,55.0,1889.0,29.11593435680254,3.1762837480148227,11.222869242985706
E01003517,6.2,136.4,61.2,1884.0,32.48407643312102,3.290870488322718,72.39915074309978
E01003518,4.2,7.0,29.8,1638.0,18.192918192918196,2.5641025641025643,4.273504273504274
E01003519,5.0,10.0,21.799999999999997,1619.0,13.465101914762197,3.0883261272390365,6.176652254478073
E01003520,10.0,275.2,112.0,1983.0,56.48008068582955,5.042864346949067,138.77962682803832
E01003521,27.2,682.2,164.39999999999998,2172.0,75.69060773480662,12.523020257826888,314.08839779005524
E01003522,5.800000000000001,11.8,33.8,1852.0,18.250539956803454,3.1317494600431965,6.371490280777538
E01003523,16.2,57.8,78.0,2464.0,31.655844155844154,6.574675324675324,23.457792207792206
E01003524,6.8,18.8,38.0,1930.0,19.68911917098446,3.5233160621761654,9.740932642487047
E01003525,12.8,82.0,75.0,2076.0,36.127167630057805,6.165703275529865,39.4990366088632
E01003526,4.2,29.0,52.0,1880.0,27.659574468085104,2.2340425531914896,15.425531914893616
E01003527,7.2,13.8,28.2,1828.0,15.426695842450766,3.938730853391685,7.549234135667397
E01003528,1.2000000000000002,9.6,23.4,1359.0,17.218543046357617,0.8830022075055188,7.06401766004415
E01003529,3.6,34.8,46.0,2417.0,19.031857674803476,1.4894497310715764,14.398014067025237
E01003530,4.800000000000001,14.400000000000002,30.4,1893.0,16.05916534601162,2.5356576862123617,7.606973058637085
E01003531,6.0,80.80000000000001,79.19999999999999,2253.0,35.15312916111851,2.663115845539281,35.86329338659566
E01003532,3.6,22.8,36.2,2309.0,15.677782589865744,1.559116500649632,9.874404504114334
E01003533,6.8,16.6,44.8,2315.0,19.352051835853132,2.937365010799136,7.170626349892009
E01003534,6.0,28.6,48.0,2323.0,20.662935858803273,2.582866982350409,12.311665949203617
E01003535,9.4,19.6,54.400000000000006,1856.0,29.31034482758621,5.064655172413794,10.560344827586206
E01003536,10.0,11.0,40.6,2120.0,19.150943396226417,4.716981132075471,5.188679245283018
E01003537,6.2,32.4,50.2,2161.0,23.22998611753818,2.869042110134197,14.993058769088385
E01003538,11.4,30.8,58.6,2137.0,27.421619092185306,5.334581188582124,14.412728123537669
E01003539,6.2,19.2,54.8,2516.0,21.78060413354531,2.46422893481717,7.631160572337043
E01003540,6.8,14.8,49.6,2031.0,24.421467257508617,3.348104382077794,7.287050713934023
E01003541,5.6,14.6,45.6,2022.0,22.55192878338279,2.7695351137487636,7.220573689416419
E01003542,8.8,35.599999999999994,50.6,2234.0,22.649955237242615,3.939122649955238,15.935541629364367
E01003543,11.4,36.8,57.8,2333.0,24.77496785255036,4.88641234462066,15.773681954564935
E01003544,12.2,33.6,73.6,1811.0,40.64053009387079,6.736609607951407,18.553285477636667
E01003545,4.2,19.6,43.4,1753.0,24.75755847119224,2.3958927552766687,11.180832857957789
E01003546,5.4,16.8,35.0,1788.0,19.574944071588366,3.0201342281879198,9.395973154362418
E01003547,4.0,12.799999999999999,34.2,1955.0,17.49360613810742,2.046035805626598,6.547314578005114
E01003548,8.0,24.400000000000002,57.800000000000004,2248.0,25.711743772241995,3.558718861209964,10.854092526690392
E01003549,8.8,21.8,48.400000000000006,2119.0,22.840962718263334,4.152902312411515,10.28787163756489
E01003550,5.4,21.6,36.4,1779.0,20.460933108487914,3.035413153456999,12.141652613827995
E01003551,6.0,17.400000000000002,51.4,1830.0,28.08743169398907,3.278688524590164,9.508196721311476
E01003552,5.4,11.0,31.6,1597.0,19.7871008140263,3.381340012523482,6.88791484032561
E01003553,13.4,60.8,80.8,2021.0,39.980207817911925,6.630380999505196,30.08411677387432
E01003554,7.4,18.2,37.6,1899.0,19.79989468141127,3.8967877830437074,9.5839915745129
E01003555,4.4,14.000000000000002,25.8,1884.0,13.694267515923567,2.3354564755838645,7.4309978768577505
E01003556,16.4,108.0,108.8,1969.0,55.256475368207205,8.329101066531233,54.85017775520569
E01003557,10.8,48.6,57.4,1956.0,29.345603271983638,5.521472392638037,24.846625766871167
E01003558,13.0,60.4,103.4,1715.0,60.291545189504376,7.580174927113703,35.21865889212828
E01003559,15.0,59.8,60.8,2390.0,25.439330543933053,6.2761506276150625,25.02092050209205
E01003560,3.2,10.4,39.0,1676.0,23.269689737470166,1.9093078758949882,6.205250596658712
E01003561,5.2,17.6,25.6,1714.0,14.935822637106185,3.0338389731621938,10.268378063010504
E01003562,4.6,22.8,42.4,2100.0,20.19047619047619,2.1904761904761902,10.857142857142858
E01003563,3.5999999999999996,27.2,37.0,2620.0,14.122137404580153,1.3740458015267174,10.381679389312977
E01003564,10.799999999999999,49.8,54.4,2367.0,22.98267849598648,4.56273764258555,21.03929024081115
E01003565,4.6,17.4,27.0,2089.0,12.924844423168981,2.202010531354715,8.329344183820009
E01003566,18.4,159.4,81.4,1962.0,41.48827726809379,9.378185524974516,81.24362895005096
E01003567,5.6,39.2,57.0,1936.0,29.44214876033058,2.892561983471074,20.247933884297524
E01003568,2.2,13.2,30.6,2586.0,11.83294663573086,0.8507347254447023,5.104408352668214
E01003569,16.400000000000002,334.0,70.6,2465.0,28.640973630831642,6.6531440162271815,135.49695740365112
E01003570,7.0,43.8,97.2,1908.0,50.943396226415096,3.668763102725367,22.955974842767294
E01003571,4.4,23.799999999999997,52.8,2278.0,23.17822651448639,1.9315188762071993,10.44776119402985
E01003572,2.4,12.8,42.0,1674.0,25.089605734767026,1.4336917562724014,7.6463560334528085
E01003573,7.8,81.39999999999999,41.6,2329.0,17.86174323744096,3.3490768570201803,34.95062258480034
E01003574,7.2,33.6,69.0,2549.0,27.069438995684582,2.824637112593174,13.181639858768145
E01003575,5.8,17.0,35.0,1659.0,21.09704641350211,3.496081977094635,10.247136829415311
E01003576,12.6,33.8,70.0,1801.0,38.86729594669628,6.99611327040533,18.767351471404773
E01003577,9.0,23.0,57.6,2387.0,24.130708001675742,3.7704231252618348,9.635525764558023
E01003578,9.799999999999999,61.199999999999996,65.8,1994.0,32.99899699097292,4.9147442326980935,30.692076228686055
E01003579,5.6,15.8,33.0,1986.0,16.61631419939577,2.8197381671701915,7.955689828801611
E01003580,6.199999999999999,20.200000000000003,43.4,2001.0,21.689155422288856,3.0984507746126932,10.094952523738131
E01003581,4.2,22.6,46.199999999999996,1802.0,25.638179800221973,2.330743618201998,12.541620421753608
E01003582,2.2,9.8,28.2,1598.0,17.647058823529413,1.376720901126408,6.132665832290363
E01003583,8.200000000000001,16.4,33.4,2096.0,15.935114503816795,3.9122137404580157,7.82442748091603
E01003584,5.2,15.0,32.6,1916.0,17.014613778705638,2.7139874739039667,7.828810020876826
E01003585,3.0,8.200000000000001,35.2,1628.0,21.62162162162162,1.8427518427518428,5.036855036855038
E01003586,5.8,26.0,47.2,1833.0,25.750136388434264,3.1642116748499722,14.184397163120567
E01003587,10.600000000000001,46.2,50.6,2486.0,20.353982300884955,4.263877715205149,18.58407079646018
E01003588,3.2,7.799999999999999,29.6,1560.0,18.974358974358974,2.051282051282051,4.999999999999999
E01003589,6.6,17.0,37.0,1856.0,19.93534482758621,3.5560344827586206,9.159482758620689
E01003590,8.8,25.6,45.2,1607.0,28.126944617299316,5.4760423148724335,15.930304915992535
E01003591,13.200000000000001,62.6,85.6,2256.0,37.94326241134752,5.851063829787234,27.748226950354614
E01003592,9.2,20.6,56.2,1888.0,29.766949152542374,4.872881355932203,10.911016949152543
E01003593,7.199999999999999,27.6,39.0,1508.0,25.862068965517242,4.774535809018567,18.30238726790451
E01003594,7.4,17.4,41.2,1830.0,22.513661202185794,4.043715846994536,9.508196721311474
E01003595,10.0,22.6,42.4,1810.0,23.425414364640883,5.524861878453039,12.486187845303867
E01003596,4.0,17.0,44.2,1717.0,25.742574257425744,2.3296447291788005,9.900990099009901
E01003597,2.8,8.0,29.8,2189.0,13.613522156235724,1.2791228871630882,3.6546368204659663
E01003598,8.0,18.2,54.0,1894.0,28.511087645195353,4.223864836325237,9.609292502639915
E01003599,4.6000000000000005,18.6,43.0,1650.0,26.060606060606062,2.7878787878787885,11.272727272727273
E01003600,12.4,83.2,42.4,1629.0,26.028238182934317,7.612031921424187,51.07427869858809
E01003601,15.399999999999999,63.199999999999996,288.4,2201.0,131.03134938664243,6.996819627442071,28.714220808723304
E01003602,7.800000000000001,24.400000000000002,54.4,2187.0,24.874256973022405,3.5665294924554187,11.156835848193873
E01003603,7.3999999999999995,54.0,111.2,1940.0,57.31958762886598,3.8144329896907214,27.835051546391753
E01003604,12.6,24.400000000000002,51.2,2290.0,22.35807860262009,5.502183406113537,10.655021834061136
E01003605,13.200000000000001,31.0,55.0,2070.0,26.570048309178745,6.376811594202899,14.975845410628018
E01003607,12.200000000000001,21.8,54.0,1895.0,28.49604221635884,6.437994722955146,11.50395778364116
E01003608,7.6,17.400000000000002,25.2,2034.0,12.389380530973451,3.7364798426745325,8.554572271386432
E01003611,6.2,18.4,53.4,1961.0,27.231004589495154,3.161652218255992,9.38296787353391
E01003615,9.2,30.8,40.0,1703.0,23.48796241926013,5.402231356429829,18.085731062830302
E01003616,16.4,80.4,52.8,1846.0,28.602383531960996,8.884073672806068,43.553629469122434
E01003618,14.399999999999999,256.2,94.4,2269.0,41.60423093873953,6.34640810929925,112.9131776112825
E01003619,16.6,84.8,115.0,2483.0,46.314941602899715,6.685461135722917,34.152235199355616
E01003621,2.2,11.0,32.6,1652.0,19.73365617433414,1.331719128329298,6.658595641646489
E01003622,8.600000000000001,42.599999999999994,74.0,1821.0,40.637012630422845,4.722679846238331,23.393739703459634
E01003623,8.2,16.4,59.599999999999994,1756.0,33.94077448747152,4.669703872437357,9.339407744874714
E01003624,8.6,15.600000000000001,36.6,1689.0,21.6696269982238,5.0917702782711665,9.236234458259325
E01003625,3.0,14.6,32.4,1682.0,19.262782401902495,1.7835909631391202,8.680142687277051
E01003626,1.0,10.2,30.4,1682.0,18.07372175980975,0.5945303210463733,6.064209274673008
E01003627,3.2,10.600000000000001,23.4,1525.0,15.344262295081966,2.098360655737705,6.950819672131148
E01003628,3.2,9.600000000000001,25.8,1691.0,15.257244234180959,1.8923713778829094,5.67711413364873
E01003629,3.4000000000000004,12.0,30.4,1947.0,15.613764766307138,1.7462763225475093,6.163328197226503
E01003630,12.8,45.8,58.6,1890.0,31.005291005291003,6.772486772486773,24.23280423280423
E01003631,4.800000000000001,18.0,40.2,1866.0,21.543408360128616,2.5723472668810294,9.64630225080386
E01003632,3.8000000000000003,13.6,37.8,2425.0,15.58762886597938,1.5670103092783507,5.608247422680413
E01003633,7.2,16.400000000000002,52.8,1857.0,28.432956381260095,3.877221324717286,8.831448572967153
E01003634,5.6,15.0,41.4,1751.0,23.64363221016562,3.1981724728726437,8.566533409480297
E01003635,7.2,24.599999999999998,42.6,1825.0,23.34246575342466,3.9452054794520546,13.47945205479452
E01003636,13.8,40.0,79.6,2197.0,36.23122439690487,6.281292671825217,18.206645425580334
E01003637,4.6,9.4,33.0,1889.0,17.469560614081523,2.4351508734780305,4.976177871889889
E01003638,11.4,55.6,44.2,1907.0,23.17776612480336,5.977975878342947,29.155742003146305
E01003639,9.4,38.0,42.8,2256.0,18.97163120567376,4.166666666666667,16.843971631205672
E01003640,10.0,19.4,38.4,1958.0,19.611848825331972,5.107252298263534,9.908069458631257
E01003641,5.6000000000000005,13.8,30.0,2035.0,14.742014742014742,2.751842751842752,6.781326781326782
E01003642,6.4,20.2,64.2,1766.0,36.35334088335221,3.62400906002265,11.438278595696488
E01003643,4.2,9.0,24.0,2275.0,10.54945054945055,1.8461538461538463,3.956043956043956
E01003644,4.0,8.6,18.8,1656.0,11.352657004830919,2.4154589371980677,5.193236714975845
E01003645,12.2,141.4,91.2,2787.0,32.723358449946176,4.377466810190168,50.73555794761393
E01003646,9.6,29.599999999999998,48.2,1916.0,25.156576200417536,5.010438413361169,15.44885177453027
E01003647,8.6,20.0,36.2,1969.0,18.384966988318947,4.367699339766379,10.15744032503809
E01003648,5.2,5.800000000000001,13.4,1513.0,8.85657633840053,3.4368803701255786,3.8334434897554535
E01003649,4.0,5.800000000000001,21.4,1676.0,12.768496420047732,2.3866348448687353,3.4606205250596664
E01003650,5.6,9.8,27.0,1779.0,15.17706576728499,3.147835862844294,5.508712759977516
E01003651,4.0,5.0,15.4,1516.0,10.158311345646439,2.638522427440633,3.2981530343007917
E01003652,5.6,4.2,13.2,1615.0,8.173374613003094,3.4674922600619196,2.60061919504644
E01003653,11.0,42.199999999999996,65.0,2163.0,30.05085529357374,5.085529357374018,19.509939898289414
E01003654,4.199999999999999,6.8,27.2,1702.0,15.981198589894243,2.467685076380728,3.9952996474735607
E01003655,6.4,9.8,21.2,1571.0,13.494589433481858,4.073838319541693,6.238064926798218
E01003656,8.4,15.6,43.2,1559.0,27.710070558050035,5.388069275176395,10.006414368184734
E01003657,12.2,30.0,41.6,2168.0,19.18819188191882,5.62730627306273,13.837638376383763
E01003658,6.2,13.799999999999999,41.2,1720.0,23.953488372093027,3.604651162790698,8.023255813953488
E01003659,5.8,28.0,21.2,1756.0,12.072892938496583,3.3029612756264237,15.945330296127564
E01003660,3.6,6.800000000000001,15.2,1775.0,8.56338028169014,2.0281690140845074,3.8309859154929584
E01003661,12.6,14.600000000000001,38.2,2225.0,17.168539325842698,5.662921348314606,6.561797752808989
E01003662,11.8,32.4,64.8,2142.0,30.252100840336134,5.508870214752568,15.126050420168067
E01003663,6.6,12.399999999999999,42.6,1959.0,21.745788667687595,3.3690658499234303,6.329760081674323
E01003664,3.4000000000000004,6.4,34.6,1911.0,18.105703819989536,1.7791732077446365,3.3490319204604924
E01003665,4.0,6.8,25.6,1710.0,14.97076023391813,2.3391812865497075,3.9766081871345027
E01003666,11.4,98.4,64.8,2903.0,22.321736135032722,3.926972097829831,33.895969686531174
E01003668,13.4,40.8,23.799999999999997,1719.0,13.84525887143688,7.795229784758581,23.734729493891795
E01003669,6.6,31.400000000000002,16.4,1549.0,10.587475790832794,4.260813428018077,20.27114267269206
E01003670,5.4,5.800000000000001,22.4,1532.0,14.621409921671017,3.524804177545692,3.7859007832898177
E01003671,6.4,3.4000000000000004,5.8,1557.0,3.7251123956326264,4.110468850353244,2.1836865767501608
E01003672,11.6,18.8,26.0,1697.0,15.321154979375368,6.835592221567471,11.07837360047142
E01003673,5.8,7.8,28.2,1917.0,14.710485133020343,3.0255607720396456,4.068857589984351
E01003674,18.400000000000002,140.6,67.4,2424.0,27.80528052805281,7.590759075907592,58.003300330033
E01003675,7.8,13.399999999999999,41.0,1723.0,23.79570516540917,4.526987811955891,7.777132907719094
E01003676,4.0,6.4,24.8,1941.0,12.776919113858836,2.060793405461103,3.2972694487377643
E01003677,7.0,48.199999999999996,39.8,1808.0,22.013274336283185,3.8716814159292037,26.659292035398227
E01003678,6.2,7.6000000000000005,22.2,1639.0,13.544844417327639,3.7827943868212324,4.636973764490544
E01003679,6.0,6.000000000000001,29.0,1759.0,16.48664013644116,3.411028993746447,3.4110289937464473
E01003680,16.4,71.2,17.8,1667.0,10.677864427114576,9.838032393521296,42.711457708458305
E01003681,4.8,17.6,48.4,2026.0,23.889437314906218,2.3692003948667324,8.687068114511353
E01003682,5.6,5.8,23.200000000000003,1858.0,12.486544671689991,3.013993541442411,3.1216361679224973
E01003683,6.6,13.4,45.8,2187.0,20.94192958390489,3.0178326474622765,6.127114769090078
E01003684,5.6000000000000005,11.0,43.2,1866.0,23.151125401929264,3.0010718113612005,5.894962486602358
E01003685,9.0,15.4,45.6,1925.0,23.68831168831169,4.675324675324675,8.0
E01003686,6.6000000000000005,20.4,54.0,2020.0,26.73267326732673,3.2673267326732676,10.099009900990097
E01003688,6.0,24.6,74.0,1842.0,40.17372421281216,3.257328990228013,13.355048859934854
E01003689,33.8,790.4,223.2,2231.0,100.04482294935006,15.150156880322724,354.2805916629314
E01003690,23.8,90.60000000000001,97.8,2155.0,45.382830626450115,11.044083526682135,42.04176334106729
E01003691,4.2,8.8,22.4,1606.0,13.94769613947696,2.6151930261519305,5.47945205479452
E01003692,4.6,12.799999999999999,51.2,1642.0,31.18148599269184,2.8014616321559074,7.795371498172959
E01003693,3.8000000000000003,6.6,21.0,1702.0,12.338425381903642,2.2326674500587544,3.8777908343125733
E01003694,4.2,8.2,31.2,1467.0,21.267893660531698,2.8629856850715747,5.589638718473074
E01003695,4.6,6.6,48.4,1523.0,31.779382797110962,3.020354563361786,4.33355219960604
E01003696,6.2,7.000000000000001,23.2,1784.0,13.004484304932735,3.475336322869955,3.9237668161434986
E01003697,7.799999999999999,76.2,46.2,1728.0,26.736111111111114,4.513888888888888,44.09722222222223
E01003698,2.8,5.6,23.2,1526.0,15.203145478374836,1.8348623853211008,3.6697247706422016
E01003699,7.4,20.0,33.6,1554.0,21.62162162162162,4.761904761904763,12.87001287001287
E01003700,7.4,15.999999999999998,58.0,2525.0,22.97029702970297,2.9306930693069306,6.336633663366336
E01003701,13.2,62.199999999999996,57.8,2053.0,28.153921091086215,6.429615197272284,30.297126156843643
E01003702,6.0,16.0,41.2,2252.0,18.29484902309059,2.664298401420959,7.104795737122558
E01003703,5.6,11.0,42.6,2651.0,16.069407770652585,2.1124104111655977,4.149377593360996
E01003704,10.8,65.2,57.6,2032.0,28.346456692913385,5.31496062992126,32.08661417322835
E01003705,10.0,67.4,55.400000000000006,2420.0,22.89256198347108,4.132231404958678,27.85123966942149
E01003706,3.8,6.000000000000001,30.0,1702.0,17.626321974148063,2.2326674500587544,3.525264394829613
E01003707,8.2,5.6000000000000005,22.599999999999998,1529.0,14.780902550686722,5.362982341399607,3.6625245258338786
E01003708,6.4,10.6,58.400000000000006,2064.0,28.294573643410857,3.10077519379845,5.135658914728682
E01003709,2.6,4.0,18.2,1772.0,10.270880361173814,1.4672686230248309,2.257336343115124
E01003710,3.8,6.3999999999999995,23.200000000000003,1520.0,15.263157894736844,2.5,4.2105263157894735
E01003711,6.6,46.2,45.6,1912.0,23.84937238493724,3.451882845188284,24.163179916317993
E01003712,3.8,7.000000000000001,30.2,1500.0,20.133333333333333,2.533333333333333,4.666666666666667
E01003713,7.0,9.0,41.4,1884.0,21.97452229299363,3.715498938428875,4.777070063694267
E01003714,9.8,37.2,70.0,2424.0,28.877887788778878,4.0429042904290435,15.346534653465348
E01003715,7.4,15.399999999999999,53.6,2216.0,24.187725631768952,3.3393501805054155,6.949458483754512
E01003716,5.8,13.2,42.4,1819.0,23.309510720175922,3.188565145684442,7.25673446948873
E01003718,7.0,13.0,44.4,2003.0,22.166749875187218,3.494757863205192,6.490264603095357
E01003719,15.0,39.6,80.4,2404.0,33.44425956738769,6.239600665557404,16.47254575707155
E01003720,9.4,46.8,55.8,1922.0,29.032258064516128,4.890738813735692,24.34963579604578
E01003721,7.2,29.6,40.4,1895.0,21.319261213720313,3.799472295514512,15.620052770448549
E01003722,4.6,11.0,50.4,2418.0,20.843672456575682,1.9023986765922247,4.549214226633582
E01003723,6.6,12.399999999999999,71.6,1915.0,37.38903394255874,3.446475195822454,6.475195822454308
E01003724,2.5999999999999996,7.0,18.4,1483.0,12.407282535401214,1.753202966958867,4.720161834120027
E01003725,3.2,7.6000000000000005,33.4,1760.0,18.977272727272727,1.8181818181818181,4.318181818181818
E01003726,15.4,22.999999999999996,70.8,2527.0,28.017411950929954,6.094182825484765,9.101701622477243
E01003727,4.199999999999999,13.4,39.4,1781.0,22.122403144300954,2.358225715889949,7.523862998315553
E01003729,9.0,93.2,99.60000000000001,1773.0,56.17597292724197,5.076142131979695,52.56627185561196
E01003730,3.8,12.4,52.4,1838.0,28.509249183895538,2.0674646354733404,6.746463547334058
E01003731,5.8,11.2,42.8,1413.0,30.290162774239207,4.104741684359519,7.926397735314932
E01003732,10.6,11.4,53.6,1832.0,29.25764192139738,5.786026200873362,6.222707423580786
E01003733,5.2,22.0,51.0,1838.0,27.74755168661589,2.8291621327529923,11.969532100108813
E01003734,11.0,43.6,76.8,1836.0,41.830065359477125,5.991285403050108,23.74727668845316
E01003735,7.3999999999999995,39.8,63.599999999999994,2109.0,30.15647226173542,3.508771929824561,18.871503082029395
E01003736,5.6,9.6,31.2,2037.0,15.316642120765831,2.74914089347079,4.712812960235641
E01003737,5.0,10.2,33.0,2973.0,11.099899091826439,1.6818028927009754,3.43087790110999
E01003738,7.6,11.6,43.0,2378.0,18.082422203532378,3.1959629941126995,4.878048780487805
E01003739,7.4,14.399999999999999,60.599999999999994,2395.0,25.3027139874739,3.0897703549060545,6.012526096033403
E01003740,10.2,16.4,54.199999999999996,2222.0,24.39243924392439,4.5904590459045895,7.38073807380738
E01003741,7.4,13.4,37.0,2047.0,18.0752320468979,3.61504640937958,6.546165119687347
E01003742,7.800000000000001,19.999999999999996,56.2,2374.0,23.67312552653749,3.2855939342881215,8.424599831508003
E01003743,8.8,15.200000000000001,43.0,1902.0,22.60778128286015,4.6267087276551,7.991587802313354
E01003744,5.0,4.4,10.4,1453.0,7.157604955264969,3.4411562284927735,3.028217481073641
E01003745,4.8,3.2,12.8,1412.0,9.065155807365441,3.3994334277620397,2.2662889518413603
E01003746,2.8,9.2,24.6,1618.0,15.203955500618049,1.73053152039555,5.686032138442521
E01003747,3.6,4.4,7.0,1361.0,5.143277002204262,2.645113886847906,3.232916972814108
E01003748,10.6,48.00000000000001,26.200000000000003,1636.0,16.01466992665037,6.47921760391198,29.3398533007335
E01003749,2.4,4.8,17.0,1765.0,9.63172804532578,1.3597733711048159,2.7195467422096318
E01003750,10.200000000000001,18.0,27.2,1913.0,14.218504966021955,5.331939362258233,9.409304756926295
E01003751,11.0,16.200000000000003,46.2,2274.0,20.316622691292878,4.837291116974494,7.124010554089711
E01003752,7.800000000000001,19.8,47.0,2772.0,16.955266955266957,2.8138528138528143,7.142857142857143
E01003753,5.0,5.6,30.4,1987.0,15.299446401610467,2.5163563160543534,2.8183190739808754
E01003754,5.800000000000001,8.399999999999999,25.0,1721.0,14.52643811737362,3.37013364323068,4.8808832074375355
E01003755,7.4,54.4,44.2,2413.0,18.31744716121011,3.06672192291753,22.544550352258597
E01003756,5.4,18.2,62.0,2496.0,24.839743589743588,2.1634615384615388,7.291666666666667
E01003757,4.6,14.600000000000001,51.400000000000006,2141.0,24.007473143390943,2.1485287248949088,6.819243344231668
E01003759,3.6,4.0,6.8,1586.0,4.287515762925599,2.269861286254729,2.5220680958385877
E01003760,5.6,14.0,35.599999999999994,1895.0,18.786279683377305,2.9551451187335087,7.3878627968337724
E01003761,5.6,15.8,53.4,1824.0,29.276315789473685,3.0701754385964914,8.662280701754387
E01003762,11.6,10.0,22.599999999999998,1730.0,13.0635838150289,6.705202312138728,5.780346820809248
E01003763,9.4,36.199999999999996,23.2,2010.0,11.542288557213931,4.676616915422886,18.009950248756216
E01003764,9.6,16.200000000000003,28.8,2105.0,13.681710213776721,4.5605700712589075,7.695961995249408
E01003765,18.0,48.0,24.200000000000003,1939.0,12.480660134089739,9.28313563692625,24.75502836513667
E01003766,4.0,12.8,33.0,2175.0,15.172413793103448,1.839080459770115,5.885057471264368
E01003767,15.8,80.6,80.4,2196.0,36.612021857923494,7.194899817850638,36.70309653916211
E01003768,11.4,48.8,98.8,1922.0,51.4047866805411,5.931321540062435,25.390218522372525
E01003769,18.2,170.8,85.2,1877.0,45.39158231220032,9.696323921150771,90.99627064464572
E01003770,8.0,51.8,524.6,2886.0,181.77408177408176,2.772002772002772,17.94871794871795
E01003771,8.2,11.4,92.6,1793.0,51.64528722810931,4.573340769659787,6.358059118795316
E01003772,3.6,10.4,29.799999999999997,1816.0,16.409691629955944,1.9823788546255507,5.726872246696035
E01003773,7.8,43.0,39.8,1827.0,21.784345922276955,4.269293924466338,23.53585112205802
E01003774,4.8,8.4,17.6,1934.0,9.100310237849019,2.481902792140641,4.3433298862461225
E01003775,7.4,8.4,14.6,1658.0,8.805790108564535,4.463208685162847,5.066344993968637
E01003776,9.6,12.6,38.6,1735.0,22.2478386167147,5.53314121037464,7.262247838616714
E01003777,10.0,18.6,21.2,1824.0,11.62280701754386,5.482456140350877,10.197368421052632
E01003778,32.800000000000004,138.4,56.4,1945.0,28.997429305912597,16.86375321336761,71.15681233933162
E01003779,5.6000000000000005,10.6,29.6,1649.0,17.950272892662223,3.3959975742874473,6.428138265615524
E01003780,4.2,4.4,7.8,1563.0,4.990403071017274,2.6871401151631478,2.8150991682661552
E01003781,14.4,48.599999999999994,100.4,2018.0,49.75222993062439,7.13577799801784,24.083250743310206
E01003782,3.0,13.8,39.0,1740.0,22.413793103448274,1.7241379310344827,7.931034482758621
E01003783,32.6,462.79999999999995,192.0,2530.0,75.88932806324111,12.885375494071146,182.92490118577072
E01003784,4.4,11.6,45.6,2007.0,22.720478325859492,2.192326856003986,5.779770802192327
E01003785,10.0,20.8,81.0,2047.0,39.57010258915486,4.885197850512945,10.161211529066927
E01003786,2.0,7.0,17.8,1636.0,10.880195599022006,1.2224938875305624,4.278728606356968
E01003787,3.0,7.199999999999999,22.2,1645.0,13.495440729483281,1.82370820668693,4.376899696048632
E01003788,14.6,26.2,80.6,1835.0,43.92370572207084,7.956403269754768,14.27792915531335
E01003789,6.6,13.4,17.2,1424.0,12.07865168539326,4.634831460674157,9.410112359550562
E01003790,4.4,9.2,23.2,1498.0,15.487316421895862,2.937249666221629,6.141522029372497
E01003791,9.2,8.2,16.8,1501.0,11.192538307794804,6.129247168554296,5.463024650233177
E01003792,5.6000000000000005,9.4,22.0,1423.0,15.460295151089248,3.9353478566409,6.605762473647224
E01003793,8.6,18.4,28.2,1581.0,17.836812144212523,5.439595192915876,11.638203668564199
E01003794,5.4,4.2,21.8,1549.0,14.073595868302132,3.4861200774693355,2.711426726920594
E01003795,9.6,10.0,25.2,1235.0,20.40485829959514,7.77327935222672,8.097165991902834
E01003796,5.6,6.6000000000000005,17.8,1580.0,11.265822784810126,3.5443037974683542,4.177215189873418
E01003797,5.2,7.0,11.399999999999999,1425.0,7.999999999999998,3.6491228070175437,4.912280701754386
E01003798,12.2,20.6,18.2,1406.0,12.94452347083926,8.67709815078236,14.65149359886202
E01003799,15.8,29.8,17.2,1573.0,10.934520025429116,10.044500953591863,18.9446916719644
E01003800,5.2,17.0,17.6,1503.0,11.709913506320692,3.4597471723220226,11.310711909514305
E01003801,7.4,16.2,10.8,1281.0,8.430913348946136,5.776736924277908,12.646370023419204
E01003802,6.6,5.2,7.4,1387.0,5.335255948089402,4.758471521268926,3.7490987743330932
E01003803,5.6,10.0,39.8,1555.0,25.594855305466236,3.60128617363344,6.430868167202572
E01003804,7.8,8.8,25.6,1904.0,13.445378151260504,4.096638655462185,4.621848739495799
E01003805,7.6,5.6,6.6,1727.0,3.8216560509554136,4.400694846554718,3.242617255356109
E01003806,12.0,9.6,8.6,1473.0,5.838424983027835,8.146639511201629,6.517311608961303
E01003807,22.2,91.4,43.0,1964.0,21.89409368635438,11.30346232179226,46.53767820773931
E01003808,5.2,23.2,15.2,1890.0,8.042328042328041,2.7513227513227516,12.275132275132274
E01003809,8.0,13.4,13.8,1710.0,8.070175438596491,4.678362573099415,7.836257309941521
E01003810,3.4,6.800000000000001,16.8,1630.0,10.30674846625767,2.085889570552147,4.171779141104294
E01003811,4.4,6.6000000000000005,13.4,1841.0,7.278652906029333,2.3900054318305273,3.5850081477457905
E01003812,6.2,28.6,32.6,1856.0,17.564655172413794,3.3405172413793105,15.40948275862069
E01003813,6.6,6.2,11.2,1618.0,6.9221260815822,4.079110012360939,3.831891223733004
E01003814,6.6000000000000005,9.2,21.6,1786.0,12.094064949608065,3.6954087346024638,5.1511758118701
E01003815,12.8,63.0,38.400000000000006,1988.0,19.315895372233403,6.438631790744467,31.69014084507042
E01003816,12.6,9.2,21.6,1739.0,12.420931569867742,7.245543415756181,5.290396779758482
E01003817,14.4,36.8,47.2,1987.0,23.754403623553095,7.247106190236538,18.520382486160038
E01003818,4.0,7.6000000000000005,19.4,1607.0,12.07218419415059,2.4891101431238334,4.729309271935284
E01003819,6.199999999999999,17.6,35.4,1773.0,19.96615905245347,3.496897913141568,9.926677946982517
E01003820,7.0,7.4,36.2,2031.0,17.823732151649434,3.4465780403741997,3.6435253569670114
E01003821,12.399999999999999,16.599999999999998,26.4,1691.0,15.612063867534001,7.332939089296274,9.816676522767592
E01003822,8.2,4.2,3.6,1480.0,2.4324324324324325,5.54054054054054,2.8378378378378377
E01003823,12.399999999999999,25.8,37.8,1702.0,22.209165687426555,7.285546415981198,15.158636897767332
E01003824,5.2,7.6000000000000005,13.6,1630.0,8.343558282208589,3.1901840490797544,4.662576687116565
E01003825,8.0,7.4,10.6,1774.0,5.975197294250282,4.509582863585118,4.1713641488162345
E01003826,7.4,20.0,38.6,1782.0,21.661054994388326,4.1526374859708195,11.223344556677889
E01003827,7.199999999999999,18.4,34.599999999999994,1934.0,17.89038262668045,3.7228541882109614,9.513960703205791
E01003828,5.6,5.6000000000000005,16.6,1527.0,10.870988867059594,3.6673215455140795,3.6673215455140804
E01003829,11.4,64.6,58.599999999999994,1690.0,34.67455621301775,6.745562130177515,38.22485207100591
E01003830,11.399999999999999,9.0,22.8,1858.0,12.271259418729818,6.135629709364908,4.843918191603875
E01003831,8.0,5.8,22.4,1681.0,13.325401546698394,4.7590719809637125,3.450327186198691
E01003832,4.800000000000001,9.8,48.8,1487.0,32.817753866846,3.2279757901815738,6.590450571620714
E01003833,7.6000000000000005,31.6,35.0,1473.0,23.76103190767142,5.159538357094365,21.452817379497624
E01003834,8.8,26.2,25.6,1600.0,16.0,5.500000000000001,16.375
E01003835,7.4,25.0,9.0,1644.0,5.474452554744526,4.5012165450121655,15.206812652068127
E01003836,4.4,6.6000000000000005,13.4,1381.0,9.703113685734975,3.1860970311368577,4.779145546705286
E01003837,12.0,13.2,31.6,2058.0,15.354713313896987,5.830903790087463,6.41399416909621
E01003838,9.6,21.2,16.8,1790.0,9.385474860335197,5.363128491620111,11.843575418994412
E01003839,11.2,12.0,47.0,2282.0,20.595968448729185,4.907975460122699,5.25854513584575
E01003840,9.4,10.8,23.6,1826.0,12.924424972617743,5.147864184008762,5.914567360350493
E01003841,8.8,42.0,64.8,2161.0,29.98611753817677,4.072188801480797,19.43544655252198
E01003842,9.0,9.799999999999999,43.2,1716.0,25.174825174825177,5.244755244755245,5.7109557109557105
E01003843,11.2,11.6,35.4,2215.0,15.98194130925508,5.056433408577878,5.237020316027087
E01003844,7.4,13.600000000000001,34.0,1462.0,23.25581395348837,5.06155950752394,9.302325581395351
E01003845,9.8,9.2,18.8,1707.0,11.013473930872877,5.741066198008202,5.389572349150556
E01003846,7.0,10.0,10.2,1710.0,5.964912280701753,4.093567251461988,5.847953216374268
E01003847,19.0,48.800000000000004,27.6,1692.0,16.31205673758865,11.229314420803783,28.841607565011824
E01003848,6.4,15.0,26.2,1905.0,13.753280839895012,3.3595800524934383,7.874015748031496
E01003849,8.0,8.0,17.6,1531.0,11.495754408883084,5.225342913128674,5.225342913128674
E01003851,8.6,13.399999999999999,11.4,1602.0,7.116104868913858,5.368289637952559,8.3645443196005
E01003852,12.799999999999999,10.2,20.4,1360.0,15.0,9.411764705882351,7.5
E01003853,9.8,7.999999999999999,14.8,1434.0,10.320781032078104,6.834030683403069,5.578800557880055
E01003854,12.0,47.0,26.0,1416.0,18.361581920903955,8.474576271186441,33.19209039548023
E01003855,14.2,15.8,43.4,1930.0,22.487046632124354,7.357512953367875,8.186528497409327
E01003856,3.6,9.0,18.4,1691.0,10.881135422826729,2.1289178001182734,5.322294500295683
E01003857,5.6000000000000005,12.4,12.4,1885.0,6.578249336870027,2.970822281167109,6.578249336870027
E01003858,10.4,19.2,20.0,1658.0,12.062726176115802,6.272617611580217,11.580217129071169
E01003859,10.2,11.8,16.2,1623.0,9.981515711645102,6.284658040665434,7.27048675292668
E01003860,10.4,31.4,33.4,1716.0,19.46386946386946,6.0606060606060606,18.2983682983683
E01003861,9.4,14.399999999999999,21.4,1955.0,10.946291560102301,4.8081841432225065,7.365728900255754
E01003862,12.600000000000001,45.4,43.2,1930.0,22.383419689119172,6.528497409326426,23.523316062176168
E01003863,10.8,14.799999999999999,18.6,1451.0,12.818745692625775,7.443142660234322,10.19986216402481
E01003864,7.4,17.0,14.399999999999999,1464.0,9.83606557377049,5.054644808743169,11.612021857923498
E01003865,8.6,12.2,26.799999999999997,1445.0,18.546712802768166,5.951557093425605,8.442906574394463
E01003866,2.1999999999999997,6.2,5.8,1694.0,3.423848878394333,1.2987012987012985,3.659976387249115
E01003867,10.6,41.4,47.2,1598.0,29.536921151439298,6.633291614518147,25.90738423028786
E01003868,4.6,17.2,13.4,1568.0,8.545918367346939,2.9336734693877546,10.96938775510204
E01003869,8.6,31.400000000000002,21.200000000000003,1661.0,12.7633955448525,5.177603853100542,18.904274533413606
E01003870,7.2,19.599999999999998,32.2,2100.0,15.333333333333334,3.428571428571429,9.333333333333332
E01003871,7.200000000000001,6.6,13.799999999999999,1756.0,7.85876993166287,4.100227790432802,3.7585421412300684
E01003872,10.0,7.4,14.0,1567.0,8.934269304403319,6.381620931716657,4.722399489470326
E01003873,10.4,51.4,37.0,1632.0,22.67156862745098,6.372549019607843,31.495098039215684
E01003874,7.2,13.0,17.8,1526.0,11.664482306684143,4.71821756225426,8.51900393184797
E01003875,14.6,10.2,21.0,1675.0,12.53731343283582,8.716417910447761,6.08955223880597
E01003876,49.8,473.8,141.4,1867.0,75.7364756293519,26.673808248527045,253.776111408677
E01003877,5.8,7.6,12.4,1498.0,8.277703604806408,3.8718291054739655,5.073431241655541
E01003878,8.0,11.4,29.4,1468.0,20.02724795640327,5.449591280653951,7.76566757493188
E01003879,7.8,10.6,10.6,1416.0,7.485875706214689,5.508474576271186,7.485875706214689
E01003880,6.2,9.2,13.0,1563.0,8.317338451695457,3.9667306461932186,5.886116442738324
E01003881,3.0,12.0,17.0,1770.0,9.6045197740113,1.694915254237288,6.779661016949152
E01003882,9.8,31.0,34.0,2000.0,17.0,4.9,15.5
E01003883,5.0,13.8,20.0,2024.0,9.881422924901186,2.4703557312252964,6.818181818181818
E01003884,10.600000000000001,24.0,31.0,1735.0,17.867435158501443,6.109510086455332,13.832853025936599
E01003885,4.0,12.200000000000001,16.4,1539.0,10.656270305393111,2.599090318388564,7.92722547108512
E01003886,6.6,16.0,17.0,1646.0,10.328068043742407,4.0097205346294045,9.720534629404616
E01003887,9.6,34.8,20.0,1796.0,11.135857461024498,5.3452115812917596,19.376391982182625
E01003888,13.6,85.4,48.0,2045.0,23.4718826405868,6.65036674816626,41.76039119804401
E01003889,8.6,16.4,18.4,1662.0,11.070998796630564,5.174488567990373,9.867629362214199
E01003890,5.2,7.8,12.4,1670.0,7.425149700598802,3.1137724550898205,4.6706586826347305
E01003891,7.8,28.2,19.6,1746.0,11.22565864833906,4.4673539518900345,16.151202749140893
E01003892,6.0,8.2,13.399999999999999,2090.0,6.411483253588516,2.8708133971291865,3.9234449760765546
E01003893,9.2,17.6,16.8,1623.0,10.351201478743068,5.668515095502157,10.844115834873692
E01003894,4.6,6.4,18.6,1662.0,11.191335740072203,2.767749699157641,3.850782190132371
E01003895,7.8,13.2,23.8,1774.0,13.416009019165728,4.3968432919954905,7.440811724915445
E01003896,18.4,145.2,85.6,1882.0,45.48352816153029,9.77683315621679,77.1519659936238
E01003897,9.4,63.6,60.2,1960.0,30.714285714285715,4.795918367346939,32.44897959183673
E01003898,7.0,11.799999999999999,18.2,1693.0,10.750147666863555,4.134672179562906,6.969875959834613
E01003899,4.2,22.599999999999998,12.6,1484.0,8.49056603773585,2.8301886792452833,15.22911051212938
E01003900,8.8,27.8,41.2,1685.0,24.451038575667656,5.222551928783384,16.498516320474778
E01003901,5.4,6.6000000000000005,17.799999999999997,1789.0,9.949692565679149,3.0184460592509783,3.6892118501956404
E01003902,3.5999999999999996,13.600000000000001,15.0,1374.0,10.91703056768559,2.6200873362445414,9.898107714701602
E01003903,7.199999999999999,31.0,29.8,1657.0,17.984308992154496,4.345202172601086,18.708509354254677
E01003904,4.199999999999999,9.4,22.4,1626.0,13.776137761377612,2.5830258302583022,5.7810578105781065
E01003905,5.6000000000000005,8.8,24.8,1281.0,19.359875097580016,4.371584699453552,6.869633099141296
E01003906,4.0,9.2,26.0,1702.0,15.276145710928319,2.3501762632197414,5.405405405405405
E01003907,5.2,7.3999999999999995,30.0,1675.0,17.910447761194032,3.1044776119402986,4.4179104477611935
E01003908,7.0,8.399999999999999,29.8,1815.0,16.418732782369148,3.856749311294766,4.628099173553719
E01003909,9.2,106.0,44.2,1634.0,27.050183598531213,5.630354957160342,64.87148102815178
E01003910,2.8,3.6,12.4,1655.0,7.492447129909365,1.6918429003021147,2.175226586102719
E01003911,11.4,32.2,48.2,2088.0,23.084291187739467,5.459770114942529,15.42145593869732
E01003912,6.0,16.6,31.200000000000003,1952.0,15.983606557377051,3.0737704918032787,8.504098360655737
E01003913,30.400000000000002,92.0,170.4,2043.0,83.40675477239354,14.880078316201665,45.03181595692609
E01003914,13.0,48.0,42.6,1855.0,22.964959568733153,7.008086253369272,25.87601078167116
E01003915,12.8,26.200000000000003,39.8,1850.0,21.513513513513512,6.918918918918919,14.162162162162163
E01003916,16.4,53.0,64.8,2412.0,26.865671641791046,6.799336650082918,21.97346600331675
E01003917,16.6,25.0,33.4,1885.0,17.718832891246684,8.806366047745358,13.262599469496022
E01003918,14.8,28.6,41.0,1465.0,27.986348122866897,10.102389078498295,19.522184300341298
E01003919,12.6,39.0,58.0,1564.0,37.084398976982094,8.05626598465473,24.93606138107417
E01003920,11.0,24.2,52.6,2107.0,24.964404366397723,5.220692928334125,11.485524442335073
E01003921,24.6,260.0,152.8,1917.0,79.70787689097548,12.832550860719875,135.6285863328117
E01003922,12.2,81.0,74.0,2234.0,33.12444046553268,5.4610564010743055,36.25783348254252
E01003923,10.0,31.6,45.2,1634.0,27.662178702570383,6.119951040391677,19.339045287637703
E01003924,10.799999999999999,38.6,50.0,2092.0,23.90057361376673,5.162523900573613,18.45124282982792
E01003925,8.200000000000001,23.6,30.6,2032.0,15.059055118110237,4.035433070866143,11.614173228346457
E01003926,8.4,63.2,48.0,1397.0,34.35934144595562,6.012884753042234,45.23979957050823
E01003929,56.4,974.2,130.8,1999.0,65.43271635817909,28.21410705352676,487.343671835918
E01003930,19.8,103.80000000000001,53.8,1967.0,27.351296390442297,10.066090493136757,52.77071682765634
E01003932,16.2,180.8,66.0,1541.0,42.82933160285529,10.512654120700843,117.3264114211551
E01003933,15.8,177.8,76.4,2370.0,32.23628691983123,6.666666666666667,75.0210970464135
E01003934,43.0,521.8,73.4,1954.0,37.56397134083931,22.00614124872057,267.04196519959055
E01003935,24.0,170.6,35.0,1284.0,27.258566978193144,18.69158878504673,132.86604361370715
E01003936,19.8,70.6,19.8,1661.0,11.920529801324504,11.920529801324504,42.504515352197465
E01003937,16.0,136.60000000000002,58.6,1536.0,38.15104166666667,10.416666666666666,88.93229166666667
E01003938,9.2,32.0,31.200000000000003,1829.0,17.058501913614,5.030071077091306,17.49589939857846
E01003939,39.0,500.2,129.8,1975.0,65.72151898734178,19.746835443037977,253.26582278481013
E01003940,10.4,27.2,37.2,1589.0,23.41095028319698,6.544996853366898,17.1176840780365
E01003941,20.2,107.6,42.4,1988.0,21.327967806841045,10.160965794768611,54.12474849094567
E01003942,13.2,54.0,44.4,1885.0,23.554376657824932,7.002652519893899,28.647214854111407
E01003943,9.6,36.0,55.4,1494.0,37.08165997322624,6.425702811244979,24.096385542168676
E01003945,12.6,10.2,14.6,1733.0,8.42469705712637,7.270628967109059,5.885747259088285
E01003946,10.0,15.0,33.0,1900.0,17.36842105263158,5.263157894736842,7.894736842105264
E01003947,3.0,10.6,42.0,1608.0,26.119402985074625,1.8656716417910448,6.592039800995025
E01003948,12.8,16.4,24.2,1751.0,13.820673900628211,7.310108509423187,9.366076527698457
E01003949,11.8,18.6,26.2,1880.0,13.936170212765957,6.276595744680851,9.893617021276597
E01003950,9.8,13.8,41.4,1993.0,20.772704465629705,4.917210235825389,6.924234821876568
E01003951,15.8,23.2,21.0,1488.0,14.112903225806452,10.618279569892474,15.591397849462364
E01003952,16.2,107.60000000000001,40.0,1655.0,24.169184290030213,9.788519637462235,65.01510574018128
E01003953,16.2,78.8,43.8,2016.0,21.726190476190474,8.035714285714285,39.08730158730159
E01003954,4.800000000000001,15.2,13.0,1592.0,8.165829145728644,3.0150753768844223,9.547738693467336
E01003955,9.4,11.0,16.0,1891.0,8.461131676361713,4.970914859862507,5.817028027498678
E01003956,8.0,13.8,17.6,1848.0,9.523809523809526,4.329004329004329,7.467532467532468
E01003957,5.3999999999999995,10.8,27.0,1790.0,15.083798882681563,3.0167597765363126,6.033519553072626
E01003958,7.2,46.4,44.8,1936.0,23.140495867768593,3.71900826446281,23.966942148760328
E01003960,19.6,73.2,44.2,1773.0,24.929498025944728,11.054709531866894,41.28595600676819
E01003961,22.2,78.4,74.8,2074.0,36.065573770491795,10.703953712632593,37.801350048216015
E01003963,6.0,29.200000000000003,49.599999999999994,1718.0,28.87077997671711,3.492433061699651,16.996507566938302
E01003966,13.8,59.400000000000006,82.2,2137.0,38.4651380439869,6.4576509124941515,27.79597566682265
E01003969,28.0,147.8,117.0,2459.0,47.580317202114685,11.386742578283854,60.10573403822693
E01003971,11.0,19.799999999999997,38.2,1426.0,26.788218793828893,7.713884992987377,13.884992987377277
E01003972,11.6,29.200000000000003,46.0,1467.0,31.356509884117248,7.907293796864348,19.90456714383095
E01003973,15.4,158.4,56.2,1651.0,34.03997577225923,9.327680193821926,95.94185342216839
E01003975,11.200000000000001,32.4,41.0,1780.0,23.033707865168537,6.292134831460675,18.202247191011235
E01003976,24.8,70.8,51.0,2395.0,21.29436325678497,10.35490605427975,29.561586638830896
E01003977,15.2,37.2,48.0,1872.0,25.64102564102564,8.11965811965812,19.871794871794876
E01003979,40.4,155.4,76.19999999999999,1987.0,38.34927025666834,20.332159033719172,78.20835430296931
E01003980,20.0,73.6,71.4,2000.0,35.7,10.0,36.8
E01003981,28.4,439.0,115.80000000000001,1508.0,76.79045092838196,18.832891246684348,291.1140583554377
E01003983,5.4,22.4,57.2,1871.0,30.571886691608768,2.8861571352218065,11.9722073757349
E01003984,12.0,74.2,59.6,2290.0,26.02620087336245,5.240174672489083,32.40174672489083
E01003986,13.6,37.400000000000006,50.6,1588.0,31.8639798488665,8.564231738035264,23.55163727959698
E01003987,12.600000000000001,21.200000000000003,48.0,1839.0,26.10114192495922,6.851549755301796,11.528004350190322
E01003988,28.0,64.80000000000001,84.0,2023.0,41.522491349480966,13.84083044982699,32.031636183885325
E01003989,14.4,62.8,73.8,2259.0,32.669322709163346,6.374501992031873,27.79991146525011
E01003990,7.0,26.6,56.6,2306.0,24.544666088464876,3.035559410234172,11.535125758889855
E01003991,6.8,12.2,32.199999999999996,1273.0,25.29457973291437,5.341712490180676,9.583660644147683
E01003992,4.8,16.8,35.8,1586.0,22.57250945775536,3.0264817150063053,10.592686002522068
E01003993,11.4,23.4,37.6,2022.0,18.595450049455984,5.637982195845698,11.572700296735905
E01003994,20.0,260.2,86.6,1829.0,47.348277747402946,10.934937124111535,142.26353198469107
E01003995,7.800000000000001,19.0,40.8,1374.0,29.694323144104803,5.676855895196507,13.828238719068414
E01003997,7.2,27.8,19.200000000000003,1296.0,14.814814814814817,5.555555555555555,21.450617283950617
E01003998,6.4,52.0,28.4,1427.0,19.901892081289418,4.484933426769447,36.440084092501756
E01003999,7.199999999999999,19.799999999999997,28.0,1499.0,18.67911941294196,4.803202134756504,13.208805870580385
E01004000,11.2,22.6,41.2,1949.0,21.139045664443305,5.746536685479733,11.59569009748589
E01004001,7.6,20.8,37.6,1768.0,21.266968325791854,4.298642533936651,11.76470588235294
E01004002,6.4,10.399999999999999,25.2,1704.0,14.788732394366196,3.7558685446009394,6.103286384976525
E01004003,12.2,27.6,50.4,1823.0,27.64673614920461,6.692265496434448,15.139879319802525
E01004004,14.0,31.6,61.6,2624.0,23.475609756097562,5.335365853658537,12.042682926829269
E01004005,17.6,55.8,72.6,2326.0,31.21238177128117,7.566638005159072,23.98968185726569
E01004006,7.3999999999999995,13.0,28.8,1861.0,15.475550779150995,3.976356797420741,6.985491671144546
E01004007,7.6,14.6,35.6,1443.0,24.670824670824672,5.2668052668052665,10.117810117810118
E01004008,10.0,32.0,45.6,2086.0,21.86001917545542,4.793863854266539,15.340364333652923
E01004010,13.8,129.2,108.4,1507.0,71.9309887193099,9.157266091572662,85.73324485733244
E01004011,10.2,26.000000000000004,50.6,2114.0,23.9356669820246,4.824976348155156,12.298959318826869
E01004012,18.6,35.400000000000006,57.8,2346.0,24.63768115942029,7.928388746803069,15.089514066496166
E01004013,11.4,21.0,41.4,1684.0,24.58432304038005,6.7695961995249405,12.470308788598574
E01004014,11.2,20.8,52.0,2129.0,24.4246124941287,5.260685767966181,9.76984499765148
E01004015,10.4,47.2,35.0,1805.0,19.39058171745152,5.761772853185596,26.14958448753463
E01004016,11.6,19.200000000000003,33.0,2589.0,12.746234067207416,4.480494399382001,7.415990730011589
E01004017,6.6000000000000005,11.0,16.8,1641.0,10.23765996343693,4.021937842778794,6.703229737964655
E01004018,6.6,23.8,15.4,1899.0,8.109531332280147,3.475513428120063,12.532912058978411
E01004019,10.6,20.8,32.6,2125.0,15.341176470588236,4.988235294117646,9.788235294117648
E01004020,6.6,13.8,43.8,1746.0,25.08591065292096,3.780068728522336,7.903780068728522
E01004021,13.8,49.4,33.0,2115.0,15.602836879432624,6.524822695035461,23.35697399527187
E01004023,6.8,79.0,64.8,1649.0,39.29654335961189,4.123711340206186,47.90782292298363
E01004024,19.0,48.800000000000004,57.2,1968.0,29.065040650406505,9.654471544715447,24.79674796747968
E01004028,16.8,69.8,59.400000000000006,2418.0,24.565756823821342,6.947890818858561,28.866832092638546
E01004029,8.200000000000001,31.8,28.8,1996.0,14.428857715430862,4.108216432865731,15.93186372745491
E01004030,10.0,30.4,37.2,1489.0,24.98321020819342,6.715916722632639,20.416386836803223
E01004031,19.599999999999998,373.2,99.39999999999999,2600.0,38.230769230769226,7.538461538461537,143.53846153846152
E01004032,7.200000000000001,23.0,18.599999999999998,1498.0,12.41655540720961,4.8064085447263025,15.353805073431241
E01004033,13.6,88.19999999999999,74.2,2416.0,30.711920529801326,5.629139072847682,36.506622516556284
E01004034,6.6,35.2,42.2,1600.0,26.375000000000004,4.125,22.000000000000004
E01004035,14.0,30.400000000000002,50.8,1426.0,35.62412342215988,9.817671809256662,21.318373071528754
E01004036,12.8,39.8,62.599999999999994,2114.0,29.612109744560076,6.054872280037843,18.826868495742666
E01004037,13.6,33.6,47.6,2025.0,23.506172839506174,6.716049382716049,16.59259259259259
E01004038,20.8,45.2,61.8,2399.0,25.760733639016255,8.6702792830346,18.841183826594417
E01004039,11.0,20.6,20.2,1543.0,13.091380427738173,7.128969539857421,13.350615683732988
E01004040,9.0,145.0,73.2,1885.0,38.832891246684355,4.774535809018567,76.92307692307693
E01004041,7.6000000000000005,23.2,25.599999999999998,1631.0,15.695892090741875,4.659717964438995,14.224402207234826
E01004042,17.8,63.599999999999994,69.6,1957.0,35.56463975472661,9.09555442003066,32.49872253449156
E01004043,11.799999999999999,32.400000000000006,40.2,1356.0,29.64601769911505,8.702064896755163,23.893805309734518
E01004044,8.200000000000001,22.0,39.2,1440.0,27.222222222222225,5.6944444444444455,15.277777777777777
E01004045,4.6,19.8,42.6,1587.0,26.843100189035916,2.8985507246376807,12.476370510396976
E01004046,6.4,16.4,19.799999999999997,1561.0,12.684176809737346,4.099935938500961,10.506085842408712
E01004047,4.6,18.2,21.8,1643.0,13.268411442483263,2.799756542909312,11.077297626293365
E01004048,5.0,54.199999999999996,37.599999999999994,1627.0,23.110018438844495,3.073140749846343,33.31284572833435
E01004049,3.2,18.8,23.799999999999997,1345.0,17.69516728624535,2.379182156133829,13.977695167286246
E01004050,8.4,14.8,11.8,1389.0,8.495320374370051,6.047516198704104,10.655147588192944
E01004051,6.8,32.4,18.0,1285.0,14.007782101167315,5.291828793774319,25.214007782101167
E01004052,17.4,41.4,31.6,1747.0,18.0881511161992,9.959931310818545,23.69776760160275
E01004053,8.8,27.4,28.4,1872.0,15.17094017094017,4.700854700854702,14.636752136752136
E01004054,11.600000000000001,54.6,22.4,1530.0,14.640522875816993,7.58169934640523,35.68627450980392
E01004055,2.2,12.6,30.2,1331.0,22.68970698722765,1.6528925619834713,9.46656649135988
E01004056,14.2,26.6,39.2,2317.0,16.91842900302115,6.128614587829089,11.480362537764352
E01004057,12.8,28.8,40.0,2240.0,17.857142857142858,5.714285714285714,12.857142857142858
E01004058,8.6,26.4,17.4,1693.0,10.277613703484937,5.079740106320141,15.593620791494388
E01004059,21.200000000000003,136.8,38.6,2070.0,18.647342995169083,10.241545893719808,66.08695652173914
E01004060,11.6,42.0,50.599999999999994,1969.0,25.698324022346366,5.891315388522092,21.330624682579987
E01004061,14.2,76.19999999999999,37.6,1658.0,22.677925211097712,8.56453558504222,45.9589867310012
E01004062,34.6,137.4,113.4,2214.0,51.21951219512196,15.627822944896115,62.05962059620596
E01004063,15.8,64.2,50.6,1882.0,26.886291179596174,8.395324123273115,34.11264612114771
E01004064,16.0,32.6,47.4,1941.0,24.420401854714065,8.243173621844411,16.795466254507986
E01004065,7.4,25.0,23.2,1508.0,15.384615384615383,4.907161803713528,16.578249336870027
E01004066,13.2,33.8,53.2,2091.0,25.442372070779534,6.312769010043041,16.164514586322333
E01004067,30.799999999999997,500.2,184.8,2212.0,83.54430379746836,13.92405063291139,226.13019891500903
E01004068,23.8,62.2,55.599999999999994,1906.0,29.1710388247639,12.48688352570829,32.633788037775446
E01004069,15.0,24.8,16.4,1294.0,12.67387944358578,11.591962905718702,19.165378670788254
E01004070,9.4,25.4,21.200000000000003,1952.0,10.86065573770492,4.815573770491803,13.012295081967213
E01004071,6.6,16.0,29.0,1527.0,18.99148657498363,4.322200392927308,10.478061558611657
E01004072,9.0,26.8,13.2,1674.0,7.885304659498207,5.376344086021506,16.009557945041816
E01004073,6.6000000000000005,15.8,14.0,1894.0,7.391763463569165,3.4846884899683213,8.342133051742344
E01004074,16.400000000000002,41.4,21.4,1706.0,12.543962485345837,9.613130128956625,24.267291910902696
E01004075,11.4,38.6,17.0,1713.0,9.9241097489784,6.654991243432574,22.533566841798013
E01004076,11.399999999999999,59.0,84.60000000000001,1630.0,51.901840490797554,6.993865030674845,36.19631901840491
E01004077,6.0,6.6000000000000005,38.4,1626.0,23.616236162361623,3.6900369003690034,4.059040590405905
E01004078,5.0,12.6,54.4,1763.0,30.85649461145774,2.8360748723766305,7.146908678389109
E01004079,5.2,4.6000000000000005,10.2,1392.0,7.327586206896552,3.735632183908046,3.304597701149426
E01004080,8.0,3.8000000000000003,16.4,1394.0,11.76470588235294,5.738880918220947,2.72596843615495
E01004081,4.6,7.0,23.4,1643.0,14.242239805234327,2.799756542909312,4.260499087035909
E01004082,6.800000000000001,2.2,13.2,1389.0,9.503239740820733,4.895608351331894,1.5838732901367891
E01004083,4.4,6.2,43.4,1502.0,28.894806924101196,2.9294274300932095,4.1278295605858855
E01004084,8.6,2.4000000000000004,13.2,1449.0,9.109730848861282,5.9351276742581085,1.656314699792961
E01004085,8.4,5.6,14.2,1609.0,8.825357364822871,5.220633934120572,3.4804226227470476
E01004086,10.2,22.599999999999998,48.8,2015.0,24.218362282878413,5.062034739454094,11.215880893300247
E01004087,5.2,2.4000000000000004,17.4,1565.0,11.118210862619808,3.3226837060702876,1.5335463258785944
E01004088,6.6000000000000005,22.6,91.6,1939.0,47.240845796802475,3.403816400206292,11.655492521918516
E01004089,6.6,110.0,50.4,1345.0,37.4721189591078,4.907063197026022,81.78438661710037
E01004090,7.6,10.2,55.2,1344.0,41.07142857142857,5.654761904761904,7.5892857142857135
E01004091,6.4,5.0,10.2,1282.0,7.956318252730108,4.99219968798752,3.9001560062402496
E01004092,7.0,4.6000000000000005,15.2,1507.0,10.08626410086264,4.6449900464499,3.052422030524221
E01004093,7.0,4.0,18.4,1716.0,10.722610722610721,4.0792540792540795,2.331002331002331
E01004094,3.2,9.4,26.0,1865.0,13.94101876675603,1.7158176943699732,5.040214477211796
E01004095,6.6,3.2,19.8,1562.0,12.67605633802817,4.225352112676056,2.0486555697823308
E01004096,6.199999999999999,4.0,17.4,1561.0,11.146700832799487,3.9718129404228053,2.5624599615631003
E01004097,3.0,2.8,20.4,1656.0,12.318840579710145,1.8115942028985508,1.6908212560386473
E01004098,5.0,5.4,17.6,1298.0,13.559322033898306,3.852080123266564,4.160246533127889
E01004099,13.4,26.8,55.8,1616.0,34.52970297029702,8.292079207920793,16.584158415841586
E01004100,4.2,26.6,31.4,1527.0,20.563195808775376,2.75049115913556,17.41977734119188
E01004101,4.2,4.2,13.4,1409.0,9.51029098651526,2.98083747338538,2.98083747338538
E01004102,10.4,49.2,30.800000000000004,1515.0,20.330033003300333,6.864686468646865,32.475247524752476
E01004103,5.8,8.2,25.6,1776.0,14.414414414414415,3.265765765765766,4.617117117117116
E01004104,7.0,14.200000000000001,21.0,1568.0,13.392857142857142,4.464285714285714,9.056122448979593
E01004105,8.8,8.0,17.6,1876.0,9.381663113006399,4.690831556503199,4.264392324093817
E01004106,8.2,2.4,13.0,1626.0,7.995079950799507,5.043050430504304,1.4760147601476015
E01004107,5.6,5.6,36.6,1622.0,22.564734895191123,3.4525277435265105,3.4525277435265105
E01004108,8.0,8.4,35.8,1967.0,18.200305033045243,4.067107269954245,4.270462633451958
E01004109,6.0,3.4,31.2,1714.0,18.203033838973163,3.500583430571762,1.9836639439906651
E01004110,9.2,19.8,48.0,2039.0,23.54095144678764,4.512015693967631,9.710642471799902
E01004111,6.8,31.400000000000002,17.0,1688.0,10.071090047393366,4.028436018957346,18.601895734597157
E01004112,5.4,6.800000000000001,11.6,1667.0,6.958608278344331,3.2393521295740855,4.079184163167367
E01004114,13.4,4.0,11.6,1780.0,6.51685393258427,7.52808988764045,2.247191011235955
E01004115,5.6,7.0,18.6,1838.0,10.119695321001089,3.046789989118607,3.808487486398259
E01004116,10.4,3.0,10.6,1586.0,6.6834804539722565,6.557377049180328,1.8915510718789408
E01004117,4.4,1.8,11.2,1432.0,7.821229050279328,3.0726256983240225,1.2569832402234637
E01004118,9.0,43.8,53.6,1810.0,29.613259668508288,4.972375690607734,24.198895027624307
E01004119,6.0,22.4,18.4,1441.0,12.768910478834142,4.163775156141568,15.544760582928522
E01004120,4.2,3.8,8.8,1514.0,5.812417437252312,2.774108322324967,2.509907529722589
E01004121,7.4,50.8,32.6,1584.0,20.580808080808083,4.671717171717172,32.070707070707066
E01004122,4.2,1.8,11.0,1390.0,7.913669064748201,3.0215827338129495,1.2949640287769784
E01004123,11.4,43.800000000000004,93.0,2279.0,40.807371654234316,5.002193944712593,19.218955682316807
E01004124,5.2,7.6,40.4,2007.0,20.12954658694569,2.590931738913802,3.7867463876432486
E01004125,7.2,7.2,52.0,1609.0,32.318210068365445,4.474829086389061,4.474829086389061
E01004126,5.2,9.999999999999998,39.6,1567.0,25.27121888959796,3.3184428844926614,6.381620931716655
E01004127,3.8,7.6000000000000005,36.8,1844.0,19.95661605206074,2.0607375271149677,4.121475054229935
E01004128,6.0,23.599999999999998,106.6,1447.0,73.6696613683483,4.14651002073255,16.30960608154803
E01004129,10.6,20.0,73.0,1888.0,38.66525423728814,5.614406779661017,10.59322033898305
E01004130,12.799999999999999,64.2,40.8,1764.0,23.12925170068027,7.256235827664399,36.394557823129254
E01004131,5.8,7.2,25.8,1888.0,13.665254237288135,3.0720338983050843,3.8135593220338984
E01004132,3.4,4.2,9.0,1486.0,6.056527590847914,2.288021534320323,2.8263795423956934
E01004133,5.6,2.8,10.2,1564.0,6.521739130434782,3.580562659846547,1.7902813299232736
E01004134,5.0,28.4,35.6,1610.0,22.111801242236027,3.105590062111801,17.63975155279503
E01004135,5.4,4.800000000000001,19.8,1453.0,13.626978664831384,3.7164487267721955,3.303509979353063
E01004136,3.4,3.8000000000000003,14.600000000000001,1564.0,9.335038363171357,2.1739130434782608,2.4296675191815855
E01004137,12.4,64.0,100.4,2556.0,39.280125195618155,4.851330203442879,25.039123630672925
E01004138,6.4,14.0,31.799999999999997,1808.0,17.588495575221238,3.5398230088495577,7.743362831858407
E01004139,6.4,8.4,31.8,1542.0,20.622568093385215,4.150453955901427,5.447470817120623
E01004140,7.6000000000000005,25.0,86.6,1882.0,46.01487778958555,4.0382571732199795,13.28374070138151
E01004141,4.0,12.0,50.8,1825.0,27.835616438356166,2.191780821917808,6.575342465753425
E01004143,1.8,5.4,30.4,1533.0,19.830397912589692,1.1741682974559686,3.5225048923679063
E01004144,6.0,10.4,24.6,1770.0,13.898305084745765,3.389830508474576,5.875706214689266
E01004145,7.6,9.6,39.400000000000006,2280.0,17.280701754385966,3.333333333333333,4.2105263157894735
E01004146,8.4,11.4,37.8,1983.0,19.06202723146747,4.236006051437216,5.748865355521937
E01004147,4.2,5.3999999999999995,17.4,1583.0,10.991787744788375,2.6531901452937463,3.41124447252053
E01004148,8.6,12.799999999999999,57.2,1818.0,31.463146314631466,4.73047304730473,7.040704070407041
E01004149,4.3999999999999995,7.6,25.2,1862.0,13.533834586466165,2.363050483351235,4.081632653061224
E01004150,11.0,11.200000000000001,51.0,1986.0,25.6797583081571,5.53877139979859,5.639476334340384
E01004151,5.6000000000000005,5.4,31.2,1966.0,15.869786368260426,2.848423194303154,2.7466937945066126
E01004152,10.0,24.2,39.6,1774.0,22.32243517474634,5.636978579481398,13.641488162344983
E01004153,8.399999999999999,6.999999999999999,27.599999999999998,1928.0,14.315352697095435,4.356846473029045,3.630705394190871
E01004154,5.2,2.4000000000000004,10.2,1485.0,6.868686868686868,3.5016835016835017,1.6161616161616164
E01004155,5.2,5.3999999999999995,30.8,1904.0,16.176470588235297,2.73109243697479,2.8361344537815123
E01004156,8.4,30.4,33.4,2018.0,16.551040634291375,4.162537165510407,15.064420218037661
E01004157,5.800000000000001,3.0,5.4,1295.0,4.16988416988417,4.478764478764479,2.3166023166023164
E01004158,7.2,3.0,19.0,1605.0,11.838006230529595,4.485981308411215,1.8691588785046729
E01004159,4.8,3.8,31.799999999999997,1650.0,19.27272727272727,2.9090909090909087,2.3030303030303028
E01004160,4.2,5.2,18.799999999999997,1650.0,11.393939393939393,2.5454545454545454,3.151515151515152
E01004161,3.6,13.4,18.6,1518.0,12.25296442687747,2.3715415019762847,8.827404479578393
E01004162,6.2,16.6,26.799999999999997,1694.0,15.820543093270363,3.659976387249115,9.799291617473436
E01004163,5.0,7.0,22.200000000000003,1729.0,12.83979178716021,2.891844997108155,4.048582995951417
E01004164,5.6,33.2,29.4,1443.0,20.37422037422037,3.8808038808038807,23.00762300762301
E01004165,4.2,45.8,54.4,1776.0,30.63063063063063,2.364864864864865,25.788288288288285
E01004166,4.8,9.0,26.2,1566.0,16.73052362707535,3.0651340996168583,5.747126436781609
E01004167,11.2,69.0,59.0,1632.0,36.15196078431373,6.862745098039215,42.279411764705884
E01004168,4.8,5.2,18.6,1611.0,11.545623836126632,2.97951582867784,3.2278088144009933
E01004169,4.199999999999999,8.4,40.400000000000006,1807.0,22.357498616491423,2.3242944106253454,4.648588821250692
E01004170,9.6,55.8,56.6,2207.0,25.645672859084733,4.349796103307657,25.283189850475758
E01004171,5.0,7.2,29.6,1609.0,18.396519577377255,3.107520198881293,4.474829086389061
E01004172,12.399999999999999,12.8,66.2,1941.0,34.10613086038125,6.388459556929417,6.594538897475529
E01004173,4.0,4.4,16.8,1365.0,12.307692307692308,2.93040293040293,3.223443223443224
E01004174,4.6,7.8,35.8,1573.0,22.759059122695483,2.9243483788938334,4.958677685950414
E01004175,4.2,4.0,28.8,1737.0,16.580310880829014,2.4179620034542313,2.302820955670697
E01004176,5.8,20.6,31.599999999999998,1525.0,20.721311475409834,3.80327868852459,13.508196721311476
E01004177,9.0,12.2,38.4,1804.0,21.286031042128602,4.988913525498891,6.762749445676275
E01004178,22.6,148.2,111.6,2368.0,47.12837837837838,9.543918918918921,62.58445945945945
E01004179,4.6,7.0,17.6,1617.0,10.8843537414966,2.8447742733457018,4.329004329004329
E01004180,6.2,10.0,19.2,1761.0,10.90289608177172,3.520726859738785,5.6785917092561045
E01004181,9.0,6.2,27.599999999999998,1732.0,15.935334872979212,5.196304849884526,3.5796766743648964
E01004182,6.4,11.200000000000001,43.800000000000004,1767.0,24.78777589134126,3.6219581211092247,6.3384267119411435
E01004183,7.0,17.0,50.0,1775.0,28.169014084507044,3.9436619718309855,9.577464788732394
E01004184,6.199999999999999,8.8,52.2,1705.0,30.6158357771261,3.636363636363636,5.161290322580645
E01004185,6.4,15.4,65.0,2117.0,30.703826169107227,3.0231459612659424,7.274444969296174
E01004186,6.6,9.0,34.8,1719.0,20.244328097731238,3.839441535776614,5.235602094240838
E01004187,5.4,7.6000000000000005,37.6,1676.0,22.43436754176611,3.221957040572793,4.534606205250597
E01004189,8.2,18.599999999999998,53.8,2115.0,25.437352245862883,3.8770685579196216,8.794326241134751
E01004190,3.0,2.8,11.6,1386.0,8.369408369408369,2.1645021645021645,2.0202020202020203
E01004191,5.6000000000000005,11.6,29.8,1886.0,15.800636267232235,2.969247083775186,6.150583244962885
E01004192,6.0,9.0,23.2,1864.0,12.446351931330472,3.218884120171674,4.828326180257511
E01004193,10.2,8.0,36.4,2845.0,12.794376098418276,3.585237258347979,2.81195079086116
E01004194,6.2,6.199999999999999,28.799999999999997,1596.0,18.045112781954884,3.884711779448622,3.884711779448621
E01004195,7.2,23.6,28.799999999999997,1695.0,16.991150442477874,4.247787610619469,13.92330383480826
E01004196,4.6,16.2,21.6,1577.0,13.696892834495879,2.9169308814204182,10.272669625871908
E01004198,14.0,40.0,60.4,1490.0,40.53691275167785,9.395973154362416,26.845637583892618
E01004199,12.4,16.4,47.2,1695.0,27.84660766961652,7.3156342182890866,9.67551622418879
E01004200,10.6,28.2,27.4,1502.0,18.242343541944074,7.057256990679094,18.77496671105193
E01004201,8.2,25.8,33.4,1689.0,19.775014801657786,4.8549437537004145,15.2753108348135
E01004202,24.6,67.4,56.2,2019.0,27.835562159484894,12.184249628528974,33.382862803368006
E01004203,25.0,131.0,88.8,1808.0,49.11504424778761,13.827433628318584,72.45575221238938
E01004204,11.2,24.799999999999997,41.8,1868.0,22.376873661670235,5.995717344753746,13.276231263383295
E01004205,16.0,59.8,77.8,2203.0,35.31547889241943,7.262823422605538,27.144802541988195
E01004206,11.600000000000001,22.400000000000002,58.4,1464.0,39.89071038251366,7.923497267759564,15.300546448087433
E01004207,9.8,116.0,48.0,1426.0,33.66058906030855,6.872370266479664,81.34642356241234
E01004208,37.0,409.8,150.8,1978.0,76.23862487360972,18.70576339737108,207.17896865520729
E01004209,5.2,29.2,38.0,1387.0,27.397260273972602,3.7490987743330932,21.052631578947366
E01004211,24.8,125.19999999999999,95.4,1629.0,58.56353591160221,15.224063842848373,76.85696746470227
E01004212,25.8,82.8,87.4,2231.0,39.175257731958766,11.564320932317345,37.11340206185567
E01004214,8.4,10.399999999999999,54.0,1620.0,33.333333333333336,5.185185185185185,6.419753086419751
E01004216,3.2,8.399999999999999,35.6,1788.0,19.910514541387027,1.789709172259508,4.697986577181208
E01004217,9.4,28.0,63.400000000000006,2077.0,30.52479537794897,4.525758305247954,13.480982185844969
E01004218,4.6,10.0,24.2,1927.0,12.558380902957964,2.3871302542812662,5.1894135962636225
E01004219,22.6,56.6,101.2,2721.0,37.19220874678427,8.30576993752297,20.801176038221243
E01004221,12.2,42.2,59.8,1976.0,30.26315789473684,6.174089068825911,21.356275303643727
E01004222,12.799999999999999,49.0,98.8,2730.0,36.19047619047619,4.688644688644689,17.94871794871795
E01004223,10.4,43.400000000000006,63.400000000000006,2215.0,28.623024830699777,4.6952595936794586,19.59367945823928
E01004226,18.6,94.6,73.8,2407.0,30.660573327793934,7.72746157041961,39.30203572912339
E01004228,9.8,22.0,46.2,1947.0,23.728813559322035,5.033384694401644,11.299435028248588
E01004229,8.200000000000001,30.0,38.0,1419.0,26.779422128259338,5.778717406624384,21.141649048625794
E01004230,10.6,33.0,45.8,2146.0,21.342031686859272,4.939422180801491,15.37744641192917
E01004231,12.0,88.6,74.8,1646.0,45.443499392466585,7.290400972053463,53.827460510328066
E01004232,18.6,125.2,58.8,1791.0,32.83082077051926,10.385259631490788,69.90508096035734
E01004233,9.2,22.0,40.8,2204.0,18.51179673321234,4.174228675136115,9.98185117967332
E01004234,24.2,114.79999999999998,66.8,2561.0,26.08356110894182,9.449433814916048,44.82623975009761
E01004235,6.4,19.2,39.0,1312.0,29.72560975609756,4.878048780487805,14.634146341463413
E01004236,4.8,20.8,50.0,1560.0,32.05128205128205,3.076923076923077,13.333333333333334
E01004237,10.6,30.0,49.6,1530.0,32.41830065359477,6.928104575163399,19.607843137254903
E01004239,10.0,23.4,50.0,1773.0,28.20078962210942,5.640157924421883,13.197969543147208
E01004240,6.0,12.0,40.400000000000006,1684.0,23.990498812351547,3.5629453681710217,7.125890736342043
E01004241,9.2,12.0,40.2,1672.0,24.04306220095694,5.502392344497608,7.177033492822967
E01004243,7.2,17.8,33.4,1553.0,21.506761107533805,4.6361880231809405,11.461687057308435
E01004244,26.0,73.8,77.2,2049.0,37.67691556857004,12.68911664226452,36.01756954612006
E01004245,15.8,42.199999999999996,87.6,2966.0,29.534726904922454,5.327039784221173,14.227916385704651
E01004247,14.8,62.4,97.8,2640.0,37.04545454545454,5.606060606060606,23.636363636363637
E01004248,13.6,23.799999999999997,61.6,1888.0,32.62711864406779,7.203389830508475,12.605932203389829
E01004249,11.4,31.2,69.2,2439.0,28.372283722837228,4.674046740467404,12.792127921279214
E01004251,20.200000000000003,92.6,86.6,2578.0,33.59193173002327,7.835531419705199,35.919317300232734
E01004255,12.200000000000001,29.8,47.4,1586.0,29.886506935687265,7.6923076923076925,18.78940731399748
E01004256,5.8,19.6,61.2,1690.0,36.21301775147929,3.4319526627218933,11.597633136094675
E01004257,9.200000000000001,31.2,87.6,2232.0,39.247311827956985,4.121863799283155,13.978494623655914
E01004258,9.8,17.2,29.0,1472.0,19.70108695652174,6.657608695652175,11.684782608695652
E01004259,18.2,65.4,124.80000000000001,1753.0,71.19224187107815,10.38220193953223,37.30747290359384
E01004260,15.2,32.0,57.8,1785.0,32.38095238095238,8.515406162464986,17.92717086834734
E01004263,6.2,14.6,42.599999999999994,1381.0,30.84721216509775,4.48950036205648,10.57204923968139
E01004264,4.4,15.2,44.599999999999994,1441.0,30.95072866065232,3.053435114503817,10.54823039555864
E01004266,5.4,11.4,25.4,1452.0,17.4931129476584,3.7190082644628104,7.8512396694214885
E01004267,16.6,66.0,88.6,2200.0,40.27272727272727,7.545454545454546,30.0
E01004268,6.800000000000001,38.2,101.2,1769.0,57.20746184284907,3.8439796495195027,21.594120972300736
E01004270,19.6,96.4,63.0,2420.0,26.033057851239672,8.099173553719009,39.83471074380166
E01004271,12.2,26.199999999999996,52.599999999999994,2463.0,21.356069833536335,4.953308972797402,10.637434023548517
E01004272,17.0,22.599999999999998,84.8,2668.0,31.784107946026985,6.371814092953524,8.470764617691154
E01004274,4.4,13.2,39.8,1956.0,20.34764826175869,2.2494887525562373,6.748466257668711
E01004275,6.4,13.4,50.8,2514.0,20.206841686555286,2.5457438345266508,5.330151153540175
E01004276,7.6,10.4,22.4,2052.0,10.916179337231968,3.7037037037037033,5.0682261208577
E01004277,20.8,259.6,89.0,1593.0,55.869428750784685,13.0571249215317,162.962962962963
E01004280,6.199999999999999,13.8,42.8,1954.0,21.903787103377685,3.1729785056294775,7.062436028659161
E01004281,4.4,9.399999999999999,23.599999999999998,1991.0,11.853340030135609,2.2099447513812156,4.721245605223505
E01004283,9.0,25.799999999999997,63.8,2185.0,29.199084668192217,4.118993135011442,11.807780320366131
E01004286,15.8,47.0,77.2,2476.0,31.179321486268176,6.381260096930534,18.982229402261712
E01004287,7.8,22.2,44.8,2250.0,19.911111111111108,3.4666666666666663,9.866666666666665
E01004288,4.6000000000000005,24.6,64.8,1853.0,34.970318402590394,2.4824608742579604,13.275769023205612
E01004289,7.6,20.0,57.2,1936.0,29.545454545454547,3.9256198347107434,10.330578512396695
E01004290,18.8,60.6,70.2,1975.0,35.54430379746835,9.518987341772151,30.68354430379747
E01004291,25.0,49.4,32.8,1911.0,17.163788592360017,13.082155939298797,25.85034013605442
E01004292,15.4,16.6,14.200000000000001,1672.0,8.492822966507177,9.210526315789474,9.92822966507177
E01004293,30.0,217.8,48.400000000000006,1987.0,24.358329139406145,15.09813789632612,109.61248112732763
E01004295,6.6,49.0,44.0,2003.0,21.96704942586121,3.295057413879181,24.463305042436343
E01004296,12.6,41.6,66.6,2430.0,27.407407407407405,5.185185185185185,17.11934156378601
E01004297,8.0,17.6,17.8,1917.0,9.285341679707878,4.173187271778821,9.181011997913407
E01004298,6.800000000000001,60.6,76.8,1604.0,47.880299251870326,4.239401496259353,37.78054862842893
E01004300,3.8,11.0,32.2,1450.0,22.20689655172414,2.6206896551724137,7.586206896551724
E01004301,3.5999999999999996,22.8,40.2,1420.0,28.30985915492958,2.5352112676056335,16.056338028169016
E01004302,5.4,48.599999999999994,50.2,1669.0,30.07789095266627,3.2354703415218697,29.119233073696822
E01004303,21.2,45.0,79.8,2871.0,27.79519331243469,7.384186694531522,15.67398119122257
E01004304,9.2,55.0,78.4,2136.0,36.70411985018727,4.307116104868913,25.749063670411985
E01004305,8.8,23.8,53.800000000000004,1864.0,28.86266094420601,4.721030042918455,12.76824034334764
E01004306,27.4,137.4,75.8,1842.0,41.15092290988056,14.875135722041259,74.59283387622149
E01004307,57.6,522.0,101.0,2336.0,43.236301369863014,24.65753424657534,223.45890410958904
E01004308,9.4,17.200000000000003,43.0,1441.0,29.840388619014576,6.5232477446217905,11.936155447605831
E01004309,41.6,297.4,176.6,2793.0,63.22950232724668,14.89437880415324,106.48048693161475
E01004310,29.2,133.8,83.2,2021.0,41.16773874319644,14.448292924294902,66.20484908461158
E01004311,15.0,58.8,42.4,1845.0,22.981029810298104,8.130081300813009,31.86991869918699
E01004312,12.4,24.0,46.2,1525.0,30.295081967213118,8.131147540983607,15.737704918032787
E01004313,16.8,62.2,68.4,2125.0,32.188235294117646,7.905882352941178,29.270588235294117
E01004315,14.8,56.0,48.0,1580.0,30.379746835443036,9.367088607594937,35.44303797468355
E01004316,8.6,51.0,22.200000000000003,1039.0,21.366698748796924,8.277189605389799,49.08565928777671
E01004319,9.8,25.8,51.6,2506.0,20.590582601755788,3.910614525139665,10.295291300877894
E01004321,15.6,53.0,76.6,2146.0,35.694315004659835,7.269338303821062,24.697110904007456
E01004322,25.400000000000002,162.2,197.8,1401.0,141.18486795146327,18.129907209136334,115.77444682369735
E01004323,8.4,37.199999999999996,41.8,1627.0,25.691456668715425,5.162876459741856,22.86416717885679
E01004324,9.4,13.399999999999999,37.2,1599.0,23.26454033771107,5.8786741713570985,8.380237648530331
E01004326,17.8,71.4,69.4,1887.0,36.77795442501325,9.432962374138844,37.83783783783784
E01004327,8.8,14.2,23.8,1506.0,15.803452855245686,5.843293492695883,9.428950863213812
E01004328,7.6000000000000005,26.0,41.8,1869.0,22.36490101658641,4.066345639379348,13.911182450508294
E01004329,8.2,16.4,35.2,1810.0,19.447513812154696,4.530386740331491,9.060773480662982
E01004330,4.6,13.999999999999998,28.4,1677.0,16.93500298151461,2.742993440667859,8.348240906380441
E01004331,7.6,12.6,34.6,1656.0,20.893719806763286,4.5893719806763285,7.608695652173912
E01004332,11.0,26.599999999999998,44.8,1944.0,23.045267489711932,5.65843621399177,13.68312757201646
E01004333,7.0,20.2,34.0,1696.0,20.047169811320753,4.127358490566038,11.910377358490566
E01004334,12.4,29.799999999999997,65.0,1892.0,34.35517970401691,6.553911205073996,15.750528541226213
E01004335,10.0,21.8,60.2,1740.0,34.59770114942528,5.747126436781609,12.528735632183908
E01004336,6.8,37.6,55.4,1555.0,35.62700964630225,4.372990353697749,24.180064308681672
E01004337,8.8,14.0,41.0,1742.0,23.536165327210103,5.051664753157291,8.036739380022961
E01004338,3.2,11.2,30.8,2020.0,15.247524752475247,1.5841584158415842,5.544554455445544
E01004339,4.800000000000001,13.8,31.200000000000003,1883.0,16.569304301646312,2.549123738714817,7.328730748805099
E01004340,10.4,16.4,44.0,1880.0,23.404255319148934,5.531914893617022,8.723404255319148
E01004341,15.0,66.2,84.4,1935.0,43.61757105943153,7.751937984496124,34.21188630490956
E01004342,15.2,71.8,63.6,2091.0,30.41606886657102,7.2692491630798655,34.337637494022005
E01004343,7.8,9.4,20.6,1871.0,11.010154997327634,4.168893639764831,5.024051309460182
E01004344,11.2,24.6,59.400000000000006,1904.0,31.197478991596643,5.88235294117647,12.920168067226891
E01004345,8.8,11.799999999999999,35.0,1792.0,19.53125,4.9107142857142865,6.584821428571428
E01004346,8.8,15.2,27.200000000000003,1796.0,15.144766146993321,4.89977728285078,8.463251670378618
E01004347,11.4,25.0,32.2,2184.0,14.743589743589745,5.21978021978022,11.446886446886445
E01004348,12.6,32.8,75.4,2947.0,25.58534102477096,4.275534441805226,11.129962673905666
E01004349,7.0,6.4,27.2,1547.0,17.582417582417584,4.524886877828055,4.137039431157079
E01004350,9.600000000000001,18.0,32.4,1901.0,17.04366123093109,5.049973698053656,9.468700683850605
E01004351,6.8,6.2,38.8,1645.0,23.58662613981763,4.1337386018237074,3.768996960486322
E01004352,6.8,13.6,32.6,1884.0,17.3036093418259,3.6093418259023355,7.218683651804671
E01004353,3.5999999999999996,9.2,26.799999999999997,1815.0,14.765840220385673,1.983471074380165,5.068870523415978
E01004354,8.4,69.8,51.4,1965.0,26.157760814249365,4.2748091603053435,35.52162849872773
E01004355,6.4,11.6,45.6,1690.0,26.98224852071006,3.7869822485207103,6.8639053254437865
E01004356,9.8,8.799999999999999,21.2,1698.0,12.48527679623086,5.771495877502945,5.182567726737338
E01004357,7.6000000000000005,5.8,27.4,1583.0,17.308907138344914,4.80101073910297,3.663929248262792
E01004358,7.4,11.6,37.2,1952.0,19.05737704918033,3.790983606557377,5.942622950819672
E01004359,3.0,7.3999999999999995,19.0,1712.0,11.098130841121495,1.7523364485981308,4.322429906542056
E01004360,4.6,2.8000000000000003,14.8,1334.0,11.094452773613193,3.448275862068965,2.0989505247376314
E01004361,7.4,4.8,12.0,1383.0,8.676789587852495,5.350686912509039,3.4707158351409975
E01004362,3.8,15.0,37.2,1608.0,23.134328358208958,2.36318407960199,9.328358208955223
E01004363,6.8,51.0,94.2,1666.0,56.54261704681873,4.081632653061224,30.612244897959183
E01004364,6.800000000000001,22.4,49.8,1984.0,25.100806451612904,3.4274193548387104,11.29032258064516
E01004365,11.4,46.599999999999994,88.0,2543.0,34.604797483287456,4.482894219425876,18.324813212740857
E01004366,5.0,13.6,40.8,1936.0,21.074380165289256,2.5826446280991737,7.024793388429751
E01004367,6.6,53.800000000000004,48.2,1607.0,29.993777224642194,4.107031736154324,33.478531425015554
E01004368,7.800000000000001,15.8,32.0,2449.0,13.066557778685178,3.1849734585545124,6.451612903225806
E01004369,3.8,26.4,27.2,1757.0,15.480933409220262,2.1627774615822424,15.025611838360842
E01004370,11.799999999999999,33.8,52.4,2105.0,24.893111638954867,5.605700712589073,16.057007125890735
E01004371,3.4000000000000004,13.6,35.2,1646.0,21.38517618469016,2.0656136087484813,8.262454434993925
E01004372,4.2,9.8,18.0,1645.0,10.94224924012158,2.5531914893617023,5.957446808510639
E01004373,6.6000000000000005,25.4,35.4,1798.0,19.688542825361512,3.670745272525028,14.126807563959956
E01004374,4.0,14.6,30.799999999999997,1967.0,15.658362989323845,2.0335536349771224,7.422470767666497
E01004375,8.0,29.2,36.8,1933.0,19.037765131919297,4.138644593895499,15.106052767718571
E01004376,11.6,33.6,50.8,1891.0,26.864093072448437,6.134320465362242,17.7683765203596
E01004377,9.4,12.799999999999999,26.8,1837.0,14.589003810560696,5.117038649972782,6.967882416984213
E01004378,5.199999999999999,8.200000000000001,33.6,1849.0,18.171984856679284,2.812330989724175,4.434829637641969
E01004379,8.2,53.6,30.8,1926.0,15.991692627206646,4.257528556593977,27.829698857736243
E01004380,5.4,6.800000000000001,22.4,1796.0,12.472160356347437,3.0066815144766146,3.7861915367483303
E01004381,6.199999999999999,30.799999999999997,35.8,1985.0,18.035264483627202,3.1234256926952138,15.516372795969772
E01004382,4.0,11.4,35.4,1753.0,20.193953223046208,2.2818026240730176,6.5031374786081
E01004383,4.2,6.4,19.6,1687.0,11.618257261410788,2.489626556016598,3.7937166567871965
E01004384,6.6,40.0,53.8,2002.0,26.87312687312687,3.2967032967032965,19.98001998001998
E01004385,5.6,9.799999999999999,38.6,1534.0,25.162972620599742,3.650586701434159,6.3885267275097775
E01004386,4.2,4.2,8.6,1698.0,5.064782096584216,2.473498233215548,2.473498233215548
E01004387,2.2,3.6000000000000005,6.8,1439.0,4.72550382209868,1.5288394718554552,2.501737317581654
E01004388,7.8,19.2,43.4,1660.0,26.14457831325301,4.698795180722891,11.566265060240964
E01004389,6.0,10.8,39.8,1733.0,22.96595499134449,3.462204270051933,6.231967686093481
E01004390,4.4,6.4,30.8,1600.0,19.25,2.7500000000000004,4.0
E01004391,8.6,72.8,46.2,2326.0,19.862424763542563,3.697334479793637,31.298366294067062
E01004392,17.4,278.6,103.8,2565.0,40.46783625730994,6.783625730994151,108.6159844054581
E01004393,7.8,72.0,58.400000000000006,1691.0,34.53577764636311,4.612655233589591,42.57835600236547
E01004394,6.0,29.4,48.8,2003.0,24.363454817773338,2.9955067398901645,14.677983025461806
E01004395,2.5999999999999996,14.2,24.6,1700.0,14.47058823529412,1.5294117647058822,8.352941176470587
E01004396,4.0,18.8,35.0,1995.0,17.543859649122805,2.0050125313283207,9.423558897243108
E01004397,26.0,487.0,184.2,2908.0,63.34250343878954,8.940852819807427,167.46905089408529
E01004398,6.0,17.8,37.4,2029.0,18.43272548053228,2.957121734844751,8.772794480039428
E01004399,5.2,12.600000000000001,52.6,1890.0,27.830687830687832,2.7513227513227516,6.666666666666667
E01004400,5.4,27.8,40.6,1898.0,21.390937829293993,2.8451001053740783,14.64699683877766
E01004401,16.4,48.6,61.2,2368.0,25.844594594594593,6.925675675675675,20.52364864864865
E01004402,4.8,14.399999999999999,34.4,1870.0,18.39572192513369,2.5668449197860963,7.7005347593582885
E01004403,13.2,65.4,64.8,2588.0,25.038639876352395,5.1004636785162285,25.270479134466772
E01004404,8.399999999999999,18.8,50.4,2852.0,17.67180925666199,2.945301542776998,6.591865357643759
E01004405,8.2,22.6,35.6,1716.0,20.745920745920746,4.778554778554778,13.170163170163171
E01004406,7.6,34.2,41.599999999999994,1846.0,22.535211267605632,4.117009750812567,18.526543878656557
E01004407,17.0,22.2,74.4,1632.0,45.58823529411765,10.416666666666666,13.602941176470589
E01004408,10.2,24.4,27.4,1732.0,15.819861431870669,5.8891454965357966,14.087759815242494
E01004409,13.8,35.0,44.4,1774.0,25.028184892897407,7.7790304396843295,19.729425028184895
E01004410,15.8,32.6,47.4,1845.0,25.691056910569106,8.56368563685637,17.669376693766935
E01004411,12.0,41.0,47.2,1981.0,23.826350328117112,6.057546693589097,20.696617869762743
E01004412,9.8,25.0,27.2,1788.0,15.212527964205815,5.480984340044743,13.982102908277405
E01004413,8.4,23.2,37.0,1543.0,23.979261179520414,5.443940375891121,15.035644847699286
E01004414,9.0,25.2,41.2,1814.0,22.712238147739804,4.961411245865491,13.891951488423372
E01004415,4.8,6.6,28.6,1618.0,17.676143386897404,2.9666254635352285,4.079110012360939
E01004416,17.0,9.8,14.2,1824.0,7.785087719298246,9.320175438596491,5.37280701754386
E01004417,8.0,22.0,41.6,1886.0,22.05726405090138,4.241781548250265,11.66489925768823
E01004418,6.6,10.0,27.0,1780.0,15.168539325842696,3.7078651685393256,5.617977528089887
E01004419,11.2,16.4,46.0,2652.0,17.345399698340877,4.223227752639517,6.184012066365007
E01004420,10.6,150.2,115.19999999999999,2258.0,51.018600531443745,4.694419840566873,66.51904340124003
E01004421,4.6,15.4,38.2,2132.0,17.917448405253285,2.1575984990619137,7.223264540337711
E01004422,24.0,88.80000000000001,65.4,2648.0,24.697885196374624,9.06344410876133,33.53474320241692
E01004423,8.4,27.599999999999998,52.2,2102.0,24.83349191246432,3.9961941008563273,13.130352045670788
E01004424,13.8,65.0,79.6,2120.0,37.54716981132075,6.5094339622641515,30.660377358490567
E01004425,8.4,83.6,37.4,1989.0,18.803418803418804,4.223227752639518,42.03117144293615
E01004426,4.8,16.599999999999998,27.6,1831.0,15.07373020207537,2.6215182960131074,9.066084107045329
E01004427,8.4,26.200000000000003,40.4,1975.0,20.455696202531644,4.253164556962026,13.265822784810128
E01004428,7.800000000000001,14.4,49.6,2091.0,23.720707795313245,3.730272596843616,6.886657101865136
E01004429,13.2,34.6,43.199999999999996,1832.0,23.580786026200872,7.205240174672489,18.88646288209607
E01004430,36.8,235.6,120.4,2677.0,44.975719088531946,13.746731415763914,88.00896525961898
E01004432,9.2,23.8,46.2,1932.0,23.91304347826087,4.761904761904762,12.318840579710146
E01004434,11.6,28.0,51.4,2146.0,23.95153774464119,5.405405405405405,13.047530288909599
E01004435,9.2,27.4,51.8,2147.0,24.12668840242198,4.2850489054494645,12.761993479273405
E01004436,11.0,75.4,54.4,1531.0,35.53233180927498,7.184846505551927,49.24885695623776
E01004437,8.799999999999999,17.200000000000003,41.8,1792.0,23.325892857142854,4.910714285714285,9.598214285714288
E01004438,22.8,291.2,85.0,2142.0,39.682539682539684,10.644257703081232,135.94771241830065
E01004439,6.4,11.999999999999998,23.6,1636.0,14.425427872860638,3.9119804400978,7.334963325183373
E01004440,11.6,68.19999999999999,65.4,2066.0,31.65537270087125,5.614714424007745,33.01064859632139
E01004441,6.0,13.8,20.8,1527.0,13.621480026195155,3.929273084479371,9.037328094302554
E01004442,5.0,10.4,20.8,1544.0,13.471502590673575,3.238341968911917,6.7357512953367875
E01004443,11.6,65.19999999999999,48.0,2235.0,21.47651006711409,5.190156599552573,29.17225950782997
E01004444,21.6,77.19999999999999,89.39999999999999,2820.0,31.70212765957447,7.659574468085107,27.37588652482269
E01004445,4.6,24.0,38.6,2088.0,18.486590038314176,2.2030651340996164,11.494252873563218
E01004446,7.6,20.6,34.0,2668.0,12.743628185907047,2.848575712143928,7.721139430284858
E01004447,2.2,14.2,21.0,1862.0,11.278195488721805,1.1815252416756177,7.626208378088077
E01004448,7.8,59.599999999999994,37.4,1931.0,19.368203003625062,4.0393578456758155,30.864836872087
E01004449,6.0,18.8,46.0,1892.0,24.312896405919663,3.171247357293869,9.936575052854124
E01004450,8.8,4.4,20.4,1708.0,11.943793911007024,5.152224824355972,2.576112412177986
E01004451,8.2,7.2,28.6,1841.0,15.535035306898425,4.4541010320478,3.910917979359044
E01004452,9.8,58.8,59.6,1887.0,31.58452570217276,5.193428722840488,31.16057233704292
E01004453,13.8,83.2,33.2,1816.0,18.28193832599119,7.599118942731278,45.81497797356828
E01004454,7.800000000000001,10.200000000000001,39.6,1971.0,20.091324200913242,3.9573820395738206,5.175038051750381
E01004455,13.8,356.0,75.2,1794.0,41.917502787068,7.6923076923076925,198.43924191750278
E01004456,5.3999999999999995,84.4,58.4,1686.0,34.63819691577699,3.2028469750889674,50.05931198102017
E01004457,8.4,20.6,35.4,1907.0,18.563188253801783,4.404824331410593,10.8023072889355
E01004458,10.600000000000001,27.8,40.2,2038.0,19.725220804710503,5.2011776251226705,13.640824337585869
E01004459,4.6,14.2,42.8,1666.0,25.690276110444177,2.7611044417767108,8.523409363745499
E01004460,13.0,53.400000000000006,49.400000000000006,2047.0,24.132877381533955,6.350757205666829,26.086956521739133
E01004462,8.4,26.400000000000002,42.8,2355.0,18.174097664543524,3.56687898089172,11.210191082802549
E01004463,7.2,20.6,31.799999999999997,2047.0,15.534929164631166,3.517342452369321,10.063507572056668
E01004464,13.8,69.60000000000001,82.0,1729.0,47.42625795257374,7.981492192018509,40.254482359745516
E01004465,2.2,6.4,17.2,1607.0,10.703173615432483,1.3690105787181084,3.9825762289981337
E01004466,3.6000000000000005,11.6,21.799999999999997,1719.0,12.681791739383362,2.0942408376963355,6.7481093659104125
E01004467,13.6,33.4,70.4,2354.0,29.906542056074766,5.777400169923535,14.188615123194563
E01004468,11.2,12.0,28.799999999999997,1779.0,16.188870151770654,6.295671725688588,6.745362563237774
E01004469,10.8,13.200000000000001,48.8,1926.0,25.33748701973001,5.607476635514019,6.853582554517135
E01004470,12.4,46.8,61.800000000000004,1671.0,36.983842010771994,7.4207061639736684,28.00718132854578
E01004471,7.0,11.399999999999999,40.4,1776.0,22.74774774774775,3.941441441441441,6.418918918918918
E01004472,13.4,41.6,17.6,1782.0,9.876543209876544,7.519640852974186,23.34455667789001
E01004473,9.8,16.0,17.2,1773.0,9.70107163000564,5.527354765933447,9.024252679075015
E01004474,33.0,273.2,97.0,2017.0,48.0912245909767,16.36093207734259,135.4486861675756
E01004475,8.0,27.8,12.6,1510.0,8.344370860927153,5.298013245033113,18.41059602649007
E01004476,22.6,96.0,44.6,1812.0,24.61368653421634,12.472406181015453,52.980132450331126
E01004477,7.8,13.6,8.6,1657.0,5.190102595051298,4.707302353651177,8.207604103802053
E01004478,6.0,11.4,3.1999999999999997,1566.0,2.043422733077905,3.8314176245210727,7.2796934865900385
E01004479,11.4,9.6,13.0,1512.0,8.597883597883598,7.5396825396825395,6.349206349206349
E01004480,9.8,14.799999999999999,12.8,1721.0,7.437536316095294,5.694363742010459,8.599651365485181
E01004481,8.2,37.800000000000004,31.599999999999998,1640.0,19.26829268292683,4.999999999999999,23.04878048780488
E01004482,6.6,12.2,21.0,1557.0,13.48747591522158,4.238921001926782,7.83558124598587
E01004483,7.8,21.8,33.8,2101.0,16.087577344121843,3.712517848643503,10.376011423131843
E01004484,8.399999999999999,13.200000000000001,20.0,1498.0,13.35113484646195,5.6074766355140175,8.811748998664887
E01004485,13.2,76.0,49.4,1733.0,28.505481823427584,7.6168493941142525,43.85458742065782
E01004486,6.6000000000000005,13.8,16.0,1425.0,11.228070175438596,4.631578947368421,9.68421052631579
E01004487,6.2,9.0,21.8,1492.0,14.611260053619302,4.1554959785522785,6.032171581769437
E01004488,10.2,10.2,15.4,1331.0,11.570247933884298,7.663410969196093,7.663410969196093
E01004489,6.8,11.6,18.0,1364.0,13.196480938416423,4.985337243401759,8.504398826979472
E01004490,5.0,6.8,14.0,1570.0,8.9171974522293,3.1847133757961785,4.3312101910828025
E01004491,5.6,12.6,22.4,2509.0,8.927859705061778,2.2319649262654444,5.02192108409725
E01004492,8.8,56.2,32.6,1740.0,18.73563218390805,5.057471264367817,32.298850574712645
E01004493,8.2,14.2,79.4,1947.0,40.78068823831536,4.211607601438109,7.293271700051361
E01004494,12.8,47.0,32.8,1785.0,18.37535014005602,7.170868347338936,26.330532212885153
E01004495,6.0,11.0,31.0,1585.0,19.558359621451103,3.7854889589905363,6.94006309148265
E01004496,19.6,50.2,45.4,1930.0,23.523316062176168,10.155440414507774,26.010362694300518
E01004497,4.0,8.0,25.4,1498.0,16.955941255006675,2.67022696929239,5.34045393858478
E01004498,4.2,10.0,17.6,1687.0,10.43272080616479,2.489626556016598,5.927682276229993
E01004499,8.4,11.6,26.2,1610.0,16.273291925465838,5.217391304347826,7.204968944099378
E01004500,6.4,11.4,19.2,1927.0,9.963674104826154,3.321224701608718,5.9159314997405295
E01004501,8.8,8.6,18.4,1534.0,11.994784876140807,5.736636245110822,5.60625814863103
E01004502,4.2,8.0,12.8,1641.0,7.800121876904327,2.5594149908592323,4.875076173065205
E01004503,8.2,22.2,26.2,1702.0,15.393654524089307,4.81786133960047,13.043478260869565
E01004504,4.8,6.6,12.0,1525.0,7.868852459016393,3.1475409836065573,4.327868852459016
E01004505,10.4,9.0,16.0,1618.0,9.888751545117428,6.427688504326329,5.562422744128554
E01004506,19.6,42.0,41.8,2217.0,18.854307622913847,8.840775823184485,18.94451962110961
E01004507,24.4,38.2,38.0,2585.0,14.700193423597678,9.439071566731142,14.777562862669246
E01004508,21.8,41.599999999999994,41.2,2002.0,20.57942057942058,10.88911088911089,20.779220779220775
E01004510,13.4,20.8,28.4,1843.0,15.40965816603364,7.27075420510038,11.285946825827455
E01004511,10.2,14.4,31.8,1591.0,19.98742928975487,6.411062225015713,9.050911376492772
E01004512,3.0,14.200000000000001,7.6,1454.0,5.226960110041265,2.063273727647868,9.766162310866576
E01004513,7.4,68.0,55.2,1931.0,28.586224754013468,3.8322112894873124,35.21491455204557
E01004514,10.0,28.6,31.0,1822.0,17.014270032930842,5.488474204171241,15.697036223929747
E01004515,7.2,19.6,38.6,1684.0,22.921615201900238,4.275534441805227,11.63895486935867
E01004516,5.0,11.399999999999999,22.799999999999997,1746.0,13.058419243986252,2.8636884306987396,6.529209621993126
E01004517,11.799999999999999,30.599999999999998,64.0,2262.0,28.293545534924842,5.216622458001768,13.52785145888594
E01004518,7.4,11.6,24.200000000000003,1734.0,13.956170703575548,4.267589388696655,6.689734717416378
E01004519,5.2,8.2,31.8,1756.0,18.109339407744876,2.9612756264236904,4.669703872437357
E01004520,2.6,10.200000000000001,23.4,1402.0,16.690442225392296,1.854493580599144,7.275320970042797
E01004521,3.8,11.8,27.799999999999997,2036.0,13.654223968565814,1.8664047151277012,5.795677799607073
E01004522,7.4,11.6,35.0,1729.0,20.242914979757085,4.27993059572007,6.709080393290919
E01004523,7.8,16.8,30.0,1637.0,18.32620647525962,4.7648136835675015,10.262675626145388
E01004524,9.0,15.8,53.4,1839.0,29.037520391517127,4.893964110929852,8.591625883632409
E01004525,29.0,535.0,201.6,1926.0,104.67289719626167,15.05711318795431,277.77777777777777
E01004526,11.8,70.4,38.0,1775.0,21.408450704225352,6.647887323943663,39.66197183098592
E01004527,4.800000000000001,13.8,30.0,1659.0,18.083182640144667,2.893309222423147,8.318264014466546
E01004528,9.4,24.6,60.0,1653.0,36.29764065335753,5.686630369026013,14.882032667876588
E01004529,12.4,34.2,43.2,2103.0,20.542082738944366,5.896338563956253,16.26248216833096
E01004530,4.8,11.8,18.8,1745.0,10.773638968481375,2.7507163323782233,6.7621776504298
E01004531,4.8,10.2,28.400000000000002,1763.0,16.108905275099264,2.7226318774815654,5.785592739648326
E01004532,3.6,7.6,16.8,1441.0,11.658570437196392,2.498265093684941,5.27411519777932
E01004533,4.4,10.400000000000002,22.799999999999997,1448.0,15.745856353591158,3.0386740331491717,7.182320441988951
E01004534,16.8,31.4,36.0,1920.0,18.75,8.75,16.354166666666668
E01004535,5.0,18.2,66.6,1857.0,35.864297253634895,2.6925148088314486,9.800753904146472
E01004536,12.4,41.6,75.19999999999999,2350.0,31.999999999999993,5.276595744680851,17.70212765957447
E01004537,19.0,32.6,59.2,2072.0,28.571428571428573,9.16988416988417,15.733590733590736
E01004538,13.2,17.799999999999997,35.8,2478.0,14.447134786117836,5.326876513317191,7.183212267958029
E01004539,5.8,23.0,77.4,2092.0,36.9980879541109,2.7724665391969405,10.994263862332696
E01004540,18.2,44.4,57.0,2235.0,25.503355704697984,8.143176733780761,19.865771812080535
E01004541,13.799999999999999,23.8,58.0,1696.0,34.198113207547166,8.13679245283019,14.033018867924529
E01004542,4.6,9.799999999999999,19.0,1572.0,12.086513994910941,2.9262086513994907,6.234096692111959
E01004543,12.8,26.8,20.4,1743.0,11.703958691910499,7.343660355708549,15.375788869764774
E01004544,6.6,11.0,13.200000000000001,1537.0,8.588158750813273,4.294079375406636,7.15679895901106
E01004545,22.6,122.8,41.2,1937.0,21.270005162622613,11.667527103768714,63.397005678884874
E01004546,3.4,6.8,9.0,1500.0,6.0,2.2666666666666666,4.533333333333333
E01004547,8.0,10.0,20.6,1425.0,14.456140350877195,5.614035087719298,7.017543859649123
E01004548,14.0,57.6,41.2,2036.0,20.23575638506876,6.8762278978389,28.290766208251473
E01004549,6.0,10.799999999999999,28.0,1662.0,16.84717208182912,3.6101083032490977,6.498194945848375
E01004550,6.8,11.4,19.0,1361.0,13.96032329169728,4.996326230712711,8.376193975018369
E01004551,20.4,241.6,133.2,1565.0,85.11182108626197,13.03514376996805,154.37699680511182
E01004552,24.0,285.2,67.2,1971.0,34.09436834094368,12.1765601217656,144.69812278031455
E01004553,6.2,55.400000000000006,21.4,1764.0,12.131519274376416,3.5147392290249435,31.40589569160998
E01004554,6.4,16.8,16.2,1657.0,9.776704888352445,3.862401931200966,10.138805069402535
E01004555,5.2,11.6,10.2,1724.0,5.916473317865429,3.0162412993039442,6.728538283062645
E01004556,5.8,11.6,7.2,1646.0,4.374240583232078,3.5236938031591736,7.047387606318347
E01004557,7.4,20.8,21.0,1728.0,12.152777777777779,4.282407407407407,12.037037037037036
E01004558,9.4,11.2,14.8,1845.0,8.021680216802167,5.094850948509485,6.070460704607046
E01004559,5.2,7.6,7.800000000000001,1468.0,5.313351498637602,3.5422343324250685,5.177111716621254
E01004560,15.2,69.4,58.2,1934.0,30.093071354705273,7.859358841778698,35.88417786970011
E01004563,14.0,38.0,70.8,2179.0,32.49196879302432,6.424965580541532,17.4391922900413
E01004564,16.4,35.0,42.8,1874.0,22.838847385272143,8.751334044823905,18.676627534685167
E01004565,10.8,17.2,22.2,1663.0,13.349368610944078,6.494287432351173,10.342754058929645
E01004566,9.6,23.8,26.8,1681.0,15.942891136228436,5.710886377156455,14.158239143367043
E01004567,8.8,23.4,56.0,2365.0,23.67864693446089,3.72093023255814,9.894291754756871
E01004568,10.2,21.0,47.6,1762.0,27.014755959137343,5.7888762769580016,11.91827468785471
E01004569,10.0,50.6,98.6,2382.0,41.39378673383711,4.198152812762385,21.242653232577666
E01004570,6.3999999999999995,20.0,78.0,1931.0,40.393578456758156,3.314344899016054,10.357327809425168
E01004571,7.6,44.199999999999996,43.4,1845.0,23.523035230352303,4.119241192411924,23.956639566395662
E01004572,7.2,11.4,32.0,1684.0,19.002375296912113,4.275534441805227,6.7695961995249405
E01004573,6.6,56.0,51.400000000000006,1684.0,30.522565320665088,3.9192399049881232,33.2541567695962
E01004574,7.0,20.400000000000002,72.0,2116.0,34.02646502835539,3.3081285444234405,9.640831758034027
E01004575,10.8,15.2,49.6,1888.0,26.27118644067797,5.720338983050848,8.050847457627118
E01004576,12.6,16.599999999999998,50.6,1606.0,31.506849315068497,7.84557907845579,10.33623910336239
E01004577,11.2,18.599999999999998,22.8,1848.0,12.337662337662339,6.0606060606060606,10.064935064935064
E01004579,12.4,25.4,33.6,1871.0,17.958311063602352,6.627471940138963,13.575628006413682
E01004580,10.6,39.8,42.199999999999996,2114.0,19.962157048249765,5.014191106906338,18.826868495742666
E01004581,9.8,15.6,27.0,1781.0,15.16002245929253,5.502526670409883,8.759124087591239
E01004582,9.2,36.2,28.0,2201.0,12.721490231712858,4.179918218991367,16.44706951385734
E01004583,13.8,103.4,43.4,1710.0,25.380116959064324,8.070175438596491,60.46783625730995
E01004584,3.4000000000000004,13.6,55.400000000000006,1726.0,32.0973348783314,1.9698725376593282,7.879490150637311
E01004585,6.6,20.400000000000002,26.8,1826.0,14.676889375684556,3.614457831325301,11.171960569550933
E01004586,9.0,27.599999999999998,14.0,1897.0,7.380073800738007,4.744333157617291,14.549288350026355
E01004587,4.800000000000001,17.4,16.6,1820.0,9.12087912087912,2.6373626373626378,9.56043956043956
E01004588,23.4,113.19999999999999,78.6,2014.0,39.026812313803376,11.618669314796424,56.206554121151925
E01004589,13.2,23.6,17.2,1797.0,9.571508069003896,7.345575959933221,13.132999443516974
E01004590,8.6,16.4,41.400000000000006,1850.0,22.378378378378383,4.648648648648649,8.864864864864863
E01004591,22.8,82.39999999999999,47.4,1903.0,24.90803993694167,11.981082501313715,43.300052548607454
E01004592,6.2,16.8,36.4,1685.0,21.602373887240354,3.679525222551929,9.97032640949555
E01004593,6.2,19.4,20.6,1936.0,10.640495867768596,3.2024793388429753,10.020661157024792
E01004594,3.6,21.4,13.399999999999999,1701.0,7.8777189888301,2.1164021164021167,12.580834803057025
E01004595,8.600000000000001,17.0,21.2,1802.0,11.76470588235294,4.772475027746949,9.433962264150942
E01004596,9.2,38.6,13.0,1617.0,8.039579468150896,5.6895485466914035,23.87136672850959
E01004597,7.0,11.799999999999999,21.4,1891.0,11.316763617133791,3.7017451084082498,6.240084611316763
E01004598,7.199999999999999,13.4,18.6,2146.0,8.667287977632805,3.355079217148182,6.244175209692451
E01004599,5.199999999999999,5.8,7.800000000000001,1566.0,4.980842911877395,3.320561941251596,3.7037037037037033
E01004601,16.4,31.8,46.8,2464.0,18.993506493506494,6.6558441558441555,12.905844155844157
E01004602,9.0,38.800000000000004,25.2,1647.0,15.300546448087431,5.46448087431694,23.557984213721923
E01004604,9.0,14.4,10.0,1564.0,6.39386189258312,5.754475703324808,9.207161125319693
E01004605,8.6,12.4,26.0,1821.0,14.277869302581,4.72267984623833,6.809445359692477
E01004606,7.0,27.0,12.6,1673.0,7.531380753138075,4.184100418410042,16.138673042438732
E01004607,6.0,10.8,13.0,1629.0,7.980356046654389,3.6832412523020257,6.629834254143646
E01004608,7.6,27.8,30.8,1669.0,18.454164170161775,4.553624925104853,16.65668064709407
E01004609,30.2,318.40000000000003,143.0,2136.0,66.94756554307116,14.138576779026216,149.06367041198504
E01004610,6.4,18.4,30.4,1984.0,15.32258064516129,3.225806451612903,9.274193548387096
E01004611,3.4,17.4,37.0,1547.0,23.917259211376855,2.197802197802198,11.247575953458306
E01004612,12.6,39.2,52.400000000000006,1602.0,32.70911360799002,7.865168539325843,24.46941323345818
E01004613,15.200000000000001,72.6,64.8,1694.0,38.25265643447461,8.9728453364817,42.857142857142854
E01004614,8.2,21.0,22.8,1971.0,11.567732115677321,4.160324708269913,10.6544901065449
E01004615,7.199999999999999,17.8,65.0,1644.0,39.537712895377126,4.3795620437956195,10.827250608272507
E01004616,8.8,17.2,32.0,1896.0,16.877637130801688,4.641350210970465,9.071729957805907
E01004617,21.2,129.2,190.0,1909.0,99.52854897852278,11.10529072812991,67.6794133053955
E01004618,5.6,9.0,21.8,1510.0,14.437086092715234,3.708609271523178,5.960264900662252
E01004619,7.6000000000000005,8.200000000000001,11.8,1357.0,8.695652173913043,5.600589535740605,6.042741341193811
E01004620,6.2,10.600000000000001,17.8,1696.0,10.495283018867926,3.655660377358491,6.250000000000001
E01004621,9.4,17.0,22.8,1719.0,13.263525305410122,5.468295520651542,9.889470622454915
E01004622,5.6000000000000005,14.8,172.6,1848.0,93.3982683982684,3.0303030303030307,8.008658008658008
E01004623,7.6000000000000005,16.4,14.4,1772.0,8.126410835214447,4.288939051918736,9.255079006772007
E01004624,4.2,9.0,47.0,1574.0,29.860228716645487,2.668360864040661,5.717916137229987
E01004625,5.0,2.8000000000000003,7.2,1315.0,5.475285171102661,3.802281368821293,2.129277566539924
E01004626,10.6,59.8,261.8,1847.0,141.74336762317273,5.739036275040606,32.37682728749323
E01004627,9.0,21.2,20.6,1588.0,12.97229219143577,5.6675062972292185,13.350125944584383
E01004628,10.0,12.0,44.6,2340.0,19.05982905982906,4.273504273504274,5.128205128205129
E01004629,10.8,19.0,22.6,1592.0,14.195979899497488,6.78391959798995,11.93467336683417
E01004630,5.6,10.6,42.0,1759.0,23.877202956225126,3.183627060830017,6.02615122228539
E01004631,7.4,8.0,32.4,1885.0,17.188328912466844,3.9257294429708227,4.244031830238726
E01004632,6.0,8.0,16.6,1515.0,10.957095709570957,3.9603960396039604,5.2805280528052805
E01004633,5.3999999999999995,9.4,37.8,1655.0,22.83987915407855,3.262839879154078,5.6797583081570995
E01004634,9.0,10.799999999999999,23.200000000000003,1480.0,15.675675675675679,6.081081081081082,7.2972972972972965
E01004635,4.8,8.0,23.4,1662.0,14.07942238267148,2.8880866425992777,4.813477737665464
E01004636,6.2,8.0,31.799999999999997,1464.0,21.721311475409834,4.234972677595629,5.46448087431694
E01004637,2.6,6.3999999999999995,20.4,1465.0,13.924914675767917,1.7747440273037542,4.368600682593857
E01004638,12.2,5.4,10.2,1375.0,7.418181818181818,8.872727272727271,3.9272727272727272
E01004639,15.2,33.0,24.0,1707.0,14.0597539543058,8.904510837727006,19.332161687170473
E01004640,9.2,7.6,16.4,1679.0,9.767718880285884,5.479452054794519,4.526503871351995
E01004641,8.799999999999999,7.8,23.6,1888.0,12.5,4.6610169491525415,4.13135593220339
E01004642,8.8,10.599999999999998,34.0,2111.0,16.106110847939366,4.168640454760777,5.021316911416389
E01004643,8.8,17.8,59.400000000000006,2350.0,25.276595744680854,3.74468085106383,7.574468085106383
E01004644,15.6,26.599999999999998,104.80000000000001,2507.0,41.802951735141605,6.222576785001994,10.610291184682888
E01004645,8.0,13.2,43.599999999999994,2114.0,20.6244087038789,3.7842951750236518,6.244087038789026
E01004646,17.0,21.599999999999998,24.2,1723.0,14.045269878119559,9.866511897852583,12.536273940800926
E01004647,15.6,52.4,26.0,1392.0,18.678160919540232,11.206896551724137,37.64367816091954
E01004648,18.0,26.2,31.6,2321.0,13.614821197759587,7.755277897457992,11.288237828522188
E01004649,6.0,27.799999999999997,28.2,1408.0,20.02840909090909,4.261363636363636,19.74431818181818
E01004650,10.4,14.4,17.4,1816.0,9.581497797356828,5.726872246696035,7.929515418502203
E01004651,13.799999999999999,19.4,16.0,1775.0,9.014084507042254,7.774647887323943,10.929577464788732
E01004652,18.2,84.4,50.4,1615.0,31.207430340557273,11.269349845201239,52.26006191950465
E01004653,17.2,63.2,30.2,1958.0,15.423901940755872,8.78447395301328,32.27783452502553
E01004654,33.0,115.2,45.8,2447.0,18.71679607682877,13.485901103391909,47.07805476093176
E01004656,27.6,49.800000000000004,50.4,1967.0,25.622775800711743,14.031520081342146,25.317742755465176
E01004657,39.8,439.4,79.0,1214.0,65.07413509060956,32.78418451400329,361.94398682042834
E01004658,29.8,390.4,131.20000000000002,1523.0,86.14576493762311,19.566644780039397,256.3361785948785
E01004659,19.4,62.599999999999994,31.0,1631.0,19.00674432863274,11.894543225015326,38.381361128142245
E01004660,14.2,179.2,37.0,1431.0,25.85604472396925,9.92313067784766,125.22711390635918
E01004661,43.6,183.4,114.6,1998.0,57.35735735735736,21.821821821821825,91.7917917917918
E01004662,22.599999999999998,92.19999999999999,37.8,1320.0,28.636363636363633,17.12121212121212,69.84848484848484
E01004663,33.6,82.6,36.2,1418.0,25.528913963328634,23.69534555712271,58.25105782792665
E01004665,4.8,19.6,44.4,1453.0,30.557467309015827,3.3035099793530627,13.489332415691674
E01004668,5.8,13.4,32.6,1420.0,22.95774647887324,4.084507042253521,9.43661971830986
E01004669,6.0,30.2,39.199999999999996,1721.0,22.777454968041834,3.486345148169669,17.54793724578733
E01004670,8.200000000000001,20.8,80.0,2711.0,29.50940612320177,3.0247141276281817,7.67244559203246
E01004674,11.799999999999999,39.0,74.6,1902.0,39.22187171398528,6.203995793901156,20.50473186119874
E01004675,31.4,96.2,77.6,2352.0,32.99319727891156,13.350340136054422,40.90136054421769
E01004676,13.799999999999999,23.2,48.4,1498.0,32.30974632843792,9.212283044058744,15.487316421895862
E01004677,9.200000000000001,16.8,27.0,1716.0,15.734265734265735,5.361305361305361,9.790209790209792
E01004678,10.6,24.2,44.400000000000006,1963.0,22.61844116148752,5.399898115129903,12.328069281711665
E01004679,21.2,75.8,102.19999999999999,1975.0,51.74683544303797,10.734177215189874,38.379746835443036
E01004680,21.6,76.4,40.8,1242.0,32.85024154589372,17.391304347826086,61.51368760064413
E01004681,30.2,152.2,55.599999999999994,1838.0,30.250272034820455,16.430903155603914,82.80739934711642
E01004682,28.6,178.20000000000002,73.2,1278.0,57.27699530516432,22.37871674491393,139.43661971830986
E01004683,19.2,54.0,21.4,1491.0,14.352783366867873,12.877263581488933,36.21730382293763
E01004684,17.2,85.6,51.8,1341.0,38.62788963460105,12.826249067859806,63.83296047725577
E01004686,15.4,68.2,56.2,1399.0,40.171551107934235,11.007862759113653,48.74910650464618
E01004687,13.4,41.0,19.4,1319.0,14.70811220621683,10.15921152388173,31.0841546626232
E01004690,10.8,55.8,24.200000000000003,1065.0,22.723004694835684,10.140845070422536,52.394366197183096
E01004691,22.200000000000003,183.60000000000002,56.400000000000006,1151.0,49.000868809730676,19.287576020851436,159.51346655082537
E01004692,5.4,37.0,27.2,1025.0,26.536585365853657,5.2682926829268295,36.09756097560975
E01004693,25.2,39.0,22.8,1211.0,18.82741535920727,20.809248554913296,32.20478943022296
E01004694,22.8,89.4,47.4,1473.0,32.17922606924643,15.478615071283096,60.69246435845214
E01004695,25.6,242.6,72.6,1071.0,67.78711484593838,23.902894491129786,226.5172735760971
E01004696,11.799999999999999,21.0,31.4,1445.0,21.730103806228374,8.166089965397923,14.53287197231834
E01004697,22.6,21.4,19.0,1343.0,14.147431124348472,16.82799702159345,15.93447505584512
E01004698,25.0,94.4,63.599999999999994,1336.0,47.604790419161674,18.7125748502994,70.65868263473055
E01004699,47.199999999999996,245.4,80.8,1754.0,46.06613454960091,26.909920182440132,139.90877993158495
E01004700,21.0,36.4,32.8,1485.0,22.087542087542086,14.141414141414142,24.511784511784512
E01004701,10.8,15.600000000000001,18.6,1540.0,12.077922077922079,7.012987012987013,10.129870129870131
E01004702,24.0,56.0,99.0,2808.0,35.256410256410255,8.547008547008549,19.943019943019944
E01004703,14.600000000000001,90.6,42.8,1994.0,21.464393179538614,7.32196589769308,45.43630892678034
E01004705,11.0,23.2,12.4,1245.0,9.95983935742972,8.835341365461847,18.63453815261044
E01004706,8.8,20.2,23.8,1475.0,16.135593220338983,5.966101694915254,13.694915254237287
E01004707,10.8,18.8,11.600000000000001,1840.0,6.304347826086958,5.869565217391305,10.217391304347826
E01004708,17.6,19.8,38.0,1540.0,24.675324675324678,11.42857142857143,12.857142857142858
E01004709,10.2,57.8,40.2,1694.0,23.730814639905553,6.021251475796929,34.120425029515935
E01004710,12.6,40.800000000000004,57.0,1953.0,29.185867895545314,6.451612903225806,20.890937019969282
E01004711,13.0,16.8,37.8,2001.0,18.89055472263868,6.4967516241879055,8.395802098950526
E01004712,23.4,321.2,53.400000000000006,1449.0,36.85300207039338,16.149068322981368,221.67011732229122
E01004713,23.2,113.2,35.6,1316.0,27.0516717325228,17.62917933130699,86.01823708206686
E01004714,80.8,2182.2,184.8,1668.0,110.79136690647483,48.44124700239808,1308.2733812949639
E01004715,24.2,303.2,59.8,1805.0,33.13019390581717,13.407202216066482,167.97783933518005
E01004716,11.0,119.2,31.4,1043.0,30.10546500479386,10.546500479386385,114.28571428571428
E01004717,26.0,329.79999999999995,39.0,1262.0,30.903328050713153,20.602218700475436,261.33122028526145
E01004718,10.0,19.4,52.0,1859.0,27.972027972027973,5.3792361484669176,10.435718128025819
E01004719,8.6,13.8,44.8,1824.0,24.56140350877193,4.714912280701754,7.565789473684211
E01004720,16.2,29.4,45.2,2274.0,19.876868953386104,7.124010554089709,12.928759894459102
E01004721,18.2,32.2,75.6,1881.0,40.19138755980861,9.675704412546517,17.118553960659224
E01004722,11.4,24.400000000000002,64.8,2685.0,24.1340782122905,4.245810055865922,9.087523277467412
E01004723,19.2,30.200000000000003,58.0,2234.0,25.962399283795882,8.594449418084153,13.518352730528202
E01004724,16.4,99.6,28.2,1896.0,14.873417721518987,8.649789029535865,52.531645569620245
E01004725,9.4,37.400000000000006,47.199999999999996,1295.0,36.44787644787644,7.258687258687259,28.880308880308885
E01004726,8.6,49.800000000000004,23.2,1688.0,13.744075829383887,5.0947867298578196,29.50236966824645
E01004727,18.0,328.0,55.4,1545.0,35.85760517799352,11.650485436893204,212.29773462783172
E01004728,10.0,17.599999999999998,24.4,1454.0,16.781292984869324,6.87757909215956,12.104539202200822
E01004729,5.6000000000000005,14.4,22.6,1490.0,15.16778523489933,3.758389261744967,9.664429530201343
E01004730,5.2,40.2,19.4,1461.0,13.27857631759069,3.5592060232717317,27.515400410677618
E01004731,41.0,898.6,151.8,2002.0,75.82417582417584,20.47952047952048,448.8511488511489
E01004732,13.8,65.4,104.0,1309.0,79.44996180290298,10.542398777692895,49.96180290297938
E01004733,15.0,553.6,302.4,2102.0,143.86298763082777,7.136060894386299,263.3682207421503
E01004734,110.0,5803.200000000001,1158.6,1691.0,685.1567120047308,65.05026611472502,3431.8154937906565
E01004735,81.4,2402.8,295.0,2027.0,145.5352738036507,40.15786877158362,1185.3971386285152
E01004736,75.4,3046.2,645.2,1466.0,440.10914051841746,51.4324693042292,2077.8990450204637
E01004737,3.4,24.4,22.6,1218.0,18.555008210180624,2.791461412151067,20.03284072249589
E01004740,7.3999999999999995,42.4,49.2,1305.0,37.701149425287355,5.670498084291188,32.490421455938694
E01004741,7.6000000000000005,29.0,25.0,1289.0,19.39487975174554,5.896043444530644,22.498060512024825
E01004742,9.4,27.599999999999998,31.4,1258.0,24.960254372019076,7.472178060413356,21.939586645469
E01004743,4.4,33.6,40.4,1500.0,26.933333333333334,2.9333333333333336,22.4
E01004744,15.0,66.4,65.6,1454.0,45.116918844566705,10.31636863823934,45.66712517193948
E01004746,7.2,13.000000000000002,27.6,1249.0,22.097678142514013,5.764611689351481,10.408326661329065
E01004747,21.6,51.4,54.4,2181.0,24.94268684089867,9.903713892709767,23.56717102246676
E01004748,13.2,233.8,99.6,1218.0,81.77339901477832,10.83743842364532,191.95402298850576
E01004749,34.6,201.6,109.6,2184.0,50.183150183150175,15.842490842490841,92.30769230769229
E01004750,28.599999999999998,497.79999999999995,148.0,1585.0,93.37539432176656,18.044164037854888,314.0694006309148
E01004751,7.6,37.0,32.6,1712.0,19.042056074766354,4.439252336448598,21.61214953271028
E01004752,9.8,20.6,40.4,1362.0,29.662261380323052,7.195301027900148,15.12481644640235
E01004753,8.2,32.8,27.6,1755.0,15.726495726495727,4.6723646723646715,18.689458689458686
E01004754,15.2,21.2,55.2,1878.0,29.392971246006393,8.093716719914802,11.28860489882854
E01004755,25.2,43.4,71.2,2452.0,29.037520391517127,10.277324632952691,17.69983686786297
E01004756,8.6,22.2,42.0,1523.0,27.577150361129352,5.646749835850295,14.576493762311227
E01004757,10.6,27.200000000000003,49.0,1657.0,29.571514785757394,6.397103198551599,16.415208207604106
E01004760,10.600000000000001,30.799999999999997,33.8,1688.0,20.023696682464454,6.279620853080569,18.24644549763033
E01004761,63.0,1002.2,268.2,1205.0,222.57261410788382,52.28215767634855,831.701244813278
E01004762,43.4,1207.0,142.79999999999998,1549.0,92.18850871530019,28.01807617817947,779.2123950936087
E01004763,124.4,7016.4,746.8,2016.0,370.4365079365079,61.70634920634921,3480.3571428571427
E01004765,85.4,1366.1999999999998,190.6,1869.0,101.9796682718031,45.69288389513109,730.9791332263242
E01032512,20.6,50.2,115.0,2386.0,48.19782062028499,8.633696563285834,21.03939647946354
E01032513,9.4,28.6,54.0,1234.0,43.76012965964344,7.6175040518638575,23.176661264181526
E01032562,4.6000000000000005,9.4,54.0,1616.0,33.415841584158414,2.846534653465347,5.816831683168317
E01032563,5.2,5.800000000000001,10.6,1450.0,7.310344827586207,3.586206896551724,4.0
E01032564,5.4,9.200000000000001,46.8,1302.0,35.94470046082949,4.147465437788019,7.066052227342551
E01032565,4.6,14.0,42.0,1451.0,28.945554789800138,3.1702274293590627,9.648518263266713
E01032566,7.800000000000001,9.200000000000001,53.6,1886.0,28.419936373276776,4.135737009544009,4.878048780487806
E01032567,4.0,13.6,34.2,1588.0,21.536523929471034,2.5188916876574305,8.564231738035264
E01032568,5.4,101.8,56.0,1525.0,36.721311475409834,3.5409836065573774,66.75409836065575
E01032569,5.6000000000000005,16.599999999999998,65.0,1790.0,36.312849162011176,3.128491620111732,9.273743016759775
E01032570,7.6000000000000005,53.400000000000006,31.2,1736.0,17.972350230414747,4.377880184331798,30.760368663594473
E01032572,6.6,42.8,23.0,1608.0,14.303482587064677,4.104477611940299,26.616915422885572
E01032573,27.799999999999997,218.8,52.0,1802.0,28.85682574916759,15.427302996670365,121.4206437291898
E01032574,16.8,70.6,178.2,2072.0,86.00386100386099,8.108108108108109,34.07335907335907
E01032575,14.0,28.4,71.8,2135.0,33.62997658079625,6.557377049180328,13.302107728337237
E01032576,4.199999999999999,3.6,13.600000000000001,1679.0,8.100059559261467,2.5014889815366286,2.144133412745682
E01032577,5.0,6.0,20.6,1784.0,11.547085201793722,2.802690582959641,3.36322869955157
E01032579,24.6,67.8,98.8,2157.0,45.80435790449699,11.404728789986093,31.432545201668987
E01032580,9.0,32.199999999999996,61.2,1546.0,39.58602846054334,5.821474773609315,20.82794307891332
E01032581,9.6,21.2,67.8,1930.0,35.129533678756474,4.974093264248705,10.984455958549223
E01032582,39.6,968.0,192.0,2283.0,84.09986859395532,17.345597897503286,424.0035041611914
E01032583,33.6,268.79999999999995,66.0,2050.0,32.19512195121951,16.390243902439025,131.12195121951217
E01032584,11.0,81.6,57.4,1348.0,42.581602373887236,8.160237388724036,60.53412462908012
E01032623,10.0,4.6000000000000005,17.0,1798.0,9.454949944382648,5.561735261401558,2.5583982202447166
E01032637,6.4,19.2,6.6000000000000005,1048.0,6.297709923664123,6.106870229007633,18.320610687022903
E01032638,6.8,11.799999999999999,8.0,1102.0,7.259528130671506,6.17059891107078,10.707803992740471
E01032639,18.8,167.0,124.0,1915.0,64.75195822454307,9.817232375979113,87.20626631853786
E01032640,10.8,76.4,15.2,1035.0,14.68599033816425,10.434782608695652,73.81642512077295
E01032646,27.0,144.8,42.2,1515.0,27.854785478547857,17.82178217821782,95.57755775577559
E01032719,9.200000000000001,53.400000000000006,43.0,1445.0,29.75778546712803,6.366782006920416,36.95501730103807
E01032741,24.0,589.0,189.4,1468.0,129.01907356948232,16.34877384196185,401.22615803814716
E01032742,3.6,70.0,60.800000000000004,1767.0,34.40860215053763,2.0373514431239386,39.61516694963215
E01032743,6.4,7.999999999999999,51.0,2281.0,22.35861464270057,2.8057869355545817,3.5072336694432265
E01032744,8.4,42.0,71.8,1612.0,44.5409429280397,5.210918114143921,26.054590570719604
E01032764,47.8,87.0,92.4,2361.0,39.135959339263025,20.24565861922914,36.84879288437103
E01032765,11.0,17.8,56.0,1754.0,31.92702394526796,6.271379703534778,10.148232611174459
E01032767,26.2,115.8,59.0,1564.0,37.723785166240404,16.751918158567776,74.04092071611252
E01032768,11.6,22.4,18.6,1321.0,14.080242240726722,8.78122634367903,16.95685087055261
E01032769,15.8,56.4,62.2,1339.0,46.45257654966393,11.799850634802091,42.120985810306195
E01032770,10.4,32.4,42.4,2127.0,19.93417959567466,4.889515749882464,15.232722143864597
E01032771,33.800000000000004,462.4,193.2,1546.0,124.96765847347994,21.862871927554984,299.0944372574386
E01032772,13.8,27.2,58.8,2407.0,24.428749480681343,5.733277939343582,11.300373909430826
E01032774,15.2,30.8,44.0,1803.0,24.403771491957848,8.430393788130893,17.082640044370493
E01032775,0.8,4.2,8.2,1187.0,6.908171861836562,0.6739679865206403,3.5383319292333617
E01032776,9.6,21.6,36.8,2067.0,17.803580067731012,4.644412191582003,10.449927431059507
E01032777,8.399999999999999,36.0,36.2,1278.0,28.32550860719875,6.572769953051642,28.169014084507044
E01032779,3.0,9.799999999999999,29.4,1405.0,20.92526690391459,2.135231316725979,6.975088967971529
E01032780,19.6,60.2,73.8,2058.0,35.860058309037896,9.523809523809526,29.251700680272112
E01032781,5.8,14.6,29.2,1689.0,17.288336293664887,3.433984606275903,8.644168146832444
E01032782,20.2,44.6,97.8,2248.0,43.505338078291814,8.98576512455516,19.839857651245552
E01032783,5.8,13.200000000000001,30.8,1308.0,23.547400611620795,4.434250764525993,10.091743119266056
E01032784,9.0,18.8,37.0,1709.0,21.650087770626097,5.26623756582797,11.000585137507315
E01032785,17.6,17.0,33.2,2516.0,13.195548489666137,6.99523052464229,6.756756756756757
E01032786,9.200000000000001,18.8,43.6,1614.0,27.013630731102854,5.700123915737299,11.648079306071871
E01032787,12.799999999999999,22.2,60.0,2452.0,24.469820554649267,5.2202283849918425,9.053833605220229
E01032788,9.4,27.0,36.8,1585.0,23.217665615141954,5.930599369085174,17.034700315457414
E01032789,3.6,12.2,29.8,1202.0,24.79201331114809,2.9950083194675545,10.149750415973376
E01032790,6.0,9.6,19.2,1130.0,16.991150442477874,5.3097345132743365,8.495575221238937
E01032803,23.2,47.8,20.8,1506.0,13.811420982735724,15.405046480743692,31.739707835325362
E01032834,18.2,66.8,9.8,1025.0,9.560975609756099,17.756097560975608,65.17073170731707
E01033000,2.2,12.8,54.0,1752.0,30.821917808219176,1.2557077625570778,7.305936073059361
E01033030,13.6,177.0,121.2,1852.0,65.44276457883369,7.34341252699784,95.57235421166305
E01033081,23.2,22.4,34.4,1595.0,21.567398119122256,14.545454545454545,14.043887147335424
E01033082,7.2,22.4,45.0,1261.0,35.68596352101507,5.709754163362411,17.763679619349723
E01033083,30.8,831.4,239.2,2217.0,107.89354984212899,13.892647722147046,375.01127649977445
E01033084,12.0,57.4,96.0,1976.0,48.582995951417004,6.0728744939271255,29.048582995951413
E01033086,5.6,9.0,27.0,1190.0,22.6890756302521,4.705882352941176,7.563025210084033
E01033098,24.2,91.6,40.4,1709.0,23.63955529549444,14.160327677004096,53.598595669982444
E01033099,15.8,21.0,35.6,1886.0,18.875927889713683,8.377518557794275,11.134676564156946
E01033100,18.8,56.2,55.6,1869.0,29.74852862493312,10.058855002675228,30.069555912252543
E01033132,14.8,161.2,70.4,2037.0,34.56062837506137,7.265586647029946,79.13598429062347
E01033133,4.8,7.2,19.8,1194.0,16.582914572864322,4.0201005025125625,6.030150753768844
E01033135,2.4000000000000004,10.2,7.8,1188.0,6.565656565656566,2.0202020202020208,8.585858585858585
E01033146,8.2,15.2,45.4,1538.0,29.51885565669701,5.331599479843953,9.88296488946684
E01033148,13.4,13.0,55.4,2215.0,25.011286681715575,6.049661399548532,5.8690744920993225
E01033150,7.6,13.0,55.6,1690.0,32.89940828402367,4.497041420118343,7.6923076923076925
E01033151,10.600000000000001,17.400000000000002,44.800000000000004,1451.0,30.875258442453482,7.305306685044798,11.99172984148863
E01033208,8.6,108.80000000000001,38.6,1709.0,22.58630778232885,5.032182562902282,63.66296079578701
E01033320,10.4,11.6,36.2,1569.0,23.07202039515615,6.6284257488846405,7.393244104525175
E01033322,7.3999999999999995,11.2,28.6,1257.0,22.752585521081944,5.8870326173428795,8.910103420843278
E01033324,5.4,21.8,42.2,1539.0,27.42040285899935,3.5087719298245617,14.165042235217674
E01033325,7.4,11.399999999999999,20.8,1367.0,15.215801024140454,5.4133138258961235,8.339429407461592
E01033327,28.4,419.4,245.20000000000002,2205.0,111.20181405895691,12.879818594104307,190.20408163265304
E01033341,12.0,31.6,51.2,1324.0,38.670694864048336,9.06344410876133,23.867069486404834
E01033455,11.0,40.0,89.8,1144.0,78.4965034965035,9.615384615384617,34.96503496503497
E01033456,11.2,25.8,72.8,2624.0,27.743902439024392,4.268292682926829,9.832317073170731
E01033457,5.800000000000001,51.599999999999994,49.400000000000006,1982.0,24.92431886982846,2.926337033299698,26.0343087790111
E01033463,9.399999999999999,8.6,43.0,3155.0,13.629160063391442,2.9793977812995243,2.7258320126782882
E01033485,11.4,48.4,81.2,1638.0,49.572649572649574,6.95970695970696,29.548229548229546
E01033486,7.4,27.0,35.4,1034.0,34.23597678916828,7.156673114119923,26.11218568665377
E01033487,6.8,8.8,6.4,1199.0,5.337781484570476,5.671392827356129,7.339449541284404
E01033488,11.6,91.4,48.0,1644.0,29.197080291970803,7.0559610705596105,55.59610705596108
E01033489,32.4,129.2,43.0,1460.0,29.45205479452055,22.191780821917806,88.49315068493149
E01033490,24.400000000000002,105.0,40.8,1399.0,29.163688348820585,17.441029306647607,75.05360972122945
E01033491,17.400000000000002,146.0,135.0,1932.0,69.87577639751552,9.006211180124225,75.56935817805382
E01033493,4.8,10.4,7.0,1313.0,5.331302361005331,3.655750190403656,7.920792079207921
E01033494,10.4,24.799999999999997,22.8,1534.0,14.863102998696219,6.779661016949152,16.166883963494133
E01033569,10.4,80.0,58.0,1817.0,31.920748486516235,5.723720418271877,44.02861860209136
E01033570,14.6,71.8,26.2,1904.0,13.760504201680671,7.668067226890756,37.71008403361344
E01033571,7.6000000000000005,10.999999999999998,27.4,1496.0,18.31550802139037,5.080213903743315,7.352941176470587
E01033579,11.6,56.2,43.8,1887.0,23.211446740858502,6.147323794382618,29.78272390037096
E01033580,8.8,15.4,15.4,1412.0,10.906515580736544,6.23229461756374,10.906515580736544
E01033581,3.2,39.0,56.599999999999994,1923.0,29.43317732709308,1.6640665626625064,20.2808112324493
E01033582,6.6,8.0,23.4,1449.0,16.149068322981368,4.554865424430641,5.521048999309869
E01033584,4.6,15.400000000000002,26.799999999999997,1703.0,15.736934820904287,2.7011156782149146,9.042865531415151
E01033586,15.2,37.2,46.2,2103.0,21.968616262482172,7.2277698525915355,17.68901569186876
E01033587,26.6,98.0,173.0,2456.0,70.43973941368078,10.830618892508143,39.90228013029316
E01033589,15.399999999999999,123.6,170.6,1954.0,87.3080859774821,7.881269191402252,63.25486182190379
E01033590,2.4,4.8,30.2,1250.0,24.16,1.92,3.84
E01033591,23.2,84.8,122.19999999999999,2977.0,41.04803493449781,7.793080282163251,28.485052065838094
E01033592,6.0,6.2,32.2,1985.0,16.221662468513856,3.022670025188917,3.123425692695214
E01033593,18.8,130.0,68.6,1732.0,39.607390300230946,10.854503464203233,75.05773672055427
E01033594,60.8,446.2,242.8,1500.0,161.86666666666667,40.53333333333333,297.46666666666664
E01033597,6.4,20.8,30.8,1006.0,30.61630218687873,6.361829025844931,20.675944333996025
E01033598,9.2,128.2,42.4,1366.0,31.03953147877013,6.734992679355783,93.8506588579795
E01033599,3.4,15.0,28.0,1301.0,21.521906225980015,2.6133743274404306,11.529592621060722
E01033601,13.600000000000001,26.8,43.2,1981.0,21.807168096920748,6.865219586067644,13.52852094901565
E01033602,14.0,39.0,51.4,1527.0,33.66077275703995,9.1683038637852,25.540275049115913
E01033603,16.8,36.800000000000004,72.8,1266.0,57.50394944707741,13.270142180094787,29.06793048973144
E01033604,17.0,139.4,113.19999999999999,1181.0,95.85097375105842,14.39458086367485,118.03556308213379
E01033605,20.8,38.6,56.2,1640.0,34.268292682926834,12.682926829268293,23.536585365853657
E01033699,37.2,430.6,192.2,1413.0,136.02264685067232,26.326963906581742,304.7416843595188
E01033700,38.4,240.2,87.0,2491.0,34.92573263749498,15.41549578482537,96.42713769570453
E01033702,16.6,34.0,37.0,1451.0,25.499655410062026,11.440385940730533,23.43211578221916
E01033703,14.6,50.8,41.2,1411.0,29.199149539333806,10.347271438695959,36.00283486888731
E01033704,57.6,267.6,92.4,2344.0,39.419795221843,24.573378839590447,114.16382252559728
E01033705,16.0,43.6,48.400000000000006,1434.0,33.75174337517434,11.15760111576011,30.404463040446306
E01033706,35.4,464.79999999999995,191.8,1447.0,132.55010366275053,24.464409122322046,321.2163096060815
E01033708,91.39999999999999,1009.8,325.6,1869.0,174.2108079186731,48.9031567683253,540.2889245585875
E01033709,18.200000000000003,52.8,54.2,1831.0,29.601310759148006,9.939923539049701,28.83670125614418
E01033710,7.4,9.4,11.4,1131.0,10.079575596816976,6.542882404951371,8.311229000884174
E01033711,26.8,183.8,32.8,1912.0,17.15481171548117,14.01673640167364,96.1297071129707
E01033712,33.0,211.2,71.0,1543.0,46.01425793907971,21.38690861957226,136.87621516526247
E01033713,15.8,64.8,46.8,1323.0,35.37414965986394,11.942554799697659,48.97959183673469
E01033727,12.6,134.8,67.8,2711.0,25.0092216894135,4.647731464404279,49.72334931759499
E01033728,9.8,23.4,22.4,1763.0,12.705615428247306,5.558706749858197,13.272830402722631
E01033729,7.6,23.6,80.4,2478.0,32.445520581113804,3.066989507667474,9.523809523809526
E01033732,6.8,10.2,23.0,1067.0,21.555763823805062,6.373008434864105,9.559512652296156
E01033734,4.6,8.8,26.6,1465.0,18.15699658703072,3.139931740614334,6.006825938566553
E01033735,11.0,198.79999999999998,138.8,1262.0,109.98415213946119,8.716323296354993,157.52773375594293
E01033736,21.599999999999998,20.6,28.200000000000003,2244.0,12.566844919786098,9.62566844919786,9.180035650623886
E01033737,27.0,216.79999999999998,160.8,1934.0,83.14374353671148,13.960703205791106,112.09927611168561
E01033738,13.799999999999999,74.8,66.6,1861.0,35.78721117678667,7.415368081676517,40.19344438473939
E01033739,7.0,8.8,38.4,1726.0,22.24797219003476,4.055619930475086,5.098493626882966
E01033740,5.4,9.6,43.4,1634.0,26.560587515299876,3.3047735618115057,5.875152998776009
E01033741,9.4,22.6,115.0,2698.0,42.62416604892513,3.4840622683469236,8.3765752409192
E01033742,4.2,6.0,20.8,1341.0,15.510812826249069,3.131991051454139,4.47427293064877
E01033743,5.3999999999999995,175.79999999999998,67.6,1941.0,34.82740855229263,2.782071097372488,90.57187017001544
E01033744,8.8,9.0,52.8,1803.0,29.284525790349416,4.880754298391571,4.9916805324459235
E01033745,4.6,17.4,47.199999999999996,1783.0,26.472237801458213,2.5799214806505884,9.758833426808748
E01033746,7.2,15.2,20.0,1471.0,13.596193065941536,4.894629503738954,10.333106730115567
