LSOA11CD,betweenness
E01000001,0.005039551723079165
E01000002,0.0018556455153794556
E01000003,0.0006920331180532488
E01000005,0.006597594842536169
E01000006,0.008735158548607489
E01000007,0.0299133818114703
E01000008,0.03486392843256005
E01000009,0.03436675703483157
E01000010,0.024807494079070583
E01000011,0.0070234723097504625
E01000012,0.014778101333352238
E01000013,0.01700726392251816
E01000014,0.006813061793094298
E01000015,0.0023427192345296644
E01000016,0.004845395003266721
E01000017,0.006630270900319658
E01000018,0.0007964455326424214
E01000019,0.0006211227057700418
E01000020,0.0004883792246452539
E01000021,0.008698857473698229
E01000022,0.001267049967616976
E01000023,0.014884467068946099
E01000024,0.006199185821530842
E01000025,0.00632814535265807
E01000027,0.025163036615323195
E01000028,0.0017734099988644693
E01000029,0.00444787504068034
E01000030,0.006474805513932467
E01000031,0.016127823740306562
E01000032,0.013166137992674508
E01000033,0.0008809775645159903
E01000034,0.0022431183064218763
E01000035,0.009151247051922818
E01000036,0.0026852815631083567
E01000037,0.001069245583186804
E01000038,0.0022098490557420475
E01000039,0.002610251005198936
E01000040,0.019258988401742425
E01000041,0.013618492560396359
E01000042,0.01105404872969303
E01000043,0.03554465481375164
E01000044,0.00898317158114697
E01000045,0.06255438605939914
E01000046,0.008098015752531657
E01000048,0.005998033297368169
E01000049,0.01056673632071821
E01000050,0.025518686204198164
E01000051,0.02801589144287078
E01000052,0.0117725801680838
E01000053,0.027233796956193393
E01000054,0.00634901655112939
E01000055,0.008313332669961414
E01000056,0.009967333032455658
E01000057,0.0270201185961576
E01000058,0.013416363151677756
E01000059,0.00427954939186655
E01000060,0.0016469967006029656
E01000061,0.006577212470532099
E01000062,0.004041383821323123
E01000063,0.00029722669436624163
E01000064,0.0034527760624944383
E01000065,0.005307091726908895
E01000066,0.007759860145590626
E01000067,0.01006684393566391
E01000068,0.031239364909224892
E01000069,0.00899219036194309
E01000070,0.02098072514355173
E01000071,0.017561663122055204
E01000072,0.014355927650837442
E01000073,0.006796286425308293
E01000074,0.008835862355017219
E01000075,0.01479270075740937
E01000076,0.0038741090652676443
E01000077,0.006752563362906989
E01000078,0.010531629091183306
E01000079,0.011917961815291743
E01000080,0.00934017410497559
E01000081,0.009897059754733309
E01000082,0.004368324745066771
E01000083,0.014534956014756338
E01000084,0.014911110173009407
E01000085,0.004021692261766559
E01000086,0.007543186788817932
E01000087,0.02538651203089695
E01000088,0.006332761222627951
E01000089,0.00035303916474104544
E01000090,0.012656489582937906
E01000091,0.005041493913562639
E01000092,0.009381645086568568
E01000093,0.01108668168752473
E01000094,0.010043643794458877
E01000095,0.013693993601044424
E01000096,0.031046814022342228
E01000097,0.01559242114328776
E01000098,0.003323358769690008
E01000099,0.005013046846513389
E01000100,0.003374451412821718
E01000101,0.005312297241685239
E01000102,0.0003387791652126766
E01000103,0.008307276656475635
E01000104,0.015917835182036745
E01000105,0.014780694323299384
E01000106,0.010133310617870636
E01000107,0.0006935152767656613
E01000108,0.0031941185263874355
E01000109,0.007320270007651576
E01000110,0.010840793770409446
E01000111,0.02129534978648581
E01000112,0.03325935457574422
E01000113,0.024971656063978317
E01000114,0.01135417022342418
E01000115,0.015527640045165417
E01000116,0.015407748967732688
E01000117,0.005379401297446573
E01000118,0.010473035481062253
E01000119,0.002730892196343056
E01000120,0.013806926591899743
E01000121,0.000473251279780223
E01000122,0.00042161171479409827
E01000123,0.0002169639792770628
E01000124,0.0051291420251907355
E01000125,0.005513833376964733
E01000126,0.0014072082407208242
E01000127,0.004690148419014843
E01000128,0.00822096076045224
E01000129,0.024542132213663397
E01000130,0.0038254538360337556
E01000131,0.012408490255412134
E01000132,0.0047282794545198655
E01000133,0.0042162807833302065
E01000134,0.012527256809185011
E01000135,0.005227803714699077
E01000136,0.0031818194988368583
E01000137,0.003470829716033093
E01000138,0.004398580852091252
E01000139,0.002516978001147989
E01000140,0.006290467788592464
E01000141,0.003001477643480776
E01000142,0.0012483754580587974
E01000143,0.0009248048055590714
E01000144,0.01428125233681642
E01000145,0.006452647080045391
E01000146,0.005796790961996762
E01000147,0.007260252157604164
E01000148,0.014169493390379291
E01000150,0.009953352964300813
E01000151,0.0009440192123794495
E01000152,0.001033014118926412
E01000153,0.0018236864814757912
E01000154,0.0026517816124003836
E01000155,0.009203723015309011
E01000156,0.02006532914186849
E01000157,0.0015395004074973376
E01000158,0.009527621265917505
E01000159,0.0037860682534345317
E01000160,0.005907684892274863
E01000161,0.01590424619920506
E01000162,0.02056429699277191
E01000163,0.004124939419452083
E01000164,0.015976732559885746
E01000165,0.006374620222157622
E01000166,0.004539827146079867
E01000167,0.003132328499580283
E01000168,0.007861940973418531
E01000169,0.003528751269772166
E01000170,0.01821504340885717
E01000171,0.0210127072922537
E01000172,0.029258324322046985
E01000173,0.05031530413457653
E01000174,0.04813231421095962
E01000175,0.006906900010576037
E01000176,0.006351028875671527
E01000177,0.01503953655391676
E01000178,0.020311894036066067
E01000179,0.0018339912781669262
E01000180,0.007173272191979023
E01000181,0.031512270453176054
E01000182,0.020749806695186026
E01000183,0.010922686461120035
E01000184,0.012869947412225413
E01000185,0.016471870369863743
E01000186,0.0031675384116905503
E01000187,0.0015610764561076458
E01000188,0.013705015449643435
E01000189,0.0033423591363409334
E01000190,0.006432349375793078
E01000191,0.003316864972134455
E01000192,0.011482480820248083
E01000193,0.009362833534549251
E01000194,0.02436923230277689
E01000195,0.0035561729052635714
E01000196,0.016254892615636115
E01000197,0.01520577513430545
E01000198,0.004740254181076708
E01000199,0.0024098739418415907
E01000200,0.010681540298194174
E01000201,0.007307551136174047
E01000202,0.006019298592717286
E01000203,0.011309202936517307
E01000204,0.007429844054570338
E01000205,0.01570884251333215
E01000206,0.011240131913224777
E01000207,0.016556373007076207
E01000208,0.02620367700699147
E01000209,0.006531299177500252
E01000210,0.02062313318361546
E01000211,0.017959459854072442
E01000212,0.007952256975926131
E01000213,0.00813943775725915
E01000214,0.006203940118464293
E01000215,0.014324078381340779
E01000216,0.005174144640508516
E01000217,0.0049568380252874925
E01000218,0.003750116430853192
E01000219,0.007900066403341493
E01000220,0.002621851670969092
E01000221,0.005301148154980097
E01000222,0.002079686669815219
E01000223,0.0019982717742271605
E01000224,0.0007206527744069315
E01000225,0.01073596361079791
E01000226,0.003007188626047622
E01000227,0.005271125086323035
E01000228,0.005862894048817908
E01000229,0.0010954608774032307
E01000230,0.0037301729563506292
E01000231,0.0010835481027285075
E01000232,0.0032984669529622732
E01000233,0.00353687092125466
E01000234,0.002946398462381782
E01000235,0.01026331295207387
E01000236,0.012068209655903214
E01000237,0.004483026700439229
E01000238,0.01415542369694994
E01000239,0.005067843443907234
E01000240,0.0023071615115521065
E01000241,0.00037077424116937975
E01000242,0.005529563667864518
E01000243,0.005933251400916089
E01000244,0.0023040209061631635
E01000245,0.00270910966973565
E01000246,0.013504062779725299
E01000247,0.015395512225725544
E01000248,0.016412580574515168
E01000249,0.005084249642390695
E01000250,0.025896005659555937
E01000251,0.02291283608603969
E01000252,0.003947757945145842
E01000253,0.010243131035016511
E01000254,0.02134242591861535
E01000255,0.0005554688063828406
E01000256,0.001868530233645164
E01000257,0.003270823402322469
E01000258,0.0014454189259951687
E01000259,0.0018789975606303612
E01000260,0.0018774344332398603
E01000261,0.0015645272598032382
E01000262,0.002366788829031357
E01000263,0.0009500018499208429
E01000264,0.0040945952820103685
E01000265,0.0013336152893297394
E01000266,0.0012658282664981884
E01000267,0.0145343917558763
E01000268,0.05482429059355484
E01000269,0.010880871570902043
E01000270,0.02064205914087338
E01000271,0.00559817354359148
E01000272,0.00796263759177342
E01000273,0.012723427044612377
E01000274,0.005467434100107151
E01000275,0.003915987151640884
E01000276,0.0022452278868178633
E01000277,0.0012830272270026684
E01000278,0.0025837389573453735
E01000279,0.0063633543335779395
E01000280,0.0053318963078837775
E01000281,0.0051668395024286684
E01000282,0.010492343118223882
E01000283,0.00265019061129084
E01000284,0.0021164654478612248
E01000285,0.008002465224797223
E01000286,0.00327507354633639
E01000287,0.006084778726811814
E01000288,0.027039265160283293
E01000289,0.005678632285317805
E01000290,0.009433098841472
E01000291,0.0032581786066791397
E01000292,0.011028390168264984
E01000293,0.011360702314664003
E01000294,0.007282665255107889
E01000295,0.001910497181929623
E01000296,0.01129648823931249
E01000297,0.0059743893865152504
E01000298,0.010422878051427551
E01000299,0.007008762086347466
E01000300,0.0047338298177922004
E01000301,0.006777236620291109
E01000302,0.006782808334884903
E01000303,0.0031206242539281027
E01000304,0.004960268183400477
E01000305,0.014599182874016901
E01000306,0.0011717374505070784
E01000307,0.0016936007430740888
E01000308,0.006941913159741555
E01000309,0.005338927478176859
E01000310,0.0024544810347762133
E01000311,0.0050976591172802775
E01000312,0.001435458867683818
E01000313,0.016124299223189417
E01000314,0.0003556163169271196
E01000315,0.00898014981458475
E01000316,0.012674555699841283
E01000317,0.012428099848475904
E01000318,0.012962142705833735
E01000319,0.002520139108780705
E01000320,0.003977570779182445
E01000321,0.0028838229484076344
E01000322,0.002791993118163494
E01000323,0.009166144400495896
E01000324,0.018506159147410106
E01000325,0.01308242207248407
E01000326,0.013285290346109504
E01000327,0.01894038108027658
E01000328,0.006428831641009891
E01000329,0.01745882109643838
E01000330,0.022426850795998945
E01000331,0.014070745962090082
E01000332,0.003561924282876659
E01000333,0.008577757775560475
E01000334,0.003402278783159527
E01000335,0.0003566435691709215
E01000336,0.00031502677563946714
E01000337,0.0005453226924489554
E01000338,0.0012028666060970564
E01000339,0.007834334689296158
E01000340,0.012494068241811677
E01000341,0.0031519349309605455
E01000342,0.004027561073584288
E01000343,0.019550451820862146
E01000344,0.019074961931428564
E01000345,0.014894776556521772
E01000346,0.019857190806263927
E01000347,0.016004068573438657
E01000348,0.014029728674559091
E01000349,0.012094669127089305
E01000350,0.011345264937091296
E01000351,0.011568996706947426
E01000352,0.018717388015490763
E01000353,0.012010303286712935
E01000354,0.019158909835605677
E01000355,0.011212343215915105
E01000356,0.02301369911844233
E01000357,0.004200619985412109
E01000358,0.01458219949877499
E01000359,0.02612425632508151
E01000360,0.020989292102899654
E01000361,0.014979108540377688
E01000362,0.011397325480111768
E01000363,0.01152145299662417
E01000364,0.008343802914318797
E01000365,0.011418471918307804
E01000366,0.00919490241157225
E01000367,0.004393928278992039
E01000368,0.0024412847309410787
E01000369,0.007055164724550765
E01000370,0.01003402309136638
E01000371,0.004102200629826451
E01000372,0.000898459772489129
E01000373,0.0026488233381012373
E01000374,0.002862571687163755
E01000375,0.0021329726882243294
E01000376,0.0019211113314832374
E01000377,0.013298385656231858
E01000378,0.018751418412247388
E01000379,0.01034528522026753
E01000380,0.008501831809473654
E01000381,0.002202944577107124
E01000382,0.005252481258654146
E01000383,0.009953664061661467
E01000384,0.0009229814398833384
E01000385,0.007511635835712924
E01000386,0.009095856925946517
E01000387,0.005560603253892823
E01000388,0.02043802847340411
E01000389,0.024002359946674975
E01000390,0.013852377493078594
E01000391,0.018825703982963217
E01000392,0.020970402353744803
E01000393,0.022809809842294176
E01000394,0.010268327208288916
E01000395,0.0085276641402129
E01000396,0.020386521403290652
E01000398,0.011590495583110464
E01000399,0.006662178578399647
E01000400,0.03634700702625575
E01000401,0.00960936941333791
E01000402,0.00421485383677797
E01000403,0.006277818217919043
E01000404,0.002877038151848295
E01000405,0.0009141930767367557
E01000406,0.004838971364012517
E01000407,0.006359632567469001
E01000408,0.00013840407303208178
E01000409,0.03362820960052432
E01000410,0.0004025164113785558
E01000411,0.0050498265112273195
E01000412,0.008425559440892818
E01000413,0.013784153340402536
E01000414,0.025631852946742514
E01000415,0.012490333388784386
E01000416,0.0
E01000417,0.00423589503361007
E01000418,7.45971752536304e-05
E01000419,0.007277930791373642
E01000420,0.008098034365799818
E01000421,0.0057172980088807
E01000422,0.0
E01000423,0.002691119600915822
E01000424,0.004207197695076633
E01000425,0.0029290281685248865
E01000426,0.0022513853432206826
E01000427,0.0027130866422835475
E01000428,0.004223092477663903
E01000429,0.0015080647835024204
E01000430,0.00015195720884998785
E01000431,0.0016449857637444668
E01000432,0.0012078767293828853
E01000433,0.0026847756243270466
E01000434,0.00037594236391827403
E01000435,0.004499573049261586
E01000436,0.0058774351142718215
E01000437,0.00523786790528676
E01000438,0.003413257759948132
E01000439,0.007763780830429263
E01000440,0.010225736105750694
E01000441,0.005407334364706593
E01000442,0.011570965282843017
E01000443,0.018187209959936154
E01000444,0.0169982049001054
E01000445,0.015671937826132864
E01000446,0.008666039421076804
E01000447,0.028547321074385453
E01000448,0.021086276644642857
E01000449,0.009134855655495742
E01000450,0.009670662611013882
E01000451,0.008984593713494455
E01000452,0.006948412698412699
E01000453,0.00933474383073845
E01000454,0.01724167799224412
E01000455,0.008526612308289827
E01000456,0.004575032959753461
E01000457,0.0032984616508517023
E01000458,0.004818388662879294
E01000459,0.002241935453599244
E01000460,0.0032292409568576604
E01000461,0.023854720536834986
E01000462,0.018465072440728897
E01000463,0.005771053115345158
E01000464,0.0
E01000465,0.0
E01000466,0.0
E01000467,0.0
E01000468,0.0
E01000469,0.0
E01000470,0.0
E01000471,0.0015606723134472882
E01000472,0.017954867217040333
E01000473,0.016455999619470862
E01000474,0.000590256690730576
E01000475,0.019745001078906522
E01000476,0.003992828599339832
E01000477,0.004756022879130851
E01000478,0.005643034456904744
E01000479,0.011496439270761941
E01000480,0.006717127453627639
E01000481,0.01360935422716097
E01000482,0.011511631124847323
E01000483,0.007686818142366025
E01000484,0.0058422276687298096
E01000485,0.006407041774425108
E01000486,0.002488047909643952
E01000487,0.01715262276379849
E01000488,0.0003740974597506757
E01000489,0.0004946326831390391
E01000490,0.0033408972329884616
E01000491,0.0016946859619416065
E01000492,0.0007085029971180678
E01000493,0.0004160890540741403
E01000494,0.001370150732192359
E01000495,0.00262796448252084
E01000497,0.0012344549740720924
E01000498,0.0023586482158648218
E01000499,0.003624321691700462
E01000501,0.0005165333698351552
E01000502,0.002201558678489201
E01000503,0.0005235623883312903
E01000504,0.000254036199139572
E01000505,0.00014388225812953873
E01000506,0.004177827722227318
E01000507,0.0005353218118668974
E01000508,0.003058520036347219
E01000509,0.0008027515314946654
E01000510,0.0025232060746149796
E01000511,0.0029247812131109763
E01000512,0.0037946365776840045
E01000513,0.004587664432792418
E01000514,0.013155748961728742
E01000515,0.025608603149875467
E01000516,0.00960147979563185
E01000517,0.00425887911067052
E01000518,0.015484522381416023
E01000519,0.009388948966292159
E01000520,0.007329174732917474
E01000521,0.01261983210796415
E01000522,0.0029501880561416385
E01000523,0.004388504624697702
E01000524,0.00948951302799301
E01000525,0.014329033584720085
E01000526,0.003221917556891224
E01000527,0.0024813870287129624
E01000528,0.0037382296281506825
E01000530,0.0004405611719802087
E01000531,0.0036347828144209855
E01000532,0.001760482136965537
E01000533,0.010552058144329735
E01000534,0.0007620150619646078
E01000535,0.004617845952454138
E01000536,0.02665777137301905
E01000538,0.005561003198066197
E01000539,0.013516309190916634
E01000540,0.011476855123875989
E01000541,0.038526137410306055
E01000543,0.02792265398049741
E01000544,0.0030673262823169294
E01000545,0.005948259797331751
E01000546,0.003079739428614642
E01000547,0.002444613283838975
E01000548,0.008000113829630524
E01000549,0.0008986154634205136
E01000550,0.004047454667501824
E01000551,0.002085439886325432
E01000552,0.005325301018816124
E01000553,0.002128879554806825
E01000554,0.0004396590547168192
E01000555,0.000180246897798351
E01000556,0.0004414459387060074
E01000557,0.0005621110199053724
E01000558,0.001790910871399301
E01000559,0.00041222799588021963
E01000560,0.0007880117586650399
E01000561,0.0044778176244653104
E01000562,0.01091316325019483
E01000563,0.014166630563907311
E01000564,0.015991150826840096
E01000565,0.006025157084223026
E01000566,0.0006227326683338729
E01000567,0.003049402036498208
E01000568,0.03690387652209497
E01000569,0.00041571750542717225
E01000570,0.007396466819192136
E01000571,0.00416126476921575
E01000572,0.003854699935469994
E01000573,0.0029990858249085827
E01000574,0.0019350725160967835
E01000575,0.005475447692372355
E01000576,0.013064284392951566
E01000577,0.005179676958876786
E01000578,0.010929923814146229
E01000579,0.0008477768626768266
E01000580,0.0035688004873662966
E01000581,0.0019183062201832905
E01000582,0.002100300883279671
E01000583,0.003945832260026264
E01000584,0.00027038649380865793
E01000585,0.0002659549583552711
E01000586,0.0041366596455785325
E01000587,0.00937417214794353
E01000588,0.012123822628412797
E01000589,0.01681717050778596
E01000590,0.009653160942060281
E01000591,0.028879262108514447
E01000592,0.010413831167756744
E01000593,0.009685236862017449
E01000594,0.016897878992604802
E01000595,0.013463447361025565
E01000596,0.009819912472016705
E01000599,0.011343267161403586
E01000600,0.012011957831453547
E01000601,0.004416698985760011
E01000602,0.007708564963459011
E01000603,0.005445433140690457
E01000604,0.005069277902274875
E01000605,0.010115348860590123
E01000606,0.0025295431610037667
E01000607,0.0001583867508510194
E01000608,0.0067034394057857325
E01000609,0.000633548138137192
E01000610,0.00529754946275319
E01000611,0.008776371715455044
E01000612,0.00967977566901213
E01000613,0.00046185978644571894
E01000615,0.0035126177649888336
E01000616,0.0006216913268979904
E01000617,0.00797978039940147
E01000618,0.0014277550989205885
E01000619,0.0007665676696327554
E01000620,0.024074799867798927
E01000621,0.022081119056046816
E01000622,0.005032102384653538
E01000623,0.006688282755562969
E01000624,0.009226639236123192
E01000625,0.00937955919704683
E01000626,0.005751615241828191
E01000627,0.00734981559513717
E01000628,0.006297001408444918
E01000629,0.008731072827652737
E01000630,0.0005606444698517255
E01000631,0.010043623379647598
E01000632,0.006832587901999539
E01000633,0.019347325933400605
E01000634,0.008713799957190472
E01000635,0.017222679091712784
E01000636,0.018277036742325465
E01000637,0.00035299513806072837
E01000638,0.0025355773450598707
E01000639,0.00017192835370318543
E01000640,0.0009715798928469058
E01000641,0.0016500139254932394
E01000642,0.0005734833150307034
E01000643,0.002850244808020625
E01000644,0.0006563640094884884
E01000645,0.004827987592316032
E01000646,0.008845054587802874
E01000647,0.005578987354072833
E01000648,0.009719955360627556
E01000649,0.005073406256003801
E01000650,0.003638127547199532
E01000651,0.0028367491788684833
E01000652,0.00913944815486918
E01000653,0.0056251264404811865
E01000654,0.00873955157156285
E01000655,0.004457683500514606
E01000656,0.08029379107563622
E01000657,0.017459015319371975
E01000658,0.011149153974044151
E01000659,0.024536692699916676
E01000661,0.004169161597253187
E01000662,0.004912462271687153
E01000663,0.005555988088404133
E01000664,0.0008325717867631806
E01000665,0.0027163878407408643
E01000666,0.0024126990559373124
E01000667,0.0021170147668159596
E01000668,0.010658355848956344
E01000669,0.003714287397932426
E01000670,0.01404484199589661
E01000671,0.02803531289115822
E01000672,0.0025967201554287127
E01000673,0.010917423140764023
E01000674,0.00804008448162662
E01000675,0.012117414457970205
E01000676,0.024968860624964187
E01000677,0.036909243702186595
E01000678,0.009308650451269078
E01000679,0.005280094123732069
E01000680,0.036270793914958924
E01000681,0.006595411056605088
E01000682,0.0055215206198681675
E01000683,0.006415556968507763
E01000684,0.0026594755749787045
E01000685,0.005360861437996183
E01000686,0.008824052812858784
E01000687,0.010399237946804994
E01000688,0.028508215766069968
E01000689,0.002669219088232575
E01000690,0.0029424774464281737
E01000691,0.000352327688770833
E01000692,0.005406631792650708
E01000693,0.025857356330139476
E01000694,0.0015355912660702587
E01000695,0.0022914540902382818
E01000696,0.009737880783837614
E01000697,0.005941846872173266
E01000698,0.02159706376174038
E01000699,0.03109487714009035
E01000700,0.0008321576451731392
E01000701,0.007925124510091284
E01000702,0.024803325160163908
E01000703,0.025097348172247163
E01000704,0.038014704870082704
E01000705,0.010903126135083546
E01000706,0.016195463837965593
E01000707,0.004014507110710403
E01000708,0.018113362592754447
E01000709,0.011459736821904293
E01000710,0.0023898140137287313
E01000711,0.005327750227215473
E01000712,0.006676319654083917
E01000713,0.01146625300657424
E01000714,0.029002999374149813
E01000715,0.020411949296077078
E01000716,0.01286566015054269
E01000717,0.025127623616537365
E01000718,0.00045154235644721634
E01000719,0.018826345834927927
E01000720,0.044016837415416815
E01000721,0.00661004857382345
E01000722,0.025055685730462737
E01000723,0.012243642451033638
E01000724,0.010153831583977807
E01000725,0.02840431422767818
E01000726,0.03701874338262645
E01000727,0.03418849156773173
E01000728,0.024215846206399768
E01000729,0.004661639494833525
E01000730,0.01570165812947099
E01000731,0.0050968463442071016
E01000732,0.010788980232527204
E01000733,0.010617501491174365
E01000734,0.027629338514527955
E01000735,0.012967131420762144
E01000736,0.0038783925162535074
E01000737,0.001750888792113702
E01000738,0.013639894930939709
E01000739,0.0040493750652332745
E01000740,0.014803761553447564
E01000741,0.008993742761482435
E01000742,0.012655610770947867
E01000743,0.026063343174711904
E01000744,0.004156486495317355
E01000745,0.0028210270220351617
E01000746,0.003562048306977114
E01000747,0.029178735411527948
E01000748,0.023239381173188935
E01000749,0.029378959678182465
E01000750,0.006801721133344268
E01000751,0.009097730101317278
E01000752,0.005459217061553482
E01000753,0.007953580860267428
E01000754,0.021593370060846634
E01000755,0.023747047755639666
E01000756,0.0024653845923543498
E01000757,0.006687017627192785
E01000758,0.018870147475086266
E01000759,0.004217661362627413
E01000760,0.010208370839577152
E01000761,0.007715106211449753
E01000762,0.01193086478048513
E01000763,0.00629835071495507
E01000764,0.003163465712502344
E01000765,0.0034821245157615533
E01000766,0.005441962818523251
E01000767,0.003502818312351822
E01000768,0.005688367631300146
E01000769,0.030050029562030175
E01000770,0.02555944700298849
E01000771,0.012580554182893377
E01000772,0.020084158903859547
E01000773,0.028694229724545887
E01000774,0.017174577046900508
E01000775,0.020079781186697523
E01000777,0.03440541696126926
E01000778,0.01727219403990334
E01000779,0.007291926462481853
E01000780,0.002161136121441465
E01000781,0.00027668550688531116
E01000782,0.0006410494603878829
E01000783,0.0005538485442671829
E01000784,0.0004484127835671407
E01000785,0.0004912248604701583
E01000786,0.00732440975595396
E01000787,0.007953376296992611
E01000788,0.01915327530803225
E01000789,0.014667883747630363
E01000790,0.04790085107258885
E01000791,0.012370915808464906
E01000792,0.013175128630352513
E01000793,0.009872163872344422
E01000794,0.011245029911172882
E01000795,0.0024054146516833087
E01000796,0.0010642611470741167
E01000797,0.010373636856674246
E01000798,0.0025418392416641047
E01000799,0.01585658366818416
E01000800,0.0015215730043940938
E01000801,0.01007758833070427
E01000802,0.00043439094787709717
E01000803,0.00020105845767551622
E01000804,0.001234655981593462
E01000805,0.0038343483744358625
E01000806,0.009658105205721598
E01000807,0.0023834586995567808
E01000808,0.02644350082168344
E01000809,0.003214797660879751
E01000810,0.01104065653929969
E01000811,0.009960394511513915
E01000812,0.01427692801501179
E01000813,0.02783452927669346
E01000814,0.010830822340417224
E01000815,0.021607036129620578
E01000816,0.0008723444431671743
E01000818,0.00023008641656641836
E01000819,0.0013203673240463427
E01000820,0.005738451105902902
E01000822,0.0028898601365557144
E01000823,0.004053553543119548
E01000824,0.006288175267673801
E01000825,0.012515126892526967
E01000826,0.010669228815869276
E01000827,0.013840064192301866
E01000828,0.025889559581354672
E01000829,0.01648113205123924
E01000830,0.01662832494640912
E01000831,0.005792179487057224
E01000832,0.035040987283666246
E01000833,0.020121806952582522
E01000834,0.014661823488301992
E01000835,0.026720420777745234
E01000836,0.009115955041171988
E01000837,0.02341024054691683
E01000838,0.009123040359808075
E01000839,0.0037953980317869916
E01000840,0.008693410357073132
E01000841,0.010949319518378403
E01000842,0.00043205649358475683
E01000843,0.008696983637391423
E01000844,0.0026877024736943985
E01000845,0.004311329102202677
E01000846,0.00811951307701579
E01000847,0.007103269788990278
E01000848,0.006526191695793661
E01000849,0.015205167919224594
E01000850,0.004166953271914081
E01000851,0.011812496962280017
E01000852,0.015138578462451317
E01000853,0.0056541883370991195
E01000854,0.006840761046347404
E01000855,0.010637243901038358
E01000856,0.011664859396725824
E01000857,0.0011639555605296235
E01000858,0.009031379445963347
E01000859,0.00023835115795132266
E01000860,0.0132741739699375
E01000861,0.005443057339757441
E01000862,0.012996293395856178
E01000863,0.015210656165800926
E01000864,0.008248673776489022
E01000865,0.005822441907321985
E01000866,0.004750487267342758
E01000867,0.011242618889215948
E01000868,0.012630490366569673
E01000869,0.0052804390124367665
E01000870,0.006341863022779318
E01000871,0.0008949007507222999
E01000872,0.0010914144994208649
E01000873,0.0018997336888464155
E01000874,0.0045831460674544446
E01000875,0.0032805139102137495
E01000876,0.0011777178498252382
E01000877,0.0010766372360888061
E01000878,0.0007634128760198517
E01000879,0.0029615702588284922
E01000880,0.0038062541968697816
E01000881,0.004504678328546948
E01000882,0.0043544225186768195
E01000883,0.007231012930663408
E01000884,0.00455910013709323
E01000885,0.0017174887409160977
E01000886,0.0008600728685264476
E01000887,0.000424478919578725
E01000888,0.0017548458337173609
E01000889,0.00038962358642301125
E01000890,0.001805557946934348
E01000891,0.0007124921801913486
E01000892,0.002183368349640798
E01000893,0.0002050495492882042
E01000894,0.0012754034155363016
E01000895,0.0016964393469641344
E01000896,0.0014869078975224047
E01000897,0.0015445843879313811
E01000898,0.0032450589612728303
E01000899,0.008394272987937414
E01000900,0.0033201932299827246
E01000901,0.0035187014160221065
E01000902,0.012175355238495012
E01000903,0.0070733629393385945
E01000904,0.0075926456782765515
E01000905,0.009859675429771765
E01000906,0.007717550575302842
E01000907,0.0043309775412615015
E01000908,0.006394996663607561
E01000909,0.005904065079833031
E01000910,0.0008617597789314878
E01000911,0.0017796906414357932
E01000912,0.0016824216192273206
E01000913,0.013206776792675129
E01000914,0.014421982457841258
E01000915,0.00452041923193286
E01000916,0.004840430918147385
E01000917,0.015559298541641557
E01000918,0.014845474253484946
E01000919,0.015233046397252653
E01000920,0.0036403279703013914
E01000921,0.0022781464126963003
E01000922,0.0007710212416547106
E01000923,0.003474254568098729
E01000924,0.0011803979501570244
E01000925,0.001817560640341255
E01000926,0.00219384227094539
E01000927,0.009402881615389491
E01000928,0.0026173654791366973
E01000929,0.002903162333227417
E01000930,0.008039452372054388
E01000931,0.003915833714607339
E01000932,0.007826050612930442
E01000933,0.003008638188819041
E01000934,0.00600650655037783
E01000935,0.011020695545076535
E01000936,0.007313068519116017
E01000937,0.002450312128001374
E01000938,0.005171084615053018
E01000939,0.009161003429498066
E01000940,0.009415072794306253
E01000941,0.0010653108266326901
E01000942,0.019249847101959587
E01000943,0.0078049791207310945
E01000944,0.0017590515543291138
E01000945,0.008211300842488702
E01000946,0.009539541446508303
E01000947,0.010246181496119462
E01000948,0.010434336992871007
E01000949,0.00221643480961608
E01000950,0.011555022459908674
E01000951,0.0006003307071894686
E01000952,0.00778417926550002
E01000953,0.006439502005139926
E01000954,0.011763721458210861
E01000955,0.002135650566906495
E01000956,0.009232665403819612
E01000957,0.004278071804833782
E01000958,0.004812556341153046
E01000959,0.0036817677616782056
E01000960,0.003127713382069963
E01000961,0.006969581313922643
E01000962,0.004596713894803566
E01000963,0.011007981768596187
E01000964,0.0026300864075059567
E01000965,0.007292625058739249
E01000966,0.004300914487164035
E01000967,0.007119849511081431
E01000968,0.002477785497711198
E01000969,0.006861654717795395
E01000970,0.00183743815342586
E01000971,0.0012017765102907503
E01000972,0.002154291460768953
E01000973,0.003495535289105254
E01000974,0.002050587299757377
E01000975,0.00197239453090956
E01000976,0.0010084834052664882
E01000977,0.009406047068696867
E01000978,0.005981493230633379
E01000979,0.004077977573577717
E01000980,0.0018079962099709487
E01000981,0.004913826392438607
E01000982,0.0009650191528843815
E01000983,0.004608027295107804
E01000984,0.0025545608076564283
E01000985,0.016999793721596327
E01000986,0.007350772078290695
E01000987,0.012190162215874307
E01000989,0.004585774289524888
E01000990,0.011009857132882812
E01000991,0.0052595486522313455
E01000992,0.018956987625007343
E01000993,0.00935920576802802
E01000994,0.011159647322952894
E01000995,0.008258662455062061
E01000996,0.0017001295638204201
E01000997,0.003934798868922741
E01000998,0.009129372662592356
E01000999,0.002010914181694157
E01001000,0.002391450789017605
E01001001,0.0008933337974142691
E01001002,0.004742450650961095
E01001003,0.0016444409677199602
E01001004,0.0019571796178396374
E01001005,0.00560520347341169
E01001006,0.010406414960401749
E01001007,0.0005451080668468581
E01001008,0.010514047665361443
E01001009,0.005652151316584962
E01001010,0.00819288937932684
E01001011,0.011235724872119827
E01001012,0.0008964298313384892
E01001013,0.010719874604954636
E01001014,0.004747997924266152
E01001015,0.016130683203857455
E01001016,0.010675987262741283
E01001017,0.01015063876634537
E01001018,0.01877668154629401
E01001019,0.01723710871882715
E01001020,0.023380588405883636
E01001021,0.009184939291456452
E01001022,0.010277186298351464
E01001023,0.018712307417469033
E01001024,0.03311445493867126
E01001025,0.01562772806390555
E01001026,0.03267311922971624
E01001027,0.00981590563740007
E01001028,0.01958724614570931
E01001029,0.011265869272962973
E01001030,0.014830865498012658
E01001031,0.00958067306093031
E01001032,0.0024511762442513845
E01001033,0.01046121859356643
E01001034,0.004079384681956708
E01001035,0.000935147424268511
E01001036,0.004779539090488435
E01001037,0.0012298506893500532
E01001038,0.000600789665753844
E01001039,0.0008209422185085282
E01001040,0.0020885479494971598
E01001041,0.0008412847058563602
E01001042,0.008966636679867053
E01001043,0.004436181974467209
E01001044,0.0011470044632204454
E01001045,0.0025726491923113684
E01001046,0.002130358174685609
E01001047,0.002866893075177276
E01001048,0.007615847264165555
E01001049,0.005693200412787497
E01001050,0.0035750962331840422
E01001051,3.037667071688943e-05
E01001052,0.0
E01001053,0.015313669279353749
E01001054,0.002515258839612874
E01001055,0.0029350842007153767
E01001056,0.006365791120577747
E01001057,0.010235079062671645
E01001058,0.028501933348521667
E01001059,0.036447999936049115
E01001060,0.05059457939608166
E01001061,0.004160001493722595
E01001062,0.020391379296894687
E01001063,0.022502240401423696
E01001064,0.004243205387063003
E01001065,0.004548188349169597
E01001066,0.004341953864280717
E01001067,0.017585189393627337
E01001068,0.003321048888061754
E01001069,0.011132413555349743
E01001070,0.008174460225468437
E01001071,0.0020167677251300216
E01001072,0.01118188647821949
E01001073,0.012500167101995432
E01001074,0.03000648816471847
E01001075,0.008263312209283172
E01001076,0.03645918724366548
E01001077,0.007560625093677673
E01001078,0.014717136808816051
E01001079,0.04510545327089505
E01001080,0.019145040383876957
E01001081,0.056341067447021276
E01001082,0.023891093818567313
E01001083,0.0031140239092991937
E01001084,0.0013129223748847838
E01001085,0.0031887539778486665
E01001086,0.0037131011530763913
E01001087,0.010897520616484404
E01001088,0.004317569416538677
E01001089,0.004831672098159373
E01001090,0.01315284209095478
E01001091,0.0017728326903268408
E01001092,0.024930694255464944
E01001093,0.016383930702811626
E01001094,0.017636279704197007
E01001095,0.012735776218900414
E01001096,0.004565107972312313
E01001097,0.026816623587021655
E01001098,0.0026770702209406166
E01001099,0.005940614407549233
E01001100,0.004166647989534515
E01001101,0.005554590191207966
E01001102,0.023110750150743823
E01001103,0.006644686419291522
E01001104,0.0021938432649044747
E01001105,0.006235548460484476
E01001106,0.005798711058978373
E01001107,0.004073652361746057
E01001108,0.0019507476858219193
E01001109,0.0006578953030490221
E01001110,0.004098145552948071
E01001111,0.003089705775787687
E01001112,0.001341283792786398
E01001113,0.0002898449681299983
E01001114,0.003973066037852137
E01001115,0.001229448549160307
E01001116,0.00579192015435318
E01001117,0.004596406029878278
E01001118,0.0022280978900065303
E01001119,0.015246215934733551
E01001120,0.01629304163547177
E01001121,0.012128086337876716
E01001122,0.0011528722283886297
E01001123,0.012344095520087169
E01001124,0.0039624749491092145
E01001125,0.030459936162966234
E01001126,0.01400850546780073
E01001127,0.0047416554199669015
E01001128,0.00673231072311391
E01001129,0.008146543562271586
E01001130,0.0007589481640304761
E01001131,0.0037104018046415967
E01001132,0.012315444879376584
E01001133,0.025556835818245433
E01001134,0.008258240333522559
E01001135,0.018600502632532427
E01001136,0.0014633028153659701
E01001137,0.002950161689558801
E01001138,0.0063104480362564585
E01001139,0.002283905074403376
E01001140,0.006121567263842769
E01001141,0.001719899185077717
E01001142,0.010680352900186558
E01001143,0.004015761178081277
E01001144,0.0006008578117637456
E01001145,0.010244993427783023
E01001146,0.003473700499081326
E01001147,0.0034588914286849647
E01001148,0.0032114222415304487
E01001149,0.0034377975644302025
E01001150,0.0016973550163259423
E01001151,0.007109302719537145
E01001152,0.002947368942156925
E01001153,0.0014087136439452186
E01001154,0.005045684383942388
E01001155,0.003994912179350746
E01001156,0.0008735194184856108
E01001157,0.005946673890722199
E01001158,0.002448527450606475
E01001159,0.001977043446979563
E01001160,0.003010865503412039
E01001161,0.013504118625048116
E01001162,0.000564588904516584
E01001163,0.0006845724746932082
E01001164,0.002141089420555451
E01001165,0.013491236982074502
E01001166,0.009351855469292228
E01001167,0.01405383689938728
E01001168,0.006976481398606835
E01001169,0.0031211687502449613
E01001170,0.0024113411059362125
E01001171,0.008345364902491013
E01001172,0.002636689307847444
E01001173,0.003980935749621555
E01001174,0.0059310244849558914
E01001175,0.005783313609893566
E01001176,0.018246229515561842
E01001177,0.045408657924147576
E01001178,0.005852162823078698
E01001179,0.0011875919994239466
E01001180,0.023758982822418187
E01001181,0.004850927144551153
E01001182,0.01262279588982999
E01001183,0.007485755024658336
E01001184,0.004045800837666089
E01001185,0.00908692505353836
E01001186,0.016366561023978182
E01001187,0.0038109014236840065
E01001188,0.004937287759099046
E01001189,0.003212995339385295
E01001190,0.0004292428651442291
E01001191,0.01403998307457603
E01001192,0.0014065455031161114
E01001193,0.0022218032952743875
E01001194,0.009663716505219829
E01001195,0.011356652294896493
E01001196,0.01690676795768967
E01001197,0.007215899322861988
E01001198,0.0028900740271256735
E01001199,0.012955139127713575
E01001200,0.007001677206164652
E01001201,0.005559892105163181
E01001202,0.01250197269323955
E01001203,0.005846394607746777
E01001204,0.004760902866758796
E01001205,0.005039143994447609
E01001206,0.0005752808332846862
E01001207,0.008608110621859361
E01001208,0.021865627401254497
E01001209,0.00261573861725224
E01001210,0.01551622016487625
E01001211,0.0021439737944531083
E01001212,0.013031336963360028
E01001213,0.002975796982850637
E01001214,0.00493700470582768
E01001215,0.0012887620192307693
E01001216,0.001314075217656571
E01001217,0.003649689309044559
E01001218,0.003101172585353745
E01001219,0.0006755874465258926
E01001220,0.011731676357054762
E01001221,0.03954086632533564
E01001222,0.02780889069939678
E01001223,0.006018753420280962
E01001224,0.008758340213436078
E01001225,0.03123703020916984
E01001226,0.014134538671737093
E01001227,0.004060445524875394
E01001228,0.012439708806575828
E01001229,0.006605507075188756
E01001230,0.006553179719403002
E01001231,0.01203222452709774
E01001232,0.002320033910207542
E01001233,0.007403685288811424
E01001234,0.01405133986918434
E01001235,0.024830568802507273
E01001236,0.002888551072203948
E01001237,0.003985184261872933
E01001238,0.019267338641398332
E01001239,0.011603314124642444
E01001240,0.006030141336305909
E01001241,0.0049457298426959385
E01001242,0.0033234463708732126
E01001243,0.016460844365611432
E01001244,0.011003598597422464
E01001245,0.007035844708968479
E01001246,0.019021041055371155
E01001247,0.014714104132728755
E01001248,0.005087055671399361
E01001249,0.020589382808527082
E01001250,0.019599938747974194
E01001251,0.003928571249541954
E01001252,0.012443020490447333
E01001253,0.003055056361701413
E01001254,0.009141544312240827
E01001255,0.0027141492685506456
E01001257,0.0037433802899228437
E01001258,0.0006719995107482494
E01001259,0.00500105468994966
E01001260,0.01321737200059423
E01001261,0.010116780417257437
E01001262,0.00040181243217121714
E01001263,0.0022641625732620217
E01001264,0.0005965871778182576
E01001265,0.0011744605976367294
E01001266,0.018437500331107817
E01001267,0.009784704626557162
E01001268,0.002503437524244623
E01001269,0.007341649075041818
E01001270,0.0019841341175775326
E01001271,0.015840331020091497
E01001272,0.013272507328958572
E01001273,0.010415538117777986
E01001274,0.006584538826051018
E01001275,0.024061790272229683
E01001276,0.0059038568262004725
E01001277,0.024953354760221213
E01001278,0.019294502998377646
E01001279,0.007114804051408247
E01001280,0.03645317341165339
E01001281,0.00613732963058713
E01001282,0.0015822804163439501
E01001283,0.008676447226815173
E01001284,0.009909125309604624
E01001285,0.0038272617550827327
E01001286,0.005465367067459408
E01001287,0.00019367400330956054
E01001288,0.005411015153699311
E01001289,0.0005381213288744708
E01001290,0.0024465055630545035
E01001291,0.00043632229694288223
E01001292,0.0037262140592110317
E01001293,0.0008889349410125667
E01001294,0.003919166145552057
E01001295,0.00026887584445215134
E01001296,0.003304336871309098
E01001297,0.003759628989017287
E01001298,0.00449568629646853
E01001299,0.002686847264828759
E01001300,0.004599179411237939
E01001301,0.00560989644782054
E01001302,0.005396260680777858
E01001303,0.004367795003516498
E01001304,0.004429828584855405
E01001305,0.002261545128729095
E01001306,0.001283814277382901
E01001307,0.009033955833627455
E01001308,0.013427946952394252
E01001309,0.004529998544024963
E01001310,0.003264373963486601
E01001311,0.005321622061773794
E01001312,0.013081867348764724
E01001313,0.008991271612865963
E01001314,0.014453829599186438
E01001315,0.003045969612231444
E01001316,0.0011451007918223397
E01001317,0.0041309948100611595
E01001318,0.000701140987013505
E01001319,0.00023314757055927591
E01001320,0.0012981001711054904
E01001321,0.006916090147027614
E01001322,0.0009457832645761488
E01001323,0.004448637551499306
E01001324,0.006084992725950173
E01001325,0.0064313381653807195
E01001326,0.007371939091144019
E01001327,0.018088984460711142
E01001328,0.012793433375539212
E01001329,0.009690316092520657
E01001330,0.003833531421297379
E01001331,0.010760084950510484
E01001332,0.0028084889401378764
E01001333,0.005738376247666029
E01001334,0.0014490589198036007
E01001335,0.005376467138963065
E01001336,0.0008122425384511577
E01001337,0.013689920024017813
E01001338,0.002629883145495795
E01001339,0.008061496398515066
E01001340,0.006951246533486694
E01001341,0.0028609986679087457
E01001342,0.002955532452000666
E01001343,0.004034381054837894
E01001344,0.004686916220498364
E01001345,0.0012882409645076929
E01001346,0.0017064521265970673
E01001347,0.008669856588080603
E01001348,0.01000535382707692
E01001349,0.008680858607700183
E01001350,0.0082996424654365
E01001351,0.021918645338815514
E01001352,0.017147050729290892
E01001353,0.00733598599516864
E01001354,0.016865778229965003
E01001355,0.019267593225875998
E01001356,0.001075800745029688
E01001357,0.0009656922754107765
E01001358,0.005953768275573615
E01001359,0.02529202368345047
E01001360,0.0016382069467175853
E01001361,0.005195300666390406
E01001362,0.005540578084904326
E01001363,0.009891680970819529
E01001364,0.0011927661546349063
E01001365,0.0034740567663020076
E01001366,0.000166021094744499
E01001367,0.005748901898247234
E01001368,0.0004831237258448905
E01001369,0.0027435118073415947
E01001370,0.005745120450149464
E01001371,0.0060178144277980615
E01001372,0.0008349154391707584
E01001373,0.00046031096563011457
E01001374,0.0025763545793818245
E01001375,0.002714268430935829
E01001376,0.0073378953146864346
E01001377,0.0012225269852918692
E01001379,0.0016531914805263835
E01001380,0.006760280140703955
E01001381,0.014075801997897716
E01001382,0.004429634549763841
E01001383,0.0022309376641402854
E01001384,0.003973179490838421
E01001385,0.005103622292157493
E01001386,0.012058234664474919
E01001387,0.006263390718486581
E01001388,0.017062022615020718
E01001389,0.016141270893882783
E01001390,0.00448069893866426
E01001391,0.00380658901474436
E01001392,0.0018827795381901292
E01001393,0.005553287156711788
E01001394,0.010213720957450004
E01001395,0.002400862276809152
E01001396,0.006325291790959255
E01001397,0.003816573648308154
E01001398,0.012809945034229116
E01001399,0.011725571362090981
E01001400,0.005784601930165188
E01001401,0.005463243755789022
E01001402,0.002736745090871309
E01001403,0.008442954495664795
E01001404,0.0010129440816283389
E01001405,0.004363366023246789
E01001406,0.014591286546281479
E01001407,0.020155692112139214
E01001408,0.0032649546307921495
E01001409,0.010378987084765076
E01001410,0.0009267472563099821
E01001411,0.005615606906300905
E01001412,0.010399528849096677
E01001413,0.00296540253084855
E01001414,0.006407976003100078
E01001415,0.037886856923611385
E01001416,0.019386591205920765
E01001417,0.025820721072816195
E01001418,0.024959491477177586
E01001419,0.026780936468046388
E01001420,0.016761424748393042
E01001421,0.026156199583858848
E01001422,0.007766656615542724
E01001423,0.0032658521484301302
E01001424,0.00025606945469725065
E01001425,0.007873950098879763
E01001426,0.0012297014175089414
E01001427,0.010280553552994547
E01001428,0.001517508529001924
E01001429,0.003266375264585275
E01001430,0.0011207632406786652
E01001431,0.001778896438467503
E01001432,0.008370471993703601
E01001433,0.014787275929019733
E01001434,0.000958214609083326
E01001435,0.0011917924263183115
E01001436,0.0017407794951126957
E01001437,0.00803563023798521
E01001438,0.009206698677843387
E01001439,0.03258428146623259
E01001440,0.04584092918877786
E01001441,0.03670695759692012
E01001442,0.02501569240450353
E01001444,0.0317056688595441
E01001445,0.011196602023747658
E01001446,0.044565869530861967
E01001447,0.009128694445129754
E01001448,0.003044757755000678
E01001449,0.011187603609647228
E01001450,0.014584197617877161
E01001451,0.005756504948488647
E01001452,0.0028608870494407634
E01001453,0.009152793978706457
E01001454,0.004360311780894334
E01001455,0.007318478563132685
E01001456,0.003452096938035118
E01001457,0.0025057054669519276
E01001458,0.003394968601835495
E01001459,0.008241337376457512
E01001460,0.0009471194704819616
E01001461,0.002268451553335627
E01001462,0.0013507543346728678
E01001463,0.00044489000257879523
E01001464,0.00024353972878534536
E01001465,0.0009538010325324971
E01001466,0.0007582644342572386
E01001467,0.0006157186323552163
E01001468,0.005328946945147987
E01001469,0.005161108462153303
E01001470,0.01960913348796201
E01001471,0.010556836173523272
E01001472,0.0017240095777100565
E01001473,0.0060687297863328505
E01001474,0.008831180717212892
E01001475,0.0032978336638867173
E01001476,0.025882548010601473
E01001477,0.009269176125674043
E01001478,0.009514510188416361
E01001479,0.01706746181979848
E01001480,0.011945474455421847
E01001481,0.0034840472312209665
E01001482,0.0008018971140387135
E01001483,0.004854811195471138
E01001484,0.011325882959177642
E01001485,0.006537968567306627
E01001486,0.0005931919426448276
E01001487,0.004217811667494469
E01001488,0.00523243508041845
E01001489,0.0013985137768268668
E01001491,0.012453773035905022
E01001492,0.004112112770960471
E01001493,0.0023665076260349083
E01001494,0.00035352688790067085
E01001495,0.0008734476456892184
E01001496,0.0008338718315694524
E01001497,0.0005447970898644406
E01001498,0.0028205859839958666
E01001499,0.0008422449593755992
E01001500,0.001900363191501289
E01001501,0.004794787202015335
E01001502,0.020443607165811832
E01001503,0.01973460598909919
E01001504,0.003996843873473734
E01001505,0.0288131728814659
E01001506,0.02854527060586572
E01001507,0.044348051565984786
E01001508,0.013351933896238769
E01001509,0.030383528739287985
E01001510,0.013183256831223004
E01001511,0.021096756181646706
E01001512,0.004185907532290923
E01001513,0.010820149500123265
E01001514,0.005625481878801252
E01001515,0.016140976876147246
E01001516,0.020192442722965064
E01001517,0.015997388660616188
E01001518,0.01427983584573642
E01001519,0.03912470881389063
E01001520,0.013126363959482773
E01001521,0.0054368769694998625
E01001522,0.006026149554665009
E01001523,0.026681701720704838
E01001524,0.005501693385233937
E01001525,0.005838206928181623
E01001526,0.012055742125677782
E01001527,0.004833801056588994
E01001528,0.01331140463527263
E01001529,0.006010529100064587
E01001530,0.008365080153210448
E01001531,0.00403683107008037
E01001532,0.000436628042113686
E01001533,0.0005802422188656658
E01001534,0.003688661665338006
E01001535,0.007191074934801977
E01001536,0.00491786654656918
E01001537,0.01706918548657836
E01001538,0.01596536951210565
E01001539,0.006198558142038071
E01001540,0.003085544408648263
E01001541,0.0007981628105253932
E01001542,0.007509159201571739
E01001543,0.00886879815448019
E01001544,0.011035927149114038
E01001545,0.003337723669145532
E01001546,0.004275595618441151
E01001547,0.05026748954301219
E01001548,0.0061277514550688505
E01001549,0.03246653543557404
E01001550,0.016042062817419576
E01001551,0.01860537961403391
E01001552,0.04270953606529532
E01001553,0.0019040937715700276
E01001554,0.004993809082722753
E01001555,0.0092918170800887
E01001556,0.0010715760482735246
E01001557,0.0011703973719043106
E01001558,0.013992397702590462
E01001559,0.0165023026730061
E01001560,0.0023186193815021195
E01001562,0.0009235378458264685
E01001563,0.003817433742604219
E01001564,0.0044381511628645565
E01001565,0.005350290499703256
E01001566,0.00037608307643668
E01001567,0.009955782747503044
E01001568,0.009293654914165362
E01001569,0.01125451095176738
E01001570,0.0030811129980624274
E01001571,0.00028932652565037686
E01001572,0.0011518642467928091
E01001573,0.0054990339401275665
E01001574,0.011875151337038628
E01001575,0.0
E01001576,0.0
E01001577,0.0
E01001578,0.00010089958667639193
E01001579,7.555312424021397e-05
E01001580,0.008836138220768836
E01001581,0.0034607447907628454
E01001582,0.002739265579611443
E01001583,0.00654055921985977
E01001584,0.00389215321735888
E01001585,0.0009266354914574879
E01001586,0.0026106548684719103
E01001587,0.0071752627172582545
E01001588,0.001626825111557936
E01001589,0.001159219283088017
E01001590,0.000747693546675735
E01001591,0.002562392304304336
E01001592,0.0031414411716705606
E01001593,0.006046972607329704
E01001594,0.0020588226690632836
E01001595,0.0035776519248797273
E01001596,0.003274712525516573
E01001597,0.001476273039696785
E01001598,0.0007722704736363266
E01001599,0.0065132911052606735
E01001600,0.015060745954605013
E01001601,0.003454064581315541
E01001602,0.0011086438027562808
E01001603,0.00131343269944334
E01001604,0.0025655325630590154
E01001605,0.005529378482021539
E01001606,0.010599661572082912
E01001607,0.0005680917687285471
E01001608,0.007414050129540205
E01001609,0.0016195075449524537
E01001610,0.007008541470392323
E01001611,0.0013272260370139838
E01001613,0.008337377339322391
E01001614,0.00880346024521731
E01001615,0.0013883324693412763
E01001617,0.008522221033874408
E01001618,0.00799414405424605
E01001619,0.016787598374473967
E01001620,0.002696505638221721
E01001621,0.0011762147683620971
E01001623,0.0022214199353612772
E01001624,0.0006571165709571416
E01001625,0.0017564831408725572
E01001629,0.0027416119620714808
E01001631,0.0001386514557500608
E01001632,0.007849901248630305
E01001633,0.0021860408211611714
E01001634,0.003947765400172402
E01001635,0.006556096089055608
E01001636,0.005862036361671664
E01001637,0.006609929466159375
E01001638,0.0018802417699788354
E01001640,0.0027251809334859576
E01001641,0.012285094916347144
E01001642,0.00926422924523971
E01001644,0.014869609966398706
E01001645,0.0018741393869121223
E01001646,0.0007747986548607587
E01001647,0.005297245442177588
E01001648,0.0016506612097171368
E01001649,0.0016368695765642332
E01001650,0.0019269215062260017
E01001651,0.001090723549374949
E01001652,0.004874102062950387
E01001653,0.0036317734085690874
E01001654,0.001616288967094048
E01001655,0.002091412541270878
E01001656,0.0004449558418282942
E01001657,0.009247523597000092
E01001658,0.011012746503138196
E01001659,0.011766132499544127
E01001660,0.00676241839414096
E01001661,0.007678862363474657
E01001662,0.004073658887896506
E01001664,0.011336123959667552
E01001665,0.004115842630651791
E01001666,0.0030285276259540785
E01001667,0.00221682389660412
E01001668,0.003962074448111146
E01001669,0.00607934960353874
E01001671,0.007485494993700683
E01001672,0.00010344254404898357
E01001673,0.006772398492584489
E01001674,0.0008681256896519479
E01001675,0.004208815703841233
E01001676,0.010774377988491774
E01001677,0.00481360998361182
E01001678,0.011695092524639806
E01001679,0.0031067397780381004
E01001680,0.004000832126236632
E01001681,0.004648873500791201
E01001682,0.008404376694526188
E01001683,0.01965653168364085
E01001684,0.008820075297099368
E01001685,0.01704310707965102
E01001686,0.0038949774794265393
E01001687,0.0
E01001688,0.0
E01001690,0.0
E01001692,0.0
E01001693,0.0
E01001694,0.0
E01001695,0.0041195284892928735
E01001696,0.005051116245259244
E01001697,0.004427182460064288
E01001698,0.0014754231687230117
E01001699,0.0040565213075944
E01001700,0.012681742243606424
E01001701,0.005652352689967384
E01001702,0.001554152422966849
E01001703,0.0023793067632779732
E01001704,0.012585526297817007
E01001705,0.0036650233579938176
E01001706,0.0010939301015636894
E01001708,0.0029202716197080183
E01001709,0.00024825565316933775
E01001710,0.0026170680397239136
E01001711,0.0
E01001712,0.0
E01001713,0.000304473586916335
E01001714,0.007917661264002798
E01001715,0.0007447627200121444
E01001716,0.005758174472596042
E01001717,0.003727335554431887
E01001718,0.015506487844049911
E01001719,0.005331506228154988
E01001720,0.007442406787379926
E01001722,0.0104483809172916
E01001723,0.0013639768449280592
E01001724,0.006020950594832104
E01001725,0.00047264767733026195
E01001726,0.011919189314630499
E01001727,0.000626609676411434
E01001728,0.01838014806969791
E01001729,0.004294611432914957
E01001730,0.017045747932391036
E01001731,0.014245767497185013
E01001732,0.015942578695344486
E01001733,0.006334540824795034
E01001734,0.0025293783738703436
E01001735,0.0041806745885292155
E01001736,0.0004609381641166481
E01001737,0.00013185325540450795
E01001738,0.0022764773197117044
E01001739,0.0005406785828714764
E01001740,0.0014221909307042062
E01001741,0.000951702308259474
E01001742,4.024663135695542e-06
E01001744,0.005050829056214055
E01001745,0.0008294025790041373
E01001746,0.001845982178791635
E01001747,0.0012662951759873867
E01001748,0.0025345497957722815
E01001749,0.0069656038410274715
E01001750,0.0028999301705815643
E01001751,0.002546724601740762
E01001752,0.0007582037676178247
E01001753,0.008799247452299538
E01001754,0.005072513272223273
E01001755,0.00455222316642097
E01001756,0.004960741008199836
E01001757,0.0018075495525468961
E01001758,0.0017734251613289221
E01001759,0.0016844786013740746
E01001760,0.005016523857066158
E01001761,0.0031679796538284645
E01001762,0.01691846129321081
E01001763,0.011233025824535225
E01001764,0.0016926030148131073
E01001765,0.0001225002299890198
E01001767,0.020717913346001114
E01001768,0.004795160125831571
E01001769,0.004036220717456726
E01001770,0.0035675473080271653
E01001772,0.008513887671552508
E01001773,0.002191361764306877
E01001774,0.015244411889391523
E01001775,0.0007189211792384743
E01001776,0.003499399034263096
E01001777,0.005203100250509032
E01001779,0.00037426225216945886
E01001780,0.002123114795291634
E01001781,0.00033739993449213894
E01001782,0.0004965051237854879
E01001783,0.0007522207447580676
E01001784,0.002436712747143064
E01001785,0.0004014959225690587
E01001786,0.004756430149942033
E01001787,0.000453128634065189
E01001788,0.002680763055892939
E01001789,0.000127462940253293
E01001790,0.00019094075159242505
E01001791,0.002012044475210758
E01001792,0.028767172178667443
E01001793,0.003599200752438846
E01001794,0.0004174828293348957
E01001795,0.001070543797546001
E01001796,0.0009679432995008714
E01001798,0.019766447745157522
E01001799,0.0003475631362071862
E01001800,0.003689303579716658
E01001801,0.0006281901174720868
E01001802,0.0035408615316175522
E01001803,0.0010705873547252793
E01001804,0.0011910650193325159
E01001805,0.004116308505765258
E01001806,0.0013337609696789162
E01001807,0.003926340863064084
E01001808,0.010080474646535388
E01001809,0.0019498395626431012
E01001811,0.0006093977095516215
E01001812,0.0038175917208078548
E01001813,0.009595993981703452
E01001814,0.01599308466618043
E01001815,0.0010741414499161976
E01001816,0.0006515167805454683
E01001819,0.0064195399201223986
E01001820,0.004758613456528935
E01001821,0.0011106643791636158
E01001822,0.00037030485252688547
E01001823,0.00015549064244335244
E01001824,0.012743491703318425
E01001825,0.00046439875457686554
E01001826,0.00906207264207156
E01001827,0.004266617533006253
E01001828,0.0007653623487364152
E01001829,0.0029775380576654363
E01001830,0.0026777241823425033
E01001831,0.0032956541970167157
E01001832,0.00031279499761666585
E01001833,0.0004959536955048854
E01001834,0.00034058711785823527
E01001835,0.0001326817303600644
E01001836,0.013188185087764169
E01001837,0.006286149808856958
E01001838,0.0026816694346792763
E01001839,0.0058632380019461245
E01001840,0.007233188784552721
E01001841,0.008706040508710496
E01001842,0.0031249967207306185
E01001843,0.0006914887249578236
E01001844,0.005311798333777172
E01001845,0.005562803924175744
E01001846,0.002924431011481057
E01001847,0.005254530364483191
E01001848,0.013574473261032496
E01001849,0.00826625619981062
E01001850,0.019758927413069644
E01001851,0.002548264248919181
E01001852,0.002935432065896863
E01001853,0.0002678747521009785
E01001854,0.0007778722924257455
E01001855,0.0005702864489172794
E01001856,0.005232291049846898
E01001857,0.0016059713900995437
E01001858,0.007913393768703498
E01001859,0.009615301154656924
E01001860,0.014282382273025335
E01001861,0.015275529493491148
E01001862,0.007307985849141969
E01001863,0.0034907594927776563
E01001864,0.00565708935276422
E01001865,0.003640598037901038
E01001866,0.0035408215147383912
E01001867,0.002881029783004585
E01001868,0.0009617470633500524
E01001869,0.002408285840550515
E01001870,0.000997909022874617
E01001871,0.003806304461812477
E01001872,0.00043706811699007674
E01001873,0.0003955747057169258
E01001874,0.0013275934043553914
E01001875,0.003613789388923491
E01001876,0.0004387803553883176
E01001877,0.0015642151401253676
E01001878,0.004459120987779909
E01001879,0.004024463305551983
E01001880,0.012323756402514366
E01001881,0.006385940900788705
E01001882,0.005907081828765366
E01001883,0.002735197398636856
E01001884,0.00630572519232707
E01001885,0.0018105538696724188
E01001886,0.0011815020300185548
E01001887,0.0008344574517647403
E01001888,0.0015704132763436171
E01001889,0.0008381320430476446
E01001890,0.0005103793926750589
E01001891,0.0006358738728808356
E01001892,0.0005053360373622459
E01001893,0.00013228461822150706
E01001894,0.003054512103750929
E01001895,0.0038790515896430853
E01001896,0.0003939813898813215
E01001897,0.0010801561501540724
E01001898,0.0038802771548785246
E01001899,0.00203927204274557
E01001900,0.0006827907707476181
E01001901,0.0036618978396631267
E01001902,0.0026052102909026854
E01001903,0.0020740738100323798
E01001904,0.001674858101159373
E01001905,0.0011530581038102967
E01001906,0.002013820753674164
E01001907,0.006387589241109075
E01001908,8.617409082200662e-05
E01001909,0.0014539271169823102
E01001910,0.000654602438911764
E01001911,0.002332780068895573
E01001912,0.0026654009374969087
E01001913,0.0009017387949605378
E01001914,0.0017419863297359495
E01001915,0.009214982945394643
E01001916,0.001552454251429119
E01001917,0.0004926256928632014
E01001918,0.001863045264033635
E01001919,0.00279561884032535
E01001920,0.008032844925432861
E01001921,0.005853541434341711
E01001922,0.004088104455474694
E01001923,0.003940432779100706
E01001924,0.009445085349109563
E01001925,0.014483216845089112
E01001926,0.004271970199073243
E01001927,0.00850778501843696
E01001928,0.0048749225634526685
E01001929,0.004107836887857069
E01001930,0.0066361648778399535
E01001931,0.0014700976599573406
E01001932,0.005381188270189279
E01001933,0.003775507443235982
E01001934,0.011061737856072174
E01001935,0.002101918795422736
E01001937,0.014466331698295764
E01001938,0.028659760341959425
E01001939,0.001961304467853227
E01001940,0.0003483312867132223
E01001941,0.0006795509864522887
E01001942,0.0007561619082835807
E01001943,0.0009957385001526365
E01001944,0.0005639694330438607
E01001945,0.0002661244666145469
E01001946,0.00024661669552854384
E01001947,0.0026727079807012935
E01001948,0.003464230907953966
E01001949,0.0020172340007101526
E01001950,0.0037796189811327686
E01001951,0.009100616453652871
E01001952,0.0058936222229445095
E01001953,0.009102532616147132
E01001954,0.007304778358764232
E01001955,0.002029616565495064
E01001956,0.004866719668939649
E01001957,0.00021423460602817157
E01001958,0.0008257015156611524
E01001959,0.006784961918651758
E01001960,0.00144273024318433
E01001961,0.0005763851576162373
E01001962,0.003476850314061014
E01001963,0.008772828076191551
E01001964,0.008958456909339487
E01001965,0.002502154790719641
E01001966,0.005635594998448711
E01001967,0.006049767945614807
E01001968,0.022804198152193162
E01001969,0.0015305879457750246
E01001970,0.013527842779051644
E01001971,0.0013760270811306883
E01001972,0.013517338454361615
E01001973,0.009879463531413939
E01001974,0.008905529004897189
E01001975,0.0008631707893027923
E01001976,0.0007995696801500181
E01001977,0.0025122612872306564
E01001978,0.016392524534562494
E01001979,0.02008331562314515
E01001980,0.0014704469857150222
E01001981,0.0029258149009430173
E01001982,0.0026762211314731595
E01001983,0.001171773355827814
E01001984,0.01721377308838755
E01001985,0.0028878757466631604
E01001986,0.003157861763277836
E01001987,0.006874848139298597
E01001988,0.01096441643544483
E01001989,0.017613135057373053
E01001990,0.025502323941686462
E01001991,0.04683162214166286
E01001992,0.033994332926773896
E01001993,0.009771779129031623
E01001994,0.026205763644828316
E01001995,0.004213287146097287
E01001996,0.022297853080661983
E01001997,0.030771011724291007
E01001998,0.009277823274727419
E01001999,0.010558766423309784
E01002000,0.01478109687702934
E01002001,0.002370481949938013
E01002002,0.017844009553943153
E01002003,0.01620506621289987
E01002004,0.001945156148532971
E01002005,0.0242047680038604
E01002006,0.021045657435760545
E01002007,0.022659525702954892
E01002008,0.02521290387296586
E01002009,0.010696063817226518
E01002010,0.014939829027031636
E01002011,0.022994005138310472
E01002013,0.02634263198165505
E01002014,0.02045146425061553
E01002015,0.001818995337700954
E01002016,0.017704807316913585
E01002017,0.009730834337143836
E01002018,0.001776733124302083
E01002019,0.024363357779750437
E01002020,0.02121195427530869
E01002021,0.01938810769525946
E01002022,0.01643021879061787
E01002023,0.0057328338285744275
E01002024,0.00026619194897743747
E01002025,0.0077313044475905215
E01002026,0.010643369312644504
E01002027,0.0003746143940220192
E01002028,0.003254083707010064
E01002029,0.0145213868936768
E01002030,0.012387804620810561
E01002031,0.012450154573282466
E01002032,0.00587619103511915
E01002033,0.003480981145441969
E01002034,0.0173116032511234
E01002036,0.001817054661118262
E01002037,0.004170981674473596
E01002038,0.009000505903498915
E01002039,0.001971244391728121
E01002040,0.0005248006939513308
E01002041,0.0019333987785202264
E01002042,0.0005231374756518709
E01002043,0.0004852062749223148
E01002044,0.011743692962650664
E01002045,0.0013573651652973792
E01002046,0.0017782124369691847
E01002047,0.012929255957651965
E01002048,0.002030639931750491
E01002049,0.0006101938005166119
E01002050,0.0007705185395286472
E01002051,0.02378517938536117
E01002052,0.0003780157337312931
E01002053,0.0068029300538387
E01002054,0.0014024423204654004
E01002055,0.01223098960357821
E01002056,0.0006084376404370215
E01002057,0.00011982856080284122
E01002058,0.006821960156950915
E01002059,0.00032675564042171606
E01002060,0.004065584478651099
E01002061,0.0003328118543007261
E01002062,0.006159507231879361
E01002063,0.005619670582679024
E01002064,0.007548339774108762
E01002065,0.009568419524962119
E01002066,0.02052287464491554
E01002067,0.001473919247391922
E01002068,0.031406780245456394
E01002069,0.011869429407137477
E01002070,0.0014699032920861277
E01002071,0.023985856577688574
E01002072,0.014768615809739911
E01002073,0.0015138071937557448
E01002074,0.004407326725154583
E01002075,0.006323908766624569
E01002076,0.0060025400012664095
E01002077,0.01233041570363008
E01002078,0.025658404265747874
E01002079,0.0009048914444845545
E01002080,0.023015409543170176
E01002081,0.016394185855843325
E01002082,0.00032354605636364126
E01002083,0.003567502017041541
E01002084,0.0011615941084804472
E01002085,0.00814918140030919
E01002086,0.00022956417272133653
E01002087,0.002421476029339003
E01002088,0.003575808179591379
E01002089,0.00045100984554141693
E01002090,0.0028084659313420473
E01002091,0.002067632967016067
E01002092,0.002622629914221374
E01002093,0.002964792891801006
E01002094,0.003105368194661242
E01002095,0.008425609930807057
E01002096,0.002207588276507015
E01002097,0.0020530686162917853
E01002098,0.01744428598681023
E01002099,0.003953795561913679
E01002100,0.003637088161263142
E01002101,0.0031849721885848646
E01002102,0.006953411829222895
E01002103,0.004166174082579263
E01002104,0.0010663390631858048
E01002105,0.006711413538173673
E01002106,0.02073010266978446
E01002107,0.0017407351909274518
E01002108,0.012424746290093679
E01002109,0.009942399563102233
E01002110,0.008073130693513201
E01002111,0.024534781555937177
E01002112,0.006483547148862739
E01002113,0.002402985409048541
E01002114,0.009407706023168164
E01002115,0.0016246609551490226
E01002116,0.0024196575812514723
E01002117,0.011224391434251963
E01002118,0.022464101904946777
E01002119,0.013666502640622868
E01002120,0.0121025002816786
E01002121,0.018325735876534324
E01002122,0.00889484216221149
E01002123,0.01714519129926489
E01002124,0.002787766645512202
E01002125,0.005105488635548864
E01002126,0.011087697604030425
E01002127,0.009819212913171293
E01002128,0.0080637484058565
E01002129,0.013354143377132194
E01002130,0.011583941745266762
E01002131,0.00026378205018772887
E01002132,0.01909634090963409
E01002133,0.010878164301527618
E01002134,0.011666060668270108
E01002135,0.008162046066694253
E01002136,0.012549016049486801
E01002137,0.02772070003931139
E01002138,0.0039413179097041815
E01002139,0.0037328643877095158
E01002140,0.0026646025225578133
E01002141,0.00631333883646209
E01002142,0.004166069960732462
E01002143,0.003394726464472647
E01002144,0.001539102225059099
E01002145,0.0041356388646128376
E01002146,0.0006353237422437649
E01002147,0.0003963679880904071
E01002148,0.0012525538776825725
E01002149,0.0026287750736955144
E01002150,0.0011098088364959768
E01002151,0.003991534088042298
E01002152,0.004831614302090175
E01002153,0.0013554779223400046
E01002154,0.003211996165671231
E01002155,0.00047397461107458806
E01002156,0.0020653251083182253
E01002157,0.0020283898207635103
E01002158,0.001317820669791075
E01002159,0.0014651316538661068
E01002160,0.0033140122902247586
E01002161,0.004061017752817105
E01002162,0.006330341169619483
E01002163,0.006332359239048145
E01002164,0.0018421462531801427
E01002165,0.015816989733602627
E01002166,0.011376939974057634
E01002167,0.02292263455416822
E01002168,0.00479419821751506
E01002169,0.017221616700489252
E01002170,0.004420972650430599
E01002171,0.04358358265381281
E01002172,0.02354587988760686
E01002173,0.02127063004751755
E01002174,0.017678183333392106
E01002175,0.03722335395762952
E01002176,0.015998235775879915
E01002177,0.001206511027627847
E01002178,0.0008585358858535886
E01002179,0.021090571623227205
E01002180,0.01600817155218675
E01002181,0.00997239549723955
E01002182,0.005913775749605423
E01002183,0.01421793795405186
E01002184,0.009875269564450034
E01002185,0.006529163856620721
E01002186,0.024518355649518438
E01002187,0.007193609411856281
E01002188,0.002681978277815931
E01002189,0.00921288463661827
E01002190,0.0050345058807591105
E01002191,0.009769798233505069
E01002192,0.012751261349592997
E01002193,0.013213396691051142
E01002194,0.014351149068305542
E01002195,0.006544867277425417
E01002196,0.008331338647096466
E01002197,0.0017078627234178515
E01002198,0.004693326032968967
E01002199,0.016752279274327028
E01002200,0.02086183746825922
E01002201,0.010934781673478168
E01002202,0.028235334705610054
E01002203,0.016561692545058144
E01002204,0.006238446139861711
E01002206,0.0006200871235556513
E01002207,0.002634270826659833
E01002208,0.005395940681352943
E01002209,0.00806177178761517
E01002210,0.002310747088420463
E01002211,0.001989895814374197
E01002212,0.0014779230758554802
E01002213,0.005917087569640246
E01002214,0.005841627488648833
E01002215,0.0007404295388791513
E01002216,0.004617025112212782
E01002217,0.00223793313846636
E01002218,0.002004248865603458
E01002219,0.007852037747029828
E01002220,0.0004460397948682501
E01002221,0.001977735467751697
E01002222,0.00022373760375840463
E01002223,0.0005054093960977448
E01002224,0.0005617678583065459
E01002225,0.003417147982510992
E01002226,0.004899372712584941
E01002227,0.003391253150663777
E01002228,0.0034428454050953513
E01002229,0.0028804073447417657
E01002230,0.0036157902834540283
E01002231,0.007656404179850083
E01002232,0.0034495590449559045
E01002233,0.006248566715477162
E01002234,0.004492540743774622
E01002235,0.003529244944935514
E01002236,0.00904879982154665
E01002237,0.016415346860066158
E01002238,0.002076358398812311
E01002239,0.0036651197099580603
E01002240,0.005228120437705661
E01002241,0.0030316299460201373
E01002242,0.0032889890737968666
E01002243,0.014535958081589303
E01002244,0.02081958310238094
E01002245,0.012745531470563608
E01002246,0.01233440363465592
E01002247,0.006607178214164339
E01002248,0.010610688851514895
E01002249,0.00857234763189767
E01002250,0.017513697044864624
E01002251,0.009214078466920773
E01002252,0.009903264623390532
E01002253,0.025331773302083097
E01002254,0.01272921501455041
E01002255,0.00210020996795226
E01002256,0.000765074361226306
E01002257,0.0077242001468353265
E01002258,0.007339315315030863
E01002259,0.013175428487230896
E01002260,0.002982413494517419
E01002261,0.00356223790301278
E01002262,0.005023421184099072
E01002263,0.011785761165229338
E01002264,0.007190300083851444
E01002265,0.020113943160089215
E01002266,0.0030167800970769256
E01002267,0.002795007267643189
E01002268,0.017203697657311317
E01002269,0.026379182306527367
E01002270,0.013053547543832238
E01002271,0.0072892444617447625
E01002272,0.017909414579862403
E01002273,0.018161631789214948
E01002274,0.014137984989305371
E01002275,0.005096570015357003
E01002276,0.0028406652061719636
E01002277,0.0071243274499958025
E01002278,0.010146539810549852
E01002279,0.00556428468573457
E01002280,0.006629067110490472
E01002281,0.014062124761162028
E01002282,0.010926808338700847
E01002283,0.014421085656933256
E01002284,0.0073565752605492625
E01002285,0.028555118971448405
E01002286,0.011451011222459583
E01002287,0.016532381651986165
E01002288,0.016897804093820388
E01002289,0.04815700800540161
E01002290,0.05827198916417999
E01002291,0.030961342008350927
E01002292,0.06941458422331159
E01002293,0.01591359891108997
E01002294,0.03400368584747827
E01002295,0.015465193739928216
E01002296,0.04370452654794157
E01002297,0.006913242143660553
E01002298,0.014499409127931618
E01002299,0.010471372132674487
E01002300,0.017088251471449795
E01002301,0.002357287278507336
E01002302,0.007724054337468053
E01002303,0.005276312484300428
E01002304,0.006407084721769719
E01002305,0.0013625279674413058
E01002306,0.0006969336231155962
E01002307,0.0005559057036072861
E01002308,0.003310764173301443
E01002309,0.00982094156405576
E01002310,0.017616101241030916
E01002311,0.003220118996579141
E01002312,0.0026345295413753135
E01002313,0.004211080569689178
E01002314,0.009026556927715944
E01002315,0.006389556564984436
E01002316,0.007065985700354786
E01002317,0.009579774008177699
E01002318,0.0007422586046201289
E01002319,0.00545426689172835
E01002320,0.006767647744993308
E01002321,0.0066654883342919516
E01002322,0.002108213901536504
E01002323,0.0037488068324541576
E01002324,0.0035623528190841347
E01002325,0.035587067984691995
E01002326,0.01889970215667277
E01002327,0.0039368684754266265
E01002328,0.007688330380116363
E01002329,0.014080011634209865
E01002330,0.0034286063931881564
E01002331,0.023411053754670143
E01002332,0.008235135669131935
E01002333,0.004939878057135028
E01002334,0.0025633894636511606
E01002335,0.0050377190204194565
E01002336,0.004624527911086433
E01002337,0.008621321001989785
E01002338,0.01846580936869485
E01002339,0.003667795450105171
E01002340,0.011717241974264558
E01002341,0.004365787912753647
E01002342,0.0026681892682268323
E01002343,0.005393967127150401
E01002344,0.019052039585370627
E01002345,0.002233979834835804
E01002346,0.006725955563807186
E01002347,0.012098071267606375
E01002348,0.05021217603591424
E01002349,0.0017747547664870842
E01002350,0.004653873919133905
E01002351,0.0032664185133601444
E01002352,0.006127248326934289
E01002353,0.004319928502326584
E01002354,0.0011378896820095957
E01002355,0.001572586787251391
E01002356,0.01144170403077343
E01002358,0.00194261912347624
E01002359,0.005169937145874666
E01002360,0.0034391308347398223
E01002361,0.00883590242911715
E01002362,0.012335280543969953
E01002363,0.0034076213470061716
E01002364,0.0044443559822468885
E01002365,0.004320415610716735
E01002366,0.00881037179907911
E01002367,0.015901936790392326
E01002368,0.010438018013965758
E01002369,0.005949411586366226
E01002370,0.005522686668535817
E01002371,0.002172019222765923
E01002372,0.0029083627235970385
E01002373,0.0016740899334830393
E01002374,0.001752601185882255
E01002375,0.008892035803172712
E01002376,0.010942714608036743
E01002377,0.037857023105197125
E01002378,0.017644344841483944
E01002379,0.015758931231114975
E01002380,0.0052351088518068295
E01002381,0.004349757863201413
E01002382,0.003180534472457371
E01002383,0.019069977217614713
E01002384,0.0073418814530766645
E01002385,0.06588794837437664
E01002386,0.0032216925018170154
E01002387,0.000986195380820141
E01002388,0.055991554904703096
E01002389,0.08878106437770458
E01002390,0.02984074539772544
E01002391,0.006441665605673386
E01002392,0.007657601151878018
E01002393,0.004951713373761953
E01002394,0.0007846426623022369
E01002395,0.004201805550719087
E01002396,0.02962518496513688
E01002397,0.027429867321033953
E01002398,0.0006532096744862703
E01002399,0.009576767204426781
E01002400,0.021434015166828597
E01002401,0.03694181005883134
E01002402,0.0119848774715796
E01002403,0.003938167262635348
E01002404,0.00823943762970962
E01002405,0.02105176708265139
E01002406,0.028242481466207014
E01002407,0.02267374491110508
E01002408,0.012369006734458428
E01002409,0.011322512868501344
E01002410,0.02034682675223841
E01002411,0.01778535668277894
E01002412,0.02406778346591558
E01002413,0.011213196545016752
E01002414,0.01942268882162499
E01002415,0.006510715914272686
E01002416,0.006263056626983486
E01002417,0.02621970789561379
E01002418,0.0014398507034165948
E01002419,0.014718697801444669
E01002420,0.003176945228182292
E01002421,0.010527152812212712
E01002422,0.00855345624338115
E01002423,0.0065432071086399275
E01002424,0.017829569012547737
E01002425,0.013861020743999468
E01002426,0.008772144689697881
E01002427,0.01964683033278778
E01002428,0.00036638479723586113
E01002429,0.0074018276494001185
E01002430,0.01179781003310415
E01002431,0.01528304984303927
E01002432,0.03664260522023378
E01002433,0.022816028222633674
E01002434,0.030364298348308002
E01002435,0.02165603800513948
E01002436,0.033573871832895945
E01002437,0.011054002486952435
E01002438,0.007388929032651452
E01002439,0.0136468694898742
E01002440,0.014497456812942119
E01002441,0.03218774474636255
E01002442,0.019893816995002683
E01002443,0.02606010182010692
E01002444,0.014040972379499564
E01002445,0.007311684969114619
E01002446,0.012307245536513321
E01002447,0.0069147226593302726
E01002448,0.0012190366137923225
E01002449,0.005126101941901736
E01002450,0.0030182408531756505
E01002451,0.010895420122610891
E01002452,0.008059978161109323
E01002453,0.004511587334060738
E01002454,0.004438721523244098
E01002455,0.01078094011745451
E01002456,0.013281646919158159
E01002457,0.012304795229226631
E01002458,0.01836122103563964
E01002459,0.003370294222219225
E01002460,0.026848644907810432
E01002461,0.014553514031609722
E01002462,0.02733471041964863
E01002463,0.0019165474835540054
E01002464,0.0033477621385060827
E01002465,0.011464457233837079
E01002466,0.010099178046042826
E01002467,0.01641266184296976
E01002468,0.02083338218510046
E01002469,0.009639572416190586
E01002470,0.037071333489938144
E01002471,0.007839503035723965
E01002472,0.010227173508473283
E01002473,0.01829528489024613
E01002474,0.007354746224162318
E01002475,0.010124580182719717
E01002476,0.0034765685347080692
E01002477,0.011566225370334778
E01002478,0.012101062925975431
E01002479,0.00615217010467306
E01002480,0.025164780177298722
E01002481,0.01363237021376556
E01002482,0.018755690271282238
E01002483,0.021604226908857008
E01002484,0.01386574074074074
E01002485,0.02617356059610691
E01002486,0.012302968308287457
E01002487,0.009237099258688748
E01002488,0.009352979825003148
E01002489,0.022506836179490522
E01002490,0.020644681444057022
E01002491,0.006685093145277751
E01002492,0.017635207015526164
E01002493,0.001429310676807548
E01002494,0.005620916616897642
E01002495,0.004249763155109755
E01002496,0.0023138355034928353
E01002497,0.003597352493133371
E01002498,0.005990280055006779
E01002499,0.005750841410576094
E01002501,0.00481512547735952
E01002502,0.001634347567326291
E01002503,0.008451284086665007
E01002504,0.008358149150827011
E01002505,0.007802160632655037
E01002506,0.014975456901254774
E01002507,0.003438528465344922
E01002508,0.012233669086874855
E01002509,0.004630818445057398
E01002511,0.016650389708491184
E01002512,0.0015269076054629
E01002513,0.005715174098274635
E01002514,0.0030266111433750417
E01002515,0.006962244818923306
E01002516,0.0024942063036765823
E01002518,0.004736780133994278
E01002519,0.0038068108868544656
E01002520,0.0031868361896244535
E01002521,0.00448308034028165
E01002523,0.0041481676029548374
E01002525,0.008889778378677547
E01002526,0.011823272023152155
E01002527,0.003251608048252893
E01002528,0.008460643689708692
E01002529,0.01334179885024011
E01002530,0.003298886164777711
E01002531,0.007059968479117416
E01002532,0.007277172809493401
E01002533,0.024056213529486697
E01002534,0.01382617312925786
E01002535,0.024848185977518745
E01002536,0.02829888388640725
E01002537,0.013862863076152981
E01002538,0.014675513047512993
E01002539,0.017826096478525094
E01002540,0.00483974175286232
E01002541,0.0026614975450081836
E01002542,0.01117588771080908
E01002543,0.005036780089211701
E01002544,0.0028637395177754906
E01002545,0.00919462490397141
E01002546,0.01612623551875742
E01002547,0.012450314742540602
E01002548,0.013290612424379171
E01002549,0.03473613874323644
E01002550,0.001013855603616242
E01002551,0.017647596354417382
E01002552,0.009820990180032733
E01002553,0.015366058726641034
E01002554,0.016009718529079744
E01002555,0.014480600610465515
E01002556,0.006538981472076282
E01002557,0.01754611693279414
E01002558,0.017637095693443145
E01002559,0.032567778551618784
E01002560,0.004829992806422815
E01002561,0.000924479869737467
E01002562,0.0029688772645267464
E01002563,0.0052462544986565515
E01002564,0.0034024416132135606
E01002565,0.0016135765192959904
E01002566,0.01231496743411273
E01002567,0.0030927413091932543
E01002568,0.01763782444427088
E01002569,0.005448524389483672
E01002570,0.0035799968050031707
E01002571,0.003451077898582206
E01002572,0.010351640246389836
E01002573,0.006897620852424613
E01002574,0.0060323072945768115
E01002575,0.002521266610782226
E01002576,0.0047417125044556425
E01002577,0.005064909089199041
E01002578,0.0071794240652882525
E01002579,0.0198354543182415
E01002580,0.0007743297622780742
E01002581,0.014353775531300584
E01002582,0.010850660586877921
E01002583,0.005222565981048705
E01002584,0.007878341173717829
E01002585,0.006701135593234543
E01002586,0.008832529487292195
E01002587,0.014143808988251193
E01002588,0.005934649919617929
E01002589,0.01243514456979519
E01002590,0.018024614550779628
E01002591,0.0009830072395880778
E01002592,0.018763199140937267
E01002593,0.029083996760128742
E01002594,0.020145845921007093
E01002595,0.015193685627518437
E01002596,0.012093395202114747
E01002598,0.014360437875815856
E01002599,0.0006776419183001534
E01002600,0.005477334750114285
E01002601,0.017068776013453746
E01002602,0.004229529796346848
E01002603,0.004583767348521008
E01002604,0.0007840754829498122
E01002605,0.005996823208361202
E01002606,0.00914177973575173
E01002607,0.009338339704609178
E01002608,0.020898889112295163
E01002609,0.011864374202877271
E01002610,0.020793097321291854
E01002611,0.02744955036340492
E01002612,0.022758257708754337
E01002613,0.004603735489277311
E01002614,0.022572959176760554
E01002615,0.010346565977038555
E01002616,0.026821724954889017
E01002617,0.010570399588406791
E01002618,0.0019315091051251756
E01002619,0.005463569214276221
E01002620,0.003144556507016984
E01002621,0.0065764936303670226
E01002622,0.0062692466473332036
E01002623,0.008996688563591643
E01002624,0.005313992682505709
E01002625,0.0014345149109528943
E01002626,0.0008337198868207871
E01002627,0.00011198918931025858
E01002628,0.0015771524647927085
E01002629,0.0021767704844125233
E01002630,0.0033554801053071216
E01002631,0.004152690162553828
E01002632,0.004346663583361969
E01002633,0.0070793050026636654
E01002634,0.005468166937545756
E01002635,0.007193270655759876
E01002636,0.0033087513644323896
E01002637,0.02666433260485485
E01002638,0.00318344791413584
E01002639,0.006339946225536677
E01002640,0.006166593703199866
E01002641,0.0031555780027756656
E01002642,0.008791138633519302
E01002643,0.00520485743408636
E01002645,0.003773673150354937
E01002646,0.0017777549651651406
E01002647,0.004363926476924293
E01002648,0.004399453529836208
E01002649,0.007082462055356375
E01002650,0.015091882982081315
E01002651,0.0018175195382013696
E01002652,0.009890206830535242
E01002653,0.0012773684310598676
E01002654,0.0037870250673903583
E01002655,0.0038163125838223864
E01002656,0.013054347512045204
E01002657,0.0044791528337887986
E01002658,0.00233246533584813
E01002659,0.009230315645139561
E01002660,0.00879453592302112
E01002661,0.01346650979523994
E01002662,0.006762557920163966
E01002663,0.0077076380460973735
E01002664,0.012670197690253715
E01002665,0.021449736555801516
E01002666,0.02790408143711638
E01002667,0.016617837447438465
E01002668,0.02413540641412636
E01002669,0.006073971366927058
E01002670,0.016010013759890637
E01002671,0.013565535982416966
E01002672,0.017570605319894166
E01002673,0.006661613646163772
E01002674,0.0011700461538079992
E01002675,0.0027708534690111916
E01002676,0.0012939118554951008
E01002677,0.016241781052805885
E01002678,0.0018058719915369382
E01002679,0.0039039952129057993
E01002680,0.0029714358240300782
E01002681,0.016305789383848947
E01002682,0.013006206265151818
E01002683,0.008266796630754499
E01002684,0.00999037521428076
E01002686,0.0144576718169867
E01002687,0.0013568655520534384
E01002689,0.004707566887525715
E01002690,0.0009584888943705748
E01002691,0.002743908645825901
E01002692,0.005503613248927917
E01002693,0.0038096781301709577
E01002694,0.004341873264060518
E01002695,0.0026455707788212244
E01002696,0.007384955090239958
E01002697,0.00740230335296375
E01002698,0.005340268438814283
E01002699,0.004429455354639156
E01002700,0.003973680083875374
E01002701,0.0011621648182254518
E01002702,0.0014574645454180227
E01002703,0.002402318629773759
E01002704,0.0005055723943387511
E01002706,0.0009359065139392367
E01002707,0.008870715801640101
E01002708,0.005858836703600216
E01002709,0.004142944406443262
E01002710,0.007572749485895149
E01002711,0.01060254144637785
E01002712,0.002978426564822627
E01002713,0.008242896693818625
E01002714,0.003009419373553439
E01002715,0.0031427624442569605
E01002716,0.000354829432668048
E01002717,0.00037709915230404567
E01002718,0.0011416816702914914
E01002719,0.0014401879149614056
E01002720,0.0003567997026475995
E01002721,0.00014576689246172922
E01002722,0.00045414191441696107
E01002723,0.003310698009658746
E01002724,0.007068904407592102
E01002725,0.004251797919574507
E01002726,0.00991500507640309
E01002727,0.010516508774372772
E01002728,0.00915125855841789
E01002729,0.0013880049389438673
E01002730,0.0033141476153664864
E01002731,0.005130707225963578
E01002732,0.004198936281536014
E01002733,0.0053392952021117795
E01002734,0.009335484803536834
E01002735,0.009906110747681175
E01002736,0.000995281289771643
E01002737,0.004440467292738538
E01002738,0.0010743089871841228
E01002739,0.0008598366741588748
E01002740,0.0007619227706817473
E01002741,0.0016730800040658926
E01002742,0.00272906260150347
E01002743,0.0001996673168233088
E01002744,0.0002855148447229923
E01002745,0.000281851013275022
E01002747,0.002833402207922545
E01002748,0.010909833880056443
E01002749,0.000420926712146046
E01002751,0.0037908662083791424
E01002752,0.0001599154130189444
E01002753,0.0013141407857152588
E01002754,0.012375426704125184
E01002755,0.005505598520180255
E01002756,0.024533844688631137
E01002757,0.017666057081828376
E01002758,0.02218635223925899
E01002759,0.00388200702952776
E01002760,0.004800284696375826
E01002762,0.0014507946956422311
E01002763,0.0020950571960688803
E01002764,0.004176187176087743
E01002765,0.0014536443709387747
E01002766,0.002423797758225865
E01002767,0.0032985411632814312
E01002768,0.00213486141935283
E01002769,0.0002983169897492002
E01002770,0.009489968274613252
E01002771,0.0044561318869347005
E01002772,0.013846631094642514
E01002773,0.003534776633529065
E01002774,0.009172379870296406
E01002775,0.004897880434369528
E01002776,0.0013324753367336328
E01002777,0.003735236648828086
E01002778,0.00012543916740835457
E01002779,0.0029126160191456185
E01002780,0.0016645238951608402
E01002781,0.0046567770774695325
E01002782,0.000995436870131737
E01002783,0.0014066182401424056
E01002784,0.0003905869591418585
E01002785,0.008112208055723021
E01002786,0.002873504680127076
E01002787,0.0005942865438767573
E01002788,0.001322046476084849
E01002789,0.0008432665301403653
E01002790,0.011924699164994891
E01002791,0.007619637921240409
E01002792,0.006631635824084903
E01002793,0.0009203545038786693
E01002794,0.012600852749904478
E01002795,0.005913208297125432
E01002796,0.004216705615705254
E01002797,0.0016540184770818158
E01002798,0.00043908204468334956
E01002799,0.0011600366057549379
E01002800,0.0003870755133157265
E01002801,0.0022809198103732275
E01002802,0.00013824273833915873
E01002803,0.002330532134599608
E01002804,0.00478157692773761
E01002805,0.02182964954414774
E01002806,0.0025322234685243123
E01002807,0.004471119682171102
E01002808,0.0015321447547080702
E01002809,0.006293931464559835
E01002810,0.008057857817546995
E01002811,0.0092904338640898
E01002812,0.002444443227015241
E01002813,0.002860883109448103
E01002814,0.004202860642238072
E01002815,0.0027744616528062355
E01002816,0.004419390360152081
E01002817,0.004282390972539432
E01002818,0.003921139647122323
E01002819,0.005812405806128881
E01002820,0.0023338929159707755
E01002821,0.005534650507492288
E01002822,0.00269120100480199
E01002823,0.002955263927998802
E01002824,0.004640854123980556
E01002825,0.002675688222873953
E01002826,0.0129145092765749
E01002827,0.007870593473494851
E01002828,0.007241116389409043
E01002829,0.0020493132667124313
E01002830,0.002620846455764525
E01002831,0.004203075408782291
E01002832,0.0007474840303724237
E01002833,0.0037224384028650636
E01002834,0.00022998381049483863
E01002835,0.003640426103967143
E01002836,0.0005928455207562114
E01002837,0.0004983158249279039
E01002838,0.00018332435462202517
E01002839,0.004054561494674157
E01002840,0.012345572803578305
E01002841,0.007700015400062552
E01002842,0.0
E01002843,0.013868946527473523
E01002844,0.003976676682535688
E01002845,0.007122638209478912
E01002846,0.0001375911197837374
E01002847,0.00027111099129044743
E01002848,0.0023305898332112627
E01002849,0.00027503561885440676
E01002850,0.0012886821677649688
E01002851,0.0023230015626753337
E01002852,0.003132473131634414
E01002853,0.0007540041246501413
E01002854,0.001931756491918209
E01002855,0.0006860877712540966
E01002856,0.000924145942978051
E01002857,0.00017270463153776697
E01002858,0.0010733748121401147
E01002859,0.0010213661564420877
E01002860,0.0003177531456505202
E01002861,0.0017732857351437361
E01002862,0.0029377383263368712
E01002863,0.0011704938939180233
E01002864,0.0023231343806053217
E01002865,0.012639712193946093
E01002866,0.0037006463565762114
E01002867,0.001424533437698478
E01002868,0.001940598272619565
E01002869,0.008773666949367131
E01002870,0.0009319170042925618
E01002871,0.008815750024142529
E01002872,0.00028793500187131686
E01002873,0.002386409345975447
E01002874,0.0035395323610943716
E01002875,0.0016912237354867223
E01002876,0.001016762152753447
E01002877,0.0005242505368097644
E01002878,0.0017043693315354949
E01002879,0.0026244027468534745
E01002880,0.00120337170061468
E01002881,0.0003759859654761427
E01002882,0.003250824203282409
E01002883,0.0061373357674170135
E01002884,0.010798115008710708
E01002885,0.011958537522374803
E01002886,0.005800051605280715
E01002887,0.001791085403545901
E01002888,0.0021095476276565828
E01002889,0.008088854070413671
E01002890,0.0006512174593834159
E01002891,0.0049469107326291254
E01002892,0.0013309372614599656
E01002893,0.004044417500005103
E01002894,0.005334311505369562
E01002895,0.0002335513976045129
E01002896,0.0005433069973588455
E01002897,0.0023052468171881027
E01002898,0.0002670552329658976
E01002899,0.0004411331361490272
E01002900,0.004267183689234426
E01002901,0.004811524117864022
E01002902,0.0011368316404740727
E01002903,0.000322242317593754
E01002904,0.00014018948703302923
E01002905,0.0028438423031265634
E01002906,0.0014250096172737795
E01002907,7.542114387962285e-05
E01002908,0.00109920813187054
E01002909,0.0018563370256582854
E01002910,0.0005212083926458835
E01002911,0.0007770152346971555
E01002912,0.0013146017561277965
E01002913,0.005892052486970326
E01002914,0.0007354973141614345
E01002915,0.020007331744573694
E01002916,0.021302620288621777
E01002917,0.0016153869414160871
E01002918,0.0021471618088282104
E01002919,0.021188163178731557
E01002920,0.0036556916139501216
E01002921,0.017771698294492544
E01002922,0.001171755080913681
E01002923,0.005434250145826511
E01002924,0.0008154569844815563
E01002925,0.02535656507532096
E01002926,0.0023790908768570717
E01002927,0.020092193788396318
E01002928,0.03051126797787972
E01002929,0.005139678334068028
E01002930,0.008951079811423204
E01002931,0.007613465256824785
E01002932,0.008697833563805268
E01002933,0.0011122540544942416
E01002934,0.0015220597039298264
E01002935,0.005406873418445135
E01002937,0.002397433875339747
E01002938,0.0014918193161405214
E01002939,0.017185997834119806
E01002940,0.010482283094231881
E01002941,0.013512923055848646
E01002942,0.014678659438458927
E01002943,0.004136121367508246
E01002944,0.0010801431004527518
E01002945,0.00863644405141627
E01002946,0.007108606115840165
E01002947,0.006557405989673458
E01002948,0.012446450184326973
E01002949,0.006035813411979068
E01002950,0.0034923993028462366
E01002951,0.0015682932991607406
E01002952,0.004343966214023868
E01002953,0.0067297333366153345
E01002954,0.005939128510417698
E01002955,0.009615826697258373
E01002956,0.0036932851064972604
E01002957,0.00128741529393592
E01002958,0.007853281479309845
E01002959,0.0071482487261471965
E01002960,0.009414762675039462
E01002961,0.0031811545647548495
E01002962,0.0042662615679183065
E01002963,0.004424495280787164
E01002964,0.010566552494415486
E01002965,0.016645642146386745
E01002966,0.0060995618206923195
E01002967,0.009794068268055248
E01002968,0.014493133504831402
E01002969,0.013953688367048647
E01002970,0.016499021165811933
E01002971,0.014335735965015061
E01002972,0.020762620769009928
E01002973,0.023162508648191988
E01002974,0.0190955369489568
E01002975,0.008072222410139598
E01002976,0.0013080523348579939
E01002977,0.015022596678284119
E01002978,0.021925407401345614
E01002979,0.009533162202067357
E01002980,0.008420458217160995
E01002981,0.0162260853708572
E01002982,0.032606178146356676
E01002983,0.00877661601764267
E01002984,0.025949989787734322
E01002985,0.0020629856435826067
E01002986,0.005427713298767422
E01002987,0.0050502532841893225
E01002988,0.035565515257388346
E01002989,0.010690849476218053
E01002990,0.016793763939472885
E01002991,0.015501924174605271
E01002992,0.000382724019332744
E01002993,0.012121673125901901
E01002994,0.010848192892898479
E01002995,0.016882836884326086
E01002996,0.030896048058229382
E01002997,0.026923435348303954
E01002998,0.00834809400794246
E01002999,0.024605968753399876
E01003000,0.01747558828851139
E01003001,0.01745756806052616
E01003002,0.018757258408825642
E01003003,0.02452892679468753
E01003004,0.013873389586552487
E01003005,0.013636346766318025
E01003006,0.00639525695459738
E01003007,0.0021567461343658775
E01003008,0.003395233335896056
E01003009,0.00447914528399493
E01003010,0.0006462934211236166
E01003011,0.0008982938025572585
E01003013,0.0061226593376038745
E01003014,0.004273841563429752
E01003015,0.001211403385427129
E01003016,0.009178777266973597
E01003017,0.0034978711450215625
E01003018,0.007367096317420569
E01003019,0.005315215239121693
E01003020,0.018304784152802043
E01003021,0.0001551536650938731
E01003022,0.004259241654343391
E01003023,0.0067298623003434425
E01003024,0.008739448213682593
E01003025,0.005949133649058327
E01003026,0.013746072295685117
E01003027,0.002673891994983979
E01003028,0.0058347142358495755
E01003029,0.01329479249719839
E01003030,0.02957089486754732
E01003031,0.011892568656057399
E01003032,0.03484689539927475
E01003033,0.006639640809468854
E01003034,0.013251075289805816
E01003035,0.014287331961852598
E01003036,0.002005089569572512
E01003037,0.009119831708388587
E01003038,0.019315063166339044
E01003039,0.00918633223339417
E01003040,0.018188821578821672
E01003041,0.011415014603877902
E01003042,0.026481378383796914
E01003043,0.005410230222996988
E01003044,0.000114316842644208
E01003045,0.004276769324038444
E01003046,0.0050886367590594365
E01003047,0.006314527054595387
E01003048,0.004135099075068734
E01003049,0.003108837678330017
E01003050,0.011331858262751024
E01003051,0.008610652180266474
E01003052,0.0032516689343222494
E01003053,0.003946491188042358
E01003054,0.01851807420743544
E01003055,0.011412305260961892
E01003056,0.0017952675106495256
E01003057,0.021970527764703714
E01003058,0.025988741198879433
E01003059,0.00118388030905416
E01003060,0.00405111982185729
E01003061,0.009338106852492855
E01003062,0.0014733509749891322
E01003063,0.0007618509440908143
E01003064,0.0010721569939096602
E01003065,0.0007698515214824179
E01003066,0.000988349178087021
E01003067,0.00054062080726657
E01003068,0.00046866161877421496
E01003069,0.0005653280400989972
E01003070,0.001137843410314293
E01003071,0.002933788430922002
E01003072,0.0021795709998584335
E01003073,0.005539452780280954
E01003074,0.007785058007091287
E01003075,0.004087689528073643
E01003076,0.004245306420698946
E01003077,0.0013265696666850378
E01003078,0.0015927186549603099
E01003079,0.007551483865666829
E01003080,0.0025216256541444803
E01003081,0.001582239569959912
E01003082,0.00044150675717731584
E01003083,0.004857141221610824
E01003084,0.000979638044589852
E01003085,0.0022212066189758123
E01003086,0.0005631960687983985
E01003087,0.0012494264081347763
E01003088,0.007265831223540701
E01003089,0.012597023278451344
E01003090,0.018269650367645357
E01003091,0.01648697068681616
E01003092,0.0031774277198927683
E01003093,0.00902044203001343
E01003094,0.0041271904385732396
E01003095,0.0031926061182436355
E01003096,0.015119646207635111
E01003097,0.0034619376820339467
E01003098,0.0003832805119708285
E01003099,0.006673707438731066
E01003100,0.005869909261538649
E01003101,0.00152606468630734
E01003102,0.007841114485172761
E01003104,0.0030714287041259053
E01003105,0.00028566494488215216
E01003106,0.00040117325704775716
E01003107,0.0006082121120943436
E01003108,0.000138935629398495
E01003109,0.0028566810305412794
E01003110,0.0007303217026234383
E01003111,0.0004618096438935297
E01003112,0.0012454076977695292
E01003113,0.0011064827672659643
E01003114,0.0007908981851425073
E01003115,0.0003073530374563789
E01003116,0.0013399888924846212
E01003117,0.0034149738711309816
E01003118,0.005981690178079742
E01003119,0.005993023123456171
E01003120,0.00592952150047979
E01003121,0.004941282375202759
E01003122,0.0017377077994718028
E01003123,0.006195709166076407
E01003124,0.008745603667709743
E01003125,0.006103733670452132
E01003126,0.008958797359970136
E01003127,0.010638328176787221
E01003128,0.006420582117313993
E01003129,0.0018264016041467219
E01003130,0.004365177734575868
E01003131,0.01005279695264588
E01003132,0.005294870963270351
E01003133,0.006668270655818843
E01003134,0.0003130858987086776
E01003135,0.0031863024268366613
E01003136,0.006316743257110314
E01003137,0.015483522836149871
E01003138,0.011614830733209873
E01003139,0.009596183228201152
E01003140,0.00424743468364331
E01003141,0.006382136147574441
E01003142,0.003323072493842926
E01003143,0.0020362855987966656
E01003144,0.0004132865406592334
E01003145,0.0008894084115282693
E01003146,0.0008528439533767732
E01003147,0.0018659524008221076
E01003148,0.00616114583364486
E01003149,0.006078813141187987
E01003150,0.0007024465767053794
E01003151,0.0056781705045186506
E01003152,0.005953181615632446
E01003153,0.0068193627412235815
E01003154,0.0032618910199490913
E01003155,0.003055432904861845
E01003156,0.0024079759822783356
E01003157,0.0021452200875814744
E01003158,0.012849175852684752
E01003159,0.0013458827908842867
E01003160,0.01184367595368275
E01003161,0.004133114582825796
E01003162,0.00963736207450121
E01003163,0.006384715920602597
E01003164,0.009908141173274456
E01003165,0.0029198330786949596
E01003166,0.008476483293118873
E01003167,0.002027011949799104
E01003168,0.002294264893175694
E01003169,0.0037553996739945516
E01003170,0.006683619418515988
E01003171,0.0017279402145200463
E01003172,0.004370633609961734
E01003173,0.0042178068700224535
E01003174,0.004789757887478348
E01003175,0.003990542389314405
E01003176,0.011016177090507001
E01003177,0.006955450452533548
E01003178,0.000921622912571418
E01003179,0.014539427675613446
E01003180,0.005552853440699201
E01003181,0.00451414526827026
E01003182,0.0034752683491867443
E01003183,0.006082476346604954
E01003184,0.00317213539863403
E01003185,0.0026533504411185033
E01003186,0.009505905322955642
E01003187,0.0014635405585914142
E01003188,0.009933970585775585
E01003189,0.0009305693507485742
E01003190,0.010999271853243068
E01003191,0.006426536426536427
E01003192,0.0061995443625799925
E01003193,0.004045441222153084
E01003194,0.004093574039428824
E01003195,0.0015366263029313785
E01003196,0.004039389860707361
E01003197,0.0031771163153067063
E01003198,0.005016626950469189
E01003199,0.012066242536899415
E01003200,0.012742682191367519
E01003201,0.0029173636220024947
E01003202,0.02053080985932435
E01003203,0.012440861732934957
E01003204,0.008169914384927108
E01003205,0.0012576436214996871
E01003206,0.001588277627874686
E01003207,0.022442215637793424
E01003209,0.008414760395475543
E01003210,0.015374967992719575
E01003211,0.020273328476254685
E01003212,0.014379894745623355
E01003213,0.008714138982653781
E01003214,0.015905097925062697
E01003215,0.01161568521601984
E01003216,0.004070359396322369
E01003217,0.001338185968818818
E01003218,0.0009538060616719761
E01003219,0.005456088886922875
E01003220,0.014745235546762265
E01003221,0.011093718059058112
E01003222,0.00493701782026147
E01003223,0.00970155132011048
E01003224,0.018695622973730598
E01003225,0.016813304585362107
E01003226,0.017438193070084505
E01003227,0.020111104074956792
E01003228,0.0031632542101462493
E01003229,0.009084876806291893
E01003230,0.008716715110169184
E01003231,0.012196500410028824
E01003232,0.008306281096781522
E01003233,0.00823962846804435
E01003235,0.0004395408473291274
E01003236,0.004210726578443679
E01003237,0.0021828923701979965
E01003238,0.0005782232650576822
E01003239,0.002624396130805464
E01003240,0.001422197677922869
E01003241,0.006823431021904305
E01003243,0.0020137630129255795
E01003244,0.0002987913485662931
E01003245,0.00013161482022601897
E01003246,0.005106957923013082
E01003247,0.0006229857772543971
E01003248,0.0055162832032614635
E01003249,0.0002519145632373618
E01003250,0.0008496789069815076
E01003251,0.0020722519899523716
E01003252,0.0028337950276563512
E01003253,0.003206195658398194
E01003254,0.012623185340933731
E01003255,0.025711551147937915
E01003256,0.008333323484137662
E01003257,0.01103408893665267
E01003258,0.0035987897309167688
E01003259,0.011211009217295701
E01003260,0.012332204472061611
E01003261,0.01301748750621465
E01003262,0.014572895015643107
E01003263,0.004802947802002559
E01003264,0.004677019566717725
E01003265,0.004038371182091321
E01003266,0.00329971288925112
E01003267,0.0013288718632230082
E01003268,0.016213038040226606
E01003269,0.011164008362552326
E01003270,0.003926943636881925
E01003271,0.006548756415020064
E01003272,0.009481377858117868
E01003273,0.003552521818732225
E01003274,0.014233915089596956
E01003275,0.007301984871396478
E01003276,0.006797826462796777
E01003277,0.0070100194145995675
E01003278,0.012912911010005855
E01003279,0.006695639296148203
E01003280,0.011913351628478073
E01003281,0.014662980701267916
E01003282,0.020505488532590727
E01003283,0.006568728912766817
E01003284,0.004936420227083762
E01003285,0.006444877429610254
E01003286,0.017589542401799982
E01003287,0.012256462356286198
E01003288,0.012447003028609719
E01003290,0.011160179299701227
E01003291,0.010425543780505614
E01003292,0.005034998626490511
E01003293,0.005447604788705632
E01003295,0.01108990761438
E01003296,0.02103725980679365
E01003297,0.003876223122259529
E01003298,0.0018275886744244293
E01003299,0.014446852913195732
E01003300,0.0026966443459195055
E01003301,0.002512010599123307
E01003302,0.008489933157730726
E01003303,0.018163408035884548
E01003304,0.0019870148660437043
E01003305,0.006369105103894614
E01003307,0.0022756511693506113
E01003308,0.01098529084648176
E01003309,0.004384055300085835
E01003310,0.012035239269517033
E01003311,0.003139245170481461
E01003312,0.005591462969999118
E01003313,0.000615795986477834
E01003314,0.0009364012671900714
E01003315,0.026231361702099616
E01003316,0.029243995708372297
E01003317,0.01513348918658573
E01003318,0.0349304705117716
E01003319,0.013031475397887612
E01003320,0.005320728547766223
E01003321,0.021846389986987704
E01003322,0.008886296990448407
E01003323,0.0021814321215229515
E01003324,0.00550269631296985
E01003325,0.01374699604184337
E01003326,0.00819952806594028
E01003327,0.00699193208959711
E01003328,0.002715370577965998
E01003329,0.00019392659523521027
E01003330,0.004366074623708212
E01003331,0.01021925956016442
E01003332,0.006578878292724773
E01003333,0.002957262852608827
E01003334,0.007271606603667672
E01003335,0.00039454572851519413
E01003336,0.007474143046662131
E01003337,0.005301211369913661
E01003338,0.013371548550771916
E01003339,0.011080247610635162
E01003340,0.031002865600093407
E01003341,0.0015574152244179611
E01003342,0.00405272717591749
E01003343,0.009655664144391288
E01003344,0.0069783379853441555
E01003345,0.019025258088272608
E01003346,0.010306848330402288
E01003347,0.0008953222526695809
E01003348,0.006977532795804158
E01003349,0.0035695563852873743
E01003350,0.0020595768717603805
E01003351,0.0038619331075550206
E01003352,0.008357287562122168
E01003353,0.004111024620778649
E01003354,0.008832496169492329
E01003355,0.010341827750352882
E01003356,0.0067734467893684515
E01003357,0.010574651336076128
E01003358,0.004966506220223268
E01003359,0.002963138733659301
E01003360,0.002089424759314388
E01003361,0.008256550050118043
E01003362,0.004154486842072357
E01003363,0.002261150367351339
E01003364,0.002408702649170587
E01003365,0.004674798446655843
E01003366,0.003138586388821049
E01003367,0.008907638090669414
E01003368,0.0007910055965373265
E01003369,0.00019458307814597154
E01003370,0.003546427674766555
E01003371,0.0034821645425082617
E01003372,0.000339012214639324
E01003373,0.004476630346150551
E01003374,0.021190580624915308
E01003375,0.026109318341664127
E01003376,0.0025424893745653013
E01003377,0.0019316923157112885
E01003378,0.0063759731975433975
E01003379,0.0061013221713061006
E01003380,0.003193536640290067
E01003381,0.0005927573298233657
E01003382,0.0037693681778102105
E01003383,0.002094659308583417
E01003384,0.0029046773029943692
E01003385,0.0019006639115487587
E01003386,0.013784887992722811
E01003387,0.007382741465005115
E01003388,0.01142269548317163
E01003389,0.021191615203356995
E01003390,0.020391293888713014
E01003391,0.005107090637003133
E01003392,0.017814528187049157
E01003393,0.000751259357660145
E01003394,0.006042204421117109
E01003395,0.012619102638166763
E01003396,0.0003142455719692839
E01003397,0.0005967071997562561
E01003398,0.009548868480119856
E01003399,0.0035544189763837674
E01003400,0.004258384745755467
E01003401,0.0018102796470866659
E01003402,0.003843245024928987
E01003403,0.0009706970939288022
E01003404,0.0016319836713433358
E01003405,0.010501871959590773
E01003406,0.0022394114574677717
E01003407,0.02623019234610894
E01003408,0.0063863870461748256
E01003409,0.006291961218036425
E01003410,0.005736488187539908
E01003411,0.005638724884528953
E01003412,0.014109947363055412
E01003413,0.0035961926400487126
E01003414,0.009375944736190564
E01003415,0.005567237828932233
E01003416,0.010962802784106798
E01003417,0.006018730176609915
E01003418,0.002782580743620149
E01003419,0.001087585514913801
E01003420,0.0009776287423551057
E01003421,0.00277329781364375
E01003422,0.007162848054283222
E01003423,0.005414111535337478
E01003424,0.0060845021584530305
E01003425,0.00957893198149515
E01003426,0.013114417325810195
E01003427,0.011491987416650678
E01003428,0.00867301183741539
E01003429,0.0006202441705833498
E01003430,0.026423217584146678
E01003431,0.010799286912120992
E01003432,0.01256431909224969
E01003433,0.011131098815872296
E01003434,0.00689594822346363
E01003435,0.03294520046922446
E01003436,0.009560984551208586
E01003437,0.02230843368517432
E01003438,0.005703502690869287
E01003439,0.024523135225221527
E01003440,0.037382894500938894
E01003441,0.02173415180253399
E01003442,0.0005957569803302381
E01003443,0.00109307755694959
E01003444,0.0031300795513876625
E01003445,0.00563312527951156
E01003446,0.003430017791682681
E01003447,0.007582383488935983
E01003448,0.0028407731666893273
E01003449,0.007926022167503845
E01003450,0.004750372464957888
E01003451,0.007382863024548891
E01003452,0.004561194472315972
E01003453,0.009167041004414938
E01003454,0.0007163852809876361
E01003455,0.00042535311954447697
E01003456,0.001349055854309632
E01003457,0.0001405634493914918
E01003458,0.0002840769424040835
E01003459,0.0005471663332861896
E01003460,0.0006545543214147602
E01003461,0.0016867371343954624
E01003462,0.0005208274162770355
E01003463,0.0023624978277420636
E01003464,0.0029634113866174694
E01003465,0.0029095754491530812
E01003466,0.0010165208538626498
E01003467,0.00045395821910995183
E01003468,0.0005803727960945278
E01003469,0.008810551743633233
E01003470,0.0089388485298837
E01003471,0.002790228194000485
E01003472,0.0005538263290913337
E01003473,0.0035013191940974717
E01003474,0.002252799576438232
E01003475,0.010321160868347317
E01003476,0.004095567027354729
E01003477,0.004292407847512288
E01003478,0.003991018832444683
E01003479,0.000356992077681893
E01003480,0.006516262141307177
E01003481,0.0035262151525797224
E01003482,0.011143339743061127
E01003483,0.002175251820058586
E01003484,0.0008906790050901046
E01003485,0.0011964742044532767
E01003486,0.010499877944778534
E01003487,0.0060391681559569125
E01003488,0.0005888868380786296
E01003489,0.0007507295616629616
E01003490,0.00099212673676991
E01003491,0.005295185096804865
E01003492,0.0010980968483299393
E01003493,0.0021268671107192356
E01003494,0.0003600069066376007
E01003495,0.0002530139991988553
E01003496,0.002611237217222696
E01003497,0.009896302096640315
E01003498,0.0024281038515399614
E01003499,0.008697862433358771
E01003500,0.007139380565256634
E01003501,0.00512408757629761
E01003502,0.010510867063956158
E01003503,0.009010547873322778
E01003506,0.0010837713508379347
E01003507,0.0037584628809425795
E01003508,0.002226543901748477
E01003509,0.0015921382322828315
E01003511,0.0007182590150537734
E01003512,0.0010868509511051938
E01003513,0.0013221313779437761
E01003514,0.00025357190185962893
E01003515,0.0013071566764365286
E01003516,0.005547766459053975
E01003517,0.004037505350704426
E01003518,0.0027626819098656077
E01003519,0.0002204475177735316
E01003520,0.0009807501930913893
E01003521,0.00129547162730577
E01003522,0.0007276424411552614
E01003523,0.011882218951782151
E01003524,0.001386539212292931
E01003525,0.001634980749544648
E01003526,0.003560799144246059
E01003527,0.0016539082703428175
E01003528,0.001391295029558322
E01003529,0.0006803083220139721
E01003530,0.0005148342940208559
E01003531,0.0008030369796032568
E01003532,0.00025812558163906834
E01003533,0.0005935066383091883
E01003534,0.0004611978988491091
E01003535,0.011305580140470929
E01003536,0.004422826476982502
E01003537,0.0028615444936237245
E01003538,0.008631672599395929
E01003539,0.000493172074438546
E01003540,0.008658788942073354
E01003541,9.505232589727463e-05
E01003542,0.004362085420590211
E01003543,0.0028843755651686413
E01003544,0.00447316743209283
E01003545,0.0036983369572611935
E01003546,0.0012185882564993795
E01003547,0.00047145856042386884
E01003548,0.0009981063327137883
E01003549,0.005273449170199191
E01003550,0.0008859647108739184
E01003551,0.011297158708189954
E01003552,0.0006973892175635858
E01003553,0.006608308480324877
E01003554,0.0012169288151893162
E01003555,0.0038967190946117805
E01003556,0.005609630482261968
E01003557,0.00048339492012687546
E01003558,0.013007115939812504
E01003559,0.005048846330312153
E01003560,0.00044330007225454055
E01003561,0.0011609254720474237
E01003562,0.002110308604793541
E01003563,0.00026691978701895474
E01003564,0.0006378505664530424
E01003565,0.0007531867109604645
E01003566,0.003023264717449032
E01003567,0.0034755312759983006
E01003568,0.00031282310242061306
E01003569,0.0034339834505851857
E01003570,0.00469167253651689
E01003571,0.0010348233250467296
E01003572,0.0035893679545175913
E01003573,0.003344023293937166
E01003574,0.004787805554792711
E01003575,0.002509537928565558
E01003576,0.009652034816226694
E01003577,0.007755261761959398
E01003578,0.0009437316052635436
E01003579,0.0010801434357505869
E01003580,0.010044432814115361
E01003581,0.0007872211292103022
E01003582,0.004852043185511957
E01003583,0.007662465123783514
E01003584,0.0009047802213517835
E01003585,0.00012407342575252765
E01003586,0.013675417434227422
E01003587,0.004296927548347635
E01003588,0.0007678386485717812
E01003589,0.0010273869749233137
E01003590,0.00044618907599602864
E01003591,0.00323160296668354
E01003592,0.0013713910845662217
E01003593,0.0030680798784818476
E01003594,0.00218045471008218
E01003595,0.008984988123160759
E01003596,0.005224831239519989
E01003597,0.0008836182411532154
E01003598,0.0020790287731704735
E01003599,0.000545879201802701
E01003600,0.0058834324394208696
E01003601,0.004616587591618581
E01003602,0.008191231470848966
E01003603,0.0011339043186838053
E01003604,0.0026196255242288678
E01003605,0.0036118534378672506
E01003606,0.004701061626775642
E01003607,0.004703890136744548
E01003608,0.0033982293494534506
E01003609,0.001100115013620227
E01003611,0.0015241935204405187
E01003615,0.0039017867052209853
E01003616,0.0072016086824961325
E01003617,0.007627986791094102
E01003618,0.010242888872448567
E01003619,0.021871032191938866
E01003621,0.003199940869331284
E01003622,0.022457977986216085
E01003623,0.004908580604368632
E01003624,0.0019451303623376447
E01003625,0.010180866946690025
E01003626,0.00038327588362415386
E01003627,0.0008496246420555684
E01003628,0.0010940968723839792
E01003629,0.000428728426592369
E01003630,0.007536700982049371
E01003631,0.004989388943700968
E01003632,0.00020190187004424652
E01003633,0.00921296297789209
E01003634,0.0018194547116406356
E01003635,0.0044151162094902465
E01003636,0.008433437653835424
E01003637,0.0011745231924087953
E01003638,0.00946628076771257
E01003639,0.013216351634762162
E01003640,0.039774689726700195
E01003641,0.023456520413712708
E01003642,0.005080351055267623
E01003643,0.025253123766462125
E01003644,0.006033495839933563
E01003645,0.028289907736595454
E01003646,0.0037839690774703516
E01003647,0.012204482515292195
E01003648,0.007062868296539712
E01003649,0.008632746617863422
E01003650,0.013711799045465965
E01003651,0.004045259426721371
E01003652,0.0035651221367875474
E01003653,0.00958787343329089
E01003654,0.0012396197077729181
E01003655,0.0018410760083569068
E01003656,0.0015940972999262822
E01003657,0.009354770898372836
E01003658,0.00032969762604644764
E01003659,0.0008136387618363792
E01003660,0.0008658421667033909
E01003661,0.01023812484300427
E01003662,0.018617277522778652
E01003663,0.015808360080753953
E01003664,0.0038348072743594327
E01003665,0.007244030767768522
E01003666,0.010039312482796277
E01003668,0.006202833085639541
E01003669,0.013172363390617434
E01003670,0.007744152492731013
E01003671,0.005701102745259827
E01003672,0.013706991528403522
E01003673,0.014912943367125253
E01003674,0.00994277144739766
E01003675,0.0024518327679671783
E01003676,0.0010012253500169303
E01003677,0.004297311200592194
E01003678,0.000985319794514797
E01003679,0.004314767562432899
E01003680,0.010262044930784735
E01003681,0.0026224843958438703
E01003682,0.0017258449475035294
E01003683,0.0035521372784924595
E01003684,0.004692529228633245
E01003685,0.0020345811879430202
E01003686,0.008004597303352705
E01003688,0.0016911372324442781
E01003689,0.003797707756482021
E01003690,0.01366140843282609
E01003691,0.003272905201220951
E01003692,0.007574174512030738
E01003693,0.0007280064246609326
E01003694,0.0034855943088159327
E01003695,0.004483239833654302
E01003696,0.004071800014670076
E01003697,0.0011398670566936482
E01003698,0.0019964832956543585
E01003699,0.005557640899535954
E01003700,0.0340851164242272
E01003701,0.013997985824370831
E01003702,0.005700321527254459
E01003703,0.003616736353868165
E01003704,0.018378643149554983
E01003705,0.010272119233023529
E01003706,0.00276248454669484
E01003707,0.004636779052530468
E01003708,0.001893820107168035
E01003709,0.003059054901023766
E01003710,0.0016318844831094623
E01003711,0.010374284231480917
E01003712,0.0033751465293477352
E01003713,0.012906568103252353
E01003714,0.012869970077164778
E01003715,0.011838857226950671
E01003716,0.008641956459384809
E01003718,0.0030379960550318934
E01003719,0.015750776819815383
E01003720,0.01343292573345324
E01003721,0.0048007396837103904
E01003722,0.0046460720681300695
E01003723,0.00419153944197903
E01003724,0.0037343247090345813
E01003725,0.0024249593463689365
E01003726,0.02013172781102936
E01003727,0.0008287352730347199
E01003728,0.005720747729876598
E01003729,0.005527340703565454
E01003730,0.001059272281004345
E01003731,0.0036885330689084106
E01003732,0.0024980228965369436
E01003733,0.0031546098820303603
E01003734,0.014209145738953894
E01003735,0.004775376414786951
E01003736,0.005430444711663415
E01003737,0.001810941257209321
E01003738,0.016544567913424294
E01003739,0.00942461635317176
E01003740,0.0034637554912418616
E01003741,0.01742791620641052
E01003742,0.0024769984399334926
E01003743,0.001377839842952167
E01003744,0.004812955647112112
E01003745,0.0018007218775442802
E01003746,0.0011529177287696057
E01003747,0.000533965929211146
E01003748,0.005637751819761883
E01003749,0.0024490903036212355
E01003750,0.00791446247494013
E01003751,0.015159989259326632
E01003752,0.01047022485345697
E01003753,0.007218874399158717
E01003754,0.027988708269039844
E01003755,0.02228049305630316
E01003756,0.03147605795834884
E01003757,0.017189383948756593
E01003758,0.007649465731455181
E01003759,0.0041262538033108144
E01003760,0.005342091282733848
E01003761,0.0014844042768982174
E01003762,0.00709892798205353
E01003763,0.0035182270732025465
E01003764,0.004828348293888116
E01003765,0.006166292622183317
E01003766,0.01878028133634765
E01003767,0.02280270489369962
E01003768,0.022573057962823412
E01003769,0.024341764939205587
E01003770,0.016866986363870146
E01003771,0.008215483986647011
E01003772,0.006500491620913626
E01003773,0.0275150626249094
E01003774,0.0072611554625223295
E01003775,0.0033575284066491326
E01003776,0.013824259939652203
E01003777,0.002619591813437622
E01003778,0.009320273123918041
E01003779,0.003996007089197309
E01003780,0.00011433442439943333
E01003781,0.007070088322397255
E01003782,0.009777197779768815
E01003783,0.002434321530672053
E01003784,0.0025947886298300768
E01003785,0.0022264141770182563
E01003786,0.011316938636456346
E01003787,0.006717838303369577
E01003788,0.007003389630155001
E01003789,0.0031765303491310395
E01003790,0.0006857933936862305
E01003791,0.005433904117671224
E01003792,0.00029904240032488475
E01003793,0.002229366975841696
E01003794,0.0010219677070007537
E01003795,0.002522982597416139
E01003796,0.002139395622178597
E01003797,0.002148952761699744
E01003798,0.011235829148953824
E01003799,0.010092712956961071
E01003800,0.011306514469228179
E01003801,0.001494698413527546
E01003802,0.0005352147660135667
E01003803,0.0008915440248568563
E01003804,0.02118652924123226
E01003805,0.009823527570967777
E01003806,0.011733263133038253
E01003807,0.02004485488808033
E01003808,0.006357280145855528
E01003809,0.010062403603711032
E01003810,0.009616817664982014
E01003811,0.005353215677388289
E01003812,0.005528865787673982
E01003813,0.004103733225533646
E01003814,0.0020454381901539725
E01003815,0.005686368878296302
E01003816,0.04611672469402923
E01003817,0.013082912799045946
E01003818,0.0008168200749891213
E01003819,0.0025741954428430943
E01003820,0.0016610657517876941
E01003821,0.05873926403483363
E01003822,0.0010312267306655549
E01003823,0.012004179308854343
E01003824,0.0010679028296581318
E01003825,0.001339604826780196
E01003826,0.008287679950590853
E01003827,0.00305049423896915
E01003828,0.0034225548436882802
E01003829,0.0006673608459433618
E01003830,0.00222532554762269
E01003831,0.00220094365409111
E01003832,0.010940034638500466
E01003833,0.0018800944780590035
E01003834,0.011517436249528579
E01003835,0.005949168009233147
E01003836,0.0018070558719791164
E01003837,0.0038237914554350157
E01003838,0.0004165899058485441
E01003839,0.0017328917171236821
E01003840,0.0026412339985997556
E01003841,0.00847024185931918
E01003842,0.0023781487038018216
E01003843,0.010431374498332638
E01003844,0.0069873533443911015
E01003845,0.0036338709347077973
E01003846,0.01624204274621358
E01003847,0.011205078785388631
E01003848,0.01805052806225977
E01003849,0.0040472263186955276
E01003851,0.006497215763434698
E01003852,0.013381029406853963
E01003853,0.0036733502914876076
E01003854,0.018413093754088804
E01003855,0.04002697101570627
E01003856,0.053280189883008144
E01003857,0.03285928659496738
E01003858,0.02099300128714811
E01003859,0.022256299078896386
E01003860,0.024381257815650283
E01003861,0.020323084365753696
E01003862,0.03010689186328542
E01003863,0.0028435210245330743
E01003864,0.02530806431007942
E01003865,0.03841896972520076
E01003866,0.017016696410607053
E01003867,0.01543491374467003
E01003868,0.026385072705191605
E01003869,0.024661551658288216
E01003870,0.007453595428830152
E01003871,0.033674391403764437
E01003872,0.03038967812001896
E01003873,0.010356056140710557
E01003874,0.011394195860348701
E01003875,0.03096364694734803
E01003876,0.030101892695338597
E01003877,0.001147761824640374
E01003878,0.009360475030210556
E01003879,0.01537577751174276
E01003880,0.019463929370935676
E01003881,0.021106193796560653
E01003882,0.011513327581444749
E01003883,0.0002536571216897195
E01003884,0.00766974946463825
E01003885,0.007226840244396441
E01003886,0.00638093590630686
E01003887,0.003797381865848355
E01003888,0.0020599815558766006
E01003889,0.0013961309744386417
E01003890,0.011456936752832015
E01003891,0.00972959983300784
E01003892,0.01975180441300838
E01003893,0.04521270728634346
E01003894,0.044066870416326176
E01003895,0.033177125404003235
E01003896,0.042925477003868145
E01003897,0.009883208730203524
E01003898,0.011840089768512925
E01003899,0.003058153871562036
E01003900,0.01280287270838157
E01003901,0.0021252046141923254
E01003902,0.003391165026150967
E01003903,0.0033707274736284316
E01003904,0.002162748316055876
E01003905,0.015765928267646095
E01003906,0.00888959268946074
E01003907,0.0008996624496863786
E01003908,0.0026857300791297382
E01003909,0.00544812303096304
E01003910,0.0022165182720502007
E01003911,0.00050787885817572
E01003912,0.003893772098991343
E01003913,0.0005979935165924548
E01003914,0.001736479522739065
E01003915,0.0006637930478212334
E01003916,0.00113126338317178
E01003917,0.00041588780742130504
E01003918,0.000334067082546865
E01003919,0.003683857452251625
E01003920,0.0010211262095229541
E01003921,0.0035109869943384226
E01003922,0.003889868686683119
E01003923,0.005770666588630736
E01003924,0.005163718087679655
E01003925,0.0004132932889635948
E01003926,0.005042729610730639
E01003927,0.0020694542974206923
E01003929,0.0014599353434583838
E01003930,0.0027289231047366524
E01003932,0.003691730860344204
E01003933,0.0029742631159050694
E01003934,0.004388699878925197
E01003935,0.0012264929638679187
E01003936,0.0004864186112319278
E01003937,0.001176445478757973
E01003938,0.000230676749666203
E01003939,0.0008868270392682177
E01003940,0.00032895496162411157
E01003941,0.006751585056509874
E01003942,0.00014802502851555624
E01003943,0.00033017215931024484
E01003945,0.006279543294677326
E01003946,0.004469932597114619
E01003947,0.006885253636450428
E01003948,0.007964579444335197
E01003949,0.02023096591301494
E01003950,0.01256063223889065
E01003951,0.007918264576030945
E01003952,0.001549253686658267
E01003953,0.00940364624455785
E01003954,0.0017518500724607597
E01003955,0.0030805071678339986
E01003956,0.002256312389900176
E01003957,0.0016103366366301058
E01003958,0.0024675350629549107
E01003960,0.002097482252194393
E01003961,0.002400455616440654
E01003963,0.0004910005203167516
E01003964,0.004338871464230828
E01003966,0.00297020754427505
E01003967,0.00034981877159785994
E01003968,0.0008498674474683199
E01003969,0.0010523067084582823
E01003970,0.0008077062390334886
E01003971,0.0005984317299512695
E01003972,0.00011033976966664958
E01003973,0.00018487675172074096
E01003974,0.00036593243642514805
E01003975,0.003698765206740625
E01003976,0.008698025758365941
E01003977,0.0014507487483297647
E01003978,0.002550373379427154
E01003979,0.004774548350909089
E01003980,0.0021021261152544156
E01003981,0.00036169765282666026
E01003983,0.005666540406786378
E01003984,0.0076627975056058634
E01003986,0.0012531092992890398
E01003987,0.002999284964468357
E01003988,0.00832694012457521
E01003989,0.006172029339968271
E01003990,0.002939312003320076
E01003991,0.0009116571608074924
E01003992,0.0003503890520957374
E01003993,0.006053536047242931
E01003994,0.000699188550191122
E01003995,5.7221192029354643e-05
E01003997,0.0004228439855724775
E01003998,0.0006997654609030062
E01003999,0.0002537838602955905
E01004000,0.008091622299553125
E01004001,0.005335479751298241
E01004002,0.007518598261600807
E01004003,0.0005948153385448915
E01004004,0.00661802492889061
E01004005,0.007302456975567048
E01004006,0.0017488638142331295
E01004007,0.001992015147231432
E01004008,0.004785123621295084
E01004010,0.006275247613010313
E01004011,0.0017715724945898824
E01004012,0.0003613872374434113
E01004013,0.003305804094782449
E01004014,0.001261504126463932
E01004015,0.007696099828128643
E01004016,0.008469039031794225
E01004017,0.018964545418468454
E01004018,0.011659496062755017
E01004019,0.005209841284904898
E01004020,0.0008253822410657942
E01004021,0.009900277884764464
E01004022,0.007227694659486881
E01004023,0.007734581362593822
E01004024,0.002262609269604134
E01004027,0.009075708541324801
E01004028,0.008718295775684995
E01004029,0.014115336428693859
E01004030,0.008992516138899174
E01004031,0.015675070163294
E01004032,0.00038118098344955764
E01004033,0.020721854869081784
E01004034,0.014921078780404873
E01004035,0.0019164283860757408
E01004036,0.0025313327914583666
E01004037,0.0007722823399375655
E01004038,0.0012334440884542136
E01004039,0.00036734780519555993
E01004040,0.002207298870238823
E01004041,0.0010328571846256883
E01004042,0.002821305317038507
E01004043,0.0006622212920778531
E01004044,0.001439502351491018
E01004045,0.0009136230687801787
E01004046,0.006664289547300377
E01004047,0.0012710114631553733
E01004048,0.000512958737847261
E01004049,0.0008779545394377673
E01004050,0.0004861460634361398
E01004051,0.0013206664121510861
E01004052,0.0031138274336096694
E01004053,0.0035409622424280502
E01004054,0.0030913609539428557
E01004055,0.002996526116295981
E01004056,0.0005938644320085793
E01004057,0.0011637450627030458
E01004058,0.00014320313017707393
E01004059,0.003409753393504921
E01004060,0.0039214642815041546
E01004061,0.005877617929144647
E01004062,0.005247802212835457
E01004063,0.003564713306992178
E01004064,0.007842382043026015
E01004065,0.005129180854371694
E01004066,0.0034928583338252554
E01004067,0.012357607011423225
E01004068,0.005797015221555793
E01004069,0.003987706517384564
E01004070,0.0023606377538229716
E01004071,0.005516153744070866
E01004072,0.00204416712304753
E01004073,0.0010829802875394784
E01004074,0.006146533466800417
E01004075,0.004499455634003199
E01004076,0.01079360145970563
E01004077,0.021131411949422686
E01004078,0.006909847054337771
E01004079,0.007819501906542153
E01004080,0.011793241741359694
E01004081,0.006452377892106981
E01004082,0.0018095547786610908
E01004083,0.004865748184287853
E01004084,0.01451754445221
E01004085,0.01165260676286623
E01004086,0.005976856159649932
E01004087,0.0026534381299940287
E01004088,0.0012405286087995866
E01004089,0.002954110843233414
E01004090,0.010442597161390475
E01004091,0.01238529236302241
E01004092,0.015110687298088139
E01004093,0.005122467117255608
E01004094,0.017444357334337007
E01004095,0.001681511431846232
E01004096,0.010660391266437173
E01004097,0.0028979135947841293
E01004098,0.0035796639884142422
E01004099,0.01313824967139843
E01004100,0.006550932440064356
E01004101,0.0012861068907917541
E01004102,0.009866723785199568
E01004103,0.006636796572076269
E01004104,0.0017207504293096543
E01004105,0.00783460470193384
E01004106,0.017849179937716106
E01004107,0.0031235727671353854
E01004108,0.03593511907111248
E01004109,0.0008644535543788091
E01004110,0.0010177934112917501
E01004111,0.0007968079762980793
E01004112,0.0015866184342661765
E01004114,0.002810266239735294
E01004115,0.002074173204338305
E01004116,0.0018771974934178163
E01004117,0.00631046342587668
E01004118,0.0012082151455183585
E01004119,0.0008307824884659885
E01004120,0.0006152098819496991
E01004121,0.0092539031778641
E01004122,0.0017726428448692037
E01004123,0.009410454672472368
E01004124,0.001109153904526056
E01004125,0.007238833814319345
E01004126,0.005489468976292691
E01004127,0.009078638489155683
E01004128,0.010556765844552035
E01004129,0.009997492580563193
E01004130,0.006055596982726393
E01004131,0.005288805963265611
E01004132,0.0005410635489829426
E01004133,0.0018479222098367854
E01004134,0.006786700369775258
E01004135,0.004990662371517593
E01004136,0.0014293788755126242
E01004137,0.003469352244641855
E01004138,0.0029241200922583755
E01004139,0.010045716148078707
E01004140,0.004199840173865452
E01004141,0.0053621356748990885
E01004142,0.00458624132412329
E01004143,0.004179625455298933
E01004144,0.006104557250689766
E01004145,0.010374992210522705
E01004146,0.007493168808640227
E01004147,0.00693933554527247
E01004148,0.004435613234682244
E01004149,0.007460659162213704
E01004150,0.0016264129004455216
E01004151,0.0020098114111100976
E01004152,0.0017805548339436606
E01004153,0.0020933315912937903
E01004154,0.0035450173880030543
E01004155,0.0007893568637185147
E01004156,0.0017818059250355183
E01004157,0.001809511168491375
E01004158,0.0016887179270406222
E01004159,0.0030913785581072805
E01004160,0.0018201048548581158
E01004161,0.0007447759402060233
E01004162,0.003185395247216829
E01004163,0.00872908156100341
E01004164,0.012357795507228769
E01004165,0.01908807707439469
E01004166,0.012226225027125394
E01004167,0.0062415778095204965
E01004168,0.007887804836703344
E01004169,0.001181188054445314
E01004170,0.007077890468154293
E01004171,0.03580636565921661
E01004172,0.01213934169354972
E01004173,0.0013984394016438014
E01004174,0.0044729624535839434
E01004175,0.00711365283662357
E01004176,0.014326509256501049
E01004177,0.0030444541415763247
E01004178,0.004032988233147862
E01004179,0.004192341699240871
E01004180,0.005219707826606623
E01004181,0.013859159638940494
E01004182,0.00410804144242756
E01004183,0.020511502205984723
E01004184,0.010159775278601693
E01004185,0.007574360268205381
E01004186,0.008915234280273115
E01004187,0.005965826128965781
E01004188,0.009560753517862496
E01004189,0.005300238361570258
E01004190,0.0026209366287086758
E01004191,0.0019567961412676822
E01004192,0.006586854125360667
E01004193,0.0014599496667905094
E01004194,0.0005235816876463256
E01004195,0.019247136343699955
E01004196,0.0018468136058727835
E01004197,0.010965998907359343
E01004198,0.007691874377614594
E01004199,0.00041486835099072014
E01004200,0.0027454279259924537
E01004201,0.010718218578707656
E01004202,0.00780615612473236
E01004203,0.005176346533912758
E01004204,0.00760207063738072
E01004205,0.008696298374063379
E01004206,0.0023503057723645994
E01004207,0.008035669720528488
E01004208,0.025561957521847724
E01004209,0.014995576370257809
E01004211,0.008383137198083188
E01004212,0.0057062187724674675
E01004214,0.000735644026594974
E01004215,0.0010136788302411443
E01004216,0.00030394256000772734
E01004217,0.0003940589051201088
E01004218,0.00035218286797296296
E01004219,0.008917586665274403
E01004221,0.00218516224657405
E01004222,0.0027966617534485798
E01004223,0.005793351290214286
E01004224,0.012364733940366074
E01004225,0.016045614800223037
E01004226,0.00628584802836618
E01004228,0.006855726386710607
E01004229,0.006898537768859334
E01004230,0.019618512008941724
E01004231,0.02043166926928216
E01004232,0.029539587789375595
E01004233,0.004077599140435816
E01004234,0.021581881808613833
E01004235,0.015250009774181901
E01004236,0.018450897314571026
E01004237,0.0016813403445404347
E01004238,0.011887287666421074
E01004239,0.019964389277492472
E01004240,0.0006327521719765389
E01004241,0.006561633083763719
E01004242,0.01302245394677915
E01004243,0.006119735251132453
E01004244,0.020383273863526008
E01004245,0.008927250217855518
E01004246,0.0035603674755190426
E01004247,0.023238152101963182
E01004248,0.002880045045068437
E01004249,0.001916173264538964
E01004250,0.005002141637322496
E01004251,0.006858406127877684
E01004252,0.01714132377120035
E01004253,0.012727379684073867
E01004254,0.03456530264519801
E01004255,0.007537202115980871
E01004256,0.008084533700368204
E01004257,0.013072261658150825
E01004258,0.0024500998964048257
E01004259,0.011023230021167682
E01004260,0.005043025349482473
E01004261,0.030278261096407542
E01004262,0.0057244884456829495
E01004263,0.00473942760259259
E01004264,0.0068833292771042125
E01004266,0.007770234374626087
E01004267,0.007676592362076437
E01004268,0.0005360732924301295
E01004269,0.01569066231061222
E01004270,0.015284258200921915
E01004271,0.006559507539394391
E01004272,0.01600615455230583
E01004273,0.016191363368994627
E01004274,0.00020313225206779008
E01004275,0.00015464613304174132
E01004276,0.0
E01004277,0.004673670026588675
E01004280,0.00206671170588539
E01004281,0.00040699614131952327
E01004283,0.006313043591402084
E01004284,0.008383239545072299
E01004285,0.007841968571205862
E01004286,0.01671729431888574
E01004287,0.009777061771040874
E01004288,0.015585288872432488
E01004289,0.00828011095471309
E01004290,0.010040336180111725
E01004291,0.0006576781559311629
E01004292,0.00020502409133540706
E01004293,0.006999880729444032
E01004294,0.01006887395146648
E01004295,0.004331882111608103
E01004296,0.001272061345773051
E01004297,0.0014604112181264971
E01004298,0.0032036773110325958
E01004300,0.0031609867982863396
E01004301,0.005488135912254914
E01004302,0.0029873270296931318
E01004303,0.016563449062401498
E01004304,0.0008384960817668449
E01004305,0.004564229964861032
E01004306,0.0041153731887186495
E01004307,0.007901703445398133
E01004308,0.0025411121763807163
E01004309,0.016900684676130196
E01004310,0.00865095574336249
E01004311,0.004069372579082141
E01004312,0.0010257473180264043
E01004313,0.012302143453450088
E01004314,0.003093821641723182
E01004315,0.0020394164008472487
E01004316,0.0010199514896316408
E01004317,0.0031838682619506125
E01004318,0.01364842768833088
E01004319,0.0006913070495999484
E01004321,0.004842497175633459
E01004322,0.010995435108310943
E01004323,0.005412241773141366
E01004324,0.006420744723666629
E01004325,0.010140526675103222
E01004326,0.009229198193194564
E01004327,0.001582092691196947
E01004328,0.0043207108140432176
E01004329,0.0011393089425678576
E01004330,0.0013962270221238632
E01004331,0.0012836931757977093
E01004332,0.003378716852342855
E01004333,0.003123626781165501
E01004334,0.0034402300036099217
E01004335,0.0018897585738740334
E01004336,0.0016519187806122617
E01004337,0.0017162463318334015
E01004338,0.00027367709322729687
E01004339,0.0003798674217065611
E01004340,0.0022638268927430553
E01004341,0.005010839233754476
E01004342,0.017590605078486053
E01004343,0.025085956642772803
E01004344,0.025541035032616177
E01004345,0.01132894307276401
E01004346,0.00840362829230087
E01004347,0.011348064179258419
E01004348,0.029363447753319342
E01004349,0.01070702023718709
E01004350,0.03449478897234652
E01004351,0.0007022991006374761
E01004352,0.009461751315875472
E01004353,0.006408595219323339
E01004354,0.020400311330911414
E01004355,0.0006736429948237106
E01004356,0.0014769101177792483
E01004357,0.025135993829679504
E01004358,0.003583447828040775
E01004359,0.008965088689304129
E01004360,0.0015716248319765595
E01004361,0.00034096127048798263
E01004362,0.02798329609293983
E01004363,0.02313242958222812
E01004364,0.011398053984037402
E01004365,0.022977329023607558
E01004366,0.0047286360918024
E01004367,0.0071335242551270606
E01004368,0.002115791227492532
E01004369,0.007981464652729671
E01004370,0.008574318466040946
E01004371,0.001378483983643405
E01004372,0.003343730041295922
E01004373,0.00395380445682132
E01004374,0.006429646743334536
E01004375,0.0016531248415065179
E01004376,0.0016074522106721213
E01004377,0.023923389156510044
E01004378,0.019692735461468377
E01004379,0.006147490422927481
E01004380,0.0018402288796414935
E01004381,0.008420751591854316
E01004382,0.0003825030744735762
E01004383,0.00456563804002076
E01004384,0.0045793959019166585
E01004385,0.006634683182554811
E01004386,0.005335637772106007
E01004387,0.0013788276083670852
E01004388,0.00324264446453928
E01004389,0.009086693379704688
E01004390,0.0005963674638070872
E01004391,0.08032445015953164
E01004392,0.019499892414494145
E01004393,0.02793205436035763
E01004394,0.010219261058040873
E01004395,0.0021113286478017536
E01004396,0.024830339727041347
E01004397,0.013590823415792775
E01004398,0.00110323060983161
E01004399,0.005876211772985397
E01004400,0.0027717719512424343
E01004401,0.002674934458668986
E01004402,0.0008825664562862231
E01004403,0.015861434890531666
E01004404,0.00200620054914573
E01004405,0.010004594194291443
E01004406,0.022021259523544563
E01004407,0.029675388496381478
E01004408,0.023130687206800428
E01004409,0.012721523276326113
E01004410,0.006521860520395718
E01004411,0.031399797754673275
E01004412,0.004293650963885718
E01004413,0.006932977007006195
E01004414,0.007803334301766002
E01004415,0.008103560878237274
E01004416,0.0013527321035974882
E01004417,0.008973683443462116
E01004418,0.004080799562360141
E01004419,0.013267153911989142
E01004420,0.01962260982038198
E01004421,0.009992328032422892
E01004422,0.02230951816549853
E01004423,0.026540486464530343
E01004424,0.022516092103797264
E01004425,0.0229700343192136
E01004426,0.007654180077476815
E01004427,0.02537722684880835
E01004428,0.002221401629878558
E01004429,0.0033098267748797386
E01004430,0.0035571195545178696
E01004432,0.004613539756860778
E01004434,0.004276174600768484
E01004435,0.0056656508877126685
E01004436,0.01189456975095747
E01004437,0.005623765257014359
E01004438,0.01120612631313472
E01004439,0.003210690526532927
E01004440,0.0031470027499348537
E01004441,0.0017000822260040452
E01004442,0.0017460818838390907
E01004443,0.0016684846505381804
E01004444,0.012241999798529392
E01004445,0.0016462572460123634
E01004446,0.009161351819893705
E01004447,0.00013497916313655572
E01004448,0.005472794387852239
E01004449,0.0024227540642643686
E01004450,0.0044265504368499855
E01004451,0.00042635091999665675
E01004452,0.010395609329286867
E01004453,0.013255616375785524
E01004454,0.004241362558075208
E01004455,0.012535345235639508
E01004456,0.011552514777452774
E01004457,0.019955926304598887
E01004458,0.035482024619356366
E01004459,0.017715030228600416
E01004460,0.03292141866924685
E01004461,0.014149633616344977
E01004462,0.01395401920291044
E01004463,0.007556575244278158
E01004464,0.019447355367402035
E01004465,0.003854438485207914
E01004466,0.005625559655135231
E01004467,0.019607155954365997
E01004468,0.01646664790384952
E01004469,0.006165096637042385
E01004470,0.03961423059432445
E01004471,0.003636631779138171
E01004472,0.0027838894520870526
E01004473,0.0037051633732246405
E01004474,0.017952028991928555
E01004475,0.008369676720063671
E01004476,0.012174179675971529
E01004477,0.0066202551547261635
E01004478,0.003007519948070717
E01004479,0.007623921907234041
E01004480,0.0006847423879443929
E01004481,0.01920158093752712
E01004482,0.008965751056762023
E01004483,0.010479145233589917
E01004484,0.002468500335970437
E01004485,0.018477639177214802
E01004486,0.00339411294619073
E01004487,0.0034622729734151113
E01004488,0.009162577159076295
E01004489,0.0028117654766167443
E01004490,0.007957764591332463
E01004491,0.002102110572311074
E01004492,0.009042602404465036
E01004493,0.0025709069538298783
E01004494,0.006267154870711536
E01004495,0.003244206396716198
E01004496,0.01806820901276896
E01004497,0.0058815799025398454
E01004498,0.005072086900409677
E01004499,0.011761858566485924
E01004500,0.008301735842168798
E01004501,0.000585745575090274
E01004502,0.002954525375088776
E01004503,0.0053424214059530776
E01004504,0.003713519443131994
E01004505,0.002950040333153518
E01004506,0.0027962981381096787
E01004507,0.0036944018497331544
E01004508,0.023189377587386303
E01004509,0.017917228001796928
E01004510,0.027339273759017325
E01004511,0.011415907851940056
E01004512,0.007765851682824073
E01004513,0.01095672293039283
E01004514,0.007646261676960036
E01004515,0.0013573414628385576
E01004516,0.0016630350585448562
E01004517,0.0005246798292330119
E01004518,0.00023496683314438947
E01004519,0.0003478740616277431
E01004520,6.651106924921385e-05
E01004521,0.00015944460659140264
E01004522,0.0018719314539520381
E01004523,0.003915475812292377
E01004524,0.0015517318848262448
E01004525,0.006007612678933385
E01004526,0.004971406936049822
E01004527,0.0017463174355574185
E01004528,0.0042942631379445486
E01004529,0.00205687795155631
E01004530,0.001855803393692876
E01004531,0.0019444530669465846
E01004532,0.0017914421661229664
E01004533,0.002599526022817041
E01004534,0.007499432982088414
E01004535,0.004902968703811023
E01004536,0.005020507970253846
E01004537,0.0038000977156182527
E01004538,0.012443833122373711
E01004539,0.0006655607919503848
E01004540,0.01200979527210537
E01004541,0.007154299752387653
E01004542,0.003438829076709535
E01004543,0.012442513426291648
E01004544,0.0009896069062383613
E01004545,0.01587201132879963
E01004546,0.0008468830002561163
E01004547,0.005874622570575447
E01004548,0.006683402738969422
E01004549,0.00786838148503665
E01004550,0.003363990918138975
E01004551,0.026767379659001292
E01004552,0.026859735195728526
E01004553,0.028864731395488636
E01004554,0.04376201620440355
E01004555,0.005710900739809878
E01004556,0.0018947521219392853
E01004557,0.0026931302013484463
E01004558,0.002426647598660079
E01004559,0.005116412225426977
E01004560,0.005839335662916519
E01004562,0.004631394509385425
E01004563,0.005044542526286138
E01004564,0.009978444448526936
E01004565,0.0013659130723762554
E01004566,0.006493964276207604
E01004567,0.0015508055774989436
E01004568,0.03243974530047572
E01004569,0.008334555304897266
E01004570,0.023810653991742006
E01004571,0.012853507828913872
E01004572,0.003922883758849116
E01004573,0.008916356921683568
E01004574,0.006999853924809718
E01004575,0.022713942661271174
E01004576,0.010648356395924582
E01004577,0.012032215062553964
E01004579,0.005780284667281201
E01004580,0.0031341882870324508
E01004581,0.00609820668286585
E01004582,0.0057769310884034485
E01004583,0.012535598740715807
E01004584,0.0009855345103154337
E01004585,0.01803533083094019
E01004586,0.014435155918381555
E01004587,0.0014383376943083368
E01004588,0.013199694922394353
E01004589,0.01578034025795494
E01004590,0.0030839102171198503
E01004591,0.01291837862870141
E01004592,0.003874027175712645
E01004593,0.007647312456421606
E01004594,0.01243841477796593
E01004595,0.0036954570250506717
E01004596,0.00923309917433031
E01004597,0.007373868025678508
E01004598,0.009632591529051398
E01004599,0.0009808761043026701
E01004600,0.018705563082215517
E01004601,0.008746330665111551
E01004602,0.006279340351135035
E01004604,0.0007342061043443714
E01004605,0.00040334178620094174
E01004606,0.0022449725026233
E01004607,0.00040446395459882727
E01004608,0.003396223010726161
E01004609,0.006843798166708901
E01004610,0.006360776764392218
E01004611,0.010204368702656005
E01004612,0.00787879530149844
E01004613,0.011212276217098105
E01004614,0.0015248160582734737
E01004615,0.00703249244055902
E01004616,0.001017609202857282
E01004617,0.0037461794204361057
E01004618,0.0032598783186989348
E01004619,0.011553841598667347
E01004620,0.0014552715433352442
E01004621,0.020479307921063082
E01004622,0.012697648662524508
E01004623,0.005363736152701486
E01004624,0.003320739789233891
E01004625,0.004084059713365465
E01004626,0.008045441184575532
E01004627,0.008709525930960997
E01004628,0.003038573311922292
E01004629,0.006153008433754049
E01004630,0.002140503878512072
E01004631,0.0019949969724619293
E01004632,0.008404295528788023
E01004633,0.004679250759018547
E01004634,0.001267032306968519
E01004635,0.0031494481848047735
E01004636,0.002435143721966854
E01004637,0.00350794023264338
E01004638,0.0013623545698863164
E01004639,0.0043501379947689075
E01004640,0.0022554338886839253
E01004641,0.004527384755336879
E01004642,0.007331035135796066
E01004643,0.0008124510741730827
E01004644,0.0059765635551750716
E01004645,0.0009391597883161837
E01004646,0.005539149628550694
E01004647,0.0043351803017784045
E01004648,0.007756529719577358
E01004649,0.008389121088493778
E01004650,0.005129859520844215
E01004651,0.010098395941790076
E01004652,0.0030413464775386205
E01004653,0.00414791649486498
E01004654,0.0012867027873105688
E01004656,0.005162459364495869
E01004657,0.012753603860982031
E01004658,0.018065472521092227
E01004659,0.003211888916320318
E01004660,0.01056008923042396
E01004661,0.019058727031217845
E01004662,0.006900856534218327
E01004663,0.0032072973298717545
E01004665,0.0017687375729372313
E01004666,0.001800603428149529
E01004667,0.001126629915928161
E01004668,0.0011824468692664856
E01004669,0.009278481914658498
E01004670,0.004030625124287977
E01004674,0.0007827557729163943
E01004675,0.009150562274300762
E01004676,0.004129956610823189
E01004677,0.006162535320664765
E01004678,0.0065651032619869695
E01004679,0.008196192194504839
E01004680,0.012844396624226685
E01004681,0.007062047110768806
E01004682,0.006860200474066933
E01004683,0.006037456576803898
E01004684,0.016835850920181483
E01004686,0.013369347208668505
E01004687,0.0018951167852707372
E01004688,0.007720221493838135
E01004689,0.011129306202888397
E01004690,0.0028890901831987465
E01004691,0.006830845494486041
E01004692,0.007027227390668599
E01004693,0.008759011512416358
E01004694,0.010335147951983528
E01004695,0.019558330364344588
E01004696,0.0075615336714227885
E01004697,0.00028019961148253444
E01004698,0.007751118262722244
E01004699,0.005816019147832375
E01004700,0.0031027341709854972
E01004701,0.004425230505001808
E01004702,0.012610487137934133
E01004703,0.012441976348429957
E01004705,0.011592151599154131
E01004706,0.0021724451943808338
E01004707,0.002171191394479933
E01004708,0.015534367680926678
E01004709,0.004805661776253557
E01004710,0.008857675018636811
E01004711,0.00700318034459893
E01004712,0.008309191599966017
E01004713,0.0023026733141864385
E01004714,0.00853297732944718
E01004715,0.008898768631232172
E01004716,0.013146206718674095
E01004717,0.008941801128955302
E01004718,0.0017589791490900326
E01004719,0.0012919798061483553
E01004720,0.002651042597449016
E01004721,0.0038191321855598104
E01004722,0.0009427982474175641
E01004723,0.0028765450641489053
E01004724,0.0014125085372222895
E01004725,0.008907867719692956
E01004726,0.010313961389428203
E01004727,0.009042749646887395
E01004728,0.009482583892611614
E01004729,0.015920739423888153
E01004730,0.009694203491930701
E01004731,0.006223749192098732
E01004732,0.001353850789441967
E01004733,0.006063607749693478
E01004734,0.008065145254614065
E01004735,0.012255468477501913
E01004736,0.00884094042082366
E01004737,0.002500388355452738
E01004738,0.011844628455427511
E01004739,5.635368250877225e-05
E01004740,0.0011099235524027618
E01004741,0.0006286299817030817
E01004742,0.0004960371860787733
E01004743,0.0037187824963351847
E01004744,0.0015458066814166911
E01004745,0.0008722174868230325
E01004746,0.00037687756116668676
E01004747,0.0006498387107917911
E01004748,0.0016250336762401718
E01004749,0.0007751905243276873
E01004750,0.001989106488963266
E01004751,0.0004620267170056317
E01004752,9.651883833329025e-05
E01004753,0.00010266047367781515
E01004754,0.0001469480464235833
E01004755,0.008007309963041916
E01004756,0.0010768241198291218
E01004757,0.005197353774558988
E01004760,0.009551609724280216
E01004761,0.006500202895644293
E01004762,0.007898618970446686
E01004763,0.012435066290080315
E01004765,0.008757044313205576
E01032512,0.007034815799943522
E01032513,0.010072007430658541
E01032562,0.0003027024265227874
E01032563,0.0011610210620216018
E01032564,0.0008491878805704082
E01032565,0.002436534158186342
E01032566,0.0070894050858934035
E01032567,0.009122697848285923
E01032568,0.0274318069449576
E01032569,0.014565829901420885
E01032570,0.013188599236594377
E01032572,0.005550389247532147
E01032573,0.006041110513640049
E01032574,0.004688789995223847
E01032575,0.0030065013989712223
E01032576,0.0012073084790044518
E01032577,0.0049845232211041465
E01032579,0.004863591304742829
E01032580,0.008252376566468505
E01032581,0.007829444965627546
E01032582,0.0038512853358427
E01032583,0.0032445055949558055
E01032584,0.005069157734619493
E01032623,0.008646180308542365
E01032637,0.00018125741208794156
E01032638,0.00037939401744801235
E01032639,0.000803443875055956
E01032640,0.026979773533695968
E01032646,0.0061189839696931154
E01032719,0.00040446291483039966
E01032720,0.003921667112679078
E01032722,0.002577982482109781
E01032739,0.002566320863214253
E01032740,0.0062444183790367445
E01032741,0.0036540173754850964
E01032742,0.003168605557742565
E01032743,0.0018024425088074565
E01032744,0.005747540828113962
E01032764,0.011160710015727108
E01032765,0.01315105959611763
E01032766,0.009330128451810226
E01032767,0.01665761201308284
E01032768,0.008369536943442044
E01032769,0.024445327114258324
E01032770,0.00012586219260720606
E01032771,0.0036098073190039427
E01032772,0.001566173511277106
E01032773,0.00018148547633229764
E01032774,4.975947149587216e-05
E01032775,0.0
E01032776,0.00336159183476343
E01032777,0.003107653701885152
E01032778,0.009239924303375177
E01032779,0.004015874277572967
E01032780,0.00275431522540112
E01032781,0.0020186279297311704
E01032782,0.003521663512626062
E01032783,0.0006951730098953605
E01032784,0.002859898222263477
E01032785,0.017086768965227133
E01032786,0.01013182169146035
E01032787,0.0027783884645105205
E01032788,0.003141798566449054
E01032789,0.0032234683160483097
E01032790,0.0017392700055210313
E01032803,0.00047022512933616174
E01032805,0.005012093643990157
E01032834,0.0008190207368532141
E01033000,0.0005325581141995664
E01033030,0.02729899266706577
E01033081,0.024718336626000002
E01033082,0.01136097602751391
E01033083,0.002364489051349972
E01033084,0.006482394818003784
E01033085,0.01791690949374402
E01033086,0.0011350190068198677
E01033093,0.009225997491616981
E01033098,0.006808732278910422
E01033099,0.009109853415559513
E01033100,0.01191707201233508
E01033101,0.01728143892439791
E01033132,0.006362112965069429
E01033133,0.014843463384789417
E01033135,0.0021855041681901927
E01033146,0.004834185069702876
E01033148,0.0031977399340924876
E01033150,0.006788446198072785
E01033151,0.008795675076523731
E01033153,0.004250894050768992
E01033207,0.003431047658489705
E01033208,0.007933137669403132
E01033320,0.0027503139735242776
E01033322,0.007864973017644774
E01033324,0.0064339465382364
E01033325,0.005209260346664927
E01033327,0.0361608923816556
E01033341,0.02240662087598866
E01033424,0.0015864802794632782
E01033455,0.013252484096576317
E01033456,0.013002602521526876
E01033457,0.001749117078757862
E01033463,0.012769303840466295
E01033464,0.0014115547820645691
E01033485,0.012011682781870283
E01033486,0.004763171427423567
E01033487,2.5310353139689047e-05
E01033488,0.003507368541937186
E01033489,0.0054271927564967576
E01033490,0.003664773593590948
E01033491,0.002921206873741163
E01033492,0.0017845028815431198
E01033493,6.887458921227148e-05
E01033494,0.00035567940269756526
E01033568,0.00590365682137834
E01033569,0.0049551200829940165
E01033570,0.013264473351855578
E01033571,0.018106444237873467
E01033572,0.007125261924946842
E01033573,0.004249060467588974
E01033574,0.00886240302797767
E01033575,0.0010266705138318385
E01033576,0.007192899675509281
E01033577,0.006815615908147014
E01033578,0.024157174839547893
E01033579,0.014731980378499489
E01033580,0.0002555319270461994
E01033581,0.005410426409411379
E01033582,0.004926796475110437
E01033583,0.007750871992923283
E01033584,0.001730987800936446
E01033585,0.007852536546488527
E01033586,0.012370598136491532
E01033587,0.011907272521298223
E01033588,0.0036128084173806677
E01033589,0.008389978067745711
E01033590,0.004887878534148316
E01033591,0.012207454708109133
E01033592,0.0007755535978998837
E01033593,0.013213569584440796
E01033594,0.006354754913239908
E01033595,0.010047635729124552
E01033596,0.0013890708224701808
E01033597,0.00768774071102928
E01033598,0.011927595299110682
E01033599,0.00017844164132333832
E01033600,0.0036610036425481773
E01033601,0.002015709647911046
E01033602,0.0020062649622944275
E01033603,0.004926338705175618
E01033604,0.02375747967018554
E01033605,0.0031395522337473694
E01033606,0.00335776089011247
E01033607,0.003825654443537759
E01033608,0.008839002335898806
E01033698,0.004018601373834241
E01033699,0.001990623739123744
E01033700,0.005832549200952981
E01033701,0.000999106519862591
E01033702,0.0012685715896900728
E01033703,0.0003854232067442622
E01033704,0.005677917341297257
E01033705,0.018382451286845743
E01033706,0.009195401073406977
E01033707,0.004396367881151205
E01033708,0.005493788885659744
E01033709,0.0008506801912453608
E01033710,0.0005566429599486171
E01033711,0.0013565846789333324
E01033712,0.002041870937865593
E01033713,0.0008459239747892642
E01033724,0.008191846926921289
E01033725,0.005822597541964282
E01033726,0.00508390543204506
E01033727,0.0033211210228583075
E01033728,0.0022632932601500183
E01033729,0.006519210676759912
E01033730,0.01633100045034508
E01033731,0.0
E01033732,0.0006639102812841691
E01033733,0.00046645758250034476
E01033734,0.0
E01033735,0.00018781911013858498
E01033736,0.0
E01033737,6.729533534785177e-05
E01033738,0.0022660570955659372
E01033739,0.0
E01033740,0.0
E01033741,0.0
E01033742,0.0
E01033743,0.0
E01033744,0.0
E01033745,0.0
E01033746,0.0017361185522995297
