LSOA11CD,LSOA11NM,LAD11NM,night_poi_count,area_km2,night_poi_density
E01000001,City of London 001A,City of London,4.0,0.13332076877860013,30.002827291242387
E01000002,City of London 001B,City of London,5.0,0.226191272927728,22.10518529420711
E01000003,City of London 001C,City of London,1.0,0.05730296649368689,17.451103515036536
E01000005,City of London 001E,City of London,19.0,0.19073876039384835,99.61268470429245
E01000006,Barking and Dagenham 016A,Barking and Dagenham,0.0,0.14419584677260047,0.0
E01000007,Barking and Dagenham 015A,Barking and Dagenham,2.0,0.19813480910875733,10.094137466285334
E01000008,Barking and Dagenham 015B,Barking and Dagenham,0.0,0.19342509882137435,0.0
E01000009,Barking and Dagenham 016B,Barking and Dagenham,0.0,0.12859152608990265,0.0
E01000010,Barking and Dagenham 015C,Barking and Dagenham,3.0,0.3488483419675268,8.599725551452558
E01000011,Barking and Dagenham 016C,Barking and Dagenham,0.0,0.0902976797440953,0.0
E01000012,Barking and Dagenham 015D,Barking and Dagenham,0.0,0.1403534492452134,0.0
E01000013,Barking and Dagenham 013A,Barking and Dagenham,1.0,0.20862586045736115,4.793269625384623
E01000014,Barking and Dagenham 013B,Barking and Dagenham,0.0,0.34017682153235806,0.0
E01000015,Barking and Dagenham 009A,Barking and Dagenham,0.0,0.2799958674749959,0.0
E01000016,Barking and Dagenham 009B,Barking and Dagenham,0.0,0.19612992759389705,0.0
E01000017,Barking and Dagenham 009C,Barking and Dagenham,0.0,0.16078982064481395,0.0
E01000018,Barking and Dagenham 009D,Barking and Dagenham,0.0,0.17350149809473633,0.0
E01000019,Barking and Dagenham 023A,Barking and Dagenham,0.0,0.18181781292993737,0.0
E01000020,Barking and Dagenham 023B,Barking and Dagenham,0.0,0.18841442966472155,0.0
E01000021,Barking and Dagenham 008A,Barking and Dagenham,0.0,0.17135120294586015,0.0
E01000022,Barking and Dagenham 008B,Barking and Dagenham,0.0,0.12835300105479253,0.0
E01000023,Barking and Dagenham 008C,Barking and Dagenham,0.0,0.213389435725037,0.0
E01000024,Barking and Dagenham 008D,Barking and Dagenham,0.0,0.1279309578040817,0.0
E01000025,Barking and Dagenham 008E,Barking and Dagenham,0.0,0.15057811470384325,0.0
E01000027,Barking and Dagenham 001A,Barking and Dagenham,1.0,1.4819370966877128,0.6747924741442174
E01000028,Barking and Dagenham 001B,Barking and Dagenham,0.0,0.14712224159472131,0.0
E01000029,Barking and Dagenham 001C,Barking and Dagenham,0.0,0.25301378478627357,0.0
E01000030,Barking and Dagenham 001D,Barking and Dagenham,0.0,0.2835606426066339,0.0
E01000031,Barking and Dagenham 002A,Barking and Dagenham,1.0,0.8435532686862103,1.1854615910118482
E01000032,Barking and Dagenham 002B,Barking and Dagenham,0.0,0.37926625344087594,0.0
E01000033,Barking and Dagenham 006A,Barking and Dagenham,0.0,0.14276809209340438,0.0
E01000034,Barking and Dagenham 003A,Barking and Dagenham,0.0,0.5149443663749216,0.0
E01000035,Barking and Dagenham 010A,Barking and Dagenham,2.0,0.3943782494923053,5.071273587158163
E01000036,Barking and Dagenham 010B,Barking and Dagenham,0.0,0.42981569165616257,0.0
E01000037,Barking and Dagenham 003B,Barking and Dagenham,0.0,0.2375153996983784,0.0
E01000038,Barking and Dagenham 003C,Barking and Dagenham,0.0,0.21230908586438454,0.0
E01000039,Barking and Dagenham 003D,Barking and Dagenham,0.0,1.5254465926672542,0.0
E01000040,Barking and Dagenham 019A,Barking and Dagenham,1.0,0.16929417638605876,5.90687772814818
E01000041,Barking and Dagenham 017A,Barking and Dagenham,0.0,0.1516592531490753,0.0
E01000042,Barking and Dagenham 017B,Barking and Dagenham,0.0,0.23200035854633044,0.0
E01000043,Barking and Dagenham 019B,Barking and Dagenham,0.0,0.26531213180011337,0.0
E01000044,Barking and Dagenham 016D,Barking and Dagenham,0.0,0.17448581015454803,0.0
E01000045,Barking and Dagenham 017C,Barking and Dagenham,1.0,0.2995868206667736,3.3379305463917137
E01000046,Barking and Dagenham 017D,Barking and Dagenham,0.0,0.15706861265027738,0.0
E01000048,Barking and Dagenham 021B,Barking and Dagenham,0.0,0.06403849278808181,0.0
E01000049,Barking and Dagenham 021C,Barking and Dagenham,0.0,0.21358063944425904,0.0
E01000050,Barking and Dagenham 019C,Barking and Dagenham,0.0,0.13816281979840567,0.0
E01000051,Barking and Dagenham 021D,Barking and Dagenham,0.0,0.06579607550747271,0.0
E01000052,Barking and Dagenham 019D,Barking and Dagenham,0.0,0.20056595551814138,0.0
E01000053,Barking and Dagenham 020A,Barking and Dagenham,1.0,0.1780846873873167,5.615305923664836
E01000054,Barking and Dagenham 018A,Barking and Dagenham,0.0,0.17103239904073625,0.0
E01000055,Barking and Dagenham 018B,Barking and Dagenham,0.0,0.14723500137081905,0.0
E01000056,Barking and Dagenham 018C,Barking and Dagenham,0.0,0.24895114855069433,0.0
E01000057,Barking and Dagenham 012A,Barking and Dagenham,0.0,0.14645700495043423,0.0
E01000058,Barking and Dagenham 018D,Barking and Dagenham,0.0,0.18216735262677106,0.0
E01000059,Barking and Dagenham 013C,Barking and Dagenham,0.0,0.2093425657795498,0.0
E01000060,Barking and Dagenham 006B,Barking and Dagenham,1.0,0.5504013563014506,1.816855988000705
E01000061,Barking and Dagenham 006C,Barking and Dagenham,0.0,0.605528214225634,0.0
E01000062,Barking and Dagenham 006D,Barking and Dagenham,0.0,0.22591490877065987,0.0
E01000063,Barking and Dagenham 004A,Barking and Dagenham,0.0,0.1825215495831184,0.0
E01000064,Barking and Dagenham 006E,Barking and Dagenham,0.0,0.20930318208293527,0.0
E01000065,Barking and Dagenham 007A,Barking and Dagenham,0.0,0.23123397172509078,0.0
E01000066,Barking and Dagenham 011A,Barking and Dagenham,0.0,0.2458411994230616,0.0
E01000067,Barking and Dagenham 011B,Barking and Dagenham,0.0,0.1921496524085156,0.0
E01000068,Barking and Dagenham 016E,Barking and Dagenham,0.0,0.34169239824017644,0.0
E01000069,Barking and Dagenham 011C,Barking and Dagenham,0.0,0.19535639515448658,0.0
E01000070,Barking and Dagenham 011D,Barking and Dagenham,1.0,0.39581801067274175,2.5264135866389106
E01000071,Barking and Dagenham 011E,Barking and Dagenham,0.0,0.27062163209937234,0.0
E01000072,Barking and Dagenham 017E,Barking and Dagenham,1.0,0.5225601228877429,1.9136553981077913
E01000073,Barking and Dagenham 012B,Barking and Dagenham,0.0,0.2829285981230471,0.0
E01000074,Barking and Dagenham 012C,Barking and Dagenham,0.0,0.16457125577196918,0.0
E01000075,Barking and Dagenham 012D,Barking and Dagenham,0.0,0.5161598299549607,0.0
E01000076,Barking and Dagenham 012E,Barking and Dagenham,0.0,0.18998105044109664,0.0
E01000077,Barking and Dagenham 008F,Barking and Dagenham,0.0,0.17401923788150817,0.0
E01000078,Barking and Dagenham 007B,Barking and Dagenham,0.0,0.1717602996911844,0.0
E01000079,Barking and Dagenham 009E,Barking and Dagenham,0.0,0.30990890034291324,0.0
E01000080,Barking and Dagenham 007C,Barking and Dagenham,0.0,0.23296304409405239,0.0
E01000081,Barking and Dagenham 007D,Barking and Dagenham,0.0,0.18634207266798736,0.0
E01000082,Barking and Dagenham 007E,Barking and Dagenham,1.0,0.16335065056843162,6.121799922560304
E01000083,Barking and Dagenham 007F,Barking and Dagenham,0.0,0.17926800802651857,0.0
E01000084,Barking and Dagenham 013D,Barking and Dagenham,0.0,0.15248140797235663,0.0
E01000085,Barking and Dagenham 013E,Barking and Dagenham,1.0,0.14456950173640867,6.917088237761824
E01000086,Barking and Dagenham 013F,Barking and Dagenham,0.0,0.13909235827948088,0.0
E01000087,Barking and Dagenham 020B,Barking and Dagenham,1.0,0.37516218762107056,2.665513831074153
E01000088,Barking and Dagenham 020C,Barking and Dagenham,0.0,0.2243513945853797,0.0
E01000089,Barking and Dagenham 020D,Barking and Dagenham,0.0,0.15094191988680988,0.0
E01000090,Barking and Dagenham 020E,Barking and Dagenham,0.0,1.9434863630440857,0.0
E01000091,Barking and Dagenham 022A,Barking and Dagenham,0.0,0.247762283351394,0.0
E01000092,Barking and Dagenham 019E,Barking and Dagenham,1.0,2.6434632812699803,0.3782916173208871
E01000093,Barking and Dagenham 022B,Barking and Dagenham,1.0,0.2922224575125585,3.4220504765860587
E01000094,Barking and Dagenham 022C,Barking and Dagenham,0.0,0.6002381002250448,0.0
E01000095,Barking and Dagenham 018E,Barking and Dagenham,0.0,2.297360768501893,0.0
E01000096,Barking and Dagenham 022D,Barking and Dagenham,1.0,0.5986500696562551,1.6704249288306272
E01000097,Barking and Dagenham 023C,Barking and Dagenham,0.0,0.18142166228804496,0.0
E01000098,Barking and Dagenham 023D,Barking and Dagenham,0.0,0.17364951706217327,0.0
E01000099,Barking and Dagenham 023E,Barking and Dagenham,0.0,0.3103078188211444,0.0
E01000100,Barking and Dagenham 004B,Barking and Dagenham,0.0,0.2106054318272749,0.0
E01000101,Barking and Dagenham 004C,Barking and Dagenham,0.0,0.1609984445373069,0.0
E01000102,Barking and Dagenham 007G,Barking and Dagenham,0.0,0.2543907653094997,0.0
E01000103,Barking and Dagenham 014A,Barking and Dagenham,0.0,0.6982383012472748,0.0
E01000104,Barking and Dagenham 014B,Barking and Dagenham,0.0,0.21616918355333042,0.0
E01000105,Barking and Dagenham 014C,Barking and Dagenham,0.0,0.22361036613275567,0.0
E01000106,Barking and Dagenham 014D,Barking and Dagenham,1.0,0.22085178769708233,4.5279235021252715
E01000107,Barking and Dagenham 010C,Barking and Dagenham,0.0,0.5394338046702892,0.0
E01000108,Barking and Dagenham 010D,Barking and Dagenham,0.0,0.23852925370536532,0.0
E01000109,Barking and Dagenham 004D,Barking and Dagenham,1.0,0.37584342514550967,2.660682436077856
E01000110,Barking and Dagenham 002C,Barking and Dagenham,0.0,0.18838166418882415,0.0
E01000111,Barking and Dagenham 002D,Barking and Dagenham,0.0,0.301411063123134,0.0
E01000112,Barking and Dagenham 002E,Barking and Dagenham,0.0,0.27627958887862164,0.0
E01000113,Barking and Dagenham 002F,Barking and Dagenham,0.0,0.15467315980308216,0.0
E01000114,Barking and Dagenham 004E,Barking and Dagenham,0.0,0.2562110754118604,0.0
E01000115,Barnet 009A,Barnet,0.0,0.27982176926447977,0.0
E01000116,Barnet 009B,Barnet,1.0,0.2453263090652385,4.0762036644593005
E01000117,Barnet 010A,Barnet,1.0,0.3293836261979263,3.0359736200095777
E01000118,Barnet 010B,Barnet,0.0,0.2850845195483944,0.0
E01000119,Barnet 009C,Barnet,0.0,0.4005187223011232,0.0
E01000120,Barnet 009D,Barnet,0.0,0.24296999074844122,0.0
E01000121,Barnet 010C,Barnet,0.0,0.37664093352656336,0.0
E01000122,Barnet 009E,Barnet,0.0,0.23551850950634667,0.0
E01000123,Barnet 010D,Barnet,0.0,0.5245520340864236,0.0
E01000124,Barnet 010E,Barnet,0.0,0.2600257774481877,0.0
E01000125,Barnet 024A,Barnet,0.0,0.30315715551296735,0.0
E01000126,Barnet 026A,Barnet,0.0,0.15784449821449242,0.0
E01000127,Barnet 024B,Barnet,0.0,0.19629623756748021,0.0
E01000128,Barnet 024C,Barnet,0.0,0.24281352149452615,0.0
E01000129,Barnet 024D,Barnet,0.0,0.17327633077353924,0.0
E01000130,Barnet 021A,Barnet,0.0,0.17637404771983606,0.0
E01000131,Barnet 024E,Barnet,0.0,0.33418515507703356,0.0
E01000132,Barnet 021B,Barnet,0.0,0.15300403467218232,0.0
E01000133,Barnet 021C,Barnet,0.0,0.15936824500405106,0.0
E01000134,Barnet 024F,Barnet,0.0,0.16029775300245155,0.0
E01000135,Barnet 038A,Barnet,0.0,0.33370733234931266,0.0
E01000136,Barnet 038B,Barnet,0.0,0.5201783159876616,0.0
E01000137,Barnet 041A,Barnet,0.0,0.12357233516664123,0.0
E01000138,Barnet 040A,Barnet,0.0,0.25894190932491606,0.0
E01000139,Barnet 041B,Barnet,0.0,0.3531865624001397,0.0
E01000140,Barnet 041C,Barnet,0.0,0.14427233595054142,0.0
E01000141,Barnet 039A,Barnet,2.0,0.36954088156833237,5.412121093374014
E01000142,Barnet 040B,Barnet,0.0,0.19975443814728547,0.0
E01000143,Barnet 041D,Barnet,0.0,0.1713872697194472,0.0
E01000144,Barnet 038C,Barnet,1.0,0.19209982398792416,5.205626841505395
E01000145,Barnet 037A,Barnet,0.0,0.2098368495833182,0.0
E01000146,Barnet 038D,Barnet,0.0,0.21025984945456097,0.0
E01000147,Barnet 030A,Barnet,0.0,0.20346192698175716,0.0
E01000148,Barnet 030B,Barnet,1.0,0.2297046050910275,4.353417292629895
E01000150,Barnet 036A,Barnet,0.0,0.46371233082408203,0.0
E01000151,Barnet 026B,Barnet,1.0,0.1428199697817905,7.001821954785902
E01000152,Barnet 026C,Barnet,0.0,0.18054501218597077,0.0
E01000153,Barnet 026D,Barnet,0.0,0.16588494884903804,0.0
E01000154,Barnet 026E,Barnet,0.0,0.13319291863853241,0.0
E01000155,Barnet 030D,Barnet,0.0,0.29613130980125024,0.0
E01000156,Barnet 022A,Barnet,1.0,0.17855750247804444,5.600436756349461
E01000157,Barnet 022B,Barnet,0.0,0.12357215553399056,0.0
E01000158,Barnet 015A,Barnet,0.0,0.2700641280181955,0.0
E01000159,Barnet 015B,Barnet,0.0,0.49649894876037204,0.0
E01000160,Barnet 015C,Barnet,0.0,0.3022501458921363,0.0
E01000161,Barnet 015D,Barnet,0.0,0.23914143266841814,0.0
E01000162,Barnet 015E,Barnet,0.0,0.1835397370670173,0.0
E01000163,Barnet 022C,Barnet,0.0,0.19685563140930157,0.0
E01000164,Barnet 022D,Barnet,0.0,0.5508124745185874,0.0
E01000165,Barnet 022E,Barnet,0.0,0.1888479024630531,0.0
E01000166,Barnet 003A,Barnet,1.0,0.3747436471587516,2.6684908672417675
E01000167,Barnet 002A,Barnet,0.0,0.5995909459641818,0.0
E01000168,Barnet 003B,Barnet,0.0,0.3124529542552822,0.0
E01000169,Barnet 003C,Barnet,0.0,0.23744519351755547,0.0
E01000170,Barnet 006A,Barnet,0.0,0.2963327821710499,0.0
E01000171,Barnet 006B,Barnet,3.0,0.3328647868609264,9.012668562185354
E01000172,Barnet 003D,Barnet,0.0,0.5455402224178622,0.0
E01000173,Barnet 006C,Barnet,0.0,0.36702673474598474,0.0
E01000174,Barnet 006D,Barnet,1.0,0.18762216419603114,5.329860703211915
E01000175,Barnet 006E,Barnet,0.0,0.5028377394343692,0.0
E01000176,Barnet 027A,Barnet,0.0,0.22191826796127023,0.0
E01000177,Barnet 029A,Barnet,0.0,0.16802517882819284,0.0
E01000178,Barnet 027B,Barnet,0.0,0.41979065681044825,0.0
E01000179,Barnet 029B,Barnet,0.0,0.1436969523485212,0.0
E01000180,Barnet 029C,Barnet,1.0,0.16989924473287704,5.885841350102782
E01000181,Barnet 029D,Barnet,1.0,0.14535047861200798,6.879922306065156
E01000182,Barnet 029E,Barnet,0.0,0.21674590237885816,0.0
E01000183,Barnet 033A,Barnet,0.0,0.22824415267872172,0.0
E01000184,Barnet 027C,Barnet,0.0,0.6827597672550474,0.0
E01000185,Barnet 029F,Barnet,0.0,0.11898001883706702,0.0
E01000186,Barnet 014A,Barnet,0.0,0.24981660319438245,0.0
E01000187,Barnet 014B,Barnet,0.0,0.2131345352883165,0.0
E01000188,Barnet 014C,Barnet,0.0,3.2012273297703535,0.0
E01000189,Barnet 014D,Barnet,0.0,0.16349117176014075,0.0
E01000190,Barnet 014E,Barnet,0.0,0.2447344609446564,0.0
E01000191,Barnet 014F,Barnet,0.0,0.2579362743166284,0.0
E01000192,Barnet 018A,Barnet,0.0,0.28389664339204684,0.0
E01000193,Barnet 018B,Barnet,0.0,0.3032965764458933,0.0
E01000194,Barnet 018C,Barnet,1.0,0.33161387229466427,3.015555390009208
E01000195,Barnet 013A,Barnet,0.0,0.30714940947138064,0.0
E01000196,Barnet 028A,Barnet,2.0,0.24618158206295918,8.124084601456962
E01000197,Barnet 023A,Barnet,0.0,0.27895268032846604,0.0
E01000198,Barnet 025A,Barnet,0.0,0.33044532118064274,0.0
E01000199,Barnet 025B,Barnet,0.0,0.3346328026345254,0.0
E01000200,Barnet 028B,Barnet,0.0,0.2752702369295301,0.0
E01000201,Barnet 028C,Barnet,0.0,0.39313173008056146,0.0
E01000202,Barnet 028D,Barnet,0.0,0.22585534411134192,0.0
E01000203,Barnet 028E,Barnet,0.0,0.3026680081127771,0.0
E01000204,Barnet 025C,Barnet,0.0,0.3219478391564704,0.0
E01000205,Barnet 035A,Barnet,0.0,0.378946063197065,0.0
E01000206,Barnet 033B,Barnet,1.0,1.3217957468601047,0.7565465408520772
E01000207,Barnet 033C,Barnet,1.0,0.34462303864004035,2.9017212660715423
E01000208,Barnet 033D,Barnet,1.0,0.4074212969241628,2.454461775929547
E01000209,Barnet 035B,Barnet,0.0,0.4011342979073954,0.0
E01000210,Barnet 033E,Barnet,0.0,0.5013929921075512,0.0
E01000211,Barnet 035C,Barnet,0.0,0.2770349744606499,0.0
E01000212,Barnet 035D,Barnet,0.0,0.3451048142522158,0.0
E01000213,Barnet 033F,Barnet,0.0,0.42779661712843503,0.0
E01000214,Barnet 038E,Barnet,0.0,0.3345473180859457,0.0
E01000215,Barnet 037B,Barnet,0.0,0.22287963360600752,0.0
E01000216,Barnet 035E,Barnet,0.0,0.19781747820128184,0.0
E01000217,Barnet 035F,Barnet,0.0,0.21217739279309822,0.0
E01000218,Barnet 037C,Barnet,0.0,0.15045916116194247,0.0
E01000219,Barnet 037D,Barnet,0.0,0.19178942404215477,0.0
E01000220,Barnet 037E,Barnet,0.0,0.15169105410074996,0.0
E01000221,Barnet 039B,Barnet,0.0,0.42158822439868726,0.0
E01000222,Barnet 040C,Barnet,0.0,0.41283363873076223,0.0
E01000223,Barnet 039C,Barnet,0.0,0.54726657246597,0.0
E01000224,Barnet 040D,Barnet,0.0,0.16259863626695156,0.0
E01000225,Barnet 037F,Barnet,0.0,0.3090565288550914,0.0
E01000226,Barnet 018D,Barnet,0.0,0.17652639662478223,0.0
E01000227,Barnet 018E,Barnet,0.0,0.25537415883268166,0.0
E01000228,Barnet 007A,Barnet,2.0,2.8999156908030073,0.6896752227462812
E01000229,Barnet 013B,Barnet,0.0,0.28146582361469114,0.0
E01000230,Barnet 013C,Barnet,0.0,0.2707312202103737,0.0
E01000231,Barnet 013D,Barnet,0.0,0.36249482853561227,0.0
E01000232,Barnet 013E,Barnet,0.0,0.2973262055818531,0.0
E01000233,Barnet 013F,Barnet,1.0,0.26163277372959753,3.822151123289772
E01000234,Barnet 021D,Barnet,0.0,0.275321550356421,0.0
E01000235,Barnet 021E,Barnet,0.0,0.3526459178620062,0.0
E01000236,Barnet 034A,Barnet,0.0,0.22789947160570387,0.0
E01000237,Barnet 032A,Barnet,0.0,0.33064377093744823,0.0
E01000238,Barnet 034B,Barnet,0.0,0.21841234266672122,0.0
E01000239,Barnet 031A,Barnet,0.0,0.4334167463877126,0.0
E01000240,Barnet 031B,Barnet,0.0,0.43876183631708754,0.0
E01000241,Barnet 031C,Barnet,0.0,0.3337551450445264,0.0
E01000242,Barnet 032B,Barnet,0.0,0.276179946920923,0.0
E01000243,Barnet 032C,Barnet,0.0,0.18614948171884008,0.0
E01000244,Barnet 032D,Barnet,2.0,0.22173854735049803,9.019631561122464
E01000245,Barnet 032E,Barnet,0.0,0.18010526269295682,0.0
E01000246,Barnet 002B,Barnet,0.0,1.080308090772709,0.0
E01000247,Barnet 002C,Barnet,0.0,0.2678226276203188,0.0
E01000248,Barnet 001A,Barnet,2.0,0.27520562119602215,7.2672934197643055
E01000249,Barnet 001B,Barnet,0.0,0.8097714971018621,0.0
E01000250,Barnet 001C,Barnet,6.0,0.5850894747560864,10.254841795780543
E01000251,Barnet 002D,Barnet,1.0,0.22650846581620548,4.414846025275826
E01000252,Barnet 002E,Barnet,0.0,0.22766213756482573,0.0
E01000253,Barnet 007B,Barnet,1.0,3.3193440062266673,0.30126434564303284
E01000254,Barnet 001D,Barnet,0.0,1.5237603812714537,0.0
E01000255,Barnet 017A,Barnet,0.0,1.0792415158187032,0.0
E01000256,Barnet 016A,Barnet,0.0,0.5558636464423249,0.0
E01000257,Barnet 017B,Barnet,0.0,0.6734601642084816,0.0
E01000258,Barnet 016B,Barnet,0.0,0.7933227178386725,0.0
E01000259,Barnet 025D,Barnet,0.0,1.2973515473761372,0.0
E01000260,Barnet 025E,Barnet,0.0,0.8196596679593848,0.0
E01000261,Barnet 017C,Barnet,1.0,1.1941073358186538,0.8374456550125973
E01000262,Barnet 017D,Barnet,1.0,2.213891994296683,0.4516932183576026
E01000263,Barnet 016C,Barnet,0.0,0.39576455958318174,0.0
E01000264,Barnet 016D,Barnet,1.0,0.380178494726164,2.6303434146644267
E01000265,Barnet 011A,Barnet,1.0,0.2089991122035608,4.784709319846396
E01000266,Barnet 011B,Barnet,0.0,0.6342592306369567,0.0
E01000267,Barnet 005A,Barnet,0.0,0.2766076230638192,0.0
E01000268,Barnet 005B,Barnet,2.0,0.25269841437928975,7.914572811676149
E01000269,Barnet 005C,Barnet,0.0,0.2730618689612275,0.0
E01000270,Barnet 005D,Barnet,0.0,0.25075122819180257,0.0
E01000271,Barnet 008A,Barnet,0.0,0.3494699262153831,0.0
E01000272,Barnet 008B,Barnet,0.0,0.47185708485907824,0.0
E01000273,Barnet 008C,Barnet,1.0,0.32929705904533846,3.0367717309686553
E01000274,Barnet 011C,Barnet,0.0,0.2662954609539545,0.0
E01000275,Barnet 012A,Barnet,0.0,0.33159636017269184,0.0
E01000276,Barnet 020A,Barnet,0.0,0.5116762568103547,0.0
E01000277,Barnet 012B,Barnet,0.0,0.1843723350200188,0.0
E01000278,Barnet 020B,Barnet,0.0,0.27418518012677906,0.0
E01000279,Barnet 007C,Barnet,1.0,5.027074923723473,0.1989228358783474
E01000280,Barnet 007D,Barnet,0.0,1.0158176069131448,0.0
E01000281,Barnet 008D,Barnet,1.0,0.2674748271792037,3.7386695807827053
E01000282,Barnet 008E,Barnet,0.0,0.5277956942589429,0.0
E01000283,Barnet 012C,Barnet,0.0,0.3322297037701118,0.0
E01000284,Barnet 012D,Barnet,0.0,0.2791730350549151,0.0
E01000285,Barnet 004A,Barnet,0.0,0.20597552963188748,0.0
E01000286,Barnet 007E,Barnet,0.0,0.26762599542136917,0.0
E01000287,Barnet 004B,Barnet,0.0,0.27684396116687454,0.0
E01000288,Barnet 004C,Barnet,0.0,0.3351970503580454,0.0
E01000289,Barnet 004D,Barnet,0.0,0.28760609987800906,0.0
E01000290,Barnet 007F,Barnet,1.0,2.0476265853418343,0.4883702952279545
E01000291,Barnet 004E,Barnet,0.0,0.24361668735452938,0.0
E01000292,Barnet 001E,Barnet,0.0,0.28646002041366564,0.0
E01000293,Barnet 001F,Barnet,0.0,0.27441520875411085,0.0
E01000294,Barnet 004F,Barnet,1.0,0.32725753767597765,3.0556973785890738
E01000295,Barnet 023B,Barnet,0.0,0.2036873520889697,0.0
E01000296,Barnet 023C,Barnet,1.0,0.22263090836076688,4.4917392978495565
E01000297,Barnet 027D,Barnet,0.0,0.23161356032510183,0.0
E01000298,Barnet 023D,Barnet,1.0,0.2678173906845232,3.73388747252024
E01000299,Barnet 019A,Barnet,1.0,0.16594671354778687,6.026030757831398
E01000300,Barnet 019B,Barnet,0.0,0.1700338055373718,0.0
E01000301,Barnet 020C,Barnet,0.0,0.28881845597173156,0.0
E01000302,Barnet 019C,Barnet,1.0,0.21775250306806035,4.59236971290953
E01000303,Barnet 020D,Barnet,0.0,0.2122780419599454,0.0
E01000304,Barnet 020E,Barnet,0.0,0.17695512063274338,0.0
E01000305,Barnet 036B,Barnet,1.0,0.6891887465951416,1.4509813239702272
E01000306,Barnet 036C,Barnet,0.0,0.14490800222658376,0.0
E01000307,Barnet 039D,Barnet,0.0,0.4991235537952707,0.0
E01000308,Barnet 036D,Barnet,0.0,0.5274151253327826,0.0
E01000309,Barnet 031D,Barnet,0.0,0.28809077761248825,0.0
E01000310,Barnet 034C,Barnet,1.0,0.31016285153080064,3.224112736469007
E01000311,Barnet 034D,Barnet,0.0,0.33891743710042477,0.0
E01000312,Barnet 036E,Barnet,0.0,0.1470394251824187,0.0
E01000313,Barnet 036F,Barnet,0.0,0.2172058419466978,0.0
E01000314,Barnet 032F,Barnet,0.0,0.24636556454970293,0.0
E01000315,Barnet 022F,Barnet,0.0,0.5072591503241316,0.0
E01000316,Barnet 027E,Barnet,0.0,0.4055190691535466,0.0
E01000317,Barnet 019D,Barnet,0.0,0.1706830344945914,0.0
E01000318,Barnet 019E,Barnet,0.0,0.2716399435876568,0.0
E01000319,Barnet 027F,Barnet,0.0,0.15927168838143288,0.0
E01000320,Barnet 011D,Barnet,0.0,0.23740517534127387,0.0
E01000321,Barnet 012E,Barnet,2.0,0.1768306335260143,11.31025750527423
E01000322,Barnet 011E,Barnet,1.0,0.20012168883193374,4.996959629097575
E01000323,Barnet 019F,Barnet,4.0,0.21394302047800778,18.69656692264555
E01000324,Barnet 015F,Barnet,1.0,0.2727436922184063,3.6664459290197815
E01000325,Bexley 014A,Bexley,0.0,0.3914890433807053,0.0
E01000326,Bexley 014B,Bexley,0.0,0.2718258619099423,0.0
E01000327,Bexley 017A,Bexley,1.0,0.38652000115612806,2.587188236078027
E01000328,Bexley 017B,Bexley,0.0,0.5522942757476424,0.0
E01000329,Bexley 017C,Bexley,2.0,0.4811079871485361,4.157070872703107
E01000330,Bexley 017D,Bexley,1.0,0.2559012356734361,3.9077576056574133
E01000331,Bexley 017E,Bexley,0.0,0.5332003742291479,0.0
E01000332,Bexley 005A,Bexley,0.0,0.27888172701899366,0.0
E01000333,Bexley 003A,Bexley,4.0,0.2894050590285129,13.821458454898366
E01000334,Bexley 006A,Bexley,1.0,0.26884848752500495,3.7195671406073743
E01000335,Bexley 003B,Bexley,1.0,1.3977987954907212,0.7154105463718996
E01000336,Bexley 003C,Bexley,0.0,0.18112186770657301,0.0
E01000337,Bexley 003D,Bexley,1.0,0.2750982317474391,3.63506516798725
E01000338,Bexley 003E,Bexley,1.0,0.17166461015679887,5.825312503762992
E01000339,Bexley 025A,Bexley,0.0,0.25914544171925363,0.0
E01000340,Bexley 018A,Bexley,1.0,0.23002550432238444,4.3473440171159625
E01000341,Bexley 022A,Bexley,0.0,0.2382160902884707,0.0
E01000342,Bexley 022B,Bexley,0.0,0.22308758841882353,0.0
E01000343,Bexley 022C,Bexley,1.0,0.3082939118325722,3.2436579563176013
E01000344,Bexley 025B,Bexley,1.0,0.22435835821959388,4.45715509747685
E01000345,Bexley 022D,Bexley,0.0,0.2099792842194227,0.0
E01000346,Bexley 021A,Bexley,0.0,0.35121539117822625,0.0
E01000347,Bexley 021B,Bexley,0.0,0.19653023872809564,0.0
E01000348,Bexley 020A,Bexley,0.0,0.2946573734139909,0.0
E01000349,Bexley 020B,Bexley,1.0,0.3299118585804302,3.031112625968875
E01000350,Bexley 021C,Bexley,1.0,0.2641372468208625,3.7859105901796526
E01000351,Bexley 024A,Bexley,0.0,0.3110395072172459,0.0
E01000352,Bexley 021D,Bexley,1.0,0.34559162302409707,2.893588656025592
E01000353,Bexley 011A,Bexley,0.0,0.3349726938774019,0.0
E01000354,Bexley 011B,Bexley,0.0,0.20510287438544816,0.0
E01000355,Bexley 011C,Bexley,0.0,0.421092372363259,0.0
E01000356,Bexley 009A,Bexley,1.0,0.3125147716631455,3.199848745319096
E01000357,Bexley 009B,Bexley,0.0,0.19891530902827034,0.0
E01000358,Bexley 011D,Bexley,2.0,0.294250768030393,6.796923635534644
E01000359,Bexley 009C,Bexley,0.0,0.20682434335983446,0.0
E01000360,Bexley 015A,Bexley,7.0,0.44405393758382816,15.763850756708008
E01000361,Bexley 020C,Bexley,0.0,0.2834119224056145,0.0
E01000362,Bexley 015B,Bexley,2.0,0.3973676539993115,5.0331222983828106
E01000363,Bexley 020D,Bexley,1.0,0.42061050043724013,2.3774965174679736
E01000364,Bexley 023A,Bexley,0.0,0.43052570275746904,0.0
E01000365,Bexley 015C,Bexley,0.0,0.34130427147716075,0.0
E01000366,Bexley 015D,Bexley,0.0,0.2326591503336342,0.0
E01000367,Bexley 010A,Bexley,0.0,0.26230500413988084,0.0
E01000368,Bexley 010B,Bexley,0.0,0.24180145222788274,0.0
E01000369,Bexley 014C,Bexley,0.0,0.2671347907138297,0.0
E01000370,Bexley 014D,Bexley,2.0,0.32668839726825966,6.1220417276029035
E01000371,Bexley 014E,Bexley,0.0,0.22793407668599097,0.0
E01000372,Bexley 010C,Bexley,0.0,0.2268548251276479,0.0
E01000373,Bexley 008A,Bexley,0.0,0.08972479590614876,0.0
E01000374,Bexley 019A,Bexley,0.0,0.7419311904235039,0.0
E01000375,Bexley 019B,Bexley,0.0,0.42530686696873754,0.0
E01000376,Bexley 019C,Bexley,0.0,0.5463720853913027,0.0
E01000377,Bexley 019D,Bexley,1.0,0.4300818399513391,2.3251388622061873
E01000378,Bexley 019E,Bexley,4.0,1.2578431435704716,3.1800467494267477
E01000379,Bexley 019F,Bexley,0.0,0.3301716715356895,0.0
E01000380,Bexley 010D,Bexley,0.0,0.22258028387408346,0.0
E01000381,Bexley 028A,Bexley,1.0,2.054759917586316,0.4866748623239056
E01000382,Bexley 027A,Bexley,0.0,0.5816990325731545,0.0
E01000383,Bexley 028B,Bexley,0.0,2.796792402574373,0.0
E01000384,Bexley 027B,Bexley,0.0,0.3031942815401877,0.0
E01000385,Bexley 028C,Bexley,1.0,0.5892310132109645,1.6971272346147985
E01000386,Bexley 028D,Bexley,0.0,0.5513391629377219,0.0
E01000387,Bexley 027C,Bexley,0.0,0.3094637722937132,0.0
E01000388,Bexley 016A,Bexley,0.0,0.5305680114221769,0.0
E01000389,Bexley 020E,Bexley,0.0,0.44503995767218485,0.0
E01000390,Bexley 020F,Bexley,1.0,0.5386434305234509,1.8565157269776877
E01000391,Bexley 021E,Bexley,0.0,0.4680902133554824,0.0
E01000392,Bexley 016B,Bexley,4.0,0.22071927459950233,18.122567715293766
E01000393,Bexley 020G,Bexley,0.0,0.278644048686517,0.0
E01000394,Bexley 015E,Bexley,1.0,0.23868418355811824,4.189636636549508
E01000395,Bexley 018B,Bexley,1.0,0.31725729373776107,3.1520157920359155
E01000396,Bexley 018C,Bexley,0.0,0.21547486447193034,0.0
E01000398,Bexley 029A,Bexley,0.0,0.2330208127184502,0.0
E01000399,Bexley 029B,Bexley,1.0,0.2946466653493046,3.3938955284442014
E01000400,Bexley 029C,Bexley,0.0,0.2816355539492316,0.0
E01000401,Bexley 013A,Bexley,0.0,0.2679188624415706,0.0
E01000402,Bexley 005B,Bexley,0.0,0.31585832817306114,0.0
E01000403,Bexley 004A,Bexley,2.0,0.6249249179673452,3.200384466193598
E01000404,Bexley 004B,Bexley,1.0,0.1692824853886928,5.90728566929934
E01000405,Bexley 004C,Bexley,0.0,0.39501839548188594,0.0
E01000406,Bexley 005C,Bexley,0.0,0.4235083226076557,0.0
E01000407,Bexley 005D,Bexley,0.0,0.4362644836158573,0.0
E01000408,Bexley 004D,Bexley,1.0,1.0842676757754137,0.9222814830155758
E01000409,Bexley 016C,Bexley,0.0,0.2260384031368989,0.0
E01000410,Bexley 018D,Bexley,1.0,0.27847674224526076,3.5909641571405535
E01000411,Bexley 016D,Bexley,0.0,0.18955558367320655,0.0
E01000412,Bexley 018E,Bexley,1.0,0.2420195572944684,4.1318974845627325
E01000413,Bexley 018F,Bexley,1.0,0.20557984747324384,4.864290018165081
E01000414,Bexley 016E,Bexley,2.0,0.2924383616808561,6.839048025384032
E01000415,Bexley 016F,Bexley,0.0,0.22702526827340527,0.0
E01000416,Bexley 002A,Bexley,0.0,0.17651891902565056,0.0
E01000417,Bexley 006B,Bexley,0.0,0.7372639712304799,0.0
E01000418,Bexley 002B,Bexley,0.0,0.5174217206955505,0.0
E01000419,Bexley 006C,Bexley,0.0,0.2677976470166682,0.0
E01000420,Bexley 006D,Bexley,0.0,0.273389825581791,0.0
E01000421,Bexley 009D,Bexley,0.0,0.28399633937157304,0.0
E01000422,Bexley 002C,Bexley,0.0,0.10534506567903328,0.0
E01000423,Bexley 025C,Bexley,0.0,0.29022675404499865,0.0
E01000424,Bexley 026A,Bexley,0.0,0.3878983415111109,0.0
E01000425,Bexley 025D,Bexley,0.0,0.358781165684114,0.0
E01000426,Bexley 026B,Bexley,0.0,0.2591201323681662,0.0
E01000427,Bexley 026C,Bexley,1.0,0.4072628582428835,2.4554166424958392
E01000428,Bexley 027D,Bexley,3.0,0.884199853868744,3.3928980952368923
E01000429,Bexley 008B,Bexley,0.0,0.3116609631373431,0.0
E01000430,Bexley 008C,Bexley,0.0,1.507468848907021,0.0
E01000431,Bexley 008D,Bexley,0.0,0.1471614054783009,0.0
E01000432,Bexley 008E,Bexley,1.0,0.45727411593153766,2.186872086478908
E01000433,Bexley 008F,Bexley,0.0,0.31249245422926125,0.0
E01000434,Bexley 008G,Bexley,0.0,1.5552285045921963,0.0
E01000435,Bexley 010E,Bexley,0.0,0.1731062358101113,0.0
E01000436,Bexley 011E,Bexley,1.0,0.27713891427504495,3.6082987573789644
E01000437,Bexley 007A,Bexley,0.0,0.26657651261754817,0.0
E01000438,Bexley 007B,Bexley,0.0,0.18622194847376577,0.0
E01000439,Bexley 007C,Bexley,0.0,0.24857285732040751,0.0
E01000440,Bexley 007D,Bexley,0.0,0.24017157419719343,0.0
E01000441,Bexley 007E,Bexley,4.0,0.2382657224104723,16.787979233995728
E01000442,Bexley 006E,Bexley,0.0,0.308784543713161,0.0
E01000443,Bexley 024B,Bexley,0.0,0.2725889707881543,0.0
E01000444,Bexley 023B,Bexley,0.0,1.3841857815704333,0.0
E01000445,Bexley 024C,Bexley,1.0,0.5914382722559915,1.6907935230257995
E01000446,Bexley 024D,Bexley,1.0,0.27566412308915406,3.627603000324364
E01000447,Bexley 023C,Bexley,7.0,0.9892530032987662,7.076046245659884
E01000448,Bexley 023D,Bexley,0.0,0.46036530339792336,0.0
E01000449,Bexley 023E,Bexley,0.0,0.4548165872179768,0.0
E01000450,Bexley 009E,Bexley,0.0,0.22899149094672155,0.0
E01000451,Bexley 009F,Bexley,0.0,0.20786364397060705,0.0
E01000452,Bexley 009G,Bexley,0.0,0.16131736335507446,0.0
E01000453,Bexley 013B,Bexley,0.0,0.20922813591424042,0.0
E01000454,Bexley 013C,Bexley,0.0,0.2035342777987077,0.0
E01000455,Bexley 013D,Bexley,0.0,0.2622205942187225,0.0
E01000456,Bexley 013E,Bexley,0.0,0.16895797363599074,0.0
E01000457,Bexley 026D,Bexley,1.0,0.2996509531468154,3.3372161493177206
E01000458,Bexley 027E,Bexley,0.0,0.33441435366722555,0.0
E01000459,Bexley 027F,Bexley,1.0,0.316464922503177,3.159907872538262
E01000460,Bexley 022E,Bexley,0.0,0.5092718565322042,0.0
E01000461,Bexley 024E,Bexley,0.0,0.5482907835821791,0.0
E01000462,Bexley 026E,Bexley,5.0,0.46282962096935654,10.803111498196536
E01000463,Bexley 025E,Bexley,0.0,0.23526407426058166,0.0
E01000464,Bexley 002D,Bexley,0.0,0.14582164881787785,0.0
E01000465,Bexley 002E,Bexley,0.0,0.26540286465051216,0.0
E01000466,Bexley 001A,Bexley,0.0,2.3635816118079926,0.0
E01000467,Bexley 001B,Bexley,0.0,0.17476778416600322,0.0
E01000468,Bexley 001C,Bexley,0.0,0.2905979703050114,0.0
E01000469,Bexley 001D,Bexley,0.0,0.3799782158117449,0.0
E01000470,Bexley 002F,Bexley,1.0,0.3565822104320818,2.8044023811178596
E01000471,Brent 026A,Brent,0.0,0.1394024593752964,0.0
E01000472,Brent 029A,Brent,0.0,0.4296022588903766,0.0
E01000473,Brent 029B,Brent,1.0,0.17363734813766693,5.759129649959629
E01000474,Brent 026B,Brent,0.0,0.19627712805045827,0.0
E01000475,Brent 029C,Brent,0.0,0.3128069512774675,0.0
E01000476,Brent 026C,Brent,0.0,0.2277964533273568,0.0
E01000477,Brent 026D,Brent,2.0,0.3792191180169774,5.273995705855898
E01000478,Brent 029D,Brent,0.0,0.1921985355433175,0.0
E01000479,Brent 009A,Brent,0.0,0.3102098503817576,0.0
E01000480,Brent 006A,Brent,0.0,0.2963005316102017,0.0
E01000481,Brent 009B,Brent,0.0,0.25790233545302954,0.0
E01000482,Brent 009C,Brent,1.0,0.3437576665959251,2.909026029593878
E01000483,Brent 009D,Brent,0.0,0.2237242659264023,0.0
E01000484,Brent 006B,Brent,0.0,0.30474708772426173,0.0
E01000485,Brent 006C,Brent,0.0,0.1759676728992784,0.0
E01000486,Brent 006D,Brent,0.0,0.7467369299001284,0.0
E01000487,Brent 006E,Brent,1.0,0.3070415799462804,3.2568878787523134
E01000488,Brent 022A,Brent,1.0,0.16128776678876572,6.200098246196646
E01000489,Brent 030A,Brent,0.0,0.31971338073817773,0.0
E01000490,Brent 023A,Brent,1.0,0.1326177273043544,7.540470043684468
E01000491,Brent 030B,Brent,0.0,0.36617124440681237,0.0
E01000492,Brent 030C,Brent,0.0,0.16130278398963424,0.0
E01000493,Brent 030D,Brent,0.0,0.1836679146792149,0.0
E01000494,Brent 023B,Brent,0.0,0.22056377000637392,0.0
E01000495,Brent 023C,Brent,0.0,0.17515112532394758,0.0
E01000497,Brent 011A,Brent,0.0,0.3049650909984554,0.0
E01000498,Brent 010B,Brent,0.0,0.2871984310808552,0.0
E01000499,Brent 011B,Brent,1.0,0.5237230010662962,1.909406304409024
E01000501,Brent 011C,Brent,0.0,0.15823499006708616,0.0
E01000502,Brent 011D,Brent,0.0,0.3722564030897519,0.0
E01000503,Brent 011E,Brent,0.0,0.4035966451435866,0.0
E01000504,Brent 018A,Brent,0.0,0.1477737835798451,0.0
E01000505,Brent 018B,Brent,0.0,0.15655576707614388,0.0
E01000506,Brent 014A,Brent,0.0,0.29737590289688076,0.0
E01000507,Brent 018C,Brent,0.0,0.23814179743714464,0.0
E01000508,Brent 025A,Brent,0.0,0.2302671717454191,0.0
E01000509,Brent 014B,Brent,0.0,0.12881569494209785,0.0
E01000510,Brent 014C,Brent,2.0,0.1791130421164046,11.166132719136169
E01000511,Brent 014D,Brent,0.0,0.1652022260357549,0.0
E01000512,Brent 018D,Brent,0.0,0.15323387558633284,0.0
E01000513,Brent 002A,Brent,0.0,0.16834063491163584,0.0
E01000514,Brent 002B,Brent,0.0,0.1579724661950939,0.0
E01000515,Brent 003A,Brent,1.0,0.3799883638853397,2.6316595323475402
E01000516,Brent 002C,Brent,1.0,0.24769070833552975,4.037293149670226
E01000517,Brent 003B,Brent,0.0,0.22855197356064663,0.0
E01000518,Brent 005A,Brent,0.0,0.506151011727261,0.0
E01000519,Brent 005B,Brent,0.0,0.7323804329985371,0.0
E01000520,Brent 002D,Brent,0.0,0.2425029925916292,0.0
E01000521,Brent 025B,Brent,1.0,0.1438750639859321,6.950474754247744
E01000522,Brent 025C,Brent,0.0,0.14529508153041526,0.0
E01000523,Brent 031A,Brent,0.0,0.13746314533803572,0.0
E01000524,Brent 031B,Brent,1.0,0.15514802153781926,6.445457635154165
E01000525,Brent 031C,Brent,0.0,0.15978541895506235,0.0
E01000526,Brent 025D,Brent,0.0,0.13958817359237158,0.0
E01000527,Brent 025E,Brent,0.0,0.1276979184934082,0.0
E01000528,Brent 025F,Brent,0.0,0.1075521102634316,0.0
E01000530,Brent 033A,Brent,1.0,0.17735801046384655,5.6383131350238305
E01000531,Brent 033B,Brent,0.0,0.10682849153241988,0.0
E01000532,Brent 033C,Brent,0.0,0.10347569305628695,0.0
E01000533,Brent 031E,Brent,0.0,0.18477731479339551,0.0
E01000534,Brent 033D,Brent,0.0,0.15352912133492444,0.0
E01000535,Brent 031F,Brent,1.0,0.19026616826043527,5.25579512712531
E01000536,Brent 004A,Brent,1.0,0.335921888096048,2.976882529649501
E01000538,Brent 004B,Brent,0.0,0.3966391237749482,0.0
E01000539,Brent 004C,Brent,0.0,0.2820268941357856,0.0
E01000540,Brent 004D,Brent,0.0,0.3779773589438106,0.0
E01000541,Brent 004E,Brent,0.0,0.24106657119001856,0.0
E01000543,Brent 003E,Brent,3.0,0.19557460013359168,15.33941523056052
E01000544,Brent 034A,Brent,0.0,0.07264647715565926,0.0
E01000545,Brent 028A,Brent,1.0,0.11514948800493824,8.684363407305073
E01000546,Brent 028B,Brent,1.0,0.09539410929385296,10.482827581308927
E01000547,Brent 028C,Brent,0.0,0.07654001275334674,0.0
E01000548,Brent 028D,Brent,2.0,0.10724347581966974,18.649153104315705
E01000549,Brent 028E,Brent,0.0,0.11193094611454486,0.0
E01000550,Brent 034B,Brent,1.0,0.14339106253343964,6.973935350864662
E01000551,Brent 034C,Brent,0.0,0.13621075435568744,0.0
E01000552,Brent 034D,Brent,1.0,0.08781229373089809,11.387927105793556
E01000553,Brent 015A,Brent,0.0,0.14359374488405457,0.0
E01000554,Brent 015B,Brent,0.0,0.21417864728106947,0.0
E01000555,Brent 015C,Brent,0.0,0.205370940940274,0.0
E01000556,Brent 015D,Brent,1.0,0.0972134529298903,10.286642124739602
E01000557,Brent 015E,Brent,0.0,0.11650343755593574,0.0
E01000558,Brent 015F,Brent,1.0,0.17330091976249562,5.770309825074638
E01000559,Brent 018E,Brent,0.0,0.11248691684633258,0.0
E01000560,Brent 023D,Brent,0.0,0.21039662281100932,0.0
E01000561,Brent 023E,Brent,0.0,0.11477188396589727,0.0
E01000562,Brent 008A,Brent,0.0,0.3085479518960841,0.0
E01000563,Brent 008B,Brent,0.0,0.3814860292220098,0.0
E01000564,Brent 013A,Brent,0.0,0.20739849901427046,0.0
E01000565,Brent 013B,Brent,0.0,0.1875954378329002,0.0
E01000566,Brent 008C,Brent,0.0,0.2092541871211126,0.0
E01000567,Brent 016A,Brent,1.0,0.20300623125914855,4.925957167903114
E01000568,Brent 008D,Brent,0.0,0.8024636106512409,0.0
E01000569,Brent 008E,Brent,0.0,0.37265558288389167,0.0
E01000570,Brent 012A,Brent,0.0,0.1318442961601149,0.0
E01000571,Brent 012B,Brent,0.0,0.35217287766844313,0.0
E01000572,Brent 007A,Brent,0.0,0.216659118993084,0.0
E01000573,Brent 007B,Brent,0.0,0.23416013249216966,0.0
E01000574,Brent 007C,Brent,1.0,0.21928957817300324,4.560180234425341
E01000575,Brent 007D,Brent,4.0,0.27374202659224517,14.612297752724082
E01000576,Brent 012C,Brent,0.0,0.2920253824649076,0.0
E01000577,Brent 007E,Brent,1.0,0.3437260161467985,2.909293894044145
E01000578,Brent 012D,Brent,0.0,0.33315018009587677,0.0
E01000579,Brent 032A,Brent,0.0,0.11285668022383731,0.0
E01000580,Brent 032B,Brent,1.0,0.4463440654999527,2.2404240972261924
E01000581,Brent 030E,Brent,0.0,0.1642922548036945,0.0
E01000582,Brent 032C,Brent,0.0,0.19368651467219333,0.0
E01000583,Brent 032D,Brent,3.0,0.19907855404941197,15.069428318508834
E01000584,Brent 033E,Brent,0.0,0.12413786189023963,0.0
E01000585,Brent 033F,Brent,0.0,0.09927175757448883,0.0
E01000586,Brent 032E,Brent,6.0,0.15279987903161707,39.26704679365938
E01000587,Brent 001A,Brent,0.0,0.19693037165009683,0.0
E01000588,Brent 002E,Brent,0.0,0.3475924981265352,0.0
E01000589,Brent 001B,Brent,1.0,0.2921779860919346,3.4225713352865235
E01000590,Brent 001C,Brent,0.0,0.26819665720099856,0.0
E01000591,Brent 003F,Brent,0.0,0.3198650976964468,0.0
E01000592,Brent 001D,Brent,0.0,0.19981560333001155,0.0
E01000593,Brent 001E,Brent,0.0,0.18048822886863275,0.0
E01000594,Brent 001F,Brent,0.0,0.23957155936438063,0.0
E01000595,Brent 027A,Brent,0.0,0.18993426576554487,0.0
E01000596,Brent 021A,Brent,0.0,0.1970428230695932,0.0
E01000599,Brent 027D,Brent,0.0,0.08949885199787293,0.0
E01000600,Brent 027E,Brent,0.0,2.0262186998897365,0.0
E01000601,Brent 021B,Brent,0.0,0.6997006754244047,0.0
E01000602,Brent 021C,Brent,0.0,0.13041329783049527,0.0
E01000603,Brent 021D,Brent,0.0,0.12044845499738352,0.0
E01000604,Brent 021E,Brent,0.0,0.1677511850091616,0.0
E01000605,Brent 021F,Brent,0.0,0.17514510321969567,0.0
E01000606,Brent 016B,Brent,0.0,0.23360409944809904,0.0
E01000607,Brent 013C,Brent,0.0,0.19958564007747442,0.0
E01000608,Brent 013D,Brent,1.0,0.5641076636414467,1.7727112472551187
E01000609,Brent 016C,Brent,0.0,0.24888970655514284,0.0
E01000610,Brent 019A,Brent,0.0,0.2871150144605,0.0
E01000611,Brent 016D,Brent,0.0,0.12084511319809432,0.0
E01000612,Brent 019B,Brent,1.0,0.25899692795870455,3.8610496575443696
E01000613,Brent 013E,Brent,0.0,0.21997370204938244,0.0
E01000615,Brent 017B,Brent,0.0,0.6674996352420075,0.0
E01000616,Brent 020A,Brent,1.0,0.17042324330357084,5.867744215023088
E01000617,Brent 017C,Brent,1.0,0.27356198056671616,3.6554787252540764
E01000618,Brent 017D,Brent,0.0,0.17996076408841835,0.0
E01000619,Brent 017E,Brent,0.0,0.21017725937514406,0.0
E01000620,Brent 020B,Brent,0.0,0.44029635267414724,0.0
E01000621,Brent 020C,Brent,1.0,0.21548918969708983,4.640604020116676
E01000622,Brent 010D,Brent,0.0,0.6287186278797682,0.0
E01000623,Brent 005C,Brent,1.0,0.19211356224458787,5.205254581281762
E01000624,Brent 005D,Brent,0.0,0.2638024998086638,0.0
E01000625,Brent 009E,Brent,0.0,0.2690962520289593,0.0
E01000626,Brent 010E,Brent,0.0,0.2028198119486526,0.0
E01000627,Brent 014E,Brent,0.0,0.22532698496162967,0.0
E01000628,Brent 014F,Brent,0.0,0.35024720239835716,0.0
E01000629,Brent 005E,Brent,0.0,0.17912050276411826,0.0
E01000630,Brent 026E,Brent,0.0,0.2855934834522939,0.0
E01000631,Brent 019C,Brent,0.0,0.25322321905442174,0.0
E01000632,Brent 029E,Brent,0.0,0.28513752898664985,0.0
E01000633,Brent 019D,Brent,0.0,0.16654872434694762,0.0
E01000634,Brent 019E,Brent,1.0,0.16785937247618918,5.95736767776759
E01000635,Brent 020D,Brent,4.0,0.23099742374937307,17.316210436787852
E01000636,Brent 020E,Brent,1.0,0.21382309857529846,4.676763205953855
E01000637,Brent 022B,Brent,0.0,0.0710325003214324,0.0
E01000638,Brent 024A,Brent,1.0,0.2888288866757705,3.4622575723271267
E01000639,Brent 022C,Brent,0.0,0.09680975241718441,0.0
E01000640,Brent 024B,Brent,0.0,0.12634841049260692,0.0
E01000641,Brent 024C,Brent,0.0,0.10916908115147447,0.0
E01000642,Brent 022D,Brent,3.0,0.15871184260902035,18.90218115223051
E01000643,Brent 024D,Brent,0.0,0.5739363029318958,0.0
E01000644,Brent 022E,Brent,1.0,0.12042016958845948,8.304256699002652
E01000645,Bromley 007A,Bromley,0.0,0.7787118508074141,0.0
E01000646,Bromley 016A,Bromley,1.0,0.35275163178268054,2.8348557735831235
E01000647,Bromley 016B,Bromley,0.0,0.2534943630840354,0.0
E01000648,Bromley 016C,Bromley,2.0,0.3816865517950501,5.239901669561355
E01000649,Bromley 007B,Bromley,0.0,0.8480970507973077,0.0
E01000650,Bromley 022A,Bromley,0.0,0.8844397697495195,0.0
E01000651,Bromley 020A,Bromley,0.0,0.28636730404588634,0.0
E01000652,Bromley 022B,Bromley,1.0,0.5863641285013675,1.705424925218064
E01000653,Bromley 016D,Bromley,0.0,0.49799309823404764,0.0
E01000654,Bromley 039A,Bromley,0.0,1.056008433602938,0.0
E01000655,Bromley 039B,Bromley,0.0,0.3760988172616639,0.0
E01000656,Bromley 039C,Bromley,0.0,3.407990052273003,0.0
E01000657,Bromley 039D,Bromley,1.0,0.30882632189842996,3.2380659584091105
E01000658,Bromley 042A,Bromley,0.0,2.1662971825853026,0.0
E01000659,Bromley 039E,Bromley,0.0,0.5092107688221547,0.0
E01000661,Bromley 026A,Bromley,0.0,0.9362902727203675,0.0
E01000662,Bromley 026B,Bromley,0.0,0.5199094165006587,0.0
E01000663,Bromley 026C,Bromley,0.0,0.3136154884740455,0.0
E01000664,Bromley 026D,Bromley,0.0,0.8026601462972323,0.0
E01000665,Bromley 033A,Bromley,1.0,0.8379706709502712,1.1933591886527306
E01000666,Bromley 033B,Bromley,2.0,2.9739139170541904,0.672514422334423
E01000667,Bromley 033C,Bromley,0.0,1.0605847446921248,0.0
E01000668,Bromley 020B,Bromley,1.0,0.6997429918369943,1.429096127672188
E01000669,Bromley 020C,Bromley,0.0,0.17232785387018693,0.0
E01000670,Bromley 018A,Bromley,1.0,0.48502300147447885,2.0617578897495203
E01000671,Bromley 020D,Bromley,0.0,0.3463677686176709,0.0
E01000672,Bromley 011A,Bromley,0.0,0.3288714424237133,0.0
E01000673,Bromley 011B,Bromley,0.0,0.4742727645799939,0.0
E01000674,Bromley 008A,Bromley,0.0,0.199970432083912,0.0
E01000675,Bromley 018B,Bromley,5.0,0.5769088552005504,8.666880313809456
E01000676,Bromley 008B,Bromley,10.0,0.3264760094925372,30.63012199745901
E01000677,Bromley 018C,Bromley,1.0,0.38406706292186027,2.6037119465343306
E01000678,Bromley 016E,Bromley,2.0,0.297025355324466,6.7334318910762025
E01000679,Bromley 020E,Bromley,0.0,0.2921814705542735,0.0
E01000680,Bromley 037A,Bromley,3.0,8.25372719212775,0.36347215387265813
E01000681,Bromley 035A,Bromley,0.0,0.3143559505514895,0.0
E01000682,Bromley 035B,Bromley,0.0,0.28717582012978715,0.0
E01000683,Bromley 035C,Bromley,0.0,0.2558477103460574,0.0
E01000684,Bromley 035D,Bromley,0.0,0.40940266548566867,0.0
E01000685,Bromley 037B,Bromley,1.0,1.1046725286253376,0.9052456489023106
E01000686,Bromley 037C,Bromley,1.0,0.44373002146747,2.25362258945851
E01000687,Bromley 037D,Bromley,2.0,0.5744038680441121,3.481870703291307
E01000688,Bromley 037E,Bromley,0.0,0.9235423575948837,0.0
E01000689,Bromley 002A,Bromley,0.0,1.384487948031577,0.0
E01000690,Bromley 002B,Bromley,0.0,0.3324537946291207,0.0
E01000691,Bromley 002C,Bromley,1.0,0.24339592376080985,4.108532240592166
E01000692,Bromley 002D,Bromley,2.0,0.3524967725228808,5.6738108144527155
E01000693,Bromley 010A,Bromley,2.0,2.6686134881378507,0.7494528559081791
E01000694,Bromley 007C,Bromley,0.0,1.0245895453690341,0.0
E01000695,Bromley 007D,Bromley,0.0,0.7553563076336139,0.0
E01000696,Bromley 007E,Bromley,2.0,2.0423040416668443,0.9792861195964154
E01000697,Bromley 007F,Bromley,3.0,0.5115542586556838,5.86448054969519
E01000698,Bromley 010B,Bromley,0.0,1.1323715297681183,0.0
E01000699,Bromley 015A,Bromley,0.0,0.13660720385175668,0.0
E01000700,Bromley 013A,Bromley,0.0,0.20052355840155844,0.0
E01000701,Bromley 015B,Bromley,0.0,0.13230630914271754,0.0
E01000702,Bromley 013B,Bromley,1.0,0.1390948585114026,7.1893383458025
E01000703,Bromley 013C,Bromley,1.0,0.23716265289909502,4.216515491692815
E01000704,Bromley 015C,Bromley,1.0,0.33022325155999793,3.028254356033167
E01000705,Bromley 015D,Bromley,0.0,0.15038220559331167,0.0
E01000706,Bromley 013D,Bromley,0.0,0.29794095789321073,0.0
E01000707,Bromley 041A,Bromley,0.0,0.155468829197201,0.0
E01000708,Bromley 041B,Bromley,1.0,0.23664160423839478,4.225799614646761
E01000709,Bromley 006A,Bromley,0.0,0.25137675820036126,0.0
E01000710,Bromley 006B,Bromley,0.0,0.545033140990001,0.0
E01000711,Bromley 006C,Bromley,0.0,0.27874077113299406,0.0
E01000712,Bromley 012A,Bromley,0.0,0.3589449242366045,0.0
E01000713,Bromley 012B,Bromley,0.0,0.4181164866036201,0.0
E01000714,Bromley 006D,Bromley,11.0,0.32721924960865156,33.61660419781479
E01000715,Bromley 012C,Bromley,2.0,0.303312000803405,6.593870320667998
E01000716,Bromley 011C,Bromley,0.0,0.40155254778091143,0.0
E01000717,Bromley 011D,Bromley,0.0,0.30932640775805387,0.0
E01000718,Bromley 006E,Bromley,0.0,0.33754688099687147,0.0
E01000719,Bromley 019A,Bromley,0.0,0.3480043510791008,0.0
E01000720,Bromley 019B,Bromley,1.0,7.518287697407189,0.13300900953083603
E01000721,Bromley 019C,Bromley,0.0,0.2707367228525027,0.0
E01000722,Bromley 023A,Bromley,0.0,0.578632125013976,0.0
E01000723,Bromley 029A,Bromley,0.0,0.4175045878799719,0.0
E01000724,Bromley 019D,Bromley,0.0,0.41241471723552814,0.0
E01000725,Bromley 023B,Bromley,2.0,0.34012672104118513,5.8801613524443574
E01000726,Bromley 029B,Bromley,0.0,0.2801491706815809,0.0
E01000727,Bromley 028A,Bromley,0.0,0.38800289931765913,0.0
E01000728,Bromley 019E,Bromley,1.0,2.730343853719676,0.3662542352083797
E01000729,Bromley 014A,Bromley,0.0,0.2618771447901247,0.0
E01000730,Bromley 014B,Bromley,0.0,0.3688138732831402,0.0
E01000731,Bromley 023C,Bromley,0.0,0.23350937387792625,0.0
E01000732,Bromley 023D,Bromley,0.0,0.35437530932666994,0.0
E01000733,Bromley 023E,Bromley,0.0,0.3718422272806606,0.0
E01000734,Bromley 028B,Bromley,0.0,0.3201491239904788,0.0
E01000735,Bromley 014C,Bromley,0.0,0.5118348131158781,0.0
E01000736,Bromley 010C,Bromley,0.0,0.3988285505542839,0.0
E01000737,Bromley 010D,Bromley,0.0,0.3632338425978179,0.0
E01000738,Bromley 014D,Bromley,0.0,0.5145513230016859,0.0
E01000739,Bromley 014E,Bromley,0.0,0.22876293125207556,0.0
E01000740,Bromley 005A,Bromley,0.0,0.7118900420595439,0.0
E01000741,Bromley 005B,Bromley,1.0,0.134822397600615,7.4171652321619765
E01000742,Bromley 005C,Bromley,0.0,0.26635552983298133,0.0
E01000743,Bromley 009A,Bromley,1.0,0.3118470124185387,3.2067005941293796
E01000744,Bromley 009B,Bromley,0.0,0.2111094630264259,0.0
E01000745,Bromley 005D,Bromley,1.0,0.47222446056094824,2.117637021199866
E01000746,Bromley 005E,Bromley,3.0,0.1781766824546854,16.837219992368933
E01000747,Bromley 042B,Bromley,4.0,9.938749991096634,0.40246509909025724
E01000748,Bromley 042C,Bromley,2.0,9.882355833111946,0.202380893156951
E01000749,Bromley 036A,Bromley,1.0,9.214715982074136,0.10852206426604485
E01000750,Bromley 036B,Bromley,0.0,0.3137629897905492,0.0
E01000751,Bromley 036C,Bromley,0.0,1.8405164702257382,0.0
E01000752,Bromley 036D,Bromley,2.0,1.3838402912540704,1.445253482385276
E01000753,Bromley 031A,Bromley,0.0,0.8659983524478526,0.0
E01000754,Bromley 031B,Bromley,0.0,0.3847876660099025,0.0
E01000755,Bromley 031C,Bromley,0.0,0.3437524813669588,0.0
E01000756,Bromley 033D,Bromley,4.0,1.0084099377937312,3.9666407976417566
E01000757,Bromley 031D,Bromley,0.0,0.5399780312903898,0.0
E01000758,Bromley 031E,Bromley,0.0,0.3046247267521359,0.0
E01000759,Bromley 034A,Bromley,0.0,4.5913633985501505,0.0
E01000760,Bromley 034B,Bromley,1.0,0.5066674396486995,1.9736811994340018
E01000761,Bromley 034C,Bromley,0.0,0.5867029958181984,0.0
E01000762,Bromley 018D,Bromley,0.0,0.3229319627426357,0.0
E01000763,Bromley 027A,Bromley,1.0,0.8487432683999042,1.1782125846903657
E01000764,Bromley 027B,Bromley,0.0,0.4979611470638167,0.0
E01000765,Bromley 034D,Bromley,5.0,2.308994710215898,2.1654445451425417
E01000766,Bromley 027C,Bromley,0.0,0.3704008696992615,0.0
E01000767,Bromley 027D,Bromley,0.0,0.3135482530612786,0.0
E01000768,Bromley 034E,Bromley,0.0,0.4751660541786379,0.0
E01000769,Bromley 024A,Bromley,0.0,1.1975757432332326,0.0
E01000770,Bromley 012D,Bromley,2.0,0.6863351131109369,2.91402838321158
E01000771,Bromley 041C,Bromley,0.0,0.3711500789522378,0.0
E01000772,Bromley 012E,Bromley,0.0,0.33173511406680745,0.0
E01000773,Bromley 024B,Bromley,0.0,0.30840376249628026,0.0
E01000774,Bromley 041D,Bromley,0.0,0.37685949408996067,0.0
E01000775,Bromley 024C,Bromley,0.0,1.1070542889201758,0.0
E01000777,Bromley 024D,Bromley,0.0,0.24606932123344255,0.0
E01000778,Bromley 024E,Bromley,0.0,0.20631036399336164,0.0
E01000779,Bromley 001A,Bromley,0.0,1.1594906612155187,0.0
E01000780,Bromley 001B,Bromley,0.0,0.20904339528746285,0.0
E01000781,Bromley 001C,Bromley,0.0,0.172645255807844,0.0
E01000782,Bromley 001D,Bromley,0.0,0.2821513567889952,0.0
E01000783,Bromley 001E,Bromley,0.0,0.18870599727929266,0.0
E01000784,Bromley 002E,Bromley,0.0,0.2247568728136707,0.0
E01000785,Bromley 001F,Bromley,0.0,0.21035417969077988,0.0
E01000786,Bromley 032A,Bromley,0.0,0.945590500113472,0.0
E01000787,Bromley 029C,Bromley,0.0,0.34680043866374477,0.0
E01000788,Bromley 029D,Bromley,0.0,0.3729594723656526,0.0
E01000789,Bromley 032B,Bromley,0.0,0.14234562420901645,0.0
E01000790,Bromley 028C,Bromley,1.0,0.5158744424276906,1.9384561780072453
E01000791,Bromley 029E,Bromley,0.0,0.4020895392309727,0.0
E01000792,Bromley 032C,Bromley,0.0,0.31469805947324864,0.0
E01000793,Bromley 032D,Bromley,0.0,0.4711541623197538,0.0
E01000794,Bromley 035E,Bromley,0.0,0.45944341303397557,0.0
E01000795,Bromley 032E,Bromley,0.0,0.2881941365421695,0.0
E01000796,Bromley 009C,Bromley,0.0,0.09995559962849206,0.0
E01000797,Bromley 013E,Bromley,0.0,0.6572062308502159,0.0
E01000798,Bromley 009D,Bromley,1.0,0.13316577731754214,7.509436884939569
E01000799,Bromley 004A,Bromley,4.0,0.2172653945441746,18.410663181737007
E01000800,Bromley 009E,Bromley,0.0,0.23139691893575054,0.0
E01000801,Bromley 015E,Bromley,0.0,0.18778706983570595,0.0
E01000802,Bromley 004B,Bromley,0.0,0.18704778012212256,0.0
E01000803,Bromley 004C,Bromley,0.0,0.257424830741139,0.0
E01000804,Bromley 004D,Bromley,0.0,0.6665664510832008,0.0
E01000805,Bromley 004E,Bromley,2.0,0.1571455177474871,12.727057243934542
E01000806,Bromley 009F,Bromley,0.0,0.1639178171380963,0.0
E01000807,Bromley 022C,Bromley,4.0,0.8116486045934924,4.928241085319635
E01000808,Bromley 025A,Bromley,0.0,0.3360600990760008,0.0
E01000809,Bromley 022D,Bromley,0.0,0.5486566667354367,0.0
E01000810,Bromley 025B,Bromley,0.0,0.3710859060786703,0.0
E01000811,Bromley 025C,Bromley,0.0,0.2955333791009672,0.0
E01000812,Bromley 028D,Bromley,2.0,0.38280914614437966,5.224535568556356
E01000813,Bromley 025D,Bromley,0.0,0.6105442084829932,0.0
E01000814,Bromley 028E,Bromley,0.0,0.4778706019292329,0.0
E01000815,Bromley 025E,Bromley,0.0,0.4993076626720931,0.0
E01000816,Bromley 040A,Bromley,0.0,0.29902089749795585,0.0
E01000818,Bromley 040B,Bromley,0.0,1.292308610837877,0.0
E01000819,Bromley 040C,Bromley,0.0,0.39771345176539374,0.0
E01000820,Bromley 008C,Bromley,1.0,0.5874584612460136,1.7022480157643414
E01000822,Bromley 008D,Bromley,0.0,0.21852411843744554,0.0
E01000823,Bromley 008E,Bromley,3.0,0.24269234153122524,12.361329496728327
E01000824,Bromley 008F,Bromley,0.0,0.16885154407111358,0.0
E01000825,Bromley 008G,Bromley,3.0,0.1743919737336875,17.202626564576157
E01000826,Bromley 021A,Bromley,0.0,0.5139007599110306,0.0
E01000827,Bromley 021B,Bromley,0.0,0.37474922999961713,0.0
E01000828,Bromley 011E,Bromley,0.0,0.3460014505918252,0.0
E01000829,Bromley 018E,Bromley,0.0,0.22156831705608612,0.0
E01000830,Bromley 021C,Bromley,0.0,0.5912259495104892,0.0
E01000831,Bromley 021D,Bromley,0.0,0.4067396898765874,0.0
E01000832,Bromley 030A,Bromley,1.0,0.864703688481177,1.1564655191380835
E01000833,Bromley 021E,Bromley,0.0,0.361081687284584,0.0
E01000834,Bromley 027E,Bromley,0.0,0.2098719480117514,0.0
E01000835,Bromley 030B,Bromley,3.0,0.334831864403579,8.959720740269944
E01000836,Bromley 030C,Bromley,0.0,0.2122696797189913,0.0
E01000837,Bromley 030D,Bromley,0.0,0.48490550071612315,0.0
E01000838,Bromley 030E,Bromley,0.0,0.544573771355878,0.0
E01000839,Bromley 030F,Bromley,0.0,0.2680860763157285,0.0
E01000840,Bromley 030G,Bromley,0.0,0.8004365954920881,0.0
E01000841,Bromley 030H,Bromley,0.0,0.3375344991857724,0.0
E01000842,Camden 011A,Camden,0.0,0.10369864458981203,0.0
E01000843,Camden 014A,Camden,1.0,0.08452849397247772,11.830330259114728
E01000844,Camden 011B,Camden,1.0,0.11474630031845187,8.714877928305581
E01000845,Camden 014B,Camden,1.0,0.11842490967374665,8.444169412963358
E01000846,Camden 014C,Camden,0.0,0.08206295569509975,0.0
E01000847,Camden 014D,Camden,0.0,0.09882869857761632,0.0
E01000848,Camden 011C,Camden,1.0,0.09972396976209184,10.027679427380065
E01000849,Camden 011D,Camden,0.0,0.07900498131857084,0.0
E01000850,Camden 026A,Camden,12.0,0.19565136099690897,61.333588168546314
E01000851,Camden 026B,Camden,7.0,0.13556030850901185,51.6375337072551
E01000852,Camden 026C,Camden,2.0,0.12433260645968976,16.085884925515703
E01000853,Camden 025A,Camden,2.0,0.05845080759406074,34.2168069582536
E01000854,Camden 026D,Camden,13.0,0.19065782924234112,68.18497856427378
E01000855,Camden 028A,Camden,5.0,0.3217408204962347,15.540458908161808
E01000856,Camden 019A,Camden,3.0,0.11991418381533385,25.017891166402446
E01000857,Camden 018A,Camden,1.0,0.07557770040074045,13.231416075080828
E01000858,Camden 018B,Camden,6.0,0.21906184363951348,27.389525717100945
E01000859,Camden 018C,Camden,4.0,0.09524240562973228,41.998099203316436
E01000860,Camden 018D,Camden,1.0,0.20961592142025637,4.7706299847095694
E01000861,Camden 019B,Camden,3.0,0.11255639037140411,26.653306756736356
E01000862,Camden 018E,Camden,4.0,0.16964196748967286,23.57907102346891
E01000863,Camden 021A,Camden,25.0,0.1632700608192905,153.12054074427238
E01000864,Camden 015A,Camden,1.0,0.09943561820782677,10.056758513935483
E01000865,Camden 015B,Camden,0.0,0.1084181300597851,0.0
E01000866,Camden 009A,Camden,1.0,0.14168479478741092,7.057920375298117
E01000867,Camden 015C,Camden,4.0,0.08059743360335932,49.62937181951758
E01000868,Camden 015D,Camden,0.0,0.0830513644121546,0.0
E01000869,Camden 015E,Camden,1.0,0.11411825870836939,8.76283963073352
E01000870,Camden 009B,Camden,1.0,0.12770968812991887,7.830259510012283
E01000871,Camden 005A,Camden,0.0,0.3025265564910136,0.0
E01000872,Camden 005B,Camden,1.0,0.15150155020146605,6.600592526414447
E01000873,Camden 005C,Camden,2.0,0.12420657977031951,16.102206531235
E01000874,Camden 005D,Camden,0.0,0.08590274048186139,0.0
E01000875,Camden 013A,Camden,0.0,0.11555253173667486,0.0
E01000876,Camden 013B,Camden,0.0,0.11742761408360522,0.0
E01000877,Camden 005E,Camden,0.0,0.11238553487761323,0.0
E01000878,Camden 004A,Camden,0.0,0.1872776633454136,0.0
E01000879,Camden 004B,Camden,0.0,0.17981377850709,0.0
E01000880,Camden 004C,Camden,0.0,0.20161130797206328,0.0
E01000881,Camden 008A,Camden,0.0,0.14710475154263786,0.0
E01000882,Camden 008B,Camden,0.0,0.12018308968647326,0.0
E01000883,Camden 008C,Camden,1.0,0.1398148609289518,7.15231552179678
E01000884,Camden 004D,Camden,0.0,0.24594213849454688,0.0
E01000885,Camden 004E,Camden,0.0,0.31035934876270876,0.0
E01000886,Camden 006A,Camden,1.0,0.09979865890842199,10.02017472917775
E01000887,Camden 006B,Camden,3.0,0.09779008243391743,30.677957573328342
E01000888,Camden 006C,Camden,0.0,0.09438845653990932,0.0
E01000889,Camden 007A,Camden,0.0,0.11413438474973608,0.0
E01000890,Camden 007B,Camden,1.0,0.07562626666469026,13.222919021426426
E01000891,Camden 007C,Camden,0.0,0.07856106586824778,0.0
E01000892,Camden 006D,Camden,0.0,0.12155879961956673,0.0
E01000893,Camden 002A,Camden,1.0,0.5347086950196781,1.8701771811718872
E01000894,Camden 002B,Camden,2.0,0.22324504395232053,8.958765509827618
E01000895,Camden 002C,Camden,5.0,0.09538915963052981,52.416857632109
E01000896,Camden 002D,Camden,0.0,0.1462987935624966,0.0
E01000897,Camden 008D,Camden,1.0,0.19964216979155844,5.008961789205536
E01000898,Camden 008E,Camden,1.0,0.17254762033735832,5.795501543543976
E01000899,Camden 002E,Camden,2.0,1.081164640763933,1.849857019544066
E01000900,Camden 012A,Camden,1.0,0.10143523957575487,9.858506808703005
E01000901,Camden 007D,Camden,1.0,0.10641055723752703,9.39756379404935
E01000902,Camden 012B,Camden,0.0,0.08058758773406441,0.0
E01000903,Camden 006E,Camden,2.0,0.10278954532054503,19.45723170350721
E01000904,Camden 012C,Camden,5.0,0.11586654570363163,43.15309453333676
E01000905,Camden 012D,Camden,2.0,0.08597901303524212,23.261490559099762
E01000906,Camden 012E,Camden,0.0,0.14139198108758488,0.0
E01000907,Camden 001A,Camden,0.0,0.10554246381211159,0.0
E01000908,Camden 001B,Camden,1.0,0.17297382827635072,5.781221413463517
E01000909,Camden 001C,Camden,1.0,0.22616124699161774,4.421624010753103
E01000910,Camden 003A,Camden,2.0,0.12971094194341218,15.418899670565356
E01000911,Camden 003B,Camden,1.0,0.08803681253453507,11.35888466665828
E01000912,Camden 001D,Camden,1.0,0.9026794585020812,1.1078129568378723
E01000913,Camden 001E,Camden,3.0,1.609173474108598,1.8643111188878196
E01000914,Camden 028B,Camden,24.0,0.4482782151472535,53.538180507202014
E01000915,Camden 027A,Camden,2.0,0.07400790698077231,27.02413946822752
E01000916,Camden 027B,Camden,10.0,0.14768847273221694,67.71009148514668
E01000917,Camden 027C,Camden,3.0,0.07478880341893757,40.11295625623498
E01000918,Camden 028C,Camden,17.0,0.16657533605270894,102.05592498171963
E01000919,Camden 028D,Camden,20.0,0.14993440785305756,133.39166297038966
E01000920,Camden 027D,Camden,8.0,0.13603242139711869,58.809509658330974
E01000921,Camden 003C,Camden,5.0,0.12388622033200544,40.35961373751164
E01000922,Camden 007E,Camden,2.0,0.19018551716207,10.516047856029248
E01000923,Camden 003D,Camden,1.0,0.08543485907853236,11.704824128998592
E01000924,Camden 009C,Camden,0.0,0.097059096699999,0.0
E01000925,Camden 009D,Camden,0.0,0.08349915106430664,0.0
E01000926,Camden 009E,Camden,1.0,0.09173176521055733,10.901349142302463
E01000927,Camden 007F,Camden,1.0,0.10245989403807529,9.759916398394754
E01000928,Camden 003E,Camden,2.0,0.2552409583953249,7.835732997453879
E01000929,Camden 020A,Camden,0.0,0.09656795119863007,0.0
E01000930,Camden 020B,Camden,3.0,0.1169579763386448,25.650238606332245
E01000931,Camden 013C,Camden,3.0,0.14663082257331272,20.459545594515472
E01000932,Camden 013D,Camden,0.0,0.0667972341582268,0.0
E01000933,Camden 020C,Camden,0.0,0.10783782264660671,0.0
E01000934,Camden 020D,Camden,0.0,0.08849119382592523,0.0
E01000935,Camden 020E,Camden,0.0,0.06294018401549026,0.0
E01000936,Camden 024A,Camden,2.0,0.08782407428910285,22.77279910080599
E01000937,Camden 025B,Camden,0.0,0.12692413744284464,0.0
E01000938,Camden 024B,Camden,5.0,0.08097357295310506,61.74854113076737
E01000939,Camden 024C,Camden,3.0,0.07702083212283506,38.9505010179001
E01000940,Camden 024D,Camden,0.0,0.0491327769040782,0.0
E01000941,Camden 025C,Camden,1.0,0.04526025451355691,22.09444049194349
E01000942,Camden 025D,Camden,6.0,0.07315773114499555,82.01457188589204
E01000943,Camden 025E,Camden,4.0,0.06994128664960314,57.19082664348865
E01000944,Camden 023A,Camden,2.0,0.057567847785507595,34.741614928037826
E01000945,Camden 023B,Camden,7.0,0.2714432323003961,25.788080773564328
E01000946,Camden 021B,Camden,4.0,0.4828230396902759,8.284608792832138
E01000947,Camden 021C,Camden,10.0,0.15631754856082966,63.97234406544307
E01000948,Camden 021D,Camden,3.0,0.1991864075731727,15.061268670644235
E01000949,Camden 023C,Camden,1.0,0.061243988090668014,16.328133277662463
E01000950,Camden 023D,Camden,2.0,0.06793929923385805,29.438042819895397
E01000951,Camden 023E,Camden,0.0,0.04922100938224822,0.0
E01000952,Camden 022A,Camden,1.0,0.08528584993439832,11.725274483037898
E01000953,Camden 022B,Camden,13.0,0.6017160974014318,21.604873222009076
E01000954,Camden 022C,Camden,1.0,0.05390955920905199,18.549585911511024
E01000955,Camden 022D,Camden,1.0,0.06328840833741271,15.800681772065575
E01000956,Camden 022E,Camden,7.0,0.16009801099112916,43.72321652633062
E01000957,Camden 019C,Camden,1.0,0.11660347289398125,8.576073895408113
E01000958,Camden 019D,Camden,1.0,0.24407169999500414,4.0971566962514245
E01000959,Camden 019E,Camden,0.0,0.07295054923234556,0.0
E01000960,Camden 017A,Camden,0.0,0.11535965778561783,0.0
E01000961,Camden 017B,Camden,0.0,0.121359391175765,0.0
E01000962,Camden 016A,Camden,1.0,0.0950219399412023,10.523885332364086
E01000963,Camden 017C,Camden,0.0,0.19146546503199585,0.0
E01000964,Camden 016B,Camden,0.0,0.12437333909513476,0.0
E01000965,Camden 016C,Camden,0.0,0.10841160730820643,0.0
E01000966,Camden 016D,Camden,0.0,0.1292485974187973,0.0
E01000967,Camden 017D,Camden,0.0,0.37364611903165623,0.0
E01000968,Camden 016E,Camden,0.0,0.08272312109657433,0.0
E01000969,Camden 010A,Camden,0.0,0.16782744901617486,0.0
E01000970,Camden 010B,Camden,3.0,0.06839517545377909,43.86274295074184
E01000971,Camden 010C,Camden,0.0,0.08180287079726135,0.0
E01000972,Camden 010D,Camden,0.0,0.14145309413380744,0.0
E01000973,Camden 010E,Camden,4.0,0.23208394320093514,17.235143219437866
E01000974,Camden 013E,Camden,2.0,0.11422432397192483,17.509405444076688
E01000975,Croydon 022A,Croydon,1.0,0.18683959426416794,5.3521846048655215
E01000976,Croydon 022B,Croydon,3.0,0.16367630700211794,18.328859289091735
E01000977,Croydon 022C,Croydon,0.0,0.1684452842602934,0.0
E01000978,Croydon 022D,Croydon,0.0,0.1566138469419612,0.0
E01000979,Croydon 022E,Croydon,2.0,0.13574355628159254,14.733664379995394
E01000980,Croydon 017A,Croydon,0.0,0.1469157406587038,0.0
E01000981,Croydon 017B,Croydon,0.0,0.17242780649873773,0.0
E01000982,Croydon 017C,Croydon,0.0,0.13629465043347835,0.0
E01000983,Croydon 017D,Croydon,1.0,0.1560971906360211,6.406265198787244
E01000984,Croydon 022F,Croydon,0.0,0.17063918241679732,0.0
E01000985,Croydon 021A,Croydon,0.0,0.3923591090908271,0.0
E01000986,Croydon 021B,Croydon,0.0,0.3235802279021211,0.0
E01000987,Croydon 021C,Croydon,0.0,0.16269314574373164,0.0
E01000989,Croydon 018A,Croydon,0.0,0.2608265368884122,0.0
E01000990,Croydon 045A,Croydon,0.0,0.166045521956794,0.0
E01000991,Croydon 018B,Croydon,0.0,0.44504155898998315,0.0
E01000992,Croydon 014A,Croydon,1.0,0.4921505635895089,2.031898516394012
E01000993,Croydon 021D,Croydon,0.0,0.16077004588156998,0.0
E01000994,Croydon 009A,Croydon,0.0,0.17786435275022472,0.0
E01000995,Croydon 009B,Croydon,0.0,0.144009918362054,0.0
E01000996,Croydon 009C,Croydon,0.0,0.10403231925687956,0.0
E01000997,Croydon 009D,Croydon,0.0,0.10566015094872694,0.0
E01000998,Croydon 010A,Croydon,0.0,0.14195331746429168,0.0
E01000999,Croydon 009E,Croydon,0.0,0.09664835944393607,0.0
E01001000,Croydon 010B,Croydon,1.0,0.13665792859008222,7.317541033419219
E01001001,Croydon 013A,Croydon,0.0,0.12141689178839243,0.0
E01001002,Croydon 009F,Croydon,0.0,0.10734379421838132,0.0
E01001003,Croydon 010C,Croydon,1.0,0.1592380394128561,6.279906507811882
E01001004,Croydon 015A,Croydon,0.0,0.15433956648404273,0.0
E01001005,Croydon 019A,Croydon,0.0,0.09202700303588948,0.0
E01001006,Croydon 016A,Croydon,0.0,0.29104807341391953,0.0
E01001007,Croydon 016B,Croydon,0.0,0.1512769529742608,0.0
E01001008,Croydon 019B,Croydon,0.0,0.18311896174660267,0.0
E01001009,Croydon 019C,Croydon,0.0,0.11614532767294886,0.0
E01001010,Croydon 019D,Croydon,0.0,0.7270764704199736,0.0
E01001011,Croydon 019E,Croydon,2.0,0.12564471494991353,15.917899935522728
E01001012,Croydon 020A,Croydon,0.0,0.14417180793379783,0.0
E01001013,Croydon 020B,Croydon,1.0,0.19514248740803017,5.124460660937797
E01001014,Croydon 024A,Croydon,1.0,0.6389413955780312,1.5650887654498107
E01001015,Croydon 041A,Croydon,0.0,0.40991275085435364,0.0
E01001016,Croydon 041B,Croydon,0.0,1.0482573510158466,0.0
E01001017,Croydon 043A,Croydon,0.0,1.3431996372564907,0.0
E01001018,Croydon 044A,Croydon,1.0,0.950438582636333,1.052145839056947
E01001019,Croydon 044B,Croydon,0.0,0.592995168042595,0.0
E01001020,Croydon 044C,Croydon,0.0,0.366027962486738,0.0
E01001021,Croydon 044D,Croydon,0.0,2.050217135569145,0.0
E01001022,Croydon 044E,Croydon,1.0,0.9887599241401387,1.0113678513716422
E01001023,Croydon 041C,Croydon,2.0,0.5673309730905469,3.525279060836322
E01001024,Croydon 043B,Croydon,0.0,0.2822185077614085,0.0
E01001025,Croydon 043C,Croydon,1.0,0.22756717814076025,4.39430680720335
E01001026,Croydon 043D,Croydon,0.0,0.2779384186078504,0.0
E01001027,Croydon 043E,Croydon,0.0,1.4481747698159781,0.0
E01001028,Croydon 038A,Croydon,0.0,0.8695022402097533,0.0
E01001029,Croydon 038B,Croydon,0.0,0.4977589020509851,0.0
E01001030,Croydon 038C,Croydon,0.0,0.41555766392782784,0.0
E01001031,Croydon 038D,Croydon,0.0,0.404616861361419,0.0
E01001032,Croydon 035A,Croydon,0.0,0.6519369806837754,0.0
E01001033,Croydon 031A,Croydon,1.0,0.29797732516879155,3.3559600531132436
E01001034,Croydon 031B,Croydon,0.0,0.29571012059207286,0.0
E01001035,Croydon 027A,Croydon,0.0,0.21964439676959363,0.0
E01001036,Croydon 029A,Croydon,1.0,0.8409920070126158,1.1890719432069452
E01001037,Croydon 029B,Croydon,1.0,0.15720250339338537,6.361221853430593
E01001038,Croydon 029C,Croydon,0.0,0.20275998174134524,0.0
E01001039,Croydon 029D,Croydon,0.0,0.45975943363046845,0.0
E01001040,Croydon 029E,Croydon,0.0,0.19191718566008423,0.0
E01001041,Croydon 031C,Croydon,0.0,0.19793935204576077,0.0
E01001042,Croydon 024B,Croydon,5.0,0.20835661150149748,23.99731865462817
E01001043,Croydon 027B,Croydon,25.0,0.3388181898566865,73.78588502162329
E01001044,Croydon 023A,Croydon,0.0,0.4492813869621445,0.0
E01001045,Croydon 027C,Croydon,3.0,0.49600353489077037,6.048343991460985
E01001046,Croydon 023B,Croydon,0.0,0.1959692332761294,0.0
E01001047,Croydon 027D,Croydon,1.0,0.1838384519817098,5.439558423280732
E01001048,Croydon 020C,Croydon,2.0,0.353225776006877,5.662100944640749
E01001049,Croydon 023C,Croydon,0.0,1.3881802792370275,0.0
E01001050,Croydon 023D,Croydon,0.0,0.15421481121291133,0.0
E01001051,Croydon 030A,Croydon,1.0,0.2518573135305957,3.970502130677733
E01001052,Croydon 030B,Croydon,0.0,0.16071260319884687,0.0
E01001053,Croydon 032A,Croydon,0.0,0.22585727374992579,0.0
E01001054,Croydon 030C,Croydon,0.0,0.25340417815133176,0.0
E01001055,Croydon 032B,Croydon,1.0,0.2921833040502925,3.422509041885136
E01001056,Croydon 030D,Croydon,0.0,0.1581966869178812,0.0
E01001057,Croydon 030E,Croydon,0.0,0.1363555226118974,0.0
E01001058,Croydon 034A,Croydon,0.0,0.196098229154991,0.0
E01001059,Croydon 034B,Croydon,1.0,0.18498704055714463,5.4057840862159665
E01001060,Croydon 034C,Croydon,0.0,1.5123217357084429,0.0
E01001061,Croydon 034D,Croydon,0.0,0.4549219822660881,0.0
E01001062,Croydon 026A,Croydon,1.0,1.2419546524122838,0.8051823776799513
E01001063,Croydon 026B,Croydon,2.0,0.31973505841043626,6.255178928275822
E01001064,Croydon 026C,Croydon,0.0,3.4737476850766877,0.0
E01001065,Croydon 034E,Croydon,1.0,1.1715553895816546,0.8535661300291448
E01001066,Croydon 034F,Croydon,0.0,0.16195427604477453,0.0
E01001067,Croydon 041D,Croydon,0.0,0.6815377769969285,0.0
E01001068,Croydon 042A,Croydon,0.0,0.7614559852635642,0.0
E01001069,Croydon 040A,Croydon,0.0,0.4042948793265577,0.0
E01001070,Croydon 040B,Croydon,0.0,0.5318015663701504,0.0
E01001071,Croydon 042B,Croydon,0.0,0.7570827519573673,0.0
E01001072,Croydon 042C,Croydon,1.0,2.166020438072621,0.4616761607705904
E01001073,Croydon 037A,Croydon,0.0,0.3036331444172012,0.0
E01001074,Croydon 041E,Croydon,0.0,0.41123548635353047,0.0
E01001075,Croydon 040C,Croydon,1.0,0.44551717195578305,2.2445823931097513
E01001076,Croydon 036A,Croydon,0.0,0.3453288454167216,0.0
E01001077,Croydon 032C,Croydon,0.0,0.17772545337298695,0.0
E01001078,Croydon 032D,Croydon,0.0,0.3781076094771152,0.0
E01001079,Croydon 036B,Croydon,0.0,0.29350852307007924,0.0
E01001080,Croydon 036C,Croydon,0.0,0.21865219068987043,0.0
E01001081,Croydon 036D,Croydon,0.0,0.46356500066071965,0.0
E01001082,Croydon 032E,Croydon,0.0,0.5624403353464161,0.0
E01001083,Croydon 003A,Croydon,0.0,0.32165106030784707,0.0
E01001084,Croydon 002A,Croydon,0.0,0.5967063962764051,0.0
E01001085,Croydon 004A,Croydon,0.0,0.1822194402022237,0.0
E01001086,Croydon 003B,Croydon,0.0,0.2249960267414205,0.0
E01001087,Croydon 003C,Croydon,1.0,0.3744893972391124,2.6703025703061427
E01001088,Croydon 004B,Croydon,0.0,0.1559397135767378,0.0
E01001089,Croydon 004C,Croydon,0.0,0.15758792916549832,0.0
E01001090,Croydon 004D,Croydon,0.0,0.180911994029411,0.0
E01001091,Croydon 004E,Croydon,0.0,0.3195804584201444,0.0
E01001092,Croydon 037B,Croydon,0.0,0.5859942260141823,0.0
E01001093,Croydon 037C,Croydon,0.0,0.401517919406031,0.0
E01001094,Croydon 038E,Croydon,0.0,1.1713796998880073,0.0
E01001095,Croydon 031D,Croydon,0.0,0.24526635491293197,0.0
E01001096,Croydon 037D,Croydon,0.0,0.3914198623888745,0.0
E01001097,Croydon 037E,Croydon,5.0,0.43890497901969167,11.391987420984972
E01001098,Croydon 037F,Croydon,0.0,0.4847148964934385,0.0
E01001099,Croydon 040D,Croydon,0.0,0.21515634666799982,0.0
E01001100,Croydon 031E,Croydon,0.0,0.244519438309143,0.0
E01001101,Croydon 035B,Croydon,0.0,0.5475068511897689,0.0
E01001102,Croydon 035C,Croydon,0.0,0.6462873316063861,0.0
E01001103,Croydon 039A,Croydon,0.0,0.7330891817724877,0.0
E01001104,Croydon 042D,Croydon,0.0,1.696742875685353,0.0
E01001105,Croydon 039B,Croydon,0.0,0.9924480281403933,0.0
E01001106,Croydon 039C,Croydon,1.0,0.42934073330843703,2.329152401390257
E01001107,Croydon 035D,Croydon,0.0,0.7627874200271983,0.0
E01001108,Croydon 035E,Croydon,0.0,0.5387221081517442,0.0
E01001109,Croydon 013B,Croydon,1.0,0.47508371319615683,2.104892195256357
E01001110,Croydon 020D,Croydon,0.0,0.15371764265683446,0.0
E01001111,Croydon 010D,Croydon,0.0,0.20050341333836302,0.0
E01001112,Croydon 013C,Croydon,1.0,0.3576510189219746,2.796021672227252
E01001113,Croydon 013D,Croydon,0.0,0.176363366938099,0.0
E01001114,Croydon 013E,Croydon,3.0,0.18147385567084676,16.531306886658832
E01001115,Croydon 015B,Croydon,0.0,0.22098400614052904,0.0
E01001116,Croydon 013F,Croydon,0.0,0.15453123254045115,0.0
E01001117,Croydon 015C,Croydon,0.0,0.1736417343328935,0.0
E01001118,Croydon 020E,Croydon,2.0,0.18423443003049583,10.85573418426157
E01001119,Croydon 034G,Croydon,0.0,0.6936532645256647,0.0
E01001120,Croydon 033A,Croydon,0.0,0.30827416556676557,0.0
E01001121,Croydon 039D,Croydon,0.0,2.2022780097410326,0.0
E01001122,Croydon 033B,Croydon,0.0,1.2353847201664498,0.0
E01001123,Croydon 033C,Croydon,0.0,0.7438019945651461,0.0
E01001124,Croydon 033D,Croydon,0.0,0.5994803121196763,0.0
E01001125,Croydon 033E,Croydon,1.0,0.3872244308569489,2.582481683262973
E01001126,Croydon 034H,Croydon,0.0,0.2227187109463057,0.0
E01001127,Croydon 025A,Croydon,1.0,0.32904089118110785,3.039135945719247
E01001128,Croydon 025B,Croydon,0.0,0.22308356209177774,0.0
E01001129,Croydon 026D,Croydon,0.0,0.2889092694590746,0.0
E01001130,Croydon 025C,Croydon,0.0,0.13812510513734755,0.0
E01001131,Croydon 018C,Croydon,1.0,0.161636797543354,6.186710051167534
E01001132,Croydon 018D,Croydon,0.0,0.433945078996841,0.0
E01001133,Croydon 026E,Croydon,0.0,0.40004426474666377,0.0
E01001134,Croydon 018E,Croydon,0.0,0.3715291652387349,0.0
E01001135,Croydon 025D,Croydon,0.0,0.4540952031756191,0.0
E01001136,Croydon 007A,Croydon,2.0,0.2782980595777062,7.186539507443318
E01001137,Croydon 001A,Croydon,0.0,0.3571994454740161,0.0
E01001138,Croydon 001B,Croydon,0.0,0.26062343243312147,0.0
E01001139,Croydon 007B,Croydon,0.0,0.18276091425117466,0.0
E01001140,Croydon 007C,Croydon,0.0,0.35378378077774886,0.0
E01001141,Croydon 008A,Croydon,0.0,0.1533920399852745,0.0
E01001142,Croydon 007D,Croydon,0.0,0.31369054703377064,0.0
E01001143,Croydon 008B,Croydon,0.0,0.2212761203116066,0.0
E01001144,Croydon 007E,Croydon,0.0,0.12062299308159367,0.0
E01001145,Croydon 008C,Croydon,2.0,0.14023014603910575,14.262268538480045
E01001146,Croydon 006A,Croydon,0.0,0.13236740944679956,0.0
E01001147,Croydon 005A,Croydon,1.0,0.2004051947000304,4.989890613847687
E01001148,Croydon 005B,Croydon,0.0,0.1420931090521141,0.0
E01001149,Croydon 006B,Croydon,0.0,0.14087035756782898,0.0
E01001150,Croydon 006C,Croydon,0.0,0.2738905504951076,0.0
E01001151,Croydon 005C,Croydon,0.0,0.16572634814977472,0.0
E01001152,Croydon 005D,Croydon,0.0,0.17342182114590748,0.0
E01001153,Croydon 006D,Croydon,0.0,0.140284771091555,0.0
E01001154,Croydon 006E,Croydon,0.0,0.1780826626017116,0.0
E01001155,Croydon 010E,Croydon,1.0,0.13607394222855723,7.3489456072371695
E01001156,Croydon 001C,Croydon,0.0,0.278895328150833,0.0
E01001157,Croydon 002B,Croydon,1.0,0.3361641716367203,2.9747370016595984
E01001158,Croydon 005E,Croydon,0.0,0.20719802894580608,0.0
E01001159,Croydon 002C,Croydon,0.0,0.4020396941736531,0.0
E01001160,Croydon 002D,Croydon,0.0,0.318656320954212,0.0
E01001161,Croydon 003D,Croydon,0.0,0.2953663408281889,0.0
E01001162,Croydon 001D,Croydon,0.0,0.3140671505290059,0.0
E01001163,Croydon 002E,Croydon,1.0,0.27990866180118007,3.5725939796400543
E01001164,Croydon 001E,Croydon,7.0,0.187535988891577,37.326168920286634
E01001165,Croydon 024C,Croydon,1.0,0.1861329568922527,5.3725037021728115
E01001166,Croydon 024D,Croydon,1.0,0.17085498143254033,5.852916851563007
E01001167,Croydon 028A,Croydon,0.0,0.5695832815194624,0.0
E01001168,Croydon 024E,Croydon,0.0,0.2242009133421821,0.0
E01001169,Croydon 028B,Croydon,0.0,0.2279929912653037,0.0
E01001170,Croydon 027E,Croydon,0.0,0.25392380398906483,0.0
E01001171,Croydon 028C,Croydon,0.0,0.29658250016039267,0.0
E01001172,Croydon 028D,Croydon,1.0,0.6960456963260144,1.4366872825711994
E01001173,Croydon 028E,Croydon,0.0,1.023216358189116,0.0
E01001174,Croydon 011A,Croydon,0.0,0.23202325810687216,0.0
E01001175,Croydon 011B,Croydon,0.0,0.14864310341973883,0.0
E01001176,Croydon 011C,Croydon,0.0,0.25294822659398586,0.0
E01001177,Croydon 016C,Croydon,0.0,0.291999382197877,0.0
E01001178,Croydon 015D,Croydon,0.0,0.18202531789305926,0.0
E01001179,Croydon 016D,Croydon,0.0,0.11162506898822044,0.0
E01001180,Croydon 016E,Croydon,0.0,0.15348469352159336,0.0
E01001181,Croydon 015E,Croydon,2.0,0.14377524912074266,13.91060013619171
E01001182,Croydon 011D,Croydon,0.0,0.12847139460897092,0.0
E01001183,Croydon 011E,Croydon,0.0,0.13670751936652537,0.0
E01001184,Croydon 011F,Croydon,0.0,0.18613921858871116,0.0
E01001185,Croydon 014B,Croydon,1.0,0.19839277303079708,5.040506187414231
E01001186,Croydon 014C,Croydon,0.0,0.17886833182297773,0.0
E01001187,Croydon 017E,Croydon,0.0,0.163070656603893,0.0
E01001188,Croydon 014D,Croydon,0.0,0.18860849133341978,0.0
E01001189,Croydon 045B,Croydon,0.0,0.1182860632588071,0.0
E01001190,Croydon 045C,Croydon,0.0,0.25055428064410307,0.0
E01001191,Croydon 008D,Croydon,1.0,0.1585698853420035,6.3063676803650335
E01001192,Croydon 008E,Croydon,1.0,0.18713760571651908,5.343661399167552
E01001193,Croydon 014E,Croydon,0.0,0.18141556012456436,0.0
E01001194,Croydon 045D,Croydon,0.0,0.5431234557251009,0.0
E01001195,Ealing 021A,Ealing,0.0,0.41278588845246694,0.0
E01001196,Ealing 015A,Ealing,0.0,0.230658907414464,0.0
E01001197,Ealing 021B,Ealing,0.0,0.404208826212219,0.0
E01001198,Ealing 021C,Ealing,0.0,0.10839543179094586,0.0
E01001199,Ealing 021D,Ealing,0.0,0.10464384390709593,0.0
E01001200,Ealing 025A,Ealing,2.0,0.1351858980410974,14.794442534176063
E01001201,Ealing 025B,Ealing,0.0,0.12457322424481558,0.0
E01001202,Ealing 025C,Ealing,3.0,0.16168540850421542,18.554550022501164
E01001203,Ealing 025D,Ealing,1.0,0.09091057961957465,10.99981986898126
E01001204,Ealing 018A,Ealing,0.0,0.16854455418511174,0.0
E01001205,Ealing 018B,Ealing,0.0,0.2474190184562196,0.0
E01001206,Ealing 018C,Ealing,0.0,0.15395371173639816,0.0
E01001207,Ealing 018D,Ealing,0.0,0.15894811665808442,0.0
E01001208,Ealing 018E,Ealing,1.0,0.533405494114445,1.8747463440739225
E01001209,Ealing 013A,Ealing,1.0,0.2752725055899251,3.6327638238222937
E01001210,Ealing 016A,Ealing,0.0,0.2291222727071125,0.0
E01001211,Ealing 013B,Ealing,0.0,0.18205849526021994,0.0
E01001212,Ealing 018F,Ealing,0.0,0.2857799848540705,0.0
E01001213,Ealing 023A,Ealing,0.0,0.14969986107379785,0.0
E01001214,Ealing 023B,Ealing,0.0,0.23379290069235953,0.0
E01001215,Ealing 023C,Ealing,1.0,0.17399792676201783,5.747194915533274
E01001216,Ealing 023D,Ealing,0.0,0.14336296986318206,0.0
E01001217,Ealing 014A,Ealing,0.0,0.18661517552463477,0.0
E01001218,Ealing 012A,Ealing,0.0,0.27542777047288547,0.0
E01001219,Ealing 029A,Ealing,0.0,0.16442285773260237,0.0
E01001220,Ealing 029B,Ealing,0.0,0.9386144952644827,0.0
E01001221,Ealing 020A,Ealing,7.0,0.30559048787264687,22.906472150786353
E01001222,Ealing 019A,Ealing,3.0,0.1877039184750259,15.982617861007261
E01001223,Ealing 020B,Ealing,0.0,0.22460628321804604,0.0
E01001224,Ealing 019B,Ealing,0.0,0.2397719195895597,0.0
E01001225,Ealing 020C,Ealing,3.0,0.23326567062467113,12.860872291950137
E01001226,Ealing 019C,Ealing,0.0,0.22634115011460976,0.0
E01001227,Ealing 019D,Ealing,0.0,0.17197840725983168,0.0
E01001228,Ealing 019E,Ealing,0.0,0.26779775621974056,0.0
E01001229,Ealing 031A,Ealing,0.0,0.20278245502578884,0.0
E01001230,Ealing 031B,Ealing,1.0,0.19274124223777744,5.18830317989929
E01001231,Ealing 027A,Ealing,0.0,0.39780694901805735,0.0
E01001232,Ealing 031C,Ealing,0.0,0.21294634245220823,0.0
E01001233,Ealing 031D,Ealing,1.0,0.17122476385408147,5.840276707008366
E01001234,Ealing 027B,Ealing,0.0,0.30160721141508473,0.0
E01001235,Ealing 020D,Ealing,2.0,0.2724253800022623,7.341459888881834
E01001236,Ealing 020E,Ealing,1.0,0.13918499634677187,7.184682446005561
E01001237,Ealing 031E,Ealing,1.0,0.24256299707468165,4.122640353475326
E01001238,Ealing 015B,Ealing,2.0,0.4084744687563211,4.8962668489156345
E01001239,Ealing 015C,Ealing,0.0,0.41491110566728234,0.0
E01001240,Ealing 024A,Ealing,0.0,0.19528783718650267,0.0
E01001241,Ealing 024B,Ealing,0.0,0.3543460799319916,0.0
E01001242,Ealing 024C,Ealing,0.0,0.2066030720137198,0.0
E01001243,Ealing 024D,Ealing,0.0,0.21962811778605162,0.0
E01001244,Ealing 024E,Ealing,0.0,0.2117188046289989,0.0
E01001245,Ealing 024F,Ealing,0.0,0.11259328799540437,0.0
E01001246,Ealing 015D,Ealing,2.0,1.0100089877637484,1.980180398620196
E01001247,Ealing 015E,Ealing,0.0,1.1421642834010444,0.0
E01001248,Ealing 035A,Ealing,0.0,0.6668755377533777,0.0
E01001249,Ealing 028A,Ealing,1.0,0.15552967765520295,6.429641050352597
E01001250,Ealing 028B,Ealing,1.0,0.24696923829460657,4.049087274614793
E01001251,Ealing 030A,Ealing,1.0,0.18814305896161043,5.315104397255731
E01001252,Ealing 030B,Ealing,5.0,0.1964135141230936,25.456496831814068
E01001253,Ealing 030C,Ealing,1.0,0.16264629967803365,6.148310794524986
E01001254,Ealing 030D,Ealing,2.0,0.20867714617034525,9.584183206949648
E01001255,Ealing 028C,Ealing,1.0,0.17538982374957307,5.701585067032341
E01001257,Ealing 008A,Ealing,0.0,0.1660698702182337,0.0
E01001258,Ealing 010B,Ealing,0.0,0.20611779984944767,0.0
E01001259,Ealing 014B,Ealing,0.0,0.2610360308957532,0.0
E01001260,Ealing 012B,Ealing,0.0,0.26650780127928314,0.0
E01001261,Ealing 012C,Ealing,0.0,0.4327342409028833,0.0
E01001262,Ealing 010C,Ealing,1.0,0.25840059611070204,3.869960112520745
E01001263,Ealing 010D,Ealing,0.0,0.3277837306939662,0.0
E01001264,Ealing 010E,Ealing,0.0,0.30748461048424036,0.0
E01001265,Ealing 006A,Ealing,0.0,0.4982034667117132,0.0
E01001266,Ealing 006B,Ealing,0.0,0.735737129982301,0.0
E01001267,Ealing 006C,Ealing,0.0,0.38332465193630266,0.0
E01001268,Ealing 012D,Ealing,0.0,0.30155754631037823,0.0
E01001269,Ealing 001A,Ealing,0.0,0.2879534523772768,0.0
E01001270,Ealing 004A,Ealing,0.0,0.2830359574399625,0.0
E01001271,Ealing 001B,Ealing,2.0,0.34129465048318497,5.860039110394837
E01001272,Ealing 006D,Ealing,1.0,0.5507261114077365,1.815784614685971
E01001273,Ealing 020F,Ealing,1.0,0.3933187951102513,2.542466854958431
E01001274,Ealing 020G,Ealing,0.0,0.2662671644298028,0.0
E01001275,Ealing 020H,Ealing,0.0,0.345800034018198,0.0
E01001276,Ealing 011A,Ealing,0.0,0.35936001445244076,0.0
E01001277,Ealing 011B,Ealing,1.0,0.5489024299339283,1.8218174040883195
E01001278,Ealing 011C,Ealing,2.0,0.4525220379681976,4.4196742527279
E01001279,Ealing 013C,Ealing,0.0,0.2530900461348464,0.0
E01001280,Ealing 011D,Ealing,0.0,0.364162606580124,0.0
E01001281,Ealing 013D,Ealing,0.0,0.28885816919079843,0.0
E01001282,Ealing 016B,Ealing,0.0,0.1488021640757063,0.0
E01001283,Ealing 016C,Ealing,0.0,0.2586419098836319,0.0
E01001284,Ealing 022A,Ealing,0.0,0.4739657125657266,0.0
E01001285,Ealing 016D,Ealing,0.0,0.21633260301865556,0.0
E01001286,Ealing 016E,Ealing,0.0,0.2095482832212678,0.0
E01001287,Ealing 016F,Ealing,0.0,0.09148892311127628,0.0
E01001288,Ealing 022B,Ealing,0.0,0.17253585470793412,0.0
E01001289,Ealing 022C,Ealing,0.0,0.12063155380828122,0.0
E01001290,Ealing 022D,Ealing,0.0,0.5060368087081061,0.0
E01001291,Ealing 014C,Ealing,0.0,0.16388270036706484,0.0
E01001292,Ealing 014D,Ealing,0.0,0.1876218100022075,0.0
E01001293,Ealing 014E,Ealing,0.0,0.1442578370790192,0.0
E01001294,Ealing 017A,Ealing,0.0,0.2972383102001661,0.0
E01001295,Ealing 017B,Ealing,0.0,0.16178946723811125,0.0
E01001296,Ealing 017C,Ealing,0.0,0.15811557206856,0.0
E01001297,Ealing 017D,Ealing,0.0,0.25162839260833714,0.0
E01001298,Ealing 017E,Ealing,0.0,0.17570909077417562,0.0
E01001299,Ealing 035B,Ealing,0.0,0.22774100962681362,0.0
E01001300,Ealing 039A,Ealing,1.0,0.1366535712110294,7.317774362850236
E01001301,Ealing 039B,Ealing,2.0,0.2497580270092711,8.007750637483053
E01001302,Ealing 039C,Ealing,2.0,0.3346881770542101,5.97571153425015
E01001303,Ealing 032A,Ealing,0.0,0.16211881942983264,0.0
E01001304,Ealing 039D,Ealing,0.0,0.11611482549186802,0.0
E01001305,Ealing 035C,Ealing,0.0,0.15006651376948776,0.0
E01001306,Ealing 035D,Ealing,0.0,0.15501229282393147,0.0
E01001307,Ealing 002A,Ealing,1.0,0.5773848859135806,1.7319469636232803
E01001308,Ealing 002B,Ealing,0.0,1.109999849771967,0.0
E01001309,Ealing 001C,Ealing,1.0,0.3356593327191156,2.979211070638736
E01001310,Ealing 001D,Ealing,0.0,0.23361818932808648,0.0
E01001311,Ealing 001E,Ealing,0.0,0.32089302254504637,0.0
E01001312,Ealing 002C,Ealing,1.0,0.20849045266250424,4.7963826987260605
E01001313,Ealing 002D,Ealing,0.0,0.1723369598821705,0.0
E01001314,Ealing 002E,Ealing,1.0,0.2900114482476909,3.4481397408350833
E01001315,Ealing 003A,Ealing,0.0,0.16624135543559662,0.0
E01001316,Ealing 003B,Ealing,0.0,0.17899311645637264,0.0
E01001317,Ealing 003C,Ealing,0.0,0.33842111873359115,0.0
E01001318,Ealing 003D,Ealing,0.0,0.25388506179397863,0.0
E01001319,Ealing 004B,Ealing,0.0,0.14001858027005834,0.0
E01001320,Ealing 003E,Ealing,0.0,0.46269383677667325,0.0
E01001321,Ealing 003F,Ealing,0.0,0.3354867466110976,0.0
E01001322,Ealing 004C,Ealing,0.0,0.5465663604093408,0.0
E01001323,Ealing 004D,Ealing,1.0,0.3380837110075447,2.9578473243204666
E01001324,Ealing 008B,Ealing,1.0,0.31833751846148167,3.141319957612845
E01001325,Ealing 009A,Ealing,0.0,0.9435002714985906,0.0
E01001326,Ealing 008C,Ealing,0.0,0.7342266683783073,0.0
E01001327,Ealing 009B,Ealing,0.0,0.2791388655899023,0.0
E01001328,Ealing 009C,Ealing,0.0,0.38143857073056736,0.0
E01001329,Ealing 009D,Ealing,0.0,0.30400013421797983,0.0
E01001330,Ealing 008D,Ealing,0.0,0.2995398869874337,0.0
E01001331,Ealing 009E,Ealing,0.0,0.1426043808029237,0.0
E01001332,Ealing 008E,Ealing,0.0,0.1337970960021286,0.0
E01001333,Ealing 038A,Ealing,0.0,0.27738712580377606,0.0
E01001334,Ealing 029C,Ealing,0.0,0.1573826087853267,0.0
E01001335,Ealing 038B,Ealing,1.0,0.49120659303530256,2.0358032937235655
E01001336,Ealing 038C,Ealing,1.0,0.2504074376704413,3.993491604335211
E01001337,Ealing 029D,Ealing,0.0,1.2219821520491194,0.0
E01001338,Ealing 029E,Ealing,0.0,0.5494905737997201,0.0
E01001339,Ealing 029F,Ealing,0.0,0.7271436181279968,0.0
E01001340,Ealing 029G,Ealing,0.0,0.12003252245781094,0.0
E01001341,Ealing 005A,Ealing,0.0,0.23019040970413943,0.0
E01001342,Ealing 005B,Ealing,0.0,0.18657918444538757,0.0
E01001343,Ealing 005C,Ealing,0.0,0.288181072258133,0.0
E01001344,Ealing 007A,Ealing,0.0,0.48437582732496587,0.0
E01001345,Ealing 005D,Ealing,0.0,0.18160827877717858,0.0
E01001346,Ealing 007B,Ealing,0.0,0.22526977984910468,0.0
E01001347,Ealing 007C,Ealing,0.0,0.6743616728525296,0.0
E01001348,Ealing 007D,Ealing,1.0,0.4122430926627124,2.42575319707825
E01001349,Ealing 006E,Ealing,0.0,0.6772085598734,0.0
E01001350,Ealing 027C,Ealing,0.0,0.29895272019880764,0.0
E01001351,Ealing 025E,Ealing,4.0,0.20203928112721403,19.79813023330547
E01001352,Ealing 027D,Ealing,1.0,0.1592207339857089,6.280589060026293
E01001353,Ealing 033A,Ealing,0.0,0.19544517362283056,0.0
E01001354,Ealing 027E,Ealing,0.0,0.267353689452611,0.0
E01001355,Ealing 033B,Ealing,0.0,0.1448435276819852,0.0
E01001356,Ealing 033C,Ealing,0.0,0.08351198502414514,0.0
E01001357,Ealing 033D,Ealing,0.0,0.1120703445967346,0.0
E01001358,Ealing 033E,Ealing,0.0,0.2616701022106366,0.0
E01001359,Ealing 026A,Ealing,0.0,0.13512411389448842,0.0
E01001360,Ealing 026B,Ealing,0.0,0.13998656442741889,0.0
E01001361,Ealing 023E,Ealing,1.0,0.3854757565526593,2.594196867120984
E01001362,Ealing 026C,Ealing,0.0,0.24658081453455397,0.0
E01001363,Ealing 026D,Ealing,1.0,0.13295505237730065,7.521338844365191
E01001364,Ealing 026E,Ealing,0.0,0.11903323858435862,0.0
E01001365,Ealing 026F,Ealing,0.0,0.4633824762460567,0.0
E01001366,Ealing 037A,Ealing,1.0,0.16916092927954798,5.911530542300602
E01001367,Ealing 037B,Ealing,1.0,0.20685868851698616,4.83421802182549
E01001368,Ealing 037C,Ealing,0.0,0.127792145508167,0.0
E01001369,Ealing 038D,Ealing,0.0,0.153102281532851,0.0
E01001370,Ealing 037D,Ealing,0.0,0.4489934847965121,0.0
E01001371,Ealing 037E,Ealing,2.0,0.20113275987365908,9.943680985913453
E01001372,Ealing 037F,Ealing,0.0,0.12833038017153664,0.0
E01001373,Ealing 037G,Ealing,0.0,0.15074286920981958,0.0
E01001374,Ealing 040A,Ealing,0.0,0.12938966717370726,0.0
E01001375,Ealing 034A,Ealing,0.0,0.1399377403846803,0.0
E01001376,Ealing 040B,Ealing,0.0,0.1550948026084536,0.0
E01001377,Ealing 034B,Ealing,0.0,0.1929106854022329,0.0
E01001379,Ealing 034C,Ealing,1.0,0.13095182945826975,7.636395796354023
E01001380,Ealing 040C,Ealing,1.0,0.1762966710922133,5.672256848666997
E01001381,Ealing 034D,Ealing,0.0,0.28525028934007546,0.0
E01001382,Ealing 032B,Ealing,0.0,0.20864015814264728,0.0
E01001383,Ealing 028D,Ealing,0.0,0.11549678655763435,0.0
E01001384,Ealing 032C,Ealing,1.0,0.10841779364394499,9.223578218941636
E01001385,Ealing 032D,Ealing,3.0,0.15784828783393037,19.005591008730175
E01001386,Ealing 031F,Ealing,2.0,0.3078153892016215,6.497400942777375
E01001387,Ealing 032E,Ealing,0.0,0.24925529792987108,0.0
E01001388,Ealing 028E,Ealing,3.0,0.17624304281276157,17.021948509974166
E01001389,Ealing 028F,Ealing,0.0,0.1433292345311121,0.0
E01001390,Enfield 036A,Enfield,0.0,0.1521326826937307,0.0
E01001391,Enfield 036B,Enfield,0.0,0.1322881938927719,0.0
E01001392,Enfield 032A,Enfield,0.0,0.1605694878128774,0.0
E01001393,Enfield 036C,Enfield,0.0,0.17884067660788755,0.0
E01001394,Enfield 035A,Enfield,1.0,0.17229321690300112,5.804059022027474
E01001395,Enfield 035B,Enfield,0.0,0.24110610960691248,0.0
E01001396,Enfield 036D,Enfield,1.0,0.14731433625115203,6.7882055843847295
E01001397,Enfield 035C,Enfield,0.0,0.304001421401065,0.0
E01001398,Enfield 021A,Enfield,0.0,0.17598238345923703,0.0
E01001399,Enfield 021B,Enfield,1.0,0.2367771370071017,4.223380739543306
E01001400,Enfield 021C,Enfield,0.0,0.246147850333801,0.0
E01001401,Enfield 016A,Enfield,0.0,0.14268570701010164,0.0
E01001402,Enfield 021D,Enfield,1.0,0.3513780499739301,2.8459375879460693
E01001403,Enfield 021E,Enfield,1.0,0.3721676452500613,2.6869611390535977
E01001404,Enfield 026A,Enfield,0.0,0.520657432454071,0.0
E01001405,Enfield 015A,Enfield,0.0,0.2793409942100095,0.0
E01001406,Enfield 015B,Enfield,1.0,0.20377579376091268,4.907354212901686
E01001407,Enfield 005A,Enfield,1.0,1.031240334755852,0.969706058129264
E01001408,Enfield 004A,Enfield,1.0,0.1443834596398483,6.926001098009502
E01001409,Enfield 005B,Enfield,0.0,0.18939383119382902,0.0
E01001410,Enfield 005C,Enfield,0.0,0.15794299766918746,0.0
E01001411,Enfield 004B,Enfield,0.0,0.1842962280392292,0.0
E01001412,Enfield 004C,Enfield,4.0,14.329156565083043,0.27915111275614835
E01001413,Enfield 004D,Enfield,1.0,0.5119780295392014,1.9532088142532913
E01001414,Enfield 004E,Enfield,0.0,0.3918819391207664,0.0
E01001415,Enfield 011A,Enfield,0.0,1.0854357018614231,0.0
E01001416,Enfield 013A,Enfield,0.0,0.32784332241334285,0.0
E01001417,Enfield 011B,Enfield,0.0,5.691981881236534,0.0
E01001418,Enfield 011C,Enfield,0.0,0.6274714946950356,0.0
E01001419,Enfield 020A,Enfield,1.0,0.6670754261120647,1.4990808548117704
E01001420,Enfield 020B,Enfield,0.0,0.3551992016561411,0.0
E01001421,Enfield 020C,Enfield,0.0,0.1907724680134688,0.0
E01001422,Enfield 011D,Enfield,0.0,1.4719123845680993,0.0
E01001423,Enfield 027A,Enfield,1.0,0.1924952509464963,5.1949333559296385
E01001424,Enfield 030A,Enfield,0.0,0.06959429677620695,0.0
E01001425,Enfield 027B,Enfield,1.0,0.40191587089980196,2.4880828860060147
E01001426,Enfield 030B,Enfield,0.0,0.3076522514473909,0.0
E01001427,Enfield 030C,Enfield,0.0,1.3571810066520362,0.0
E01001428,Enfield 027C,Enfield,1.0,0.15892612468310688,6.292231701955641
E01001429,Enfield 030D,Enfield,1.0,0.2440189105006429,4.098043048992981
E01001430,Enfield 030E,Enfield,0.0,0.116939870226542,0.0
E01001431,Enfield 033A,Enfield,0.0,0.13335729505597466,0.0
E01001432,Enfield 033B,Enfield,0.0,0.15544057486889554,0.0
E01001433,Enfield 007A,Enfield,0.0,0.3379245850576525,0.0
E01001434,Enfield 007B,Enfield,0.0,0.1783277730250964,0.0
E01001435,Enfield 007C,Enfield,0.0,0.15426947670461885,0.0
E01001436,Enfield 007D,Enfield,0.0,0.19499294375018375,0.0
E01001437,Enfield 014A,Enfield,0.0,2.630496540882499,0.0
E01001438,Enfield 007E,Enfield,0.0,0.2765751736570329,0.0
E01001439,Enfield 006A,Enfield,2.0,0.20926933791920402,9.557061822273132
E01001440,Enfield 012A,Enfield,1.0,0.3144983672733868,3.179666745712295
E01001441,Enfield 006B,Enfield,0.0,0.33517288544612706,0.0
E01001442,Enfield 002A,Enfield,1.0,0.11517796352698746,8.682216366550787
E01001444,Enfield 001A,Enfield,0.0,0.3486822021452014,0.0
E01001445,Enfield 003B,Enfield,1.0,1.423265348412613,0.7026096722689928
E01001446,Enfield 001B,Enfield,0.0,0.18080887876672705,0.0
E01001447,Enfield 003C,Enfield,0.0,0.18808146717311805,0.0
E01001448,Enfield 003D,Enfield,0.0,0.15737561998228383,0.0
E01001449,Enfield 003E,Enfield,1.0,0.23387450866670714,4.27579733123071
E01001450,Enfield 015C,Enfield,1.0,0.35932676024149995,2.782982261960979
E01001451,Enfield 017A,Enfield,0.0,0.6186150689100871,0.0
E01001452,Enfield 017B,Enfield,0.0,0.6315506359913023,0.0
E01001453,Enfield 017C,Enfield,0.0,0.5200292202243113,0.0
E01001454,Enfield 017D,Enfield,1.0,0.37740789594921115,2.6496530961148013
E01001455,Enfield 021F,Enfield,0.0,0.23731941240763693,0.0
E01001456,Enfield 022A,Enfield,0.0,0.26350545101223255,0.0
E01001457,Enfield 010A,Enfield,0.0,0.2673688368307125,0.0
E01001458,Enfield 037A,Enfield,0.0,0.16202318807096297,0.0
E01001459,Enfield 024A,Enfield,0.0,0.22184776530195152,0.0
E01001460,Enfield 024B,Enfield,0.0,0.12154587244204987,0.0
E01001461,Enfield 027D,Enfield,0.0,0.2906113279624438,0.0
E01001462,Enfield 024C,Enfield,0.0,0.1095859980332099,0.0
E01001463,Enfield 031A,Enfield,0.0,0.25620076956942617,0.0
E01001464,Enfield 027E,Enfield,0.0,0.20406489990403934,0.0
E01001465,Enfield 031B,Enfield,0.0,0.2306957444570565,0.0
E01001466,Enfield 031C,Enfield,0.0,0.0988506595518862,0.0
E01001467,Enfield 031D,Enfield,1.0,0.10643690843982043,9.395237184715876
E01001468,Enfield 010B,Enfield,0.0,0.7881384945497291,0.0
E01001469,Enfield 008A,Enfield,0.0,0.2258899233075079,0.0
E01001470,Enfield 013B,Enfield,1.0,1.8964879045291094,0.5272904707759242
E01001471,Enfield 010C,Enfield,1.0,0.36406810456032446,2.7467388312076224
E01001472,Enfield 010D,Enfield,0.0,0.25190996511448055,0.0
E01001473,Enfield 013C,Enfield,0.0,0.8389288860059082,0.0
E01001474,Enfield 010E,Enfield,0.0,0.38296450134252064,0.0
E01001475,Enfield 013D,Enfield,0.0,0.3350497761285249,0.0
E01001476,Enfield 018A,Enfield,0.0,0.20093675373789294,0.0
E01001477,Enfield 018B,Enfield,0.0,1.131215805063071,0.0
E01001478,Enfield 016B,Enfield,0.0,0.31374510847033554,0.0
E01001479,Enfield 023A,Enfield,1.0,0.2450324513868286,4.081092093476699
E01001480,Enfield 024D,Enfield,0.0,0.1991705987656713,0.0
E01001481,Enfield 018C,Enfield,0.0,0.17145603484271585,0.0
E01001482,Enfield 023B,Enfield,0.0,0.17304963436745666,0.0
E01001483,Enfield 025A,Enfield,0.0,1.146451185130666,0.0
E01001484,Enfield 016C,Enfield,0.0,0.32999346937298935,0.0
E01001485,Enfield 025B,Enfield,0.0,0.12826823434247245,0.0
E01001486,Enfield 025C,Enfield,0.0,0.17721073113003613,0.0
E01001487,Enfield 023C,Enfield,0.0,0.12993935592087436,0.0
E01001488,Enfield 024E,Enfield,0.0,0.13186857160729343,0.0
E01001489,Enfield 023D,Enfield,0.0,0.1810884053057537,0.0
E01001491,Enfield 023E,Enfield,1.0,0.14823386419043377,6.746096821137411
E01001492,Enfield 025E,Enfield,0.0,0.15109706227562647,0.0
E01001493,Enfield 026B,Enfield,0.0,0.23216925890394358,0.0
E01001494,Enfield 026C,Enfield,0.0,0.16290348653422115,0.0
E01001495,Enfield 029A,Enfield,0.0,0.15518102790230653,0.0
E01001496,Enfield 026D,Enfield,0.0,0.2583298327619192,0.0
E01001497,Enfield 031E,Enfield,0.0,0.20542034553462402,0.0
E01001498,Enfield 029B,Enfield,4.0,0.19216566217517292,20.815373333211372
E01001499,Enfield 031F,Enfield,0.0,0.20761273136666275,0.0
E01001500,Enfield 035D,Enfield,0.0,0.22261085635934044,0.0
E01001501,Enfield 036E,Enfield,1.0,0.304416270894029,3.2849755273039007
E01001502,Enfield 018D,Enfield,0.0,0.2797725741594767,0.0
E01001503,Enfield 018E,Enfield,0.0,0.17388531645831287,0.0
E01001504,Enfield 012B,Enfield,0.0,0.17912665564188968,0.0
E01001505,Enfield 012C,Enfield,0.0,0.19408216899366065,0.0
E01001506,Enfield 014B,Enfield,0.0,1.9485080545544997,0.0
E01001507,Enfield 012D,Enfield,1.0,0.2694799273667885,3.710851527130265
E01001508,Enfield 012E,Enfield,1.0,0.20628999042768045,4.847544943537007
E01001509,Enfield 014C,Enfield,0.0,0.14778220296662112,0.0
E01001510,Enfield 014D,Enfield,0.0,0.1508654066762375,0.0
E01001511,Enfield 016D,Enfield,1.0,0.3872165707865531,2.58253410480006
E01001512,Enfield 015D,Enfield,0.0,0.1923368027970489,0.0
E01001513,Enfield 012F,Enfield,0.0,0.9506467310838694,0.0
E01001514,Enfield 016E,Enfield,0.0,0.13653371307028728,0.0
E01001515,Enfield 015E,Enfield,0.0,0.130692765845599,0.0
E01001516,Enfield 005D,Enfield,0.0,0.32508071521608256,0.0
E01001517,Enfield 006C,Enfield,0.0,0.1817162047879374,0.0
E01001518,Enfield 016F,Enfield,0.0,0.5587222630280259,0.0
E01001519,Enfield 020D,Enfield,3.0,0.3502633820070949,8.564983250059615
E01001520,Enfield 019A,Enfield,0.0,0.3499489788021282,0.0
E01001521,Enfield 028A,Enfield,0.0,0.4804018635240229,0.0
E01001522,Enfield 019B,Enfield,0.0,0.2047999697015117,0.0
E01001523,Enfield 019C,Enfield,1.0,0.5180353524757125,1.9303701865537908
E01001524,Enfield 019D,Enfield,0.0,0.256310929195602,0.0
E01001525,Enfield 020E,Enfield,0.0,0.2358392849959905,0.0
E01001526,Enfield 019E,Enfield,0.0,0.2857449628805481,0.0
E01001527,Enfield 036F,Enfield,1.0,0.38686138386306207,2.5849051926929247
E01001528,Enfield 032B,Enfield,0.0,0.20176345309683677,0.0
E01001529,Enfield 032C,Enfield,0.0,0.16777033523990434,0.0
E01001530,Enfield 032D,Enfield,0.0,0.20627026395179726,0.0
E01001531,Enfield 028B,Enfield,0.0,0.23326540879244512,0.0
E01001532,Enfield 028C,Enfield,1.0,0.29077163772552916,3.4391249704482507
E01001533,Enfield 028D,Enfield,0.0,0.32782935016202386,0.0
E01001534,Enfield 032E,Enfield,1.0,0.4050963268679957,2.468548672686087
E01001535,Enfield 028E,Enfield,0.0,0.3990322441603885,0.0
E01001536,Enfield 008B,Enfield,6.0,0.4344263744279769,13.811316147414834
E01001537,Enfield 005E,Enfield,0.0,0.18508688087242808,0.0
E01001538,Enfield 009A,Enfield,0.0,0.25765708390210357,0.0
E01001539,Enfield 009B,Enfield,0.0,0.22060958474666817,0.0
E01001540,Enfield 008C,Enfield,1.0,0.26228874967015275,3.8125920431492886
E01001541,Enfield 008D,Enfield,1.0,0.1782962576627058,5.608642677693004
E01001542,Enfield 008E,Enfield,2.0,0.1842885188898097,10.85254801573312
E01001543,Enfield 009C,Enfield,0.0,0.20892835807614524,0.0
E01001544,Enfield 009D,Enfield,0.0,0.3028152365365302,0.0
E01001545,Enfield 002B,Enfield,0.0,0.34150586690238127,0.0
E01001546,Enfield 001C,Enfield,0.0,0.24114992612124977,0.0
E01001547,Enfield 002C,Enfield,1.0,0.25309495413662214,3.951086276734676
E01001548,Enfield 002D,Enfield,0.0,0.2972409113082398,0.0
E01001549,Enfield 006D,Enfield,1.0,0.32045834133328366,3.1205304122821325
E01001550,Enfield 006E,Enfield,0.0,0.220573550291817,0.0
E01001551,Enfield 002E,Enfield,0.0,0.30541091727871117,0.0
E01001552,Enfield 001D,Enfield,0.0,0.28169658346139426,0.0
E01001553,Enfield 037B,Enfield,0.0,0.19292970943525845,0.0
E01001554,Enfield 037C,Enfield,1.0,0.11805361328795913,8.470727596967123
E01001555,Enfield 033C,Enfield,1.0,0.1420979657761072,7.037398421140122
E01001556,Enfield 035E,Enfield,0.0,0.2120780023160448,0.0
E01001557,Enfield 033D,Enfield,0.0,0.12637182264177627,0.0
E01001558,Enfield 033E,Enfield,0.0,0.14963601868236204,0.0
E01001559,Enfield 033F,Enfield,0.0,0.9215478879301081,0.0
E01001560,Enfield 035F,Enfield,0.0,0.26882184882714977,0.0
E01001562,Enfield 037D,Enfield,0.0,0.14049804623278414,0.0
E01001563,Enfield 029C,Enfield,1.0,0.1977850704764061,5.055993344650807
E01001564,Enfield 022B,Enfield,0.0,0.22750496391737374,0.0
E01001565,Enfield 029D,Enfield,0.0,0.22273843124341935,0.0
E01001566,Enfield 029E,Enfield,0.0,0.19754616484610646,0.0
E01001567,Enfield 022C,Enfield,1.0,0.3125888072964748,3.199090871643239
E01001568,Enfield 022D,Enfield,1.0,0.8935312345491453,1.11915505729867
E01001569,Enfield 022E,Enfield,4.0,0.2966711268362158,13.482943361078386
E01001570,Enfield 026E,Enfield,1.0,0.40927529012062586,2.4433432072218912
E01001571,Greenwich 008A,Greenwich,0.0,0.1498666758694962,0.0
E01001572,Greenwich 008B,Greenwich,0.0,0.16711072733558968,0.0
E01001573,Greenwich 008C,Greenwich,0.0,0.1383144791996117,0.0
E01001574,Greenwich 008D,Greenwich,0.0,1.0066218769940964,0.0
E01001575,Greenwich 003A,Greenwich,1.0,0.2205398270590972,4.534328394716814
E01001576,Greenwich 003B,Greenwich,0.0,0.24046055087356707,0.0
E01001577,Greenwich 003C,Greenwich,0.0,0.20889831276863094,0.0
E01001578,Greenwich 003D,Greenwich,1.0,0.27053072872153366,3.696437756722762
E01001579,Greenwich 003E,Greenwich,0.0,0.25356074820852537,0.0
E01001580,Greenwich 021A,Greenwich,2.0,0.3021363736050367,6.6195273880346175
E01001581,Greenwich 016A,Greenwich,0.0,0.20641084694515657,0.0
E01001582,Greenwich 021B,Greenwich,0.0,0.3421254411119084,0.0
E01001583,Greenwich 021C,Greenwich,0.0,0.28966816890426933,0.0
E01001584,Greenwich 021D,Greenwich,0.0,0.32767415329132343,0.0
E01001585,Greenwich 016B,Greenwich,0.0,0.1828704564628418,0.0
E01001586,Greenwich 016C,Greenwich,0.0,0.21154300883348098,0.0
E01001587,Greenwich 016D,Greenwich,0.0,0.270748743519491,0.0
E01001588,Greenwich 012A,Greenwich,0.0,0.5178094486278959,0.0
E01001589,Greenwich 012B,Greenwich,1.0,0.21143744661019595,4.729531197203636
E01001590,Greenwich 014A,Greenwich,0.0,0.15328106423158835,0.0
E01001591,Greenwich 012C,Greenwich,1.0,0.20295354955625755,4.9272358240909
E01001592,Greenwich 014B,Greenwich,0.0,0.24456950851405118,0.0
E01001593,Greenwich 014C,Greenwich,0.0,0.1843746184630444,0.0
E01001594,Greenwich 014D,Greenwich,0.0,0.14747580211967368,0.0
E01001595,Greenwich 012D,Greenwich,0.0,0.3761397332186238,0.0
E01001596,Greenwich 032A,Greenwich,0.0,0.2908297296824675,0.0
E01001597,Greenwich 031A,Greenwich,2.0,0.3225067308497389,6.201420958658479
E01001598,Greenwich 031B,Greenwich,0.0,0.463939984460273,0.0
E01001599,Greenwich 032B,Greenwich,0.0,0.45936126526017457,0.0
E01001600,Greenwich 032C,Greenwich,1.0,0.3017005997764126,3.314544289076953
E01001601,Greenwich 032D,Greenwich,0.0,0.24494159377375957,0.0
E01001602,Greenwich 031C,Greenwich,0.0,0.25684487807517514,0.0
E01001603,Greenwich 031D,Greenwich,0.0,0.21006667373578689,0.0
E01001604,Greenwich 027A,Greenwich,2.0,0.24190976430367805,8.267545569137623
E01001605,Greenwich 023A,Greenwich,0.0,0.6671021737669868,0.0
E01001606,Greenwich 023B,Greenwich,0.0,0.21338632914297226,0.0
E01001607,Greenwich 027B,Greenwich,0.0,0.20733546388145102,0.0
E01001608,Greenwich 027C,Greenwich,1.0,0.46457198349657924,2.152518954056478
E01001609,Greenwich 027D,Greenwich,1.0,0.33583738355966775,2.9776315828828253
E01001610,Greenwich 023C,Greenwich,0.0,0.22206774069618979,0.0
E01001611,Greenwich 023D,Greenwich,0.0,0.2036113853654275,0.0
E01001613,Greenwich 028A,Greenwich,0.0,0.7316412079919995,0.0
E01001614,Greenwich 028B,Greenwich,0.0,0.8898908591684631,0.0
E01001615,Greenwich 028C,Greenwich,6.0,0.9502974744982942,6.313812422965427
E01001617,Greenwich 028D,Greenwich,1.0,0.6954172403263378,1.4379856322381812
E01001618,Greenwich 030C,Greenwich,1.0,0.34574502614224256,2.8923048037966312
E01001619,Greenwich 030D,Greenwich,0.0,0.3191437245430304,0.0
E01001620,Greenwich 025A,Greenwich,0.0,0.2635834260313828,0.0
E01001621,Greenwich 025B,Greenwich,0.0,0.3673580193537471,0.0
E01001623,Greenwich 025C,Greenwich,0.0,0.27452884218674045,0.0
E01001624,Greenwich 025D,Greenwich,0.0,0.22291163764104727,0.0
E01001625,Greenwich 025E,Greenwich,0.0,0.2646115797976986,0.0
E01001629,Greenwich 009A,Greenwich,0.0,0.2093113446363766,0.0
E01001631,Greenwich 007B,Greenwich,0.0,0.1930211658253813,0.0
E01001632,Greenwich 007C,Greenwich,0.0,0.12140815855955457,0.0
E01001633,Greenwich 009B,Greenwich,0.0,0.11527591898765695,0.0
E01001634,Greenwich 009C,Greenwich,0.0,0.11712966085974462,0.0
E01001635,Greenwich 007D,Greenwich,0.0,0.2104331312560837,0.0
E01001636,Greenwich 007E,Greenwich,1.0,0.12114547887980347,8.254538338918673
E01001637,Greenwich 009D,Greenwich,1.0,0.18492429568527735,5.407618270461875
E01001638,Greenwich 038A,Greenwich,0.0,0.1049509714856516,0.0
E01001640,Greenwich 035A,Greenwich,4.0,0.1349678286862961,29.636692232021797
E01001641,Greenwich 038B,Greenwich,11.0,0.3684735079979952,29.85289243659777
E01001642,Greenwich 038C,Greenwich,3.0,1.1938236128162194,2.5129340446894215
E01001644,Greenwich 038D,Greenwich,3.0,0.18982426025984894,15.804091615546524
E01001645,Greenwich 022A,Greenwich,0.0,0.2839144244099788,0.0
E01001646,Greenwich 019A,Greenwich,0.0,0.21296433700022152,0.0
E01001647,Greenwich 022B,Greenwich,0.0,0.35093470195018456,0.0
E01001648,Greenwich 022C,Greenwich,0.0,0.4158129903892546,0.0
E01001649,Greenwich 022D,Greenwich,0.0,0.33182089369031287,0.0
E01001650,Greenwich 019B,Greenwich,0.0,0.2090819221174863,0.0
E01001651,Greenwich 019C,Greenwich,1.0,0.3062470063295007,3.265338041946666
E01001652,Greenwich 019D,Greenwich,1.0,0.26354367178327465,3.794437533762339
E01001653,Greenwich 029A,Greenwich,0.0,0.26618417354720936,0.0
E01001654,Greenwich 029B,Greenwich,0.0,0.29564000989316086,0.0
E01001655,Greenwich 029C,Greenwich,0.0,0.4401081906491888,0.0
E01001656,Greenwich 034A,Greenwich,0.0,0.2818323441307178,0.0
E01001657,Greenwich 034B,Greenwich,0.0,0.4018397736543221,0.0
E01001658,Greenwich 034C,Greenwich,0.0,0.43613212259887524,0.0
E01001659,Greenwich 034D,Greenwich,0.0,0.3775529585038058,0.0
E01001660,Greenwich 029D,Greenwich,0.0,0.33293954510838475,0.0
E01001661,Greenwich 029E,Greenwich,0.0,0.4516443870648309,0.0
E01001662,Greenwich 037A,Greenwich,0.0,0.23916747250431866,0.0
E01001664,Greenwich 037B,Greenwich,3.0,0.15354133408007833,19.538712607742305
E01001665,Greenwich 037C,Greenwich,2.0,0.18825219350664044,10.624046194337978
E01001666,Greenwich 036A,Greenwich,1.0,0.4313588064030809,2.318255672901588
E01001667,Greenwich 036B,Greenwich,10.0,1.3598719550382985,7.353633526267086
E01001668,Greenwich 036C,Greenwich,4.0,0.23296452351107644,17.169996271169666
E01001669,Greenwich 033A,Greenwich,0.0,0.5018467702344929,0.0
E01001671,Greenwich 033B,Greenwich,0.0,0.19392098460507423,0.0
E01001672,Greenwich 006A,Greenwich,0.0,0.3612341639905727,0.0
E01001673,Greenwich 006B,Greenwich,1.0,0.17514062117397702,5.709697689187957
E01001674,Greenwich 006C,Greenwich,0.0,0.2120476686150776,0.0
E01001675,Greenwich 006D,Greenwich,0.0,0.157105445224039,0.0
E01001676,Greenwich 033C,Greenwich,1.0,0.1325849578154322,7.54233373435976
E01001677,Greenwich 006E,Greenwich,0.0,0.20349444854318355,0.0
E01001678,Greenwich 017A,Greenwich,0.0,0.26549958445305405,0.0
E01001679,Greenwich 020A,Greenwich,0.0,0.21324727137508825,0.0
E01001680,Greenwich 020B,Greenwich,0.0,0.6106797621778585,0.0
E01001681,Greenwich 020C,Greenwich,0.0,0.1556762214329426,0.0
E01001682,Greenwich 020D,Greenwich,2.0,0.8774896695754694,2.2792291115718806
E01001683,Greenwich 017B,Greenwich,0.0,0.13806378342259307,0.0
E01001684,Greenwich 017C,Greenwich,0.0,1.176790339684435,0.0
E01001685,Greenwich 017D,Greenwich,0.0,0.17578916547352227,0.0
E01001686,Greenwich 020E,Greenwich,0.0,0.17264034094160377,0.0
E01001687,Greenwich 002A,Greenwich,0.0,0.41388833375012607,0.0
E01001688,Greenwich 002B,Greenwich,1.0,0.3541968464791887,2.8232888291927702
E01001690,Greenwich 001A,Greenwich,0.0,0.13435448416035287,0.0
E01001692,Greenwich 001B,Greenwich,0.0,0.07648200125358202,0.0
E01001693,Greenwich 001C,Greenwich,0.0,0.1376149993606494,0.0
E01001694,Greenwich 001D,Greenwich,0.0,0.38312343296366297,0.0
E01001695,Greenwich 011A,Greenwich,0.0,0.09963431710118195,0.0
E01001696,Greenwich 011B,Greenwich,1.0,0.140346854696202,7.125204210415849
E01001697,Greenwich 011C,Greenwich,1.0,0.15324103531467873,6.525667214049497
E01001698,Greenwich 015A,Greenwich,0.0,0.1277318500630643,0.0
E01001699,Greenwich 015B,Greenwich,0.0,0.6847265759241569,0.0
E01001700,Greenwich 011D,Greenwich,1.0,0.13827188257970516,7.232128335444931
E01001701,Greenwich 015C,Greenwich,0.0,0.9517945761201382,0.0
E01001702,Greenwich 015D,Greenwich,0.0,0.08819604175667775,0.0
E01001703,Greenwich 011E,Greenwich,1.0,0.0887189630604268,11.271547429143153
E01001704,Greenwich 011F,Greenwich,2.0,0.14153043736289672,14.131235918333388
E01001705,Greenwich 005A,Greenwich,0.0,0.1751276815536012,0.0
E01001706,Greenwich 005B,Greenwich,0.0,0.1149070781968612,0.0
E01001708,Greenwich 005C,Greenwich,0.0,0.17502044285873453,0.0
E01001709,Greenwich 004B,Greenwich,0.0,0.7810597354237887,0.0
E01001710,Greenwich 005D,Greenwich,0.0,0.08756752391144294,0.0
E01001711,Greenwich 004C,Greenwich,0.0,0.17348892527098558,0.0
E01001712,Greenwich 004D,Greenwich,1.0,0.16529664100321728,6.049729709755786
E01001713,Greenwich 005E,Greenwich,1.0,0.09946048423421443,10.054244232766361
E01001714,Hackney 002A,Hackney,0.0,0.15308039880259555,0.0
E01001715,Hackney 007A,Hackney,0.0,0.07685084181997869,0.0
E01001716,Hackney 007B,Hackney,0.0,0.08352123471861585,0.0
E01001717,Hackney 007C,Hackney,0.0,0.0977501373165977,0.0
E01001718,Hackney 007D,Hackney,1.0,0.10103185340937246,9.897868506361903
E01001719,Hackney 007E,Hackney,1.0,0.06257813338939595,15.980022826463099
E01001720,Hackney 007F,Hackney,1.0,0.1014056405808732,9.861384379328271
E01001722,Hackney 029A,Hackney,0.0,0.1054643768801296,0.0
E01001723,Hackney 006A,Hackney,0.0,0.11686971237836201,0.0
E01001724,Hackney 006B,Hackney,3.0,0.11739627404659894,25.554473720428202
E01001725,Hackney 004A,Hackney,0.0,0.09125436683436455,0.0
E01001726,Hackney 004B,Hackney,0.0,0.05366901576714496,0.0
E01001727,Hackney 006C,Hackney,0.0,0.10713850033176694,0.0
E01001728,Hackney 029B,Hackney,0.0,0.0935043107477815,0.0
E01001729,Hackney 019A,Hackney,0.0,0.12722597192510066,0.0
E01001730,Hackney 019B,Hackney,2.0,0.13152962143372557,15.205700268876308
E01001731,Hackney 017A,Hackney,7.0,0.17482399509165028,40.04027019477674
E01001732,Hackney 019C,Hackney,1.0,0.06352178358262402,15.742631009396652
E01001733,Hackney 015A,Hackney,1.0,0.14694690901644727,6.805178868295034
E01001734,Hackney 017B,Hackney,0.0,0.134460930260638,0.0
E01001735,Hackney 019D,Hackney,1.0,0.13433887653940546,7.443861566809153
E01001736,Hackney 012A,Hackney,2.0,0.09097729770245273,21.983506330789602
E01001737,Hackney 012B,Hackney,0.0,0.09881500263625057,0.0
E01001738,Hackney 012C,Hackney,1.0,0.09112544046940622,10.973883855581828
E01001739,Hackney 012D,Hackney,0.0,0.12425420216316521,0.0
E01001740,Hackney 014A,Hackney,0.0,0.08253314909647927,0.0
E01001741,Hackney 009A,Hackney,2.0,0.08430457479516416,23.723504980120286
E01001742,Hackney 008A,Hackney,0.0,0.12829710728967078,0.0
E01001744,Hackney 021B,Hackney,2.0,0.13730477701250846,14.566135596417014
E01001745,Hackney 016A,Hackney,5.0,0.11160689621790575,44.80009900318168
E01001746,Hackney 016B,Hackney,1.0,0.0509970792135526,19.608966149070113
E01001747,Hackney 014B,Hackney,3.0,0.14168389980855978,21.173894874813122
E01001748,Hackney 020A,Hackney,3.0,0.1786372246080031,16.79381218882639
E01001749,Hackney 020B,Hackney,1.0,0.1049443845191264,9.52885668520689
E01001750,Hackney 021C,Hackney,0.0,0.14738150297234162,0.0
E01001751,Hackney 021D,Hackney,2.0,0.15336289379396745,13.040964150603882
E01001752,Hackney 025A,Hackney,0.0,0.1265446860322781,0.0
E01001753,Hackney 025B,Hackney,0.0,0.07616662660152791,0.0
E01001754,Hackney 025C,Hackney,7.0,0.1198618378683762,58.40057289699583
E01001755,Hackney 025D,Hackney,0.0,0.10249076913783489,0.0
E01001756,Hackney 021E,Hackney,4.0,0.16213977451358824,24.670072546972595
E01001757,Hackney 016C,Hackney,0.0,0.04931648591350853,0.0
E01001758,Hackney 016D,Hackney,0.0,0.12538716084181967,0.0
E01001759,Hackney 016E,Hackney,0.0,0.10405124180985627,0.0
E01001760,Hackney 017C,Hackney,8.0,0.14391850515601137,55.58701427122102
E01001761,Hackney 016F,Hackney,1.0,0.10668082170384319,9.373756070009488
E01001762,Hackney 017D,Hackney,4.0,0.14046552302678225,28.476738731377726
E01001763,Hackney 020C,Hackney,1.0,0.10987172914359172,9.101522364257113
E01001764,Hackney 010A,Hackney,0.0,0.10470941982907842,0.0
E01001765,Hackney 010B,Hackney,0.0,0.12492950459540969,0.0
E01001767,Hackney 010D,Hackney,1.0,0.10419412166885883,9.597470413716021
E01001768,Hackney 006D,Hackney,1.0,0.10379123003194464,9.634725397244278
E01001769,Hackney 006E,Hackney,0.0,0.12353806151095767,0.0
E01001770,Hackney 010E,Hackney,2.0,0.12829383155445856,15.589214039110164
E01001772,Hackney 024A,Hackney,0.0,0.06653913813452679,0.0
E01001773,Hackney 025E,Hackney,2.0,0.12198597782530439,16.39532703393329
E01001774,Hackney 024B,Hackney,2.0,0.17974392789133053,11.12694055072146
E01001775,Hackney 024C,Hackney,2.0,0.1292411441100381,15.474948119440711
E01001776,Hackney 025F,Hackney,0.0,0.10225311054351399,0.0
E01001777,Hackney 027B,Hackney,7.0,0.15659008595981416,44.70270232686644
E01001779,Hackney 026A,Hackney,3.0,0.13994782987114615,21.43655962912882
E01001780,Hackney 027D,Hackney,6.0,0.10924116055498911,54.92435241000354
E01001781,Hackney 026B,Hackney,1.0,0.15078702773401956,6.631870228014228
E01001782,Hackney 026C,Hackney,0.0,0.1356205675609144,0.0
E01001783,Hackney 026D,Hackney,0.0,0.06141092712500056,0.0
E01001784,Hackney 027E,Hackney,0.0,0.07688467079312533,0.0
E01001785,Hackney 015B,Hackney,0.0,0.09089888430351827,0.0
E01001786,Hackney 013A,Hackney,0.0,1.1278682290864477,0.0
E01001787,Hackney 013B,Hackney,0.0,0.22034308695833635,0.0
E01001788,Hackney 013C,Hackney,1.0,0.11259211193135168,8.881616863263991
E01001789,Hackney 015C,Hackney,0.0,0.09615697078200963,0.0
E01001790,Hackney 013D,Hackney,0.0,0.05548774656855304,0.0
E01001791,Hackney 015D,Hackney,0.0,0.10580391984245738,0.0
E01001792,Hackney 011A,Hackney,0.0,0.17382886007335518,0.0
E01001793,Hackney 011B,Hackney,0.0,0.15643694727383547,0.0
E01001794,Hackney 011C,Hackney,0.0,0.12892194671227636,0.0
E01001795,Hackney 011D,Hackney,1.0,0.1024898953719673,9.757059428841185
E01001796,Hackney 011E,Hackney,2.0,0.0916357268004321,21.825548504195083
E01001798,Hackney 028A,Hackney,1.0,0.10621741028734676,9.414652431223187
E01001799,Hackney 003A,Hackney,0.0,0.1079709321999092,0.0
E01001800,Hackney 004C,Hackney,0.0,0.08118182940965417,0.0
E01001801,Hackney 008B,Hackney,0.0,0.14576241986997446,0.0
E01001802,Hackney 003B,Hackney,0.0,0.10358917591207115,0.0
E01001803,Hackney 008C,Hackney,0.0,0.16014365622221868,0.0
E01001804,Hackney 003C,Hackney,0.0,0.11211448894444555,0.0
E01001805,Hackney 009B,Hackney,1.0,0.15237270659728402,6.562855135486742
E01001806,Hackney 008D,Hackney,2.0,0.3262893971568015,6.129528012333422
E01001807,Hackney 003D,Hackney,0.0,0.11711274781807336,0.0
E01001808,Hackney 001A,Hackney,0.0,0.1311501559286886,0.0
E01001809,Hackney 001B,Hackney,0.0,0.1124574984490535,0.0
E01001811,Hackney 002D,Hackney,0.0,0.08626712855685367,0.0
E01001812,Hackney 003E,Hackney,0.0,0.24749176770072082,0.0
E01001813,Hackney 002E,Hackney,1.0,0.09515064205889147,10.509650574728347
E01001814,Hackney 001C,Hackney,1.0,0.11352455009762032,8.80866736877702
E01001815,Hackney 024D,Hackney,0.0,0.1071623287054754,0.0
E01001816,Hackney 020D,Hackney,0.0,0.13528897838906698,0.0
E01001819,Hackney 020E,Hackney,1.0,0.13659222918847133,7.3210606924072525
E01001820,Hackney 024E,Hackney,0.0,0.08414431322580766,0.0
E01001821,Hackney 024F,Hackney,0.0,0.06912044181340231,0.0
E01001822,Hackney 029C,Hackney,0.0,0.08231019106301667,0.0
E01001823,Hackney 001D,Hackney,1.0,0.1508696760573275,6.6282372053348855
E01001824,Hackney 004D,Hackney,0.0,0.2156980790457887,0.0
E01001825,Hackney 001E,Hackney,0.0,0.10511264444766982,0.0
E01001826,Hackney 004E,Hackney,0.0,0.1107770011860778,0.0
E01001827,Hackney 029D,Hackney,0.0,0.17581432582579276,0.0
E01001828,Hackney 028B,Hackney,1.0,0.10935825426763782,9.144257163731336
E01001829,Hackney 009C,Hackney,3.0,0.11613834443838028,25.831261970431438
E01001830,Hackney 014C,Hackney,4.0,0.10242549259080273,39.05277776871711
E01001831,Hackney 009D,Hackney,6.0,0.10886024420820581,55.116539960395606
E01001832,Hackney 009E,Hackney,0.0,0.10368502076177115,0.0
E01001833,Hackney 014D,Hackney,0.0,0.11345168779844482,0.0
E01001834,Hackney 014E,Hackney,1.0,0.09544318644351217,10.477437282459631
E01001835,Hackney 014F,Hackney,0.0,0.07386960316289962,0.0
E01001836,Hackney 022A,Hackney,6.0,0.13104266321942798,45.78661523349182
E01001837,Hackney 023B,Hackney,0.0,0.11424969277060351,0.0
E01001838,Hackney 019E,Hackney,0.0,0.07099235726642962,0.0
E01001839,Hackney 023C,Hackney,0.0,0.10402754758852198,0.0
E01001840,Hackney 022B,Hackney,0.0,0.1084334974857459,0.0
E01001841,Hackney 022C,Hackney,0.0,0.13604976687154044,0.0
E01001842,Hackney 023D,Hackney,0.0,0.06545593403272643,0.0
E01001843,Hackney 023E,Hackney,0.0,0.07373075129498473,0.0
E01001844,Hackney 022D,Hackney,1.0,0.15497034933636916,6.452847298094819
E01001845,Hackney 022E,Hackney,1.0,0.10973651523347419,9.11273697613243
E01001846,Hackney 018A,Hackney,0.0,0.5416956103063831,0.0
E01001847,Hackney 018B,Hackney,0.0,0.10652033458079913,0.0
E01001848,Hackney 018C,Hackney,1.0,0.15145885563552708,6.602453159994919
E01001849,Hackney 018D,Hackney,5.0,0.4956995038130704,10.086756112399728
E01001850,Hackney 019F,Hackney,1.0,0.07063400139079333,14.15748761658494
E01001851,Hammersmith and Fulham 010A,Hammersmith and Fulham,0.0,0.09946163952044604,0.0
E01001852,Hammersmith and Fulham 007A,Hammersmith and Fulham,0.0,0.07589237111558825,0.0
E01001853,Hammersmith and Fulham 007B,Hammersmith and Fulham,0.0,0.08082124463883343,0.0
E01001854,Hammersmith and Fulham 007C,Hammersmith and Fulham,1.0,0.06615009623101557,15.117135982806527
E01001855,Hammersmith and Fulham 010B,Hammersmith and Fulham,2.0,0.07587288289973951,26.359878833691536
E01001856,Hammersmith and Fulham 010C,Hammersmith and Fulham,2.0,0.0825362857267635,24.231766457494867
E01001857,Hammersmith and Fulham 007D,Hammersmith and Fulham,2.0,0.07096196567787047,28.184112163393767
E01001858,Hammersmith and Fulham 006A,Hammersmith and Fulham,3.0,0.11923945370876453,25.159457769131738
E01001859,Hammersmith and Fulham 008A,Hammersmith and Fulham,0.0,0.10762630747339959,0.0
E01001860,Hammersmith and Fulham 006B,Hammersmith and Fulham,2.0,0.09102157311822837,21.97281294404998
E01001861,Hammersmith and Fulham 006C,Hammersmith and Fulham,1.0,0.07202685445170036,13.883710563406295
E01001862,Hammersmith and Fulham 005A,Hammersmith and Fulham,0.0,0.09089836495275476,0.0
E01001863,Hammersmith and Fulham 006D,Hammersmith and Fulham,0.0,0.08471171408435105,0.0
E01001864,Hammersmith and Fulham 006E,Hammersmith and Fulham,0.0,0.07347250959342316,0.0
E01001865,Hammersmith and Fulham 008B,Hammersmith and Fulham,0.0,0.11821182370783061,0.0
E01001866,Hammersmith and Fulham 012A,Hammersmith and Fulham,2.0,0.15124498400668515,13.223579037249912
E01001867,Hammersmith and Fulham 012B,Hammersmith and Fulham,1.0,0.08651184650300196,11.559110577593556
E01001868,Hammersmith and Fulham 012C,Hammersmith and Fulham,1.0,0.05884998505425327,16.992357756388706
E01001869,Hammersmith and Fulham 010D,Hammersmith and Fulham,1.0,0.22896615020541064,4.367457805893481
E01001870,Hammersmith and Fulham 012D,Hammersmith and Fulham,0.0,0.10146301899629932,0.0
E01001871,Hammersmith and Fulham 012E,Hammersmith and Fulham,1.0,0.13281820941061845,7.529088100475874
E01001872,Hammersmith and Fulham 012F,Hammersmith and Fulham,0.0,0.07089663599696677,0.0
E01001873,Hammersmith and Fulham 010E,Hammersmith and Fulham,1.0,0.06184877697673629,16.168468462620346
E01001874,Hammersmith and Fulham 001A,Hammersmith and Fulham,1.0,0.9635890196909385,1.0377868360525113
E01001875,Hammersmith and Fulham 001B,Hammersmith and Fulham,0.0,0.17137086634700374,0.0
E01001876,Hammersmith and Fulham 001C,Hammersmith and Fulham,0.0,0.8965806401209337,0.0
E01001877,Hammersmith and Fulham 001D,Hammersmith and Fulham,0.0,1.2758702729416591,0.0
E01001878,Hammersmith and Fulham 001E,Hammersmith and Fulham,0.0,0.1354639653705469,0.0
E01001879,Hammersmith and Fulham 019A,Hammersmith and Fulham,0.0,0.08059360063388858,0.0
E01001880,Hammersmith and Fulham 017A,Hammersmith and Fulham,3.0,0.12674665713387923,23.669263299237766
E01001881,Hammersmith and Fulham 017B,Hammersmith and Fulham,5.0,0.11119903514812847,44.96441892089702
E01001882,Hammersmith and Fulham 017C,Hammersmith and Fulham,1.0,0.0798530364736321,12.523005312768607
E01001883,Hammersmith and Fulham 017D,Hammersmith and Fulham,2.0,0.13356504958968657,14.97397714554836
E01001884,Hammersmith and Fulham 017E,Hammersmith and Fulham,2.0,0.0815294446335579,24.531014641264843
E01001885,Hammersmith and Fulham 015A,Hammersmith and Fulham,1.0,0.05772640276332667,17.323095708906628
E01001886,Hammersmith and Fulham 016A,Hammersmith and Fulham,0.0,0.09590541310738417,0.0
E01001887,Hammersmith and Fulham 016B,Hammersmith and Fulham,0.0,0.10887368897664959,0.0
E01001888,Hammersmith and Fulham 018A,Hammersmith and Fulham,0.0,0.09726136130947918,0.0
E01001889,Hammersmith and Fulham 014A,Hammersmith and Fulham,0.0,0.14578830838441872,0.0
E01001890,Hammersmith and Fulham 016C,Hammersmith and Fulham,1.0,0.13030378099901194,7.67437439138917
E01001891,Hammersmith and Fulham 018B,Hammersmith and Fulham,2.0,0.17539548447659792,11.402802107296264
E01001892,Hammersmith and Fulham 016D,Hammersmith and Fulham,1.0,0.07229743839687368,13.831748706095823
E01001893,Hammersmith and Fulham 013A,Hammersmith and Fulham,2.0,0.07758110731201039,25.779472210373807
E01001894,Hammersmith and Fulham 013B,Hammersmith and Fulham,4.0,0.15362313453935067,26.03774497893348
E01001895,Hammersmith and Fulham 009A,Hammersmith and Fulham,0.0,0.08632712847863452,0.0
E01001896,Hammersmith and Fulham 009B,Hammersmith and Fulham,0.0,0.08504923854651102,0.0
E01001897,Hammersmith and Fulham 009C,Hammersmith and Fulham,0.0,0.09453752681846506,0.0
E01001898,Hammersmith and Fulham 013C,Hammersmith and Fulham,9.0,0.2859574063141363,31.47321874263022
E01001899,Hammersmith and Fulham 013D,Hammersmith and Fulham,3.0,0.1259043581284686,23.827610454428434
E01001900,Hammersmith and Fulham 013E,Hammersmith and Fulham,2.0,0.13394959378461863,14.93098966179664
E01001901,Hammersmith and Fulham 019B,Hammersmith and Fulham,0.0,0.08317586018513216,0.0
E01001902,Hammersmith and Fulham 019C,Hammersmith and Fulham,0.0,0.07269036180688879,0.0
E01001903,Hammersmith and Fulham 019D,Hammersmith and Fulham,2.0,0.10960324937275118,18.24763418462324
E01001904,Hammersmith and Fulham 022A,Hammersmith and Fulham,0.0,0.13830495794365802,0.0
E01001905,Hammersmith and Fulham 022B,Hammersmith and Fulham,0.0,0.08826711555031373,0.0
E01001906,Hammersmith and Fulham 022C,Hammersmith and Fulham,1.0,0.06193992550122167,16.144675536948725
E01001907,Hammersmith and Fulham 022D,Hammersmith and Fulham,0.0,0.06741541391919614,0.0
E01001908,Hammersmith and Fulham 015B,Hammersmith and Fulham,1.0,0.045358096855822476,22.04678038363581
E01001909,Hammersmith and Fulham 015C,Hammersmith and Fulham,0.0,0.0859136111513962,0.0
E01001910,Hammersmith and Fulham 014B,Hammersmith and Fulham,1.0,0.08125926728747918,12.306288665663182
E01001911,Hammersmith and Fulham 015D,Hammersmith and Fulham,0.0,0.15748934751369958,0.0
E01001912,Hammersmith and Fulham 015E,Hammersmith and Fulham,5.0,0.09639893712237,51.86779179580516
E01001913,Hammersmith and Fulham 014C,Hammersmith and Fulham,1.0,0.10938772971583481,9.14179316636134
E01001914,Hammersmith and Fulham 014D,Hammersmith and Fulham,1.0,0.06542678140523035,15.284260948224757
E01001915,Hammersmith and Fulham 024A,Hammersmith and Fulham,2.0,0.41177430720798736,4.857029603330251
E01001916,Hammersmith and Fulham 024B,Hammersmith and Fulham,1.0,0.356781705958895,2.802834291383792
E01001917,Hammersmith and Fulham 018C,Hammersmith and Fulham,1.0,0.10802351635631938,9.257243549649548
E01001918,Hammersmith and Fulham 018D,Hammersmith and Fulham,0.0,0.10513012866223556,0.0
E01001919,Hammersmith and Fulham 018E,Hammersmith and Fulham,0.0,0.14435243220649546,0.0
E01001920,Hammersmith and Fulham 020A,Hammersmith and Fulham,3.0,0.16373908390382083,18.32183207866351
E01001921,Hammersmith and Fulham 020B,Hammersmith and Fulham,2.0,0.10132965415683381,19.737558729890495
E01001922,Hammersmith and Fulham 020C,Hammersmith and Fulham,1.0,0.19464363021743508,5.137594273611249
E01001923,Hammersmith and Fulham 020D,Hammersmith and Fulham,2.0,0.11158859159205221,17.922979145678617
E01001924,Hammersmith and Fulham 020E,Hammersmith and Fulham,0.0,0.0964443807681765,0.0
E01001925,Hammersmith and Fulham 025A,Hammersmith and Fulham,1.0,0.14163315555626702,7.060493682234786
E01001926,Hammersmith and Fulham 024C,Hammersmith and Fulham,0.0,0.09060171080823397,0.0
E01001927,Hammersmith and Fulham 008C,Hammersmith and Fulham,0.0,0.19982214432660103,0.0
E01001928,Hammersmith and Fulham 011A,Hammersmith and Fulham,2.0,0.18989795484828642,10.531972298479166
E01001929,Hammersmith and Fulham 009D,Hammersmith and Fulham,1.0,0.08618802924545009,11.602539340494207
E01001930,Hammersmith and Fulham 008D,Hammersmith and Fulham,2.0,0.25323037356764494,7.897946726622602
E01001931,Hammersmith and Fulham 011B,Hammersmith and Fulham,0.0,0.06816068478384267,0.0
E01001932,Hammersmith and Fulham 011C,Hammersmith and Fulham,4.0,0.1884236092747772,21.228762230994207
E01001933,Hammersmith and Fulham 011D,Hammersmith and Fulham,5.0,0.17794471145100582,28.098615346467707
E01001934,Hammersmith and Fulham 025B,Hammersmith and Fulham,0.0,0.18178221766503397,0.0
E01001935,Hammersmith and Fulham 023A,Hammersmith and Fulham,1.0,0.10661969261740047,9.379130397500308
E01001937,Hammersmith and Fulham 025C,Hammersmith and Fulham,2.0,0.19555432625887134,10.227337018115547
E01001938,Hammersmith and Fulham 025D,Hammersmith and Fulham,0.0,0.10344130027967553,0.0
E01001939,Hammersmith and Fulham 023C,Hammersmith and Fulham,0.0,0.3228577068935527,0.0
E01001940,Hammersmith and Fulham 005B,Hammersmith and Fulham,2.0,0.0843783402319784,23.70276536017976
E01001941,Hammersmith and Fulham 005C,Hammersmith and Fulham,4.0,0.14300914234566,27.97023976503409
E01001942,Hammersmith and Fulham 005D,Hammersmith and Fulham,0.0,0.09200745929060954,0.0
E01001943,Hammersmith and Fulham 004A,Hammersmith and Fulham,5.0,0.44268734303160545,11.294653164825242
E01001944,Hammersmith and Fulham 004B,Hammersmith and Fulham,0.0,0.06628523551749682,0.0
E01001945,Hammersmith and Fulham 004C,Hammersmith and Fulham,0.0,0.11486333880749314,0.0
E01001946,Hammersmith and Fulham 004D,Hammersmith and Fulham,1.0,0.12365946236840393,8.086724467722647
E01001947,Hammersmith and Fulham 021A,Hammersmith and Fulham,0.0,0.05496628221047687,0.0
E01001948,Hammersmith and Fulham 021B,Hammersmith and Fulham,0.0,0.11485492529228872,0.0
E01001949,Hammersmith and Fulham 021C,Hammersmith and Fulham,0.0,0.08241537577869917,0.0
E01001950,Hammersmith and Fulham 021D,Hammersmith and Fulham,0.0,0.10940339085966443,0.0
E01001951,Hammersmith and Fulham 021E,Hammersmith and Fulham,4.0,0.10347586106313367,38.656358680209316
E01001952,Hammersmith and Fulham 024D,Hammersmith and Fulham,1.0,0.09457184473268283,10.573971596161671
E01001953,Hammersmith and Fulham 021F,Hammersmith and Fulham,3.0,0.08899713135823552,33.70895167310794
E01001954,Hammersmith and Fulham 003A,Hammersmith and Fulham,2.0,0.08598279837984152,23.26046648499051
E01001955,Hammersmith and Fulham 002A,Hammersmith and Fulham,0.0,0.21861380986802198,0.0
E01001956,Hammersmith and Fulham 003B,Hammersmith and Fulham,0.0,0.13364413248898324,0.0
E01001957,Hammersmith and Fulham 002B,Hammersmith and Fulham,0.0,0.07513994474407822,0.0
E01001958,Hammersmith and Fulham 002C,Hammersmith and Fulham,0.0,0.04576502928173678,0.0
E01001959,Hammersmith and Fulham 003C,Hammersmith and Fulham,0.0,0.19417341199160496,0.0
E01001960,Hammersmith and Fulham 003D,Hammersmith and Fulham,0.0,0.08286543480814212,0.0
E01001961,Hammersmith and Fulham 002D,Hammersmith and Fulham,0.0,0.06980171279131894,0.0
E01001962,Haringey 004A,Haringey,0.0,0.5148746844419646,0.0
E01001963,Haringey 009A,Haringey,1.0,0.508767649460975,1.9655337776674124
E01001964,Haringey 009B,Haringey,0.0,0.635736738018414,0.0
E01001965,Haringey 009C,Haringey,0.0,0.12159528132760865,0.0
E01001966,Haringey 009D,Haringey,1.0,0.5126266347469711,1.9507375001956209
E01001967,Haringey 014A,Haringey,0.0,0.1764917466280249,0.0
E01001968,Haringey 014B,Haringey,0.0,0.1440766960020061,0.0
E01001969,Haringey 001A,Haringey,0.0,0.14554142274019596,0.0
E01001970,Haringey 004B,Haringey,1.0,0.2149683303613279,4.651848010910061
E01001971,Haringey 001B,Haringey,1.0,0.12594476004559643,7.939988925604883
E01001972,Haringey 004C,Haringey,1.0,0.20662117763821658,4.839774951582893
E01001973,Haringey 004D,Haringey,1.0,0.4006152948120373,2.4961603137723065
E01001974,Haringey 001C,Haringey,1.0,0.17685556011951326,5.654331700537051
E01001975,Haringey 001D,Haringey,0.0,0.12006045843868682,0.0
E01001976,Haringey 011A,Haringey,0.0,0.10144031041114458,0.0
E01001977,Haringey 011B,Haringey,1.0,0.08953835322554672,11.168398389916826
E01001978,Haringey 011C,Haringey,1.0,0.13200323443238154,7.575571949430136
E01001979,Haringey 011D,Haringey,3.0,0.19586999105069747,15.316281906724054
E01001980,Haringey 018A,Haringey,0.0,0.11196316775762875,0.0
E01001981,Haringey 018B,Haringey,0.0,0.09515771713224591,0.0
E01001982,Haringey 018C,Haringey,0.0,0.10451880835084953,0.0
E01001983,Haringey 018D,Haringey,0.0,0.10098008462591002,0.0
E01001984,Haringey 033A,Haringey,0.0,0.19810226452313154,0.0
E01001985,Haringey 033B,Haringey,0.0,0.18913592551551844,0.0
E01001986,Haringey 034A,Haringey,0.0,0.13605940288815843,0.0
E01001987,Haringey 033C,Haringey,0.0,0.30216120054082096,0.0
E01001988,Haringey 034B,Haringey,0.0,0.17469028816034893,0.0
E01001989,Haringey 033D,Haringey,0.0,0.2868398757368748,0.0
E01001990,Haringey 034C,Haringey,9.0,0.1515915426152825,59.37006672490104
E01001991,Haringey 017A,Haringey,0.0,0.12609202536972228,0.0
E01001992,Haringey 017B,Haringey,1.0,0.4066555836255116,2.459083411777024
E01001993,Haringey 017C,Haringey,0.0,0.28113505484273,0.0
E01001994,Haringey 030A,Haringey,0.0,0.3358331761446395,0.0
E01001995,Haringey 017D,Haringey,0.0,0.41019236896974526,0.0
E01001996,Haringey 014C,Haringey,0.0,0.24303792427573717,0.0
E01001997,Haringey 014D,Haringey,1.0,0.19399192200065096,5.154853819102036
E01001998,Haringey 023A,Haringey,0.0,0.1551432312530423,0.0
E01001999,Haringey 023B,Haringey,3.0,0.14888882313109653,20.14926263040243
E01002000,Haringey 031A,Haringey,0.0,0.1642549582494047,0.0
E01002001,Haringey 031B,Haringey,0.0,0.1063161763314057,0.0
E01002002,Haringey 031C,Haringey,3.0,0.6541212679924252,4.586305547299129
E01002003,Haringey 023C,Haringey,0.0,0.22070022304001458,0.0
E01002004,Haringey 023D,Haringey,0.0,0.11712685293407057,0.0
E01002005,Haringey 035A,Haringey,2.0,0.09560097310977693,20.920289145001014
E01002006,Haringey 035B,Haringey,0.0,0.10981321347374899,0.0
E01002007,Haringey 035C,Haringey,1.0,0.17240736788972627,5.80021615224479
E01002008,Haringey 030B,Haringey,3.0,0.6536744805762625,4.589440293516243
E01002009,Haringey 035D,Haringey,3.0,0.23352537168727694,12.84656985373486
E01002010,Haringey 030C,Haringey,1.0,0.5885094863933709,1.699207953517305
E01002011,Haringey 030D,Haringey,2.0,0.6456214195722577,3.097790654661142
E01002013,Haringey 022A,Haringey,0.0,0.12105068117153818,0.0
E01002014,Haringey 020B,Haringey,4.0,0.1672299224099701,23.919164359795957
E01002015,Haringey 020C,Haringey,0.0,0.11965899788906637,0.0
E01002016,Haringey 028A,Haringey,1.0,0.17091250647036024,5.850946900561783
E01002017,Haringey 028B,Haringey,0.0,0.13610785140339587,0.0
E01002018,Haringey 020D,Haringey,0.0,0.12068418720122215,0.0
E01002019,Haringey 022B,Haringey,1.0,0.2513670995870079,3.9782453695928535
E01002020,Haringey 021A,Haringey,2.0,0.2906057624330766,6.882175987341539
E01002021,Haringey 022C,Haringey,0.0,0.184690817384703,0.0
E01002022,Haringey 021B,Haringey,2.0,0.20150228834602069,9.925445593777033
E01002023,Haringey 021C,Haringey,1.0,0.16543965848687545,6.044499904956775
E01002024,Haringey 022D,Haringey,2.0,0.15935838801668856,12.550327754260122
E01002025,Haringey 021D,Haringey,0.0,0.40189162906183057,0.0
E01002026,Haringey 016A,Haringey,0.0,0.11912161708466419,0.0
E01002027,Haringey 010A,Haringey,0.0,0.11030807846706979,0.0
E01002028,Haringey 010B,Haringey,1.0,0.12149755047254955,8.230618610092343
E01002029,Haringey 016B,Haringey,4.0,0.23570048171797367,16.970690814226597
E01002030,Haringey 016C,Haringey,1.0,0.2797310188897576,3.574862751971391
E01002031,Haringey 016D,Haringey,1.0,0.14015925646754307,7.134741045316345
E01002032,Haringey 010C,Haringey,0.0,0.1031692408231819,0.0
E01002033,Haringey 010D,Haringey,0.0,0.12341181699871204,0.0
E01002034,Haringey 037A,Haringey,2.0,0.28072489902843717,7.124412572314798
E01002036,Haringey 002A,Haringey,1.0,0.17039893912967555,5.8685811373449255
E01002037,Haringey 002B,Haringey,0.0,0.7955842360785439,0.0
E01002038,Haringey 037B,Haringey,2.0,0.14203966222654135,14.080574176599827
E01002039,Haringey 002C,Haringey,1.0,0.07476746480894231,13.374801493609
E01002040,Haringey 002D,Haringey,0.0,0.14824999327659458,0.0
E01002041,Haringey 037C,Haringey,1.0,0.12675099585648575,7.889484364543009
E01002042,Haringey 027A,Haringey,0.0,0.23911260790560782,0.0
E01002043,Haringey 026A,Haringey,1.0,0.10940871763900832,9.140039492094937
E01002044,Haringey 027B,Haringey,1.0,0.08904186287918846,11.230672491171875
E01002045,Haringey 026B,Haringey,0.0,0.1348782112639816,0.0
E01002046,Haringey 026C,Haringey,0.0,0.16950562749707296,0.0
E01002047,Haringey 027C,Haringey,0.0,0.10240123928997542,0.0
E01002048,Haringey 027D,Haringey,1.0,0.12224081986682726,8.18057340493486
E01002049,Haringey 026D,Haringey,0.0,0.1275624580475537,0.0
E01002050,Haringey 029A,Haringey,0.0,0.10957020502032569,0.0
E01002051,Haringey 029B,Haringey,0.0,0.12433858370982084,0.0
E01002052,Haringey 029C,Haringey,0.0,0.2185470432602199,0.0
E01002053,Haringey 032A,Haringey,0.0,0.144205990893849,0.0
E01002054,Haringey 032B,Haringey,2.0,0.0814637508206867,24.550796886363415
E01002055,Haringey 029D,Haringey,0.0,0.09389797540153035,0.0
E01002056,Haringey 032C,Haringey,1.0,0.21129974208166294,4.732613443576854
E01002057,Haringey 032D,Haringey,0.0,0.15865159917035454,0.0
E01002058,Haringey 031D,Haringey,0.0,0.15577331249031545,0.0
E01002059,Haringey 028C,Haringey,0.0,0.2339626394369085,0.0
E01002060,Haringey 028D,Haringey,0.0,0.1255881655287908,0.0
E01002061,Haringey 036A,Haringey,0.0,0.16513146538137163,0.0
E01002062,Haringey 034D,Haringey,1.0,0.19736524334413666,5.066748243287934
E01002063,Haringey 036B,Haringey,0.0,0.13832959297936842,0.0
E01002064,Haringey 036C,Haringey,0.0,0.09320697395709299,0.0
E01002065,Haringey 036D,Haringey,1.0,0.13597323532312217,7.3543885134720375
E01002066,Haringey 025A,Haringey,1.0,0.19401682228728315,5.154192240708321
E01002067,Haringey 024A,Haringey,1.0,0.14966232798925794,6.681708172224712
E01002068,Haringey 025B,Haringey,1.0,0.29804913795319793,3.355151458807534
E01002069,Haringey 024B,Haringey,2.0,0.16466716254396346,12.145712412248754
E01002070,Haringey 024C,Haringey,0.0,0.1638757344277665,0.0
E01002071,Haringey 025C,Haringey,0.0,0.10880578234050198,0.0
E01002072,Haringey 025D,Haringey,0.0,0.1773554566827288,0.0
E01002073,Haringey 024D,Haringey,0.0,0.11117536077205051,0.0
E01002074,Haringey 012A,Haringey,0.0,0.1307943903141487,0.0
E01002075,Haringey 015A,Haringey,0.0,0.3693523353259612,0.0
E01002076,Haringey 015B,Haringey,0.0,0.10934713142167875,0.0
E01002077,Haringey 012B,Haringey,4.0,0.14438529544101117,27.703652146725744
E01002078,Haringey 015C,Haringey,0.0,0.2822564664701377,0.0
E01002079,Haringey 012C,Haringey,0.0,0.10294464427959177,0.0
E01002080,Haringey 015D,Haringey,3.0,0.6249105037921583,4.800687429311931
E01002081,Haringey 012D,Haringey,3.0,0.13898478634369196,21.585096318250084
E01002082,Haringey 013A,Haringey,0.0,0.19414858577313962,0.0
E01002083,Haringey 019A,Haringey,0.0,0.15626465654647403,0.0
E01002084,Haringey 019B,Haringey,0.0,0.303528701156656,0.0
E01002085,Haringey 019C,Haringey,1.0,0.12942035130876925,7.726760048844359
E01002086,Haringey 013B,Haringey,0.0,0.2401910055163969,0.0
E01002087,Haringey 019D,Haringey,1.0,0.11268767487728991,8.874084952848124
E01002088,Haringey 013C,Haringey,1.0,0.2125700257318304,4.70433212094333
E01002089,Haringey 013D,Haringey,0.0,0.04601364417201369,0.0
E01002090,Haringey 005A,Haringey,0.0,0.22926047185762896,0.0
E01002091,Haringey 006A,Haringey,0.0,0.21571466376355553,0.0
E01002092,Haringey 006B,Haringey,0.0,0.2007572488737057,0.0
E01002093,Haringey 005B,Haringey,0.0,0.22332868691379373,0.0
E01002094,Haringey 006C,Haringey,0.0,0.24971147770958774,0.0
E01002095,Haringey 006D,Haringey,0.0,0.2857758022613492,0.0
E01002096,Haringey 005C,Haringey,0.0,0.18417174135972772,0.0
E01002097,Haringey 005D,Haringey,0.0,0.10774646861683347,0.0
E01002098,Haringey 007A,Haringey,2.0,0.19621680392825225,10.19280693579797
E01002099,Haringey 008A,Haringey,0.0,0.15855887260663318,0.0
E01002100,Haringey 008B,Haringey,0.0,0.14112502495202017,0.0
E01002101,Haringey 007B,Haringey,0.0,0.20360400501736584,0.0
E01002102,Haringey 007C,Haringey,0.0,0.318399820020952,0.0
E01002103,Haringey 008C,Haringey,0.0,0.17294063587842684,0.0
E01002104,Haringey 008D,Haringey,0.0,0.1705263937455177,0.0
E01002105,Haringey 007D,Haringey,1.0,0.12467680085589915,8.020738366200103
E01002106,Harrow 008A,Harrow,1.0,0.26780121929795253,3.7341129462424574
E01002107,Harrow 012A,Harrow,0.0,0.28272474582132934,0.0
E01002108,Harrow 008B,Harrow,0.0,0.19912080208927088,0.0
E01002109,Harrow 008C,Harrow,0.0,0.5076123968847628,0.0
E01002110,Harrow 008D,Harrow,0.0,0.24577854622863216,0.0
E01002111,Harrow 008E,Harrow,0.0,0.27811471062637544,0.0
E01002112,Harrow 001A,Harrow,0.0,0.7770796181060895,0.0
E01002113,Harrow 002A,Harrow,0.0,0.6178376826933011,0.0
E01002114,Harrow 001B,Harrow,0.0,2.889128784625001,0.0
E01002115,Harrow 002B,Harrow,0.0,0.34762225097730876,0.0
E01002116,Harrow 002C,Harrow,0.0,0.30541675889107933,0.0
E01002117,Harrow 002D,Harrow,0.0,0.4235773395064837,0.0
E01002118,Harrow 002E,Harrow,0.0,0.2709097397816702,0.0
E01002119,Harrow 007A,Harrow,1.0,0.23861354765288315,4.190876879525399
E01002120,Harrow 007B,Harrow,0.0,0.1715665971846783,0.0
E01002121,Harrow 007C,Harrow,0.0,0.28064960506783027,0.0
E01002122,Harrow 007D,Harrow,0.0,0.20236680501620352,0.0
E01002123,Harrow 007E,Harrow,0.0,0.17231394938552844,0.0
E01002124,Harrow 010A,Harrow,0.0,0.16920870084835368,0.0
E01002125,Harrow 010B,Harrow,0.0,0.17318936290178383,0.0
E01002126,Harrow 023A,Harrow,2.0,0.37713460192004444,5.303146382797344
E01002127,Harrow 023B,Harrow,0.0,0.2716623758903334,0.0
E01002128,Harrow 020A,Harrow,0.0,0.1876535341349356,0.0
E01002129,Harrow 023C,Harrow,2.0,0.4110801650905378,4.865231090776449
E01002130,Harrow 020B,Harrow,3.0,0.3333045714623607,9.000776637528906
E01002131,Harrow 023D,Harrow,0.0,0.1638205090979267,0.0
E01002132,Harrow 029A,Harrow,2.0,0.39990271926253834,5.0012163050258955
E01002133,Harrow 027A,Harrow,1.0,0.3912168742257792,2.556126961494201
E01002134,Harrow 029B,Harrow,0.0,1.2438204528326722,0.0
E01002135,Harrow 029C,Harrow,1.0,0.4247169594331334,2.3545092273562434
E01002136,Harrow 027B,Harrow,1.0,0.36993797742671486,2.7031558288662083
E01002137,Harrow 029D,Harrow,1.0,0.5994829362409092,1.6681041937082566
E01002138,Harrow 027C,Harrow,0.0,0.14245448704625718,0.0
E01002139,Harrow 006A,Harrow,0.0,0.23307914216250428,0.0
E01002140,Harrow 005A,Harrow,0.0,0.25514607532291744,0.0
E01002141,Harrow 005B,Harrow,0.0,0.28904371479610513,0.0
E01002142,Harrow 005C,Harrow,0.0,0.36051232253957866,0.0
E01002143,Harrow 005D,Harrow,0.0,0.18297507322529594,0.0
E01002144,Harrow 004A,Harrow,2.0,2.9566622339374895,0.676438443675905
E01002145,Harrow 005E,Harrow,0.0,0.3158487282148554,0.0
E01002146,Harrow 004B,Harrow,0.0,0.8537600686972251,0.0
E01002147,Harrow 004C,Harrow,0.0,0.624832616871814,0.0
E01002148,Harrow 006B,Harrow,0.0,0.33274514988064546,0.0
E01002149,Harrow 004D,Harrow,0.0,0.2915058452707044,0.0
E01002150,Harrow 006C,Harrow,1.0,0.4192357629140273,2.3852926884128203
E01002151,Harrow 006D,Harrow,1.0,0.30416020945384536,3.287741028965015
E01002152,Harrow 006E,Harrow,0.0,0.46292939603308203,0.0
E01002153,Harrow 019A,Harrow,0.0,0.2923184977187497,0.0
E01002154,Harrow 015A,Harrow,0.0,1.3164041720554023,0.0
E01002155,Harrow 019B,Harrow,0.0,0.7437672663121283,0.0
E01002156,Harrow 015B,Harrow,0.0,0.38191965899226027,0.0
E01002157,Harrow 019C,Harrow,2.0,0.2635710424987151,7.588086995595314
E01002158,Harrow 019D,Harrow,0.0,0.29326621375987694,0.0
E01002159,Harrow 021A,Harrow,0.0,0.23203339314107504,0.0
E01002160,Harrow 021B,Harrow,0.0,0.29724208163624294,0.0
E01002161,Harrow 021C,Harrow,0.0,0.2373583131757225,0.0
E01002162,Harrow 015C,Harrow,0.0,0.18096058289472172,0.0
E01002163,Harrow 015D,Harrow,0.0,0.24509636888096098,0.0
E01002164,Harrow 021D,Harrow,0.0,0.2661191133031724,0.0
E01002165,Harrow 017A,Harrow,0.0,0.20771809431450167,0.0
E01002166,Harrow 017B,Harrow,0.0,0.17000170193552303,0.0
E01002167,Harrow 017C,Harrow,0.0,0.16683029755617745,0.0
E01002168,Harrow 017D,Harrow,0.0,0.17306547084171908,0.0
E01002169,Harrow 017E,Harrow,0.0,0.20488960322469696,0.0
E01002170,Harrow 033A,Harrow,0.0,0.1712379132119977,0.0
E01002171,Harrow 033B,Harrow,0.0,0.1871547125498001,0.0
E01002172,Harrow 033C,Harrow,0.0,0.36707072326103884,0.0
E01002173,Harrow 033D,Harrow,0.0,0.19961764718800187,0.0
E01002174,Harrow 033E,Harrow,0.0,0.20707678517556571,0.0
E01002175,Harrow 033F,Harrow,1.0,0.2084382349891916,4.797584282230438
E01002176,Harrow 033G,Harrow,0.0,0.3870408847726069,0.0
E01002177,Harrow 033H,Harrow,2.0,0.19693281537239463,10.155747767166453
E01002178,Harrow 033I,Harrow,0.0,0.20578639238812785,0.0
E01002179,Harrow 013A,Harrow,1.0,0.2581583080295399,3.873592167661614
E01002180,Harrow 013B,Harrow,0.0,0.3783429529331573,0.0
E01002181,Harrow 020C,Harrow,0.0,0.40395371136215624,0.0
E01002182,Harrow 020D,Harrow,0.0,0.20111044326513428,0.0
E01002183,Harrow 013C,Harrow,1.0,0.18525172171717352,5.398060491587303
E01002184,Harrow 013D,Harrow,0.0,0.21341413508807017,0.0
E01002185,Harrow 009A,Harrow,0.0,0.17129971368895794,0.0
E01002186,Harrow 009B,Harrow,0.0,0.31726295675876365,0.0
E01002187,Harrow 009C,Harrow,0.0,0.48273413595689524,0.0
E01002188,Harrow 016A,Harrow,1.0,0.4859577085314649,2.0577922367399832
E01002189,Harrow 016B,Harrow,3.0,0.449174127082307,6.67892431713966
E01002190,Harrow 009D,Harrow,0.0,1.357893894566651,0.0
E01002191,Harrow 022A,Harrow,0.0,0.48967707817904327,0.0
E01002192,Harrow 016C,Harrow,0.0,0.45276700487378985,0.0
E01002193,Harrow 016D,Harrow,0.0,0.336863254627739,0.0
E01002194,Harrow 022B,Harrow,0.0,0.4262232964716419,0.0
E01002195,Harrow 022C,Harrow,1.0,0.27343083358323267,3.6572320206001887
E01002196,Harrow 022D,Harrow,0.0,0.37396254416837144,0.0
E01002197,Harrow 012B,Harrow,0.0,0.1852120289217754,0.0
E01002198,Harrow 010C,Harrow,0.0,0.17449586715654195,0.0
E01002199,Harrow 012C,Harrow,0.0,0.16976514486342337,0.0
E01002200,Harrow 010D,Harrow,0.0,0.3476156870914732,0.0
E01002201,Harrow 012D,Harrow,0.0,0.2661137687550267,0.0
E01002202,Harrow 012E,Harrow,0.0,0.19458860704284223,0.0
E01002203,Harrow 010E,Harrow,0.0,0.27780365598506973,0.0
E01002204,Harrow 032A,Harrow,1.0,0.17896286828641172,5.587751300451904
E01002206,Harrow 032B,Harrow,0.0,0.17489201311576935,0.0
E01002207,Harrow 032C,Harrow,0.0,0.17748570395170835,0.0
E01002208,Harrow 025A,Harrow,0.0,0.2937494250805012,0.0
E01002209,Harrow 025B,Harrow,2.0,0.2731570037715596,7.321796521361005
E01002210,Harrow 032D,Harrow,0.0,0.20748185738056327,0.0
E01002211,Harrow 028A,Harrow,0.0,0.17258190445888852,0.0
E01002212,Harrow 028B,Harrow,0.0,0.2752748193221222,0.0
E01002213,Harrow 027D,Harrow,0.0,0.2835716681089401,0.0
E01002214,Harrow 031A,Harrow,0.0,0.1816214833605456,0.0
E01002215,Harrow 031B,Harrow,1.0,0.16941136468504556,5.902791715650898
E01002216,Harrow 028C,Harrow,0.0,0.2692193656781786,0.0
E01002217,Harrow 028D,Harrow,0.0,0.1490693841070534,0.0
E01002218,Harrow 030A,Harrow,0.0,0.32914170507282425,0.0
E01002219,Harrow 030B,Harrow,1.0,0.2916722390951959,3.4285059253569217
E01002220,Harrow 031C,Harrow,0.0,0.1880911229359163,0.0
E01002221,Harrow 030C,Harrow,1.0,0.1719353703085497,5.816138925954748
E01002222,Harrow 030D,Harrow,0.0,0.2092778572086464,0.0
E01002223,Harrow 031D,Harrow,0.0,0.20280531024750836,0.0
E01002224,Harrow 031E,Harrow,0.0,0.1820609464545234,0.0
E01002225,Harrow 001C,Harrow,0.0,2.040908913271492,0.0
E01002226,Harrow 001D,Harrow,1.0,0.6054664344261743,1.6516192197305561
E01002227,Harrow 003A,Harrow,0.0,0.32816451690803594,0.0
E01002228,Harrow 003B,Harrow,0.0,0.41940874583585747,0.0
E01002229,Harrow 003C,Harrow,0.0,0.6323387367987485,0.0
E01002230,Harrow 003D,Harrow,0.0,0.4205712850031267,0.0
E01002231,Harrow 013E,Harrow,0.0,0.21387049508190603,0.0
E01002232,Harrow 011A,Harrow,2.0,0.21576594875811672,9.269303203361757
E01002233,Harrow 011B,Harrow,1.0,0.20550001820158978,4.866179617653502
E01002234,Harrow 011C,Harrow,0.0,0.1679365193251515,0.0
E01002235,Harrow 011D,Harrow,0.0,0.1719472195327372,0.0
E01002236,Harrow 011E,Harrow,0.0,0.2154932823436146,0.0
E01002237,Harrow 024A,Harrow,0.0,0.14639526583902907,0.0
E01002238,Harrow 024B,Harrow,0.0,0.3438986349444384,0.0
E01002239,Harrow 025C,Harrow,0.0,0.35787640417646,0.0
E01002240,Harrow 024C,Harrow,0.0,0.16986376543216541,0.0
E01002241,Harrow 025D,Harrow,0.0,0.2422604160074653,0.0
E01002242,Harrow 024D,Harrow,0.0,0.2715403647162032,0.0
E01002243,Havering 013A,Havering,1.0,0.234327377692796,4.267533780500047
E01002244,Havering 011A,Havering,0.0,0.3342446782401544,0.0
E01002245,Havering 011B,Havering,0.0,0.2573099036978116,0.0
E01002246,Havering 017A,Havering,0.0,0.5453506130376528,0.0
E01002247,Havering 017B,Havering,0.0,0.32766618908113565,0.0
E01002248,Havering 017C,Havering,0.0,0.5321680107448657,0.0
E01002249,Havering 017D,Havering,1.0,0.5728783278955257,1.7455713566151299
E01002250,Havering 017E,Havering,0.0,1.0747952744622058,0.0
E01002251,Havering 017F,Havering,0.0,0.32694887706029097,0.0
E01002252,Havering 018A,Havering,0.0,1.1585682695413118,0.0
E01002253,Havering 019A,Havering,0.0,1.022472731502502,0.0
E01002254,Havering 019B,Havering,1.0,0.5630750960507525,1.7759620466501072
E01002255,Havering 022A,Havering,0.0,0.5954408675645475,0.0
E01002256,Havering 018B,Havering,0.0,0.278588111622901,0.0
E01002257,Havering 019C,Havering,0.0,0.7534156055568363,0.0
E01002258,Havering 018C,Havering,1.0,0.30244757334311134,3.306358153072536
E01002259,Havering 018D,Havering,0.0,1.8885575179110252,0.0
E01002260,Havering 026A,Havering,0.0,1.1146962591224587,0.0
E01002261,Havering 026B,Havering,0.0,0.20759597181204345,0.0
E01002262,Havering 026C,Havering,0.0,0.2246407330274836,0.0
E01002263,Havering 026D,Havering,1.0,0.8473965260053218,1.1800850833246392
E01002264,Havering 026E,Havering,0.0,0.20384222870808752,0.0
E01002265,Havering 025A,Havering,0.0,0.5141615830198869,0.0
E01002266,Havering 027A,Havering,0.0,0.3433781197579688,0.0
E01002267,Havering 027B,Havering,0.0,0.2099000477108602,0.0
E01002268,Havering 010A,Havering,0.0,0.8430299618579911,0.0
E01002269,Havering 010B,Havering,0.0,0.7757563078291877,0.0
E01002270,Havering 015A,Havering,0.0,0.6778515732399187,0.0
E01002271,Havering 015B,Havering,0.0,0.5449847018193041,0.0
E01002272,Havering 014A,Havering,1.0,0.22328527639539378,4.4785756416343325
E01002273,Havering 015C,Havering,0.0,0.8268424083311446,0.0
E01002274,Havering 014B,Havering,0.0,0.3080588065557501,0.0
E01002275,Havering 015D,Havering,0.0,0.43678604949743877,0.0
E01002276,Havering 001A,Havering,0.0,4.376654693972278,0.0
E01002277,Havering 002A,Havering,0.0,1.4705085677007792,0.0
E01002278,Havering 001B,Havering,0.0,0.2259385459805919,0.0
E01002279,Havering 002B,Havering,0.0,0.3574099301948339,0.0
E01002280,Havering 004A,Havering,0.0,0.15371142739895238,0.0
E01002281,Havering 002C,Havering,1.0,0.40430286375015717,2.4733933139240873
E01002282,Havering 004B,Havering,1.0,0.27509150483562494,3.6351540575472465
E01002283,Havering 002D,Havering,1.0,0.2232442930532915,4.479397821655787
E01002284,Havering 004C,Havering,0.0,0.2786789611823519,0.0
E01002285,Havering 025B,Havering,0.0,0.46345610310953145,0.0
E01002286,Havering 025C,Havering,0.0,0.23458552872890603,0.0
E01002287,Havering 023A,Havering,0.0,0.22122501531901773,0.0
E01002288,Havering 025D,Havering,0.0,0.3407143026653359,0.0
E01002289,Havering 022B,Havering,1.0,0.26994104120552315,3.7045126429613084
E01002290,Havering 025E,Havering,0.0,0.278666215608067,0.0
E01002291,Havering 023B,Havering,1.0,0.30741493451625457,3.252932397619495
E01002292,Havering 022C,Havering,0.0,0.3443919180883459,0.0
E01002293,Havering 007A,Havering,1.0,0.6882247008333726,1.4530138177096783
E01002294,Havering 007B,Havering,1.0,1.2331129669311007,0.8109557086961313
E01002295,Havering 010C,Havering,0.0,0.27961606301247327,0.0
E01002296,Havering 007C,Havering,0.0,4.0573659682911,0.0
E01002297,Havering 004D,Havering,0.0,0.21203172593619868,0.0
E01002298,Havering 007D,Havering,0.0,0.4550578148002881,0.0
E01002299,Havering 002E,Havering,0.0,0.3392749128276252,0.0
E01002300,Havering 007E,Havering,1.0,0.33369165003136636,2.996778612548447
E01002301,Havering 003A,Havering,0.0,0.273035238182581,0.0
E01002302,Havering 005A,Havering,0.0,0.2896150239181432,0.0
E01002303,Havering 003B,Havering,1.0,0.2797871970490087,3.5741449592664383
E01002304,Havering 003C,Havering,1.0,5.3061346577769815,0.18846110483350464
E01002305,Havering 005B,Havering,0.0,2.771501952289404,0.0
E01002306,Havering 003D,Havering,0.0,0.175887143173607,0.0
E01002307,Havering 003E,Havering,0.0,0.24191713662588216,0.0
E01002308,Havering 005C,Havering,0.0,0.44674403453679257,0.0
E01002309,Havering 006A,Havering,0.0,0.276495307871533,0.0
E01002310,Havering 006B,Havering,0.0,0.2799565066274444,0.0
E01002311,Havering 006C,Havering,0.0,0.9496733126493142,0.0
E01002312,Havering 001C,Havering,1.0,0.8713790036981505,1.1476062606007023
E01002313,Havering 001D,Havering,0.0,0.38788366056478685,0.0
E01002314,Havering 004E,Havering,0.0,0.19041671003272664,0.0
E01002315,Havering 006D,Havering,0.0,0.2173557323469759,0.0
E01002316,Havering 004F,Havering,0.0,0.2465820446847425,0.0
E01002317,Havering 014C,Havering,0.0,0.381688211917846,0.0
E01002318,Havering 014D,Havering,0.0,0.29127831701575996,0.0
E01002319,Havering 016A,Havering,1.0,0.3762402737498593,2.6578760163906403
E01002320,Havering 021A,Havering,0.0,0.2024239948668365,0.0
E01002321,Havering 021B,Havering,1.0,0.46260555804050424,2.161668796708325
E01002322,Havering 021C,Havering,0.0,0.43418487406854267,0.0
E01002323,Havering 021D,Havering,0.0,0.2911009590908654,0.0
E01002324,Havering 021E,Havering,0.0,0.4665059338696273,0.0
E01002325,Havering 011C,Havering,0.0,0.7513595223803159,0.0
E01002326,Havering 005D,Havering,1.0,0.27581860089301957,3.625571287658968
E01002327,Havering 009A,Havering,1.0,0.2825977195478239,3.538598972419416
E01002328,Havering 009B,Havering,0.0,0.2847917682292709,0.0
E01002329,Havering 011D,Havering,0.0,0.38091559832883626,0.0
E01002330,Havering 011E,Havering,0.0,0.4815060937426177,0.0
E01002331,Havering 005E,Havering,0.0,0.30940872130617453,0.0
E01002332,Havering 009C,Havering,0.0,0.27947230210371304,0.0
E01002333,Havering 008A,Havering,0.0,0.2731989899143322,0.0
E01002334,Havering 008B,Havering,0.0,0.9666287170408034,0.0
E01002335,Havering 009D,Havering,1.0,0.20708918147637356,4.828837474129899
E01002336,Havering 008C,Havering,0.0,0.25468232757211556,0.0
E01002337,Havering 012A,Havering,1.0,1.1197284805679308,0.8930736489731832
E01002338,Havering 009E,Havering,0.0,0.24429338172269194,0.0
E01002339,Havering 008D,Havering,0.0,0.39858652136512257,0.0
E01002340,Havering 009F,Havering,0.0,0.23618701883689464,0.0
E01002341,Havering 008E,Havering,0.0,0.24540928160626724,0.0
E01002342,Havering 030A,Havering,0.0,0.1823250962754001,0.0
E01002343,Havering 029A,Havering,0.0,0.4742996431211458,0.0
E01002344,Havering 029B,Havering,3.0,10.242213921505218,0.2929054228891866
E01002345,Havering 030B,Havering,1.0,0.44526762725134467,2.2458403413988144
E01002346,Havering 030C,Havering,0.0,0.21065198785318973,0.0
E01002347,Havering 030D,Havering,0.0,0.4537305312997943,0.0
E01002348,Havering 029C,Havering,0.0,2.751360478550411,0.0
E01002349,Havering 029D,Havering,0.0,0.5828781399562015,0.0
E01002350,Havering 016B,Havering,1.0,0.2848688460489626,3.5103873725388777
E01002351,Havering 016C,Havering,0.0,0.19500700090864515,0.0
E01002352,Havering 016D,Havering,0.0,0.28732311424805485,0.0
E01002353,Havering 013B,Havering,1.0,0.4598311434735502,2.174711335221949
E01002354,Havering 012B,Havering,0.0,0.30780476610387164,0.0
E01002355,Havering 014E,Havering,0.0,0.22767469515918098,0.0
E01002356,Havering 013C,Havering,11.0,0.36853664038016754,29.847778469605746
E01002358,Havering 016E,Havering,2.0,0.22599729408386646,8.849663479854808
E01002359,Havering 020A,Havering,0.0,0.22688580822638724,0.0
E01002360,Havering 020B,Havering,0.0,0.38500867538249495,0.0
E01002361,Havering 020C,Havering,3.0,0.3648815888860141,8.22184536402349
E01002362,Havering 022D,Havering,0.0,0.3424143401123674,0.0
E01002363,Havering 020D,Havering,0.0,0.24711694934505224,0.0
E01002364,Havering 023C,Havering,0.0,0.23066621698329537,0.0
E01002365,Havering 023D,Havering,0.0,0.22880954320597316,0.0
E01002366,Havering 023E,Havering,0.0,0.2808281617826734,0.0
E01002367,Havering 020E,Havering,3.0,0.37908237105316694,7.913847303596307
E01002368,Havering 028A,Havering,0.0,1.3091291939868834,0.0
E01002369,Havering 028B,Havering,0.0,0.48147238109572943,0.0
E01002370,Havering 028C,Havering,1.0,2.4698865580180387,0.4048768947519802
E01002371,Havering 028D,Havering,0.0,0.2825364345447217,0.0
E01002372,Havering 027C,Havering,0.0,0.21904047287929054,0.0
E01002373,Havering 027D,Havering,0.0,0.30938863488184254,0.0
E01002374,Havering 027E,Havering,0.0,0.9687177913926088,0.0
E01002375,Havering 028E,Havering,0.0,0.2613422851759069,0.0
E01002376,Havering 012C,Havering,0.0,0.33709543283437965,0.0
E01002377,Havering 010D,Havering,1.0,0.4372578056327501,2.286980328579642
E01002378,Havering 010E,Havering,0.0,0.24138039887225465,0.0
E01002379,Havering 012D,Havering,2.0,0.3597498469054282,5.559418627148893
E01002380,Havering 012E,Havering,1.0,0.3033217685198688,3.2968289908097907
E01002381,Havering 012F,Havering,0.0,0.36541630869186476,0.0
E01002382,Havering 014F,Havering,0.0,0.3164923166444596,0.0
E01002383,Havering 010F,Havering,0.0,0.2910181613164374,0.0
E01002384,Havering 019D,Havering,1.0,0.4825489350760406,2.072328684846064
E01002385,Havering 024A,Havering,1.0,9.936418586032632,0.10063988260374561
E01002386,Havering 022E,Havering,4.0,0.5452096304444559,7.336627558723041
E01002387,Havering 024B,Havering,0.0,1.3548517064683807,0.0
E01002388,Havering 024C,Havering,0.0,0.36535931787816694,0.0
E01002389,Havering 024D,Havering,1.0,0.8801909822801819,1.1361170701947507
E01002390,Havering 024E,Havering,0.0,0.3412648571136237,0.0
E01002391,Havering 018E,Havering,2.0,8.622694173026623,0.23194606695623843
E01002392,Hillingdon 020A,Hillingdon,0.0,0.46475465828871976,0.0
E01002393,Hillingdon 020B,Hillingdon,0.0,0.32823953249403715,0.0
E01002394,Hillingdon 021A,Hillingdon,0.0,0.29446925744633873,0.0
E01002395,Hillingdon 021B,Hillingdon,0.0,0.17150664826999423,0.0
E01002396,Hillingdon 026A,Hillingdon,0.0,0.34477570457471635,0.0
E01002397,Hillingdon 021C,Hillingdon,0.0,0.18146143270180992,0.0
E01002398,Hillingdon 021D,Hillingdon,0.0,0.16076844424215234,0.0
E01002399,Hillingdon 021E,Hillingdon,0.0,0.17559028194721651,0.0
E01002400,Hillingdon 024A,Hillingdon,0.0,0.6055025818212189,0.0
E01002401,Hillingdon 024B,Hillingdon,0.0,0.33323915206203314,0.0
E01002402,Hillingdon 024C,Hillingdon,0.0,0.20134162715782322,0.0
E01002403,Hillingdon 024D,Hillingdon,0.0,0.2046479016995193,0.0
E01002404,Hillingdon 024E,Hillingdon,0.0,0.21064299859242427,0.0
E01002405,Hillingdon 027A,Hillingdon,0.0,1.0002636758369996,0.0
E01002406,Hillingdon 027B,Hillingdon,0.0,1.339243707610953,0.0
E01002407,Hillingdon 030A,Hillingdon,0.0,0.48397509222933,0.0
E01002408,Hillingdon 019A,Hillingdon,0.0,0.20594726218519413,0.0
E01002409,Hillingdon 019B,Hillingdon,0.0,0.23753391842726046,0.0
E01002410,Hillingdon 017A,Hillingdon,1.0,0.40482775796444603,2.4701863454922104
E01002411,Hillingdon 022A,Hillingdon,0.0,0.4817631322008267,0.0
E01002412,Hillingdon 017B,Hillingdon,0.0,0.7173153938275981,0.0
E01002413,Hillingdon 022B,Hillingdon,0.0,0.3105619556193798,0.0
E01002414,Hillingdon 015A,Hillingdon,3.0,0.9221595808003913,3.253233022202232
E01002415,Hillingdon 010A,Hillingdon,0.0,0.26848534711557137,0.0
E01002416,Hillingdon 008A,Hillingdon,0.0,0.20704546693698817,0.0
E01002417,Hillingdon 008B,Hillingdon,1.0,0.32825706372820895,3.046392935592644
E01002418,Hillingdon 006A,Hillingdon,0.0,0.2794384566176919,0.0
E01002419,Hillingdon 006B,Hillingdon,0.0,0.2933144672817857,0.0
E01002420,Hillingdon 008C,Hillingdon,0.0,0.2880729344365129,0.0
E01002421,Hillingdon 008D,Hillingdon,1.0,0.34457486741287624,2.902126923847237
E01002422,Hillingdon 018A,Hillingdon,1.0,0.19538511796696742,5.1180970710832945
E01002423,Hillingdon 018B,Hillingdon,0.0,0.6737481154997012,0.0
E01002424,Hillingdon 018C,Hillingdon,0.0,0.3692148741605497,0.0
E01002425,Hillingdon 018D,Hillingdon,0.0,0.36030126415491964,0.0
E01002426,Hillingdon 021F,Hillingdon,0.0,0.21345652786287922,0.0
E01002427,Hillingdon 018E,Hillingdon,0.0,0.20528177732231687,0.0
E01002428,Hillingdon 018F,Hillingdon,0.0,0.585918773756439,0.0
E01002429,Hillingdon 019C,Hillingdon,0.0,0.3798613013084334,0.0
E01002430,Hillingdon 007A,Hillingdon,0.0,0.918396606791445,0.0
E01002431,Hillingdon 006C,Hillingdon,0.0,0.27824692444860394,0.0
E01002432,Hillingdon 006D,Hillingdon,2.0,0.3253492132925446,6.147240928477849
E01002433,Hillingdon 004A,Hillingdon,0.0,0.46170932614154997,0.0
E01002434,Hillingdon 007B,Hillingdon,0.0,0.8190094470487304,0.0
E01002435,Hillingdon 007C,Hillingdon,0.0,0.3551517306322787,0.0
E01002436,Hillingdon 004B,Hillingdon,1.0,0.458045633300723,2.1831885892981866
E01002437,Hillingdon 006E,Hillingdon,0.0,0.43732923112988253,0.0
E01002438,Hillingdon 003A,Hillingdon,0.0,3.696309319703528,0.0
E01002439,Hillingdon 003B,Hillingdon,1.0,0.7007108390918076,1.427122208208027
E01002440,Hillingdon 003C,Hillingdon,0.0,1.7860138172452682,0.0
E01002441,Hillingdon 003D,Hillingdon,2.0,7.056743601889875,0.28341684391996014
E01002442,Hillingdon 003E,Hillingdon,1.0,1.981901834082558,0.5045658583099853
E01002443,Hillingdon 032A,Hillingdon,0.0,2.6079431176843246,0.0
E01002444,Hillingdon 031A,Hillingdon,16.0,15.808726759046742,1.0120992186068243
E01002445,Hillingdon 029A,Hillingdon,0.0,0.18994590871837572,0.0
E01002446,Hillingdon 031B,Hillingdon,2.0,1.9585916433035064,1.0211419041013834
E01002447,Hillingdon 031C,Hillingdon,1.0,1.8679128563246945,0.5353568806028779
E01002448,Hillingdon 032B,Hillingdon,2.0,0.718583213292102,2.7832545528544177
E01002449,Hillingdon 032C,Hillingdon,1.0,0.37655264010465567,2.6556711957246373
E01002450,Hillingdon 014A,Hillingdon,0.0,0.21569957606628515,0.0
E01002451,Hillingdon 014B,Hillingdon,0.0,0.21036114086869623,0.0
E01002452,Hillingdon 014C,Hillingdon,0.0,0.33666740212111984,0.0
E01002453,Hillingdon 014D,Hillingdon,0.0,0.27385767831436214,0.0
E01002454,Hillingdon 014E,Hillingdon,0.0,1.6509983449243295,0.0
E01002455,Hillingdon 019D,Hillingdon,0.0,0.3577657554070113,0.0
E01002456,Hillingdon 017C,Hillingdon,0.0,0.3136795079913391,0.0
E01002457,Hillingdon 019E,Hillingdon,0.0,0.22608103712630714,0.0
E01002458,Hillingdon 011A,Hillingdon,0.0,0.9818541434890543,0.0
E01002459,Hillingdon 011B,Hillingdon,0.0,0.5058851268291783,0.0
E01002460,Hillingdon 011C,Hillingdon,3.0,0.3793588028277875,7.90808062878106
E01002461,Hillingdon 013A,Hillingdon,0.0,2.5229822036640908,0.0
E01002462,Hillingdon 011D,Hillingdon,0.0,0.417521639983439,0.0
E01002463,Hillingdon 013B,Hillingdon,0.0,0.6161349731922865,0.0
E01002464,Hillingdon 011E,Hillingdon,0.0,0.7875084132420249,0.0
E01002465,Hillingdon 009A,Hillingdon,1.0,0.2997272212663555,3.336366966520336
E01002466,Hillingdon 010B,Hillingdon,0.0,0.2309340047947398,0.0
E01002467,Hillingdon 009B,Hillingdon,0.0,0.36700514442556614,0.0
E01002468,Hillingdon 010C,Hillingdon,0.0,0.19757621970990222,0.0
E01002469,Hillingdon 010D,Hillingdon,0.0,0.23351537100533928,0.0
E01002470,Hillingdon 007D,Hillingdon,1.0,0.38229268993735377,2.6157968130750024
E01002471,Hillingdon 008E,Hillingdon,0.0,0.26673746611538707,0.0
E01002472,Hillingdon 002A,Hillingdon,1.0,0.5328535381812647,1.8766882986518196
E01002473,Hillingdon 001A,Hillingdon,0.0,3.886820442217064,0.0
E01002474,Hillingdon 002B,Hillingdon,0.0,0.9255576402898613,0.0
E01002475,Hillingdon 001B,Hillingdon,1.0,0.7508200986969312,1.3318769725737594
E01002476,Hillingdon 001C,Hillingdon,0.0,0.6272591364589131,0.0
E01002477,Hillingdon 001D,Hillingdon,0.0,0.31507017564039624,0.0
E01002478,Hillingdon 002C,Hillingdon,0.0,0.3677369603800163,0.0
E01002479,Hillingdon 004C,Hillingdon,0.0,0.7813685801176671,0.0
E01002480,Hillingdon 004D,Hillingdon,0.0,0.6369055106537554,0.0
E01002481,Hillingdon 004E,Hillingdon,0.0,0.368518723315102,0.0
E01002482,Hillingdon 001E,Hillingdon,0.0,0.6350512083070406,0.0
E01002483,Hillingdon 002D,Hillingdon,1.0,0.3604146028273731,2.7745823619665253
E01002484,Hillingdon 002E,Hillingdon,0.0,0.2350562930068125,0.0
E01002485,Hillingdon 002F,Hillingdon,0.0,0.30071745847104014,0.0
E01002486,Hillingdon 028A,Hillingdon,0.0,1.0249972910439022,0.0
E01002487,Hillingdon 028B,Hillingdon,1.0,0.19347644694049004,5.168587783233287
E01002488,Hillingdon 030B,Hillingdon,0.0,0.29996714893822807,0.0
E01002489,Hillingdon 030C,Hillingdon,0.0,0.2744970781570616,0.0
E01002490,Hillingdon 030D,Hillingdon,1.0,0.33776593371513,2.96063012927584
E01002491,Hillingdon 032D,Hillingdon,0.0,0.18893500126207477,0.0
E01002492,Hillingdon 030E,Hillingdon,0.0,0.2595791627138155,0.0
E01002493,Hillingdon 032E,Hillingdon,0.0,0.1754825980278448,0.0
E01002494,Hillingdon 009C,Hillingdon,0.0,2.6574380847558134,0.0
E01002495,Hillingdon 010E,Hillingdon,1.0,0.45070348170423535,2.2187536608741554
E01002496,Hillingdon 033A,Hillingdon,0.0,0.5889268686896509,0.0
E01002497,Hillingdon 033B,Hillingdon,1.0,0.6760122534540853,1.4792631270964378
E01002498,Hillingdon 033C,Hillingdon,0.0,0.3958434942408997,0.0
E01002499,Hillingdon 033D,Hillingdon,1.0,2.284489104576694,0.43773463309438526
E01002501,Hillingdon 026B,Hillingdon,0.0,0.22173553897333423,0.0
E01002502,Hillingdon 026C,Hillingdon,0.0,0.18878632202819523,0.0
E01002503,Hillingdon 027C,Hillingdon,0.0,0.19187795540893757,0.0
E01002504,Hillingdon 027D,Hillingdon,0.0,0.44667648763157664,0.0
E01002505,Hillingdon 026D,Hillingdon,0.0,0.7023525375117593,0.0
E01002506,Hillingdon 027E,Hillingdon,2.0,0.28415199353351384,7.0384866040509175
E01002507,Hillingdon 027F,Hillingdon,0.0,1.0975201714394713,0.0
E01002508,Hillingdon 026E,Hillingdon,0.0,0.35523276934818027,0.0
E01002509,Hillingdon 017D,Hillingdon,0.0,0.45325684970471614,0.0
E01002511,Hillingdon 017E,Hillingdon,1.0,0.24694578548598936,4.0494718224568995
E01002512,Hillingdon 013C,Hillingdon,0.0,1.1836371862847788,0.0
E01002513,Hillingdon 013D,Hillingdon,1.0,0.5643314182488398,1.7720083760409273
E01002514,Hillingdon 015C,Hillingdon,3.0,0.28634402413909127,10.476908009586237
E01002515,Hillingdon 015D,Hillingdon,2.0,0.6238252683194818,3.206025952407771
E01002516,Hillingdon 013E,Hillingdon,0.0,0.5848481871308512,0.0
E01002518,Hillingdon 022C,Hillingdon,0.0,0.22415874839857855,0.0
E01002519,Hillingdon 022D,Hillingdon,0.0,0.6365005490359504,0.0
E01002520,Hillingdon 016B,Hillingdon,3.0,0.5143304956261419,5.832825441057746
E01002521,Hillingdon 016C,Hillingdon,5.0,0.5405967122716583,9.249038861130591
E01002523,Hillingdon 016D,Hillingdon,0.0,0.1681434560773392,0.0
E01002525,Hillingdon 029B,Hillingdon,0.0,0.5071651799420722,0.0
E01002526,Hillingdon 028C,Hillingdon,0.0,0.29746795818869354,0.0
E01002527,Hillingdon 031D,Hillingdon,0.0,0.8728372804132664,0.0
E01002528,Hillingdon 028D,Hillingdon,0.0,0.3473654335807484,0.0
E01002529,Hillingdon 029C,Hillingdon,2.0,0.2562777479293354,7.804032992171716
E01002530,Hillingdon 029D,Hillingdon,1.0,0.2675700189316608,3.7373394971258223
E01002531,Hillingdon 029E,Hillingdon,0.0,0.34549933706056146,0.0
E01002532,Hillingdon 028E,Hillingdon,0.0,0.5922434738745495,0.0
E01002533,Hillingdon 005A,Hillingdon,1.0,1.337664703285075,0.7475714934722966
E01002534,Hillingdon 005B,Hillingdon,0.0,0.4042427217225425,0.0
E01002535,Hillingdon 007E,Hillingdon,2.0,0.4118473923912408,4.856167689657409
E01002536,Hillingdon 009D,Hillingdon,0.0,0.3940822784902369,0.0
E01002537,Hillingdon 009E,Hillingdon,0.0,0.44837182589129926,0.0
E01002538,Hillingdon 005C,Hillingdon,3.0,1.030011442711579,2.9125890020233998
E01002539,Hillingdon 005D,Hillingdon,0.0,0.3720849422537798,0.0
E01002540,Hillingdon 020C,Hillingdon,0.0,0.22881803566842354,0.0
E01002541,Hillingdon 023A,Hillingdon,1.0,0.382601505323646,2.613685482377
E01002542,Hillingdon 020D,Hillingdon,0.0,0.17982250333537464,0.0
E01002543,Hillingdon 020E,Hillingdon,1.0,0.2645797823131158,3.779578285450981
E01002544,Hillingdon 023B,Hillingdon,0.0,0.6146447459800518,0.0
E01002545,Hillingdon 023C,Hillingdon,0.0,0.2893783768935158,0.0
E01002546,Hillingdon 023D,Hillingdon,0.0,0.18967641441620894,0.0
E01002547,Hillingdon 023E,Hillingdon,0.0,0.18033752488213703,0.0
E01002548,Hillingdon 025A,Hillingdon,0.0,1.153870656666643,0.0
E01002549,Hillingdon 025B,Hillingdon,0.0,0.5992663500887971,0.0
E01002550,Hillingdon 022E,Hillingdon,0.0,0.24343611116618946,0.0
E01002551,Hillingdon 025C,Hillingdon,0.0,0.3190022335052676,0.0
E01002552,Hillingdon 025D,Hillingdon,0.0,0.26300006687924493,0.0
E01002553,Hillingdon 025E,Hillingdon,0.0,0.18797567610932012,0.0
E01002554,Hillingdon 022F,Hillingdon,3.0,1.251543909437194,2.3970393506601524
E01002555,Hounslow 022A,Hounslow,0.0,0.7092318722076503,0.0
E01002556,Hounslow 022B,Hounslow,1.0,0.19989811900665808,5.002548322961922
E01002557,Hounslow 023A,Hounslow,1.0,0.3342652203475828,2.9916363986661807
E01002558,Hounslow 023B,Hounslow,0.0,0.23605869067768295,0.0
E01002559,Hounslow 023C,Hounslow,0.0,2.380585909175051,0.0
E01002560,Hounslow 023D,Hounslow,0.0,0.34193694506703126,0.0
E01002561,Hounslow 023E,Hounslow,0.0,0.24048977131901267,0.0
E01002562,Hounslow 003A,Hounslow,1.0,0.9565772559955102,1.04539387041907
E01002563,Hounslow 006A,Hounslow,0.0,0.5044668856242704,0.0
E01002564,Hounslow 003B,Hounslow,1.0,0.24087511737455058,4.151528854037017
E01002565,Hounslow 006B,Hounslow,1.0,0.45311318854002386,2.2069540796684826
E01002566,Hounslow 003C,Hounslow,2.0,0.5884783848875957,3.398595515758861
E01002567,Hounslow 006C,Hounslow,3.0,0.218389663816166,13.736913861112546
E01002568,Hounslow 003D,Hounslow,0.0,0.19991808250793053,0.0
E01002569,Hounslow 001A,Hounslow,1.0,0.20500088852721882,4.878027637754486
E01002570,Hounslow 001B,Hounslow,2.0,0.14702770781801758,13.602878189976849
E01002571,Hounslow 007A,Hounslow,0.0,0.1994020033094385,0.0
E01002572,Hounslow 007B,Hounslow,1.0,0.9046777468515101,1.1053659753213048
E01002573,Hounslow 001C,Hounslow,1.0,0.18088300954078493,5.52843521643487
E01002574,Hounslow 001D,Hounslow,0.0,0.16166077242213298,0.0
E01002575,Hounslow 001E,Hounslow,1.0,0.22714918289532632,4.402393120035192
E01002576,Hounslow 008A,Hounslow,0.0,0.18357737546644212,0.0
E01002577,Hounslow 007C,Hounslow,0.0,0.353470216584218,0.0
E01002578,Hounslow 007D,Hounslow,0.0,0.5010584023325608,0.0
E01002579,Hounslow 008B,Hounslow,0.0,0.4063622229286993,0.0
E01002580,Hounslow 008C,Hounslow,0.0,0.11486910321587201,0.0
E01002581,Hounslow 008D,Hounslow,3.0,0.18391802404601296,16.311615001091216
E01002582,Hounslow 008E,Hounslow,1.0,0.17459412761010654,5.727569498976173
E01002583,Hounslow 013A,Hounslow,0.0,0.40580474102020053,0.0
E01002584,Hounslow 013B,Hounslow,1.0,0.33121727917402216,3.0191661573145105
E01002585,Hounslow 013C,Hounslow,1.0,0.2043986497553637,4.892400224741498
E01002586,Hounslow 013D,Hounslow,0.0,0.42110050106594776,0.0
E01002587,Hounslow 016A,Hounslow,0.0,0.23018338671604752,0.0
E01002588,Hounslow 016B,Hounslow,0.0,0.13812698609026977,0.0
E01002589,Hounslow 013E,Hounslow,1.0,0.9860259118390834,1.014172130765664
E01002590,Hounslow 022C,Hounslow,0.0,0.35591573325511844,0.0
E01002591,Hounslow 024A,Hounslow,0.0,0.3258242484392711,0.0
E01002592,Hounslow 022D,Hounslow,1.0,1.72626738404321,0.5792845356655184
E01002593,Hounslow 024B,Hounslow,0.0,0.4438392434713273,0.0
E01002594,Hounslow 024C,Hounslow,0.0,0.27089426629518226,0.0
E01002595,Hounslow 022E,Hounslow,1.0,0.27049619926210466,3.6969096154693943
E01002596,Hounslow 027A,Hounslow,0.0,0.4595713784960365,0.0
E01002598,Hounslow 025B,Hounslow,0.0,0.2231353636338229,0.0
E01002599,Hounslow 025C,Hounslow,0.0,0.18223130954900948,0.0
E01002600,Hounslow 025D,Hounslow,0.0,0.15914215727809014,0.0
E01002601,Hounslow 027B,Hounslow,0.0,1.5619226329353046,0.0
E01002602,Hounslow 027C,Hounslow,0.0,0.21136948019179805,0.0
E01002603,Hounslow 025E,Hounslow,0.0,0.22214841790086465,0.0
E01002604,Hounslow 026A,Hounslow,0.0,0.2990876805690023,0.0
E01002605,Hounslow 026B,Hounslow,0.0,0.3272248536503709,0.0
E01002606,Hounslow 026C,Hounslow,0.0,0.20519954709054886,0.0
E01002607,Hounslow 026D,Hounslow,0.0,0.34567697012077675,0.0
E01002608,Hounslow 028A,Hounslow,0.0,0.3508782585077055,0.0
E01002609,Hounslow 028B,Hounslow,0.0,0.2136858554623415,0.0
E01002610,Hounslow 028C,Hounslow,0.0,1.5150695074690985,0.0
E01002611,Hounslow 024D,Hounslow,0.0,0.8672527024383386,0.0
E01002612,Hounslow 024E,Hounslow,1.0,0.3284704237546484,3.044414131930952
E01002613,Hounslow 024F,Hounslow,0.0,0.22107646303701728,0.0
E01002614,Hounslow 027D,Hounslow,1.0,0.5964023576498673,1.6767204005371734
E01002615,Hounslow 026E,Hounslow,1.0,0.9501649062400693,1.0524488890640413
E01002616,Hounslow 027E,Hounslow,1.0,0.2292319923683298,4.362392830374221
E01002617,Hounslow 028D,Hounslow,0.0,0.4548202904342902,0.0
E01002618,Hounslow 011A,Hounslow,0.0,0.2333456318900717,0.0
E01002619,Hounslow 010A,Hounslow,0.0,0.23580914980748913,0.0
E01002620,Hounslow 004A,Hounslow,0.0,0.3058023283643445,0.0
E01002621,Hounslow 011B,Hounslow,0.0,0.2799935960709755,0.0
E01002622,Hounslow 010B,Hounslow,0.0,0.20372857506025377,0.0
E01002623,Hounslow 011C,Hounslow,0.0,0.20108620241364492,0.0
E01002624,Hounslow 017A,Hounslow,0.0,0.22187315894854,0.0
E01002625,Hounslow 004B,Hounslow,0.0,0.19501115870441726,0.0
E01002626,Hounslow 004C,Hounslow,1.0,0.35411759673590815,2.8239206670821684
E01002627,Hounslow 004D,Hounslow,0.0,0.12298008812316782,0.0
E01002628,Hounslow 011D,Hounslow,0.0,0.3504797147845694,0.0
E01002629,Hounslow 011E,Hounslow,0.0,0.5361475625137889,0.0
E01002630,Hounslow 012A,Hounslow,0.0,0.23801133445509584,0.0
E01002631,Hounslow 004E,Hounslow,0.0,0.2069669523858174,0.0
E01002632,Hounslow 010C,Hounslow,0.0,0.36782380947435755,0.0
E01002633,Hounslow 005A,Hounslow,2.0,0.9809452024050929,2.038849871630318
E01002634,Hounslow 005B,Hounslow,0.0,0.2412023603439437,0.0
E01002635,Hounslow 010D,Hounslow,0.0,0.5376505835235901,0.0
E01002636,Hounslow 010E,Hounslow,0.0,0.2064904632158036,0.0
E01002637,Hounslow 005C,Hounslow,0.0,0.6936500783683388,0.0
E01002638,Hounslow 005D,Hounslow,0.0,0.8030851801696437,0.0
E01002639,Hounslow 012B,Hounslow,0.0,0.18713422262828416,0.0
E01002640,Hounslow 012C,Hounslow,2.0,0.2223655104611644,8.994200565781064
E01002641,Hounslow 018A,Hounslow,1.0,0.20356288481066862,4.912486875640852
E01002642,Hounslow 015A,Hounslow,2.0,0.26355281922581913,7.588611671371826
E01002643,Hounslow 015B,Hounslow,1.0,0.3263122565642541,3.064549307859327
E01002645,Hounslow 015C,Hounslow,1.0,0.26374757285741407,3.791504085387793
E01002646,Hounslow 017B,Hounslow,0.0,0.14182876851579815,0.0
E01002647,Hounslow 021A,Hounslow,0.0,0.17748084841869047,0.0
E01002648,Hounslow 018C,Hounslow,3.0,0.2332286989390839,12.862911012437445
E01002649,Hounslow 018D,Hounslow,0.0,0.2037200968592495,0.0
E01002650,Hounslow 021B,Hounslow,0.0,1.7049140232045938,0.0
E01002651,Hounslow 021C,Hounslow,0.0,0.1333728934937756,0.0
E01002652,Hounslow 021D,Hounslow,0.0,0.19268074125216833,0.0
E01002653,Hounslow 019A,Hounslow,0.0,0.21640364253341615,0.0
E01002654,Hounslow 019B,Hounslow,0.0,0.418373380270707,0.0
E01002655,Hounslow 019C,Hounslow,0.0,0.2561965172886722,0.0
E01002656,Hounslow 019D,Hounslow,0.0,0.21071552451785014,0.0
E01002657,Hounslow 018E,Hounslow,0.0,0.23348738592546353,0.0
E01002658,Hounslow 015D,Hounslow,0.0,0.1760876921976215,0.0
E01002659,Hounslow 019E,Hounslow,0.0,0.28370348134940465,0.0
E01002660,Hounslow 016C,Hounslow,1.0,0.2670255367043601,3.744960172506496
E01002661,Hounslow 016D,Hounslow,0.0,0.27498393718638714,0.0
E01002662,Hounslow 017C,Hounslow,0.0,0.24998583075420766,0.0
E01002663,Hounslow 017D,Hounslow,0.0,0.17474676403796535,0.0
E01002664,Hounslow 017E,Hounslow,0.0,0.2584546961112698,0.0
E01002665,Hounslow 016E,Hounslow,1.0,0.13697658116611416,7.300518026415629
E01002666,Hounslow 021E,Hounslow,0.0,0.2617009629338936,0.0
E01002667,Hounslow 020A,Hounslow,4.0,0.31319899951412217,12.771432878793853
E01002668,Hounslow 014A,Hounslow,1.0,0.33848111851419255,2.954374543518503
E01002669,Hounslow 014B,Hounslow,1.0,0.3094015504367569,3.232045859461214
E01002670,Hounslow 020B,Hounslow,0.0,0.4429837072411342,0.0
E01002671,Hounslow 020C,Hounslow,1.0,0.24654391207037032,4.056072573856834
E01002672,Hounslow 020D,Hounslow,0.0,0.2624192723429604,0.0
E01002673,Hounslow 020E,Hounslow,0.0,0.05455692866578051,0.0
E01002674,Hounslow 012D,Hounslow,0.0,0.2854877698286666,0.0
E01002675,Hounslow 009A,Hounslow,0.0,0.30455782890797445,0.0
E01002676,Hounslow 012E,Hounslow,0.0,0.9566817333785599,0.0
E01002677,Hounslow 015E,Hounslow,0.0,0.22894359048776555,0.0
E01002678,Hounslow 009B,Hounslow,1.0,3.686407426915784,0.27126681459532687
E01002679,Hounslow 009C,Hounslow,0.0,0.46371793183389093,0.0
E01002680,Hounslow 009D,Hounslow,0.0,0.4079603024795131,0.0
E01002681,Hounslow 014C,Hounslow,0.0,0.31080057058502897,0.0
E01002682,Hounslow 014D,Hounslow,1.0,0.43465978667116406,2.300649912103639
E01002683,Hounslow 014E,Hounslow,3.0,0.2506037385827199,11.97109036348136
E01002684,Hounslow 006D,Hounslow,6.0,0.395379859157154,15.175279825306285
E01002686,Hounslow 006E,Hounslow,0.0,0.9779512218840075,0.0
E01002687,Hounslow 029A,Hounslow,1.0,0.17877836311255768,5.593518044297153
E01002689,Hounslow 007E,Hounslow,1.0,0.13839401692747227,7.225745897122612
E01002690,Hounslow 007F,Hounslow,0.0,0.18379463497036166,0.0
E01002691,Hounslow 029B,Hounslow,2.0,0.5064441877248073,3.949102484490876
E01002692,Hounslow 029C,Hounslow,3.0,0.3342015812063642,8.976618210993884
E01002693,Hounslow 029D,Hounslow,3.0,0.2067530796424404,14.510061979188952
E01002694,Islington 019A,Islington,0.0,0.07313728974979981,0.0
E01002695,Islington 021A,Islington,5.0,0.1179691715944563,42.3839544893012
E01002696,Islington 020A,Islington,6.0,0.14778885924340107,40.598459388053676
E01002697,Islington 019B,Islington,4.0,0.11001032691646634,36.36022282741967
E01002698,Islington 017A,Islington,1.0,0.10893276771846772,9.179974225794567
E01002699,Islington 017B,Islington,3.0,0.09114625794368122,32.91413238109768
E01002700,Islington 017C,Islington,1.0,0.18028902176021924,5.546649431211512
E01002701,Islington 023A,Islington,2.0,0.08312763927722645,24.05938647349411
E01002702,Islington 023B,Islington,3.0,0.11640074823292824,25.77303020421083
E01002703,Islington 023C,Islington,1.0,0.0858781883344957,11.644400276645312
E01002704,Islington 023D,Islington,19.0,0.33302463103892255,57.052837025076855
E01002706,Islington 023E,Islington,3.0,0.1375272891975195,21.813852490696146
E01002707,Islington 022B,Islington,2.0,0.11818903205335399,16.922043993871966
E01002708,Islington 015A,Islington,2.0,0.33566785982362474,5.958270777103568
E01002709,Islington 019C,Islington,0.0,0.08131568313611122,0.0
E01002710,Islington 019D,Islington,1.0,0.1415221239368046,7.06603301436135
E01002711,Islington 021B,Islington,14.0,0.15101424594208054,92.70648548859099
E01002712,Islington 015B,Islington,3.0,0.11686756179379017,25.670082903701058
E01002713,Islington 015C,Islington,3.0,0.1392874075331656,21.538199706141224
E01002714,Islington 017D,Islington,2.0,0.11341946333072545,17.633657762672538
E01002715,Islington 019E,Islington,1.0,0.05771805824059625,17.32560017579811
E01002716,Islington 014A,Islington,1.0,0.13010070950891248,7.686353162674302
E01002717,Islington 016A,Islington,0.0,0.12235898995163617,0.0
E01002718,Islington 014B,Islington,1.0,0.09961965449471887,10.03817976555031
E01002719,Islington 016B,Islington,4.0,0.14897603443935403,26.84995620304514
E01002720,Islington 016C,Islington,1.0,0.10065941318935329,9.934490658304073
E01002721,Islington 014C,Islington,1.0,0.12123521001679508,8.24842881751487
E01002722,Islington 018A,Islington,0.0,0.0852414227716957,0.0
E01002723,Islington 022C,Islington,2.0,0.10337885735008329,19.34631559359549
E01002724,Islington 022D,Islington,29.0,0.2615700790443899,110.86894994239206
E01002725,Islington 022E,Islington,0.0,0.06324852773231691,0.0
E01002726,Islington 022F,Islington,7.0,0.16571002904939983,42.24246438284813
E01002727,Islington 021C,Islington,3.0,0.11464327630548228,26.168128621918484
E01002728,Islington 021D,Islington,0.0,0.09134258459375415,0.0
E01002729,Islington 021E,Islington,2.0,0.132605147355383,15.082370781882107
E01002730,Islington 007A,Islington,3.0,0.13910371970988805,21.566641109646387
E01002731,Islington 007B,Islington,3.0,0.1756715213480615,17.077326916615245
E01002732,Islington 005A,Islington,0.0,0.13328494427586154,0.0
E01002733,Islington 007C,Islington,1.0,0.08916051776875873,11.215726703085538
E01002734,Islington 005B,Islington,2.0,0.11835145637106692,16.898820355276463
E01002735,Islington 003A,Islington,4.0,0.10721062374955263,37.309735361153436
E01002736,Islington 005C,Islington,0.0,0.07499750394609228,0.0
E01002737,Islington 005D,Islington,0.0,0.07544162471069175,0.0
E01002738,Islington 009A,Islington,0.0,0.25660615932546194,0.0
E01002739,Islington 013A,Islington,1.0,0.11989057403413511,8.340939294487665
E01002740,Islington 013B,Islington,4.0,0.21788847110198667,18.358015822359537
E01002741,Islington 009B,Islington,0.0,0.1060752239143832,0.0
E01002742,Islington 006A,Islington,1.0,0.10822899119904633,9.239668492898339
E01002743,Islington 009C,Islington,1.0,0.09576345771307855,10.44239654541451
E01002744,Islington 009D,Islington,1.0,0.09770199287170091,10.235205757912919
E01002745,Islington 013C,Islington,1.0,0.10978292365613988,9.108884758181356
E01002747,Islington 006B,Islington,2.0,0.10415007792879533,19.203058123176323
E01002748,Islington 006C,Islington,2.0,0.1445695547642729,13.83417140117149
E01002749,Islington 006D,Islington,2.0,0.08342253834222706,23.97433642926727
E01002751,Islington 005E,Islington,2.0,0.07603756409614625,26.30278894088566
E01002752,Islington 009E,Islington,0.0,0.08915514056081013,0.0
E01002753,Islington 002A,Islington,0.0,0.08148041828802169,0.0
E01002754,Islington 002B,Islington,0.0,0.12251847770544236,0.0
E01002755,Islington 001A,Islington,0.0,0.10064246751119113,0.0
E01002756,Islington 001B,Islington,0.0,0.11515573885976949,0.0
E01002757,Islington 002C,Islington,0.0,0.08820159018688671,0.0
E01002758,Islington 001C,Islington,0.0,0.11844337769673642,0.0
E01002759,Islington 002D,Islington,0.0,0.10799235924708414,0.0
E01002760,Islington 002E,Islington,0.0,0.09115330210377608,0.0
E01002762,Islington 011C,Islington,0.0,0.16301993074793192,0.0
E01002763,Islington 007D,Islington,2.0,0.09802757194643308,20.402423117170493
E01002764,Islington 010A,Islington,0.0,0.13032966891648323,0.0
E01002765,Islington 015D,Islington,1.0,0.17386638713465674,5.751542989304287
E01002766,Islington 015E,Islington,0.0,0.14065812331027913,0.0
E01002767,Islington 011D,Islington,0.0,0.11556088390557909,0.0
E01002768,Islington 004A,Islington,3.0,0.10413274978916481,28.809380392566517
E01002769,Islington 008A,Islington,1.0,0.2140976883594092,4.670765049650065
E01002770,Islington 004B,Islington,7.0,0.2114787242362813,33.100256421913286
E01002771,Islington 004C,Islington,1.0,0.12223377332997871,8.181044998917193
E01002772,Islington 002F,Islington,1.0,0.10598354097675523,9.43542733884806
E01002773,Islington 004D,Islington,0.0,0.09474169759753825,0.0
E01002774,Islington 004E,Islington,1.0,0.17730578639360103,5.639973857255287
E01002775,Islington 014D,Islington,2.0,0.11880357855241637,16.834509737579967
E01002776,Islington 014E,Islington,1.0,0.11310102460259022,8.841652880809518
E01002777,Islington 012A,Islington,2.0,0.11824238408482521,16.91440861480966
E01002778,Islington 012B,Islington,0.0,0.10178943579046777,0.0
E01002779,Islington 012C,Islington,3.0,0.11163042258458977,26.874394367957365
E01002780,Islington 014F,Islington,1.0,0.07934833082118287,12.602659560080369
E01002781,Islington 012D,Islington,0.0,0.0898571703632522,0.0
E01002782,Islington 012E,Islington,1.0,0.08887010224403652,11.252378187368445
E01002783,Islington 010B,Islington,0.0,0.09638885603542433,0.0
E01002784,Islington 010C,Islington,0.0,0.12840254637041568,0.0
E01002785,Islington 008B,Islington,1.0,0.14306362533650335,6.989896961214818
E01002786,Islington 010D,Islington,0.0,0.10819324639013268,0.0
E01002787,Islington 010E,Islington,0.0,0.11023176508740141,0.0
E01002788,Islington 008C,Islington,0.0,0.12529080060385295,0.0
E01002789,Islington 008D,Islington,0.0,0.13485329970107648,0.0
E01002790,Islington 016D,Islington,4.0,0.07811548229268656,51.20623828465428
E01002791,Islington 016E,Islington,4.0,0.14425201949707878,27.729247839618658
E01002792,Islington 017E,Islington,3.0,0.10581541940944195,28.351255580170285
E01002793,Islington 016F,Islington,0.0,0.10497615912373388,0.0
E01002794,Islington 020B,Islington,14.0,0.1828313384017133,76.57330588063346
E01002795,Islington 013D,Islington,7.0,0.17692519986214336,39.564742645221045
E01002796,Islington 013E,Islington,1.0,0.07732175228175864,12.93297125957549
E01002797,Islington 018B,Islington,1.0,0.10714482363518885,9.333162033145358
E01002798,Islington 018C,Islington,3.0,0.13935741733880969,21.52737943403698
E01002799,Islington 018D,Islington,3.0,0.08493355495806908,35.32172886771398
E01002800,Islington 018E,Islington,0.0,0.08597840637686541,0.0
E01002801,Islington 020C,Islington,5.0,0.10469019203462407,47.75996588435291
E01002802,Islington 020D,Islington,5.0,0.10870981299467919,45.99400792129709
E01002803,Islington 020E,Islington,2.0,0.1774260226408137,11.272303635238767
E01002804,Islington 001D,Islington,2.0,0.10770707168133188,18.568882885585367
E01002805,Islington 003B,Islington,7.0,0.12837031941730104,54.52973889739016
E01002806,Islington 003C,Islington,0.0,0.11119382941357545,0.0
E01002807,Islington 001E,Islington,0.0,0.09098931692984065,0.0
E01002808,Islington 003D,Islington,1.0,0.13188144538449523,7.582567790977259
E01002809,Islington 003E,Islington,0.0,0.09051130688964353,0.0
E01002810,Islington 003F,Islington,2.0,0.08293647382601223,24.11484245394478
E01002811,Islington 001F,Islington,0.0,0.10256466633377136,0.0
E01002812,Kensington and Chelsea 013A,Kensington and Chelsea,0.0,0.09036473960880381,0.0
E01002813,Kensington and Chelsea 011A,Kensington and Chelsea,2.0,0.10969348600396585,18.232623220012282
E01002814,Kensington and Chelsea 015A,Kensington and Chelsea,1.0,0.14520897480010822,6.88662667976673
E01002815,Kensington and Chelsea 011B,Kensington and Chelsea,0.0,0.06432854326275365,0.0
E01002816,Kensington and Chelsea 011C,Kensington and Chelsea,0.0,0.05955396233624163,0.0
E01002817,Kensington and Chelsea 011D,Kensington and Chelsea,3.0,0.15803083567337117,18.983636878315338
E01002818,Kensington and Chelsea 012A,Kensington and Chelsea,1.0,0.1876783796768506,5.328264245044236
E01002819,Kensington and Chelsea 012B,Kensington and Chelsea,1.0,0.2166928679170743,4.614826549726075
E01002820,Kensington and Chelsea 016A,Kensington and Chelsea,0.0,0.16888491557391624,0.0
E01002821,Kensington and Chelsea 014A,Kensington and Chelsea,4.0,0.189012064578759,21.16267027141672
E01002822,Kensington and Chelsea 016B,Kensington and Chelsea,1.0,0.11207159132154815,8.92286785801826
E01002823,Kensington and Chelsea 014B,Kensington and Chelsea,0.0,0.08260895007572182,0.0
E01002824,Kensington and Chelsea 008A,Kensington and Chelsea,0.0,0.15084440810715422,0.0
E01002825,Kensington and Chelsea 008B,Kensington and Chelsea,2.0,0.19182193390978255,10.42633633826587
E01002826,Kensington and Chelsea 008C,Kensington and Chelsea,4.0,0.22242110457898154,17.983904933713713
E01002827,Kensington and Chelsea 008D,Kensington and Chelsea,7.0,0.25299447060216973,27.668588895792123
E01002828,Kensington and Chelsea 008E,Kensington and Chelsea,2.0,0.09713593741969025,20.58970194891622
E01002829,Kensington and Chelsea 004A,Kensington and Chelsea,3.0,0.056951876482080215,52.67605187590164
E01002830,Kensington and Chelsea 004B,Kensington and Chelsea,1.0,0.07504729765422992,13.324930160808217
E01002831,Kensington and Chelsea 004C,Kensington and Chelsea,4.0,0.1118443214441206,35.76399720926798
E01002832,Kensington and Chelsea 004D,Kensington and Chelsea,2.0,0.07619270051982091,26.249233671402894
E01002833,Kensington and Chelsea 007A,Kensington and Chelsea,2.0,0.0725584058483185,27.56400139469642
E01002834,Kensington and Chelsea 013B,Kensington and Chelsea,0.0,0.06111415080773205,0.0
E01002835,Kensington and Chelsea 016C,Kensington and Chelsea,4.0,0.1496950060251262,26.720998289873496
E01002836,Kensington and Chelsea 016D,Kensington and Chelsea,2.0,0.07376324332951772,27.113775231730667
E01002837,Kensington and Chelsea 016E,Kensington and Chelsea,0.0,0.06357812929486895,0.0
E01002838,Kensington and Chelsea 020A,Kensington and Chelsea,2.0,0.07054737642867744,28.34974312647865
E01002839,Kensington and Chelsea 013C,Kensington and Chelsea,0.0,0.06381888004811165,0.0
E01002840,Kensington and Chelsea 021A,Kensington and Chelsea,0.0,0.09029331116203348,0.0
E01002841,Kensington and Chelsea 021B,Kensington and Chelsea,2.0,0.11302392691559102,17.695368180700783
E01002842,Kensington and Chelsea 021C,Kensington and Chelsea,0.0,0.016901713577983427,0.0
E01002843,Kensington and Chelsea 021D,Kensington and Chelsea,2.0,0.06762962784184498,29.57283758350841
E01002844,Kensington and Chelsea 019A,Kensington and Chelsea,1.0,0.12347462831404585,8.098829805396102
E01002845,Kensington and Chelsea 019B,Kensington and Chelsea,2.0,0.07080352386773368,28.24718164785344
E01002846,Kensington and Chelsea 017A,Kensington and Chelsea,0.0,0.10339758439119451,0.0
E01002847,Kensington and Chelsea 015B,Kensington and Chelsea,0.0,0.07197419060737817,0.0
E01002848,Kensington and Chelsea 015C,Kensington and Chelsea,0.0,0.08140652977818887,0.0
E01002849,Kensington and Chelsea 017B,Kensington and Chelsea,3.0,0.06482810868792452,46.27622277925266
E01002850,Kensington and Chelsea 013D,Kensington and Chelsea,4.0,0.07574720759736839,52.8072271820482
E01002851,Kensington and Chelsea 015D,Kensington and Chelsea,1.0,0.05928543688255486,16.867548804287495
E01002852,Kensington and Chelsea 001A,Kensington and Chelsea,2.0,0.5133739142233129,3.8957959190930347
E01002853,Kensington and Chelsea 001B,Kensington and Chelsea,1.0,0.06375831622633606,15.684228492642333
E01002854,Kensington and Chelsea 001C,Kensington and Chelsea,0.0,0.13134142984445682,0.0
E01002855,Kensington and Chelsea 001D,Kensington and Chelsea,0.0,0.10563572430384478,0.0
E01002856,Kensington and Chelsea 004E,Kensington and Chelsea,1.0,0.0761549956503041,13.131114925039153
E01002857,Kensington and Chelsea 001E,Kensington and Chelsea,0.0,0.06075997012636861,0.0
E01002858,Kensington and Chelsea 014C,Kensington and Chelsea,2.0,0.057552465043609294,34.750900738735304
E01002859,Kensington and Chelsea 012C,Kensington and Chelsea,2.0,0.12847458508183723,15.567281254312023
E01002860,Kensington and Chelsea 012D,Kensington and Chelsea,4.0,0.10805996502021332,37.016484312684845
E01002861,Kensington and Chelsea 014D,Kensington and Chelsea,1.0,0.08722655364268164,11.464398835433075
E01002862,Kensington and Chelsea 014E,Kensington and Chelsea,0.0,0.04387474039553478,0.0
E01002863,Kensington and Chelsea 012E,Kensington and Chelsea,0.0,0.12534070356409277,0.0
E01002864,Kensington and Chelsea 009A,Kensington and Chelsea,0.0,0.29822632550560957,0.0
E01002865,Kensington and Chelsea 011E,Kensington and Chelsea,0.0,0.13049615921424718,0.0
E01002866,Kensington and Chelsea 009B,Kensington and Chelsea,1.0,0.15577381541088578,6.4195641440911775
E01002867,Kensington and Chelsea 009C,Kensington and Chelsea,1.0,0.10457929027381951,9.562122647626545
E01002868,Kensington and Chelsea 009D,Kensington and Chelsea,0.0,0.24802510212373416,0.0
E01002869,Kensington and Chelsea 009E,Kensington and Chelsea,0.0,0.10138752398003029,0.0
E01002870,Kensington and Chelsea 005A,Kensington and Chelsea,1.0,0.12726458664638943,7.8576454483645675
E01002871,Kensington and Chelsea 007B,Kensington and Chelsea,2.0,0.1305009354149967,15.325560645522907
E01002872,Kensington and Chelsea 005B,Kensington and Chelsea,0.0,0.09720289098895121,0.0
E01002873,Kensington and Chelsea 007C,Kensington and Chelsea,1.0,0.12973506843831412,7.708016128850125
E01002874,Kensington and Chelsea 007D,Kensington and Chelsea,0.0,0.0826322525025391,0.0
E01002875,Kensington and Chelsea 007E,Kensington and Chelsea,0.0,0.15897363984558135,0.0
E01002876,Kensington and Chelsea 003A,Kensington and Chelsea,0.0,0.12756130126746648,0.0
E01002877,Kensington and Chelsea 003B,Kensington and Chelsea,0.0,0.16822790522444134,0.0
E01002878,Kensington and Chelsea 003C,Kensington and Chelsea,0.0,0.12068961780200077,0.0
E01002879,Kensington and Chelsea 005C,Kensington and Chelsea,0.0,0.08497108121782741,0.0
E01002880,Kensington and Chelsea 005D,Kensington and Chelsea,1.0,0.06448795152333911,15.50677260446218
E01002881,Kensington and Chelsea 005E,Kensington and Chelsea,0.0,0.058663194712464534,0.0
E01002882,Kensington and Chelsea 006A,Kensington and Chelsea,1.0,0.11819977161697148,8.460253233318573
E01002883,Kensington and Chelsea 006B,Kensington and Chelsea,3.0,0.11523309255472892,26.034188039995342
E01002884,Kensington and Chelsea 006C,Kensington and Chelsea,1.0,0.07691248712824131,13.00178992174097
E01002885,Kensington and Chelsea 006D,Kensington and Chelsea,1.0,0.05300229213224193,18.86710856777622
E01002886,Kensington and Chelsea 006E,Kensington and Chelsea,1.0,0.12324121348393065,8.11416872433173
E01002887,Kensington and Chelsea 010A,Kensington and Chelsea,1.0,0.07378153691454668,13.553526286097751
E01002888,Kensington and Chelsea 013E,Kensington and Chelsea,1.0,0.08329556168882053,12.005441583260426
E01002889,Kensington and Chelsea 010B,Kensington and Chelsea,5.0,0.11576528339726797,43.190841444594945
E01002890,Kensington and Chelsea 010C,Kensington and Chelsea,1.0,0.15696647551488813,6.370787116928996
E01002891,Kensington and Chelsea 010D,Kensington and Chelsea,1.0,0.09906058633504719,10.094832233455138
E01002892,Kensington and Chelsea 010E,Kensington and Chelsea,1.0,0.07528270002849854,13.28326427746941
E01002893,Kensington and Chelsea 017C,Kensington and Chelsea,1.0,0.10120183990756013,9.881243274958448
E01002894,Kensington and Chelsea 017D,Kensington and Chelsea,1.0,0.0986704145497762,10.134750163591647
E01002895,Kensington and Chelsea 020B,Kensington and Chelsea,2.0,0.10726716963581572,18.645033767463318
E01002896,Kensington and Chelsea 020C,Kensington and Chelsea,0.0,0.11538710169283518,0.0
E01002897,Kensington and Chelsea 020D,Kensington and Chelsea,2.0,0.14293361849517883,13.99250939741276
E01002898,Kensington and Chelsea 017E,Kensington and Chelsea,1.0,0.12855214092289252,7.778944736516016
E01002899,Kensington and Chelsea 018A,Kensington and Chelsea,1.0,0.07109060826908165,14.066555686441
E01002900,Kensington and Chelsea 018B,Kensington and Chelsea,1.0,0.13100332362326272,7.633394118120118
E01002901,Kensington and Chelsea 018C,Kensington and Chelsea,0.0,0.324982980413822,0.0
E01002902,Kensington and Chelsea 018D,Kensington and Chelsea,1.0,0.1388546523791541,7.201775258270911
E01002903,Kensington and Chelsea 018E,Kensington and Chelsea,3.0,0.10984584982925596,27.310999957332847
E01002904,Kensington and Chelsea 002A,Kensington and Chelsea,0.0,0.0997723179737237,0.0
E01002905,Kensington and Chelsea 002B,Kensington and Chelsea,0.0,0.16594270750771503,0.0
E01002906,Kensington and Chelsea 002C,Kensington and Chelsea,0.0,0.192720602341513,0.0
E01002907,Kensington and Chelsea 002D,Kensington and Chelsea,0.0,0.0511988755690219,0.0
E01002908,Kensington and Chelsea 003D,Kensington and Chelsea,0.0,0.09759475292073458,0.0
E01002909,Kensington and Chelsea 003E,Kensington and Chelsea,0.0,0.09963980515330118,0.0
E01002910,Kensington and Chelsea 019C,Kensington and Chelsea,2.0,0.14078283168796416,14.206277683296411
E01002911,Kensington and Chelsea 019D,Kensington and Chelsea,1.0,0.12168591288902776,8.217878111429023
E01002912,Kensington and Chelsea 020E,Kensington and Chelsea,1.0,0.11235334389617738,8.900491657142599
E01002913,Kensington and Chelsea 021E,Kensington and Chelsea,1.0,0.10858007092332057,9.209793210636247
E01002914,Kensington and Chelsea 019E,Kensington and Chelsea,3.0,0.1779429359468888,16.859337427676365
E01002915,Kingston upon Thames 014A,Kingston upon Thames,0.0,0.29287572555095603,0.0
E01002916,Kingston upon Thames 014B,Kingston upon Thames,0.0,0.4398654675645547,0.0
E01002917,Kingston upon Thames 014C,Kingston upon Thames,0.0,0.2811964861017453,0.0
E01002918,Kingston upon Thames 017A,Kingston upon Thames,0.0,0.43320964458420375,0.0
E01002919,Kingston upon Thames 017B,Kingston upon Thames,1.0,0.7726700116351354,1.2942135516347861
E01002920,Kingston upon Thames 014D,Kingston upon Thames,0.0,0.4632037472254668,0.0
E01002921,Kingston upon Thames 011A,Kingston upon Thames,1.0,0.17265685361389882,5.791834955108323
E01002922,Kingston upon Thames 010A,Kingston upon Thames,0.0,0.31776674483074874,0.0
E01002923,Kingston upon Thames 013A,Kingston upon Thames,1.0,0.11730601332611226,8.524712174984472
E01002924,Kingston upon Thames 014E,Kingston upon Thames,0.0,0.3183813556505637,0.0
E01002925,Kingston upon Thames 013B,Kingston upon Thames,1.0,0.2310110285028893,4.328797661655763
E01002926,Kingston upon Thames 010B,Kingston upon Thames,1.0,0.28853029270038044,3.4658405903966334
E01002927,Kingston upon Thames 008A,Kingston upon Thames,0.0,0.21930648750189657,0.0
E01002928,Kingston upon Thames 008B,Kingston upon Thames,0.0,0.25572729986417925,0.0
E01002929,Kingston upon Thames 007A,Kingston upon Thames,0.0,0.6043139651896554,0.0
E01002930,Kingston upon Thames 007B,Kingston upon Thames,2.0,0.26798112616985664,7.4632121619353295
E01002931,Kingston upon Thames 007C,Kingston upon Thames,0.0,0.3053584360907749,0.0
E01002932,Kingston upon Thames 006A,Kingston upon Thames,0.0,0.23175515727996757,0.0
E01002933,Kingston upon Thames 004A,Kingston upon Thames,1.0,0.16501124563389732,6.060193025987167
E01002934,Kingston upon Thames 004B,Kingston upon Thames,0.0,0.20609945498157894,0.0
E01002935,Kingston upon Thames 003A,Kingston upon Thames,2.0,0.19253271125784763,10.387845197492279
E01002937,Kingston upon Thames 004D,Kingston upon Thames,2.0,0.14853012522594444,13.465281854153119
E01002938,Kingston upon Thames 003B,Kingston upon Thames,1.0,0.2385661953907446,4.191708713642821
E01002939,Kingston upon Thames 018A,Kingston upon Thames,2.0,0.2648462869689116,7.551550081707453
E01002940,Kingston upon Thames 020A,Kingston upon Thames,0.0,0.22004213042745221,0.0
E01002941,Kingston upon Thames 018B,Kingston upon Thames,2.0,0.6232990793055957,3.2087324791625838
E01002942,Kingston upon Thames 018C,Kingston upon Thames,0.0,0.2134768431246257,0.0
E01002943,Kingston upon Thames 020B,Kingston upon Thames,0.0,0.3066659953418057,0.0
E01002944,Kingston upon Thames 019A,Kingston upon Thames,0.0,0.2992580305307295,0.0
E01002945,Kingston upon Thames 019B,Kingston upon Thames,0.0,0.24657211315294925,0.0
E01002946,Kingston upon Thames 019C,Kingston upon Thames,1.0,0.47040769166360724,2.1258155802331333
E01002947,Kingston upon Thames 019D,Kingston upon Thames,0.0,0.2915765556860679,0.0
E01002948,Kingston upon Thames 020C,Kingston upon Thames,2.0,5.2680678085177925,0.3796458346200965
E01002949,Kingston upon Thames 020D,Kingston upon Thames,0.0,0.3004921896559216,0.0
E01002950,Kingston upon Thames 020E,Kingston upon Thames,0.0,0.9663055478550044,0.0
E01002951,Kingston upon Thames 003C,Kingston upon Thames,0.0,0.2232405886040889,0.0
E01002952,Kingston upon Thames 002A,Kingston upon Thames,0.0,1.4251616031174978,0.0
E01002953,Kingston upon Thames 002B,Kingston upon Thames,0.0,1.1626739205845387,0.0
E01002954,Kingston upon Thames 003D,Kingston upon Thames,1.0,0.2281883954845645,4.382343799194835
E01002955,Kingston upon Thames 002C,Kingston upon Thames,0.0,0.4899286153411012,0.0
E01002956,Kingston upon Thames 002D,Kingston upon Thames,1.0,0.640115274323369,1.5622186192276781
E01002957,Kingston upon Thames 003E,Kingston upon Thames,0.0,0.23249472380599598,0.0
E01002958,Kingston upon Thames 008C,Kingston upon Thames,0.0,0.17947605534898273,0.0
E01002959,Kingston upon Thames 002E,Kingston upon Thames,0.0,0.4245958490910328,0.0
E01002960,Kingston upon Thames 006B,Kingston upon Thames,0.0,0.26687847046772195,0.0
E01002961,Kingston upon Thames 008D,Kingston upon Thames,1.0,0.34289649909295417,2.916331903782181
E01002962,Kingston upon Thames 006C,Kingston upon Thames,0.0,0.24277002139391166,0.0
E01002963,Kingston upon Thames 007D,Kingston upon Thames,1.0,0.18872238694160856,5.298788427837148
E01002964,Kingston upon Thames 005A,Kingston upon Thames,3.0,0.3135975602388037,9.56640095578393
E01002965,Kingston upon Thames 009A,Kingston upon Thames,0.0,0.354258283871962,0.0
E01002966,Kingston upon Thames 010C,Kingston upon Thames,2.0,0.4984006619757155,4.012835761637591
E01002967,Kingston upon Thames 009B,Kingston upon Thames,2.0,0.1973144058584271,10.136107352622789
E01002968,Kingston upon Thames 009C,Kingston upon Thames,15.0,0.5572140061019192,26.919639197397295
E01002969,Kingston upon Thames 005B,Kingston upon Thames,1.0,0.06945669861951015,14.397459422568977
E01002970,Kingston upon Thames 006D,Kingston upon Thames,0.0,0.289542735030632,0.0
E01002971,Kingston upon Thames 005C,Kingston upon Thames,0.0,0.3173760828484505,0.0
E01002972,Kingston upon Thames 005D,Kingston upon Thames,1.0,0.16713675691384397,5.983124349573698
E01002973,Kingston upon Thames 006E,Kingston upon Thames,0.0,0.2969072171295232,0.0
E01002974,Kingston upon Thames 005E,Kingston upon Thames,0.0,0.20545086183716224,0.0
E01002975,Kingston upon Thames 012A,Kingston upon Thames,0.0,0.29571522769569797,0.0
E01002976,Kingston upon Thames 015A,Kingston upon Thames,0.0,0.28224714994025224,0.0
E01002977,Kingston upon Thames 012B,Kingston upon Thames,0.0,0.30034529045073466,0.0
E01002978,Kingston upon Thames 015B,Kingston upon Thames,0.0,0.3623059158514078,0.0
E01002979,Kingston upon Thames 015C,Kingston upon Thames,0.0,0.33622787393513204,0.0
E01002980,Kingston upon Thames 012C,Kingston upon Thames,0.0,0.2310774266725423,0.0
E01002981,Kingston upon Thames 012D,Kingston upon Thames,1.0,0.38062149192455147,2.6272820143278315
E01002982,Kingston upon Thames 015D,Kingston upon Thames,0.0,0.25811794079249384,0.0
E01002983,Kingston upon Thames 015E,Kingston upon Thames,0.0,0.6429182903805156,0.0
E01002984,Kingston upon Thames 012E,Kingston upon Thames,0.0,0.27283697189836104,0.0
E01002985,Kingston upon Thames 007E,Kingston upon Thames,0.0,0.1685347594661801,0.0
E01002986,Kingston upon Thames 008E,Kingston upon Thames,0.0,0.43649883217576263,0.0
E01002987,Kingston upon Thames 011B,Kingston upon Thames,5.0,0.21270723979065234,23.506487155402084
E01002988,Kingston upon Thames 011C,Kingston upon Thames,2.0,0.2847543465706975,7.0235977925746935
E01002989,Kingston upon Thames 011D,Kingston upon Thames,2.0,0.1525947548078864,13.106610397703108
E01002990,Kingston upon Thames 009D,Kingston upon Thames,1.0,0.1678493443280387,5.957723600311695
E01002991,Kingston upon Thames 009E,Kingston upon Thames,0.0,0.23116138210246004,0.0
E01002992,Kingston upon Thames 010D,Kingston upon Thames,0.0,0.33021971512968523,0.0
E01002993,Kingston upon Thames 013C,Kingston upon Thames,0.0,0.16632964597280028,0.0
E01002994,Kingston upon Thames 016A,Kingston upon Thames,1.0,0.3173383479388237,3.151210707735768
E01002995,Kingston upon Thames 013D,Kingston upon Thames,0.0,0.41562348500025675,0.0
E01002996,Kingston upon Thames 016B,Kingston upon Thames,0.0,0.1971430242897582,0.0
E01002997,Kingston upon Thames 016C,Kingston upon Thames,0.0,0.23816675704319662,0.0
E01002998,Kingston upon Thames 016D,Kingston upon Thames,0.0,0.14589607349004732,0.0
E01002999,Kingston upon Thames 013E,Kingston upon Thames,0.0,0.1887624044625005,0.0
E01003000,Kingston upon Thames 017C,Kingston upon Thames,0.0,1.1560640749290982,0.0
E01003001,Kingston upon Thames 017D,Kingston upon Thames,0.0,0.3679623479816468,0.0
E01003002,Kingston upon Thames 016E,Kingston upon Thames,0.0,0.3054085560246571,0.0
E01003003,Kingston upon Thames 017E,Kingston upon Thames,0.0,0.2279928531066582,0.0
E01003004,Kingston upon Thames 018D,Kingston upon Thames,0.0,0.3097277495841362,0.0
E01003005,Kingston upon Thames 018E,Kingston upon Thames,0.0,0.2291905814668371,0.0
E01003006,Kingston upon Thames 001A,Kingston upon Thames,0.0,0.323248736571219,0.0
E01003007,Kingston upon Thames 001B,Kingston upon Thames,1.0,0.20101659844986686,4.974713569483656
E01003008,Kingston upon Thames 001C,Kingston upon Thames,0.0,0.2002389659777608,0.0
E01003009,Kingston upon Thames 001D,Kingston upon Thames,0.0,0.29945098483687216,0.0
E01003010,Kingston upon Thames 001E,Kingston upon Thames,0.0,0.3044069197591884,0.0
E01003011,Kingston upon Thames 004E,Kingston upon Thames,2.0,0.25039621242421023,7.9873412646182045
E01003013,Lambeth 036A,Lambeth,5.0,0.34373128585940754,14.546246459640257
E01003014,Lambeth 036B,Lambeth,4.0,0.18753606748339563,21.329230444453884
E01003015,Lambeth 002A,Lambeth,1.0,0.0941144836402732,10.625357132300973
E01003016,Lambeth 036C,Lambeth,3.0,0.16113616322342458,18.61779466500221
E01003017,Lambeth 036D,Lambeth,9.0,0.1312618551367262,68.56523542673793
E01003018,Lambeth 020A,Lambeth,1.0,0.15240577550374187,6.5614311314301075
E01003019,Lambeth 015A,Lambeth,1.0,0.14947490518986897,6.690086196942291
E01003020,Lambeth 016A,Lambeth,0.0,0.14402039352511167,0.0
E01003021,Lambeth 021A,Lambeth,2.0,0.16178786325502104,12.361866704719771
E01003022,Lambeth 021B,Lambeth,0.0,0.11474231749285989,0.0
E01003023,Lambeth 021C,Lambeth,2.0,0.12545271916989167,15.942261062444908
E01003024,Lambeth 021D,Lambeth,0.0,0.12639353500234338,0.0
E01003025,Lambeth 021E,Lambeth,0.0,0.155077114896055,0.0
E01003026,Lambeth 019A,Lambeth,3.0,0.3465144798874442,8.657646863630253
E01003027,Lambeth 019B,Lambeth,0.0,0.12323606389214115,0.0
E01003028,Lambeth 019C,Lambeth,0.0,0.13785840152386813,0.0
E01003029,Lambeth 017A,Lambeth,0.0,0.1488056377010534,0.0
E01003030,Lambeth 019D,Lambeth,1.0,0.1653024805295268,6.04951599514187
E01003031,Lambeth 023A,Lambeth,0.0,0.09037343178289435,0.0
E01003032,Lambeth 017B,Lambeth,7.0,0.1822758387283373,38.403334467344045
E01003033,Lambeth 019E,Lambeth,0.0,0.1487705316976568,0.0
E01003034,Lambeth 012A,Lambeth,1.0,0.11175031681374807,8.948520492041908
E01003035,Lambeth 012B,Lambeth,9.0,0.11562922718535795,77.83499223403669
E01003036,Lambeth 012C,Lambeth,1.0,0.11368334933021419,8.796362931701776
E01003037,Lambeth 013A,Lambeth,1.0,0.11502675304898843,8.693629729547462
E01003038,Lambeth 013B,Lambeth,3.0,0.13091833247132167,22.915048972665193
E01003039,Lambeth 013C,Lambeth,7.0,0.184872821649599,37.86386737401313
E01003040,Lambeth 013D,Lambeth,0.0,0.15491167440796677,0.0
E01003041,Lambeth 017C,Lambeth,4.0,0.09782513932308293,40.88928498010486
E01003042,Lambeth 013E,Lambeth,0.0,0.09362872456385885,0.0
E01003043,Lambeth 018A,Lambeth,0.0,0.10254074887322052,0.0
E01003044,Lambeth 018B,Lambeth,0.0,0.06657701687777084,0.0
E01003045,Lambeth 011A,Lambeth,0.0,0.11447217890912956,0.0
E01003046,Lambeth 009A,Lambeth,0.0,0.09501591887922452,0.0
E01003047,Lambeth 011B,Lambeth,12.0,0.18246699896139182,65.76531684252164
E01003048,Lambeth 009B,Lambeth,1.0,0.12382914335816243,8.075643365371656
E01003049,Lambeth 011C,Lambeth,0.0,0.11707176302237898,0.0
E01003050,Lambeth 016B,Lambeth,1.0,0.09817782196515781,10.185599761572309
E01003051,Lambeth 018C,Lambeth,3.0,0.17965174476238288,16.698975030651454
E01003052,Lambeth 016C,Lambeth,3.0,0.12628374003875759,23.756027490786018
E01003053,Lambeth 015B,Lambeth,3.0,0.11561252474056337,25.948745663430977
E01003054,Lambeth 015C,Lambeth,0.0,0.08947540080928432,0.0
E01003055,Lambeth 016D,Lambeth,4.0,0.13573995355630852,29.46811086347318
E01003056,Lambeth 015D,Lambeth,0.0,0.08524850199818605,0.0
E01003057,Lambeth 017D,Lambeth,1.0,0.09630914201045067,10.383230284529876
E01003058,Lambeth 015E,Lambeth,2.0,0.08883341495994447,22.51405060699076
E01003059,Lambeth 011D,Lambeth,1.0,0.07555828124347401,13.234816667913158
E01003060,Lambeth 011E,Lambeth,0.0,0.085400629403842,0.0
E01003061,Lambeth 011F,Lambeth,3.0,0.07985635738635642,37.5674535902705
E01003062,Lambeth 033A,Lambeth,6.0,0.13376169869872748,44.85588967820936
E01003063,Lambeth 033B,Lambeth,0.0,0.12121642269054678,0.0
E01003064,Lambeth 028A,Lambeth,0.0,0.1545010169505119,0.0
E01003065,Lambeth 031A,Lambeth,1.0,0.1276653679159462,7.832977857067639
E01003066,Lambeth 028B,Lambeth,2.0,0.3383086933079086,5.911760588959262
E01003067,Lambeth 033C,Lambeth,3.0,0.1496306261964652,20.049371417192337
E01003068,Lambeth 031B,Lambeth,0.0,0.17636963566228547,0.0
E01003069,Lambeth 033D,Lambeth,0.0,0.23840865995594085,0.0
E01003070,Lambeth 033E,Lambeth,0.0,0.12640740889928329,0.0
E01003071,Lambeth 018D,Lambeth,0.0,0.17342265610661017,0.0
E01003072,Lambeth 014A,Lambeth,0.0,0.2117412209808715,0.0
E01003073,Lambeth 014B,Lambeth,0.0,0.17339257233112834,0.0
E01003074,Lambeth 018E,Lambeth,8.0,0.7102376485750553,11.263835444446435
E01003075,Lambeth 009C,Lambeth,0.0,0.07905762602523024,0.0
E01003076,Lambeth 014C,Lambeth,1.0,0.379645662476043,2.634035098618053
E01003077,Lambeth 014D,Lambeth,1.0,0.1029324842279454,9.715106047430918
E01003078,Lambeth 014E,Lambeth,1.0,0.20049842021502914,4.987570470268678
E01003079,Lambeth 027A,Lambeth,1.0,0.2213987337914964,4.516737665454564
E01003080,Lambeth 027B,Lambeth,0.0,0.1284282866264521,0.0
E01003081,Lambeth 028C,Lambeth,2.0,0.20912770368502964,9.563534456497594
E01003082,Lambeth 031C,Lambeth,0.0,0.12621589864846483,0.0
E01003083,Lambeth 030A,Lambeth,0.0,0.1453140516551016,0.0
E01003084,Lambeth 030B,Lambeth,0.0,0.14367143235835284,0.0
E01003085,Lambeth 030C,Lambeth,0.0,0.22214915753203143,0.0
E01003086,Lambeth 031D,Lambeth,0.0,0.14480297176236379,0.0
E01003087,Lambeth 031E,Lambeth,1.0,0.13353103814583783,7.488895569791315
E01003088,Lambeth 010A,Lambeth,2.0,0.09346777153235673,21.397749911129942
E01003089,Lambeth 008A,Lambeth,4.0,0.13279620238625775,30.12134329237366
E01003090,Lambeth 012D,Lambeth,4.0,0.1384482110132777,28.891669821695167
E01003091,Lambeth 008B,Lambeth,0.0,0.07903964122406476,0.0
E01003092,Lambeth 008C,Lambeth,0.0,0.15951365844494964,0.0
E01003093,Lambeth 010B,Lambeth,1.0,0.07407112065188698,13.500538282655572
E01003094,Lambeth 010C,Lambeth,0.0,0.0790289966289814,0.0
E01003095,Lambeth 012E,Lambeth,0.0,0.15601573893582713,0.0
E01003096,Lambeth 010D,Lambeth,0.0,0.14495497001408733,0.0
E01003097,Lambeth 006A,Lambeth,3.0,0.09894443140964486,30.32004891290494
E01003098,Lambeth 005A,Lambeth,0.0,0.08088268590547021,0.0
E01003099,Lambeth 005B,Lambeth,2.0,0.29901438934339886,6.688641320545709
E01003100,Lambeth 005C,Lambeth,1.0,0.1054181467543096,9.486032820616996
E01003101,Lambeth 003A,Lambeth,2.0,0.11647866287338782,17.17052677857401
E01003102,Lambeth 004A,Lambeth,7.0,0.16884273968438326,41.458697087509115
E01003104,Lambeth 004C,Lambeth,0.0,0.08182763152498579,0.0
E01003105,Lambeth 003B,Lambeth,1.0,0.0979189565719853,10.212527124559873
E01003106,Lambeth 003C,Lambeth,5.0,0.12050619123395248,41.491644112234255
E01003107,Lambeth 003D,Lambeth,1.0,0.12607585833309484,7.931732634791831
E01003108,Lambeth 002B,Lambeth,2.0,0.07704450093716175,25.959023365356334
E01003109,Lambeth 003E,Lambeth,14.0,0.2637268243808924,53.085233301032126
E01003110,Lambeth 002C,Lambeth,2.0,0.15252661374203147,13.11246575881245
E01003111,Lambeth 002D,Lambeth,0.0,0.07341859386001492,0.0
E01003112,Lambeth 002E,Lambeth,2.0,0.14705444147449515,13.60040526451475
E01003113,Lambeth 032A,Lambeth,0.0,0.16065082055018798,0.0
E01003114,Lambeth 032B,Lambeth,1.0,0.2012027725102328,4.970110438956013
E01003115,Lambeth 034A,Lambeth,1.0,0.10804836175988002,9.255114873674236
E01003116,Lambeth 029A,Lambeth,0.0,0.28073250250768383,0.0
E01003117,Lambeth 029B,Lambeth,3.0,0.16638290503507466,18.03069852258908
E01003118,Lambeth 029C,Lambeth,1.0,0.21560061860381152,4.638205615901333
E01003119,Lambeth 032C,Lambeth,1.0,0.16981974636881483,5.888596711410687
E01003120,Lambeth 032D,Lambeth,2.0,0.14653661597593748,13.64846585735552
E01003121,Lambeth 006B,Lambeth,1.0,0.06156510900197555,16.242966449842736
E01003122,Lambeth 004D,Lambeth,0.0,0.09868445500615058,0.0
E01003123,Lambeth 006C,Lambeth,1.0,0.14496273139121313,6.898324765289396
E01003124,Lambeth 006D,Lambeth,1.0,0.07990345988557003,12.515102617985539
E01003125,Lambeth 006E,Lambeth,0.0,0.07261926499510024,0.0
E01003126,Lambeth 008D,Lambeth,0.0,0.09882680462116278,0.0
E01003127,Lambeth 010E,Lambeth,1.0,0.13549177603559434,7.380521750170986
E01003128,Lambeth 008E,Lambeth,0.0,0.08679740415583144,0.0
E01003129,Lambeth 004E,Lambeth,1.0,0.08520335918235886,11.736626461636591
E01003130,Lambeth 026A,Lambeth,1.0,0.1495060830843734,6.688691051023338
E01003131,Lambeth 026B,Lambeth,0.0,0.18373740802522834,0.0
E01003132,Lambeth 024A,Lambeth,0.0,0.14323512381834475,0.0
E01003133,Lambeth 027C,Lambeth,0.0,0.17172702036992804,0.0
E01003134,Lambeth 027D,Lambeth,0.0,0.1576962549954366,0.0
E01003135,Lambeth 026C,Lambeth,0.0,0.1022250572722789,0.0
E01003136,Lambeth 022A,Lambeth,0.0,0.11456672511671025,0.0
E01003137,Lambeth 022B,Lambeth,1.0,0.1122120864783846,8.911695980206463
E01003138,Lambeth 026D,Lambeth,0.0,0.13546483728624334,0.0
E01003139,Lambeth 035A,Lambeth,0.0,0.13054685614318534,0.0
E01003140,Lambeth 035B,Lambeth,0.0,0.14255890794292472,0.0
E01003141,Lambeth 034B,Lambeth,0.0,0.16648413287183128,0.0
E01003142,Lambeth 035C,Lambeth,0.0,0.1304375105006489,0.0
E01003143,Lambeth 035D,Lambeth,0.0,0.16017066404684127,0.0
E01003144,Lambeth 034C,Lambeth,1.0,0.5056452905688638,1.9776709457235815
E01003145,Lambeth 034D,Lambeth,2.0,0.16461816234644852,12.14932770170817
E01003146,Lambeth 035E,Lambeth,0.0,0.12522438886893208,0.0
E01003147,Lambeth 034E,Lambeth,1.0,0.17728893857324127,5.640509825641953
E01003148,Lambeth 032E,Lambeth,0.0,0.19077280723202358,0.0
E01003149,Lambeth 030D,Lambeth,0.0,0.2698986497653411,0.0
E01003150,Lambeth 032F,Lambeth,0.0,0.16423691913885388,0.0
E01003151,Lambeth 026E,Lambeth,0.0,0.1329457431124306,0.0
E01003152,Lambeth 027E,Lambeth,0.0,0.22268979649961865,0.0
E01003153,Lambeth 029D,Lambeth,1.0,0.12285049303004052,8.139975472100636
E01003154,Lambeth 030E,Lambeth,0.0,0.18524016572506297,0.0
E01003155,Lambeth 029E,Lambeth,1.0,0.16325586990790977,6.125354025947645
E01003156,Lambeth 023B,Lambeth,0.0,0.11652322042981896,0.0
E01003157,Lambeth 023C,Lambeth,0.0,0.16571735089714063,0.0
E01003158,Lambeth 023D,Lambeth,0.0,0.12400507367400358,0.0
E01003159,Lambeth 022C,Lambeth,0.0,0.14190675154397692,0.0
E01003160,Lambeth 022D,Lambeth,0.0,0.10186150553820622,0.0
E01003161,Lambeth 023E,Lambeth,0.0,0.12129161003079898,0.0
E01003162,Lambeth 022E,Lambeth,0.0,0.10984116229913396,0.0
E01003163,Lambeth 023F,Lambeth,0.0,0.20076344635460097,0.0
E01003164,Lambeth 025A,Lambeth,3.0,0.17936311025969293,16.72584733648082
E01003165,Lambeth 025B,Lambeth,1.0,0.18136156780277682,5.513847349883182
E01003166,Lambeth 028D,Lambeth,1.0,0.23446376083444814,4.265051436695529
E01003167,Lambeth 028E,Lambeth,0.0,0.20014211704232246,0.0
E01003168,Lambeth 025C,Lambeth,1.0,0.2016154635199959,4.959937013466338
E01003169,Lambeth 025D,Lambeth,0.0,0.19298635816712947,0.0
E01003170,Lambeth 025E,Lambeth,0.0,0.32460628612526515,0.0
E01003171,Lambeth 020B,Lambeth,0.0,0.1083522969489501,0.0
E01003172,Lambeth 024B,Lambeth,0.0,0.12429425954864266,0.0
E01003173,Lambeth 020C,Lambeth,1.0,0.12538470354080483,7.9754545152675895
E01003174,Lambeth 024C,Lambeth,0.0,0.152634126711873,0.0
E01003175,Lambeth 024D,Lambeth,0.0,0.12134252107216789,0.0
E01003176,Lambeth 016E,Lambeth,0.0,0.12695844834237444,0.0
E01003177,Lambeth 020D,Lambeth,1.0,0.09758747069593528,10.247217115769065
E01003178,Lambeth 020E,Lambeth,0.0,0.1053350694596538,0.0
E01003179,Lambeth 024E,Lambeth,0.0,0.07383142450022126,0.0
E01003180,Lambeth 005D,Lambeth,1.0,0.14100291752553956,7.092051835160589
E01003181,Lambeth 007A,Lambeth,0.0,0.08192220738266262,0.0
E01003182,Lambeth 009D,Lambeth,0.0,0.1814606045137181,0.0
E01003183,Lambeth 005E,Lambeth,1.0,0.15171754603058063,6.591195456051188
E01003184,Lambeth 007B,Lambeth,0.0,0.055918254884557435,0.0
E01003185,Lambeth 007C,Lambeth,0.0,0.08642833410535962,0.0
E01003186,Lambeth 007D,Lambeth,2.0,0.20890887109054254,9.573552284111411
E01003187,Lambeth 007E,Lambeth,0.0,0.14190728854768211,0.0
E01003188,Lambeth 009E,Lambeth,0.0,0.08255068823222109,0.0
E01003189,Lewisham 034A,Lewisham,0.0,0.18856347540152213,0.0
E01003190,Lewisham 034B,Lewisham,2.0,0.3289339996645156,6.080247107443524
E01003191,Lewisham 034C,Lewisham,0.0,0.19715093436947612,0.0
E01003192,Lewisham 034D,Lewisham,1.0,1.0180741336430597,0.9822467411303503
E01003193,Lewisham 029A,Lewisham,0.0,0.3460606967843694,0.0
E01003194,Lewisham 029B,Lewisham,0.0,0.3341165943706409,0.0
E01003195,Lewisham 029C,Lewisham,0.0,0.1960637691253213,0.0
E01003196,Lewisham 029D,Lewisham,1.0,0.26732060806311797,3.740826445239443
E01003197,Lewisham 029E,Lewisham,0.0,0.21146047463962206,0.0
E01003198,Lewisham 009A,Lewisham,1.0,0.16853855377156612,5.933360513793067
E01003199,Lewisham 007A,Lewisham,1.0,0.3167205762965203,3.157357225391569
E01003200,Lewisham 009B,Lewisham,5.0,0.7468955364508858,6.694376597508009
E01003201,Lewisham 007B,Lewisham,1.0,0.15648830859412158,6.390253744729685
E01003202,Lewisham 009C,Lewisham,2.0,0.22717141169769842,8.8039246886463
E01003203,Lewisham 009D,Lewisham,1.0,0.14522941142444357,6.885657596431531
E01003204,Lewisham 007C,Lewisham,0.0,0.2553535441499631,0.0
E01003205,Lewisham 007D,Lewisham,0.0,0.08941387043803486,0.0
E01003206,Lewisham 007E,Lewisham,0.0,0.20633413491999772,0.0
E01003207,Lewisham 005A,Lewisham,4.0,0.12131655567211927,32.971592193985046
E01003209,Lewisham 005B,Lewisham,0.0,0.12622286718824607,0.0
E01003210,Lewisham 005C,Lewisham,2.0,0.19276003552191454,10.375594684784252
E01003211,Lewisham 008B,Lewisham,1.0,0.2024019096890853,4.940664846177219
E01003212,Lewisham 005D,Lewisham,1.0,0.22453378239609026,4.4536728029457215
E01003213,Lewisham 008C,Lewisham,0.0,0.2166554118266464,0.0
E01003214,Lewisham 008D,Lewisham,3.0,0.15757690924411574,19.038322393748984
E01003215,Lewisham 005E,Lewisham,10.0,0.20897497798875114,47.852618989333195
E01003216,Lewisham 025A,Lewisham,0.0,0.21392335304532611,0.0
E01003217,Lewisham 022A,Lewisham,0.0,0.16139586529623867,0.0
E01003218,Lewisham 022B,Lewisham,0.0,0.14104830075950825,0.0
E01003219,Lewisham 025B,Lewisham,0.0,0.2097721499998704,0.0
E01003220,Lewisham 022C,Lewisham,0.0,0.18134066855648626,0.0
E01003221,Lewisham 025C,Lewisham,1.0,0.33033164612684385,3.027260668861289
E01003222,Lewisham 022D,Lewisham,0.0,0.1830772610152578,0.0
E01003223,Lewisham 025D,Lewisham,0.0,0.2972509136919049,0.0
E01003224,Lewisham 022E,Lewisham,1.0,0.15187326621222477,6.584437307107225
E01003225,Lewisham 015A,Lewisham,0.0,0.21408634146974942,0.0
E01003226,Lewisham 019A,Lewisham,1.0,0.17594658454811973,5.683543119454583
E01003227,Lewisham 019B,Lewisham,0.0,0.24511450666693135,0.0
E01003228,Lewisham 019C,Lewisham,1.0,0.1438551858928569,6.951435179714677
E01003229,Lewisham 019D,Lewisham,1.0,0.2115458627483297,4.727107337427215
E01003230,Lewisham 019E,Lewisham,0.0,0.2135143584106918,0.0
E01003231,Lewisham 015B,Lewisham,3.0,0.17514244702982396,17.12891449717582
E01003232,Lewisham 015C,Lewisham,1.0,0.20335519020485485,4.917504190537874
E01003233,Lewisham 015D,Lewisham,0.0,0.13990549684206355,0.0
E01003235,Lewisham 038A,Lewisham,0.0,0.4892912804665365,0.0
E01003236,Lewisham 037A,Lewisham,0.0,0.17920735767270096,0.0
E01003237,Lewisham 037B,Lewisham,1.0,0.2650872015724376,3.7723435687133335
E01003238,Lewisham 037C,Lewisham,0.0,0.12567725157454926,0.0
E01003239,Lewisham 037D,Lewisham,0.0,0.21762272140521907,0.0
E01003240,Lewisham 038B,Lewisham,0.0,0.21683019988502997,0.0
E01003241,Lewisham 038C,Lewisham,0.0,0.2825623094117572,0.0
E01003243,Lewisham 038D,Lewisham,0.0,0.23895053328508636,0.0
E01003244,Lewisham 001A,Lewisham,1.0,0.06684601715640223,14.959754410801484
E01003245,Lewisham 001B,Lewisham,0.0,0.10944328481119327,0.0
E01003246,Lewisham 002A,Lewisham,0.0,0.2392426099288601,0.0
E01003247,Lewisham 001C,Lewisham,0.0,0.20044981297165645,0.0
E01003248,Lewisham 002B,Lewisham,1.0,0.2556830421970366,3.9110923876968413
E01003249,Lewisham 001D,Lewisham,0.0,0.11296198081290416,0.0
E01003250,Lewisham 001E,Lewisham,0.0,0.19101366737757866,0.0
E01003251,Lewisham 002C,Lewisham,0.0,0.22610763453495694,0.0
E01003252,Lewisham 002D,Lewisham,0.0,0.0725624364317658,0.0
E01003253,Lewisham 002E,Lewisham,3.0,0.14338607435821973,20.922533889205553
E01003254,Lewisham 021A,Lewisham,0.0,0.32057004281571705,0.0
E01003255,Lewisham 021B,Lewisham,6.0,0.18437978807419253,32.54152780339275
E01003256,Lewisham 028A,Lewisham,0.0,0.22256925585835027,0.0
E01003257,Lewisham 028B,Lewisham,0.0,0.21809138832961822,0.0
E01003258,Lewisham 028C,Lewisham,0.0,0.12083068113392303,0.0
E01003259,Lewisham 028D,Lewisham,2.0,0.20832120387637967,9.600558957919734
E01003260,Lewisham 021C,Lewisham,0.0,0.2122673084014982,0.0
E01003261,Lewisham 021D,Lewisham,0.0,0.18155136992495255,0.0
E01003262,Lewisham 021E,Lewisham,0.0,0.16060751743880425,0.0
E01003263,Lewisham 023A,Lewisham,0.0,0.35378663809900285,0.0
E01003264,Lewisham 031A,Lewisham,0.0,0.22451213345075205,0.0
E01003265,Lewisham 031B,Lewisham,0.0,0.23283389187778042,0.0
E01003266,Lewisham 031C,Lewisham,0.0,0.17155707115027158,0.0
E01003267,Lewisham 031D,Lewisham,0.0,0.32977768450866274,0.0
E01003268,Lewisham 023B,Lewisham,1.0,0.29608619906523487,3.3773948368990885
E01003269,Lewisham 023C,Lewisham,1.0,0.20722534138014767,4.82566462836963
E01003270,Lewisham 023D,Lewisham,0.0,0.2796839685414338,0.0
E01003271,Lewisham 023E,Lewisham,0.0,0.2999201719311805,0.0
E01003272,Lewisham 014A,Lewisham,1.0,0.1511057896685123,6.6178801103104385
E01003273,Lewisham 011A,Lewisham,0.0,0.1831205235271962,0.0
E01003274,Lewisham 014B,Lewisham,1.0,0.14936916542173306,6.694822168796165
E01003275,Lewisham 014C,Lewisham,0.0,0.1941999336238197,0.0
E01003276,Lewisham 014D,Lewisham,0.0,0.46191772440029516,0.0
E01003277,Lewisham 011B,Lewisham,0.0,0.1347577816571802,0.0
E01003278,Lewisham 011C,Lewisham,2.0,0.14782887440282377,13.529156655486222
E01003279,Lewisham 011D,Lewisham,0.0,0.18044840686582037,0.0
E01003280,Lewisham 016A,Lewisham,0.0,0.2015541477601285,0.0
E01003281,Lewisham 016B,Lewisham,0.0,0.3519603356060317,0.0
E01003282,Lewisham 013A,Lewisham,0.0,0.21627118384723296,0.0
E01003283,Lewisham 013B,Lewisham,1.0,0.23016969399551385,4.344620625943443
E01003284,Lewisham 013C,Lewisham,1.0,0.16066351279631383,6.224188570231133
E01003285,Lewisham 016C,Lewisham,2.0,0.21903358404746368,9.13101983286092
E01003286,Lewisham 013D,Lewisham,0.0,0.18981687164185346,0.0
E01003287,Lewisham 016D,Lewisham,0.0,0.24524758140941533,0.0
E01003288,Lewisham 012A,Lewisham,0.0,0.17075141936034025,0.0
E01003290,Lewisham 012C,Lewisham,0.0,0.14438352841396518,0.0
E01003291,Lewisham 012D,Lewisham,0.0,0.2795995346336966,0.0
E01003292,Lewisham 017A,Lewisham,1.0,0.13178469696981518,7.5881344571369045
E01003293,Lewisham 017B,Lewisham,0.0,0.11215568857244414,0.0
E01003295,Lewisham 017D,Lewisham,0.0,0.18279426965939236,0.0
E01003296,Lewisham 012E,Lewisham,2.0,0.3634385539859501,5.502993499355923
E01003297,Lewisham 003A,Lewisham,1.0,0.37059118017795944,2.698391255614329
E01003298,Lewisham 039A,Lewisham,0.0,0.1375237020231865,0.0
E01003299,Lewisham 003B,Lewisham,1.0,0.1526972973936549,6.548904381863365
E01003300,Lewisham 039B,Lewisham,0.0,0.11540865405682497,0.0
E01003301,Lewisham 003C,Lewisham,0.0,0.2165838094569228,0.0
E01003302,Lewisham 003D,Lewisham,0.0,0.12404931960823114,0.0
E01003303,Lewisham 039C,Lewisham,3.0,0.2268227583452563,13.226186040086752
E01003304,Lewisham 039D,Lewisham,7.0,0.17293862088070602,40.476788610617156
E01003305,Lewisham 003E,Lewisham,0.0,0.11234198371199781,0.0
E01003307,Lewisham 024A,Lewisham,0.0,0.14412125283182006,0.0
E01003308,Lewisham 024B,Lewisham,0.0,0.1597573112856144,0.0
E01003309,Lewisham 027A,Lewisham,0.0,0.159831445500723,0.0
E01003310,Lewisham 027B,Lewisham,3.0,0.1589226657110729,18.877105959536994
E01003311,Lewisham 027C,Lewisham,1.0,0.18765225819693668,5.329005947535805
E01003312,Lewisham 027D,Lewisham,1.0,0.19903484518765355,5.024245875425393
E01003313,Lewisham 027E,Lewisham,0.0,0.23406095184362796,0.0
E01003314,Lewisham 024C,Lewisham,0.0,0.15161927705015385,0.0
E01003315,Lewisham 024D,Lewisham,1.0,0.14507591771759637,6.892942782871738
E01003316,Lewisham 024E,Lewisham,0.0,0.14510264807663897,0.0
E01003317,Lewisham 020A,Lewisham,0.0,0.4003610166476851,0.0
E01003318,Lewisham 020B,Lewisham,4.0,0.3477214384746978,11.503460981716442
E01003319,Lewisham 018A,Lewisham,0.0,0.13363786613189252,0.0
E01003320,Lewisham 018B,Lewisham,0.0,0.18349716369859198,0.0
E01003321,Lewisham 020C,Lewisham,1.0,0.16424225667603579,6.088567097397339
E01003322,Lewisham 020D,Lewisham,0.0,0.1488726306295491,0.0
E01003323,Lewisham 018C,Lewisham,0.0,0.17265833748319873,0.0
E01003324,Lewisham 020E,Lewisham,0.0,0.09366531770083472,0.0
E01003325,Lewisham 018D,Lewisham,0.0,0.13409921643236541,0.0
E01003326,Lewisham 035A,Lewisham,1.0,0.13806802159791137,7.242806758774673
E01003327,Lewisham 035B,Lewisham,3.0,0.20554557108620833,14.595303533646868
E01003328,Lewisham 035C,Lewisham,0.0,0.19187198767256675,0.0
E01003329,Lewisham 033A,Lewisham,0.0,0.17585039768140492,0.0
E01003330,Lewisham 033B,Lewisham,0.0,0.26174821511427493,0.0
E01003331,Lewisham 033C,Lewisham,1.0,0.1554042283023971,6.434831348694873
E01003332,Lewisham 033D,Lewisham,0.0,0.20144080300510264,0.0
E01003333,Lewisham 035D,Lewisham,0.0,0.12259588860796936,0.0
E01003334,Lewisham 033E,Lewisham,3.0,0.17067076710307374,17.57770267821085
E01003335,Lewisham 035E,Lewisham,0.0,0.11760190323262167,0.0
E01003336,Lewisham 010A,Lewisham,0.0,0.12780198393876765,0.0
E01003337,Lewisham 010B,Lewisham,0.0,0.13061467949301553,0.0
E01003338,Lewisham 006A,Lewisham,1.0,0.13945749961345713,7.170643405853117
E01003339,Lewisham 006B,Lewisham,1.0,0.1494298719685015,6.6921023676630815
E01003340,Lewisham 006C,Lewisham,0.0,0.17762193871913606,0.0
E01003341,Lewisham 006D,Lewisham,0.0,0.17932227884726443,0.0
E01003342,Lewisham 010C,Lewisham,0.0,0.1678249577594741,0.0
E01003343,Lewisham 006E,Lewisham,1.0,0.12888437807889863,7.758892232756355
E01003344,Lewisham 010D,Lewisham,0.0,0.1856596958362496,0.0
E01003345,Lewisham 010E,Lewisham,1.0,0.1555757498707856,6.427736975914024
E01003346,Lewisham 026A,Lewisham,0.0,0.34677570513779826,0.0
E01003347,Lewisham 030A,Lewisham,0.0,0.1421050533542583,0.0
E01003348,Lewisham 030B,Lewisham,0.0,0.3259849175448846,0.0
E01003349,Lewisham 026B,Lewisham,0.0,0.13826798922366793,0.0
E01003350,Lewisham 030C,Lewisham,0.0,0.24246076253221702,0.0
E01003351,Lewisham 026C,Lewisham,0.0,0.18213848116817621,0.0
E01003352,Lewisham 030D,Lewisham,0.0,0.22081190063410872,0.0
E01003353,Lewisham 030E,Lewisham,0.0,0.25586113120755255,0.0
E01003354,Lewisham 026D,Lewisham,0.0,0.3644832766548045,0.0
E01003355,Merton 009A,Merton,0.0,0.1461160181496939,0.0
E01003356,Merton 009B,Merton,1.0,0.45210302594086454,2.211885217797239
E01003357,Merton 012A,Merton,1.0,0.33151912964419544,3.0164171855580553
E01003358,Merton 009C,Merton,1.0,0.1541154878690799,6.4886405242378595
E01003359,Merton 006A,Merton,2.0,0.16816370866178207,11.893172527625946
E01003360,Merton 006B,Merton,1.0,0.13823673522665786,7.233967138766439
E01003361,Merton 015A,Merton,0.0,0.2117326440954537,0.0
E01003362,Merton 021A,Merton,0.0,0.4248375183361373,0.0
E01003363,Merton 021B,Merton,0.0,0.46142567545325003,0.0
E01003364,Merton 021C,Merton,0.0,0.22023621949339084,0.0
E01003365,Merton 021D,Merton,0.0,0.33406984718480737,0.0
E01003366,Merton 016A,Merton,0.0,0.5624558811149184,0.0
E01003367,Merton 005A,Merton,3.0,0.4633352199721586,6.4747937792863395
E01003368,Merton 008A,Merton,0.0,0.15320785634774198,0.0
E01003369,Merton 005B,Merton,0.0,0.09255908535697165,0.0
E01003370,Merton 005C,Merton,1.0,0.15221670917763974,6.5695809967418315
E01003371,Merton 005D,Merton,0.0,0.12458117012335612,0.0
E01003372,Merton 008B,Merton,0.0,0.12763733723242762,0.0
E01003373,Merton 018A,Merton,0.0,0.16826698035861976,0.0
E01003374,Merton 022A,Merton,1.0,0.33634475159803656,2.973139896635264
E01003375,Merton 022B,Merton,3.0,1.8244923601681358,1.6442929910232869
E01003376,Merton 012B,Merton,0.0,0.1979650199177931,0.0
E01003377,Merton 012C,Merton,0.0,0.11151175035688711,0.0
E01003378,Merton 018B,Merton,0.0,0.2237539552615214,0.0
E01003379,Merton 018C,Merton,0.0,0.13477833467505557,0.0
E01003380,Merton 011A,Merton,0.0,0.2304494212905139,0.0
E01003381,Merton 016B,Merton,1.0,0.15710644237696977,6.365111352980328
E01003382,Merton 011B,Merton,0.0,0.16392735085066457,0.0
E01003383,Merton 009D,Merton,4.0,0.2523025835140816,15.853979552202052
E01003384,Merton 009E,Merton,0.0,0.1516904747167661,0.0
E01003385,Merton 011C,Merton,0.0,0.19829782434836246,0.0
E01003386,Merton 013A,Merton,0.0,0.1592719901424315,0.0
E01003387,Merton 014A,Merton,0.0,0.23040969073628292,0.0
E01003388,Merton 013B,Merton,2.0,0.14555541072291625,13.740471687495434
E01003389,Merton 013C,Merton,0.0,0.1862710969385718,0.0
E01003390,Merton 018D,Merton,4.0,0.09310095276383039,42.96411455795536
E01003391,Merton 014B,Merton,0.0,0.08711489044726292,0.0
E01003392,Merton 013D,Merton,0.0,0.2433938450719914,0.0
E01003393,Merton 008C,Merton,1.0,0.07589364551600367,13.176333712802482
E01003394,Merton 007A,Merton,2.0,0.15786697749336248,12.668893974891551
E01003395,Merton 007B,Merton,0.0,0.21701438260472503,0.0
E01003396,Merton 007C,Merton,0.0,0.09828160543867677,0.0
E01003397,Merton 007D,Merton,0.0,0.1274976173514251,0.0
E01003398,Merton 007E,Merton,0.0,0.20878023729356288,0.0
E01003399,Merton 011D,Merton,0.0,0.12896078302518355,0.0
E01003400,Merton 003A,Merton,0.0,0.17785422185866312,0.0
E01003401,Merton 004A,Merton,4.0,0.17889669064131156,22.359273308302907
E01003402,Merton 004B,Merton,0.0,0.23109748631433602,0.0
E01003403,Merton 004C,Merton,1.0,0.24921824203145834,4.012547363502275
E01003404,Merton 004D,Merton,0.0,0.21375197712207591,0.0
E01003405,Merton 018E,Merton,0.0,0.278531832399596,0.0
E01003406,Merton 008D,Merton,0.0,0.18924323291748235,0.0
E01003407,Merton 008E,Merton,0.0,0.19731833654083364,0.0
E01003408,Merton 012D,Merton,0.0,0.16163769338164272,0.0
E01003409,Merton 013E,Merton,0.0,0.22753624017342547,0.0
E01003410,Merton 012E,Merton,0.0,0.12640292241050904,0.0
E01003411,Merton 014C,Merton,1.0,0.21090136658971487,4.741552964639573
E01003412,Merton 014D,Merton,0.0,0.20990153483064972,0.0
E01003413,Merton 017A,Merton,0.0,0.30057240490966475,0.0
E01003414,Merton 017B,Merton,0.0,0.22561461563761315,0.0
E01003415,Merton 017C,Merton,0.0,0.21687080607674722,0.0
E01003416,Merton 017D,Merton,0.0,0.3205358841805743,0.0
E01003417,Merton 025A,Merton,0.0,0.29636911292894313,0.0
E01003418,Merton 025B,Merton,0.0,0.15349125021870352,0.0
E01003419,Merton 025C,Merton,0.0,0.6028006347593446,0.0
E01003420,Merton 025D,Merton,0.0,0.1926003115418759,0.0
E01003421,Merton 021E,Merton,0.0,0.27045374878062456,0.0
E01003422,Merton 025E,Merton,1.0,0.290674469346506,3.4402746214629683
E01003423,Merton 011E,Merton,0.0,0.20364770669378077,0.0
E01003424,Merton 015B,Merton,0.0,0.29865145257100595,0.0
E01003425,Merton 015C,Merton,0.0,0.27243529000742966,0.0
E01003426,Merton 015D,Merton,0.0,0.3952434482245836,0.0
E01003427,Merton 023A,Merton,0.0,0.34502914466398676,0.0
E01003428,Merton 015E,Merton,1.0,0.30421450872136907,3.2871541998540996
E01003429,Merton 019A,Merton,0.0,0.14655842387674334,0.0
E01003430,Merton 019B,Merton,0.0,0.11833029990534023,0.0
E01003431,Merton 019C,Merton,0.0,0.1280310047695904,0.0
E01003432,Merton 019D,Merton,0.0,0.49497227468546734,0.0
E01003433,Merton 019E,Merton,0.0,0.27508987934544443,0.0
E01003434,Merton 017E,Merton,0.0,0.1831753624237738,0.0
E01003435,Merton 014E,Merton,0.0,0.8076230108438691,0.0
E01003436,Merton 023B,Merton,0.0,0.215194734408167,0.0
E01003437,Merton 022C,Merton,0.0,0.3886127828537151,0.0
E01003438,Merton 024A,Merton,0.0,0.1930852525565696,0.0
E01003439,Merton 023C,Merton,2.0,0.368944222703549,5.420873608873457
E01003440,Merton 022D,Merton,1.0,0.45325570638820745,2.2062601439010088
E01003441,Merton 022E,Merton,0.0,0.21849319315087132,0.0
E01003442,Merton 010A,Merton,0.0,0.25626817857361045,0.0
E01003443,Merton 010B,Merton,0.0,0.21944055880389163,0.0
E01003444,Merton 010C,Merton,0.0,0.26592557846011167,0.0
E01003445,Merton 010D,Merton,0.0,0.4798153753403275,0.0
E01003446,Merton 016C,Merton,1.0,0.2374631126822093,4.211180375363284
E01003447,Merton 016D,Merton,0.0,0.3974967519479022,0.0
E01003448,Merton 023D,Merton,0.0,0.19993593366483411,0.0
E01003449,Merton 024B,Merton,0.0,0.3032097880388374,0.0
E01003450,Merton 024C,Merton,0.0,0.2277294914702614,0.0
E01003451,Merton 024D,Merton,0.0,0.5752329973667627,0.0
E01003452,Merton 024E,Merton,0.0,0.3349391808594036,0.0
E01003453,Merton 023E,Merton,0.0,0.20147572243971898,0.0
E01003454,Merton 003B,Merton,0.0,0.15535659697681758,0.0
E01003455,Merton 005E,Merton,0.0,0.21530765086500672,0.0
E01003456,Merton 003C,Merton,4.0,0.23702207069319842,16.876065542341852
E01003457,Merton 006C,Merton,0.0,0.14166097117186516,0.0
E01003458,Merton 006D,Merton,0.0,0.135424773346724,0.0
E01003459,Merton 006E,Merton,1.0,0.1873115433213615,5.3386992721764495
E01003460,Merton 002A,Merton,3.0,3.560017190562724,0.8426925600114298
E01003461,Merton 004E,Merton,1.0,0.2729914517883461,3.663118363044251
E01003462,Merton 002B,Merton,2.0,0.4397119068802297,4.548432663991441
E01003463,Merton 010E,Merton,0.0,0.5425444308144655,0.0
E01003464,Merton 002C,Merton,0.0,0.788699230897431,0.0
E01003465,Merton 002D,Merton,0.0,0.6157680805746836,0.0
E01003466,Merton 020A,Merton,0.0,0.2364054641003718,0.0
E01003467,Merton 020B,Merton,0.0,0.393482624004654,0.0
E01003468,Merton 020C,Merton,0.0,0.4693522944237073,0.0
E01003469,Merton 020D,Merton,0.0,0.2981190696277426,0.0
E01003470,Merton 020E,Merton,1.0,0.25632194266289177,3.9013437149045607
E01003471,Merton 016E,Merton,0.0,0.31484843134915247,0.0
E01003472,Merton 001A,Merton,0.0,0.08970143453114635,0.0
E01003473,Merton 001B,Merton,0.0,0.206594388780664,0.0
E01003474,Merton 001C,Merton,0.0,0.604461893109503,0.0
E01003475,Merton 001D,Merton,2.0,0.7167127211929043,2.7905183497666664
E01003476,Merton 003D,Merton,0.0,0.17185716858468159,0.0
E01003477,Merton 003E,Merton,0.0,0.1840226709670664,0.0
E01003478,Merton 001E,Merton,0.0,0.3332572281254175,0.0
E01003479,Newham 035A,Newham,0.0,0.2991169071180795,0.0
E01003480,Newham 033A,Newham,0.0,0.2884793360305929,0.0
E01003481,Newham 035B,Newham,1.0,0.5216146375713405,1.9171241141852184
E01003482,Newham 033B,Newham,1.0,3.591481151100519,0.27843665549896457
E01003483,Newham 032A,Newham,0.0,0.24458520830999633,0.0
E01003484,Newham 032B,Newham,0.0,0.09974040029416915,0.0
E01003485,Newham 035C,Newham,0.0,0.1525492461223872,0.0
E01003486,Newham 033C,Newham,2.0,0.21908314705356113,9.128954129507017
E01003487,Newham 033D,Newham,0.0,0.12456037556842187,0.0
E01003488,Newham 019A,Newham,0.0,0.12828520453573936,0.0
E01003489,Newham 019B,Newham,0.0,0.12221035028840013,0.0
E01003490,Newham 019C,Newham,0.0,0.10082901121795035,0.0
E01003491,Newham 022A,Newham,1.0,0.1030345095483028,9.705486097657385
E01003492,Newham 025A,Newham,0.0,0.09705626454973736,0.0
E01003493,Newham 025B,Newham,1.0,0.1396779452820352,7.159326391727899
E01003494,Newham 025C,Newham,0.0,0.1046781114102542,0.0
E01003495,Newham 025D,Newham,0.0,0.11829881218192291,0.0
E01003496,Newham 027A,Newham,0.0,0.1881139956100899,0.0
E01003497,Newham 034A,Newham,4.0,0.6808271025361107,5.875206767033547
E01003498,Newham 027B,Newham,0.0,0.23451144840320445,0.0
E01003499,Newham 030A,Newham,0.0,0.16969796674264667,0.0
E01003500,Newham 027C,Newham,1.0,0.7325044889712233,1.3651793470978788
E01003501,Newham 030B,Newham,2.0,0.1577205931262958,12.68065228741872
E01003502,Newham 030C,Newham,3.0,0.15461754222965568,19.40271431519754
E01003503,Newham 030D,Newham,0.0,0.1473236970456481,0.0
E01003506,Newham 034D,Newham,0.0,0.10633538813388402,0.0
E01003507,Newham 031A,Newham,1.0,0.1453480423057447,6.880037626488735
E01003508,Newham 031B,Newham,0.0,0.13193501973093635,0.0
E01003509,Newham 031C,Newham,0.0,0.10248244317806773,0.0
E01003511,Newham 036A,Newham,0.0,0.09127217754623482,0.0
E01003512,Newham 036B,Newham,0.0,0.13039046918439792,0.0
E01003513,Newham 035D,Newham,0.0,0.3545480651129892,0.0
E01003514,Newham 036C,Newham,0.0,0.17688800236215124,0.0
E01003515,Newham 036D,Newham,4.0,0.745198738710214,5.367695612211017
E01003516,Newham 032C,Newham,0.0,0.13569122732773903,0.0
E01003517,Newham 036E,Newham,0.0,0.27492766217553255,0.0
E01003518,Newham 032D,Newham,0.0,0.1799856335410571,0.0
E01003519,Newham 032E,Newham,0.0,0.06252266673870235,0.0
E01003520,Newham 018A,Newham,0.0,0.1328227596333599,0.0
E01003521,Newham 018B,Newham,1.0,0.13469046871164944,7.424430322095312
E01003522,Newham 018C,Newham,0.0,0.07715317620717312,0.0
E01003523,Newham 024A,Newham,1.0,0.20637696798758473,4.8455019460318765
E01003524,Newham 019D,Newham,0.0,0.08847538583530126,0.0
E01003525,Newham 018D,Newham,0.0,0.12930228172834868,0.0
E01003526,Newham 018E,Newham,0.0,0.10724622620343675,0.0
E01003527,Newham 024B,Newham,0.0,0.1652119467965295,0.0
E01003528,Newham 005A,Newham,0.0,0.0853618779834301,0.0
E01003529,Newham 010A,Newham,0.0,0.11727130504016206,0.0
E01003530,Newham 010B,Newham,0.0,0.11905551309577878,0.0
E01003531,Newham 010C,Newham,0.0,0.22396612320483297,0.0
E01003532,Newham 010D,Newham,1.0,0.11111623809737114,8.999584733274538
E01003533,Newham 011A,Newham,0.0,0.11306543154703831,0.0
E01003534,Newham 010E,Newham,0.0,0.13784337641088804,0.0
E01003535,Newham 023A,Newham,0.0,0.49620372084678055,0.0
E01003536,Newham 023B,Newham,0.0,0.17503931891728106,0.0
E01003537,Newham 024C,Newham,0.0,0.1941109239556307,0.0
E01003538,Newham 029A,Newham,0.0,0.17211167150680434,0.0
E01003539,Newham 029B,Newham,0.0,0.25377737809972967,0.0
E01003540,Newham 029C,Newham,0.0,0.20876993382531536,0.0
E01003541,Newham 029D,Newham,0.0,0.15251342142545174,0.0
E01003542,Newham 024D,Newham,0.0,0.13505807384002347,0.0
E01003543,Newham 001A,Newham,0.0,0.16705576058673205,0.0
E01003544,Newham 001B,Newham,2.0,0.15165759659910735,13.18760184026134
E01003545,Newham 006A,Newham,0.0,0.17088783707162702,0.0
E01003546,Newham 001C,Newham,0.0,0.11322416539267678,0.0
E01003547,Newham 007A,Newham,2.0,0.17767848313926102,11.256287000336659
E01003548,Newham 006B,Newham,0.0,0.22883338371403933,0.0
E01003549,Newham 006C,Newham,0.0,0.11932676394345688,0.0
E01003550,Newham 001D,Newham,0.0,0.11435618226779568,0.0
E01003551,Newham 009A,Newham,0.0,0.09499770206406026,0.0
E01003552,Newham 016A,Newham,0.0,0.10806017718579895,0.0
E01003553,Newham 009B,Newham,0.0,0.10383738403048468,0.0
E01003554,Newham 009C,Newham,0.0,0.09966657171291773,0.0
E01003555,Newham 007B,Newham,0.0,0.1672144306272854,0.0
E01003556,Newham 008A,Newham,1.0,0.13867081000545972,7.211322988310433
E01003557,Newham 006D,Newham,0.0,0.17702004361608328,0.0
E01003558,Newham 008B,Newham,0.0,0.14969154848332009,0.0
E01003559,Newham 009D,Newham,0.0,0.1554248663828304,0.0
E01003560,Newham 011B,Newham,0.0,0.0781694492495348,0.0
E01003561,Newham 007C,Newham,0.0,0.07982999165211786,0.0
E01003562,Newham 014A,Newham,0.0,0.10247107750331341,0.0
E01003563,Newham 011C,Newham,0.0,0.08962005108262043,0.0
E01003564,Newham 014B,Newham,0.0,0.10990670764649754,0.0
E01003565,Newham 014C,Newham,0.0,0.08861316479523079,0.0
E01003566,Newham 014D,Newham,0.0,0.09909862468119143,0.0
E01003567,Newham 007D,Newham,0.0,0.09870444636864523,0.0
E01003568,Newham 017A,Newham,0.0,0.10834609656908364,0.0
E01003569,Newham 017B,Newham,0.0,0.10433941265876387,0.0
E01003570,Newham 008C,Newham,0.0,0.09977014048963272,0.0
E01003571,Newham 008D,Newham,0.0,0.10759987984387308,0.0
E01003572,Newham 008E,Newham,0.0,0.09250576931306154,0.0
E01003573,Newham 017C,Newham,0.0,0.09852151502708954,0.0
E01003574,Newham 017D,Newham,0.0,0.1907548866976874,0.0
E01003575,Newham 005B,Newham,0.0,0.14655092289344113,0.0
E01003576,Newham 002A,Newham,0.0,0.14452698685085077,0.0
E01003577,Newham 005C,Newham,0.0,0.17460520772410001,0.0
E01003578,Newham 003A,Newham,0.0,0.8272671922087055,0.0
E01003579,Newham 004A,Newham,0.0,0.09740233054371022,0.0
E01003580,Newham 005D,Newham,0.0,0.22549815985494262,0.0
E01003581,Newham 002B,Newham,0.0,0.1028256894640149,0.0
E01003582,Newham 002C,Newham,0.0,0.08436567700404046,0.0
E01003583,Newham 002D,Newham,0.0,0.09904115292570657,0.0
E01003584,Newham 003B,Newham,0.0,0.3268600150419276,0.0
E01003585,Newham 004B,Newham,0.0,0.07340598508927951,0.0
E01003586,Newham 003C,Newham,1.0,0.1509962741212656,6.622679968890469
E01003587,Newham 004C,Newham,0.0,0.16143103978091888,0.0
E01003588,Newham 011D,Newham,0.0,0.07430277650373081,0.0
E01003589,Newham 011E,Newham,0.0,0.13530021304177536,0.0
E01003590,Newham 003D,Newham,1.0,0.2590074766315129,3.8608924074523494
E01003591,Newham 004D,Newham,2.0,0.16823493873240955,11.888137000965964
E01003592,Newham 022B,Newham,1.0,0.14439605646161113,6.925396887593382
E01003593,Newham 027D,Newham,0.0,0.10833899333097602,0.0
E01003594,Newham 026A,Newham,0.0,0.1161282391752996,0.0
E01003595,Newham 026B,Newham,2.0,0.09019266134525172,22.17475313589127
E01003596,Newham 016B,Newham,0.0,0.1108774720729906,0.0
E01003597,Newham 016C,Newham,0.0,0.09012658176026163,0.0
E01003598,Newham 021A,Newham,1.0,0.07231784631139467,13.82784542136505
E01003599,Newham 022C,Newham,0.0,0.13405641546990732,0.0
E01003600,Newham 021B,Newham,0.0,0.1146785217593656,0.0
E01003601,Newham 028A,Newham,0.0,0.36219376765479855,0.0
E01003602,Newham 026C,Newham,1.0,0.11729005811375308,8.525871809443183
E01003603,Newham 028B,Newham,0.0,0.20212413028721166,0.0
E01003604,Newham 031D,Newham,0.0,0.21539797884578926,0.0
E01003605,Newham 028C,Newham,0.0,0.10659197176330158,0.0
E01003606,Newham 022D,Newham,0.0,0.1647210300665606,0.0
E01003607,Newham 026D,Newham,0.0,0.12630844094396146,0.0
E01003608,Newham 028D,Newham,0.0,0.09279740923241421,0.0
E01003609,Newham 037A,Newham,0.0,0.9494517372386984,0.0
E01003611,Newham 037C,Newham,0.0,0.14818340775758906,0.0
E01003615,Newham 013C,Newham,0.0,0.10756431891806743,0.0
E01003616,Newham 012A,Newham,2.0,0.14592009672666972,13.706131265430153
E01003617,Newham 012B,Newham,5.0,0.2273192012369065,21.995502239993897
E01003618,Newham 012C,Newham,0.0,0.16112198691576451,0.0
E01003619,Newham 012D,Newham,4.0,0.25482643571209007,15.696958554642698
E01003621,Newham 023C,Newham,0.0,0.06631263357921302,0.0
E01003622,Newham 023D,Newham,0.0,0.24590987084536983,0.0
E01003623,Newham 023E,Newham,0.0,0.2755955041693379,0.0
E01003624,Newham 024E,Newham,0.0,0.14331738248717665,0.0
E01003625,Newham 015A,Newham,0.0,0.3164558789300571,0.0
E01003626,Newham 015B,Newham,0.0,0.10164859601864645,0.0
E01003627,Newham 015C,Newham,0.0,0.07679966467708993,0.0
E01003628,Newham 015D,Newham,0.0,0.09305198714091945,0.0
E01003629,Newham 015E,Newham,0.0,0.06417233661617404,0.0
E01003630,Newham 021C,Newham,0.0,0.1050036017314804,0.0
E01003631,Newham 020A,Newham,0.0,0.16376399666227573,0.0
E01003632,Newham 020B,Newham,0.0,0.13769635199272504,0.0
E01003633,Newham 020C,Newham,0.0,0.09564039791959934,0.0
E01003634,Newham 020D,Newham,0.0,0.14616895514317998,0.0
E01003635,Newham 016D,Newham,1.0,0.3932832821159859,2.5426964365728697
E01003636,Newham 020E,Newham,1.0,0.1995011609022663,5.012502160275099
E01003637,Newham 021D,Newham,0.0,0.09303996584085425,0.0
E01003638,Redbridge 017A,Redbridge,0.0,0.2667306717001787,0.0
E01003639,Redbridge 013A,Redbridge,0.0,1.0334788960643595,0.0
E01003640,Redbridge 013B,Redbridge,1.0,6.111974791295257,0.16361324026143093
E01003641,Redbridge 013C,Redbridge,0.0,0.26199055599145943,0.0
E01003642,Redbridge 013D,Redbridge,0.0,0.3086515396625061,0.0
E01003643,Redbridge 017B,Redbridge,0.0,0.19836730060191413,0.0
E01003644,Redbridge 017C,Redbridge,0.0,0.15540292301892686,0.0
E01003645,Redbridge 017D,Redbridge,0.0,0.25489056348098066,0.0
E01003646,Redbridge 012A,Redbridge,0.0,0.20987868723270714,0.0
E01003647,Redbridge 015A,Redbridge,0.0,0.1594552303898997,0.0
E01003648,Redbridge 012B,Redbridge,0.0,0.21889932423512867,0.0
E01003649,Redbridge 012C,Redbridge,0.0,0.1831613519438413,0.0
E01003650,Redbridge 015B,Redbridge,0.0,0.19678456638640224,0.0
E01003651,Redbridge 012D,Redbridge,0.0,0.18961219768002782,0.0
E01003652,Redbridge 015C,Redbridge,0.0,0.17117057707292513,0.0
E01003653,Redbridge 015D,Redbridge,1.0,0.20371479269661186,4.908823688072957
E01003654,Redbridge 004A,Redbridge,0.0,0.2320971492085261,0.0
E01003655,Redbridge 004B,Redbridge,0.0,0.22832312925409495,0.0
E01003656,Redbridge 005A,Redbridge,0.0,0.5459483375359673,0.0
E01003657,Redbridge 005B,Redbridge,1.0,0.4318308225284502,2.3157216850451134
E01003658,Redbridge 004C,Redbridge,1.0,0.22929040177961363,4.361281554912914
E01003659,Redbridge 005C,Redbridge,0.0,0.37355942018891036,0.0
E01003660,Redbridge 004D,Redbridge,0.0,0.5402177278801333,0.0
E01003661,Redbridge 019A,Redbridge,0.0,0.20805786018482528,0.0
E01003662,Redbridge 019B,Redbridge,1.0,0.1830479598616782,5.463049141632929
E01003663,Redbridge 019C,Redbridge,0.0,0.3191094359756575,0.0
E01003664,Redbridge 019D,Redbridge,0.0,0.16597002723933435,0.0
E01003665,Redbridge 019E,Redbridge,0.0,0.16882815168521434,0.0
E01003666,Redbridge 019F,Redbridge,0.0,0.21765828395092524,0.0
E01003668,Redbridge 007A,Redbridge,1.0,0.22005108429877251,4.5443993297586225
E01003669,Redbridge 007B,Redbridge,0.0,0.1841050049607871,0.0
E01003670,Redbridge 007C,Redbridge,1.0,0.23791149215608487,4.203243781699865
E01003671,Redbridge 007D,Redbridge,0.0,0.2063885287869061,0.0
E01003672,Redbridge 007E,Redbridge,1.0,0.1796702586578772,5.565751435267706
E01003673,Redbridge 007F,Redbridge,0.0,0.19501526790593082,0.0
E01003674,Redbridge 007G,Redbridge,3.0,0.270671629442056,11.08354062146814
E01003675,Redbridge 036A,Redbridge,0.0,0.22936959845505187,0.0
E01003676,Redbridge 036B,Redbridge,0.0,0.187127058276275,0.0
E01003677,Redbridge 036C,Redbridge,0.0,0.6065853060787225,0.0
E01003678,Redbridge 036D,Redbridge,0.0,0.2684766530826957,0.0
E01003679,Redbridge 036E,Redbridge,0.0,0.22050677605258412,0.0
E01003680,Redbridge 036F,Redbridge,0.0,0.20713002288712293,0.0
E01003681,Redbridge 036G,Redbridge,0.0,0.481563561202585,0.0
E01003682,Redbridge 036H,Redbridge,0.0,0.2765338052254324,0.0
E01003683,Redbridge 030A,Redbridge,0.0,0.12128433640763167,0.0
E01003684,Redbridge 030B,Redbridge,0.0,0.1126287342426469,0.0
E01003685,Redbridge 030C,Redbridge,0.0,0.11393967629865465,0.0
E01003686,Redbridge 030D,Redbridge,0.0,0.1666972410021924,0.0
E01003688,Redbridge 030F,Redbridge,0.0,0.13289573066991564,0.0
E01003689,Redbridge 030G,Redbridge,2.0,0.2509864881101686,7.968556455206924
E01003690,Redbridge 035A,Redbridge,0.0,0.7719438537794785,0.0
E01003691,Redbridge 035B,Redbridge,0.0,0.22734440430284225,0.0
E01003692,Redbridge 035C,Redbridge,0.0,0.15364722803607628,0.0
E01003693,Redbridge 035D,Redbridge,0.0,0.4469466231192294,0.0
E01003694,Redbridge 035E,Redbridge,0.0,0.21067145247853303,0.0
E01003695,Redbridge 035F,Redbridge,0.0,0.12819691834758737,0.0
E01003696,Redbridge 035G,Redbridge,0.0,0.19231961999570998,0.0
E01003697,Redbridge 035H,Redbridge,0.0,0.2729890573941363,0.0
E01003698,Redbridge 006A,Redbridge,0.0,0.18727788694049954,0.0
E01003699,Redbridge 006B,Redbridge,0.0,0.8548960391158394,0.0
E01003700,Redbridge 006C,Redbridge,1.0,0.6616363726427155,1.511404211358255
E01003701,Redbridge 006D,Redbridge,1.0,0.29675331388110365,3.3698023011822444
E01003702,Redbridge 006E,Redbridge,0.0,0.3072690025707291,0.0
E01003703,Redbridge 006F,Redbridge,0.0,0.9896962055203593,0.0
E01003704,Redbridge 006G,Redbridge,1.0,0.2924319635929284,3.41959882809535
E01003705,Redbridge 010A,Redbridge,0.0,0.3178181646442317,0.0
E01003706,Redbridge 010B,Redbridge,0.0,0.19344765986941015,0.0
E01003707,Redbridge 008A,Redbridge,1.0,0.25012592664634115,3.9979861880288934
E01003708,Redbridge 008B,Redbridge,0.0,0.4432350357428939,0.0
E01003709,Redbridge 008C,Redbridge,0.0,0.23429424990479242,0.0
E01003710,Redbridge 008D,Redbridge,0.0,0.219403784279463,0.0
E01003711,Redbridge 010C,Redbridge,0.0,0.36165560744407216,0.0
E01003712,Redbridge 010D,Redbridge,0.0,0.17056912580088565,0.0
E01003713,Redbridge 034A,Redbridge,0.0,0.1457473940436607,0.0
E01003714,Redbridge 034B,Redbridge,0.0,0.17801786984612966,0.0
E01003715,Redbridge 034C,Redbridge,0.0,0.15909267487002185,0.0
E01003716,Redbridge 034D,Redbridge,0.0,0.34739677206729297,0.0
E01003718,Redbridge 034E,Redbridge,0.0,0.1432481647230638,0.0
E01003719,Redbridge 034F,Redbridge,0.0,0.3868590018412523,0.0
E01003720,Redbridge 002A,Redbridge,0.0,0.5261178909324631,0.0
E01003721,Redbridge 003A,Redbridge,0.0,0.1845008238960167,0.0
E01003722,Redbridge 002B,Redbridge,0.0,0.2827084474486457,0.0
E01003723,Redbridge 002C,Redbridge,0.0,0.2927730705575745,0.0
E01003724,Redbridge 003B,Redbridge,0.0,0.2141676630505016,0.0
E01003725,Redbridge 003C,Redbridge,0.0,0.15017669464581254,0.0
E01003726,Redbridge 002D,Redbridge,0.0,3.802801547155204,0.0
E01003727,Redbridge 003D,Redbridge,0.0,0.211545480246609,0.0
E01003728,Redbridge 032A,Redbridge,1.0,0.2682238978640052,3.7282285730819544
E01003729,Redbridge 032B,Redbridge,0.0,0.11593715704439485,0.0
E01003730,Redbridge 032C,Redbridge,0.0,0.08939770120010225,0.0
E01003731,Redbridge 033A,Redbridge,0.0,0.13979133096295543,0.0
E01003732,Redbridge 032D,Redbridge,0.0,0.11980034551601954,0.0
E01003733,Redbridge 032E,Redbridge,0.0,0.0999783132695669,0.0
E01003734,Redbridge 033B,Redbridge,0.0,0.12557878947910905,0.0
E01003735,Redbridge 033C,Redbridge,0.0,0.19944404709613245,0.0
E01003736,Redbridge 033D,Redbridge,0.0,0.09906616501980633,0.0
E01003737,Redbridge 031A,Redbridge,0.0,0.35388890878057955,0.0
E01003738,Redbridge 031B,Redbridge,0.0,0.23254636931214354,0.0
E01003739,Redbridge 031C,Redbridge,0.0,0.28894199476895677,0.0
E01003740,Redbridge 031D,Redbridge,0.0,0.44611690126752884,0.0
E01003741,Redbridge 031E,Redbridge,0.0,0.23945754485084236,0.0
E01003742,Redbridge 031F,Redbridge,0.0,0.14410995176615513,0.0
E01003743,Redbridge 031G,Redbridge,0.0,0.17257571076338735,0.0
E01003744,Redbridge 001A,Redbridge,0.0,0.6679213161722863,0.0
E01003745,Redbridge 001B,Redbridge,1.0,0.49256112826871606,2.030204867190517
E01003746,Redbridge 001C,Redbridge,2.0,0.6337912399793142,3.155613195387927
E01003747,Redbridge 001D,Redbridge,0.0,0.29309203405431705,0.0
E01003748,Redbridge 001E,Redbridge,0.0,0.40828721658163547,0.0
E01003749,Redbridge 001F,Redbridge,0.0,0.2058028244195568,0.0
E01003750,Redbridge 001G,Redbridge,2.0,0.3747554985268182,5.33681295634646
E01003751,Redbridge 020A,Redbridge,0.0,0.5997218174567118,0.0
E01003752,Redbridge 023A,Redbridge,0.0,0.22758266158559573,0.0
E01003753,Redbridge 020B,Redbridge,0.0,0.17154606302964073,0.0
E01003754,Redbridge 020C,Redbridge,0.0,0.16685459978016529,0.0
E01003755,Redbridge 023B,Redbridge,0.0,0.21910437417245102,0.0
E01003756,Redbridge 023C,Redbridge,0.0,0.2503573916029806,0.0
E01003757,Redbridge 020D,Redbridge,0.0,0.22666457425040507,0.0
E01003758,Redbridge 023D,Redbridge,2.0,0.2580252170825645,7.751180379241878
E01003759,Redbridge 009A,Redbridge,0.0,0.22480190189952312,0.0
E01003760,Redbridge 009B,Redbridge,0.0,0.3037679638525114,0.0
E01003761,Redbridge 009C,Redbridge,0.0,0.10025592186092094,0.0
E01003762,Redbridge 009D,Redbridge,0.0,0.2511430213667441,0.0
E01003763,Redbridge 009E,Redbridge,0.0,0.6998824020375922,0.0
E01003764,Redbridge 009F,Redbridge,0.0,0.5372063296974539,0.0
E01003765,Redbridge 009G,Redbridge,1.0,0.22784667257795616,4.388916408941004
E01003766,Redbridge 024A,Redbridge,0.0,0.14921991456529873,0.0
E01003767,Redbridge 024B,Redbridge,0.0,0.20145630173567083,0.0
E01003768,Redbridge 024C,Redbridge,0.0,0.1760725099260701,0.0
E01003769,Redbridge 022A,Redbridge,0.0,0.2419982175247708,0.0
E01003770,Redbridge 022B,Redbridge,1.0,0.6916435808210315,1.4458313902269242
E01003771,Redbridge 022C,Redbridge,0.0,0.22996014480596857,0.0
E01003772,Redbridge 024D,Redbridge,0.0,0.15215427543613658,0.0
E01003773,Redbridge 022D,Redbridge,0.0,0.23663080982549167,0.0
E01003774,Redbridge 014A,Redbridge,0.0,0.2598982194819979,0.0
E01003775,Redbridge 014B,Redbridge,0.0,0.330176832100553,0.0
E01003776,Redbridge 014C,Redbridge,1.0,0.33756336186638963,2.962406804076706
E01003777,Redbridge 014D,Redbridge,1.0,0.23694403475049675,4.220405890585112
E01003778,Redbridge 014E,Redbridge,4.0,0.35333105094005157,11.320827845041748
E01003779,Redbridge 014F,Redbridge,0.0,0.16747494551751202,0.0
E01003780,Redbridge 014G,Redbridge,0.0,0.2999090541763796,0.0
E01003781,Redbridge 026A,Redbridge,1.0,0.16897528466946501,5.9180252423075626
E01003782,Redbridge 026B,Redbridge,0.0,0.16888303985059772,0.0
E01003783,Redbridge 029A,Redbridge,1.0,0.2355556377764979,4.245281537047435
E01003784,Redbridge 029B,Redbridge,0.0,0.13758344626661095,0.0
E01003785,Redbridge 029C,Redbridge,0.0,0.3714795350160585,0.0
E01003786,Redbridge 026C,Redbridge,0.0,0.1302336821872467,0.0
E01003787,Redbridge 026D,Redbridge,0.0,0.13533506668513134,0.0
E01003788,Redbridge 029D,Redbridge,0.0,0.15856308535230546,0.0
E01003789,Redbridge 018A,Redbridge,0.0,0.30826378275623556,0.0
E01003790,Redbridge 027A,Redbridge,0.0,0.8553121902101163,0.0
E01003791,Redbridge 027B,Redbridge,0.0,1.2968447186435037,0.0
E01003792,Redbridge 027C,Redbridge,0.0,0.7764589658662617,0.0
E01003793,Redbridge 027D,Redbridge,0.0,0.5695345052354923,0.0
E01003794,Redbridge 018B,Redbridge,1.0,0.35680370272278317,2.8026614980981432
E01003795,Redbridge 018C,Redbridge,0.0,0.7948814008615122,0.0
E01003796,Redbridge 018D,Redbridge,0.0,0.24482348207512916,0.0
E01003797,Richmond upon Thames 001A,Richmond upon Thames,0.0,0.42642094196971403,0.0
E01003798,Richmond upon Thames 001B,Richmond upon Thames,3.0,0.21890790179810007,13.704393378942145
E01003799,Richmond upon Thames 001C,Richmond upon Thames,1.0,0.8347292313189725,1.1979932683319114
E01003800,Richmond upon Thames 001D,Richmond upon Thames,0.0,0.25611870048752694,0.0
E01003801,Richmond upon Thames 001E,Richmond upon Thames,2.0,0.31420627786639455,6.365245193638147
E01003802,Richmond upon Thames 001F,Richmond upon Thames,0.0,0.392655442232867,0.0
E01003803,Richmond upon Thames 001G,Richmond upon Thames,0.0,0.19875897542825746,0.0
E01003804,Richmond upon Thames 005A,Richmond upon Thames,1.0,0.1780503383684228,5.616389214216455
E01003805,Richmond upon Thames 012A,Richmond upon Thames,2.0,0.7982377250803191,2.5055192672067195
E01003806,Richmond upon Thames 012B,Richmond upon Thames,0.0,4.150736927036883,0.0
E01003807,Richmond upon Thames 005B,Richmond upon Thames,2.0,0.18392177093214082,10.874188465366144
E01003808,Richmond upon Thames 005C,Richmond upon Thames,0.0,0.13337161516070364,0.0
E01003809,Richmond upon Thames 005D,Richmond upon Thames,0.0,0.39604010292494557,0.0
E01003810,Richmond upon Thames 019A,Richmond upon Thames,0.0,0.18690200878405525,0.0
E01003811,Richmond upon Thames 018A,Richmond upon Thames,0.0,0.17659437785408996,0.0
E01003812,Richmond upon Thames 018B,Richmond upon Thames,1.0,0.29108203959895745,3.4354575822601925
E01003813,Richmond upon Thames 019B,Richmond upon Thames,0.0,0.3147155551996597,0.0
E01003814,Richmond upon Thames 019C,Richmond upon Thames,1.0,0.42252737288459546,2.366710571135303
E01003815,Richmond upon Thames 019D,Richmond upon Thames,2.0,0.5198715372900022,3.847104248918192
E01003816,Richmond upon Thames 012C,Richmond upon Thames,2.0,3.0465334892550433,0.6564838387806635
E01003817,Richmond upon Thames 012D,Richmond upon Thames,2.0,4.101020168982426,0.4876835318018575
E01003818,Richmond upon Thames 017A,Richmond upon Thames,0.0,0.4813893566247922,0.0
E01003819,Richmond upon Thames 017B,Richmond upon Thames,0.0,1.0509301589989226,0.0
E01003820,Richmond upon Thames 017C,Richmond upon Thames,0.0,0.30105978462524385,0.0
E01003821,Richmond upon Thames 008A,Richmond upon Thames,3.0,0.295530248001545,10.1512451611529
E01003822,Richmond upon Thames 023A,Richmond upon Thames,0.0,0.3780116279299512,0.0
E01003823,Richmond upon Thames 023B,Richmond upon Thames,3.0,4.2821745996073,0.7005786266340277
E01003824,Richmond upon Thames 023C,Richmond upon Thames,0.0,0.32500127175797006,0.0
E01003825,Richmond upon Thames 023D,Richmond upon Thames,0.0,0.3459099963601266,0.0
E01003826,Richmond upon Thames 023E,Richmond upon Thames,0.0,1.0790618258116096,0.0
E01003827,Richmond upon Thames 023F,Richmond upon Thames,1.0,0.44704001575616875,2.2369362132123647
E01003828,Richmond upon Thames 020A,Richmond upon Thames,1.0,0.3119516360163981,3.205625117950764
E01003829,Richmond upon Thames 020B,Richmond upon Thames,0.0,0.4017710510820413,0.0
E01003830,Richmond upon Thames 020C,Richmond upon Thames,0.0,0.5066453349315024,0.0
E01003831,Richmond upon Thames 020D,Richmond upon Thames,0.0,0.31674027655150866,0.0
E01003832,Richmond upon Thames 020E,Richmond upon Thames,0.0,0.2235497458499965,0.0
E01003833,Richmond upon Thames 020F,Richmond upon Thames,1.0,0.1947709000492498,5.134237197379793
E01003834,Richmond upon Thames 022A,Richmond upon Thames,2.0,1.08674283819118,1.840361794634767
E01003835,Richmond upon Thames 022B,Richmond upon Thames,0.0,0.3582779697385535,0.0
E01003836,Richmond upon Thames 022C,Richmond upon Thames,0.0,0.25409862773738096,0.0
E01003837,Richmond upon Thames 022D,Richmond upon Thames,0.0,0.5132884934771815,0.0
E01003838,Richmond upon Thames 022E,Richmond upon Thames,0.0,0.30200307012057326,0.0
E01003839,Richmond upon Thames 022F,Richmond upon Thames,2.0,0.23126745963200393,8.64799571536103
E01003840,Richmond upon Thames 013A,Richmond upon Thames,0.0,0.19576485282432451,0.0
E01003841,Richmond upon Thames 013B,Richmond upon Thames,1.0,0.290583265548279,3.441354401855102
E01003842,Richmond upon Thames 013C,Richmond upon Thames,0.0,0.39271641424596504,0.0
E01003843,Richmond upon Thames 013D,Richmond upon Thames,0.0,0.3279326489884927,0.0
E01003844,Richmond upon Thames 013E,Richmond upon Thames,1.0,0.28546897217627354,3.503007673221006
E01003845,Richmond upon Thames 013F,Richmond upon Thames,0.0,0.4116239648003316,0.0
E01003846,Richmond upon Thames 002A,Richmond upon Thames,1.0,0.24262212216084997,4.121635698730865
E01003847,Richmond upon Thames 002B,Richmond upon Thames,1.0,1.5965844780355898,0.6263370424535148
E01003848,Richmond upon Thames 004A,Richmond upon Thames,0.0,0.19975572467332217,0.0
E01003849,Richmond upon Thames 002C,Richmond upon Thames,1.0,0.200129122930998,4.996774009471812
E01003851,Richmond upon Thames 002D,Richmond upon Thames,3.0,0.24628235084907885,12.181140831477574
E01003852,Richmond upon Thames 003A,Richmond upon Thames,0.0,0.671991794911247,0.0
E01003853,Richmond upon Thames 003B,Richmond upon Thames,0.0,0.2974722127615867,0.0
E01003854,Richmond upon Thames 003C,Richmond upon Thames,2.0,0.14357906090800268,13.929607753051725
E01003855,Richmond upon Thames 003D,Richmond upon Thames,3.0,0.2930509148378583,10.237128935973006
E01003856,Richmond upon Thames 003E,Richmond upon Thames,0.0,0.12433167266389142,0.0
E01003857,Richmond upon Thames 003F,Richmond upon Thames,3.0,0.14677132472776075,20.439959955151725
E01003858,Richmond upon Thames 003G,Richmond upon Thames,0.0,0.16522741870255897,0.0
E01003859,Richmond upon Thames 005E,Richmond upon Thames,0.0,0.19555047033978457,0.0
E01003860,Richmond upon Thames 002E,Richmond upon Thames,3.0,1.5275495431895745,1.9639297549301737
E01003861,Richmond upon Thames 004C,Richmond upon Thames,0.0,0.18797540267989196,0.0
E01003862,Richmond upon Thames 004D,Richmond upon Thames,0.0,0.21124767155647578,0.0
E01003863,Richmond upon Thames 004E,Richmond upon Thames,1.0,0.21102643290907444,4.73874284948404
E01003864,Richmond upon Thames 002F,Richmond upon Thames,1.0,0.2561168529546384,3.9044677789208704
E01003865,Richmond upon Thames 004F,Richmond upon Thames,0.0,0.1367820903311954,0.0
E01003866,Richmond upon Thames 007A,Richmond upon Thames,1.0,0.1524833837166372,6.5580916138267185
E01003867,Richmond upon Thames 011A,Richmond upon Thames,1.0,0.4094028573593648,2.442581877542252
E01003868,Richmond upon Thames 007B,Richmond upon Thames,1.0,0.13196777331822326,7.577607584456464
E01003869,Richmond upon Thames 011B,Richmond upon Thames,0.0,0.3193977654365831,0.0
E01003870,Richmond upon Thames 011C,Richmond upon Thames,1.0,0.4295734331969934,2.3278906997524236
E01003871,Richmond upon Thames 007C,Richmond upon Thames,0.0,0.19663039921405495,0.0
E01003872,Richmond upon Thames 007D,Richmond upon Thames,1.0,0.3181368035839982,3.1433018397570223
E01003873,Richmond upon Thames 006A,Richmond upon Thames,0.0,0.191281168610011,0.0
E01003874,Richmond upon Thames 006B,Richmond upon Thames,2.0,0.1416643220356069,14.117880714505564
E01003875,Richmond upon Thames 006C,Richmond upon Thames,0.0,0.5028115030465634,0.0
E01003876,Richmond upon Thames 008B,Richmond upon Thames,21.0,0.47300042183385915,44.39742340732251
E01003877,Richmond upon Thames 008C,Richmond upon Thames,1.0,0.15748191255222507,6.349935581766409
E01003878,Richmond upon Thames 006D,Richmond upon Thames,0.0,0.9972511799395398,0.0
E01003879,Richmond upon Thames 008D,Richmond upon Thames,1.0,0.18559388268310534,5.388108624827161
E01003880,Richmond upon Thames 016A,Richmond upon Thames,1.0,0.22772521382250135,4.391257266661048
E01003881,Richmond upon Thames 016B,Richmond upon Thames,0.0,0.3288986307092452,0.0
E01003882,Richmond upon Thames 014A,Richmond upon Thames,1.0,0.2127975037259691,4.699303245999325
E01003883,Richmond upon Thames 014B,Richmond upon Thames,0.0,0.19555300858148178,0.0
E01003884,Richmond upon Thames 016C,Richmond upon Thames,0.0,0.28538402258260037,0.0
E01003885,Richmond upon Thames 016D,Richmond upon Thames,1.0,0.440313230195739,2.271110499122307
E01003886,Richmond upon Thames 021A,Richmond upon Thames,2.0,0.20450557152690074,9.779684656351376
E01003887,Richmond upon Thames 021B,Richmond upon Thames,5.0,0.21562378487687975,23.188536472703966
E01003888,Richmond upon Thames 021C,Richmond upon Thames,2.0,0.7992500282721879,2.50234586081102
E01003889,Richmond upon Thames 021D,Richmond upon Thames,2.0,2.526680238435661,0.7915524764772991
E01003890,Richmond upon Thames 018C,Richmond upon Thames,1.0,0.21454069191195457,4.6611204200384995
E01003891,Richmond upon Thames 018D,Richmond upon Thames,2.0,0.3009562777047553,6.645483574069333
E01003892,Richmond upon Thames 009A,Richmond upon Thames,0.0,0.40712817755141684,0.0
E01003893,Richmond upon Thames 009B,Richmond upon Thames,1.0,0.21952915395804193,4.555203634552919
E01003894,Richmond upon Thames 009C,Richmond upon Thames,1.0,0.16739839395215456,5.973772963949808
E01003895,Richmond upon Thames 009D,Richmond upon Thames,1.0,0.45004426356423266,2.222003658218554
E01003896,Richmond upon Thames 014C,Richmond upon Thames,9.0,0.30149954313204136,29.850791502056975
E01003897,Richmond upon Thames 014D,Richmond upon Thames,4.0,0.19601928400013563,20.406155549457228
E01003898,Richmond upon Thames 015A,Richmond upon Thames,5.0,0.17895774876499695,27.93955575830293
E01003899,Richmond upon Thames 015B,Richmond upon Thames,2.0,0.16977612655685762,11.780219283835557
E01003900,Richmond upon Thames 015C,Richmond upon Thames,0.0,0.7502743073800012,0.0
E01003901,Richmond upon Thames 015D,Richmond upon Thames,0.0,0.2797491943584813,0.0
E01003902,Richmond upon Thames 015E,Richmond upon Thames,0.0,0.15661998410954592,0.0
E01003903,Richmond upon Thames 015F,Richmond upon Thames,0.0,0.6806609001745865,0.0
E01003904,Richmond upon Thames 015G,Richmond upon Thames,0.0,0.24599707705892981,0.0
E01003905,Richmond upon Thames 010A,Richmond upon Thames,1.0,0.37443086298781164,2.670720014959215
E01003906,Richmond upon Thames 010B,Richmond upon Thames,2.0,0.2084065061987932,9.596629378222268
E01003907,Richmond upon Thames 010C,Richmond upon Thames,0.0,0.24300769443939021,0.0
E01003908,Richmond upon Thames 010D,Richmond upon Thames,1.0,0.28932938203314923,3.45626839891922
E01003909,Richmond upon Thames 010E,Richmond upon Thames,0.0,0.2215144113988227,0.0
E01003910,Richmond upon Thames 011D,Richmond upon Thames,0.0,0.29186537814371594,0.0
E01003911,Southwark 020A,Southwark,0.0,0.11363395029655869,0.0
E01003912,Southwark 019A,Southwark,0.0,0.08037446588039239,0.0
E01003913,Southwark 024A,Southwark,5.0,0.23368313439015923,21.396494929120387
E01003914,Southwark 024B,Southwark,0.0,0.14689809085140199,0.0
E01003915,Southwark 024C,Southwark,0.0,0.09740938490828073,0.0
E01003916,Southwark 020B,Southwark,2.0,0.14959621491059846,13.369322219785026
E01003917,Southwark 020C,Southwark,0.0,0.1105806243925209,0.0
E01003918,Southwark 020D,Southwark,0.0,0.08719111280827735,0.0
E01003919,Southwark 021A,Southwark,2.0,0.1479601964449765,13.517148855258252
E01003920,Southwark 021B,Southwark,0.0,0.08683565998238636,0.0
E01003921,Southwark 021C,Southwark,7.0,0.12555987594595472,55.75029401122569
E01003922,Southwark 021D,Southwark,1.0,0.13410788980946073,7.456682835147066
E01003923,Southwark 017A,Southwark,1.0,0.11971829343177876,8.352942322635498
E01003924,Southwark 021E,Southwark,0.0,0.0788883799588407,0.0
E01003925,Southwark 020E,Southwark,0.0,0.08764970357428299,0.0
E01003926,Southwark 021F,Southwark,0.0,0.1058187099975937,0.0
E01003927,Southwark 002A,Southwark,7.0,0.2854086799639182,24.526233753244473
E01003929,Southwark 002B,Southwark,22.0,0.2357547981618663,93.31729479751701
E01003930,Southwark 034A,Southwark,1.0,0.10784921459417436,9.272204751447642
E01003932,Southwark 034B,Southwark,0.0,0.1229914426511778,0.0
E01003933,Southwark 034C,Southwark,1.0,0.22051697728208036,4.534798237873642
E01003934,Southwark 002C,Southwark,13.0,0.23290993819463265,55.8155658825364
E01003935,Southwark 002D,Southwark,10.0,0.14015099299358558,71.35161718374468
E01003936,Southwark 009A,Southwark,1.0,0.09637066234831605,10.376601920464788
E01003937,Southwark 009B,Southwark,2.0,0.0916642555711184,21.81875571387022
E01003938,Southwark 006A,Southwark,0.0,0.07783522120659958,0.0
E01003939,Southwark 002E,Southwark,10.0,0.15241725878433451,65.60936786135011
E01003940,Southwark 006B,Southwark,0.0,0.054022014200172906,0.0
E01003941,Southwark 006C,Southwark,1.0,0.09597755826568394,10.41910232006332
E01003942,Southwark 006D,Southwark,1.0,0.11915478576090133,8.39244511761888
E01003943,Southwark 009C,Southwark,1.0,0.06422162319412641,15.571079494164172
E01003945,Southwark 033A,Southwark,1.0,0.8364694729919011,1.1955008906938105
E01003946,Southwark 033B,Southwark,2.0,0.46004064173251785,4.347441983534279
E01003947,Southwark 033C,Southwark,0.0,0.1391582194852824,0.0
E01003948,Southwark 033D,Southwark,0.0,0.26777672871566344,0.0
E01003949,Southwark 032A,Southwark,0.0,0.22789051311163658,0.0
E01003950,Southwark 032B,Southwark,1.0,0.24552556123858904,4.07289568937489
E01003951,Southwark 033E,Southwark,1.0,1.0614020419009054,0.942150062392062
E01003952,Southwark 030A,Southwark,3.0,0.13022969736125575,23.03622031523296
E01003953,Southwark 028A,Southwark,2.0,0.20298155303574378,9.85311211826137
E01003954,Southwark 030B,Southwark,0.0,0.10121265941078729,0.0
E01003955,Southwark 028B,Southwark,1.0,0.13967417414852415,7.159519689993932
E01003956,Southwark 030C,Southwark,1.0,0.11092486473953665,9.015111285897044
E01003957,Southwark 032C,Southwark,0.0,0.16844754216314098,0.0
E01003958,Southwark 032D,Southwark,2.0,0.16211192547497102,12.337155296503997
E01003960,Southwark 012A,Southwark,0.0,0.12463393495600741,0.0
E01003961,Southwark 012B,Southwark,2.0,0.1214327293215172,16.470024277430213
E01003963,Southwark 016A,Southwark,3.0,0.06035256960847869,49.70790837012749
E01003964,Southwark 015A,Southwark,2.0,0.44875583714469686,4.456766540855312
E01003966,Southwark 015B,Southwark,0.0,0.10144594934181846,0.0
E01003967,Southwark 016B,Southwark,0.0,0.0567963469530148,0.0
E01003968,Southwark 015C,Southwark,1.0,0.05452122059622703,18.34148225341092
E01003969,Southwark 017B,Southwark,3.0,0.28566058477117356,10.501973880656756
E01003970,Southwark 016C,Southwark,1.0,0.1974379252363903,5.064883045153107
E01003971,Southwark 015D,Southwark,0.0,0.06284476422511638,0.0
E01003972,Southwark 016D,Southwark,0.0,0.07171119283211667,0.0
E01003973,Southwark 016E,Southwark,1.0,0.08585233917857213,11.647906272186814
E01003974,Southwark 015E,Southwark,0.0,0.057170065947417,0.0
E01003975,Southwark 004A,Southwark,9.0,0.08202517363948716,109.72241326249839
E01003976,Southwark 003A,Southwark,5.0,0.1216281188380742,41.10891500884424
E01003977,Southwark 010A,Southwark,1.0,0.130565119160958,7.6590134212432375
E01003978,Southwark 004B,Southwark,1.0,0.13502970815453988,7.405777688977244
E01003979,Southwark 006E,Southwark,4.0,0.16815469795496762,23.78761966597694
E01003980,Southwark 013A,Southwark,0.0,0.19149277228930714,0.0
E01003981,Southwark 006F,Southwark,11.0,0.19036737265809917,57.783011061228756
E01003983,Southwark 018A,Southwark,1.0,0.11764066998048849,8.500461618978003
E01003984,Southwark 023A,Southwark,3.0,0.1652526242967265,18.154023349203946
E01003986,Southwark 011A,Southwark,1.0,0.18307992632975884,5.462095271978785
E01003987,Southwark 011B,Southwark,0.0,0.136230922831334,0.0
E01003988,Southwark 018B,Southwark,1.0,0.3883425476056374,2.5750461961111246
E01003989,Southwark 018C,Southwark,0.0,0.24805150779635732,0.0
E01003990,Southwark 018D,Southwark,0.0,0.13962179577533673,0.0
E01003991,Southwark 017C,Southwark,0.0,0.07914773605331554,0.0
E01003992,Southwark 014A,Southwark,0.0,0.07283685262129472,0.0
E01003993,Southwark 017D,Southwark,1.0,0.08676185731307359,11.525802132054132
E01003994,Southwark 012E,Southwark,1.0,0.1424838813012852,7.018337729623457
E01003995,Southwark 014B,Southwark,0.0,0.06454498214552098,0.0
E01003997,Southwark 017E,Southwark,1.0,0.07490954915133673,13.349432900466942
E01003998,Southwark 014D,Southwark,1.0,0.09631585343891538,10.382506765972972
E01003999,Southwark 014E,Southwark,0.0,0.08544109164950058,0.0
E01004000,Southwark 026A,Southwark,1.0,0.15854090900235546,6.3075202879349135
E01004001,Southwark 026B,Southwark,3.0,0.19437585526672232,15.434015690289328
E01004002,Southwark 029A,Southwark,1.0,0.33469650704612836,2.9877814047882447
E01004003,Southwark 023B,Southwark,2.0,0.12629318146865276,15.836167691257506
E01004004,Southwark 023C,Southwark,0.0,0.1986196973753016,0.0
E01004005,Southwark 023D,Southwark,1.0,0.1528467338302959,6.542501595816168
E01004006,Southwark 023E,Southwark,1.0,0.14932672805194203,6.696724779586401
E01004007,Southwark 018E,Southwark,1.0,0.07882020057679008,12.687102959421631
E01004008,Southwark 022B,Southwark,0.0,0.10000962760560636,0.0
E01004010,Southwark 022D,Southwark,3.0,0.12889426996114203,23.274890349310446
E01004011,Southwark 019B,Southwark,0.0,0.11388724102919943,0.0
E01004012,Southwark 019C,Southwark,0.0,0.14062418228036852,0.0
E01004013,Southwark 019D,Southwark,0.0,0.10617211193584584,0.0
E01004014,Southwark 019E,Southwark,0.0,0.09282798127691165,0.0
E01004015,Southwark 028C,Southwark,2.0,0.5721544379464569,3.4955597079317995
E01004016,Southwark 029B,Southwark,1.0,0.5711374268166662,1.7508920848939526
E01004017,Southwark 029C,Southwark,0.0,0.35436151460245585,0.0
E01004018,Southwark 032E,Southwark,1.0,0.27412231297256845,3.648006574714954
E01004019,Southwark 026C,Southwark,0.0,0.1415840630923297,0.0
E01004020,Southwark 029D,Southwark,0.0,0.1979576195199476,0.0
E01004021,Southwark 028D,Southwark,0.0,0.1507843662046985,0.0
E01004022,Southwark 004C,Southwark,2.0,0.2266364041974437,8.82470760636326
E01004023,Southwark 004D,Southwark,1.0,0.1135205610325569,8.80897690166636
E01004024,Southwark 011C,Southwark,0.0,0.11984040720574587,0.0
E01004027,Southwark 003E,Southwark,22.0,0.2964574859971741,74.2096288309269
E01004028,Southwark 004E,Southwark,4.0,0.12341706914600525,32.41042772833884
E01004029,Southwark 001A,Southwark,0.0,0.10940851423071876,0.0
E01004030,Southwark 007A,Southwark,3.0,0.09339297207750574,32.12233140530462
E01004031,Southwark 007B,Southwark,2.0,0.42488729861240826,4.7071305885856685
E01004032,Southwark 001B,Southwark,0.0,0.1374641316788225,0.0
E01004033,Southwark 007C,Southwark,0.0,0.14670549343026143,0.0
E01004034,Southwark 007D,Southwark,1.0,0.1333709515401267,7.497884572707233
E01004035,Southwark 011D,Southwark,1.0,0.22348686082452188,4.474535980820739
E01004036,Southwark 007E,Southwark,0.0,0.09668423374550024,0.0
E01004037,Southwark 010B,Southwark,4.0,0.1498351399093847,26.696007374632323
E01004038,Southwark 010C,Southwark,0.0,0.21406632155869773,0.0
E01004039,Southwark 013B,Southwark,0.0,0.08550014703474243,0.0
E01004040,Southwark 013C,Southwark,0.0,0.10823798813338359,0.0
E01004041,Southwark 013D,Southwark,0.0,0.07890871998530577,0.0
E01004042,Southwark 010D,Southwark,3.0,0.1473766575777684,20.356005145638115
E01004043,Southwark 010E,Southwark,1.0,0.11855609926809328,8.434825421665401
E01004044,Southwark 013E,Southwark,0.0,0.07036384654853926,0.0
E01004045,Southwark 027A,Southwark,0.0,0.061927897766301414,0.0
E01004046,Southwark 028E,Southwark,0.0,0.14935135220309229,0.0
E01004047,Southwark 027B,Southwark,0.0,0.1060663991039256,0.0
E01004048,Southwark 027C,Southwark,0.0,0.3988200256036178,0.0
E01004049,Southwark 027D,Southwark,0.0,0.10588628634665964,0.0
E01004050,Southwark 024D,Southwark,1.0,0.18785849777291122,5.323155523200387
E01004051,Southwark 027E,Southwark,2.0,0.1521722612969526,13.142999801370843
E01004052,Southwark 024E,Southwark,1.0,0.17632224443562838,5.671434158524901
E01004053,Southwark 001C,Southwark,1.0,0.14682802650268598,6.810688829776695
E01004054,Southwark 001D,Southwark,1.0,0.12015999746594934,8.322237192817665
E01004055,Southwark 001E,Southwark,0.0,0.19314972007762804,0.0
E01004056,Southwark 008A,Southwark,0.0,0.18786274984174356,0.0
E01004057,Southwark 008B,Southwark,1.0,0.24553829833846122,4.072684411217814
E01004058,Southwark 008C,Southwark,0.0,0.14061970907554688,0.0
E01004059,Southwark 008D,Southwark,1.0,0.30999833562076873,3.2258237709486712
E01004060,Southwark 008E,Southwark,1.0,0.10019759118919236,9.98027984636684
E01004061,Southwark 025A,Southwark,1.0,0.20704920282616052,4.829769863154724
E01004062,Southwark 025B,Southwark,11.0,0.1668530580843754,65.92627145279798
E01004063,Southwark 025C,Southwark,6.0,0.17216883158065352,34.849513381225826
E01004064,Southwark 026D,Southwark,3.0,0.16237042342824168,18.4762713347596
E01004065,Southwark 025D,Southwark,2.0,0.11158816545232182,17.92304759105067
E01004066,Southwark 025E,Southwark,0.0,0.14103040011818319,0.0
E01004067,Southwark 022E,Southwark,5.0,0.23276653653979848,21.480750946109897
E01004068,Southwark 026E,Southwark,0.0,0.1877218543849074,0.0
E01004069,Southwark 031A,Southwark,1.0,0.9289849174897888,1.0764437410911913
E01004070,Southwark 031B,Southwark,0.0,0.3174610793500929,0.0
E01004071,Southwark 030D,Southwark,0.0,0.12853397316501455,0.0
E01004072,Southwark 030E,Southwark,0.0,0.28269054283579936,0.0
E01004073,Southwark 031C,Southwark,0.0,0.19796134025858578,0.0
E01004074,Southwark 031D,Southwark,2.0,0.34979108378861856,5.717698628386467
E01004075,Southwark 031E,Southwark,1.0,0.5840276613993635,1.7122476658107995
E01004076,Sutton 011A,Sutton,0.0,3.4361776508905053,0.0
E01004077,Sutton 011B,Sutton,2.0,0.2638857347457831,7.579037957192797
E01004078,Sutton 011C,Sutton,1.0,0.32243779072583095,3.101373439350664
E01004079,Sutton 011D,Sutton,0.0,0.3231088252212233,0.0
E01004080,Sutton 011E,Sutton,0.0,0.29373633896238793,0.0
E01004081,Sutton 011F,Sutton,0.0,0.1714824421615831,0.0
E01004082,Sutton 011G,Sutton,0.0,0.17419058036368035,0.0
E01004083,Sutton 019A,Sutton,0.0,0.2492743463649079,0.0
E01004084,Sutton 024A,Sutton,0.0,0.5117963375934268,0.0
E01004085,Sutton 024B,Sutton,0.0,0.8082161832550627,0.0
E01004086,Sutton 019B,Sutton,0.0,0.5621557392607828,0.0
E01004087,Sutton 017A,Sutton,0.0,0.35498018174176904,0.0
E01004088,Sutton 019C,Sutton,0.0,0.4671307468358147,0.0
E01004089,Sutton 019D,Sutton,0.0,0.11318294213169747,0.0
E01004090,Sutton 021A,Sutton,0.0,0.1886755711623278,0.0
E01004091,Sutton 022A,Sutton,0.0,0.37622439093202487,0.0
E01004092,Sutton 022B,Sutton,0.0,0.6440321542188772,0.0
E01004093,Sutton 025A,Sutton,0.0,0.4018354717477213,0.0
E01004094,Sutton 025B,Sutton,1.0,0.2788929845615089,3.5856047134790994
E01004095,Sutton 025C,Sutton,0.0,0.28808354938538194,0.0
E01004096,Sutton 021B,Sutton,0.0,0.1552185195349907,0.0
E01004097,Sutton 015A,Sutton,0.0,0.2766169920749556,0.0
E01004098,Sutton 015B,Sutton,0.0,0.21953949363882438,0.0
E01004099,Sutton 015C,Sutton,4.0,0.38498413143092713,10.390038636482526
E01004100,Sutton 015D,Sutton,0.0,0.35955921716571215,0.0
E01004101,Sutton 013A,Sutton,1.0,0.21800533513856415,4.587043704065317
E01004102,Sutton 015E,Sutton,4.0,0.392199957601886,10.19887922593892
E01004103,Sutton 013B,Sutton,0.0,0.17485159064233147,0.0
E01004104,Sutton 020A,Sutton,0.0,0.36518187635638044,0.0
E01004105,Sutton 022C,Sutton,0.0,0.3883062191915924,0.0
E01004106,Sutton 022D,Sutton,0.0,0.8131168387095025,0.0
E01004107,Sutton 020B,Sutton,0.0,0.24247524055710923,0.0
E01004108,Sutton 024C,Sutton,0.0,4.578442346042972,0.0
E01004109,Sutton 024D,Sutton,1.0,0.662554229904189,1.5093104154577786
E01004110,Sutton 016A,Sutton,2.0,0.315180410293394,6.34557204281271
E01004111,Sutton 016B,Sutton,2.0,0.4797237425416314,4.169066115851949
E01004112,Sutton 016C,Sutton,2.0,0.522680770511062,3.826427358413164
E01004114,Sutton 025D,Sutton,0.0,1.543095748562033,0.0
E01004115,Sutton 009A,Sutton,0.0,0.2612261880503904,0.0
E01004116,Sutton 008A,Sutton,0.0,0.32304606272122177,0.0
E01004117,Sutton 006A,Sutton,0.0,0.2515306743176487,0.0
E01004118,Sutton 009B,Sutton,1.0,0.2731647588016386,3.6607943293525658
E01004119,Sutton 009C,Sutton,0.0,0.25613951874786306,0.0
E01004120,Sutton 016D,Sutton,0.0,0.28776458248222603,0.0
E01004121,Sutton 006B,Sutton,2.0,0.2503070740739114,7.9901856845221815
E01004122,Sutton 008B,Sutton,1.0,0.26029918355093135,3.841733140912197
E01004123,Sutton 002A,Sutton,0.0,0.41384047800221,0.0
E01004124,Sutton 002B,Sutton,0.0,0.18348350299359906,0.0
E01004125,Sutton 001A,Sutton,0.0,0.1354927359720197,0.0
E01004126,Sutton 002C,Sutton,0.0,0.1273414905530487,0.0
E01004127,Sutton 005A,Sutton,0.0,0.20472970429444814,0.0
E01004128,Sutton 002D,Sutton,0.0,0.173780491133482,0.0
E01004129,Sutton 002E,Sutton,0.0,0.25950172218925915,0.0
E01004130,Sutton 003A,Sutton,1.0,0.6790939694727983,1.4725502580686012
E01004131,Sutton 003B,Sutton,0.0,0.20727791707717555,0.0
E01004132,Sutton 009D,Sutton,0.0,0.17117928331458243,0.0
E01004133,Sutton 009E,Sutton,0.0,0.19280193800830195,0.0
E01004134,Sutton 003C,Sutton,0.0,0.22012457170831934,0.0
E01004135,Sutton 003D,Sutton,0.0,0.2752882192983544,0.0
E01004136,Sutton 003E,Sutton,0.0,0.23920629857064354,0.0
E01004137,Sutton 012A,Sutton,2.0,0.23585795025682815,8.479680238983589
E01004138,Sutton 013C,Sutton,1.0,0.16684007727602979,5.993763706699456
E01004139,Sutton 013D,Sutton,1.0,0.1520776882033703,6.575586542732823
E01004140,Sutton 012B,Sutton,1.0,0.13277548857500956,7.531510602840408
E01004141,Sutton 012C,Sutton,0.0,0.12463800471910176,0.0
E01004142,Sutton 012D,Sutton,10.0,0.38320987406451634,26.09536099353333
E01004143,Sutton 014A,Sutton,0.0,0.11578753721370055,0.0
E01004144,Sutton 007A,Sutton,0.0,0.4054304830479249,0.0
E01004145,Sutton 007B,Sutton,0.0,0.45330703005760536,0.0
E01004146,Sutton 007C,Sutton,0.0,0.21476972357953528,0.0
E01004147,Sutton 007D,Sutton,0.0,0.29141605250337516,0.0
E01004148,Sutton 014B,Sutton,0.0,0.23682279265190434,0.0
E01004149,Sutton 012E,Sutton,0.0,0.2708157446696994,0.0
E01004150,Sutton 021C,Sutton,0.0,0.1605620142171958,0.0
E01004151,Sutton 021D,Sutton,0.0,0.195843202349044,0.0
E01004152,Sutton 018A,Sutton,0.0,0.20434282432907905,0.0
E01004153,Sutton 021E,Sutton,0.0,0.1728625441830057,0.0
E01004154,Sutton 022E,Sutton,0.0,0.3441011379301428,0.0
E01004155,Sutton 018B,Sutton,0.0,0.19228774045556263,0.0
E01004156,Sutton 018C,Sutton,0.0,0.21033095341874564,0.0
E01004157,Sutton 016E,Sutton,0.0,0.2642096820012278,0.0
E01004158,Sutton 018D,Sutton,0.0,0.23840712120996835,0.0
E01004159,Sutton 014C,Sutton,0.0,0.33899700137654193,0.0
E01004160,Sutton 014D,Sutton,0.0,0.22403937446943362,0.0
E01004161,Sutton 014E,Sutton,0.0,0.3229260664838993,0.0
E01004162,Sutton 018E,Sutton,0.0,0.17864064947594424,0.0
E01004163,Sutton 005B,Sutton,0.0,0.21859458573207546,0.0
E01004164,Sutton 004A,Sutton,0.0,0.23298026575864195,0.0
E01004165,Sutton 005C,Sutton,0.0,0.24854629926363633,0.0
E01004166,Sutton 004B,Sutton,1.0,0.24199538830389283,4.132310152721673
E01004167,Sutton 005D,Sutton,0.0,0.16463296946501427,0.0
E01004168,Sutton 013E,Sutton,0.0,0.22495414078850032,0.0
E01004169,Sutton 004C,Sutton,0.0,0.15000307487453032,0.0
E01004170,Sutton 017B,Sutton,1.0,0.2512681645239313,3.979811775577156
E01004171,Sutton 010A,Sutton,1.0,0.37442741501144444,2.670744608723255
E01004172,Sutton 010B,Sutton,1.0,0.18077171485368906,5.531838876504372
E01004173,Sutton 010C,Sutton,0.0,0.22666731961361633,0.0
E01004174,Sutton 017C,Sutton,0.0,0.16867902800212345,0.0
E01004175,Sutton 010D,Sutton,0.0,0.2633692505556217,0.0
E01004176,Sutton 010E,Sutton,0.0,0.16380731511386554,0.0
E01004177,Sutton 020C,Sutton,0.0,0.22553104499387294,0.0
E01004178,Sutton 017D,Sutton,1.0,0.23546235803724,4.246963329237716
E01004179,Sutton 017E,Sutton,0.0,0.23242282820579388,0.0
E01004180,Sutton 020D,Sutton,0.0,0.5978837248357417,0.0
E01004181,Sutton 020E,Sutton,0.0,0.2782030852865086,0.0
E01004182,Sutton 019E,Sutton,0.0,0.14827894509901263,0.0
E01004183,Sutton 001B,Sutton,0.0,0.20808645557400993,0.0
E01004184,Sutton 001C,Sutton,0.0,0.27982378253519974,0.0
E01004185,Sutton 001D,Sutton,0.0,0.40233469607437017,0.0
E01004186,Sutton 004D,Sutton,0.0,0.2995323356558338,0.0
E01004187,Sutton 005E,Sutton,0.0,0.17711845678200394,0.0
E01004188,Sutton 004E,Sutton,1.0,0.34406139236549976,2.906458039725917
E01004189,Sutton 001E,Sutton,0.0,0.3393909448870882,0.0
E01004190,Sutton 008C,Sutton,0.0,0.26555836479652184,0.0
E01004191,Sutton 008D,Sutton,1.0,0.24525829970336857,4.077333983027141
E01004192,Sutton 006C,Sutton,0.0,0.38923323035732205,0.0
E01004193,Sutton 006D,Sutton,0.0,0.36948437731704686,0.0
E01004194,Sutton 008E,Sutton,1.0,0.20626801590512056,4.848061371085187
E01004195,Sutton 006E,Sutton,0.0,0.2383313223664227,0.0
E01004196,Sutton 008F,Sutton,0.0,0.2439119350079121,0.0
E01004197,Tower Hamlets 002A,Tower Hamlets,5.0,0.16747657677731154,29.854921184879164
E01004198,Tower Hamlets 002B,Tower Hamlets,1.0,0.09635829632289718,10.377933589122359
E01004199,Tower Hamlets 002C,Tower Hamlets,0.0,0.06714155333421125,0.0
E01004200,Tower Hamlets 005A,Tower Hamlets,0.0,0.05771460728848789,0.0
E01004201,Tower Hamlets 002D,Tower Hamlets,0.0,0.1284691097360312,0.0
E01004202,Tower Hamlets 005B,Tower Hamlets,1.0,0.10937450852266181,9.142898226535165
E01004203,Tower Hamlets 005C,Tower Hamlets,6.0,0.10606536600231795,56.56888979074353
E01004204,Tower Hamlets 005D,Tower Hamlets,0.0,0.08346144873248855,0.0
E01004205,Tower Hamlets 013A,Tower Hamlets,0.0,0.13597706976093418,0.0
E01004206,Tower Hamlets 013B,Tower Hamlets,0.0,0.07736272778649007,0.0
E01004207,Tower Hamlets 011A,Tower Hamlets,0.0,0.06966046061943354,0.0
E01004208,Tower Hamlets 013C,Tower Hamlets,2.0,0.16099927295935232,12.422416345351712
E01004209,Tower Hamlets 011B,Tower Hamlets,1.0,0.0829514400520136,12.055245808547305
E01004211,Tower Hamlets 013D,Tower Hamlets,4.0,0.16428992323418912,24.34720231926915
E01004212,Tower Hamlets 011D,Tower Hamlets,4.0,0.08467091675148283,47.2417230551593
E01004214,Tower Hamlets 030A,Tower Hamlets,0.0,0.06801814001491964,0.0
E01004215,Tower Hamlets 028A,Tower Hamlets,1.0,0.30093688960076037,3.322955857378122
E01004216,Tower Hamlets 030B,Tower Hamlets,0.0,0.09000948861298706,0.0
E01004217,Tower Hamlets 030C,Tower Hamlets,2.0,0.40934453734878035,4.885859752651122
E01004218,Tower Hamlets 030D,Tower Hamlets,1.0,0.14330382540860048,6.978180778836238
E01004219,Tower Hamlets 028B,Tower Hamlets,2.0,0.20058914963375524,9.970629037770442
E01004221,Tower Hamlets 028D,Tower Hamlets,1.0,0.13732596870396574,7.2819438991594145
E01004222,Tower Hamlets 001A,Tower Hamlets,2.0,0.13732431160571792,14.564063541365853
E01004223,Tower Hamlets 001B,Tower Hamlets,0.0,0.5920075301931021,0.0
E01004224,Tower Hamlets 001C,Tower Hamlets,9.0,0.4354921142483303,20.66627547443474
E01004225,Tower Hamlets 004A,Tower Hamlets,0.0,0.12892048359622282,0.0
E01004226,Tower Hamlets 001D,Tower Hamlets,1.0,0.09234756092688082,10.8286563279325
E01004228,Tower Hamlets 003A,Tower Hamlets,2.0,0.12491340670710824,16.011091625172924
E01004229,Tower Hamlets 004C,Tower Hamlets,1.0,0.10633040441014537,9.404647763237383
E01004230,Tower Hamlets 003B,Tower Hamlets,2.0,0.15883362850854613,12.591791919507706
E01004231,Tower Hamlets 004D,Tower Hamlets,1.0,0.10948947606828671,9.133297883134604
E01004232,Tower Hamlets 003C,Tower Hamlets,2.0,0.1902117960235176,10.514595003102341
E01004233,Tower Hamlets 003D,Tower Hamlets,1.0,0.08447803533924486,11.837396501756038
E01004234,Tower Hamlets 003E,Tower Hamlets,2.0,0.5761397882788213,3.4713797600663288
E01004235,Tower Hamlets 008A,Tower Hamlets,0.0,0.037828729215084636,0.0
E01004236,Tower Hamlets 008B,Tower Hamlets,0.0,0.10105994330318897,0.0
E01004237,Tower Hamlets 008C,Tower Hamlets,1.0,0.06525526159616983,15.324434774140805
E01004238,Tower Hamlets 008D,Tower Hamlets,2.0,0.35623908510193264,5.614207097538803
E01004239,Tower Hamlets 008E,Tower Hamlets,0.0,0.10853622158164601,0.0
E01004240,Tower Hamlets 012A,Tower Hamlets,0.0,0.08373834863998714,0.0
E01004241,Tower Hamlets 012B,Tower Hamlets,0.0,0.11882451142194078,0.0
E01004242,Tower Hamlets 012C,Tower Hamlets,2.0,0.20198925726945383,9.901516679830149
E01004243,Tower Hamlets 020A,Tower Hamlets,1.0,0.11410249040205529,8.764050604648217
E01004244,Tower Hamlets 020B,Tower Hamlets,1.0,0.1351775317072461,7.397679091860468
E01004245,Tower Hamlets 018A,Tower Hamlets,0.0,0.2135429460431659,0.0
E01004246,Tower Hamlets 018B,Tower Hamlets,0.0,0.20299582082752543,0.0
E01004247,Tower Hamlets 020C,Tower Hamlets,1.0,0.12053463857307628,8.296370336679047
E01004248,Tower Hamlets 018C,Tower Hamlets,0.0,0.10576738337846202,0.0
E01004249,Tower Hamlets 018D,Tower Hamlets,0.0,0.182552263790109,0.0
E01004250,Tower Hamlets 020D,Tower Hamlets,0.0,0.1005062593793378,0.0
E01004251,Tower Hamlets 023A,Tower Hamlets,0.0,0.12904053185170103,0.0
E01004252,Tower Hamlets 024A,Tower Hamlets,0.0,0.1603670966585445,0.0
E01004253,Tower Hamlets 024B,Tower Hamlets,0.0,0.151999005476,0.0
E01004254,Tower Hamlets 023B,Tower Hamlets,2.0,0.1667690830286693,11.992630550449087
E01004255,Tower Hamlets 023C,Tower Hamlets,2.0,0.09538142617925847,20.96844301993586
E01004256,Tower Hamlets 024C,Tower Hamlets,0.0,0.14197630820716056,0.0
E01004257,Tower Hamlets 024D,Tower Hamlets,1.0,0.123867317666152,8.073154556355265
E01004258,Tower Hamlets 023D,Tower Hamlets,1.0,0.09970837079606898,10.029248216734729
E01004259,Tower Hamlets 007A,Tower Hamlets,2.0,0.13200316216706398,15.151152193375399
E01004260,Tower Hamlets 007B,Tower Hamlets,2.0,0.09876947272637249,20.249171578962766
E01004261,Tower Hamlets 010A,Tower Hamlets,1.0,0.16724153920335375,5.9793757266492955
E01004262,Tower Hamlets 010B,Tower Hamlets,3.0,0.14608044072523524,20.536630264162074
E01004263,Tower Hamlets 007C,Tower Hamlets,0.0,0.0824865624878046,0.0
E01004264,Tower Hamlets 010C,Tower Hamlets,0.0,0.061534793401789356,0.0
E01004266,Tower Hamlets 007D,Tower Hamlets,0.0,0.08221013805567937,0.0
E01004267,Tower Hamlets 012D,Tower Hamlets,0.0,0.21130441460634294,0.0
E01004268,Tower Hamlets 012E,Tower Hamlets,0.0,0.05114092064226427,0.0
E01004269,Tower Hamlets 014A,Tower Hamlets,2.0,0.15448717314539542,12.946058622729165
E01004270,Tower Hamlets 014B,Tower Hamlets,0.0,0.2910704075850347,0.0
E01004271,Tower Hamlets 014C,Tower Hamlets,0.0,0.09753678104500682,0.0
E01004272,Tower Hamlets 014D,Tower Hamlets,0.0,0.09284795862207501,0.0
E01004273,Tower Hamlets 014E,Tower Hamlets,0.0,0.17034037782811773,0.0
E01004274,Tower Hamlets 031A,Tower Hamlets,0.0,0.08377247844602963,0.0
E01004275,Tower Hamlets 031B,Tower Hamlets,1.0,0.13604612122751933,7.350448443345407
E01004276,Tower Hamlets 031C,Tower Hamlets,1.0,0.07895676841019955,12.665158670182112
E01004277,Tower Hamlets 033A,Tower Hamlets,9.0,0.43431076209388125,20.722489022859044
E01004280,Tower Hamlets 032A,Tower Hamlets,0.0,0.13574404814957905,0.0
E01004281,Tower Hamlets 031D,Tower Hamlets,0.0,0.12413712825146765,0.0
E01004283,Tower Hamlets 016A,Tower Hamlets,0.0,0.15203700770562262,0.0
E01004284,Tower Hamlets 019A,Tower Hamlets,0.0,0.19196258284594525,0.0
E01004285,Tower Hamlets 019B,Tower Hamlets,0.0,0.1238395302149221,0.0
E01004286,Tower Hamlets 019C,Tower Hamlets,4.0,0.15630772283676295,25.590546182912057
E01004287,Tower Hamlets 016B,Tower Hamlets,1.0,0.08531064251126008,11.72186693902828
E01004288,Tower Hamlets 019D,Tower Hamlets,0.0,0.10191344710917011,0.0
E01004289,Tower Hamlets 016C,Tower Hamlets,1.0,0.10552772565211256,9.476182622343677
E01004290,Tower Hamlets 016D,Tower Hamlets,0.0,0.09961114218367291,0.0
E01004291,Tower Hamlets 027A,Tower Hamlets,2.0,0.11316951310248904,17.672604088954166
E01004292,Tower Hamlets 026A,Tower Hamlets,1.0,0.14987927488196642,6.67203654933295
E01004293,Tower Hamlets 027B,Tower Hamlets,5.0,0.3265641165315977,15.310928993376434
E01004294,Tower Hamlets 026B,Tower Hamlets,4.0,0.21457410354979065,18.64157852148185
E01004295,Tower Hamlets 026C,Tower Hamlets,0.0,0.08017221304861857,0.0
E01004296,Tower Hamlets 026D,Tower Hamlets,1.0,0.1339600589484679,7.464911615070896
E01004297,Tower Hamlets 027C,Tower Hamlets,1.0,0.11790770369558916,8.481210036807877
E01004298,Tower Hamlets 022A,Tower Hamlets,2.0,0.09136076958149673,21.89123416058723
E01004300,Tower Hamlets 022B,Tower Hamlets,0.0,0.04921574019069741,0.0
E01004301,Tower Hamlets 025B,Tower Hamlets,0.0,0.08312734840027881,0.0
E01004302,Tower Hamlets 025C,Tower Hamlets,0.0,0.0491168873686684,0.0
E01004303,Tower Hamlets 025D,Tower Hamlets,1.0,0.2260545004424682,4.423711972301583
E01004304,Tower Hamlets 022C,Tower Hamlets,1.0,0.10247747879035787,9.75824163322498
E01004305,Tower Hamlets 022D,Tower Hamlets,0.0,0.09185868151256327,0.0
E01004306,Tower Hamlets 015A,Tower Hamlets,2.0,0.11951153239202242,16.734786676817
E01004307,Tower Hamlets 015B,Tower Hamlets,13.0,0.21174950318661032,61.39329634480123
E01004308,Tower Hamlets 015C,Tower Hamlets,0.0,0.08360238780365263,0.0
E01004309,Tower Hamlets 015D,Tower Hamlets,5.0,0.13024258072252268,38.38990268975342
E01004310,Tower Hamlets 015E,Tower Hamlets,4.0,0.09151998677828531,43.70630002045705
E01004311,Tower Hamlets 006A,Tower Hamlets,1.0,0.08450042819602488,11.834259557598816
E01004312,Tower Hamlets 009A,Tower Hamlets,0.0,0.06894863149151031,0.0
E01004313,Tower Hamlets 009B,Tower Hamlets,1.0,0.08133390072749695,12.294996195380127
E01004314,Tower Hamlets 006B,Tower Hamlets,2.0,0.08331575929235306,24.005062391402404
E01004315,Tower Hamlets 006C,Tower Hamlets,3.0,0.09407270729563896,31.890227104573555
E01004316,Tower Hamlets 009C,Tower Hamlets,0.0,0.03407454945238905,0.0
E01004317,Tower Hamlets 009D,Tower Hamlets,14.0,0.27429008935186533,51.040852526175286
E01004318,Tower Hamlets 006D,Tower Hamlets,3.0,0.057573961847093805,52.106888318150936
E01004319,Tower Hamlets 021A,Tower Hamlets,0.0,0.09090269215004444,0.0
E01004321,Tower Hamlets 021C,Tower Hamlets,0.0,0.1052454883927784,0.0
E01004322,Tower Hamlets 017A,Tower Hamlets,3.0,0.13993129373252478,21.439092857487804
E01004323,Tower Hamlets 017B,Tower Hamlets,0.0,0.0703799910814733,0.0
E01004324,Tower Hamlets 017C,Tower Hamlets,0.0,0.07738665010576544,0.0
E01004325,Tower Hamlets 021D,Tower Hamlets,0.0,0.13543907467775054,0.0
E01004326,Tower Hamlets 017D,Tower Hamlets,0.0,0.08384599041263006,0.0
E01004327,Waltham Forest 028A,Waltham Forest,1.0,0.11263749277928041,8.878038522746214
E01004328,Waltham Forest 028B,Waltham Forest,0.0,0.1015283933759556,0.0
E01004329,Waltham Forest 028C,Waltham Forest,1.0,0.11673170805544812,8.5666526829625
E01004330,Waltham Forest 028D,Waltham Forest,0.0,0.09702378503987902,0.0
E01004331,Waltham Forest 028E,Waltham Forest,3.0,0.10702735732803594,28.0302165249683
E01004332,Waltham Forest 028F,Waltham Forest,1.0,0.11330759536403198,8.825533688074692
E01004333,Waltham Forest 024A,Waltham Forest,0.0,0.09948090307217064,0.0
E01004334,Waltham Forest 024B,Waltham Forest,1.0,0.10997236371070933,9.093193655731326
E01004335,Waltham Forest 027A,Waltham Forest,2.0,0.11998172716779526,16.669204946541456
E01004336,Waltham Forest 026A,Waltham Forest,1.0,0.21324414332790106,4.689460560998015
E01004337,Waltham Forest 027B,Waltham Forest,0.0,0.11513816405257596,0.0
E01004338,Waltham Forest 027C,Waltham Forest,0.0,0.09462887027659553,0.0
E01004339,Waltham Forest 027D,Waltham Forest,1.0,0.106285650444924,9.408607801842344
E01004340,Waltham Forest 027E,Waltham Forest,1.0,0.26158857592185486,3.8227969110498656
E01004341,Waltham Forest 027F,Waltham Forest,1.0,0.1499011440178385,6.67106316334049
E01004342,Waltham Forest 011A,Waltham Forest,1.0,0.36127035019784526,2.7680101604030396
E01004343,Waltham Forest 008A,Waltham Forest,0.0,0.2788842244818335,0.0
E01004344,Waltham Forest 008B,Waltham Forest,0.0,0.37759476361816635,0.0
E01004345,Waltham Forest 010A,Waltham Forest,0.0,0.14354057324003422,0.0
E01004346,Waltham Forest 011B,Waltham Forest,0.0,0.18656417753740062,0.0
E01004347,Waltham Forest 011C,Waltham Forest,0.0,0.23202907635042758,0.0
E01004348,Waltham Forest 010B,Waltham Forest,1.0,0.26728552450732945,3.7413174613299276
E01004349,Waltham Forest 001A,Waltham Forest,0.0,0.6474700974620691,0.0
E01004350,Waltham Forest 001B,Waltham Forest,1.0,0.3133899610714444,3.1909126781889072
E01004351,Waltham Forest 001C,Waltham Forest,1.0,0.42907706155933145,2.3305836866828713
E01004352,Waltham Forest 002A,Waltham Forest,5.0,1.4663579854403908,3.409808552649135
E01004353,Waltham Forest 002B,Waltham Forest,1.0,0.572608105136841,1.746395119155747
E01004354,Waltham Forest 002C,Waltham Forest,0.0,0.30339368798463945,0.0
E01004355,Waltham Forest 004A,Waltham Forest,0.0,0.2461389214123062,0.0
E01004356,Waltham Forest 001D,Waltham Forest,1.0,0.47066757686886734,2.1246417835971094
E01004357,Waltham Forest 001E,Waltham Forest,0.0,0.3396143896305268,0.0
E01004358,Waltham Forest 002D,Waltham Forest,0.0,0.24258280982775698,0.0
E01004359,Waltham Forest 002E,Waltham Forest,0.0,0.22616913509454656,0.0
E01004360,Waltham Forest 004B,Waltham Forest,0.0,0.22489972176555237,0.0
E01004361,Waltham Forest 005A,Waltham Forest,0.0,0.20571236228697226,0.0
E01004362,Waltham Forest 021A,Waltham Forest,0.0,0.8117918370968777,0.0
E01004363,Waltham Forest 019A,Waltham Forest,0.0,0.2990156790565539,0.0
E01004364,Waltham Forest 019B,Waltham Forest,1.0,0.19955471284736098,5.011157019202539
E01004365,Waltham Forest 020A,Waltham Forest,1.0,0.11988320100362176,8.341452277119204
E01004366,Waltham Forest 019C,Waltham Forest,0.0,0.2912723288584764,0.0
E01004367,Waltham Forest 019D,Waltham Forest,1.0,0.12322750467890807,8.115071408819679
E01004368,Waltham Forest 019E,Waltham Forest,0.0,0.14199918850399978,0.0
E01004369,Waltham Forest 023A,Waltham Forest,0.0,0.09648021870830036,0.0
E01004370,Waltham Forest 023B,Waltham Forest,0.0,0.14084755693060536,0.0
E01004371,Waltham Forest 025A,Waltham Forest,1.0,0.10809705612314663,9.250945732146278
E01004372,Waltham Forest 023C,Waltham Forest,0.0,0.09881368420091345,0.0
E01004373,Waltham Forest 025B,Waltham Forest,0.0,0.09524351393777984,0.0
E01004374,Waltham Forest 025C,Waltham Forest,1.0,0.1285187363649096,7.780966637896677
E01004375,Waltham Forest 025D,Waltham Forest,0.0,0.11719446893144692,0.0
E01004376,Waltham Forest 025E,Waltham Forest,1.0,0.10926840380965304,9.151776406856028
E01004377,Waltham Forest 010C,Waltham Forest,0.0,0.8303213220566015,0.0
E01004378,Waltham Forest 010D,Waltham Forest,0.0,0.2171385431478196,0.0
E01004379,Waltham Forest 007A,Waltham Forest,0.0,0.21221385542745488,0.0
E01004380,Waltham Forest 007B,Waltham Forest,0.0,0.5111191126885274,0.0
E01004381,Waltham Forest 007C,Waltham Forest,4.0,0.23335192711819217,17.141491177718066
E01004382,Waltham Forest 008C,Waltham Forest,0.0,0.11863546836953463,0.0
E01004383,Waltham Forest 007D,Waltham Forest,0.0,0.22845841398195404,0.0
E01004384,Waltham Forest 003A,Waltham Forest,0.0,0.2740070202379256,0.0
E01004385,Waltham Forest 003B,Waltham Forest,0.0,0.47667644058057246,0.0
E01004386,Waltham Forest 003C,Waltham Forest,0.0,0.37802994588931554,0.0
E01004387,Waltham Forest 007E,Waltham Forest,0.0,0.2670920394603635,0.0
E01004388,Waltham Forest 007F,Waltham Forest,0.0,0.2704171881100063,0.0
E01004389,Waltham Forest 003D,Waltham Forest,1.0,0.4185254086605455,2.38934119484027
E01004390,Waltham Forest 003E,Waltham Forest,0.0,0.3256083097920028,0.0
E01004391,Waltham Forest 014A,Waltham Forest,0.0,0.7389879170151219,0.0
E01004392,Waltham Forest 017A,Waltham Forest,1.0,0.21333424486092184,4.687479971403214
E01004393,Waltham Forest 014B,Waltham Forest,0.0,0.14272256171859765,0.0
E01004394,Waltham Forest 017B,Waltham Forest,0.0,0.11926582227123889,0.0
E01004395,Waltham Forest 018A,Waltham Forest,1.0,1.50583084942407,0.6640852127464826
E01004396,Waltham Forest 012A,Waltham Forest,0.0,0.11271030455477635,0.0
E01004397,Waltham Forest 017C,Waltham Forest,3.0,0.23606863566160632,12.708168501894356
E01004398,Waltham Forest 009A,Waltham Forest,0.0,0.4314881891165607,0.0
E01004399,Waltham Forest 009B,Waltham Forest,0.0,0.7897164257870475,0.0
E01004400,Waltham Forest 009C,Waltham Forest,1.0,0.17329328694716262,5.770563982117215
E01004401,Waltham Forest 014C,Waltham Forest,9.0,1.1059215957206772,8.1380090910831
E01004402,Waltham Forest 009D,Waltham Forest,0.0,0.18983369060853425,0.0
E01004403,Waltham Forest 009E,Waltham Forest,0.0,0.38845888440935417,0.0
E01004404,Waltham Forest 014D,Waltham Forest,0.0,0.15142025049176058,0.0
E01004405,Waltham Forest 020B,Waltham Forest,0.0,0.11921827027112408,0.0
E01004406,Waltham Forest 016A,Waltham Forest,0.0,0.1402665599605269,0.0
E01004407,Waltham Forest 013A,Waltham Forest,0.0,0.09373348874472974,0.0
E01004408,Waltham Forest 016B,Waltham Forest,1.0,0.11805410496374148,8.470692317790514
E01004409,Waltham Forest 016C,Waltham Forest,1.0,0.15743785381951197,6.351712601128367
E01004410,Waltham Forest 013B,Waltham Forest,2.0,0.19706680932035536,10.148842450423825
E01004411,Waltham Forest 016D,Waltham Forest,0.0,0.12228513634932062,0.0
E01004412,Waltham Forest 015A,Waltham Forest,2.0,0.15079009865238896,13.263470333092153
E01004413,Waltham Forest 004C,Waltham Forest,1.0,0.3237412847023425,3.088886241121302
E01004414,Waltham Forest 005B,Waltham Forest,1.0,0.28688096206345737,3.4857663359996764
E01004415,Waltham Forest 004D,Waltham Forest,0.0,0.26422802914236226,0.0
E01004416,Waltham Forest 004E,Waltham Forest,0.0,0.4719585702997423,0.0
E01004417,Waltham Forest 005C,Waltham Forest,1.0,0.2746934242607662,3.640422054845772
E01004418,Waltham Forest 008D,Waltham Forest,0.0,0.18161846438403065,0.0
E01004419,Waltham Forest 008E,Waltham Forest,0.0,0.2642830185115447,0.0
E01004420,Waltham Forest 020C,Waltham Forest,2.0,0.16904110262458893,11.831441992197922
E01004421,Waltham Forest 018B,Waltham Forest,0.0,0.12709222608984094,0.0
E01004422,Waltham Forest 022A,Waltham Forest,2.0,1.343420641724486,1.4887369881652956
E01004423,Waltham Forest 020D,Waltham Forest,0.0,0.12716041107260592,0.0
E01004424,Waltham Forest 022B,Waltham Forest,2.0,0.2176821758657495,9.187706765819238
E01004425,Waltham Forest 022C,Waltham Forest,0.0,0.13243925583129865,0.0
E01004426,Waltham Forest 022D,Waltham Forest,0.0,0.12505198713547527,0.0
E01004427,Waltham Forest 022E,Waltham Forest,2.0,0.4076996810701728,4.905571656936769
E01004428,Waltham Forest 026B,Waltham Forest,0.0,0.1576641336232207,0.0
E01004429,Waltham Forest 026C,Waltham Forest,1.0,0.5351284404099486,1.8687102468968477
E01004430,Waltham Forest 026D,Waltham Forest,4.0,0.5103400743870051,7.837910837796932
E01004432,Waltham Forest 023D,Waltham Forest,4.0,0.1858275553007464,21.525332954665057
E01004434,Waltham Forest 026E,Waltham Forest,0.0,0.3236648511712307,0.0
E01004435,Waltham Forest 023E,Waltham Forest,0.0,0.15998945103998558,0.0
E01004436,Waltham Forest 021B,Waltham Forest,0.0,0.22831688621625845,0.0
E01004437,Waltham Forest 021C,Waltham Forest,0.0,0.15361016962086418,0.0
E01004438,Waltham Forest 024C,Waltham Forest,6.0,0.2595464376787371,23.117250437575702
E01004439,Waltham Forest 021D,Waltham Forest,0.0,0.1476425008397879,0.0
E01004440,Waltham Forest 024D,Waltham Forest,2.0,0.23806842096589703,8.400946214897175
E01004441,Waltham Forest 024E,Waltham Forest,1.0,0.12924092369949722,7.73748725539239
E01004442,Waltham Forest 021E,Waltham Forest,0.0,0.15331620845412122,0.0
E01004443,Waltham Forest 016E,Waltham Forest,0.0,0.12839753727661504,0.0
E01004444,Waltham Forest 017D,Waltham Forest,2.0,0.19615985885994652,10.195765900443233
E01004445,Waltham Forest 018C,Waltham Forest,0.0,0.17140070689103326,0.0
E01004446,Waltham Forest 017E,Waltham Forest,0.0,0.1250866775007652,0.0
E01004447,Waltham Forest 016F,Waltham Forest,0.0,0.12705270447800968,0.0
E01004448,Waltham Forest 018D,Waltham Forest,0.0,0.5153119852149493,0.0
E01004449,Waltham Forest 018E,Waltham Forest,0.0,0.17922617934908402,0.0
E01004450,Waltham Forest 006A,Waltham Forest,1.0,0.2963313893116717,3.3746003159598885
E01004451,Waltham Forest 005D,Waltham Forest,0.0,0.19510371961910242,0.0
E01004452,Waltham Forest 005E,Waltham Forest,3.0,0.23119226820200905,12.976212497637194
E01004453,Waltham Forest 006B,Waltham Forest,0.0,0.3350468988957811,0.0
E01004454,Waltham Forest 006C,Waltham Forest,0.0,0.1915837063019215,0.0
E01004455,Waltham Forest 006D,Waltham Forest,0.0,0.4706532936588332,0.0
E01004456,Waltham Forest 006E,Waltham Forest,0.0,0.249655622683815,0.0
E01004457,Waltham Forest 012B,Waltham Forest,0.0,0.12044723847228836,0.0
E01004458,Waltham Forest 012C,Waltham Forest,1.0,0.13072267465295942,7.6497822788187655
E01004459,Waltham Forest 012D,Waltham Forest,0.0,0.11004082573997227,0.0
E01004460,Waltham Forest 011D,Waltham Forest,0.0,0.138688537716878,0.0
E01004461,Waltham Forest 014E,Waltham Forest,2.0,0.22026280786732466,9.080062219150046
E01004462,Waltham Forest 011E,Waltham Forest,0.0,0.136098563758821,0.0
E01004463,Waltham Forest 012E,Waltham Forest,0.0,0.1428130516930522,0.0
E01004464,Waltham Forest 013C,Waltham Forest,3.0,0.11424232030745435,26.25997084028281
E01004465,Waltham Forest 015B,Waltham Forest,0.0,0.11577419768095999,0.0
E01004466,Waltham Forest 015C,Waltham Forest,4.0,0.14781880606171627,27.06015632631986
E01004467,Waltham Forest 015D,Waltham Forest,1.0,0.19977423647743298,5.00565046641018
E01004468,Waltham Forest 015E,Waltham Forest,0.0,0.7798320029260627,0.0
E01004469,Waltham Forest 013D,Waltham Forest,0.0,0.20749372449870096,0.0
E01004470,Waltham Forest 013E,Waltham Forest,0.0,0.1444380675241258,0.0
E01004471,Waltham Forest 013F,Waltham Forest,0.0,0.13548529981654236,0.0
E01004472,Wandsworth 021A,Wandsworth,1.0,0.13163678590220457,7.5966607141480855
E01004473,Wandsworth 026A,Wandsworth,0.0,0.11092636348109246,0.0
E01004474,Wandsworth 021B,Wandsworth,7.0,0.14744641411268627,47.47487446286916
E01004475,Wandsworth 026B,Wandsworth,0.0,0.10436425136510095,0.0
E01004476,Wandsworth 021C,Wandsworth,0.0,0.19173815939119315,0.0
E01004477,Wandsworth 017A,Wandsworth,0.0,0.20521257635248677,0.0
E01004478,Wandsworth 017B,Wandsworth,0.0,0.09565562885135256,0.0
E01004479,Wandsworth 017C,Wandsworth,0.0,0.14531834775034347,0.0
E01004480,Wandsworth 026C,Wandsworth,0.0,0.07717436383097193,0.0
E01004481,Wandsworth 029A,Wandsworth,0.0,0.10227514995368996,0.0
E01004482,Wandsworth 030A,Wandsworth,1.0,0.11929557168624949,8.382540825824
E01004483,Wandsworth 026D,Wandsworth,0.0,0.451462379789301,0.0
E01004484,Wandsworth 026E,Wandsworth,0.0,0.3099958592544197,0.0
E01004485,Wandsworth 030B,Wandsworth,1.0,0.15217535661088055,6.5713662334765965
E01004486,Wandsworth 026F,Wandsworth,0.0,0.2685226304432762,0.0
E01004487,Wandsworth 030C,Wandsworth,0.0,0.10538180953643934,0.0
E01004488,Wandsworth 029B,Wandsworth,0.0,0.1076679977185166,0.0
E01004489,Wandsworth 030D,Wandsworth,0.0,0.18182733037694246,0.0
E01004490,Wandsworth 031A,Wandsworth,0.0,0.12618767339877038,0.0
E01004491,Wandsworth 031B,Wandsworth,0.0,0.17160872728741072,0.0
E01004492,Wandsworth 031C,Wandsworth,2.0,0.27895724234231006,7.169557539380133
E01004493,Wandsworth 019A,Wandsworth,1.0,0.13960050409341226,7.163297915678442
E01004494,Wandsworth 018A,Wandsworth,2.0,0.11991672107242753,16.67824121701957
E01004495,Wandsworth 024A,Wandsworth,0.0,0.11727800844287414,0.0
E01004496,Wandsworth 024B,Wandsworth,7.0,0.17650667970805486,39.65855576445108
E01004497,Wandsworth 024C,Wandsworth,0.0,0.16807480056253415,0.0
E01004498,Wandsworth 031D,Wandsworth,0.0,0.1141795265377745,0.0
E01004499,Wandsworth 020A,Wandsworth,1.0,0.14257832066053738,7.013689005223208
E01004500,Wandsworth 014A,Wandsworth,0.0,0.16006106587139673,0.0
E01004501,Wandsworth 014B,Wandsworth,0.0,0.1614504720878755,0.0
E01004502,Wandsworth 020B,Wandsworth,0.0,0.1416311533844437,0.0
E01004503,Wandsworth 014C,Wandsworth,0.0,0.19909138615183306,0.0
E01004504,Wandsworth 020C,Wandsworth,0.0,0.225145856944832,0.0
E01004505,Wandsworth 014D,Wandsworth,0.0,0.1974374159332393,0.0
E01004506,Wandsworth 011A,Wandsworth,1.0,0.20164348019657377,4.959247871665089
E01004507,Wandsworth 014E,Wandsworth,0.0,0.1808894086804799,0.0
E01004508,Wandsworth 012A,Wandsworth,7.0,0.13733640933401817,50.969732163123496
E01004509,Wandsworth 010A,Wandsworth,8.0,0.3867256833564629,20.6864978052829
E01004510,Wandsworth 012B,Wandsworth,1.0,0.16601495544813097,6.023553705150594
E01004511,Wandsworth 010B,Wandsworth,2.0,0.15895702396241762,12.582017139883433
E01004512,Wandsworth 019B,Wandsworth,0.0,0.11483460044408052,0.0
E01004513,Wandsworth 018B,Wandsworth,2.0,0.15157746450993953,13.194573523618033
E01004514,Wandsworth 012C,Wandsworth,3.0,0.1644054345346698,18.247571976505196
E01004515,Wandsworth 012D,Wandsworth,0.0,0.10568237797842922,0.0
E01004516,Wandsworth 036A,Wandsworth,0.0,0.21480871992278355,0.0
E01004517,Wandsworth 037A,Wandsworth,1.0,0.1514349421578893,6.6034957701993156
E01004518,Wandsworth 036B,Wandsworth,0.0,0.12896341597826522,0.0
E01004519,Wandsworth 036C,Wandsworth,0.0,0.13106970951411664,0.0
E01004520,Wandsworth 036D,Wandsworth,0.0,0.11417283227721324,0.0
E01004521,Wandsworth 037B,Wandsworth,0.0,0.12048691406225431,0.0
E01004522,Wandsworth 037C,Wandsworth,0.0,0.11552393942249813,0.0
E01004523,Wandsworth 036E,Wandsworth,0.0,0.30608593017116387,0.0
E01004524,Wandsworth 037D,Wandsworth,0.0,0.1305458928675751,0.0
E01004525,Wandsworth 035A,Wandsworth,12.0,0.13988627244329674,85.78397143911481
E01004526,Wandsworth 035B,Wandsworth,0.0,0.10454412879996694,0.0
E01004527,Wandsworth 035C,Wandsworth,0.0,0.09747589451942847,0.0
E01004528,Wandsworth 035D,Wandsworth,3.0,0.14778060143091296,20.30036399197152
E01004529,Wandsworth 035E,Wandsworth,1.0,0.12263400070775782,8.154345403629485
E01004530,Wandsworth 035F,Wandsworth,0.0,0.13385837229674236,0.0
E01004531,Wandsworth 033A,Wandsworth,0.0,0.08371589752617263,0.0
E01004532,Wandsworth 032A,Wandsworth,0.0,0.09004294249299218,0.0
E01004533,Wandsworth 033B,Wandsworth,0.0,0.08918501747610845,0.0
E01004534,Wandsworth 008A,Wandsworth,1.0,0.25722095745999574,3.887708100750402
E01004535,Wandsworth 007A,Wandsworth,0.0,0.07716027760999852,0.0
E01004536,Wandsworth 008B,Wandsworth,0.0,0.15009009361344527,0.0
E01004537,Wandsworth 007B,Wandsworth,2.0,0.11672114578122222,17.13485578481834
E01004538,Wandsworth 007C,Wandsworth,0.0,0.11456174283382468,0.0
E01004539,Wandsworth 003A,Wandsworth,2.0,0.1353905473694081,14.772080022271231
E01004540,Wandsworth 003B,Wandsworth,3.0,0.13892977817431454,21.593642769917288
E01004541,Wandsworth 007D,Wandsworth,0.0,0.09454873801243258,0.0
E01004542,Wandsworth 021D,Wandsworth,0.0,0.13096848945823686,0.0
E01004543,Wandsworth 027A,Wandsworth,3.0,0.20888258594751843,14.362135485787922
E01004544,Wandsworth 021E,Wandsworth,1.0,0.10324853689060225,9.685367271204603
E01004545,Wandsworth 027B,Wandsworth,4.0,0.14587664413766477,27.420427880320396
E01004546,Wandsworth 027C,Wandsworth,0.0,0.09213883080464184,0.0
E01004547,Wandsworth 029C,Wandsworth,0.0,0.11575404108651852,0.0
E01004548,Wandsworth 029D,Wandsworth,1.0,0.16411019492983148,6.09346665164568
E01004549,Wandsworth 027D,Wandsworth,0.0,0.12424054577919756,0.0
E01004550,Wandsworth 017D,Wandsworth,1.0,0.14317512341534802,6.9844535569145
E01004551,Wandsworth 012E,Wandsworth,3.0,0.21362014377685273,14.043619421648716
E01004552,Wandsworth 008C,Wandsworth,15.0,0.10815788403509687,138.6861451092419
E01004553,Wandsworth 015A,Wandsworth,1.0,0.19873269416977313,5.0318846839852185
E01004554,Wandsworth 009A,Wandsworth,0.0,0.40570680182460045,0.0
E01004555,Wandsworth 017E,Wandsworth,0.0,0.13917938183810113,0.0
E01004556,Wandsworth 009B,Wandsworth,0.0,0.10056158928136355,0.0
E01004557,Wandsworth 015B,Wandsworth,1.0,0.10863258300447161,9.205341273702729
E01004558,Wandsworth 015C,Wandsworth,2.0,0.22419097863017065,8.920965563468256
E01004559,Wandsworth 015D,Wandsworth,0.0,0.17742191385002495,0.0
E01004560,Wandsworth 001A,Wandsworth,0.0,0.6955551309619239,0.0
E01004562,Wandsworth 002B,Wandsworth,1.0,0.6650261489316228,1.5037002704427773
E01004563,Wandsworth 002C,Wandsworth,2.0,0.15272045773347936,13.09582245680737
E01004564,Wandsworth 002D,Wandsworth,2.0,0.38356627514734637,5.214222755198442
E01004565,Wandsworth 005A,Wandsworth,0.0,0.08704698804714632,0.0
E01004566,Wandsworth 001B,Wandsworth,0.0,0.09537939780695963,0.0
E01004567,Wandsworth 002E,Wandsworth,0.0,0.11744753768749584,0.0
E01004568,Wandsworth 013A,Wandsworth,1.0,0.22509102560188177,4.4426471349804
E01004569,Wandsworth 023A,Wandsworth,2.0,0.2902882083457435,6.8897045849617475
E01004570,Wandsworth 023B,Wandsworth,0.0,0.11713416012893788,0.0
E01004571,Wandsworth 023C,Wandsworth,0.0,0.12224987507037896,0.0
E01004572,Wandsworth 016A,Wandsworth,1.0,0.7841894210624424,1.2752021044165212
E01004573,Wandsworth 023D,Wandsworth,0.0,1.677022640057855,0.0
E01004574,Wandsworth 013B,Wandsworth,0.0,0.21309765924459978,0.0
E01004575,Wandsworth 013C,Wandsworth,0.0,0.5443086618913501,0.0
E01004576,Wandsworth 013D,Wandsworth,0.0,0.4397851598628329,0.0
E01004577,Wandsworth 003C,Wandsworth,0.0,0.11540133976541478,0.0
E01004579,Wandsworth 004B,Wandsworth,2.0,0.11760192509523268,17.006524326709986
E01004580,Wandsworth 004C,Wandsworth,1.0,0.10865068668715806,9.203807453875896
E01004581,Wandsworth 004D,Wandsworth,4.0,0.11121355561742242,35.96683855482605
E01004582,Wandsworth 001C,Wandsworth,3.0,0.13135322921631007,22.83917965244429
E01004583,Wandsworth 001D,Wandsworth,1.0,0.15051139461564697,6.6440152425246435
E01004584,Wandsworth 003D,Wandsworth,0.0,0.051940072865866736,0.0
E01004585,Wandsworth 008D,Wandsworth,2.0,0.12667524206150946,15.788404801538597
E01004586,Wandsworth 009C,Wandsworth,0.0,0.0865442582150807,0.0
E01004587,Wandsworth 009D,Wandsworth,0.0,0.10703520654483695,0.0
E01004588,Wandsworth 008E,Wandsworth,5.0,0.1670835539563521,29.92514751814634
E01004589,Wandsworth 009E,Wandsworth,1.0,0.09573426184330397,10.44558114039445
E01004590,Wandsworth 005B,Wandsworth,0.0,0.14363252456040287,0.0
E01004591,Wandsworth 005C,Wandsworth,1.0,0.12296894359243493,8.13213459257139
E01004592,Wandsworth 005D,Wandsworth,0.0,0.09599718022522932,0.0
E01004593,Wandsworth 025A,Wandsworth,2.0,0.2156952763694243,9.27234028331048
E01004594,Wandsworth 020D,Wandsworth,0.0,0.1438082424598017,0.0
E01004595,Wandsworth 025B,Wandsworth,0.0,0.22835208944310328,0.0
E01004596,Wandsworth 020E,Wandsworth,1.0,0.11763638302270556,8.500771396609375
E01004597,Wandsworth 025C,Wandsworth,0.0,0.13885634823219248,0.0
E01004598,Wandsworth 025D,Wandsworth,1.0,0.14301318400334337,6.992362326375601
E01004599,Wandsworth 025E,Wandsworth,0.0,0.1089582869197439,0.0
E01004600,Wandsworth 018C,Wandsworth,0.0,0.12591653934957253,0.0
E01004601,Wandsworth 018D,Wandsworth,1.0,0.30244850792133726,3.3063479362909813
E01004602,Wandsworth 010C,Wandsworth,0.0,0.14222225551965334,0.0
E01004604,Wandsworth 006A,Wandsworth,0.0,0.3766869808143723,0.0
E01004605,Wandsworth 006B,Wandsworth,1.0,0.193093697827101,5.178832925429886
E01004606,Wandsworth 006C,Wandsworth,1.0,0.10567647219784948,9.462844275571399
E01004607,Wandsworth 006D,Wandsworth,1.0,0.17239434714973934,5.8006542356717405
E01004608,Wandsworth 006E,Wandsworth,4.0,0.096197123138066,41.58128506877527
E01004609,Wandsworth 010E,Wandsworth,10.0,0.20488266486196197,48.80842411307672
E01004610,Wandsworth 033C,Wandsworth,0.0,0.28583002283709164,0.0
E01004611,Wandsworth 032B,Wandsworth,1.0,0.12296815926572051,8.132186461692992
E01004612,Wandsworth 032C,Wandsworth,0.0,0.12104790901047294,0.0
E01004613,Wandsworth 033D,Wandsworth,2.0,0.09918783862415403,20.163762289230526
E01004614,Wandsworth 034A,Wandsworth,0.0,0.14399409252449807,0.0
E01004615,Wandsworth 034B,Wandsworth,0.0,0.17645966860827914,0.0
E01004616,Wandsworth 034C,Wandsworth,0.0,0.10525951808274737,0.0
E01004617,Wandsworth 034D,Wandsworth,5.0,0.4285681645326918,11.666755521731229
E01004618,Wandsworth 032D,Wandsworth,0.0,0.11984843818594386,0.0
E01004619,Wandsworth 015E,Wandsworth,0.0,0.5290494208318637,0.0
E01004620,Wandsworth 019C,Wandsworth,0.0,0.10651845047592197,0.0
E01004621,Wandsworth 019D,Wandsworth,0.0,0.4398461084952928,0.0
E01004622,Wandsworth 024D,Wandsworth,1.0,0.20452301740990803,4.88942522296053
E01004623,Wandsworth 019E,Wandsworth,0.0,0.1493947604494633,0.0
E01004624,Wandsworth 024E,Wandsworth,0.0,0.39969629182100175,0.0
E01004625,Wandsworth 027E,Wandsworth,0.0,0.24801999922404722,0.0
E01004626,Wandsworth 027F,Wandsworth,0.0,0.5754599527628683,0.0
E01004627,Wandsworth 019F,Wandsworth,0.0,0.10960532882069653,0.0
E01004628,Wandsworth 022A,Wandsworth,0.0,0.22480075521502837,0.0
E01004629,Wandsworth 020F,Wandsworth,0.0,0.24389357225799782,0.0
E01004630,Wandsworth 022B,Wandsworth,0.0,0.11491055633912546,0.0
E01004631,Wandsworth 022C,Wandsworth,0.0,0.16201925277344356,0.0
E01004632,Wandsworth 028A,Wandsworth,0.0,0.2791871220779667,0.0
E01004633,Wandsworth 022D,Wandsworth,0.0,0.08168083874489918,0.0
E01004634,Wandsworth 028B,Wandsworth,0.0,0.121110089890282,0.0
E01004635,Wandsworth 028C,Wandsworth,0.0,0.16541136048701666,0.0
E01004636,Wandsworth 028D,Wandsworth,0.0,0.1510844060499015,0.0
E01004637,Wandsworth 028E,Wandsworth,0.0,0.1420403070836319,0.0
E01004638,Wandsworth 011B,Wandsworth,0.0,0.2699792827109691,0.0
E01004639,Wandsworth 011C,Wandsworth,0.0,0.2244458745329728,0.0
E01004640,Wandsworth 011D,Wandsworth,1.0,0.16759014166563885,5.966938091114645
E01004641,Wandsworth 011E,Wandsworth,0.0,0.20716946639304432,0.0
E01004642,Wandsworth 016B,Wandsworth,0.0,0.22243180057708753,0.0
E01004643,Wandsworth 016C,Wandsworth,1.0,0.20226864967376734,4.94391988878587
E01004644,Wandsworth 016D,Wandsworth,0.0,0.39260622358002173,0.0
E01004645,Wandsworth 016E,Wandsworth,0.0,0.15929852447211884,0.0
E01004646,Westminster 002A,Westminster,0.0,0.212808819613586,0.0
E01004647,Westminster 001A,Westminster,2.0,0.19619779164347598,10.193794656131159
E01004648,Westminster 002B,Westminster,1.0,0.21471083667403967,4.657426776824201
E01004649,Westminster 001B,Westminster,0.0,0.19372334550163298,0.0
E01004650,Westminster 002C,Westminster,0.0,0.17654960554819932,0.0
E01004651,Westminster 003A,Westminster,0.0,0.10054632341970333,0.0
E01004652,Westminster 017A,Westminster,1.0,0.047343875770053494,21.122056099862693
E01004653,Westminster 014A,Westminster,4.0,0.09111149952943474,43.902251863473595
E01004654,Westminster 014B,Westminster,1.0,0.1184679563349558,8.441101129258989
E01004656,Westminster 014D,Westminster,1.0,0.15207916202893149,6.575522817582072
E01004657,Westminster 012A,Westminster,5.0,0.12355185129750289,40.468839175549085
E01004658,Westminster 012B,Westminster,4.0,0.10123377435871544,39.51250484671503
E01004659,Westminster 008A,Westminster,3.0,0.11261875104063919,26.638547952973045
E01004660,Westminster 008B,Westminster,2.0,0.0692108241473303,28.89721405054453
E01004661,Westminster 012C,Westminster,5.0,0.13180039725331505,37.936152729420094
E01004662,Westminster 012D,Westminster,1.0,0.09019008696857572,11.08769304489553
E01004663,Westminster 012E,Westminster,3.0,0.09408558855258105,31.88586101391509
E01004665,Westminster 024A,Westminster,1.0,0.04651051777270778,21.500513171814156
E01004666,Westminster 023B,Westminster,2.0,0.0871788148717227,22.941353388926597
E01004667,Westminster 023C,Westminster,2.0,0.13137359777235555,15.223759065087068
E01004668,Westminster 023D,Westminster,0.0,0.05520785250886979,0.0
E01004669,Westminster 024B,Westminster,0.0,0.07412411501043203,0.0
E01004670,Westminster 009A,Westminster,0.0,0.08420368447953155,0.0
E01004674,Westminster 005A,Westminster,1.0,0.08798259179606442,11.365884768635917
E01004675,Westminster 005B,Westminster,0.0,0.08946486348909381,0.0
E01004676,Westminster 006A,Westminster,0.0,0.08148148177020191,0.0
E01004677,Westminster 005C,Westminster,0.0,0.06909477603383583,0.0
E01004678,Westminster 005D,Westminster,1.0,0.08560765929421371,11.681197783521116
E01004679,Westminster 005E,Westminster,0.0,0.0782092814324681,0.0
E01004680,Westminster 015A,Westminster,2.0,0.11413562595715021,17.523012496999467
E01004681,Westminster 016A,Westminster,6.0,0.17718360350074372,33.86317854165787
E01004682,Westminster 016B,Westminster,5.0,0.09088664700021121,55.013581918016854
E01004683,Westminster 015B,Westminster,2.0,0.13127709201567186,15.234950510339154
E01004684,Westminster 015C,Westminster,2.0,0.07946135042325485,25.16946904812088
E01004686,Westminster 015E,Westminster,0.0,0.06311932277999299,0.0
E01004687,Westminster 019A,Westminster,3.0,0.18403067905537807,16.301629790200618
E01004688,Westminster 019B,Westminster,6.0,0.7498315131987684,8.001797596374821
E01004689,Westminster 019C,Westminster,3.0,1.9227812802274336,1.5602398623545728
E01004690,Westminster 019D,Westminster,2.0,0.23341163468953496,8.56855316000094
E01004691,Westminster 019E,Westminster,8.0,0.34984519462528757,22.867257069426508
E01004692,Westminster 019F,Westminster,0.0,0.14910682534755781,0.0
E01004693,Westminster 017B,Westminster,0.0,0.08235497222945996,0.0
E01004694,Westminster 016C,Westminster,4.0,0.10352553297935733,38.63781122283705
E01004695,Westminster 017C,Westminster,1.0,0.05743364650850512,17.411396642766082
E01004696,Westminster 017D,Westminster,0.0,0.06684217728021061,0.0
E01004697,Westminster 016D,Westminster,1.0,0.05593157174556629,17.878989786824118
E01004698,Westminster 017E,Westminster,0.0,0.09109908419184992,0.0
E01004699,Westminster 017F,Westminster,5.0,0.11675293256186689,42.82547675922847
E01004700,Westminster 016E,Westminster,0.0,0.05715285681330212,0.0
E01004701,Westminster 007A,Westminster,1.0,0.07833510373024087,12.765668932330207
E01004702,Westminster 009E,Westminster,0.0,0.16607221161406227,0.0
E01004703,Westminster 007B,Westminster,1.0,0.20740690925992913,4.821440151479077
E01004705,Westminster 007D,Westminster,4.0,0.06813130331142914,58.710164132864804
E01004706,Westminster 006B,Westminster,0.0,0.1386336380497463,0.0
E01004707,Westminster 006C,Westminster,0.0,0.12750285601103165,0.0
E01004708,Westminster 006D,Westminster,0.0,0.081259867814475,0.0
E01004709,Westminster 007E,Westminster,1.0,0.08943102609885305,11.181801703747029
E01004710,Westminster 002D,Westminster,2.0,0.1267385104629725,15.780523162960113
E01004711,Westminster 002E,Westminster,0.0,0.08220085489874912,0.0
E01004712,Westminster 008C,Westminster,3.0,0.09945862738832546,30.16329582236063
E01004713,Westminster 011A,Westminster,2.0,0.17875488473828344,11.188505438205043
E01004714,Westminster 011B,Westminster,17.0,0.3385467173998734,50.21463545877629
E01004715,Westminster 013A,Westminster,9.0,0.10874220893683341,82.76455010425579
E01004716,Westminster 011C,Westminster,2.0,0.17916610381433257,11.162825765707185
E01004717,Westminster 011D,Westminster,3.0,0.09856638304116086,30.436340539626112
E01004718,Westminster 004A,Westminster,0.0,0.07256783290927607,0.0
E01004719,Westminster 004B,Westminster,0.0,0.09806366163170128,0.0
E01004720,Westminster 004C,Westminster,0.0,0.11801799083861973,0.0
E01004721,Westminster 004D,Westminster,0.0,0.11969934354511806,0.0
E01004722,Westminster 004E,Westminster,0.0,0.0798450912678171,0.0
E01004723,Westminster 005F,Westminster,0.0,0.09427981457136238,0.0
E01004724,Westminster 001C,Westminster,0.0,0.08178462014221685,0.0
E01004725,Westminster 003B,Westminster,0.0,0.2706564604375792,0.0
E01004726,Westminster 003C,Westminster,0.0,0.18925832205158807,0.0
E01004727,Westminster 008D,Westminster,1.0,1.1315999387623659,0.8837045370413353
E01004728,Westminster 003D,Westminster,1.0,0.07529585047632567,13.280944350504646
E01004729,Westminster 003E,Westminster,0.0,0.05825247276766235,0.0
E01004730,Westminster 001D,Westminster,0.0,0.44856865484455505,0.0
E01004731,Westminster 020A,Westminster,23.0,0.6786849099440183,33.88906937962886
E01004732,Westminster 020B,Westminster,2.0,0.06913875183389745,28.927337375208978
E01004733,Westminster 020C,Westminster,6.0,0.4548367201057289,13.191547064637332
E01004734,Westminster 018A,Westminster,59.0,0.32030766417384393,184.1979028262599
E01004735,Westminster 018B,Westminster,40.0,0.487141525743328,82.11166136773929
E01004736,Westminster 018C,Westminster,38.0,1.192057407049444,31.877659393985745
E01004737,Westminster 024C,Westminster,1.0,0.08223701499648862,12.159974435388957
E01004738,Westminster 024D,Westminster,0.0,0.08601210811366132,0.0
E01004739,Westminster 024E,Westminster,0.0,0.0287146736202876,0.0
E01004740,Westminster 021A,Westminster,2.0,0.04849636930985859,41.24020062659474
E01004741,Westminster 024F,Westminster,1.0,0.05678788400527885,17.60939005769334
E01004742,Westminster 022A,Westminster,1.0,0.0466164340118409,21.451662298879253
E01004743,Westminster 021B,Westminster,2.0,0.04825730959691461,41.4444985993971
E01004744,Westminster 020D,Westminster,3.0,0.10689170273103239,28.065789236689287
E01004745,Westminster 021C,Westminster,3.0,0.20260364108793177,14.807236355135263
E01004746,Westminster 021D,Westminster,0.0,0.040182813602991134,0.0
E01004747,Westminster 021E,Westminster,2.0,0.10724659948987028,18.648609928083594
E01004748,Westminster 020E,Westminster,1.0,0.08822608410169627,11.334516432207531
E01004749,Westminster 022B,Westminster,7.0,0.13753579715771017,50.895840535051455
E01004750,Westminster 023E,Westminster,8.0,0.2565757959429512,31.1798701455798
E01004751,Westminster 022C,Westminster,1.0,0.08447904666517005,11.837254792463124
E01004752,Westminster 022D,Westminster,0.0,0.035537169027680615,0.0
E01004753,Westminster 022E,Westminster,0.0,0.05955791097036184,0.0
E01004754,Westminster 010A,Westminster,1.0,0.08361119065962075,11.960121511377313
E01004755,Westminster 010B,Westminster,2.0,0.11544476412254678,17.32430236400295
E01004756,Westminster 006E,Westminster,0.0,0.05896870237857422,0.0
E01004757,Westminster 010C,Westminster,1.0,0.12250640546417005,8.162838475352002
E01004760,Westminster 014E,Westminster,0.0,0.07058301658089648,0.0
E01004761,Westminster 018D,Westminster,25.0,0.5192637870254604,48.14508661042871
E01004762,Westminster 011E,Westminster,4.0,0.2983587373678948,13.406679607534846
E01004763,Westminster 013B,Westminster,77.0,0.2943896987530657,261.55806512981167
E01004765,Westminster 013D,Westminster,24.0,0.26305733566008116,91.23486307567734
E01032512,Westminster 010F,Westminster,0.0,0.16475594721509376,0.0
E01032513,Westminster 010G,Westminster,1.0,0.05297669505052439,18.876224706850632
E01032562,Bromley 040D,Bromley,0.0,0.22689612904232068,0.0
E01032563,Bromley 040E,Bromley,0.0,0.381430836741163,0.0
E01032564,Lewisham 037E,Lewisham,0.0,0.15298470818590965,0.0
E01032565,Lewisham 038E,Lewisham,0.0,0.21597282505563647,0.0
E01032566,Bexley 029D,Bexley,1.0,0.5583261863159494,1.79106770291106
E01032567,Greenwich 033D,Greenwich,0.0,0.4152777588984137,0.0
E01032568,Bromley 041E,Bromley,0.0,0.36672247804031344,0.0
E01032569,Croydon 045E,Croydon,0.0,0.3161346367862427,0.0
E01032570,Bromley 042D,Bromley,0.0,0.46077835827341784,0.0
E01032572,Ealing 040D,Ealing,2.0,0.2249616335963074,8.890404857163292
E01032573,Hounslow 029E,Hounslow,6.0,0.22352631567358028,26.842477056535543
E01032574,Enfield 037E,Enfield,0.0,0.3682643998360168,0.0
E01032575,Haringey 037D,Haringey,0.0,0.14659505792354538,0.0
E01032576,Harrow 032E,Harrow,0.0,0.2234153625076783,0.0
E01032577,Hillingdon 033E,Hillingdon,0.0,0.36099407802345973,0.0
E01032579,Lewisham 039E,Lewisham,6.0,0.17387777567003618,34.50699767051346
E01032580,Barking and Dagenham 023F,Barking and Dagenham,0.0,0.1295199111277122,0.0
E01032581,Redbridge 034G,Redbridge,0.0,0.28784289447180067,0.0
E01032582,Lambeth 036E,Lambeth,20.0,0.31506360953412693,63.47924480892373
E01032583,Southwark 034D,Southwark,4.0,0.15322711855553608,26.105039615100694
E01032584,Southwark 034E,Southwark,1.0,0.08659053155146124,11.548606782783109
E01032623,Sutton 025E,Sutton,0.0,0.8193889302652319,0.0
E01032637,Southwark 003F,Southwark,0.0,0.03880838845065402,0.0
E01032638,Southwark 003G,Southwark,1.0,0.04131714340041747,24.203028517937085
E01032639,Southwark 014F,Southwark,1.0,0.08962037553666713,11.158176854446026
E01032640,Southwark 003H,Southwark,4.0,0.04470119018962281,89.48307602173382
E01032646,Southwark 003I,Southwark,5.0,0.12125799349203935,41.234394995396755
E01032719,Southwark 014G,Southwark,3.0,0.041046259112394144,73.08826833123346
E01032720,Southwark 009F,Southwark,5.0,0.16573144167599121,30.16929044625772
E01032722,Southwark 012F,Southwark,0.0,0.19750317839741913,0.0
E01032739,City of London 001F,City of London,167.0,1.6584962240781433,100.69362689856294
E01032740,City of London 001G,City of London,41.0,0.6393493134021232,64.12769849056328
E01032741,Havering 013E,Havering,0.0,0.2787073947130119,0.0
E01032742,Havering 013F,Havering,0.0,0.22683529825376875,0.0
E01032743,Ealing 010F,Ealing,0.0,0.09742885907040555,0.0
E01032744,Ealing 010G,Ealing,0.0,0.19975104267297578,0.0
E01032764,Tower Hamlets 004E,Tower Hamlets,1.0,0.3247460796026722,3.0793289366987984
E01032765,Tower Hamlets 004F,Tower Hamlets,0.0,0.08180025110223005,0.0
E01032766,Tower Hamlets 021E,Tower Hamlets,5.0,0.07988374054663289,62.59095988477409
E01032767,Tower Hamlets 021F,Tower Hamlets,7.0,0.13366254314357887,52.37069290594505
E01032768,Tower Hamlets 025E,Tower Hamlets,0.0,0.06988021280101453,0.0
E01032769,Tower Hamlets 025F,Tower Hamlets,2.0,0.10371309933815856,19.28396714361955
E01032770,Tower Hamlets 032B,Tower Hamlets,0.0,0.0439098499901569,0.0
E01032771,Tower Hamlets 033B,Tower Hamlets,9.0,0.35314822753671077,25.48504933120307
E01032772,Tower Hamlets 032C,Tower Hamlets,0.0,0.08304280337277077,0.0
E01032773,Tower Hamlets 032D,Tower Hamlets,0.0,0.03391435485932517,0.0
E01032774,Tower Hamlets 032E,Tower Hamlets,1.0,0.20429714803914314,4.894830934244863
E01032775,Tower Hamlets 031F,Tower Hamlets,0.0,0.03298644305472854,0.0
E01032776,Tower Hamlets 028E,Tower Hamlets,0.0,0.08353320006208881,0.0
E01032777,Tower Hamlets 028F,Tower Hamlets,0.0,0.11310982635623933,0.0
E01032778,Tower Hamlets 028G,Tower Hamlets,3.0,0.3063267507279652,9.793463982073714
E01032779,Tower Hamlets 028H,Tower Hamlets,0.0,0.028286049273105573,0.0
E01032780,Tower Hamlets 028I,Tower Hamlets,7.0,0.3525387314661182,19.855974323413474
E01032781,Tower Hamlets 033C,Tower Hamlets,1.0,0.054367932252436246,18.39319537401001
E01032782,Tower Hamlets 033D,Tower Hamlets,0.0,0.0755077392848207,0.0
E01032783,Tower Hamlets 031G,Tower Hamlets,1.0,0.08207343035234363,12.184211086425544
E01032784,Tower Hamlets 004G,Tower Hamlets,0.0,0.06452570287790764,0.0
E01032785,Tower Hamlets 010E,Tower Hamlets,0.0,0.07277311167464326,0.0
E01032786,Tower Hamlets 010F,Tower Hamlets,0.0,0.055613261862348023,0.0
E01032787,Tower Hamlets 011F,Tower Hamlets,0.0,0.10700343858500275,0.0
E01032788,Hammersmith and Fulham 023D,Hammersmith and Fulham,0.0,0.11605719451257464,0.0
E01032789,Hammersmith and Fulham 023E,Hammersmith and Fulham,0.0,0.03062377375690333,0.0
E01032790,Hammersmith and Fulham 023F,Hammersmith and Fulham,1.0,0.07466652455581398,13.39288263313354
E01032803,Southwark 003J,Southwark,3.0,0.06060382441611876,49.50182647552672
E01032805,Southwark 022F,Southwark,0.0,0.17529340755670678,0.0
E01032834,Southwark 003K,Southwark,1.0,0.033646362677042366,29.720894635731945
E01033000,Hounslow 025F,Hounslow,0.0,0.08184055801211877,0.0
E01033030,Hounslow 025G,Hounslow,1.0,0.0713088375563887,14.023507243533912
E01033081,Hounslow 003F,Hounslow,3.0,0.09492524478111876,31.603816317961385
E01033082,Hounslow 003G,Hounslow,2.0,0.24513979432059854,8.158610092428981
E01033083,Hounslow 018F,Hounslow,1.0,0.13676574498291158,7.311772404156806
E01033084,Hounslow 018G,Hounslow,2.0,0.13241381578574132,15.104164079344999
E01033085,Haringey 020E,Haringey,1.0,0.15605177097241488,6.40812977493712
E01033086,Haringey 020F,Haringey,0.0,0.06089877917195306,0.0
E01033093,Wandsworth 010F,Wandsworth,2.0,0.2796357753490724,7.152160690109762
E01033098,Wandsworth 002F,Wandsworth,0.0,0.32791261091339413,0.0
E01033099,Wandsworth 004E,Wandsworth,0.0,0.10492278420431057,0.0
E01033100,Wandsworth 002G,Wandsworth,2.0,0.11514628976899964,17.369209238198586
E01033101,Wandsworth 004F,Wandsworth,1.0,0.12874363096635755,7.767374529473334
E01033132,Wandsworth 002H,Wandsworth,3.0,0.2642964759974915,11.350889143253177
E01033133,Wandsworth 004G,Wandsworth,0.0,0.058936760816160734,0.0
E01033135,Wandsworth 010G,Wandsworth,0.0,0.09857957816998891,0.0
E01033146,Enfield 025F,Enfield,0.0,0.14179263884731635,0.0
E01033148,Enfield 003F,Enfield,0.0,0.45144601210490887,0.0
E01033150,Enfield 003G,Enfield,0.0,0.1692134789485857,0.0
E01033151,Enfield 025G,Enfield,1.0,0.9853773808441987,1.01483961316757
E01033153,Waltham Forest 020G,Waltham Forest,1.0,0.1636919197360707,6.1090370350128085
E01033207,Lambeth 004F,Lambeth,2.0,0.2373480865137141,8.426442485283903
E01033208,Lambeth 004G,Lambeth,1.0,0.053149510727496706,18.814848647000876
E01033320,Lewisham 017E,Lewisham,0.0,0.14252883618891246,0.0
E01033322,Lewisham 017F,Lewisham,0.0,0.07075336892123206,0.0
E01033324,Lewisham 008E,Lewisham,1.0,0.1779451840083294,5.6197081453645366
E01033325,Lewisham 008F,Lewisham,0.0,0.061716626113883774,0.0
E01033327,Lewisham 012F,Lewisham,2.0,0.33118558434521667,6.038910189748076
E01033341,Lewisham 012G,Lewisham,1.0,0.12835175806110868,7.791089230923482
E01033424,Brent 017F,Brent,1.0,0.42626615619347824,2.3459521368759786
E01033455,Brent 031G,Brent,5.0,0.06114323923298592,81.77518991016377
E01033456,Brent 027F,Brent,0.0,0.2661639799357314,0.0
E01033457,Brent 017G,Brent,3.0,0.17549333528962505,17.09466627350239
E01033463,Brent 003G,Brent,0.0,0.4271117325124292,0.0
E01033464,Brent 010F,Brent,0.0,0.24410779961285153,0.0
E01033485,Brent 031H,Brent,0.0,0.13853646218118373,0.0
E01033486,Islington 011E,Islington,3.0,0.06764046083825331,44.35215199337293
E01033487,Islington 011F,Islington,0.0,0.024129104863321364,0.0
E01033488,Islington 011G,Islington,0.0,0.1009776846005266,0.0
E01033489,Islington 022G,Islington,4.0,0.0928137999696612,43.097039462962535
E01033490,Islington 022H,Islington,8.0,0.12485020449762188,64.07678731637466
E01033491,Islington 011H,Islington,5.0,0.18944878328684656,26.392357413187728
E01033492,Islington 011I,Islington,0.0,0.14988108588686153,0.0
E01033493,Islington 006F,Islington,0.0,0.03563629766328934,0.0
E01033494,Islington 006G,Islington,0.0,0.10372380868242603,0.0
E01033568,Kingston upon Thames 004F,Kingston upon Thames,0.0,0.12883967491730766,0.0
E01033569,Kingston upon Thames 004G,Kingston upon Thames,3.0,0.16753283470411406,17.906937498541172
E01033570,Richmond upon Thames 004G,Richmond upon Thames,0.0,0.4760522939781153,0.0
E01033571,Richmond upon Thames 004H,Richmond upon Thames,0.0,0.33477693743921566,0.0
E01033572,Barnet 030E,Barnet,1.0,0.6869220345036988,1.45576928642637
E01033573,Barnet 030F,Barnet,1.0,0.14037381993308154,7.123835487818997
E01033574,Newham 034F,Newham,2.0,0.13646061369195836,14.656243628764072
E01033575,Newham 034G,Newham,1.0,0.149403279138936,6.693293519147331
E01033576,Newham 034H,Newham,0.0,0.3798036560657935,0.0
E01033577,Newham 037E,Newham,4.0,0.6542668635003742,6.11371326158827
E01033578,Newham 013E,Newham,1.0,0.5659538004603586,1.766928677193402
E01033579,Newham 013F,Newham,3.0,0.4426680773984617,6.7770868358767835
E01033580,Newham 037F,Newham,1.0,0.08661571171868221,11.545249472149857
E01033581,Newham 037G,Newham,3.0,1.3127418155010817,2.285293242414832
E01033582,Newham 037H,Newham,0.0,0.16892623360077003,0.0
E01033583,Newham 013G,Newham,11.0,1.5849955672145029,6.9400825008814255
E01033584,Newham 034I,Newham,0.0,0.149435529089022,0.0
E01033585,Newham 034J,Newham,2.0,0.2952651637209062,6.7735725230710315
E01033586,Newham 013H,Newham,0.0,0.7044868258014648,0.0
E01033587,Barking and Dagenham 021E,Barking and Dagenham,0.0,0.27003345433118786,0.0
E01033588,Barking and Dagenham 021F,Barking and Dagenham,0.0,0.13992284754614775,0.0
E01033589,Redbridge 030H,Redbridge,2.0,0.12026954472820194,16.629313801094163
E01033590,Redbridge 019H,Redbridge,0.0,0.09976129311037918,0.0
E01033591,Redbridge 030I,Redbridge,1.0,0.25362209501934263,3.9428741408501278
E01033592,Redbridge 019I,Redbridge,0.0,0.15125791231494062,0.0
E01033593,Westminster 015F,Westminster,3.0,0.0926282469042585,32.38752864556349
E01033594,Westminster 015G,Westminster,6.0,0.20937969501422057,28.65607383558608
E01033595,Westminster 013E,Westminster,58.0,0.5153996363146135,112.5340336185167
E01033596,Westminster 013F,Westminster,24.0,0.10750721073880228,223.24083970804526
E01033597,Westminster 023F,Westminster,0.0,0.06254228728558349,0.0
E01033598,Westminster 009F,Westminster,0.0,0.054138073560273094,0.0
E01033599,Westminster 023G,Westminster,1.0,0.06394281415655413,15.638973873618607
E01033600,Westminster 007F,Westminster,1.0,0.06266175752326351,15.958696971254671
E01033601,Westminster 009G,Westminster,0.0,0.05413178868230804,0.0
E01033602,Westminster 009H,Westminster,1.0,0.05795380333767001,17.255122915289313
E01033603,Westminster 009I,Westminster,3.0,0.04845136737108674,61.917757181611435
E01033604,Westminster 009J,Westminster,1.0,0.07317041498171067,13.666725824227663
E01033605,Westminster 009K,Westminster,1.0,0.07394414118312907,13.52372187978238
E01033606,Westminster 014F,Westminster,1.0,0.027190477975606687,36.777580772839926
E01033607,Westminster 014G,Westminster,3.0,0.08453068977563793,35.49006884910823
E01033608,Westminster 007G,Westminster,1.0,0.05420649050471163,18.447975338176153
E01033698,Hackney 021F,Hackney,0.0,0.060181510983667585,0.0
E01033699,Hackney 021G,Hackney,7.0,0.09544956459415599,73.33716009877517
E01033700,Hackney 021H,Hackney,10.0,0.10894011478172819,91.79355116373748
E01033701,Hackney 002F,Hackney,0.0,0.24775115012986013,0.0
E01033702,Hackney 028C,Hackney,0.0,0.09880233510744356,0.0
E01033703,Hackney 010F,Hackney,1.0,0.06499858132930116,15.384951171991244
E01033704,Hackney 023F,Hackney,15.0,0.22087525370162006,67.91163676607914
E01033705,Hackney 028D,Hackney,1.0,0.1659410437439219,6.026236652718583
E01033706,Hackney 027F,Hackney,28.0,0.13331661143577156,210.02634029210728
E01033707,Hackney 021I,Hackney,4.0,0.1045798695251892,38.24827873816152
E01033708,Hackney 027G,Hackney,41.0,0.3557695014070646,115.24315557642079
E01033709,Hackney 027H,Hackney,0.0,0.08697699108542897,0.0
E01033710,Hackney 028E,Hackney,0.0,0.04139117262548458,0.0
E01033711,Hackney 027I,Hackney,3.0,0.07790019724633564,38.51081391377501
E01033712,Hackney 023G,Hackney,5.0,0.16276772048701932,30.718621511927783
E01033713,Hackney 010G,Hackney,1.0,0.2614605485921502,3.8246687899362226
E01033724,Hillingdon 016F,Hillingdon,4.0,0.7981831557717936,5.0113811235871655
E01033725,Hillingdon 015F,Hillingdon,0.0,0.9167302394413269,0.0
E01033726,Greenwich 034E,Greenwich,1.0,1.0309112790969939,0.9700155777478058
E01033727,Greenwich 035B,Greenwich,1.0,0.15962946027003697,6.264507806443443
E01033728,Greenwich 035C,Greenwich,0.0,0.07536149641695097,0.0
E01033729,Greenwich 030E,Greenwich,0.0,0.6911505745513545,0.0
E01033730,Greenwich 035D,Greenwich,5.0,0.17064086591630456,29.301304661993367
E01033731,Greenwich 004E,Greenwich,4.0,0.20000040148839593,19.999959851241
E01033732,Greenwich 036D,Greenwich,0.0,0.10059520705976034,0.0
E01033733,Greenwich 036E,Greenwich,0.0,0.4218366453988939,0.0
E01033734,Greenwich 004F,Greenwich,0.0,0.09589528054400627,0.0
E01033735,Greenwich 004G,Greenwich,1.0,0.103481116175367,9.663598895718556
E01033736,Greenwich 004H,Greenwich,0.0,0.1332761020010095,0.0
E01033737,Greenwich 004I,Greenwich,5.0,0.23731246782389004,21.069268066060935
E01033738,Greenwich 037D,Greenwich,0.0,0.28692217536252046,0.0
E01033739,Greenwich 002E,Greenwich,0.0,0.11725156580863265,0.0
E01033740,Greenwich 002F,Greenwich,0.0,0.16435624234411444,0.0
E01033741,Greenwich 002G,Greenwich,1.0,0.5716697272820103,1.749261771747956
E01033742,Greenwich 007F,Greenwich,0.0,0.12330918545284587,0.0
E01033743,Greenwich 002H,Greenwich,0.0,1.004853086718458,0.0
E01033744,Greenwich 007G,Greenwich,0.0,0.15226199321855577,0.0
E01033745,Greenwich 002I,Greenwich,0.0,0.558477702280982,0.0
E01033746,Greenwich 038E,Greenwich,1.0,0.12897668625489847,7.753339219955502
