LSOA11CD,area_km2,intersection_count,intersection_density
E01000001,0.13332076885884256,23.0,172.51625682081053
E01000002,0.22619127306340797,26.0,114.94696346092648
E01000003,0.057302966528029756,5.0,87.25551752288861
E01000005,0.19073876050826938,39.0,204.46814216510114
E01000006,0.14419584685929934,10.0,69.35012497105835
E01000007,0.1981348092275883,22.0,111.03551206254534
E01000008,0.19342509893756743,17.0,87.88931784642466
E01000009,0.12859152616701522,22.0,171.08436812100905
E01000010,0.3488483421766981,48.0,137.5956087407379
E01000011,0.09029767979809433,4.0,44.29792669029816
E01000012,0.1403534493292868,14.0,99.74817196800231
E01000013,0.2086258605825651,20.0,95.86539245016014
E01000014,0.3401768217361308,15.0,44.094714988063586
E01000015,0.27999586764319345,15.0,53.57221921258823
E01000016,0.19612992771170626,9.0,45.8879483870978
E01000017,0.16078982074164475,15.0,93.28948767286599
E01000018,0.17350149819910657,10.0,57.63638990900365
E01000019,0.18181781303896213,16.0,88.00017848950435
E01000020,0.1884144297776301,11.0,58.381940348105964
E01000021,0.1713512030485092,18.0,105.04740952944599
E01000022,0.12835300113192558,17.0,132.44723419070522
E01000023,0.21338943585302195,36.0,168.70563369779947
E01000024,0.127930957881091,15.0,117.250744061044
E01000025,0.15057811479402194,10.0,66.41071322800893
E01000027,1.4819370975770734,55.0,37.113586055658836
E01000028,0.14712224168315244,16.0,108.75310093804957
E01000029,0.2530137849383483,22.0,86.9517840909764
E01000030,0.2835606427768825,25.0,88.16456245541472
E01000031,0.8435532691923919,31.0,36.74930929931555
E01000032,0.37926625366869,33.0,87.01011408420038
E01000033,0.14276809217902992,10.0,70.04366204922098
E01000034,0.5149443666839008,27.0,52.43284856939504
E01000035,0.394378249728846,32.0,81.14037734586412
E01000036,0.4298156919135711,32.0,74.45051588864438
E01000037,0.23751539984095518,22.0,92.62557297224356
E01000038,0.21230908599184858,19.0,89.49216615594817
E01000039,1.5254465935830621,19.0,12.455368860453934
E01000040,0.16929417648731368,20.0,118.13755449230547
E01000041,0.15165925323996873,11.0,72.53101782450969
E01000042,0.23200035868580868,24.0,103.4481159251245
E01000043,0.26531213195962183,19.0,71.61376247540626
E01000044,0.17448581025907187,10.0,57.31125061202551
E01000045,0.2995868208472285,32.0,106.813777420196
E01000046,0.157068612744565,7.0,44.566510633055934
E01000048,0.06403849282668461,5.0,78.0780399303295
E01000049,0.21358063957258966,12.0,56.184867804563154
E01000050,0.1381628198816314,15.0,108.56755828269132
E01000051,0.06579607554707886,12.0,182.3816983037792
E01000052,0.2005659556383972,23.0,114.67549378852202
E01000053,0.17808468749411574,22.0,123.53673024654027
E01000054,0.1710323991433718,13.0,76.00899049017289
E01000055,0.14723500145906826,9.0,61.12676952363141
E01000056,0.24895114869925228,12.0,48.202227877633575
E01000057,0.14645700503854903,14.0,95.59119412768992
E01000058,0.1821673527357805,13.0,71.36295172964105
E01000059,0.20934256590529074,9.0,42.99173443814439
E01000060,0.5504013566319255,33.0,59.95624756802402
E01000061,0.6055282145890188,20.0,33.02901420303644
E01000062,0.22591490890607593,42.0,185.9107050675504
E01000063,0.18252154969243542,10.0,54.78805114711586
E01000064,0.20930318220867683,31.0,148.1105049281705
E01000065,0.2312339718641424,24.0,103.79097762547102
E01000066,0.24584119957045844,22.0,89.48866194290908
E01000067,0.19214965252375937,28.0,145.71975349545735
E01000068,0.34169239844526267,14.0,40.97252401195202
E01000069,0.19535639527171594,13.0,66.54504441443369
E01000070,0.3958180109105424,23.0,58.10751245778494
E01000071,0.2706216322624361,21.0,77.59911809132535
E01000072,0.5225601232016444,23.0,44.01407413003998
E01000073,0.28292859829293104,11.0,38.87906725007387
E01000074,0.1645712558710749,13.0,78.99313845052139
E01000075,0.5161598302647299,25.0,48.43460985171572
E01000076,0.1899810505552941,14.0,73.69156007443644
E01000077,0.17401923798575863,13.0,74.70438412713824
E01000078,0.17176029979426904,16.0,93.1530744832448
E01000079,0.30990890052911285,19.0,61.308339216979476
E01000080,0.23296304423351336,9.0,38.632736920190396
E01000081,0.18634207277981185,14.0,75.13064436362086
E01000082,0.16335065066628995,14.0,85.70519886450091
E01000083,0.17926800813411364,15.0,83.67360220111459
E01000084,0.1524814080637846,10.0,65.58176584922991
E01000085,0.1445695018230662,14.0,96.83923527061839
E01000086,0.13909235836311634,11.0,79.08414329479737
E01000087,0.37516218784605804,21.0,55.975790418988126
E01000088,0.22435139471983623,8.0,35.6583475221546
E01000089,0.1509419199773294,5.0,33.12532397064362
E01000090,1.9434863642106408,58.0,29.84327601575793
E01000091,0.24776228349984833,22.0,88.79479026925205
E01000092,2.643463282856696,122.0,46.15157728544615
E01000093,0.2922224576875469,21.0,71.86305996527425
E01000094,0.6002381005849096,44.0,73.30424369449997
E01000095,2.297360769880984,89.0,38.74010611080936
E01000096,0.5986500700160199,32.0,53.4535976904566
E01000097,0.1814216623967739,15.0,82.68031392631939
E01000098,0.17364951716664936,17.0,97.89834303820899
E01000099,0.31030781900768495,31.0,99.90080204595897
E01000100,0.2106054319535716,14.0,66.47501856973152
E01000101,0.16099844463415283,22.0,136.64728283550826
E01000102,0.2543907654620719,17.0,66.82632511884397
E01000103,0.6982383016662952,28.0,40.10092246899092
E01000104,0.2161691836833077,24.0,111.02415057994803
E01000105,0.22361036626681696,27.0,120.74574381664841
E01000106,0.220851787829901,28.0,126.78185798326192
E01000107,0.539433804993625,22.0,40.78350262134572
E01000108,0.2385292538486143,14.0,58.69301049709099
E01000109,0.3758434253712551,29.0,77.15979059991281
E01000110,0.18838166430196815,18.0,95.55070057745499
E01000111,0.3014110633039892,31.0,102.84957579256087
E01000112,0.27627958904465266,22.0,79.6294799629383
E01000113,0.15467315989607847,23.0,148.70065378798236
E01000114,0.2562110755653404,31.0,120.99398877116147
E01000115,0.27982176943192805,30.0,107.21110105515957
E01000116,0.24532630921204887,39.0,158.9719428187793
E01000117,0.32938362639579355,47.0,142.690760054733
E01000118,0.2850845197195527,48.0,168.3711204214779
E01000119,0.40051872254070175,24.0,59.922292390616164
E01000120,0.24296999089457177,21.0,86.43042674810079
E01000121,0.37664093375273,27.0,71.68631335681074
E01000122,0.23551850964758064,29.0,123.13257265169648
E01000123,0.52455203440114,31.0,59.0980455073279
E01000124,0.26002577760440376,20.0,76.91545116895088
E01000125,0.3031571556950821,25.0,82.46547881305892
E01000126,0.1578444983090278,14.0,88.69488737320964
E01000127,0.19629623768521168,8.0,40.75472914987353
E01000128,0.2428135216401864,13.0,53.539028272338435
E01000129,0.17327633087755903,33.0,190.44724592719214
E01000130,0.17637404782600372,15.0,85.04652574962604
E01000131,0.334185155277456,23.0,68.82412230700174
E01000132,0.15300403476420948,18.0,117.6439564338243
E01000133,0.15936824509965244,18.0,112.94596353711907
E01000134,0.16029775309831734,27.0,168.43654685190606
E01000135,0.333707332549296,17.0,50.94284225081785
E01000136,0.5201783162998146,26.0,49.98286007949322
E01000137,0.12357233524068093,10.0,80.92426173320327
E01000138,0.25894190948075185,18.0,69.51366055844278
E01000139,0.3531865626119162,25.0,70.78411991418305
E01000140,0.14427233603716977,25.0,173.28339366154782
E01000141,0.36954088179041883,25.0,67.65151362651801
E01000142,0.1997544382671696,22.0,110.13522498346303
E01000143,0.17138726982240446,14.0,81.68634703445088
E01000144,0.1920998241034749,22.0,114.52379044423103
E01000145,0.20983684970924832,11.0,52.42167910565609
E01000146,0.21025984958098445,26.0,123.65651384139198
E01000147,0.2034619271039317,24.0,117.95818678027366
E01000148,0.22970460522881617,30.0,130.6025187005547
E01000150,0.4637123311025972,44.0,94.88641351283134
E01000151,0.14281996986741077,7.0,49.01275365411828
E01000152,0.18054501229456701,20.0,110.77569934399037
E01000153,0.16588494894889583,17.0,102.4806657126994
E01000154,0.13319291871848452,11.0,82.58697313518229
E01000155,0.29613130997922416,35.0,118.19081205042288
E01000156,0.17855750258514297,23.0,128.81004531877753
E01000157,0.12357215560823906,16.0,129.47900699187298
E01000158,0.27006412818019065,14.0,51.839539350664886
E01000159,0.4964989490585616,28.0,56.39488271443939
E01000160,0.3022501460738248,19.0,62.86183893310423
E01000161,0.23914143281213032,32.0,133.81202756754922
E01000162,0.18353973717719502,29.0,158.00393117051536
E01000163,0.19685563152718402,14.0,71.1181076781475
E01000164,0.5508124748487847,37.0,67.17349676976299
E01000165,0.18884790257641668,26.0,137.6769328400626
E01000166,0.37474364738344695,28.0,74.71774423796892
E01000167,0.5995909463241186,29.0,48.36630735969049
E01000168,0.3124529544428218,16.0,51.20770910466128
E01000169,0.23744519366035205,21.0,88.4414616959523
E01000170,0.2963327823489428,18.0,60.74252014009147
E01000171,0.3328647870607947,36.0,108.15202268128449
E01000172,0.545540222745337,37.0,67.82268008361306
E01000173,0.36702673496678184,41.0,111.70848358965118
E01000174,0.18762216430864723,27.0,143.90623890034516
E01000175,0.5028377397363557,34.0,67.61624538728266
E01000176,0.22191826809438392,17.0,76.60477952526982
E01000177,0.16802517892896682,23.0,136.8842464362042
E01000178,0.41979065706257046,37.0,88.13916979215927
E01000179,0.1436969524346674,12.0,83.50907793577505
E01000180,0.16989924483464872,35.0,206.00444713019826
E01000181,0.14535047869970022,11.0,75.67914532105829
E01000182,0.21674590250911724,23.0,106.11503947131145
E01000183,0.2282441528158031,39.0,170.86965654482137
E01000184,0.6827597676647947,65.0,95.2018602711696
E01000185,0.11898001890831414,22.0,184.90499666967756
E01000186,0.2498166033441727,22.0,88.06460301475866
E01000187,0.21313453541648836,13.0,60.99433850359618
E01000188,3.2012273316922353,55.0,17.180910413796155
E01000189,0.16349117185783252,24.0,146.79691708901413
E01000190,0.2447344610913338,21.0,85.80728642119139
E01000191,0.2579362744714627,21.0,81.41545830663448
E01000192,0.28389664356246563,37.0,130.32912096355557
E01000193,0.3032965766275621,29.0,95.6159819621407
E01000194,0.33161387249318014,24.0,72.37332931689573
E01000195,0.30714940965600274,21.0,68.37063442029503
E01000196,0.2461815822106609,40.0,162.481691931655
E01000197,0.27895268049606625,20.0,71.69674786574434
E01000198,0.330445321378869,34.0,102.89145525839544
E01000199,0.3346328028352123,29.0,86.6621555158203
E01000200,0.2752702370950744,38.0,138.04616293070342
E01000201,0.39313173031631476,25.0,63.59191607323311
E01000202,0.22585534424685008,26.0,115.1179312878385
E01000203,0.3026680082943058,45.0,148.67775505445317
E01000204,0.3219478393495748,26.0,80.75842363945449
E01000205,0.37894606342487264,22.0,58.05575548447827
E01000206,1.3217957476532518,55.0,41.610059721896015
E01000207,0.3446230388470311,38.0,110.26540804448996
E01000208,0.40742129716822123,40.0,98.17847097836983
E01000209,0.4011342981482159,23.0,57.337405717178754
E01000210,0.5013929924088416,70.0,139.6110457461703
E01000211,0.2770349746267136,54.0,194.92123719310692
E01000212,0.3451048144593795,29.0,84.03244111627262
E01000213,0.4277966173849193,20.0,46.75118780101191
E01000214,0.33454731828698375,20.0,59.78227565059559
E01000215,0.22287963373960898,27.0,121.14162046561952
E01000216,0.19781747831990334,18.0,90.99297065596521
E01000217,0.21217739292054305,20.0,94.26074910577147
E01000218,0.15045916125241243,19.0,126.28011376539132
E01000219,0.1917894241577221,31.0,161.63560705258956
E01000220,0.15169105419173415,13.0,85.70050534139136
E01000221,0.4215882246518616,43.0,101.99525860929458
E01000222,0.41283363897827985,26.0,62.97936394996126
E01000223,0.5472665727945585,41.0,74.91778602635615
E01000224,0.16259863636458977,13.0,79.9514700163322
E01000225,0.30905652904037056,20.0,64.7130803613843
E01000226,0.17652639673052675,27.0,152.95162933176715
E01000227,0.25537415898610527,19.0,74.40063660095608
E01000228,2.899915692543071,42.0,14.483179668981427
E01000229,0.28146582378364043,11.0,39.081121296117196
E01000230,0.27073122037294445,25.0,92.34250843165178
E01000231,0.3624948287531262,30.0,82.7598013003138
E01000232,0.29732620576022045,32.0,107.62589835692616
E01000233,0.2616327738867054,24.0,91.7316269038706
E01000234,0.2753215505213812,24.0,87.17080066762222
E01000235,0.3526459180737891,21.0,59.5498173201763
E01000236,0.22789947174246006,31.0,136.02488747772017
E01000237,0.3306437711356701,33.0,99.80529766719665
E01000238,0.21841234279776717,29.0,132.77637897438674
E01000239,0.4334167466483157,44.0,101.51891993158864
E01000240,0.43876183658011597,26.0,59.25766060843925
E01000241,0.33375514524485456,18.0,53.9317528327378
E01000242,0.27617994708679716,29.0,105.00400302736661
E01000243,0.18614948183039395,32.0,171.90485670626848
E01000244,0.22173854748327781,16.0,72.15705244577117
E01000245,0.1801052628011437,21.0,116.59848065176386
E01000246,1.0803080914210772,36.0,33.32382705071131
E01000247,0.26782262778129784,21.0,78.41010363451612
E01000248,0.27520562136100024,36.0,130.8112814773398
E01000249,0.8097714975881412,21.0,25.933241738622954
E01000250,0.5850894751073664,60.0,102.54841789623671
E01000251,0.22650846595204668,47.0,207.49776306352368
E01000252,0.22766213770119262,26.0,114.20432164317589
E01000253,3.3193440082191894,68.0,20.485975491428995
E01000254,1.5237603821865326,42.0,27.563388896968007
E01000255,1.0792415164670355,46.0,42.62252637443366
E01000256,0.5558636467761212,19.0,34.181044416549895
E01000257,0.673460164613162,38.0,56.42501516303839
E01000258,0.7933227183146039,31.0,39.07615310180301
E01000259,1.297351548155108,55.0,42.394060482844814
E01000260,0.8196596684518431,50.0,61.00092748791582
E01000261,1.1941073365352048,56.0,46.89695665256387
E01000262,2.2138919956250565,80.0,36.13545744692631
E01000263,0.3957645598208672,20.0,50.53509593949618
E01000264,0.3801784949544807,44.0,115.7351101757299
E01000265,0.2089991123293365,30.0,143.54127950900872
E01000266,0.6342592310171342,16.0,25.22627849553169
E01000267,0.2766076232299537,20.0,72.3045871493328
E01000268,0.25269841453096703,49.0,193.90703376967676
E01000269,0.2730618691250367,35.0,128.17608006621123
E01000270,0.2507512283423049,32.0,127.61652340269391
E01000271,0.349469926425445,38.0,108.73610896560743
E01000272,0.4718570851421989,22.0,46.624286659529716
E01000273,0.32929705924288993,33.0,100.21346706184569
E01000274,0.2662954611136525,18.0,67.59409238416484
E01000275,0.33159636037189466,32.0,96.50286862048516
E01000276,0.5116762571179223,13.0,25.406689912141037
E01000277,0.1843723351306213,33.0,178.9856378215347
E01000278,0.274185180291193,16.0,58.354722100616506
E01000279,5.027074926740994,54.0,10.741833130982931
E01000280,1.0158176075230165,24.0,23.626288639081505
E01000281,0.26747482733973527,37.0,138.3307744059375
E01000282,0.5277956945759463,18.0,34.104105404766464
E01000283,0.33222970396956636,18.0,54.179381870228184
E01000284,0.2791730352224603,32.0,114.62425077873533
E01000285,0.20597552975531655,18.0,87.38902150844154
E01000286,0.26762599558184286,24.0,89.677387085742
E01000287,0.2768439613329033,32.0,115.58857865611951
E01000288,0.3351970505590384,21.0,62.64971593567545
E01000289,0.28760610005070064,22.0,76.49350968606622
E01000290,2.0476265865710452,39.0,19.046441502456453
E01000291,0.24361668750057852,18.0,73.88656411296643
E01000292,0.28646002058562053,29.0,101.23576735320432
E01000293,0.2744152089188706,16.0,58.30580623805845
E01000294,0.3272575378725616,24.0,73.33673704208431
E01000295,0.20368735221150175,25.0,122.73712495433139
E01000296,0.22263090849452086,35.0,157.21087533028407
E01000297,0.23161356046409146,24.0,103.62087587579258
E01000298,0.26781739084519435,35.0,130.68606145980618
E01000299,0.1659467136472265,20.0,120.52061508440885
E01000300,0.17003380563937584,14.0,82.33656799808713
E01000301,0.2888184561450341,25.0,86.5595652496872
E01000302,0.2177525031988706,24.0,110.21687304361826
E01000303,0.2122780420868848,26.0,122.48087340733184
E01000304,0.1769551207391349,19.0,107.37185745536897
E01000305,0.6891887470091124,35.0,50.784346308453635
E01000306,0.144908002313522,9.0,62.108371216985375
E01000307,0.4991235540947473,62.0,124.21774025962058
E01000308,0.5274151256492906,12.0,22.75247602204626
E01000309,0.2880907777853835,21.0,72.89369052849095
E01000310,0.31016285171694213,37.0,119.29217117776112
E01000311,0.33891743730422247,20.0,59.01142224808988
E01000312,0.1470394252708456,9.0,61.20807384429083
E01000313,0.2172058420768816,20.0,92.0785546501132
E01000314,0.2463655646973783,24.0,97.4162116750377
E01000315,0.5072591506289841,28.0,55.198609951700135
E01000316,0.4055190693973213,35.0,86.30913473937656
E01000317,0.17068303459690817,24.0,140.6115145344079
E01000318,0.2716399437504478,21.0,77.30821804061495
E01000319,0.15927168847714554,7.0,43.95005833698093
E01000320,0.23740517548395548,38.0,160.06390729492816
E01000321,0.17683063363195642,21.0,118.75770373422974
E01000322,0.20012168895211338,33.0,164.89966766119232
E01000323,0.2139430206063745,34.0,158.92081874713404
E01000324,0.2727436923822614,35.0,128.3256074385987
E01000325,0.3914890436162045,25.0,63.858747537539514
E01000326,0.27182586207297227,22.0,80.93416804503337
E01000327,0.38652000138841924,24.0,62.09251762855623
E01000328,0.5522942760796472,26.0,47.07635245571602
E01000329,0.48110798743732697,18.0,37.41363783186997
E01000330,0.25590123582696434,29.0,113.32497049607554
E01000331,0.5332003745496824,32.0,60.01496159305176
E01000332,0.2788817271862905,31.0,111.15823296408472
E01000333,0.28940505920221626,34.0,117.48239679612217
E01000334,0.268848487686317,23.0,85.55004418263864
E01000335,1.3977987963298188,60.0,42.92463275654635
E01000336,0.18112186781523318,22.0,121.46517847553744
E01000337,0.2750982319126856,21.0,76.33636848187837
E01000338,0.1716646102597017,28.0,163.1087500075897
E01000339,0.2591454418749216,30.0,115.76510774393522
E01000340,0.2300255044601273,36.0,156.5043845224574
E01000341,0.23821609043145348,29.0,121.73820814318474
E01000342,0.2230875885528574,30.0,134.47632920596985
E01000343,0.30829391201770284,36.0,116.7716863573122
E01000344,0.2243583583547025,22.0,98.05741208544052
E01000345,0.2099792843451587,21.0,100.00986557074232
E01000346,0.35121539138933444,39.0,111.04296951715065
E01000347,0.19653023884632495,43.0,218.79584664639555
E01000348,0.29465737359101046,18.0,61.08789941562539
E01000349,0.3299118587785264,23.0,69.71559035542327
E01000350,0.2641372469799042,28.0,106.00549646120248
E01000351,0.3110395074043918,25.0,80.37564169459911
E01000352,0.34559162323157866,46.0,133.10507809726542
E01000353,0.3349726940783102,33.0,98.51549270545983
E01000354,0.2051028745083452,18.0,87.76083730249046
E01000355,0.4210923726157932,23.0,54.619844708005
E01000356,0.3125147718506916,31.0,99.19531104536298
E01000357,0.19891530914750782,4.0,20.109060570263882
E01000358,0.29425076820682156,32.0,108.75077810334889
E01000359,0.20682434348377535,18.0,87.03037416585363
E01000360,0.4440539378504007,61.0,137.37069936884686
E01000361,0.28341192257563314,16.0,56.45492911728206
E01000362,0.3973676542375883,35.0,88.07964016888327
E01000363,0.4206105006894374,33.0,78.45738502940023
E01000364,0.4305257030159143,44.0,102.20063446101277
E01000365,0.34130427168179606,25.0,73.24842398488332
E01000366,0.2326591504730782,33.0,141.83839291469667
E01000367,0.2623050042973187,32.0,121.99538505078803
E01000368,0.24180145237324505,17.0,70.30561575684325
E01000369,0.2671347908743893,19.0,71.12514224676215
E01000370,0.32668839746436834,25.0,76.52552154909857
E01000371,0.22793407682253183,12.0,52.64680107197456
E01000372,0.22685482526376494,24.0,105.7945316882509
E01000373,0.08972479596035408,6.0,66.87114677475742
E01000374,0.7419311908689867,42.0,56.60902320443963
E01000375,0.4253068672242916,37.0,86.99600888524455
E01000376,0.5463720857187686,28.0,51.24712761115014
E01000377,0.43008184020903695,25.0,58.128471520325064
E01000378,1.2578431443248363,57.0,45.315666152154044
E01000379,0.3301716717337925,27.0,81.7756407090227
E01000380,0.22258028400714328,20.0,89.85521826074289
E01000381,2.0547599188205625,38.0,18.49364475719971
E01000382,0.5816990329222896,16.0,27.50563280055766
E01000383,2.796792404253263,48.0,17.16251800705812
E01000384,0.3031942817218296,16.0,52.77144380539292
E01000385,0.5892310135652415,36.0,61.09658040939823
E01000386,0.5513391632685904,36.0,65.29556106004796
E01000387,0.3094637724792796,24.0,77.55350426876522
E01000388,0.5305680117405415,25.0,47.119312598561834
E01000389,0.4450399579391638,36.0,80.89161289405195
E01000390,0.5386434308469625,38.0,70.54759758278092
E01000391,0.4680902136368302,11.0,23.499743595439483
E01000392,0.22071927473213995,25.0,113.26604815252065
E01000393,0.27864404885347205,26.0,93.30900877654264
E01000394,0.23868418370142538,36.0,150.82691882522508
E01000395,0.3172572939280126,29.0,91.4084579142261
E01000396,0.21547486460088874,24.0,111.38190082845055
E01000398,0.23302081285855247,18.0,77.2463188124157
E01000399,0.294646665526274,25.0,84.84738816014438
E01000400,0.28163555411827196,26.0,92.31788962653978
E01000401,0.2679188626024636,17.0,63.452046021949926
E01000402,0.3158583283626044,29.0,91.81331437526032
E01000403,0.6249249183422649,49.0,78.40941937470191
E01000404,0.16928248549037636,21.0,124.05299898077077
E01000405,0.39501839571934905,27.0,68.35124716364562
E01000406,0.4235083228614986,34.0,80.28177526777706
E01000407,0.43626448387815714,36.0,82.51875027730729
E01000408,1.0842676764260566,39.0,35.96897781602334
E01000409,0.2260384032725198,10.0,44.24027003917405
E01000410,0.2784767424125184,35.0,125.68374542443168
E01000411,0.18955558378709683,30.0,158.26492367376053
E01000412,0.2420195574399655,24.0,99.16553956988932
E01000413,0.20557984759674527,38.0,184.84302057922926
E01000414,0.2924383618565661,39.0,133.36143641485913
E01000415,0.22702526840963866,13.0,57.26234833271127
E01000416,0.1765189191319107,28.0,158.62322371844968
E01000417,0.7372639716728313,38.0,51.5419191226435
E01000418,0.5174217210058738,25.0,48.31648727734064
E01000419,0.26779764717731563,29.0,108.29071989866424
E01000420,0.2733898257461576,28.0,102.41785671277319
E01000421,0.2839963395419223,19.0,66.90227074984993
E01000422,0.10534506574256582,17.0,161.37443059310718
E01000423,0.29022675421949845,21.0,72.35721619281765
E01000424,0.3878983417441264,33.0,85.07383623147362
E01000425,0.35878116589947867,18.0,50.16985759236632
E01000426,0.25912013252386273,27.0,104.19877350716287
E01000427,0.4072628584870541,26.0,63.840832666616656
E01000428,0.8841998543995074,61.0,68.98892789507111
E01000429,0.3116609633242112,24.0,77.00675677830574
E01000430,1.5074688498121351,35.0,23.21772685675183
E01000431,0.14716140556675306,21.0,142.7004581746422
E01000432,0.45727411620603536,54.0,118.09109259897198
E01000433,0.3124924544169366,19.0,60.80146810408945
E01000434,1.5552285055255801,27.0,17.36079290218225
E01000435,0.17310623591431515,15.0,86.65199102027013
E01000436,0.2771389144419768,22.0,79.38257261452192
E01000437,0.26657651277742345,14.0,52.51775504952014
E01000438,0.18622194858563682,42.0,225.53732424664057
E01000439,0.24857285746942603,35.0,140.80378829898967
E01000440,0.24017157434137493,16.0,66.61904117453105
E01000441,0.23826572255376074,20.0,83.9398961194988
E01000442,0.30878454389872184,35.0,113.34764220413713
E01000443,0.27258897095162316,36.0,132.06697202136246
E01000444,1.3841857824015393,35.0,25.285623104201793
E01000445,0.5914382726112914,35.0,59.1777732703526
E01000446,0.2756641232547758,24.0,87.06247195547674
E01000447,0.9892530038924381,52.0,52.56491493621381
E01000448,0.4603653036739634,20.0,43.44376051016272
E01000449,0.45481658749111853,29.0,63.76196646646336
E01000450,0.2289914910841686,20.0,87.33948980073131
E01000451,0.20786364409523136,12.0,57.7301531118269
E01000452,0.16131736345190767,11.0,68.18856795461666
E01000453,0.20922813603958423,13.0,62.13313489319862
E01000454,0.20353427792121154,26.0,127.74261055950804
E01000455,0.26222059437606154,18.0,68.64449393393352
E01000456,0.16895797373753,14.0,82.86084219824089
E01000457,0.29965095332673414,43.0,143.50029433450044
E01000458,0.33441435386766616,22.0,65.7866498419078
E01000459,0.31646492269298715,38.0,120.07649908443416
E01000460,0.5092718568373986,21.0,41.235343595090754
E01000461,0.5482907839110785,26.0,47.42009306546481
E01000462,0.4628296212470525,38.0,82.1036473370318
E01000463,0.2352640744011909,25.0,106.26356813564328
E01000464,0.14582164890523847,14.0,96.00769230841598
E01000465,0.26540286480941544,15.0,56.517852626690484
E01000466,2.3635816132261978,89.0,37.65471837400124
E01000467,0.17476778427077774,15.0,85.8281751558951
E01000468,0.29059797047933233,24.0,82.58832627224734
E01000469,0.37997821603957266,22.0,57.89805591831301
E01000470,0.35658221064633877,16.0,44.870438070924784
E01000471,0.13940245945901938,5.0,35.86737292443443
E01000472,0.4296022591482274,31.0,72.159769507413
E01000473,0.17363734824203753,31.0,178.5330190414352
E01000474,0.19627712816834952,19.0,96.80190543496971
E01000475,0.31280695146459553,60.0,191.81159408086552
E01000476,0.22779645346408964,33.0,144.86617108462664
E01000477,0.3792191182441273,57.0,150.30887752685902
E01000478,0.1921985356587238,21.0,109.2620187142764
E01000479,0.3102098505680701,37.0,119.27409762212241
E01000480,0.2963005317882005,29.0,97.87360091790042
E01000481,0.257902335608035,26.0,100.81335610513938
E01000482,0.3437576668022524,49.0,142.5422753645445
E01000483,0.22372426606102044,16.0,71.51660515733249
E01000484,0.30474708790773775,19.0,62.3467811635078
E01000485,0.1759676730049293,15.0,85.24292981688637
E01000486,0.7467369303481577,17.0,22.765714817497965
E01000487,0.3070415801308189,33.0,107.4772999342302
E01000488,0.16128776688554317,12.0,74.40117890971683
E01000489,0.3197133809300679,19.0,59.428228949090936
E01000490,0.13261772738385233,10.0,75.40470039164319
E01000491,0.3661712446263436,17.0,46.4263653945506
E01000492,0.16130278408658574,7.0,43.39664711702973
E01000493,0.18366791478952726,19.0,103.44757287506037
E01000494,0.22056377013887926,36.0,163.2181023081551
E01000495,0.17515112542879954,13.0,74.2216184347877
E01000497,0.30496509118153,31.0,101.65097873955449
E01000498,0.2871984312526005,20.0,69.63826338734191
E01000499,0.5237230013806241,38.0,72.55743952399541
E01000501,0.1582349901622281,15.0,94.7957211273023
E01000502,0.3722564033130681,17.0,45.66744815858273
E01000503,0.4035966453858273,24.0,59.465310909749164
E01000504,0.14777378366852403,13.0,87.97230251044193
E01000505,0.15655576717014597,11.0,70.26250261381377
E01000506,0.29737590307545597,27.0,90.794175724282
E01000507,0.23814179758006498,9.0,37.792609661368395
E01000508,0.23026717188353915,29.0,125.94066172258005
E01000509,0.1288156950193448,29.0,225.12784638273266
E01000510,0.1791130422239473,37.0,206.57345517998868
E01000511,0.1652022261350411,17.0,102.90418233289245
E01000512,0.1532338756783119,10.0,65.2597211663123
E01000513,0.16834063501271426,20.0,118.80672779028937
E01000514,0.15797246628998163,11.0,69.63238758207324
E01000515,0.3799883641132513,35.0,92.10808357691879
E01000516,0.24769070848418887,29.0,117.0815012701665
E01000517,0.2285519736977109,18.0,78.75670338251943
E01000518,0.5061510120311549,36.0,71.12501831327783
E01000519,0.7323804334379894,54.0,73.7321718802748
E01000520,0.242502992736848,20.0,82.47320898716903
E01000521,0.143875064072211,27.0,187.6628182521516
E01000522,0.1452950816178598,12.0,82.59054516078642
E01000523,0.13746314542045177,18.0,130.9441883127604
E01000524,0.15514802163091973,15.0,96.68186446929609
E01000525,0.15978541905120383,19.0,118.90947317233858
E01000526,0.1395881736760665,20.0,143.2786136052811
E01000527,0.12769791857013232,14.0,109.63373684365209
E01000528,0.10755211032808674,12.0,111.57382187475548
E01000530,0.17735801057000103,11.0,62.02144444814031
E01000531,0.10682849159632352,11.0,102.96878515860803
E01000532,0.10347569311855268,12.0,115.96926426239574
E01000533,0.1847773149042731,19.0,102.82647526209189
E01000534,0.15352912142708192,9.0,58.62080051226318
E01000535,0.19026616837472993,22.0,115.6274927272983
E01000536,0.33592188829824576,34.0,101.2140059471604
E01000538,0.3966391240129761,18.0,45.3813023230939
E01000539,0.28202689430529254,20.0,70.91522263954768
E01000540,0.3779773591708525,21.0,55.55888333117758
E01000541,0.24106657133457893,30.0,124.4469518685885
E01000543,0.1955746002509708,35.0,178.9598442491321
E01000544,0.0726464771993832,8.0,110.12233914720262
E01000545,0.11514948807411865,10.0,86.84363402087612
E01000546,0.09539410935116305,14.0,146.75958605015595
E01000547,0.07654001279940693,7.0,91.45543283805459
E01000548,0.10724347588385376,17.0,158.51780129181236
E01000549,0.11193094618186865,10.0,89.3407975284307
E01000550,0.14339106261940224,11.0,76.71328881352184
E01000551,0.136210754437477,13.0,95.44033474953856
E01000552,0.08781229378344133,17.0,193.59476068265138
E01000553,0.1435937449703516,12.0,83.56909977156519
E01000554,0.21417864740991296,20.0,93.37999021780323
E01000555,0.20537094106345122,17.0,82.77704680112312
E01000556,0.0972134529884893,13.0,133.72634754100633
E01000557,0.11650343762588622,11.0,94.4178148229669
E01000558,0.173300919866977,11.0,63.47340803755355
E01000559,0.112486916914117,6.0,53.33953640654015
E01000560,0.2103966229368579,12.0,57.03513598505484
E01000561,0.11477188403485171,16.0,139.40696482024666
E01000562,0.30854795208089764,34.0,110.19356884626349
E01000563,0.3814860294510137,32.0,83.88249511011017
E01000564,0.20739849913901653,23.0,110.89762025993929
E01000565,0.1875954379458276,16.0,85.28992056096993
E01000566,0.20925418724699033,13.0,62.125399596690634
E01000567,0.20300623138101584,17.0,83.74127180408196
E01000568,0.8024636111331443,41.0,51.0926594442141
E01000569,0.37265558310758773,12.0,32.201315487967705
E01000570,0.13184429623933702,10.0,75.8470429532044
E01000571,0.3521728778798056,22.0,62.46931942189047
E01000572,0.21665911912295052,14.0,64.61763555890407
E01000573,0.23416013263269528,28.0,119.57629031548652
E01000574,0.2192895783047789,8.0,36.48144185348027
E01000575,0.2737420267564783,24.0,87.6737864637441
E01000576,0.29202538264006844,14.0,47.941038116044496
E01000577,0.34372601635323935,39.0,113.46246179957642
E01000578,0.3331501802958359,30.0,90.04947850654061
E01000579,0.11285668029126654,10.0,88.6079581128159
E01000580,0.4463440657676282,36.0,80.65526745177343
E01000581,0.16429225490207897,14.0,85.21399872650261
E01000582,0.19368651478865626,10.0,51.62982054229041
E01000583,0.1990785541687386,22.0,110.50914093615951
E01000584,0.12413786196497993,0.0,0.0
E01000585,0.09927175763400173,6.0,60.44015078408293
E01000586,0.15279987912353626,24.0,157.06818708015066
E01000587,0.19693037176845388,17.0,86.32492716759913
E01000588,0.34759249833496453,23.0,66.16943722944097
E01000589,0.29217798626771085,52.0,177.97370932782906
E01000590,0.26819665736213366,31.0,115.58682462675931
E01000591,0.31986509788826917,36.0,112.54744652564445
E01000592,0.19981560344997454,17.0,85.07844085487592
E01000593,0.18048822897685152,17.0,94.18896786992315
E01000594,0.23957155950781484,26.0,108.52707246809852
E01000595,0.18993426587940299,15.0,78.97469122040418
E01000596,0.1970428231879795,20.0,101.5007787465567
E01000599,0.08949885205159172,13.0,145.25325970109802
E01000600,2.0262187011062442,127.0,62.67832782841381
E01000601,0.6997006758443276,42.0,60.02566733170391
E01000602,0.1304132979089713,18.0,138.02273455705438
E01000603,0.12044845506960518,20.0,166.0461314214643
E01000604,0.16775118511008635,12.0,71.53451698195173
E01000605,0.17514510332498925,21.0,119.90058300992634
E01000606,0.23360409958805192,12.0,51.368961508643665
E01000607,0.1995856401970619,15.0,75.15570752078995
E01000608,0.5641076639804471,44.0,77.99929483235157
E01000609,0.24888970670451965,21.0,84.37472275593571
E01000610,0.2871150146325149,27.0,94.03896913770923
E01000611,0.12084511327088694,5.0,41.37527670475163
E01000612,0.2589969281142095,19.0,73.35994344929681
E01000613,0.2199737021815485,25.0,113.64994884418967
E01000615,0.6674996356425237,57.0,85.39330503923463
E01000616,0.17042324340596543,12.0,70.41293053797119
E01000617,0.2735619807309117,20.0,73.10957446120018
E01000618,0.17996076419646118,10.0,55.56766801169565
E01000619,0.21017725950094787,38.0,180.79976915784567
E01000620,0.44029635293771746,27.0,61.32233396859254
E01000621,0.21548918982643256,29.0,134.57751650260636
E01000622,0.6287186282573541,30.0,47.716098508409495
E01000623,0.19211356235998145,45.0,234.23645601698448
E01000624,0.2638024999666254,44.0,166.79144437814878
E01000625,0.2690962521904438,32.0,118.91655769829555
E01000626,0.20281981207058863,15.0,73.95727195910948
E01000627,0.22532698509688898,38.0,168.64380439679817
E01000628,0.3502472026086278,32.0,91.3640416302121
E01000629,0.17912050287157621,34.0,189.8163496357362
E01000630,0.28559348362361014,21.0,73.53108948268707
E01000631,0.25322321920640817,12.0,47.3890192124069
E01000632,0.28513752915766366,14.0,49.099113825380925
E01000633,0.16654872444709007,24.0,144.1019742401235
E01000634,0.16785937257685837,18.0,107.2326181355067
E01000635,0.23099742388820443,32.0,138.52968341104534
E01000636,0.21382309870345162,18.0,84.18173765671574
E01000637,0.0710325003638991,8.0,112.6245022914306
E01000638,0.28882888684910374,34.0,117.71675738847762
E01000639,0.09680975247548138,11.0,113.6249160722307
E01000640,0.1263484105684911,22.0,174.12169967958727
E01000641,0.10916908121702282,10.0,91.60102740189309
E01000642,0.1587118427040447,24.0,151.21744912730682
E01000643,0.5739363032764989,51.0,88.86003500536592
E01000644,0.12042016966073044,12.0,99.65108032822556
E01000645,0.7787118512745813,46.0,59.071914630178085
E01000646,0.35275163199464726,33.0,93.5502404720292
E01000647,0.2534943632361399,30.0,118.34582677506651
E01000648,0.3816865520238001,23.0,60.25886916384163
E01000649,0.8480970513064211,54.0,63.671958199615965
E01000650,0.8844397702803916,54.0,61.05559905213277
E01000651,0.28636730421753454,28.0,97.77652541901303
E01000652,0.586364128853232,25.0,42.63562310486689
E01000653,0.4979930985331382,39.0,78.31433832090507
E01000654,1.0560084342366092,21.0,19.886204805912318
E01000655,0.37609881748733803,14.0,37.224259553731066
E01000656,3.4079900543188453,33.0,9.683126850144435
E01000657,0.3088263220837448,23.0,74.47551699871964
E01000658,2.166297183885337,40.0,18.464687254155255
E01000659,0.5092107691281196,9.0,17.67441017677213
E01000661,0.9362902732821843,41.0,43.78983865364069
E01000662,0.5199094168125492,52.0,100.0174228787788
E01000663,0.3136154886627507,28.0,89.28130469381905
E01000664,0.8026601467792975,25.0,31.14643239771327
E01000665,0.8379706714535956,47.0,56.08788183298933
E01000666,2.973913918839216,62.0,20.847947079853597
E01000667,1.0605847453290702,43.0,40.543671959620994
E01000668,0.6997429922569363,35.0,50.018364438508684
E01000669,0.17232785397356687,16.0,92.84627894486644
E01000670,0.4850230017652748,31.0,63.91449454391514
E01000671,0.3463677688255585,25.0,72.17761653969245
E01000672,0.3288714426209226,33.0,100.3431606496701
E01000673,0.47427276486454456,18.0,37.952843455265494
E01000674,0.19997043220407337,33.0,165.02439703847273
E01000675,0.5769088555468675,49.0,84.93542702434611
E01000676,0.32647600968832935,45.0,137.83554890590366
E01000677,0.38406706315244676,23.0,59.88537473433557
E01000678,0.29702535550299325,37.0,124.56848991003778
E01000679,0.2921814707297962,22.0,75.29567136837768
E01000680,8.253727197082908,98.0,11.873423686045241
E01000681,0.3143559507401194,22.0,69.98435992130328
E01000682,0.2871758203019927,31.0,107.94780691285413
E01000683,0.2558477104993817,27.0,105.5315286867312
E01000684,0.4094026657316987,33.0,80.60523968748775
E01000685,1.104672529288133,31.0,28.062615099134266
E01000686,0.4437300217339423,41.0,92.398526112311
E01000687,0.5744038683889867,32.0,55.70993121921243
E01000688,0.9235423581487199,18.0,19.490172639273165
E01000689,1.3844879488619624,44.0,31.780702776190747
E01000690,0.3324537948288431,24.0,72.19048292817924
E01000691,0.24339592390715362,37.0,152.01569281050945
E01000692,0.35249677273439006,42.0,119.15002703201323
E01000693,2.6686134897393146,79.0,29.603387790607762
E01000694,1.024589545983604,43.0,41.968025311755525
E01000695,0.7553563080866758,33.0,43.68799154347343
E01000696,2.0423040428930728,70.0,34.27501416529533
E01000697,0.5115542589631842,39.0,76.2382471002099
E01000698,1.1323715304482946,31.0,27.37617395566931
E01000699,0.13660720393384965,10.0,73.20258165039654
E01000700,0.20052355852133724,17.0,84.7780685988129
E01000701,0.13230630922206407,3.0,22.674655635392064
E01000702,0.1390948585948724,4.0,28.757353365952927
E01000703,0.2371626530412942,23.0,96.97985625078707
E01000704,0.330223251758349,52.0,157.4692264191396
E01000705,0.15038220568326355,8.0,53.19778336573728
E01000706,0.2979409580720048,13.0,43.6328059227702
E01000707,0.15546882929037587,17.0,109.34667790061225
E01000708,0.23664160438022852,29.0,122.54818875130547
E01000709,0.2513767583512457,37.0,147.18942293105854
E01000710,0.545033141317475,43.0,78.89428502651921
E01000711,0.2787407713001055,51.0,182.96569878215263
E01000712,0.3589449244519217,55.0,153.2268497290505
E01000713,0.4181164868542129,45.0,107.62550967211779
E01000714,0.32721924980517664,63.0,192.53146029003375
E01000715,0.3033120009856547,47.0,154.95595244259027
E01000716,0.40155254802181706,36.0,89.6520273058859
E01000717,0.3093264079439843,49.0,158.40871888595225
E01000718,0.3375468811995654,28.0,82.9514404058314
E01000719,0.34800435128797064,30.0,86.20581865993755
E01000720,7.518287701920245,87.0,11.571783822236457
E01000721,0.2707367230141936,29.0,107.11513265409381
E01000722,0.5786321253610384,52.0,89.86711542770723
E01000723,0.41750458813047864,23.0,55.089214954476226
E01000724,0.41241471748297415,28.0,67.89282441443407
E01000725,0.3401267212454071,24.0,70.56193618696486
E01000726,0.2801491708500175,22.0,78.52959169305578
E01000727,0.38800289955104633,36.0,92.78281178221911
E01000728,2.7303438553586528,41.0,15.016423634529476
E01000729,0.2618771449473197,17.0,64.9159360715491
E01000730,0.3688138735045362,34.0,92.18742146797744
E01000731,0.23350937401815294,15.0,64.23724984519853
E01000732,0.35437530953914337,21.0,59.25920749758215
E01000733,0.3718422275040078,27.0,72.61144109757944
E01000734,0.32014912418283287,14.0,43.72962142481073
E01000735,0.5118348134233862,25.0,48.84388350371973
E01000736,0.3988285507940363,17.0,42.62483206418983
E01000737,0.36323384281550986,22.0,60.56704361430887
E01000738,0.5145513233104875,40.0,77.73762924687581
E01000739,0.22876293138937073,16.0,69.9414013574029
E01000740,0.7118900424869518,59.0,82.87796777418953
E01000741,0.13482239768152773,13.0,96.42314796023803
E01000742,0.26635552999284223,30.0,112.63141411333262
E01000743,0.31184701260598774,27.0,86.58091598945006
E01000744,0.21110946315361784,20.0,94.73758163766736
E01000745,0.47222446084441005,69.0,146.11695437508124
E01000746,0.17817668256139818,23.0,129.08535319751726
E01000747,9.938749997063358,95.0,9.55854609765514
E01000748,9.882355839042624,63.0,6.374998130618141
E01000749,9.21471598760619,59.0,6.402801787852725
E01000750,0.31376298997887037,17.0,54.18102371202169
E01000751,1.840516471330661,54.0,29.339590729638488
E01000752,1.383840292084842,46.0,33.240830074905624
E01000753,0.865998352968281,43.0,49.653674112212734
E01000754,0.38478766624080785,31.0,80.56391282718396
E01000755,0.34375248157337995,21.0,61.09046807133284
E01000756,1.008409938399017,51.0,50.57467013957556
E01000757,0.5399780316145396,33.0,61.11359734641366
E01000758,0.30462472693491793,33.0,108.33001093522635
E01000759,4.591363401305625,42.0,9.1476096159273
E01000760,0.5066674399527051,31.0,61.18411714574297
E01000761,0.5867029961702537,23.0,39.20211785202081
E01000762,0.32293196293699117,39.0,120.76847285509945
E01000763,0.8487432689095943,19.0,22.386039095673613
E01000764,0.4979611473623804,59.0,118.4831393222412
E01000765,2.308994711601474,61.0,26.418423434885906
E01000766,0.370400869921688,23.0,62.09488656131605
E01000767,0.3135482532493842,25.0,79.73254432425738
E01000768,0.47516605446405163,26.0,54.71771343036251
E01000769,1.1975757439518475,45.0,37.5759113586467
E01000770,0.686335113522665,39.0,56.823553438537715
E01000771,0.37115007917514986,38.0,102.3844588271457
E01000772,0.33173511426562113,47.0,141.67930369399178
E01000773,0.3084037626816031,43.0,139.42761147305885
E01000774,0.37685949431608656,55.0,145.94298625755036
E01000775,1.107054289584382,70.0,63.230864699760915
E01000777,0.24606932138130896,29.0,117.85296857490661
E01000778,0.20631036411682582,44.0,213.27091437386272
E01000779,1.1594906619112306,34.0,29.32322020080486
E01000780,0.20904339541263758,15.0,71.755436092066
E01000781,0.17264525591141563,11.0,63.71446433282885
E01000782,0.282151356958176,12.0,42.53036430293968
E01000783,0.18870599739266478,19.0,100.68572415567833
E01000784,0.22475687294874475,17.0,75.6372865352901
E01000785,0.21035417981709192,14.0,66.55441794488391
E01000786,0.945590500681382,36.0,38.07144844841272
E01000787,0.3468004388717825,29.0,83.62157814546984
E01000788,0.3729594725895646,39.0,104.56900244203966
E01000789,0.14234562429440112,20.0,140.50308956905997
E01000790,0.515874442737112,45.0,87.2305279580052
E01000791,0.4020895394723579,23.0,57.20118964094852
E01000792,0.31469805966183706,20.0,63.55298161511153
E01000793,0.471154162602155,16.0,33.95916086495554
E01000794,0.45944341330931066,19.0,41.35438543594627
E01000795,0.2881941367152709,22.0,76.33743090941329
E01000796,0.0999555996884776,21.0,210.0932820717275
E01000797,0.6572062312446597,34.0,51.73414125366492
E01000798,0.13316577739728444,14.0,105.13211632619878
E01000799,0.2172653946742269,21.0,96.65598164626225
E01000800,0.23139691907440796,22.0,95.07473171207471
E01000801,0.1877870699485127,22.0,117.15396595746417
E01000802,0.18704778023408417,8.0,42.76982057733196
E01000803,0.25742483089535445,8.0,31.07703313691628
E01000804,0.66656645148334,27.0,40.50608898770062
E01000805,0.1571455178418373,18.0,114.54351512663894
E01000806,0.16391781723644197,20.0,122.01236166506023
E01000807,0.8116486050807722,18.0,22.177084870624164
E01000808,0.3360600992775615,22.0,65.46448104756877
E01000809,0.5486566670649832,22.0,40.09793614226565
E01000810,0.371085906301213,20.0,53.895876023288956
E01000811,0.29553337927841083,20.0,67.67425070167371
E01000812,0.3828091463742169,31.0,80.98030126400324
E01000813,0.6105442088494022,28.0,45.86072489782067
E01000814,0.47787060221627814,16.0,33.481867111713655
E01000815,0.4993076629716677,14.0,28.03882463304875
E01000816,0.2990208976774269,26.0,86.95044460754671
E01000818,1.2923086116137896,27.0,20.892842280361613
E01000819,0.39771345200391567,30.0,75.43119260573725
E01000820,0.5874584615986757,28.0,47.662944412788626
E01000822,0.21852411856891638,19.0,86.94692432317457
E01000823,0.2426923416765432,23.0,94.77019275150455
E01000824,0.1688515441724867,15.0,88.83543276736083
E01000825,0.17439197383847885,24.0,137.62101243391342
E01000826,0.5139007602189201,19.0,36.97211888129152
E01000827,0.37474923022427303,47.0,125.41720224981464
E01000828,0.3460014507995048,39.0,112.71629037936918
E01000829,0.22156831718933184,32.0,144.42498099877588
E01000830,0.5912259498651516,26.0,43.976418839413505
E01000831,0.4067396901205718,35.0,86.05012210543009
E01000832,0.8647036889999591,20.0,23.129310368885157
E01000833,0.36108168750138714,13.0,36.002933546581644
E01000834,0.20987194813759352,38.0,181.06278774849383
E01000835,0.33483186460473563,35.0,104.5300752403509
E01000836,0.21226967984590805,36.0,169.59558249738404
E01000837,0.4849055010074116,23.0,47.43192220384494
E01000838,0.5445737716831686,39.0,71.61564149418875
E01000839,0.26808607647655036,11.0,41.031597554683806
E01000840,0.8004365959718813,21.0,26.235682008644332
E01000841,0.33753449938858554,44.0,130.35704521968032
E01000842,0.10369864465204634,7.0,67.50329306123545
E01000843,0.08452849402325044,12.0,141.96396302410494
E01000844,0.1147463003873435,18.0,156.86780261531985
E01000845,0.11842490974495272,20.0,168.8833881577216
E01000846,0.08206295574426715,17.0,207.15802697842267
E01000847,0.09882869863711631,17.0,172.01481183538974
E01000848,0.09972396982186922,19.0,190.5259090060146
E01000849,0.07900498136598397,18.0,227.8337351491358
E01000850,0.1956513611146149,30.0,153.33397032911844
E01000851,0.1355603085903497,46.0,339.33236415835853
E01000852,0.12433260653425353,16.0,128.68707932695042
E01000853,0.058450807629315246,9.0,153.97563121927107
E01000854,0.1906578293564377,34.0,178.32994383061228
E01000855,0.32174082068911825,36.0,111.8913040716862
E01000856,0.11991418388739193,18.0,150.10734690821312
E01000857,0.07557770044610061,8.0,105.85132853711687
E01000858,0.21906184377106072,29.0,132.38270755315838
E01000859,0.09524240568692091,17.0,178.49192150691877
E01000860,0.2096159215463103,16.0,76.33007970945151
E01000861,0.11255639043910505,14.0,124.38209812328907
E01000862,0.16964196759161454,16.0,94.31628403719886
E01000863,0.16327006091736443,21.0,128.62125414792789
E01000864,0.0994356182675073,7.0,70.39730955529643
E01000865,0.10841813012479024,16.0,147.57679349001737
E01000866,0.14168479487241015,13.0,91.75296482383129
E01000867,0.08059743365180608,15.0,186.11014421132094
E01000868,0.08305136446192789,4.0,48.16296548425361
E01000869,0.11411825877671138,20.0,175.2567925097144
E01000870,0.12770968820704653,15.0,117.45389257925036
E01000871,0.30252655667256845,35.0,115.69232263427807
E01000872,0.15150155029220402,12.0,79.2071102695343
E01000873,0.124206579844885,11.0,88.5621358686256
E01000874,0.08590274053352817,11.0,128.0517935944856
E01000875,0.11555253180595479,13.0,112.50294387171591
E01000876,0.11742761415383578,10.0,85.15884506432637
E01000877,0.1123855349449732,12.0,106.77530703462419
E01000878,0.18727766345794855,15.0,80.09497621358412
E01000879,0.1798137786149294,17.0,94.5422543864419
E01000880,0.20161130809313477,17.0,84.32066713314917
E01000881,0.14710475163075015,14.0,95.17027726705668
E01000882,0.12018308975857708,12.0,99.84765763723925
E01000883,0.13981486101280477,6.0,42.91389310504337
E01000884,0.2459421386420224,19.0,77.25394316284766
E01000885,0.3103593489493098,34.0,109.55042957495421
E01000886,0.09979865896802242,13.0,130.26227140151724
E01000887,0.09779008249298766,18.0,184.06774532878367
E01000888,0.09438845659651299,11.0,116.53967441190659
E01000889,0.11413438481844321,12.0,105.1392182915669
E01000890,0.0756262667100629,5.0,66.1145950674661
E01000891,0.07856106591549986,8.0,101.83161222131056
E01000892,0.12155879969262713,13.0,106.94412936678977
E01000893,0.5347086953409826,11.0,20.57194898052915
E01000894,0.22324504408643772,26.0,116.4639515577919
E01000895,0.09538915968756871,26.0,272.56765952398223
E01000896,0.14629879365008586,13.0,88.85924262023039
E01000897,0.19964216991145264,20.0,100.17923572394854
E01000898,0.17254762044083294,18.0,104.31902772123276
E01000899,1.0811646414129583,59.0,54.570782043791
E01000900,0.10143523963670223,12.0,118.30208163335428
E01000901,0.10641055730154032,17.0,159.75858440273313
E01000902,0.08058758778228359,12.0,148.90630592417466
E01000903,0.1027895453822891,15.0,145.92923768864668
E01000904,0.11586654577285446,16.0,138.08990242417778
E01000905,0.08597901308670956,9.0,104.67670745328896
E01000906,0.14139198117258145,21.0,148.52327427513472
E01000907,0.10554246387549603,6.0,56.84915606175298
E01000908,0.17297382838046638,18.0,104.06198537970677
E01000909,0.22616124712725036,19.0,84.01085615392627
E01000910,0.12971094202126265,15.0,115.6417474598338
E01000911,0.08803681258740444,10.0,113.5888465983685
E01000912,0.9026794590439737,15.0,16.617194342592523
E01000913,1.6091734750748623,61.0,37.90765939462316
E01000914,0.44827821541611934,71.0,158.38378390547808
E01000915,0.07400790702517727,13.0,175.6569064380842
E01000916,0.1476884728206023,25.0,169.27522861156257
E01000917,0.07478880346383888,11.0,147.0808395178913
E01000918,0.16657533615264108,42.0,252.1381674506324
E01000919,0.14993440794309065,37.0,246.7745763470369
E01000920,0.13603242147874364,23.0,169.0773401662483
E01000921,0.12388622040619882,20.0,161.43845485336377
E01000922,0.19018551727596195,14.0,73.61233494812224
E01000923,0.08543485912980259,13.0,152.1627135856675
E01000924,0.09705909675819453,18.0,185.454023385812
E01000925,0.08349915111457838,11.0,131.73786623178586
E01000926,0.09173176526545204,16.0,174.4215861724609
E01000927,0.10245989409975553,20.0,195.19832785038687
E01000928,0.2552409585486274,17.0,66.60373043835453
E01000929,0.09656795125673247,7.0,72.48781721991827
E01000930,0.11695797640883816,26.0,222.30206778812956
E01000931,0.14663082266138575,19.0,129.57712202076817
E01000932,0.0667972341983107,7.0,104.79475810657188
E01000933,0.10783782271122669,12.0,111.27821109792042
E01000934,0.08849119387892325,8.0,90.40447585039796
E01000935,0.0629401840532988,2.0,31.77620196195115
E01000936,0.08782407434186143,17.0,193.56879224056829
E01000937,0.1269241375192119,16.0,126.05955268026271
E01000938,0.08097357300173748,14.0,172.895915062308
E01000939,0.07702083216926808,13.0,168.7855043091459
E01000940,0.04913277693374199,9.0,183.17710827004447
E01000941,0.045260254540870605,7.0,154.66108335026945
E01000942,0.07315773118906906,10.0,136.69095306080462
E01000943,0.06994128669159602,6.0,85.78623991372675
E01000944,0.05756784782010959,8.0,138.96645962862348
E01000945,0.2714432324635744,36.0,132.624415327175
E01000946,0.48282303997986803,43.0,89.05954446952852
E01000947,0.15631754865456177,25.0,159.93086006770892
E01000948,0.19918640769235071,33.0,165.6739552779599
E01000949,0.06124398812726306,7.0,114.29693287534154
E01000950,0.06793929927454394,13.0,191.34727821473055
E01000951,0.0492210094117381,15.0,304.74791515394725
E01000952,0.08528584998549482,12.0,140.70329371215655
E01000953,0.6017160977626885,39.0,64.814619627114
E01000954,0.05390955924136786,10.0,185.49585900391546
E01000955,0.0632884083753443,12.0,189.6081811511462
E01000956,0.16009801108729635,20.0,124.9234757144774
E01000957,0.11660347296404228,16.0,137.21718224408306
E01000958,0.24407170014142449,21.0,86.04029056966374
E01000959,0.07295054927627526,10.0,137.07915977614397
E01000960,0.11535965785466826,23.0,199.37645818069024
E01000961,0.12135939124873586,22.0,181.2797491288435
E01000962,0.09502193999827876,5.0,52.619426630213724
E01000963,0.19146546514673407,35.0,182.80059003422326
E01000964,0.1243733391700624,9.0,72.36277533478307
E01000965,0.10841160737317417,15.0,138.36156813326306
E01000966,0.12924859749630274,2.0,15.474055724722364
E01000967,0.37364611925578217,26.0,69.58455784790718
E01000968,0.08272312114615898,11.0,132.97370611252322
E01000969,0.16782744911711245,16.0,95.3360137699225
E01000970,0.06839517549496299,12.0,175.4509716973202
E01000971,0.08180287084606071,12.0,146.69411813898301
E01000972,0.14145309421902916,14.0,98.97273776367228
E01000973,0.23208394334001958,18.0,77.55814444099096
E01000974,0.11422432404098588,5.0,43.77351358372586
E01000975,0.18683959437607553,23.0,123.1002458381761
E01000976,0.16367630710018957,19.0,116.08277542802647
E01000977,0.16844528436142137,30.0,178.09937579274157
E01000978,0.15661384703591855,24.0,153.2431547671243
E01000979,0.13574355636321767,23.0,169.4371402680613
E01000980,0.1469157407467471,9.0,61.25960332265671
E01000981,0.1724278066022204,20.0,115.9905724842785
E01000982,0.13629465051545328,13.0,95.38158651741098
E01000983,0.15609719072966255,25.0,160.15662987360443
E01000984,0.17063918251929439,15.0,87.90478117945702
E01000985,0.39235910932651025,28.0,71.36319594583233
E01000986,0.3235802280963471,25.0,77.2605920549514
E01000987,0.16269314584139305,13.0,79.90502570202615
E01000989,0.2608265370451072,37.0,141.85673137086215
E01000990,0.16604552205629014,22.0,132.49378680951062
E01000991,0.44504155925697214,38.0,85.3852841596269
E01000992,0.49215056388522416,28.0,56.89315842484732
E01000993,0.16077004597813682,13.0,80.86083399993475
E01000994,0.17786435285692379,11.0,61.84488248102492
E01000995,0.14400991844848898,26.0,180.54312008585686
E01000996,0.10403231931926649,9.0,86.5115769684972
E01000997,0.105660151012121,19.0,179.82181378692502
E01000998,0.14195331754942717,11.0,77.49026362958989
E01000999,0.09664835950192201,5.0,51.73393553462816
E01001000,0.13665792867197518,16.0,117.08065646454631
E01001001,0.12141689186126871,11.0,90.59694933196471
E01001002,0.10734379428283386,7.0,65.21103568927433
E01001003,0.15923803950861204,14.0,87.91869105649747
E01001004,0.15433956657654943,21.0,136.063619108224
E01001005,0.09202700309120328,1.0,10.866375807206836
E01001006,0.2910480735885431,33.0,113.38333077803618
E01001007,0.15127695306518413,36.0,237.97412144127378
E01001008,0.18311896185669085,23.0,125.60141105430594
E01001009,0.1161453277427511,15.0,129.148544255033
E01001010,0.7270764708563244,59.0,81.14689769909887
E01001011,0.12564471502567803,32.0,254.68639881478623
E01001012,0.14417180802047277,7.0,48.5531817635663
E01001013,0.19514248752505353,33.0,169.1072017095368
E01001014,0.6389413959613282,50.0,78.25443822554618
E01001015,0.4099127511004081,18.0,43.91178354827733
E01001016,1.0482573516444393,29.0,27.664962191304117
E01001017,1.3431996380625517,19.0,14.14532840956229
E01001018,0.9504385832063607,25.0,26.303645960648005
E01001019,0.5929951683985869,21.0,35.41344199601415
E01001020,0.3660279627064937,26.0,71.03282439885223
E01001021,2.050217136799692,26.0,12.68158359098733
E01001022,0.9887599247333203,25.0,25.28419626912244
E01001023,0.5673309734313311,61.0,107.52101129092215
E01001024,0.28221850793099246,16.0,56.693659523961095
E01001025,0.22756717827719758,20.0,87.88613609137508
E01001026,0.27793841877475844,23.0,82.75214380721947
E01001027,1.448174770684888,74.0,51.09880485281693
E01001028,0.8695022407317519,31.0,35.65258207260186
E01001029,0.49775890234886266,18.0,36.162085529882496
E01001030,0.41555766417750223,12.0,28.876858819945365
E01001031,0.404616861604339,20.0,49.42947735963934
E01001032,0.6519369810752227,40.0,61.35562356660461
E01001033,0.29797732534761723,19.0,63.76324097088528
E01001034,0.2957101207694283,21.0,71.01549296100745
E01001035,0.2196443969014953,27.0,122.92596752244395
E01001036,0.8409920075168954,43.0,51.13009352723978
E01001037,0.15720250348781856,26.0,165.39176808984286
E01001038,0.2027599818630603,22.0,108.50267295278377
E01001039,0.459759433906523,28.0,60.90141481619468
E01001040,0.1919171857753591,20.0,104.21161564660599
E01001041,0.1979393521646778,19.0,95.98899760060213
E01001042,0.20835661162675384,42.0,201.57747657769565
E01001043,0.3388181900602322,62.0,182.98899474369475
E01001044,0.4492813872316812,44.0,97.93417054535244
E01001045,0.4960035351885463,68.0,137.0957970574768
E01001046,0.19596923339375158,34.0,173.49662195027028
E01001047,0.18383845209179858,31.0,168.62631102072348
E01001048,0.35322577621878176,45.0,127.39727117798957
E01001049,1.3881802800700718,41.0,29.53506874332664
E01001050,0.15421481130552234,19.0,123.20476768186806
E01001051,0.2518573136817235,12.0,47.64602553954264
E01001052,0.16071260329536682,3.0,18.666862078554153
E01001053,0.22585727388564844,13.0,57.55847388196982
E01001054,0.2534041783035163,18.0,71.03276718050165
E01001055,0.2921833042256425,25.0,85.56272599577906
E01001056,0.1581966870127028,20.0,126.4248978766164
E01001057,0.13635552269392343,19.0,139.3416241940505
E01001058,0.19609822927270681,18.0,91.79073195489207
E01001059,0.18498704066805818,15.0,81.08676124462193
E01001060,1.5123217366159247,27.0,17.853343866112155
E01001061,0.45492198253915156,26.0,57.152656934450036
E01001062,1.2419546531582564,45.0,36.23320697383455
E01001063,0.31973505860259444,30.0,93.82768386774765
E01001064,3.473747687161521,65.0,18.71177928098543
E01001065,1.171555390285245,43.0,36.70334356921064
E01001066,0.1619542761422909,27.0,166.7137209534261
E01001067,0.6815377774065469,24.0,35.21448230107964
E01001068,0.7614559857208449,55.0,72.23004485010823
E01001069,0.40429487956943316,35.0,86.57047558275875
E01001070,0.5318015666897389,28.0,52.651217585328446
E01001071,0.757082752411998,16.0,21.1337531452479
E01001072,2.1660204393727382,45.0,20.775427222206467
E01001073,0.3036331445993586,14.0,46.108273253477925
E01001074,0.41123548660050985,31.0,75.38259953259968
E01001075,0.44551717222317044,20.0,44.891647835252265
E01001076,0.34532884562397415,30.0,86.87371582235781
E01001077,0.17772545347944424,12.0,67.51987273104875
E01001078,0.37810760970438434,23.0,60.829243870500456
E01001079,0.2935085232460477,28.0,95.39757036809335
E01001080,0.21865219082122933,23.0,105.18989045394412
E01001081,0.46356500093822633,26.0,56.087064267961644
E01001082,0.5624403356835425,25.0,44.449159162130705
E01001083,0.32165106050100994,23.0,71.5060599028486
E01001084,0.5967063966346119,26.0,43.57251765129121
E01001085,0.18221944031143134,27.0,148.1729938027155
E01001086,0.22499602687623174,14.0,62.223320982024596
E01001087,0.37448939746382737,25.0,66.75756421759523
E01001088,0.15593971367049672,24.0,153.90563080494306
E01001089,0.15758792926006823,17.0,107.87628265579153
E01001090,0.18091199413794687,20.0,110.55098969695639
E01001091,0.31958045861256196,33.0,103.26038126131799
E01001092,0.5859942263661442,40.0,68.26005820577313
E01001093,0.40151791964706657,28.0,69.7353682859583
E01001094,1.171379700591531,34.0,29.02560116316721
E01001095,0.24526635506044284,39.0,159.01080272664768
E01001096,0.39141986262371914,20.0,51.096027334786676
E01001097,0.43890497928358096,71.0,161.7662212807255
E01001098,0.48471489678435575,24.0,49.51364226521252
E01001099,0.21515634679734585,23.0,106.89900782552107
E01001100,0.2445194384559818,12.0,49.07585292921499
E01001101,0.5475068515184222,16.0,29.223378585357562
E01001102,0.6462873319943845,41.0,63.439275335132585
E01001103,0.7330891822129407,29.0,39.55862493081552
E01001104,1.6967428767032655,32.0,18.859663676428866
E01001105,0.9924480287362045,23.0,23.175017062896966
E01001106,0.42934073356658703,25.0,58.228809999745145
E01001107,0.7627874204850307,40.0,52.43924968579759
E01001108,0.5387221084754604,28.0,51.97484855269392
E01001109,0.4750837134818599,31.0,65.2516580137064
E01001110,0.15371764274932442,25.0,162.63585332731674
E01001111,0.20050341345882747,11.0,54.86190888345551
E01001112,0.35765101913627145,22.0,61.51247675214258
E01001113,0.17636336704401476,23.0,130.41257028314686
E01001114,0.1814738557798685,22.0,121.22958376266855
E01001115,0.22098400627337425,33.0,149.33207410122006
E01001116,0.15453123263314866,21.0,135.89485854845415
E01001117,0.17364173443721248,31.0,178.52850929227134
E01001118,0.18423443014103352,15.0,81.41800633311229
E01001119,0.6936532649414857,22.0,31.71613414355636
E01001120,0.308274165751491,12.0,38.92638869282857
E01001121,2.202278011063344,31.0,14.07633361649559
E01001122,1.2353847209082927,28.0,22.66500429065817
E01001123,0.7438019950124389,21.0,28.23332034710233
E01001124,0.5994803124799005,18.0,30.026006901775457
E01001125,0.3872244310892317,31.0,80.05693213312871
E01001126,0.22271871108016078,20.0,89.79937025947322
E01001127,0.32904089137882064,34.0,103.3306220923655
E01001128,0.22308356222566286,15.0,67.23937815206021
E01001129,0.2889092696324739,21.0,72.68717970425261
E01001130,0.13812510522008428,11.0,79.63794838362612
E01001131,0.16163679764055797,15.0,92.80065071170523
E01001132,0.43394507925717696,39.0,89.87312419064604
E01001133,0.4000442649869576,27.0,67.4925311099767
E01001134,0.3715291654615637,37.0,99.58841307662509
E01001135,0.4540952034478932,45.0,99.09816192357928
E01001136,0.27829805974487026,24.0,86.23847403751934
E01001137,0.35719944568833417,45.0,125.98003872397852
E01001138,0.2606234325897011,27.0,103.59774534358942
E01001139,0.18276091436083883,37.0,202.45028938161295
E01001140,0.3537837809897392,28.0,79.14438565178907
E01001141,0.15339204007738252,24.0,156.46183457689582
E01001142,0.3136905472218949,29.0,92.44779690312538
E01001143,0.22127612044416353,26.0,117.50025238968702
E01001144,0.12062299315409825,12.0,99.48352039871672
E01001145,0.1402301461231279,18.0,128.36041676941028
E01001146,0.13236740952612241,15.0,113.32094549330728
E01001147,0.20040519482026536,17.0,84.82814038451725
E01001148,0.142093109137173,20.0,140.7527790858072
E01001149,0.14087035765258907,15.0,106.48088249333918
E01001150,0.2738905506595147,15.0,54.76640199481418
E01001151,0.16572634824920504,20.0,120.68087067196895
E01001152,0.17342182124988137,24.0,138.39088891483092
E01001153,0.14028477117552518,10.0,71.28357494690523
E01001154,0.17808266270885514,20.0,112.30739531729554
E01001155,0.13607394231027675,19.0,139.62996645365112
E01001156,0.2788953283180725,14.0,50.19804413515806
E01001157,0.33616417183847863,31.0,92.21684699610104
E01001158,0.20719802906983648,23.0,111.0049169060764
E01001159,0.4020396944151417,27.0,67.15754781198322
E01001160,0.3186563211456859,20.0,62.76354389610943
E01001161,0.29536634100529213,14.0,47.39876572378015
E01001162,0.3140671507172123,29.0,92.33694110885143
E01001163,0.2799086619691829,28.0,100.03263136988134
E01001164,0.18753598900418336,37.0,197.29546417447716
E01001165,0.18613295700381796,24.0,128.94008877486274
E01001166,0.17085498153498083,24.0,140.47000435328977
E01001167,0.5695832818615216,46.0,80.76079734935693
E01001168,0.22420091347651755,23.0,102.5865579375036
E01001169,0.22799299140245685,28.0,122.81079268166606
E01001170,0.2539238041414129,28.0,110.26929946436411
E01001171,0.29658250033829703,27.0,91.03706378226103
E01001172,0.6960456967439757,50.0,71.83436408542491
E01001173,1.0232163588031429,56.0,54.729383007034066
E01001174,0.23202325824662554,19.0,81.8883423307686
E01001175,0.1486431035088672,11.0,74.00276057438347
E01001176,0.2529482267457614,32.0,126.50810172376991
E01001177,0.2919993823732577,36.0,123.2879320065884
E01001178,0.18202531800238203,28.0,153.8247552993347
E01001179,0.11162506905528494,14.0,125.41985522146616
E01001180,0.15348469361375064,18.0,117.27553788065408
E01001181,0.14377524920729856,16.0,111.28480102253776
E01001182,0.1284713946860988,21.0,163.4605123678345
E01001183,0.13670751944854914,26.0,190.18705119424897
E01001184,0.18613921870043104,17.0,91.3294904678819
E01001185,0.1983927731496194,25.0,126.01265460988371
E01001186,0.17886833193053156,20.0,111.8140913158823
E01001187,0.16307065670166357,24.0,147.17546666846263
E01001188,0.18860849144648467,28.0,148.45567018356994
E01001189,0.11828606332996577,10.0,84.54081333406477
E01001190,0.25055428079477826,14.0,55.8761157685707
E01001191,0.15856988543707723,33.0,208.11013332726955
E01001192,0.18713760582892333,22.0,117.56055071107336
E01001193,0.18141556023315178,12.0,66.14647599454993
E01001194,0.5431234560511695,10.0,18.4120201191566
E01001195,0.4127858887003531,21.0,50.873832112134494
E01001196,0.2306589075531467,24.0,104.04974277644187
E01001197,0.40420882645482015,15.0,37.10953105987309
E01001198,0.10839543185604394,4.0,36.90192410794816
E01001199,0.10464384396993005,14.0,133.78713423431742
E01001200,0.13518589812228726,15.0,110.9583189396812
E01001201,0.12457322431941961,15.0,120.41110826142166
E01001202,0.16168540860114974,25.0,154.6212500948105
E01001203,0.09091057967419001,10.0,109.99819862373018
E01001204,0.16854455428650192,17.0,100.86353766792372
E01001205,0.2474190186048745,23.0,92.95970911892894
E01001206,0.15395371182879797,10.0,64.95458850073298
E01001207,0.1589481167534868,12.0,75.49633330107864
E01001208,0.5334054944346756,9.0,16.87271708653575
E01001209,0.2752725057550633,23.0,83.5535678977883
E01001210,0.22912227284470682,11.0,48.00930028943767
E01001211,0.18205849536955568,26.0,142.81124287676494
E01001212,0.28577998502594565,41.0,143.4670101066653
E01001213,0.14969986116373815,12.0,80.16039498443278
E01001214,0.23379290083268128,56.0,239.5282311847337
E01001215,0.17399792686646365,18.0,103.44950841750126
E01001216,0.14336296994913195,24.0,167.4072461564913
E01001217,0.18661517563668764,76.0,407.25519637245816
E01001218,0.27542777063806645,54.0,196.05866131400455
E01001219,0.16442285783143926,18.0,109.4738300829985
E01001220,0.9386144958291163,30.0,31.962003712184078
E01001221,0.30559048805577305,35.0,114.53236068529785
E01001222,0.187703918587457,18.0,95.89570710860386
E01001223,0.2246062833525484,19.0,84.59246872527186
E01001224,0.2397719197334286,25.0,104.26575400403128
E01001225,0.23326567076438165,29.0,124.32176541439091
E01001226,0.22634115025034715,21.0,92.78030078389509
E01001227,0.1719784073631595,21.0,122.10835256576829
E01001228,0.2677977563804162,27.0,100.82235327485546
E01001229,0.20278245514786278,23.0,113.42204128670353
E01001230,0.19274124235357143,27.0,140.08418577312185
E01001231,0.3978069492567691,34.0,85.46859240021547
E01001232,0.21294634257997835,13.0,61.04824268168617
E01001233,0.171224763957071,20.0,116.80553406991027
E01001234,0.3016072115958199,31.0,102.78268823871068
E01001235,0.27242538016568796,37.0,135.81700786283847
E01001236,0.13918499643042473,15.0,107.77023662531143
E01001237,0.24256299722058725,36.0,148.41505263583767
E01001238,0.40847446900180373,65.0,159.12867249412588
E01001239,0.41491110591630864,22.0,53.02340594478471
E01001240,0.19528783730378654,30.0,153.61939798295012
E01001241,0.35434608014475844,46.0,129.81659055239993
E01001242,0.20660307213757098,17.0,82.28338438588267
E01001243,0.21962811791792164,32.0,145.70083422541956
E01001244,0.21171880475619423,24.0,113.35790426191623
E01001245,0.11259328806301312,30.0,266.445722619011
E01001246,1.0100089883700651,72.0,71.28649430753319
E01001247,1.1421642840870496,152.0,133.08068035194785
E01001248,0.6668755381541134,26.0,38.98778484508073
E01001249,0.15552967774846582,23.0,147.88174406943293
E01001250,0.24696923844311214,19.0,76.93265817142054
E01001251,0.18814305907492612,17.0,90.35677469892693
E01001252,0.19641351424095746,34.0,173.1041783524593
E01001253,0.16264629977554404,19.0,116.81790502593957
E01001254,0.20867714629574963,21.0,100.63392361249542
E01001255,0.17538982385493854,11.0,62.71743569967824
E01001257,0.16606987031801793,27.0,162.58217067488494
E01001258,0.206117799973038,43.0,208.61856669159468
E01001259,0.26103603105226636,31.0,118.75755187908513
E01001260,0.26650780143930436,25.0,93.80588434929402
E01001261,0.43273424116277326,40.0,92.43548625252878
E01001262,0.2584005962658242,33.0,127.70868363651896
E01001263,0.3277837308906983,22.0,67.11742507847667
E01001264,0.307484610668485,29.0,94.31366316822404
E01001265,0.49820346701049345,45.0,90.32454203907052
E01001266,0.7357371304237922,35.0,47.57133839342815
E01001267,0.3833246521661502,43.0,112.17645345012107
E01001268,0.3015575464917749,28.0,92.85126612065638
E01001269,0.2879534525501729,35.0,121.54742264776844
E01001270,0.2830359576101565,34.0,120.12607969348677
E01001271,0.34129465068811576,47.0,137.71091901158997
E01001272,0.5507261117380292,28.0,50.8419691807152
E01001273,0.3933187953463709,33.0,83.90140616326
E01001274,0.2662671645896154,42.0,157.73630993792474
E01001275,0.3458000342258891,20.0,57.83689421770061
E01001276,0.35936001466775525,28.0,77.91629245643058
E01001277,0.5489024302632848,55.0,100.19995716473487
E01001278,0.45252203823939946,68.0,150.26892450269062
E01001279,0.2530900462867376,44.0,173.85116738313104
E01001280,0.3641626067988099,29.0,79.63475507528351
E01001281,0.28885816936407377,26.0,90.00957133128499
E01001282,0.1488021641652194,10.0,67.20332366199128
E01001283,0.2586419100391391,39.0,150.7876275507643
E01001284,0.4739657128499105,45.0,94.94357667650536
E01001285,0.21633260314824737,25.0,115.56279375452307
E01001286,0.2095482833469408,12.0,57.2660382052955
E01001287,0.09148892316646255,13.0,142.093704353113
E01001288,0.17253585481124564,10.0,57.958967490786236
E01001289,0.12063155388058627,4.0,33.1588201538017
E01001290,0.5060368090117444,33.0,65.21264740493238
E01001291,0.16388270046549022,49.0,298.9943408353722
E01001292,0.1876218101149702,79.0,421.05979017892787
E01001293,0.14425783716585516,67.0,464.4461702484088
E01001294,0.297238310378738,66.0,222.0440558819739
E01001295,0.161789467335074,63.0,389.3949404600232
E01001296,0.15811557216361632,39.0,246.6550224391764
E01001297,0.2516283927592225,62.0,246.39508809058123
E01001298,0.17570909087967346,26.0,147.9718543294094
E01001299,0.22774100976325398,17.0,74.6461957715573
E01001300,0.13665357129300826,6.0,43.906646150761695
E01001301,0.24975802715916112,42.0,168.16276328622274
E01001302,0.3346881772548521,24.0,71.70853836801331
E01001303,0.16211881952704316,23.0,141.87125262260716
E01001304,0.11611482556147806,8.0,68.89731747273156
E01001305,0.15006651385961722,20.0,133.2742361077929
E01001306,0.1550122929169423,11.0,70.96211399113973
E01001307,0.5773848862600267,19.0,32.90699228909727
E01001308,1.1099998504379296,24.0,21.62162453493237
E01001309,0.33565933292034134,20.0,59.584221377054334
E01001310,0.23361818946817117,30.0,128.41465841463207
E01001311,0.32089302273763276,24.0,74.79128026919669
E01001312,0.2084904527877353,25.0,119.9095673961271
E01001313,0.172336959985409,11.0,63.828444002559415
E01001314,0.29001144842170845,5.0,17.24069869383036
E01001315,0.1662413555353528,34.0,204.52191267635314
E01001316,0.17899311656391736,18.0,100.5625263448179
E01001317,0.3384211189366835,31.0,91.60184830486277
E01001318,0.25388506194600774,27.0,106.34733604666324
E01001319,0.1400185803540653,24.0,171.4058229937137
E01001320,0.4626938370546536,14.0,30.25758909848266
E01001321,0.33548674681291774,29.0,86.4415666952462
E01001322,0.5465663607374862,20.0,36.59208000472961
E01001323,0.3380837112107254,31.0,91.69326699882888
E01001324,0.3183375186524646,13.0,40.8371594244672
E01001325,0.9435002720651429,26.0,27.556960787187627
E01001326,0.7342266688186428,40.0,54.479088949955006
E01001327,0.2791388657574633,44.0,157.6276377014102
E01001328,0.381438570959461,32.0,83.89293174916214
E01001329,0.30400013440046547,15.0,49.34208344868755
E01001330,0.2995398871671919,20.0,66.76907102137203
E01001331,0.14260438088848867,13.0,91.1612947582972
E01001332,0.1337970960823751,15.0,112.11005649005209
E01001333,0.2773871259701305,26.0,93.7318194168814
E01001334,0.15738260887990582,18.0,114.37095958763327
E01001335,0.4912065933301695,21.0,42.75186914253131
E01001336,0.2504074378209298,20.0,79.86983203870449
E01001337,1.221982152782748,60.0,49.10055344373528
E01001338,0.5494905741293504,20.0,36.39734863821702
E01001339,0.7271436185639083,35.0,48.13354488226712
E01001340,0.12003252252994559,18.0,149.95935785244686
E01001341,0.23019040984214192,55.0,238.93262989417084
E01001342,0.18657918455743336,15.0,80.39482022381041
E01001343,0.2881810724308611,29.0,100.6311752377753
E01001344,0.4843758276159527,47.0,97.03209227291357
E01001345,0.18160827888590422,15.0,82.59535353795066
E01001346,0.22526977998423212,40.0,177.56487356093578
E01001347,0.6743616732570976,45.0,66.72977095903838
E01001348,0.4122430929100254,54.0,130.99067256364154
E01001349,0.677208560280125,27.0,39.86954918117329
E01001350,0.29895272037814,11.0,36.795115916945974
E01001351,0.20203928124846846,29.0,143.5364441053209
E01001352,0.1592207340811796,16.0,100.48942490016601
E01001353,0.19544517374018966,14.0,71.63134157822982
E01001354,0.26735368961315836,25.0,93.50908916264896
E01001355,0.14484352776894344,23.0,158.79204514191304
E01001356,0.08351198507423122,14.0,167.64060856122427
E01001357,0.11207034466415777,12.0,107.0756053794651
E01001358,0.2616701023677078,30.0,114.64817619035043
E01001359,0.1351241139755819,16.0,118.40965708675313
E01001360,0.13998656451126829,19.0,135.72731116256935
E01001361,0.3854757567841017,33.0,85.60849656359254
E01001362,0.2465808146823921,21.0,85.1647766151191
E01001363,0.1329550524571905,31.0,233.16150403521917
E01001364,0.11903323865560876,10.0,84.01014803043677
E01001365,0.46338247652422665,16.0,34.528711832208195
E01001366,0.16916092938111896,27.0,159.61132454627923
E01001367,0.2068586886410529,28.0,135.35810452993059
E01001368,0.1277921455849414,39.0,305.18307538766004
E01001369,0.15310228162476894,20.0,130.63162604602488
E01001370,0.4489934850654657,44.0,97.99696758090946
E01001371,0.20113275999454916,18.0,89.49312881943156
E01001372,0.12833038024856225,12.0,93.50864523861989
E01001373,0.1507428693003792,10.0,66.3381296005014
E01001374,0.12938966725140041,25.0,193.2148102013874
E01001375,0.13993774046833335,49.0,350.15571807869986
E01001376,0.1550948027016214,21.0,135.40105557502645
E01001377,0.19291068551791235,22.0,114.04241263741314
E01001379,0.1309518295369628,18.0,137.45512425177134
E01001380,0.17629667119811096,26.0,147.47867797675462
E01001381,0.2852502895112402,45.0,157.75619396251932
E01001382,0.20864015826775242,17.0,81.47999954152418
E01001383,0.11549678662713046,14.0,121.21549359808222
E01001384,0.10841779370897499,13.0,119.90651677432024
E01001385,0.1578482879288011,23.0,145.70953097935632
E01001386,0.30781538938691416,25.0,81.21751173582746
E01001387,0.24925529807945992,22.0,88.26291825895967
E01001388,0.17624304291883208,36.0,204.26338199675567
E01001389,0.14332923461732341,27.0,188.37747980785392
E01001390,0.15213268278505776,12.0,78.87851433576785
E01001391,0.13228819397236852,13.0,98.27029615897057
E01001392,0.16056948790905573,21.0,130.78449880773178
E01001393,0.17884067671541914,13.0,72.69039817315328
E01001394,0.1722932170065191,19.0,110.2771213522648
E01001395,0.24110610975186145,18.0,74.65592646542642
E01001396,0.14731433633924818,12.0,81.45846696390339
E01001397,0.30400142158361393,28.0,92.10483245157705
E01001398,0.17598238356496454,16.0,90.91819121823373
E01001399,0.2367771371492698,36.0,152.04170653226865
E01001400,0.246147850481569,38.0,154.3787602680908
E01001401,0.1426857070959071,15.0,105.12615667887222
E01001402,0.3513780501847523,51.0,145.14281689816573
E01001403,0.3721676454729249,41.0,110.16540663522761
E01001404,0.5206574327663073,50.0,96.03243294606357
E01001405,0.27934099437770876,28.0,100.23591439693959
E01001406,0.20377579388312914,20.0,98.14708419916909
E01001407,1.0312403353748016,38.0,36.8488301867954
E01001408,0.14438345972624586,22.0,152.3720240650312
E01001409,0.18939383130748583,34.0,179.52010245148963
E01001410,0.15794299776404602,15.0,94.97097188448188
E01001411,0.1842962281500117,31.0,168.20745769559056
E01001412,14.329156573684342,126.0,8.793260046540382
E01001413,0.511978029846072,35.0,68.36230845789002
E01001414,0.3918819393560677,48.0,122.48586928724659
E01001415,1.0854357025128567,58.0,53.434763446352555
E01001416,0.32784332261052457,22.0,67.10522521801012
E01001417,5.691981884653112,55.0,9.662715221967344
E01001418,0.6274714950721404,32.0,50.99833259568383
E01001419,0.6670754265127793,49.0,73.45496184165209
E01001420,0.3551992018692507,24.0,67.56771939153859
E01001421,0.19077246812795073,33.0,172.98093547684755
E01001422,1.4719123854513778,44.0,29.893083606676036
E01001423,0.19249525106221796,21.0,109.09360040893901
E01001424,0.06959429681790406,7.0,100.58295463945483
E01001425,0.40191587114087557,27.0,67.17823788186814
E01001426,0.30765225163224663,20.0,65.00846294441259
E01001427,1.3571810074662363,84.0,61.892996982636994
E01001428,0.15892612477835732,22.0,138.4290973600583
E01001429,0.24401891064691222,36.0,147.52954967531545
E01001430,0.11693987029679652,19.0,162.47666387672135
E01001431,0.13335729513613828,15.0,112.47978586163731
E01001432,0.15544057496202254,22.0,141.53318723489713
E01001433,0.3379245852604209,21.0,62.144043126712404
E01001434,0.17832777313232256,28.0,157.0142412938868
E01001435,0.15426947679699785,17.0,110.19678262324169
E01001436,0.1949929438671041,21.0,107.69620471145039
E01001437,2.630496542461338,62.0,23.569694542151733
E01001438,0.2765751738229392,22.0,79.54437737815249
E01001439,0.2092693380446444,44.0,210.2553599639775
E01001440,0.3144983674621615,37.0,117.64766952073802
E01001441,0.33517288564708864,23.0,68.62130257224099
E01001442,0.11517796359590664,10.0,86.82216361355597
E01001444,0.34868220235481356,31.0,88.90617241328218
E01001445,1.4232653492668832,39.0,27.401777202043668
E01001446,0.18080887887533803,21.0,116.14473874636893
E01001447,0.18808146728589561,21.0,111.65374400274474
E01001448,0.15737562007682804,10.0,63.54224367864714
E01001449,0.23387450880697408,14.0,59.86116260132803
E01001450,0.3593267604567747,40.0,111.31929041174713
E01001451,0.6186150692815184,24.0,38.796339099651185
E01001452,0.6315506363704007,22.0,34.83489483351123
E01001453,0.5200292205365002,29.0,55.76609708600889
E01001454,0.37740789617581316,25.0,66.24132736309762
E01001455,0.23731941254996075,36.0,151.69429088495338
E01001456,0.26350545117018914,12.0,45.53985485579048
E01001457,0.2673688369911751,31.0,115.94470151741432
E01001458,0.1620231881680762,25.0,154.29890179710588
E01001459,0.2218477654347187,19.0,85.64431542850483
E01001460,0.12154587251500805,12.0,98.72815712864526
E01001461,0.29061132813691254,20.0,68.82044181903886
E01001462,0.1095859980987953,11.0,100.37778722499883
E01001463,0.256200769723066,21.0,81.96696685454708
E01001464,0.2040649000263947,25.0,122.5100445827106
E01001465,0.2306957445955312,35.0,151.71497879756723
E01001466,0.0988506596112029,12.0,121.39524457599089
E01001467,0.10643690850350161,8.0,75.16189743275766
E01001468,0.7881384950228296,47.0,59.634189037598745
E01001469,0.22588992344299072,31.0,137.23498386958224
E01001470,1.8964879056676802,42.0,22.146199759293175
E01001471,0.3640681047787812,34.0,93.38912020502161
E01001472,0.2519099652655743,33.0,130.9991844316678
E01001473,0.8389288865094071,34.0,40.52786898477926
E01001474,0.3829645015722107,26.0,67.89141002171324
E01001475,0.3350497763297108,32.0,95.50819687314137
E01001476,0.20093675385878895,29.0,144.3240195886719
E01001477,1.1312158057418082,58.0,51.272268037278536
E01001478,0.3137451086584214,19.0,60.55871303060077
E01001479,0.24503245153437478,24.0,97.94621018446253
E01001480,0.19917059888523908,27.0,135.56217710404758
E01001481,0.17145603494553285,34.0,198.30156465942375
E01001482,0.17304963447125457,6.0,34.67213333522912
E01001483,1.1464511858190094,26.0,22.67868036738603
E01001484,0.3299934695706261,24.0,72.72871196883929
E01001485,0.12826823441953003,24.0,187.10790016414055
E01001486,0.17721073123638376,17.0,95.93098499956797
E01001487,0.129939355998759,14.0,107.74256877287978
E01001488,0.13186857168640814,20.0,151.66616081625023
E01001489,0.18108840541405272,15.0,82.83247050358078
E01001491,0.14823386427936644,22.0,148.41412997598223
E01001492,0.15109706236622253,14.0,92.65567298765481
E01001493,0.23216925904297592,18.0,77.52964399420378
E01001494,0.16290348663187612,41.0,251.68276534590348
E01001495,0.15518102799534708,20.0,128.88173418080254
E01001496,0.2583298329169419,23.0,89.03346446786482
E01001497,0.2054203456581725,35.0,170.38234400715774
E01001498,0.1921656622905175,23.0,119.68839659412421
E01001499,0.20761273149115114,39.0,187.84975140921094
E01001500,0.22261085649316395,19.0,85.35073400871381
E01001501,0.3044162710767148,35.0,114.97414338663842
E01001502,0.2797725743274366,29.0,103.65562124777591
E01001503,0.17388531656295866,21.0,120.76925421357546
E01001504,0.17912665574955358,16.0,89.32227274074967
E01001505,0.19408216911001402,17.0,87.59176630164143
E01001506,1.94850805572334,40.0,20.528526881122332
E01001507,0.26947992752836347,34.0,126.16895184678054
E01001508,0.20628999055173525,23.0,111.49353363430328
E01001509,0.14778220305553533,16.0,108.26743457050327
E01001510,0.15086540676679788,12.0,79.54109730767605
E01001511,0.38721657101882073,37.0,95.55376182028535
E01001512,0.19233680291233962,20.0,103.98425936774721
E01001513,0.950646731654382,40.0,42.07661865137768
E01001514,0.1365337131520419,12.0,87.89038049992077
E01001515,0.13069276592408907,20.0,153.03065826624788
E01001516,0.32508071541164146,32.0,98.43709110667858
E01001517,0.18171620489690243,25.0,137.5771633255486
E01001518,0.5587222633635152,48.0,85.91030490003993
E01001519,0.3502633822175329,62.0,177.0096537282181
E01001520,0.3499489790120191,17.0,48.57851006736651
E01001521,0.4804018638128899,44.0,91.58998603955752
E01001522,0.20479996982425377,21.0,102.53907760836516
E01001523,0.5180353527864413,25.0,48.25925463489783
E01001524,0.2563109293493335,19.0,74.12871565107687
E01001525,0.23583928513763985,44.0,186.56772969066984
E01001526,0.285744963051939,26.0,90.99023031693496
E01001527,0.386861384095195,23.0,59.4528193962631
E01001528,0.20176345321807532,24.0,118.95117583093547
E01001529,0.16777033534047409,27.0,160.9342911856619
E01001530,0.2062702640757886,31.0,150.28826447136296
E01001531,0.23326540893230435,23.0,98.60013152089257
E01001532,0.2907716378996525,20.0,68.78249936777587
E01001533,0.3278293503588483,15.0,45.75551268847866
E01001534,0.4050963271111101,38.0,93.80484950577528
E01001535,0.3990322443997001,25.0,62.651578539999285
E01001536,0.4344263746892469,53.0,121.99995922879191
E01001537,0.18508688098375956,27.0,145.87743797124722
E01001538,0.25765708405656584,19.0,73.74142290544883
E01001539,0.2206095848792801,20.0,90.65789236194888
E01001540,0.2622887498277956,28.0,106.75257714401882
E01001541,0.1782962577695399,9.0,50.477784068991035
E01001542,0.18428851900054755,28.0,151.93567212896647
E01001543,0.20892835820166372,10.0,47.86329671124735
E01001544,0.3028152367183089,37.0,122.18671821464159
E01001545,0.3415058671070411,26.0,76.13339185136341
E01001546,0.24114992626618462,12.0,49.7615744105774
E01001547,0.25309495428857914,32.0,126.4347607795988
E01001548,0.2972409114868176,26.0,87.4711353492572
E01001549,0.3204583415255569,33.0,102.97750354352443
E01001550,0.22057355042452137,18.0,81.60543258861614
E01001551,0.3054109174623955,35.0,114.59970157847897
E01001552,0.28169658363050704,35.0,124.24715823287531
E01001553,0.19292970955144623,16.0,82.9317580853636
E01001554,0.1180536133588849,7.0,59.29509314314579
E01001555,0.14209796586142487,26.0,182.97235883978394
E01001556,0.21207800244314057,26.0,122.59640179782795
E01001557,0.12637182271767602,13.0,102.87103343474723
E01001558,0.14963601877212376,27.0,180.43783991017227
E01001559,0.9215478884837112,58.0,62.93758655931767
E01001560,0.26882184898850336,24.0,89.27845742563285
E01001562,0.1404980463173065,16.0,113.88058709275536
E01001563,0.19778507059543368,17.0,85.95188680733764
E01001564,0.22750496405404522,23.0,101.09669516721493
E01001565,0.22273843137708932,11.0,49.38528089648498
E01001566,0.19754616496446178,6.0,30.37264733071072
E01001567,0.3125888074848857,29.0,92.7736352217352
E01001568,0.8935312350859342,22.0,24.621411245779424
E01001569,0.29667112701425435,33.0,111.23428266214268
E01001570,0.40927529036607163,31.0,75.74363937845455
E01001571,0.14986667595954276,23.0,153.46974137338552
E01001572,0.16711072743588665,29.0,173.53763247261358
E01001573,0.1383144792825837,11.0,79.52891162989832
E01001574,1.0066218775983806,60.0,59.605300992612285
E01001575,0.22053982719163617,28.0,126.96119497577025
E01001576,0.24046055101781036,34.0,141.39533431195414
E01001577,0.20889831289381225,28.0,134.03650614561465
E01001578,0.2705307288836081,30.0,110.89313263524701
E01001579,0.2535607483607661,16.0,63.10124931969048
E01001580,0.3021363737864382,34.0,112.53196552902475
E01001581,0.20641084706914595,24.0,116.27295920141346
E01001582,0.3421254413171629,28.0,81.84132665551455
E01001583,0.2896681690779384,27.0,93.21010342953959
E01001584,0.32767415348769485,29.0,88.50255563745291
E01001585,0.1828704565727142,19.0,103.89868520093671
E01001586,0.21154300896033057,21.0,99.27059326237534
E01001587,0.2707487436820618,22.0,81.25614804637628
E01001588,0.5178094489391238,52.0,100.42304192504871
E01001589,0.2114374467370243,28.0,132.42687344226707
E01001590,0.15328106432377317,13.0,84.8115196573812
E01001591,0.2029535496783032,19.0,93.61748060143044
E01001592,0.24456950866060084,15.0,61.33225716545114
E01001593,0.18437461857363252,19.0,103.05106064483648
E01001594,0.14747580220824336,23.0,155.95778870572155
E01001595,0.37613973344416124,21.0,55.83031552585894
E01001596,0.2908297298569795,20.0,68.76876036653935
E01001597,0.3225067310431591,26.0,80.61847241421012
E01001598,0.4639399847384183,23.0,49.5753777570347
E01001599,0.459361265536078,21.0,45.715652527848306
E01001600,0.30170059995793064,27.0,89.4926957512345
E01001601,0.24494159392049608,33.0,134.72599517218478
E01001602,0.25684487822965896,42.0,163.5228247084044
E01001603,0.21006667386194014,22.0,104.72865398182495
E01001604,0.24190976444882575,21.0,86.80922842385884
E01001605,0.6671021741675248,17.0,25.483352713119633
E01001606,0.21338632927074472,14.0,65.60870158761104
E01001607,0.20733546400551137,25.0,120.57753901346783
E01001608,0.4645719837754171,20.0,43.050379055290556
E01001609,0.33583738376104644,17.0,50.61973687865484
E01001610,0.2220677408294542,31.0,139.59704315543826
E01001611,0.20361138548778493,20.0,98.22633421056821
E01001613,0.7316412084313929,35.0,47.83765539264592
E01001614,0.8898908597024158,45.0,50.56799888364764
E01001615,0.9502974750686112,46.0,48.40589521368434
E01001617,0.6954172407435544,22.0,31.63568389026011
E01001618,0.3457450263499191,33.0,95.44605846795783
E01001619,0.3191437247343669,29.0,90.868150467748
E01001620,0.2635834261897742,36.0,136.57914885012838
E01001621,0.3673580195740387,27.0,73.49778298376938
E01001623,0.2745288423513868,17.0,61.924276714942124
E01001624,0.22291163777454467,27.0,121.12422783106597
E01001625,0.2646115799566274,43.0,162.50233647011274
E01001629,0.20931134476186786,30.0,143.32715713107095
E01001631,0.1930211659411603,19.0,98.43480069844709
E01001632,0.12140815863251787,15.0,123.5501812147772
E01001633,0.11527591905715032,12.0,104.09806400286223
E01001634,0.11712966093012109,8.0,68.30037700504192
E01001635,0.210433131382296,20.0,95.04206808416399
E01001636,0.12114547895271514,15.0,123.8180750092599
E01001637,0.18492429579642694,13.0,70.29903747375083
E01001638,0.10495097154845537,18.0,171.50865527423426
E01001640,0.13496782876723618,20.0,148.1834610712435
E01001641,0.3684735082190253,32.0,86.8447779452812
E01001642,1.1938236135332783,61.0,51.09632554466104
E01001644,0.18982426037384711,29.0,152.7728855252026
E01001645,0.28391442458014887,14.0,49.310633021563184
E01001646,0.2129643371279117,31.0,145.56427812315178
E01001647,0.3509347021608909,18.0,51.29159324844326
E01001648,0.41581299063931176,34.0,81.7675271465787
E01001649,0.3318208938892859,21.0,63.28715396386938
E01001650,0.20908192224279767,17.0,81.30784248414669
E01001651,0.30624700651317804,23.0,75.10277491972903
E01001652,0.2635436719413508,25.0,94.86093828715993
E01001653,0.2661841737071486,13.0,48.83836562838775
E01001654,0.2956400100711893,12.0,40.5899052604904
E01001655,0.4401081909130886,24.0,54.53204574585946
E01001656,0.28183234429981413,27.0,95.80163720058091
E01001657,0.40183977389551123,22.0,54.748189276357124
E01001658,0.4361321228602201,37.0,84.83667691650052
E01001659,0.37755295873090033,33.0,87.40495667396065
E01001660,0.33293954530854664,22.0,66.07806224884412
E01001661,0.4516443873355679,27.0,59.7815466262824
E01001662,0.23916747264767815,29.0,121.25394678029824
E01001664,0.15354133417257973,17.0,110.71937137716988
E01001665,0.1882521936194029,27.0,143.42462353765183
E01001666,0.4313588066619377,41.0,95.04848253192685
E01001667,1.3598719558551926,135.0,99.27405254497036
E01001668,0.23296452365130196,36.0,154.5299663475126
E01001669,0.501846770535445,42.0,83.69088428164663
E01001671,0.19392098472161323,18.0,92.8213108335863
E01001672,0.3612341642074721,25.0,69.2071860225309
E01001673,0.1751406212795732,16.0,91.35516297192726
E01001674,0.21204766874230765,16.0,75.45473192371715
E01001675,0.15710544531836318,14.0,89.11212448193619
E01001676,0.13258495789511865,17.0,128.2196734070531
E01001677,0.2034944486652281,22.0,108.11105730059765
E01001678,0.26549958461254347,20.0,75.32968471188751
E01001679,0.21324727150316827,43.0,201.64384611768006
E01001680,0.6106797625448309,31.0,50.763103514052084
E01001681,0.15567622152651342,9.0,57.81229729080493
E01001682,0.8774896701024549,43.0,49.00342586936591
E01001683,0.1380637835054776,21.0,152.10361085872196
E01001684,1.1767903403910032,21.0,17.845149878628753
E01001685,0.17578916557909086,20.0,113.77265449844589
E01001686,0.17264034104519976,25.0,144.80972320052723
E01001687,0.41388833399886443,26.0,62.81887616593546
E01001688,0.3541968466923466,36.0,101.6383977897731
E01001690,0.13435448424087787,15.0,111.64495241637935
E01001692,0.07648200129939264,4.0,52.29988666669166
E01001693,0.1376149994434927,12.0,87.19979688643915
E01001694,0.38312343319396447,22.0,57.422747067684654
E01001695,0.09963431716088246,9.0,90.33032248785763
E01001696,0.14034685478038933,27.0,192.38051356582812
E01001697,0.15324103540657813,13.0,84.83367373176829
E01001698,0.12773185013975744,17.0,133.09131576344896
E01001699,0.6847265763352575,45.0,65.71966322797874
E01001700,0.13827188266245058,27.0,195.2674649401601
E01001701,0.9517945766915472,45.0,47.279109486440554
E01001702,0.08819604180961149,10.0,113.38377318096619
E01001703,0.08871896311380352,9.0,101.44392680125583
E01001704,0.14153043744768115,22.0,155.4435950085481
E01001705,0.1751276816587015,13.0,74.23155424015216
E01001706,0.11490707826572108,10.0,87.02684073887193
E01001708,0.17502044296344715,11.0,62.84980093609602
E01001709,0.7810597358929573,54.0,69.13683745106097
E01001710,0.08756752396386866,19.0,216.97541668346832
E01001711,0.173488925375283,15.0,86.46085026783533
E01001712,0.16529664110257192,21.0,127.04432382850914
E01001713,0.09946048429395755,11.0,110.59668649399764
E01001714,0.15308039889455682,17.0,111.05275477959627
E01001715,0.07685084186573483,10.0,130.12219199200027
E01001716,0.0835212347688379,11.0,131.70303373082007
E01001717,0.09775013737516025,12.0,122.7619758112931
E01001718,0.10103185346996384,13.0,128.67229050553667
E01001719,0.0625781334270481,12.0,191.76027380217846
E01001720,0.10140564064171322,9.0,88.75245936070591
E01001722,0.10546437694362157,17.0,161.19186869219115
E01001723,0.11686971244858976,9.0,77.0088315564141
E01001724,0.1173962741171456,17.0,144.8086843287403
E01001725,0.09125436688921879,9.0,98.62541713675843
E01001726,0.05366901579924481,15.0,279.4908715320818
E01001727,0.10713850039586052,10.0,93.3371286983812
E01001728,0.09350431080355857,11.0,117.64163497349006
E01001729,0.1272259720016035,15.0,117.90045510370278
E01001730,0.13152962151269096,19.0,144.45415246760015
E01001731,0.17482399519657735,33.0,188.76127366208402
E01001732,0.06352178362077114,9.0,141.6836789994837
E01001733,0.14694690910470704,21.0,142.90875614836136
E01001734,0.13446093034144968,22.0,163.61630061708829
E01001735,0.13433887661986701,14.0,104.21406187290968
E01001736,0.09097729775716869,14.0,153.88454422297733
E01001737,0.09881500269564858,7.0,70.83944551982745
E01001738,0.09112544052405686,16.0,175.58214158400745
E01001739,0.12425420223755894,15.0,120.72026321751133
E01001740,0.08253314914583439,16.0,193.86149887154224
E01001741,0.08430457484591435,11.0,130.47927731211485
E01001742,0.1282971073664936,22.0,171.47697599412575
E01001744,0.13730477709507677,21.0,152.94442367040543
E01001745,0.11160689628471424,16.0,143.3603167243651
E01001746,0.05099707924414215,15.0,294.13449205962115
E01001747,0.1416838998936442,27.0,190.56505375887946
E01001748,0.17863722471499652,28.0,156.7422470018334
E01001749,0.10494438458215923,12.0,114.34628015380278
E01001750,0.14738150306088793,11.0,74.6362316270825
E01001751,0.15336289388597715,21.0,136.93012349918985
E01001752,0.1265446861081621,19.0,150.14458990210022
E01001753,0.07616662664732395,11.0,144.42020717201444
E01001754,0.11986183794024521,11.0,91.77232878310973
E01001755,0.1024907691993278,16.0,156.11161985605372
E01001756,0.16213977461081053,24.0,148.02043519307952
E01001757,0.049316485943170604,4.0,81.1087798228236
E01001758,0.12538716091695415,10.0,79.75298209856713
E01001759,0.10405124187222664,18.0,172.9916882885812
E01001760,0.14391850524271982,20.0,138.967535594327
E01001761,0.10668082176798399,12.0,112.4850727724833
E01001762,0.14046552311146318,14.0,99.66858549973593
E01001763,0.10987172920941372,10.0,91.01522358804569
E01001764,0.10470941989174228,14.0,133.7033479363597
E01001765,0.12492950467050601,17.0,136.07674219822187
E01001767,0.1041941217314708,6.0,57.58482244769245
E01001768,0.1037912300943849,12.0,115.61670469737693
E01001769,0.1235380615850354,11.0,89.04138416020338
E01001770,0.12829383163129476,25.0,194.86517537217074
E01001772,0.06653913817455749,12.0,180.3449868635123
E01001773,0.12198597789856953,16.0,131.16261619268965
E01001774,0.17974392799911518,19.0,105.70593516846661
E01001775,0.1292411441876497,16.0,123.79958488118184
E01001776,0.10225311060470733,15.0,146.6948038186083
E01001777,0.1565900860540186,33.0,210.74131084273142
E01001779,0.1399478299550191,30.0,214.36559616281554
E01001780,0.10924116062061946,19.0,173.92711586051857
E01001781,0.150787027824561,21.0,139.26927470467328
E01001782,0.1356205676424498,18.0,132.72323153413734
E01001783,0.06141092716174741,9.0,146.55372286263184
E01001784,0.07688467083938294,15.0,195.0974080559696
E01001785,0.09089888435814869,9.0,99.01111618201273
E01001786,1.1278682297637965,15.0,13.29942594725039
E01001787,0.22034308709065129,14.0,63.53727809141688
E01001788,0.11259211199891442,11.0,97.69778543727875
E01001789,0.09615697083968264,14.0,145.59526862947305
E01001790,0.05548774660191504,10.0,180.2199694960197
E01001791,0.10580391990618368,11.0,103.96590230072476
E01001792,0.1738288601777531,17.0,97.7973391910654
E01001793,0.1564369473678017,15.0,95.88527679930517
E01001794,0.12892194678985736,19.0,147.37599356120475
E01001795,0.10248989543335484,12.0,117.08471307596494
E01001796,0.09163572685553101,9.0,98.21496820982298
E01001798,0.10621741035105312,14.0,131.80513395807145
E01001799,0.10797093226478625,6.0,55.57051211974064
E01001800,0.08118182945843844,1.0,12.318027404296876
E01001801,0.1457624199572087,11.0,75.4652674072594
E01001802,0.10358917597430321,12.0,115.84221891075543
E01001803,0.1601436563186297,13.0,81.17711496566908
E01001804,0.11211448901200911,11.0,98.11399130420813
E01001805,0.15237270668875702,12.0,78.75426157856283
E01001806,0.32628939735255,21.0,64.36004409088986
E01001807,0.11711274788826267,14.0,119.54292126556031
E01001808,0.13115015600741242,30.0,228.74543891739208
E01001809,0.11245749851669319,7.0,62.24573809954451
E01001811,0.08626712860876194,18.0,208.65421499808426
E01001812,0.24749176784884658,14.0,56.56753807080313
E01001813,0.09515064211597479,8.0,84.0772045473867
E01001814,0.11352455016610509,9.0,79.27800627116795
E01001815,0.10716232876967377,12.0,111.97964935786204
E01001816,0.1352889784700903,22.0,162.6148726140597
E01001819,0.13659222927048073,14.0,102.49484963216405
E01001820,0.08414431327628906,15.0,178.26516630716665
E01001821,0.06912044185492089,10.0,144.67500107984438
E01001822,0.0823101911124055,12.0,145.7899664406368
E01001823,0.1508696761478857,7.0,46.39766040949441
E01001824,0.2156980791750689,25.0,115.9027474681823
E01001825,0.10511264451064097,11.0,104.64963612333459
E01001826,0.11077700125252528,13.0,117.35287878361531
E01001827,0.1758143259314622,13.0,73.94164230432392
E01001828,0.10935825433338484,12.0,109.73108589880486
E01001829,0.11613834450817691,16.0,137.76673042617284
E01001830,0.1024254926522385,15.0,146.4479165448483
E01001831,0.10886024427312302,18.0,165.349619782583
E01001832,0.10368502082408243,18.0,173.60270419909318
E01001833,0.11345168786650094,10.0,88.14324571148771
E01001834,0.09544318650080195,11.0,115.25181003787603
E01001835,0.07386960320739733,2.0,27.07473592872527
E01001836,0.13104266329802217,25.0,190.7775633584618
E01001837,0.11424969283885089,19.0,166.30241646950847
E01001838,0.0709923573089768,20.0,281.7204662320891
E01001839,0.10402754765102182,20.0,192.2567670930148
E01001840,0.10843349755084898,18.0,166.00036341684037
E01001841,0.13604976695349388,14.0,102.9035206270191
E01001842,0.06545593407183704,10.0,152.77453666806022
E01001843,0.07373075133917516,13.0,176.31720501799288
E01001844,0.15497034942928284,31.0,200.0382661210049
E01001845,0.10973651529941163,10.0,91.12736970656856
E01001846,0.5416956106313994,39.0,71.99615288472003
E01001847,0.106520334644849,17.0,159.59394097549495
E01001848,0.15145885572648088,21.0,138.65151627663053
E01001849,0.4956995041103519,50.0,100.86756106350487
E01001850,0.07063400143312243,7.0,99.1024132567051
E01001851,0.09946163958013231,19.0,191.028421411578
E01001852,0.07589237116141594,12.0,158.1186595748488
E01001853,0.08082124468725994,4.0,49.49193761464713
E01001854,0.06615009627042306,11.0,166.28849571180902
E01001855,0.07587288294501858,9.0,118.61945468082274
E01001856,0.08253628577632814,13.0,157.50648187913092
E01001857,0.0709619657205363,14.0,197.28878502513663
E01001858,0.11923945378071756,17.0,142.5702606057149
E01001859,0.10762630753803636,6.0,55.748451630931704
E01001860,0.09102157317295849,27.0,296.63297456631307
E01001861,0.07202685449507419,7.0,97.18597388531967
E01001862,0.0908983650073553,12.0,132.01557584703514
E01001863,0.0847117141351196,9.0,106.24268546430935
E01001864,0.07347250963764984,11.0,149.71586045242725
E01001865,0.11821182377851437,17.0,143.80964151142587
E01001866,0.15124498409766657,26.0,171.9065273808385
E01001867,0.08651184655486993,10.0,115.59110570663319
E01001868,0.05884998508966119,6.0,101.95414647699009
E01001869,0.22896615034282772,26.0,113.55390288507962
E01001870,0.10146301905729391,13.0,128.12549952470061
E01001871,0.1328182094903528,18.0,135.52358572720726
E01001872,0.07089663603962239,10.0,141.05041590987824
E01001873,0.06184877701392198,16.0,258.69549524638853
E01001874,0.9635890202691787,49.0,50.85155493605754
E01001875,0.17137086645006028,24.0,140.047141600897
E01001876,0.8965806406591983,36.0,40.15255111189051
E01001877,1.275870273707686,64.0,50.161839584220154
E01001878,0.13546396545194542,11.0,81.20240658318944
E01001879,0.08059360068200595,15.0,186.1189954669569
E01001880,0.12674665720992423,14.0,110.45656199683823
E01001881,0.11119903521492848,13.0,116.90748912410302
E01001882,0.07985303652129984,16.0,200.3680848846893
E01001883,0.13356504966968466,24.0,179.6877256389573
E01001884,0.08152944468253212,18.0,220.77913163876295
E01001885,0.057726402798113745,13.0,225.20024408007603
E01001886,0.09590541316509522,21.0,218.96574246387743
E01001887,0.10887368904198846,11.0,101.03451161425895
E01001888,0.09726136136814172,12.0,123.37890228144227
E01001889,0.14578830847206994,8.0,54.87408478665925
E01001890,0.1303037810775344,16.0,122.78999018823215
E01001891,0.17539548458175536,24.0,136.8336252055173
E01001892,0.07229743844032809,9.0,124.48573828004021
E01001893,0.07758110735858359,26.0,335.1331385336736
E01001894,0.15362313463154037,27.0,175.75477850233
E01001895,0.08632712853046744,17.0,196.92534999586127
E01001896,0.08504923859748002,16.0,188.1263167531058
E01001897,0.0945375268753824,20.0,211.55620060130857
E01001898,0.28595740648582585,45.0,157.36609361866812
E01001899,0.1259043582042047,10.0,79.42536813365084
E01001900,0.1339495938651711,20.0,149.30989652817678
E01001901,0.08317586023492238,14.0,168.31806680998935
E01001902,0.07269036185040355,12.0,165.08378407437218
E01001903,0.10960324943840437,12.0,109.4858050421566
E01001904,0.13830495802673531,13.0,93.9951841602599
E01001905,0.088267115603312,10.0,113.29247513809973
E01001906,0.061939925538323705,9.0,145.30207974550254
E01001907,0.06741541395977586,11.0,163.16743240000378
E01001908,0.04535809688295875,9.0,198.42102333401343
E01001909,0.08591361120289423,12.0,139.67519036838888
E01001910,0.08125926733612687,10.0,123.06288658295745
E01001911,0.15748934760838093,6.0,38.09781481170289
E01001912,0.09639893718010112,15.0,155.6033752942282
E01001913,0.1093877297814305,9.0,82.27613844791416
E01001914,0.06542678144427488,15.0,229.26391408655428
E01001915,0.4117743074555381,21.0,50.99881080430814
E01001916,0.35678170617349825,23.0,64.46518866305158
E01001917,0.108023516421221,6.0,55.543461264526215
E01001918,0.10513012872527197,9.0,85.60818967052698
E01001919,0.14435243229319672,12.0,83.12987740744536
E01001920,0.163739084002202,23.0,140.467379185355
E01001921,0.10132965421752199,23.0,226.9819252577971
E01001922,0.19464363033448276,24.0,123.30226249252297
E01001923,0.11158859165908827,27.0,241.96021832130543
E01001924,0.09644438082615861,13.0,134.79271564231982
E01001925,0.14163315564136106,17.0,120.02839252587759
E01001926,0.09060171086277645,22.0,242.82102170587885
E01001927,0.19982214444649252,13.0,65.05785450361375
E01001928,0.18989795496238845,21.0,110.58570906758474
E01001929,0.08618802929723073,19.0,220.44824733694753
E01001930,0.25323037371975,22.0,86.87741394066494
E01001931,0.06816068482465407,11.0,161.38335505721392
E01001932,0.18842360938781114,27.0,143.2941449732498
E01001933,0.17794471155778394,29.0,162.9719689117192
E01001934,0.1817822177741165,13.0,71.51414565837163
E01001935,0.10661969268132215,18.0,168.82434705379032
E01001937,0.19555432637609416,24.0,122.72804414381864
E01001938,0.10344130034215264,9.0,87.00586680784863
E01001939,0.32285770708709255,27.0,83.62817243423156
E01001940,0.08437834028282701,10.0,118.51382672947926
E01001941,0.14300914243168789,19.0,132.85863880399015
E01001942,0.09200745934586939,16.0,173.89894377860907
E01001943,0.4426873432972587,50.0,112.94653158047409
E01001944,0.06628523555721498,15.0,226.29473779349476
E01001945,0.11486333887643468,8.0,69.64798410227371
E01001946,0.12365946244273554,8.0,64.69379570289378
E01001947,0.054966282243386136,6.0,109.15782831068141
E01001948,0.11485492536119597,21.0,182.83935089382683
E01001949,0.08241537582811617,15.0,182.00487286842804
E01001950,0.10940339092539099,17.0,155.38823665523643
E01001951,0.10347586112508339,20.0,193.28179328533113
E01001952,0.09457184478947246,22.0,232.6273749758659
E01001953,0.08899713141156385,13.0,146.07212382927258
E01001954,0.08598279843166175,11.0,127.93256559034523
E01001955,0.2186138099990857,25.0,114.3569109385384
E01001956,0.13364413256921276,17.0,127.2034893952108
E01001957,0.0751399447891685,13.0,173.0105077462602
E01001958,0.045765029309284194,7.0,152.9552172400758
E01001959,0.19417341210836744,28.0,144.2009989728836
E01001960,0.08286543485794053,10.0,120.67757825857541
E01001961,0.06980171283326353,5.0,71.63148004610689
E01001962,0.5148746847504759,31.0,60.20882540578501
E01001963,0.5087676497661221,19.0,37.34514175328208
E01001964,0.6357367383999984,27.0,42.470410107103014
E01001965,0.12159528140039581,8.0,65.79202669597966
E01001966,0.512626635054842,21.0,40.96548747950518
E01001967,0.17649174673382526,15.0,84.98980987831766
E01001968,0.1440766960883703,12.0,83.28897264995395
E01001969,0.14554142282712518,20.0,137.41792275698788
E01001970,0.21496833049025516,24.0,111.64435219488276
E01001971,0.1259447601212825,18.0,142.91980057500072
E01001972,0.20662117776204303,14.0,67.75684928155435
E01001973,0.4006152950521505,38.0,94.85409186649579
E01001974,0.17685556022576815,22.0,124.39529733707838
E01001975,0.12006045851068205,18.0,149.92446491780223
E01001976,0.10144031047198986,13.0,128.1541818978326
E01001977,0.08953835327928078,11.0,122.85238221535849
E01001978,0.13200323451137108,17.0,128.78472306324872
E01001979,0.19586999116806933,15.0,76.58140948773013
E01001980,0.1119631678247059,12.0,107.17810359552963
E01001981,0.09515771718935677,8.0,84.07095332142737
E01001982,0.10451880841373155,13.0,124.37952744868909
E01001983,0.10098008468651384,11.0,108.93237051789757
E01001984,0.19810226464200148,31.0,156.48483401248006
E01001985,0.1891359256289982,13.0,68.73363670474906
E01001986,0.13605940296956592,19.0,139.6448873456395
E01001987,0.30216120072235375,19.0,62.88034318958936
E01001988,0.17469028826541752,22.0,125.93716696244768
E01001989,0.2868398759088054,28.0,97.61543757222236
E01001990,0.1515915427062754,32.0,211.09357045071687
E01001991,0.12609202544519035,12.0,95.16858784393274
E01001992,0.4066555838698577,24.0,59.01800184718659
E01001993,0.28113505501118075,13.0,46.2411206581228
E01001994,0.3358331763465389,31.0,92.3077354573563
E01001995,0.4101923692159208,21.0,51.19549161809451
E01001996,0.24303792442168473,14.0,57.60417857959154
E01001997,0.19399192211700023,34.0,175.2650297443517
E01001998,0.15514323134611316,5.0,32.22828322329685
E01001999,0.1488888232206137,12.0,80.59705047315195
E01002000,0.16425495834781914,9.0,54.79286647129393
E01002001,0.10631617639519071,5.0,47.02953181286699
E01002002,0.6541212683848111,21.0,32.10413881183568
E01002003,0.2207002231722395,34.0,154.05512287799374
E01002004,0.11712685300447456,1.0,8.53775179942551
E01002005,0.09560097316721729,11.0,115.06159022837261
E01002006,0.10981321353965276,24.0,218.55293389928684
E01002007,0.17240736799339554,15.0,87.00324223135644
E01002008,0.6536744809683794,30.0,45.89440290763195
E01002009,0.23352537182736013,17.0,72.79722912749585
E01002010,0.5885094867464787,28.0,47.577822669937675
E01002011,0.6456214199600828,22.0,34.075697180803274
E01002013,0.12105068124405448,15.0,123.9150399307376
E01002014,0.16722992251017169,24.0,143.51498607278378
E01002015,0.11965899796096446,14.0,116.9991412143291
E01002016,0.17091250657321425,15.0,87.76420345561084
E01002017,0.136107851485181,17.0,124.90095034562283
E01002018,0.1206841872736821,7.0,58.00262783496001
E01002019,0.25136709973817906,19.0,75.58666197680671
E01002020,0.29060576260754023,35.0,120.43807970617259
E01002021,0.18469081749559155,18.0,97.46017828108671
E01002022,0.20150228846709983,28.0,138.9562382293821
E01002023,0.16543965858626372,10.0,60.44499901325528
E01002024,0.15935838811226438,13.0,81.57713035376459
E01002025,0.4018916293030572,6.0,14.92939778418609
E01002026,0.11912161715615487,12.0,100.73738324312176
E01002027,0.11030807853319062,10.0,90.65519165027517
E01002028,0.12149755054558188,19.0,156.38175349775324
E01002029,0.23570048185940928,32.0,135.76552643234464
E01002030,0.2797310190576856,13.0,46.4732157477293
E01002031,0.1401592565516072,18.0,128.42533873866782
E01002032,0.1031692408852615,12.0,116.3137374767123
E01002033,0.1234118170727236,15.0,121.54427635694613
E01002034,0.2807248991968782,29.0,103.30398223657994
E01002036,0.17039893923196572,14.0,82.16013587350837
E01002037,0.7955842365560406,30.0,37.7081377703828
E01002038,0.14203966231196474,18.0,126.72516751318527
E01002039,0.07476746485374378,11.0,147.12281634154144
E01002040,0.14824999336556727,16.0,107.92580584166272
E01002041,0.12675099593235778,12.0,94.67381231784519
E01002042,0.23911260804913856,25.0,104.55324879758078
E01002043,0.10940871770449928,19.0,173.66075024585223
E01002044,0.08904186293272044,14.0,157.2294147818799
E01002045,0.1348782113448793,13.0,96.38324730418773
E01002046,0.16950562759894797,25.0,147.48772860303055
E01002047,0.10240123935146113,15.0,146.4826021149711
E01002048,0.12224081994027776,12.0,98.16688080023306
E01002049,0.12756245812446246,17.0,133.26804962799582
E01002050,0.10957020508601423,9.0,82.13911795578795
E01002051,0.12433858378443273,14.0,112.59578140500591
E01002052,0.21854704339161865,17.0,77.78645611570856
E01002053,0.14420599098044995,18.0,124.82144380839397
E01002054,0.08146375086976039,11.0,135.0293827936572
E01002055,0.09389797545834136,12.0,127.7982825659953
E01002056,0.21129974220815168,22.0,104.11749569636375
E01002057,0.15865159926572261,8.0,50.42495655276029
E01002058,0.15577331258390287,17.0,109.13294272305748
E01002059,0.23396263957723745,10.0,42.74186689836318
E01002060,0.1255881656041786,9.0,71.66280323231786
E01002061,0.16513146548040847,11.0,66.61359158896984
E01002062,0.19736524346251336,19.0,96.26821656473052
E01002063,0.13832959306234388,14.0,101.20755573747931
E01002064,0.09320697401321022,16.0,171.66097461475704
E01002065,0.1359732354045692,13.0,95.60705061786852
E01002066,0.19401682240376755,29.0,149.47157489080112
E01002067,0.14966232807891938,30.0,200.4512450466527
E01002068,0.2980491381321321,23.0,77.1684835062451
E01002069,0.16466716264282052,19.0,115.38426784709281
E01002070,0.16387573452619167,20.0,122.04369400891059
E01002071,0.10880578240581948,20.0,183.8137602412048
E01002072,0.1773554567891699,19.0,107.12949206060303
E01002073,0.11117536083863983,13.0,116.93238413562003
E01002074,0.13079439039265245,12.0,91.74705401336628
E01002075,0.36935233554742075,22.0,59.563722447818236
E01002076,0.1093471314872535,12.0,109.74224780097528
E01002077,0.14438529552765833,25.0,173.14782581312804
E01002078,0.28225646663950954,25.0,88.57192998142833
E01002079,0.1029446443415125,7.0,67.99770930071828
E01002080,0.6249105041669186,33.0,52.80756169076242
E01002081,0.1389847864271396,25.0,179.87580254408508
E01002082,0.19414858588968148,8.0,41.205553794482626
E01002083,0.15626465664023906,7.0,44.795798042264785
E01002084,0.3035287013390502,16.0,52.71330167267294
E01002085,0.12942035138631983,14.0,108.1746406190012
E01002086,0.24019100566043008,14.0,58.286945264688605
E01002087,0.11268767494474011,11.0,97.61493442290109
E01002088,0.21257002585948465,16.0,75.26931388989196
E01002089,0.04601364419934832,5.0,108.66342118737931
E01002090,0.22926047199507638,18.0,78.51331650571917
E01002091,0.215714663893319,24.0,111.25808309382771
E01002092,0.20075724899410502,25.0,124.52850457586263
E01002093,0.22332868704785638,20.0,89.5541019130886
E01002094,0.2497114778592612,22.0,88.10167713796208
E01002095,0.2857758024325425,50.0,174.9623291209287
E01002096,0.18417174147049112,22.0,119.45372196811716
E01002097,0.10774646868130418,22.0,204.18302584999122
E01002098,0.19621680404618852,22.0,112.12087622638734
E01002099,0.15855887270172214,13.0,81.98847392447944
E01002100,0.1411250250368151,10.0,70.85915483374627
E01002101,0.20360400513977117,9.0,44.203452647317185
E01002102,0.3183998202120834,16.0,50.25128465632467
E01002103,0.17294063598212625,25.0,144.55827491338587
E01002104,0.17052639384775284,11.0,64.50614331187275
E01002105,0.12467680093092187,19.0,152.3940288661007
E01002106,0.2678012194588322,18.0,67.21403299198589
E01002107,0.28272474599093433,13.0,45.98111832919234
E01002108,0.1991208022087127,10.0,50.22076995008431
E01002109,0.5076123971892793,34.0,66.98023962429355
E01002110,0.24577854637635427,30.0,122.06110111035397
E01002111,0.2781147107933793,30.0,107.86915914810419
E01002112,0.7770796185731479,56.0,72.06468766073887
E01002113,0.617837683063446,25.0,40.46370217504642
E01002114,2.8891287863575075,75.0,25.959382757234874
E01002115,0.34762225118623014,16.0,46.02697308760132
E01002116,0.3054167590745667,29.0,94.95222229412671
E01002117,0.4235773397605627,35.0,82.6295382557164
E01002118,0.2709097399440887,27.0,99.66419075804494
E01002119,0.23861354779640523,25.0,104.7719219251164
E01002120,0.1715665972877259,9.0,52.4577635873173
E01002121,0.28064960523623994,18.0,64.13691544247247
E01002122,0.20236680513769237,15.0,74.12282854292161
E01002123,0.1723139494889293,20.0,116.06721370683309
E01002124,0.1692087009498899,22.0,130.01695466307706
E01002125,0.17318936300567944,29.0,167.44677327007085
E01002126,0.3771346021461713,48.0,127.2755131108229
E01002127,0.271662376053299,16.0,58.89663571543255
E01002128,0.18765353424758838,13.0,69.27660623139619
E01002129,0.41108016533740954,62.0,150.82216372349458
E01002130,0.333304571662142,38.0,114.00983734036248
E01002131,0.16382050919600333,18.0,109.87635240752347
E01002132,0.39990271950277057,42.0,105.02554234245216
E01002133,0.3912168744601847,35.0,89.4644435986926
E01002134,1.243820453579775,30.0,24.119236754515942
E01002135,0.4247169596880017,30.0,70.6352767782998
E01002136,0.3699379776490804,36.0,97.31360978068939
E01002137,0.5994829365998443,34.0,56.71554255212279
E01002138,0.14245448713167252,58.0,407.14758213540756
E01002139,0.2330791423022308,14.0,60.06543469190553
E01002140,0.2551460754758841,27.0,105.82173348988857
E01002141,0.2890437149697121,30.0,103.79052872034805
E01002142,0.3605123227559196,34.0,94.3102297865676
E01002143,0.18297507333502147,14.0,76.51315419541574
E01002144,2.9566622357125953,55.0,18.60205718991918
E01002145,0.31584872840473444,25.0,79.15181462426068
E01002146,0.8537600692104093,17.0,19.9119174263119
E01002147,0.6248326172468046,26.0,41.61114398054892
E01002148,0.3327451500806389,51.0,153.27045334136483
E01002149,0.29150584544538805,22.0,75.47018471065815
E01002150,0.4192357631654627,58.0,138.34697584497042
E01002151,0.3041602096366085,42.0,138.08512313355834
E01002152,0.4629293963108163,31.0,66.96485521776248
E01002153,0.2923184978938594,10.0,34.20926171983476
E01002154,1.3164041728455924,49.0,37.22261066225551
E01002155,0.7437672667582277,72.0,96.80447529482989
E01002156,0.3819196592218916,10.0,26.183517288357493
E01002157,0.26357104265714754,23.0,87.26300039689237
E01002158,0.2932662139361052,9.0,30.688840283391315
E01002159,0.23203339328033434,18.0,77.57504101253673
E01002160,0.2972420818145281,20.0,67.285223807844
E01002161,0.23735831331812474,25.0,105.32599280183288
E01002162,0.18096058300360468,20.0,110.52130617639315
E01002163,0.24509636902796908,15.0,61.20041704203411
E01002164,0.2661191134627385,23.0,86.4274636298171
E01002165,0.20771809443925923,20.0,96.28434178539214
E01002166,0.1700017020373461,26.0,152.93964524124763
E01002167,0.16683029765629462,16.0,95.90584099396234
E01002168,0.17306547094552405,14.0,80.89424148856817
E01002169,0.20488960334743986,18.0,87.85218823171154
E01002170,0.17123791331457838,6.0,35.038969372264525
E01002171,0.1871547126621299,23.0,122.89297807596148
E01002172,0.3670707234819332,17.0,46.31260112150219
E01002173,0.19961764730784431,14.0,70.13407977106164
E01002174,0.2070767852997571,15.0,72.43689812108357
E01002175,0.20843823511465423,11.0,52.77342707276956
E01002176,0.3870408850058594,9.0,23.253357329068088
E01002177,0.19693281549040093,6.0,30.467243283242745
E01002178,0.20578639251152064,12.0,58.31289354726503
E01002179,0.2581583081848129,39.0,151.07009444793968
E01002180,0.37834295315984534,48.0,126.86902081593833
E01002181,0.4039537116051247,29.0,71.79040362017581
E01002182,0.2011104433858314,17.0,84.53066739744298
E01002183,0.18525172182793914,20.0,107.96120976719395
E01002184,0.21341413521565636,20.0,93.71450480442577
E01002185,0.1712997137918536,13.0,75.89037781928992
E01002186,0.31726295694866175,35.0,110.3185834760519
E01002187,0.4827341362462549,30.0,62.14600905019951
E01002188,0.4859577088227159,27.0,55.560390358680316
E01002189,0.4491741273518677,53.0,117.9943295319893
E01002190,1.3578938953821735,29.0,21.3566023815418
E01002191,0.4896770784733976,24.0,49.011891826388265
E01002192,0.45276700514558443,29.0,64.05060366683573
E01002193,0.33686325483019014,21.0,62.33983582028238
E01002194,0.42622329672770215,31.0,72.73182915621977
E01002195,0.273430833747478,38.0,138.97481669932733
E01002196,0.37396254439322024,13.0,34.762839741325934
E01002197,0.18521202903307768,5.0,26.996086734231675
E01002198,0.17449586726101066,25.0,143.26986875055923
E01002199,0.16976514496497613,10.0,58.904906552302464
E01002200,0.3476156873001223,36.0,103.56264494162065
E01002201,0.26611376891492244,12.0,45.093495345731036
E01002202,0.19458860715973136,49.0,251.8133035392844
E01002203,0.2778036561517997,28.0,100.79061013041533
E01002204,0.1789628683937082,49.0,273.7998135579877
E01002206,0.17489201322058756,30.0,171.53441971167453
E01002207,0.17748570405816916,28.0,157.75918487960743
E01002208,0.2937494252571552,27.0,91.915073455424
E01002209,0.2731570039356323,33.0,120.80964252989185
E01002210,0.20748185750490855,26.0,125.31216132661092
E01002211,0.17258190456247144,18.0,104.29830430735764
E01002212,0.2752748194874091,41.0,148.94206479309057
E01002213,0.28357166827912994,29.0,102.26691607094628
E01002214,0.18162148346969917,32.0,176.19061021125688
E01002215,0.1694113647867355,18.0,106.25025081793898
E01002216,0.26921936583967565,33.0,122.57662035966617
E01002217,0.14906938419658466,30.0,201.24856731438305
E01002218,0.32914170527079784,26.0,78.99333200151217
E01002219,0.29167223927043845,26.0,89.14115400572217
E01002220,0.18809112304884404,24.0,127.59772822329107
E01002221,0.1719353704114463,23.0,133.77119521690236
E01002222,0.20927785733435608,10.0,47.78336383683125
E01002223,0.2028053103693007,6.0,29.58502412522744
E01002224,0.18206094656406113,14.0,76.89732622077668
E01002225,2.0409089144961334,84.0,41.15813273359052
E01002226,0.6054664347892104,75.0,123.87144140551874
E01002227,0.3281645171050306,29.0,88.37030967220144
E01002228,0.4194087460879607,43.0,102.52528208122251
E01002229,0.6323387371782536,38.0,60.09437310383843
E01002230,0.42057128525540244,22.0,52.30980043404521
E01002231,0.21387049521026186,36.0,168.326163759089
E01002232,0.21576594888743936,22.0,101.96233517586663
E01002233,0.20550001832494666,25.0,121.6544903683112
E01002234,0.16793651942606,22.0,131.00188139653733
E01002235,0.17194721963587478,9.0,52.34164308709912
E01002236,0.21549328247295593,9.0,41.764642947185536
E01002237,0.1463952659269467,13.0,88.80068571675795
E01002238,0.34389863515138686,24.0,69.78800596121881
E01002239,0.35787640439091944,19.0,53.09095477344104
E01002240,0.1698637655340668,11.0,64.7577778899168
E01002241,0.24226041615276978,12.0,49.53347389790985
E01002242,0.27154036487901045,21.0,77.33656839327338
E01002243,0.23432737783304386,28.0,119.49094578248449
E01002244,0.3342446784413788,21.0,62.82822541236978
E01002245,0.25730990385220476,20.0,77.72728410596945
E01002246,0.5453506133647947,22.0,40.34101999860374
E01002247,0.32766618927761965,25.0,76.29716100741297
E01002248,0.5321680110638651,36.0,67.64780905945823
E01002249,0.5728783282394008,40.0,69.82285422269344
E01002250,1.074795275106533,21.0,19.538604687221472
E01002251,0.3269488772565354,19.0,58.11306085352281
E01002252,1.1585682702371356,39.0,33.66223726463481
E01002253,1.0224727321164717,30.0,29.34063575260474
E01002254,0.5630750963887008,33.0,58.60674750427874
E01002255,0.5954408679211312,22.0,36.94741356401825
E01002256,0.2785881117897534,24.0,86.14868684027863
E01002257,0.7534156060096557,22.0,29.20035080839306
E01002258,0.3024475735249552,40.0,132.2543260433847
E01002259,1.8885575190453716,55.0,29.122756095774836
E01002260,1.1146962597918333,25.0,22.427634237033043
E01002261,0.2075959719365657,14.0,67.43868808917894
E01002262,0.22464073316284408,27.0,120.19191541913041
E01002263,0.8473965265141665,20.0,23.601701652320433
E01002264,0.2038422288304708,33.0,161.88990960967695
E01002265,0.5141615833282888,32.0,62.23724416137137
E01002266,0.34337811996408685,29.0,84.45500255820915
E01002267,0.20990004783681268,21.0,100.0476189330195
E01002268,0.8430299623645331,29.0,34.39972633791177
E01002269,0.7757563082948821,31.0,39.96100278983
E01002270,0.6778515736464142,31.0,45.732725577724246
E01002271,0.5449847021467271,24.0,44.037933368519475
E01002272,0.22328527652952748,33.0,147.79299608514958
E01002273,0.8268424088278733,23.0,27.81666706307996
E01002274,0.308058806740806,21.0,68.16880264575245
E01002275,0.43678604976024665,28.0,64.10461143475003
E01002276,4.376654696600759,51.0,11.652735601830882
E01002277,1.4705085685832724,50.0,34.00184199414176
E01002278,0.22593854611631844,21.0,92.94562774246015
E01002279,0.35740993040941493,16.0,44.76652336344409
E01002280,0.1537114274913692,19.0,123.60824637496023
E01002281,0.4043028639926808,31.0,76.6751926856526
E01002282,0.27509150500087287,31.0,112.68977571627171
E01002283,0.2232442931872117,22.0,98.5467520173109
E01002284,0.2786789613497058,21.0,75.35552701320618
E01002285,0.46345610338788373,41.0,88.46576774000442
E01002286,0.23458552886982398,15.0,63.942563176280956
E01002287,0.22122501545180262,14.0,63.28398247100641
E01002288,0.3407143028696587,25.0,73.37525835997506
E01002289,0.26994104136720626,22.0,81.49927809633421
E01002290,0.27866621577529643,19.0,68.18192850230801
E01002291,0.30741493470108067,33.0,107.34676905690358
E01002292,0.3443919182951353,36.0,104.53206967867607
E01002293,0.688224701246858,67.0,97.35192572805941
E01002294,1.233112967671239,30.0,24.328671246281402
E01002295,0.27961606317964965,27.0,96.56097612193636
E01002296,4.05736597072816,87.0,21.442482789982694
E01002297,0.21203172606362425,21.0,99.04178204774196
E01002298,0.45505781507350085,35.0,76.91330384985655
E01002299,0.33927491303162954,30.0,88.42386762973894
E01002300,0.3336916502315859,35.0,104.88725137626186
E01002301,0.2730352383470613,16.0,58.60049456203172
E01002302,0.2896150240918833,33.0,113.94436494955599
E01002303,0.2797871972169771,32.0,114.37263862786315
E01002304,5.306134660961546,55.0,10.365360759621813
E01002305,2.771501953952794,35.0,12.628531598212303
E01002306,0.1758871432789831,19.0,108.02381371254168
E01002307,0.24191713677058824,21.0,86.80658294957604
E01002308,0.44674403480523295,21.0,47.0067832224226
E01002309,0.2764953080370307,22.0,79.56735380498235
E01002310,0.27995650679551265,28.0,100.01553570052191
E01002311,0.9496733132197995,26.0,27.377835765278963
E01002312,0.8713790042213453,34.0,39.01861283699626
E01002313,0.38788366079738945,32.0,82.49896356607596
E01002314,0.19041671014725528,27.0,141.79427834416447
E01002315,0.21735573247745002,12.0,55.20903388754636
E01002316,0.24658204483288795,18.0,72.99801578090914
E01002317,0.3816882121471434,24.0,62.87854651049019
E01002318,0.2912783171910187,14.0,48.063996438220556
E01002319,0.37624027397581755,29.0,77.07840442903766
E01002320,0.20242399498845895,13.0,64.22163538834013
E01002321,0.4626055583182462,43.0,92.95175820265104
E01002322,0.4341848743291578,70.0,161.2216457520642
E01002323,0.29110095926557084,12.0,41.22281159868121
E01002324,0.46650593414951413,22.0,47.1591000018213
E01002325,0.7513595228308187,32.0,42.58946486688149
E01002326,0.27581860105840855,44.0,159.52513656133863
E01002327,0.28259771971731906,20.0,70.77197940594102
E01002328,0.2847917684006137,16.0,56.18139909680592
E01002329,0.38091559855731705,29.0,76.13235086679266
E01002330,0.48150609403081446,21.0,43.61315518190739
E01002331,0.3094087214921037,27.0,87.26321569021789
E01002332,0.27947230227172126,31.0,110.92333568662475
E01002333,0.2731989900782646,20.0,73.20671278568967
E01002334,0.9666287176212366,44.0,45.519028348629035
E01002335,0.20708918160061499,24.0,115.89209930958909
E01002336,0.25468232772499155,34.0,133.49964366869432
E01002337,1.1197284812406358,39.0,34.829872289029225
E01002338,0.2442933818692401,19.0,77.77533658349327
E01002339,0.3985865216039975,22.0,55.19504250035172
E01002340,0.2361870189786096,9.0,38.10539647318674
E01002341,0.24540928175340948,30.0,122.2447650946813
E01002342,0.18232509638478445,27.0,148.08712862555342
E01002343,0.47429964340582353,32.0,67.46789807855693
E01002344,10.242213927654188,104.0,10.154054654062426
E01002345,0.44526762751840115,37.0,83.0960925819179
E01002346,0.21065198797982101,16.0,75.95465940503105
E01002347,0.4537305315728687,24.0,52.894831469249766
E01002348,2.751360480202504,40.0,14.538262175320606
E01002349,0.5828781403058455,30.0,51.46873407237149
E01002350,0.28486884622031344,31.0,108.82200848324793
E01002351,0.19500700102597043,14.0,71.79229425786372
E01002352,0.2873231144204519,25.0,87.01005504004269
E01002353,0.4598311437494434,37.0,80.46431935493449
E01002354,0.3078047662886178,25.0,81.2203147515863
E01002355,0.22767469529618165,72.0,316.2406779828356
E01002356,0.36853664060138863,33.0,89.54333535506716
E01002358,0.2259972942194158,31.0,137.16978385547742
E01002359,0.2268858083627277,14.0,61.70504934190449
E01002360,0.38500867561375435,29.0,75.32297799204186
E01002361,0.36488158910480667,39.0,106.88398966821492
E01002362,0.34241434031758167,25.0,73.01096086341786
E01002363,0.24711694949304713,22.0,89.02667358565378
E01002364,0.23066621712189456,11.0,47.687954210421275
E01002365,0.2288095433435989,9.0,39.334023697101095
E01002366,0.28082816195116395,13.0,46.291653620767214
E01002367,0.37908237128126343,31.0,81.7764220879564
E01002368,1.3091291947727377,78.0,59.58159080971428
E01002369,0.48147238138446796,16.0,33.231397310874186
E01002370,2.469886559501048,102.0,41.2974432399055
E01002371,0.2825364347140169,24.0,84.94479667478205
E01002372,0.21904047301044025,20.0,91.30732656446888
E01002373,0.3093886350676782,34.0,109.89414654020035
E01002374,0.9687177919737816,38.0,39.22711063515645
E01002375,0.26134228533275045,39.0,149.22958200332482
E01002376,0.3370954330366107,20.0,59.330379589651315
E01002377,0.4372578058950678,39.0,89.19223276109824
E01002378,0.24138039901724387,19.0,78.71393069759019
E01002379,0.35974984712169505,34.0,94.51011660471558
E01002380,0.30332176870173205,24.0,79.1238957319945
E01002381,0.36541630891121724,12.0,32.83925678017715
E01002382,0.3164923168349088,22.0,69.51195599315547
E01002383,0.2910181614911508,26.0,89.3415031789712
E01002384,0.4825489353658412,31.0,64.24218919164656
E01002385,9.936418591997661,69.0,6.9441518954897345
E01002386,0.5452096307712124,46.0,84.37121687474938
E01002387,1.3548517072819897,15.0,11.071322359029217
E01002388,0.3653593180972021,22.0,60.21469526102795
E01002389,0.8801909828086291,32.0,36.35574622440484
E01002390,0.34126485731842493,22.0,64.4660577501902
E01002391,8.622694178201607,67.0,7.770193238370639
E01002392,0.46475465856750614,29.0,62.39851385112629
E01002393,0.32823953269112577,19.0,57.88455718366821
E01002394,0.294469257623065,11.0,37.35534258751227
E01002395,0.1715066483727168,22.0,128.27491067395698
E01002396,0.34477570478148,35.0,101.5152735955775
E01002397,0.1814614328106884,32.0,176.34601195607414
E01002398,0.1607684443386544,9.0,55.981135085450866
E01002399,0.17559028205261046,35.0,199.3276597705634
E01002400,0.6055025821849047,52.0,85.87907224501407
E01002401,0.3332391522618512,38.0,114.03221902971511
E01002402,0.20134162727872995,15.0,74.50024221386943
E01002403,0.2046479018220849,17.0,83.0695054708126
E01002404,0.2106429987187819,24.0,113.93685119362124
E01002405,1.000263676437321,37.0,36.990246543575765
E01002406,1.339243708415345,91.0,67.94879783880067
E01002407,0.4839750925199314,32.0,66.11910508324796
E01002408,0.2059472623089121,23.0,111.67907619719159
E01002409,0.2375339185697583,27.0,113.6679770307023
E01002410,0.4048277582074335,40.0,98.80745376038178
E01002411,0.48176313249019,23.0,47.74130365915524
E01002412,0.7173153942578928,39.0,54.36938940972808
E01002413,0.31056195580568946,36.0,115.91889903773102
E01002414,0.9221595813538958,72.0,78.07759248598933
E01002415,0.2684853472768125,36.0,134.08552967653557
E01002416,0.2070454670610536,35.0,169.04499526994812
E01002417,0.32825706392502557,41.0,124.90211028440949
E01002418,0.2794384567855521,23.0,82.30792663463197
E01002419,0.29331446745774853,31.0,105.68861559638377
E01002420,0.28807293460969413,23.0,79.8408917906931
E01002421,0.344574867620065,21.0,60.94466536414667
E01002422,0.19538511808426237,15.0,76.77145602016145
E01002423,0.67374811590425,31.0,46.011260392757194
E01002424,0.3692148743821251,18.0,48.752098707081345
E01002425,0.3603012643711948,25.0,69.38637876730884
E01002426,0.2134565279909121,18.0,84.32630367137963
E01002427,0.2052817774457888,16.0,77.94164781248209
E01002428,0.5859187741082442,8.0,13.653769692182722
E01002429,0.37986130153638137,33.0,86.87381385397431
E01002430,0.918396607342669,27.0,29.399063306780977
E01002431,0.2782469246157289,13.0,46.721091411714845
E01002432,0.32534921348766443,29.0,89.1349934094724
E01002433,0.46170932641872536,41.0,88.8004587605341
E01002434,0.819009447540401,22.0,26.8617169998088
E01002435,0.355151730845478,22.0,61.94535487023128
E01002436,0.45804563357583705,42.0,91.6939206954501
E01002437,0.4373292313927517,31.0,70.88481120110599
E01002438,3.69630932192293,41.0,11.092145280382157
E01002439,0.7007108395125626,43.0,61.366254916096636
E01002440,1.7860138183173855,31.0,17.357088552206886
E01002441,7.05674360612571,73.0,10.344714796869095
E01002442,1.9819018352726845,28.0,14.12784402419586
E01002443,2.6079431192495295,78.0,29.908627770396137
E01002444,15.808726768535442,515.0,32.57694357935385
E01002445,0.1899459088321514,30.0,157.93970075191226
E01002446,1.958591644479516,65.0,33.187111863368216
E01002447,1.8679128574459467,95.0,50.858903626744315
E01002448,0.718583213723472,55.0,76.53950015754934
E01002449,0.37655264033074365,30.0,79.67013582390395
E01002450,0.21569957619586516,30.0,139.08233168135024
E01002451,0.21036114099505454,26.0,123.59697174589505
E01002452,0.3366674023229658,25.0,74.25726348171196
E01002453,0.27385767847869696,48.0,175.27352260723214
E01002454,1.6509983459163915,44.0,26.65054153980855
E01002455,0.35776575562201174,38.0,106.21474918395468
E01002456,0.31367950817952794,36.0,114.76682110645287
E01002457,0.2260810372619634,19.0,84.04066183571345
E01002458,0.9818541440782061,50.0,50.92406066783116
E01002459,0.5058851271328063,20.0,39.534666918068034
E01002460,0.3793588030555984,52.0,137.07339748322366
E01002461,2.522982205178416,44.0,17.43967908679264
E01002462,0.4175216402340978,27.0,64.66730678884458
E01002463,0.6161349735617859,28.0,45.44458795795361
E01002464,0.7875084137150026,26.0,33.015520275329195
E01002465,0.2997272214460094,43.0,143.4637794743835
E01002466,0.2309340049332589,48.0,207.85158952174342
E01002467,0.3670051446459688,23.0,62.66942122074864
E01002468,0.19757621982851734,52.0,263.1895682847483
E01002469,0.23351537114537077,41.0,175.57730696227355
E01002470,0.3822926901668295,31.0,81.08970115665002
E01002471,0.2667374662756938,15.0,56.235069671451186
E01002472,0.5328535385010165,46.0,86.32766168618068
E01002473,3.8868204445492207,34.0,8.7475098181293
E01002474,0.9255576408452038,26.0,28.09117320479061
E01002475,0.750820099147399,47.0,62.598217673409785
E01002476,0.6272591368350696,39.0,62.1752601273859
E01002477,0.31507017582937713,30.0,95.21688278184152
E01002478,0.3677369606010892,36.0,97.89606119862343
E01002479,0.7813685805861041,27.0,34.554755170405386
E01002480,0.6369055110359118,36.0,56.52329800294372
E01002481,0.36851872353651016,31.0,84.1205562162671
E01002482,0.6350512086875856,28.0,44.090932537339114
E01002483,0.36041460304376227,27.0,74.91372372811877
E01002484,0.23505629314769935,19.0,80.83170097497117
E01002485,0.30071745865144756,31.0,103.08679828240753
E01002486,1.02499729165858,75.0,73.17092504570444
E01002487,0.19347644705654352,43.0,222.24927454571898
E01002488,0.29996714911802447,24.0,80.00876119457004
E01002489,0.2744970783211044,31.0,112.93380676254942
E01002490,0.33776593391777177,29.0,85.85827369748891
E01002491,0.18893500137541247,23.0,121.73498733725451
E01002492,0.25957916286983673,27.0,104.01451218770926
E01002493,0.17548259813310352,17.0,96.87570266714141
E01002494,2.6574380863524425,41.0,15.42839331255162
E01002495,0.45070348197479826,55.0,122.03145127482153
E01002496,0.588926869043506,65.0,110.37024020583145
E01002497,0.6760122538598956,68.0,100.58989258217365
E01002498,0.3958434944789193,21.0,53.05126973892546
E01002499,2.2844891059480985,59.0,25.826343337064888
E01002501,0.22173553910626212,18.0,81.17778535886336
E01002502,0.18878632214158206,17.0,90.04889658929153
E01002503,0.19187795552427997,21.0,109.44456825496397
E01002504,0.4466764878994887,44.0,98.50529676838708
E01002505,0.7023525379337766,36.0,51.25631083487929
E01002506,0.2841519937044446,20.0,70.38486599816937
E01002507,1.0975201720989185,37.0,33.712364419909015
E01002508,0.3552327695613134,45.0,126.67750234746565
E01002509,0.453256849977272,15.0,33.093818660991346
E01002511,0.2469457856347071,25.0,101.23679550045483
E01002512,1.1836371869952769,42.0,35.483846284535154
E01002513,0.5643314185871676,33.0,58.47627637429292
E01002514,0.28634402431089845,21.0,73.33835602310045
E01002515,0.6238252686943458,69.0,110.6078952916025
E01002516,0.5848481874816471,33.0,56.424899155621574
E01002518,0.22415874853322665,15.0,66.91686181401292
E01002519,0.6365005494179039,27.0,42.41944492379809
E01002520,0.5143304959352222,47.0,91.3809318549905
E01002521,0.5405967125958598,58.0,107.2888507247726
E01002523,0.16814345617851695,15.0,89.20953774183508
E01002525,0.5071651802466219,40.0,78.86976779547244
E01002526,0.29746795836697065,34.0,114.29802452221082
E01002527,0.8728372809370948,32.0,36.662045376480926
E01002528,0.34736543378925977,28.0,80.60675379976664
E01002529,0.25627774808304604,28.0,109.25646182487402
E01002530,0.2675700190929057,26.0,97.17082686671364
E01002531,0.3454993372686752,20.0,57.88723115392588
E01002532,0.592243474230232,50.0,84.42473775669282
E01002533,1.3376647040880236,29.0,21.679573297683188
E01002534,0.4042427219649099,20.0,49.475225930563795
E01002535,0.4118473926375254,43.0,104.40760526519857
E01002536,0.3940822787266813,37.0,93.88902266691781
E01002537,0.44837182616008653,39.0,86.98137957061435
E01002538,1.030011443329962,41.0,39.80538300375536
E01002539,0.3720849424772609,33.0,88.68942607645756
E01002540,0.22881803580585353,22.0,96.14626715293745
E01002541,0.38260150555401906,38.0,99.32004827052315
E01002542,0.17982250344345496,31.0,172.39221680476672
E01002543,0.2645797824717641,26.0,98.26903536280106
E01002544,0.6146447463486575,13.0,21.15042888957802
E01002545,0.28937837706752323,36.0,124.40459568822517
E01002546,0.18967641453010065,21.0,110.71487223134646
E01002547,0.1803375249902075,18.0,99.81283707302414
E01002548,1.1538706573596325,49.0,42.46576484761752
E01002549,0.5992663504483671,40.0,66.74828307992308
E01002550,0.24343611131219603,15.0,61.617809778283736
E01002551,0.3190022336966513,31.0,97.1780029273363
E01002552,0.2630000670373358,26.0,98.85929039063328
E01002553,0.18797567622216413,22.0,117.03641897794641
E01002554,1.2515439101882064,64.0,51.13683945006429
E01002555,0.7092318726335543,34.0,47.93918789034332
E01002556,0.19989811912636696,9.0,45.022934879695335
E01002557,0.33426522054824953,32.0,95.73236469984755
E01002558,0.23605869081918657,41.0,173.68561969787714
E01002559,2.3805859106036507,85.0,35.705495702293874
E01002560,0.34193694527195234,32.0,93.5845056887593
E01002561,0.2404897714631643,10.0,41.58181006684392
E01002562,0.9565772565701107,36.0,37.63417931248028
E01002563,0.5044668859270249,52.0,103.07911470629651
E01002564,0.24087511751928578,33.0,137.00045210090178
E01002565,0.4531131888118892,54.0,119.17552023059342
E01002566,0.5884783852408284,67.0,113.8529497095819
E01002567,0.21838966394717252,16.0,73.26354054865128
E01002568,0.19991808262763,23.0,115.04712178957867
E01002569,0.20500088865037666,33.0,160.9749119491896
E01002570,0.14702770790627293,21.0,142.83022090902116
E01002571,0.19940200342955938,20.0,100.29989496602619
E01002572,0.9046777473947444,21.0,23.212685467808818
E01002573,0.1808830096493222,15.0,82.92652819676371
E01002574,0.16166077251938055,12.0,74.22951043093272
E01002575,0.22714918303169257,17.0,74.84068299566856
E01002576,0.1835773755768219,26.0,141.62965299130633
E01002577,0.35347021679655105,20.0,56.581853433811425
E01002578,0.5010584026332245,35.0,69.85213662931035
E01002579,0.4063622231722368,41.0,100.89520546456438
E01002580,0.11486910328482185,10.0,87.05561124826282
E01002581,0.1839180241562842,23.0,125.05571493338667
E01002582,0.17459412771481053,16.0,91.64111192866166
E01002583,0.4058047412638464,40.0,98.56957283304084
E01002584,0.33121727937290363,54.0,163.0349723970882
E01002585,0.2043986498780646,27.0,132.09480598872366
E01002586,0.42110050131851967,38.0,90.2397405869077
E01002587,0.23018338685439765,29.0,125.9865031803704
E01002588,0.13812698617326283,10.0,72.39714900791554
E01002589,0.986025912431241,61.0,61.86449993955279
E01002590,0.3559157334690764,19.0,53.38342257255342
E01002591,0.32582424863472675,29.0,89.00503913234266
E01002592,1.7262673850791679,73.0,42.287771078205346
E01002593,0.44383924373726114,32.0,72.09817620125315
E01002594,0.27089426645774684,46.0,169.80794980086787
E01002595,0.27049619942431535,24.0,88.72583071805852
E01002596,0.45957137877179655,25.0,54.39851382131856
E01002598,0.2231353637676233,28.0,125.48436754812045
E01002599,0.1822313096582011,21.0,115.23815550350965
E01002600,0.15914215737365076,18.0,113.10642193782569
E01002601,1.5619226338731202,56.0,35.85324828870432
E01002602,0.21136948031892552,14.0,66.2347278276696
E01002603,0.22214841803432778,28.0,126.0418608773224
E01002604,0.29908768074873127,22.0,73.55702496647658
E01002605,0.32722485384672595,51.0,155.85613195472217
E01002606,0.2051995472136524,20.0,97.4661020044851
E01002607,0.34567697032837874,33.0,95.46484965038711
E01002608,0.35087825871791223,46.0,131.09960180514233
E01002609,0.21368585559041373,30.0,140.39300784373415
E01002610,1.5150695083781345,82.0,54.1229293748906
E01002611,0.867252702958946,37.0,42.66345884395763
E01002612,0.328470423951679,33.0,100.46566629345782
E01002613,0.22107646317001609,27.0,122.12969039239599
E01002614,0.5964023580083265,51.0,85.51274037599961
E01002615,0.9501649068108821,50.0,52.62244442158907
E01002616,0.22923199250599874,33.0,143.95896331589242
E01002617,0.45482029070770214,33.0,72.55612969388827
E01002618,0.23334563203015327,21.0,89.99525646696634
E01002619,0.2358091499488089,25.0,106.01793868230803
E01002620,0.3058023285476993,24.0,78.48207080037476
E01002621,0.2799935962386333,29.0,103.57379736386487
E01002622,0.20372857518256765,29.0,142.34625640518115
E01002623,0.20108620253421217,24.0,119.35179886803381
E01002624,0.22187315908186309,18.0,81.12743368547187
E01002625,0.19501115882170736,28.0,143.58152717609113
E01002626,0.35411759694801026,29.0,81.89369929633187
E01002627,0.12298008819717177,9.0,73.1825788380511
E01002628,0.35047971499478064,28.0,79.89050093931107
E01002629,0.5361475628353826,39.0,72.74116811004598
E01002630,0.23801133459751883,36.0,151.25330086013176
E01002631,0.20696695251006,27.0,130.4556098089506
E01002632,0.36782380969493966,33.0,89.71686750612761
E01002633,0.9809452029943663,41.0,41.79642234331357
E01002634,0.24120236048853494,29.0,120.23099583794685
E01002635,0.5376505838463755,28.0,52.07843317064177
E01002636,0.20649046333997434,15.0,72.64257998832318
E01002637,0.6936500787848157,66.0,95.14883947771386
E01002638,0.8030851806515236,32.0,39.84633357826274
E01002639,0.1871342227409321,23.0,122.90643401897209
E01002640,0.2223655105944669,17.0,76.45070476330878
E01002641,0.2035628849330491,20.0,98.24973745375001
E01002642,0.2635528193839662,41.0,155.56653916977345
E01002643,0.3263122567603924,21.0,64.35553542636333
E01002645,0.26374757301565377,17.0,64.45556941292129
E01002646,0.14182876860084687,24.0,169.2181370307455
E01002647,0.1774808485254004,17.0,95.78498266852169
E01002648,0.23322869907910135,29.0,124.34147304558098
E01002649,0.20372009698146387,34.0,166.89565979881505
E01002650,1.7049140242283103,22.0,12.903876493102219
E01002651,0.13337289357394674,12.0,89.97330475811239
E01002652,0.19268074136779195,16.0,83.03891653322505
E01002653,0.2164036426635004,41.0,189.4607664426124
E01002654,0.41837338052192197,76.0,181.65591679181355
E01002655,0.2561965174429966,25.0,97.58134204756499
E01002656,0.2107155246446187,29.0,137.6263094468707
E01002657,0.23348738606533292,35.0,149.9010314424717
E01002658,0.17608769230342528,22.0,124.93774955089268
E01002659,0.2837034815195503,35.0,123.3682428306334
E01002660,0.2670255368646328,22.0,82.38912374569172
E01002661,0.2749839373511773,24.0,87.27782513838257
E01002662,0.2499858309043714,24.0,96.00544124111124
E01002663,0.17474676414279486,26.0,148.78673220383078
E01002664,0.2584546962662006,43.0,166.3734519867702
E01002665,0.13697658124825465,19.0,138.70984241871707
E01002666,0.2617009630911647,26.0,99.35003560129347
E01002667,0.31319899970258214,40.0,127.71432871108951
E01002668,0.338481118717919,35.0,103.4031089609109
E01002669,0.3094015506224974,39.0,126.04978844331688
E01002670,0.4429837075069047,34.0,76.7522584325972
E01002671,0.2465439122181827,24.0,97.34574171420158
E01002672,0.2624192725006295,23.0,87.64600168588923
E01002673,0.05455692869849395,3.0,54.988432662317656
E01002674,0.28548776999998593,19.0,66.55276336356172
E01002675,0.3045578290907145,27.0,88.65311419053317
E01002676,0.9566817339527253,23.0,24.04143319949344
E01002677,0.22894359062506436,32.0,139.77242128785193
E01002678,3.6864074291283,62.0,16.81854249481608
E01002679,0.4637179321125477,34.0,73.32043392220586
E01002680,0.40796030272398154,45.0,110.30485000509026
E01002681,0.3108005707713867,43.0,138.35238427418847
E01002682,0.4346597869320944,51.0,117.3331454468494
E01002683,0.25060373873333197,30.0,119.71090356286771
E01002684,0.39537985939435755,53.0,134.04830504311815
E01002686,0.9779512224706103,34.0,34.76656015021422
E01002687,0.17877836321986765,23.0,128.65091494161308
E01002689,0.1383940170106455,25.0,180.64364731950053
E01002690,0.18379463508076,24.0,130.58052532085236
E01002691,0.5064441880293895,33.0,65.16019095491126
E01002692,0.33420158140700945,47.0,140.6336852211383
E01002693,0.20675307976685403,31.0,149.9373070280611
E01002694,0.07313728979356725,13.0,177.7479044779071
E01002695,0.11796917166484229,19.0,161.05902696324912
E01002696,0.14778885933219021,16.0,108.26255830310076
E01002697,0.11001032698244514,18.0,163.62100262525666
E01002698,0.10893276778376298,17.0,156.05956174496413
E01002699,0.09114625799832646,15.0,164.57066180682278
E01002700,0.18028902186834467,26.0,144.21288512500996
E01002701,0.0831276393270193,10.0,120.29693229541357
E01002702,0.11640074830285496,27.0,231.95727169855118
E01002703,0.08587818838615702,11.0,128.08840296604492
E01002704,0.3330246312390571,57.0,171.15851097237112
E01002706,0.13752728928011218,24.0,174.51081982076585
E01002707,0.11818903212434542,29.0,245.36963776375975
E01002708,0.3356678600251527,23.0,68.52011389555298
E01002709,0.08131568318489585,9.0,110.67975632124707
E01002710,0.14152212402160094,17.0,120.12256117216867
E01002711,0.15101424603266392,33.0,218.52242994917316
E01002712,0.11686756186390244,8.0,68.4535543688022
E01002713,0.1392874076163912,15.0,107.69099846635969
E01002714,0.11341946339896232,14.0,123.43560426444485
E01002715,0.05771805827516076,11.0,190.58160181964928
E01002716,0.13010070958677175,28.0,215.21788842608245
E01002717,0.12235899002494258,10.0,81.72672884895114
E01002718,0.09961965455454808,3.0,30.114539278564852
E01002719,0.14897603452875324,29.0,194.6621823552622
E01002720,0.10065941324970511,21.0,208.62430369930178
E01002721,0.12123521008956893,15.0,123.7264321884538
E01002722,0.08524142282295905,13.0,152.50801276511027
E01002723,0.10337885741194384,20.0,193.46315582018906
E01002724,0.26157007920097153,40.0,152.9226894841703
E01002725,0.06324852777045765,12.0,189.72773632851266
E01002726,0.1657100291489451,27.0,162.93521966453582
E01002727,0.11464327637411305,12.0,104.67251442501212
E01002728,0.09134258464842127,31.0,339.3816818225517
E01002729,0.1326051474350444,23.0,173.4472638874473
E01002730,0.13910371979338637,14.0,100.6443251179371
E01002731,0.17567152145344925,32.0,182.1581536679501
E01002732,0.13328494435595156,16.0,120.04356589046026
E01002733,0.08916051782233352,11.0,123.37299365980854
E01002734,0.11835145644191164,22.0,185.88702379676985
E01002735,0.10721062381369073,17.0,158.56637519004073
E01002736,0.07499750399108193,10.0,133.33777083020144
E01002737,0.07544162475574408,10.0,132.55281858492324
E01002738,0.2566061594795035,22.0,85.73449696072964
E01002739,0.11989057410612872,10.0,83.40939289478978
E01002740,0.21788847123260854,15.0,68.84255929257786
E01002741,0.10607522397789874,13.0,122.55453736028508
E01002742,0.10822899126417268,13.0,120.11569033539928
E01002743,0.09576345777029856,11.0,114.86636193092535
E01002744,0.09770199293021047,11.0,112.58726326961839
E01002745,0.10978292372210487,9.0,81.97996277437312
E01002747,0.10415007799122095,11.0,105.61681961416501
E01002748,0.1445695548509973,7.0,48.419599875054274
E01002749,0.08342253839219801,14.0,167.82035490434478
E01002751,0.07603756414171085,11.0,144.66533908818215
E01002752,0.08915514061405747,18.0,201.8952566955165
E01002753,0.0814804183369023,7.0,85.91021183834198
E01002754,0.1225184777791466,19.0,155.0786489059197
E01002755,0.10064246757159896,13.0,129.17012384212015
E01002756,0.11515573892878095,17.0,147.62616399443016
E01002757,0.0882015902397613,12.0,136.05196876133414
E01002758,0.11844337776780049,14.0,118.19993877113136
E01002759,0.10799235931215581,16.0,148.15862994298905
E01002760,0.0911533021584432,8.0,87.76423684678316
E01002762,0.16301993084597105,22.0,134.952823779484
E01002763,0.09802757200557057,15.0,153.0181732864668
E01002764,0.13032966899473755,21.0,161.1298498797533
E01002765,0.1738663872387924,16.0,92.02468777375125
E01002766,0.14065812339457262,22.0,156.40760355010454
E01002767,0.11556088397494683,14.0,121.14825984746835
E01002768,0.10413274985180214,14.0,134.44377508444057
E01002769,0.21409768848792415,9.0,42.03688542161739
E01002770,0.21147872436325743,34.0,160.77267395276195
E01002771,0.12223377340340272,16.0,130.89671990404736
E01002772,0.10598354104037411,20.0,188.7085466636849
E01002773,0.09474169765443234,9.0,94.99513121273428
E01002774,0.17730578650010262,10.0,56.39973853867546
E01002775,0.11880357862355112,7.0,58.92078404625052
E01002776,0.11310102467059714,15.0,132.62479313239632
E01002777,0.11824238415591588,14.0,118.40086023248166
E01002778,0.101789435851748,10.0,98.24202203620203
E01002779,0.11163042265139732,16.0,143.33010320999372
E01002780,0.07934833086877184,7.0,88.21861686765367
E01002781,0.0898571704172714,7.0,77.90140694942842
E01002782,0.08887010229728794,15.0,168.78567270938944
E01002783,0.09638885609332784,8.0,82.99714639474563
E01002784,0.12840254644777058,16.0,124.60812065365238
E01002785,0.14306362542224416,15.0,104.84845435538456
E01002786,0.1081932464548053,7.0,64.699047578021
E01002787,0.11023176515363861,9.0,81.64615696261416
E01002788,0.12529080067872775,14.0,111.74004734712308
E01002789,0.13485329978173063,19.0,140.89384561410665
E01002790,0.07811548233963031,19.0,243.2296317059382
E01002791,0.14425201958356096,34.0,235.6986064954522
E01002792,0.1058154194731563,25.0,236.26046302582682
E01002793,0.10497615918673343,14.0,133.36361425737203
E01002794,0.18283133851135444,31.0,169.55517720543733
E01002795,0.1769251999681201,18.0,101.73790959819966
E01002796,0.07732175232824987,10.0,129.32971251799285
E01002797,0.10714482369933867,18.0,167.9969164960332
E01002798,0.1393574174224579,28.0,200.9222079304098
E01002799,0.08493355500907904,17.0,200.15646346350124
E01002800,0.08597840642879069,13.0,151.20075539858837
E01002801,0.10469019209751247,23.0,219.69584293604998
E01002802,0.10870981305986352,13.0,119.5844205236675
E01002803,0.17742602274722186,17.0,95.81458084206639
E01002804,0.10770707174605197,16.0,148.55106299542012
E01002805,0.12837031949470318,19.0,148.0092912036725
E01002806,0.1111938294803248,10.0,89.93304796440572
E01002807,0.09098931698447354,17.0,186.83512046695424
E01002808,0.1318814454636509,14.0,106.15594900996648
E01002809,0.09051130694418591,8.0,88.38674713793743
E01002810,0.08293647387571343,11.0,132.63163341721437
E01002811,0.10256466639554826,13.0,126.749303213882
E01002812,0.09036473966302419,16.0,177.06021241985545
E01002813,0.10969348606984267,25.0,227.9077901132827
E01002814,0.14520897488709078,24.0,165.27904021539666
E01002815,0.06432854330138663,12.0,186.5423866941712
E01002816,0.05955396237196693,13.0,218.28942159723232
E01002817,0.15803083576821822,28.0,177.1806107579361
E01002818,0.18767837978916932,39.0,207.80230543236308
E01002819,0.21669286804729548,41.0,189.20788842506494
E01002820,0.16888491567533434,33.0,195.39933372995523
E01002821,0.18901206469226484,30.0,158.72002694031056
E01002822,0.11207159138892507,20.0,178.45735705307743
E01002823,0.08260895012524033,27.0,326.8410984411049
E01002824,0.15084440819801256,12.0,79.55216997005067
E01002825,0.19182193402483766,26.0,135.54237231615778
E01002826,0.22242110471249407,31.0,139.3752631526186
E01002827,0.25299447075394127,21.0,83.00576663758116
E01002828,0.09713593747798926,19.0,195.60216839730762
E01002829,0.05695187651630276,15.0,263.3802592212422
E01002830,0.07504729769940004,10.0,133.24930152788093
E01002831,0.11184432151130973,13.0,116.23299086029537
E01002832,0.07619270056550816,16.0,209.99386924530506
E01002833,0.07255840589201047,9.0,124.03800620144281
E01002834,0.06111415084443988,11.0,179.99104704897937
E01002835,0.14969500611488112,32.0,213.76798619081583
E01002836,0.07376324337383698,11.0,149.12576368491926
E01002837,0.06357812933292159,13.0,204.47282951542314
E01002838,0.0705473764711862,12.0,170.098458656378
E01002839,0.06381888008641674,9.0,141.02409800694022
E01002840,0.0902933112161416,20.0,221.50034958984457
E01002841,0.11302392698339571,15.0,132.71526127563806
E01002842,0.016901713588069318,1.0,59.165598493272654
E01002843,0.06762962788235066,14.0,207.00986296057363
E01002844,0.12347462838838322,22.0,178.1742556114452
E01002845,0.0708035239101908,9.0,127.11231733911796
E01002846,0.10339758445313776,5.0,48.357029097387844
E01002847,0.0719741906505174,8.0,111.15095463657696
E01002848,0.0814065298272172,12.0,147.40832247080942
E01002849,0.06482810872682306,10.0,154.2540758382858
E01002850,0.0757472076427253,15.0,198.02710181410347
E01002851,0.059285436917982555,12.0,202.41058553049376
E01002852,0.5133739145315882,48.0,93.49910200208767
E01002853,0.06375831626460943,9.0,141.15805634904547
E01002854,0.13134142992339537,9.0,68.52369435332957
E01002855,0.10563572436726844,12.0,113.59793357670426
E01002856,0.07615499569629566,7.0,91.91780441976303
E01002857,0.06075997016264606,9.0,148.12383837431523
E01002858,0.05755246507823491,9.0,156.37905323022565
E01002859,0.12847458515896765,32.0,249.07649991945797
E01002860,0.10805996508517772,20.0,185.08242145215485
E01002861,0.08722655369504408,23.0,263.68117305667187
E01002862,0.04387474042187445,14.0,319.09020692507795
E01002863,0.12534070363940517,19.0,151.58683052124414
E01002864,0.29822632568432567,38.0,127.42000530235961
E01002865,0.13049615929260594,22.0,168.58733712361865
E01002866,0.15577381550447578,9.0,57.77607726210832
E01002867,0.10457929033643844,14.0,133.86971698661446
E01002868,0.2480251022723647,13.0,52.414049549405135
E01002869,0.10138752404099183,14.0,138.08405060113395
E01002870,0.1272645867227744,21.0,165.01055431661558
E01002871,0.13050093549329522,31.0,237.54618986308105
E01002872,0.09720289104704474,13.0,133.74087807437945
E01002873,0.12973506851605943,19.0,146.45230636038906
E01002874,0.08263225255202382,8.0,96.81449740176622
E01002875,0.15897363994114155,27.0,169.83947785303582
E01002876,0.1275613013440943,12.0,94.07241752442002
E01002877,0.1682279053252201,23.0,136.71929134192177
E01002878,0.12068961787462441,9.0,74.57145161690245
E01002879,0.08497108126904451,11.0,129.4558082080964
E01002880,0.0644879515620863,8.0,124.05418076116025
E01002881,0.05866319474770969,13.0,221.60402371382173
E01002882,0.11819977168812155,9.0,76.14227905403351
E01002883,0.11523309262378742,22.0,190.91737884555022
E01002884,0.07691248717421209,13.0,169.023268881607
E01002885,0.053002292163982646,7.0,132.06975989534286
E01002886,0.12324121355784665,19.0,154.16920566983728
E01002887,0.07378153695882243,14.0,189.74936789150132
E01002888,0.08329556173873727,11.0,132.05985733672483
E01002889,0.11576528346656946,19.0,164.1251973912092
E01002890,0.15696647560912003,24.0,152.8988907145059
E01002891,0.09906058639451182,15.0,151.42248341093037
E01002892,0.0752827000736209,12.0,159.3991712340935
E01002893,0.10120183996826089,11.0,108.69367595934857
E01002894,0.09867041460892485,16.0,162.15600252026084
E01002895,0.10726716970007022,9.0,83.9026519033261
E01002896,0.11538710176194181,12.0,103.99775899352701
E01002897,0.1429336185810576,8.0,55.970037556022575
E01002898,0.12855214100004744,14.0,108.90522624586107
E01002899,0.0710906083117963,17.0,239.13144652581533
E01002900,0.13100332370185042,28.0,213.73503517914563
E01002901,0.3249829806090579,37.0,113.85211598052757
E01002902,0.13885465246267198,21.0,151.23728033272337
E01002903,0.10984584989500956,25.0,227.59166617487097
E01002904,0.09977231803369241,8.0,80.18256123204891
E01002905,0.16594270760681532,21.0,126.54970081455706
E01002906,0.19272060245692882,22.0,114.15489428493659
E01002907,0.051198875599860416,4.0,78.12671573613436
E01002908,0.0975947529791761,18.0,184.43614488004985
E01002909,0.09963980521275152,12.0,120.43379625620028
E01002910,0.14078283177251,25.0,177.578470934562
E01002911,0.12168591296193024,18.0,147.92180591710192
E01002912,0.11235334396368026,27.0,240.3132745984678
E01002913,0.1085800709884669,13.0,119.7273116664367
E01002914,0.17794293605389958,36.0,202.31204901045055
E01002915,0.2928757257269496,22.0,75.1171847560722
E01002916,0.43986546782851876,20.0,45.46844765681171
E01002917,0.2811964862705089,11.0,39.11855423903869
E01002918,0.43320964484383007,42.0,96.95075005807129
E01002919,0.772670012098725,53.0,68.59331819548876
E01002920,0.46320374750358817,18.0,38.859789233161514
E01002921,0.17265685371737,25.0,144.79587379093365
E01002922,0.3177667450215477,23.0,72.38013530471973
E01002923,0.11730601339664057,10.0,85.2471216985913
E01002924,0.3183813558416825,11.0,34.54976178149651
E01002925,0.23101102864148204,22.0,95.23354849929238
E01002926,0.28853029287343296,23.0,79.7143335313121
E01002927,0.21930648763375055,11.0,50.15811487697702
E01002928,0.2557273000181055,25.0,97.76038771859712
E01002929,0.6043139655527016,20.0,33.09537945512832
E01002930,0.2679811263304538,24.0,89.55854588955283
E01002931,0.3053584362740193,21.0,68.77163852501276
E01002932,0.23175515741906835,13.0,56.09368155934029
E01002933,0.16501124573273881,17.0,103.02328138007105
E01002934,0.20609945510551292,15.0,72.78039620396244
E01002935,0.19253271137297961,31.0,161.01160046484753
E01002937,0.1485301253152573,13.0,87.52433199936588
E01002938,0.23856619553407218,29.0,121.55955262261035
E01002939,0.26484628712768427,44.0,166.13410169796825
E01002940,0.22004213055948094,22.0,99.98085341231072
E01002941,0.6232990796798232,38.0,60.96591706748528
E01002942,0.2134768432528277,21.0,98.37132533915636
E01002943,0.3066659955260663,21.0,68.47841073470117
E01002944,0.29925803071006907,22.0,73.51515328694492
E01002945,0.24657211330115505,40.0,162.2243467214207
E01002946,0.47040769194603893,37.0,78.65517642140153
E01002947,0.291576555861106,28.0,96.0296684941225
E01002948,5.268067811680543,72.0,13.66725003811817
E01002949,0.3004921898361345,39.0,129.7870670824011
E01002950,0.9663055484349536,34.0,35.18555808260341
E01002951,0.22324058873795413,17.0,76.15102654990335
E01002952,1.425161603972696,46.0,32.277041334662066
E01002953,1.1626739212831643,49.0,42.14423244818464
E01002954,0.22818839562171508,31.0,135.85265769338687
E01002955,0.4899286156350159,31.0,63.274524105557035
E01002956,0.6401152747071526,29.0,45.30433993044028
E01002957,0.2324947239456133,28.0,120.43284047404855
E01002958,0.1794760554567126,16.0,89.14838226907099
E01002959,0.42459584934577327,28.0,65.94506291840352
E01002960,0.26687847062757314,28.0,104.91666837777179
E01002961,0.3428964992988232,30.0,87.489957060938
E01002962,0.24277002153982588,21.0,86.50161937953693
E01002963,0.18872238705511554,31.0,164.26244116415603
E01002964,0.3135975604270157,40.0,127.55201266723277
E01002965,0.35425828408442067,48.0,135.4943614771235
E01002966,0.4984006622755589,50.0,100.32089398058561
E01002967,0.19731440597691433,27.0,136.83744917823682
E01002968,0.5572140064361458,88.0,157.92854986333586
E01002969,0.06945669866129148,8.0,115.17967531126605
E01002970,0.28954273520405693,27.0,93.25048332147443
E01002971,0.3173760830390457,41.0,129.18427755299984
E01002972,0.16713675701426037,32.0,191.45997907132846
E01002973,0.2969072173079427,13.0,43.78472210231527
E01002974,0.205450861960122,26.0,126.55094143652997
E01002975,0.2957152278732727,22.0,74.39589823702956
E01002976,0.28224715010977125,30.0,106.28982432004162
E01002977,0.3003452906311569,25.0,83.23752953630157
E01002978,0.3623059160690418,29.0,80.0428552606734
E01002979,0.3362278741368273,15.0,44.61260101801012
E01002980,0.23107742681126472,17.0,73.56841485812872
E01002981,0.3806214921527561,33.0,86.70030642083658
E01002982,0.2581179409477069,22.0,85.23235509792426
E01002983,0.6429182907666748,33.0,51.32845102392058
E01002984,0.2728369720613756,44.0,161.26846617437923
E01002985,0.1685347595669051,18.0,106.80289363604153
E01002986,0.43649883243738136,22.0,50.40105119446349
E01002987,0.2127072399183244,38.0,178.64930227382615
E01002988,0.2847543467419316,17.0,59.70058120098455
E01002989,0.1525947548994108,23.0,150.72601948318217
E01002990,0.16784934442887775,26.0,154.90081351504412
E01002991,0.23116138224110025,31.0,134.10544486045313
E01002992,0.3302197153271546,22.0,66.62230926522423
E01002993,0.16632964607278325,37.0,222.44982102474611
E01002994,0.31733834812921974,26.0,81.93147835197288
E01002995,0.4156234852494007,36.0,86.61685702962069
E01002996,0.19714302440801107,18.0,91.30427035930445
E01002997,0.23816675718627872,24.0,100.7697307698939
E01002998,0.14589607357767906,17.0,116.52129891589396
E01002999,0.18876240457561305,33.0,174.82294779086214
E01003000,1.156064075623098,37.0,32.005146410295346
E01003001,0.3679623482028311,36.0,97.83609702413303
E01003002,0.3054085562079059,29.0,94.95477258423088
E01003003,0.22799285324359236,19.0,83.3359455337839
E01003004,0.30972774976973194,38.0,122.68839336562907
E01003005,0.22919058160461597,26.0,113.44270701687661
E01003006,0.3232487367653868,28.0,86.62060146060938
E01003007,0.20101659857046383,36.0,179.0896883939694
E01003008,0.20023896609773675,35.0,174.79115419980985
E01003009,0.29945098501668416,29.0,96.84389583284971
E01003010,0.3044069199416931,22.0,72.27168161687631
E01003011,0.2503962125741745,26.0,103.83543637784881
E01003013,0.3437312860656119,50.0,145.46246450913966
E01003014,0.1875360675961069,24.0,127.97538258980867
E01003015,0.09411448369685742,19.0,201.88178539234158
E01003016,0.16113616332018335,23.0,142.73642567930685
E01003017,0.13126185521548256,34.0,259.0242225678191
E01003018,0.1524057755953888,27.0,177.15864044208124
E01003019,0.1494749052796843,25.0,167.2521548230601
E01003020,0.1440203936112499,13.0,90.2649942416525
E01003021,0.16178786335206438,10.0,61.80933348652448
E01003022,0.11474231756156296,27.0,235.30987149107938
E01003023,0.12545271924518395,26.0,207.24939368740007
E01003024,0.12639353507804202,16.0,126.58875305703538
E01003025,0.15507711498895704,28.0,180.5553321132771
E01003026,0.3465144800953233,24.0,69.26117486749123
E01003027,0.12323606396587496,7.0,56.80155446978861
E01003028,0.13785840160686502,20.0,145.07639553978441
E01003029,0.14880563779044695,19.0,127.68333432874655
E01003030,0.1653024806283185,19.0,114.94080383900209
E01003031,0.09037343183712655,19.0,210.2387794041319
E01003032,0.18227583883781456,28.0,153.61333777711397
E01003033,0.14877053178701358,13.0,87.38289662506128
E01003034,0.11175031688067681,20.0,178.97040973365043
E01003035,0.11562922725452517,17.0,147.0216519096793
E01003036,0.113683349398804,15.0,131.94544389591854
E01003037,0.11502675311802853,18.0,156.4853350379304
E01003038,0.1309183325498995,17.0,129.85194410049832
E01003039,0.18487282176078315,32.0,173.0919650342467
E01003040,0.15491167450107166,11.0,71.00820538818657
E01003041,0.09782513938180644,17.0,173.77946106112748
E01003042,0.09362872461987364,19.0,202.92917667242324
E01003043,0.10254074893481804,18.0,175.53997008001218
E01003044,0.06657701691763496,6.0,90.12119013116546
E01003045,0.11447217897798276,37.0,323.2226409101243
E01003046,0.09501591893642897,10.0,105.24552213919614
E01003047,0.1824669990707656,22.0,120.56974747235147
E01003048,0.12382914343261626,17.0,137.28593712877324
E01003049,0.11707176309293808,18.0,153.75184864782977
E01003050,0.09817782202434391,11.0,112.04159730975158
E01003051,0.17965174486988947,14.0,77.92855009640638
E01003052,0.12628374011462049,17.0,134.61748903358483
E01003053,0.11561252481003172,13.0,112.44456447396942
E01003054,0.0894754008629298,11.0,122.93881775228087
E01003055,0.13573995363757893,19.0,139.97352651769248
E01003056,0.08524850204918542,13.0,152.49534815872133
E01003057,0.0963091420682998,16.0,166.13168445268923
E01003058,0.08883341501326182,12.0,135.08430356086768
E01003059,0.07555828128884462,2.0,26.46963331993205
E01003060,0.08540062945500879,11.0,128.80467123248874
E01003061,0.07985635743420386,16.0,200.3597523613934
E01003062,0.13376169877929558,24.0,179.42355860476601
E01003063,0.12121642276332223,11.0,90.74677959667021
E01003064,0.15450101704291916,12.0,77.66939163038968
E01003065,0.12766536799247016,16.0,125.32764563795952
E01003066,0.3383086935111221,22.0,65.02936643949039
E01003067,0.14963062628637028,27.0,180.4443426463116
E01003068,0.17636963576786155,15.0,85.04865327126413
E01003069,0.2384086600988962,24.0,100.66748410080561
E01003070,0.1264074089751425,13.0,102.84207314585807
E01003071,0.17342265621069966,13.0,74.96137058473873
E01003072,0.21174122110812166,30.0,141.68237928825897
E01003073,0.17339257243531642,20.0,115.34519454379132
E01003074,0.7102376490009938,29.0,40.83140346163122
E01003075,0.07905762607285279,13.0,164.4370144383074
E01003076,0.3796456627038926,31.0,81.65508800815321
E01003077,0.10293248428974827,15.0,145.72659062396642
E01003078,0.2004984203351344,13.0,64.83841607465244
E01003079,0.22139873392460102,25.0,112.91844156847769
E01003080,0.1284282867037335,20.0,155.7289325687048
E01003081,0.20912770381019363,36.0,172.14362011392788
E01003082,0.12621589872412364,14.0,110.92104989562762
E01003083,0.1453140517423639,25.0,172.0411735839836
E01003084,0.14367143244487615,19.0,132.2461931135121
E01003085,0.22214915766518142,31.0,139.5458813610383
E01003086,0.14480297184974064,20.0,138.11871223716065
E01003087,0.133531038225787,35.0,262.11134478576184
E01003088,0.09346777158852186,13.0,139.0853743387677
E01003089,0.1327962024659067,23.0,173.19772382726742
E01003090,0.13844821109673983,18.0,130.0125141192515
E01003091,0.0790396412714641,13.0,164.47443068916644
E01003092,0.15951365854056357,11.0,68.95961198960747
E01003093,0.07407112069640727,17.0,229.50915066719875
E01003094,0.0790289966765248,9.0,113.88225054707557
E01003095,0.15601573902950253,11.0,70.50570710638306
E01003096,0.14495497010079572,18.0,124.17649417252503
E01003097,0.09894443146897514,8.0,80.85346371926416
E01003098,0.08088268595389535,12.0,148.36302551624246
E01003099,0.2990143895226847,20.0,66.8864131653527
E01003100,0.10541814681749485,16.0,151.77652503890053
E01003101,0.11647866294333341,19.0,163.12000429849934
E01003102,0.1688427397857441,28.0,165.83478825048138
E01003104,0.08182763157418159,10.0,122.20810755025225
E01003105,0.09791895663096416,20.0,204.2505423681726
E01003106,0.12050619130623673,17.0,141.07158989697632
E01003107,0.12607585840897756,28.0,222.0885136405003
E01003108,0.07704450098342214,2.0,25.959023349769573
E01003109,0.2637268245391814,45.0,170.63110693661895
E01003110,0.15252661383363655,24.0,157.3495890112477
E01003111,0.07341859390392354,3.0,40.861583428386496
E01003112,0.14705444156296854,21.0,142.80425519148855
E01003113,0.16065082064663957,11.0,68.47148340558503
E01003114,0.2012027726309587,13.0,64.61143566765995
E01003115,0.10804836182471746,17.0,157.33695275804757
E01003116,0.2807325026760924,26.0,92.61485489622359
E01003117,0.1663829051351885,22.0,132.22512241942576
E01003118,0.215600618733136,18.0,83.48770103614528
E01003119,0.16981974647050035,18.0,105.9947407419243
E01003120,0.14653661606387017,17.0,116.01195971790625
E01003121,0.0615651090387552,11.0,178.67263084152918
E01003122,0.0986844550652202,18.0,182.39954801497223
E01003123,0.1449627314783151,27.0,186.25476855090108
E01003124,0.07990345993344797,9.0,112.63592349437872
E01003125,0.07261926503872125,8.0,110.1636045990596
E01003126,0.09882680468058737,17.0,172.0181083962469
E01003127,0.13549177611690272,21.0,154.9909566605809
E01003128,0.08679740420797094,8.0,92.16865496151934
E01003129,0.08520335923361697,12.0,140.83951745491044
E01003130,0.14950608317400793,13.0,86.9529836111718
E01003131,0.18373740813522976,22.0,119.73609633052033
E01003132,0.14323512390432871,18.0,125.66750046603633
E01003133,0.17172702047319666,16.0,93.1711268029442
E01003134,0.15769625509018192,16.0,101.4608748371993
E01003135,0.1022250573336579,9.0,88.04103646158312
E01003136,0.11456672518540179,16.0,139.65660600062904
E01003137,0.11221208654576316,17.0,151.4988315725413
E01003138,0.13546483736740456,14.0,103.34785226980732
E01003139,0.13054685622127396,13.0,99.58110349256741
E01003140,0.14255890802881216,12.0,84.17572893848707
E01003141,0.16648413297198608,17.0,102.11183310099919
E01003142,0.13043751057875846,15.0,114.99759489002948
E01003143,0.1601706641429004,15.0,93.65010802862977
E01003144,0.5056452908725021,33.0,65.26314116968788
E01003145,0.16461816244491131,14.0,85.04529386108919
E01003146,0.12522438894390814,12.0,95.82797808959698
E01003147,0.17728893867969478,20.0,112.81019644510194
E01003148,0.19077280734686827,13.0,68.14388371589588
E01003149,0.26989864992722834,24.0,88.92226769741538
E01003150,0.1642369192373228,20.0,121.77529932292472
E01003151,0.1329457431922594,20.0,150.43731013694068
E01003152,0.22268979663334373,19.0,85.32047847384445
E01003153,0.12285049310388238,17.0,138.37958294253488
E01003154,0.18524016583594075,16.0,86.37435584121918
E01003155,0.16325587000543929,20.0,122.50708044576682
E01003156,0.11652322049959739,19.0,163.0576285013136
E01003157,0.16571735099652216,24.0,144.8249073236977
E01003158,0.12400507374870454,12.0,96.77023396895775
E01003159,0.14190675162900152,24.0,169.12514538240697
E01003160,0.10186150559941123,8.0,78.5380105362024
E01003161,0.12129161010379408,14.0,115.42430666077927
E01003162,0.10984116236502073,18.0,163.87299271454322
E01003163,0.2007634464749415,23.0,114.56268759995994
E01003164,0.17936311036745273,34.0,189.55960303289683
E01003165,0.18136156791178032,29.0,159.90157305050684
E01003166,0.2344637609752661,36.0,153.54185162882246
E01003167,0.2001421171627513,19.0,94.93254228219044
E01003168,0.20161546364108235,18.0,89.27886618877488
E01003169,0.19298635828319116,16.0,82.90741450502607
E01003170,0.3246062863201661,31.0,95.50030700706776
E01003171,0.10835229701387579,17.0,156.8956124467112
E01003172,0.12429425962320978,18.0,144.8176291854979
E01003173,0.12538470361609502,9.0,71.77909059430687
E01003174,0.15263412680356,19.0,124.4806806832458
E01003175,0.12134252114477075,15.0,123.61701288622372
E01003176,0.12695844841865517,22.0,173.28504147635235
E01003177,0.09758747075444872,21.0,215.1915593021215
E01003178,0.10533506952284072,11.0,104.42865846891357
E01003179,0.07383142454446846,9.0,121.89931395105786
E01003180,0.14100291761043507,19.0,134.74898478692106
E01003181,0.08192220743173627,13.0,158.6871302367258
E01003182,0.18146060462273986,16.0,88.17340840048622
E01003183,0.15171754612171057,15.0,98.86793178138228
E01003184,0.05591825491822869,13.0,232.48221925041074
E01003185,0.08642833415726502,11.0,127.27307667395738
E01003186,0.20890887121598753,28.0,134.029731897078
E01003187,0.14190728863285115,22.0,155.03079659931618
E01003188,0.08255068828137567,14.0,169.59277131985527
E01003189,0.1885634755146575,27.0,143.1878571728024
E01003190,0.3289339998616188,41.0,124.64506562790265
E01003191,0.1971509344878164,17.0,86.22835110655066
E01003192,1.0180741342544002,41.0,40.27211636216147
E01003193,0.34606069699182734,26.0,75.13132876980255
E01003194,0.33411659457088805,17.0,50.88044196617473
E01003195,0.19606376924260474,19.0,96.9072464198617
E01003196,0.26732060822356124,25.0,93.52066107485587
E01003197,0.21146047476664734,23.0,108.76737142192249
E01003198,0.16853855387277142,23.0,136.46729173529363
E01003199,0.31672057648645974,31.0,97.8780739284405
E01003200,0.7468955368983607,67.0,89.70464635286409
E01003201,0.1564883086878218,20.0,127.80507481806809
E01003202,0.22717141183404396,31.0,136.4608325921155
E01003203,0.14522941151152846,23.0,158.37012462296067
E01003204,0.2553535443032244,18.0,70.49050385854665
E01003205,0.08941387049184539,14.0,156.5752597778083
E01003206,0.2063341350440286,19.0,92.08364866989017
E01003207,0.12131655574514472,22.0,181.34375695775947
E01003209,0.12622286726397783,18.0,142.6049050395557
E01003210,0.1927600356374048,29.0,150.44612283923334
E01003211,0.20240190981053222,21.0,103.75396170746626
E01003212,0.22453378253100478,16.0,71.25876480431464
E01003213,0.2166554119566944,22.0,101.54373620907938
E01003214,0.15757690933865826,16.0,101.53771937240762
E01003215,0.20897497811422602,23.0,110.0610236093824
E01003216,0.21392335317363328,12.0,56.09485744298364
E01003217,0.16139586539261289,11.0,68.15540146112981
E01003218,0.14104830084422987,9.0,63.80792924219179
E01003219,0.2097721501256023,18.0,85.80738667750889
E01003220,0.18134066866544638,17.0,93.74620775973388
E01003221,0.33033164632500345,22.0,66.59973467499647
E01003222,0.18307726112529382,6.0,32.77304872883006
E01003223,0.29725091387004,10.0,33.64161229920411
E01003224,0.15187326630348275,9.0,59.25993572835677
E01003225,0.2140863415985053,14.0,65.39417645921297
E01003226,0.17594658465355043,20.0,113.67086232097782
E01003227,0.24511450681390126,16.0,65.2756142750364
E01003228,0.1438551859792961,18.0,125.125833159679
E01003229,0.21154586287500948,15.0,70.9066100189473
E01003230,0.2135143585388624,22.0,103.0375668903584
E01003231,0.1751424471350648,15.0,85.64457243441639
E01003232,0.20335519032690821,24.0,118.02010050207353
E01003233,0.13990549692621776,26.0,185.8397316133452
E01003235,0.4892912807601305,24.0,49.05053685550086
E01003236,0.17920735777989025,16.0,89.28204845055441
E01003237,0.26508720173157085,16.0,60.35749706318041
E01003238,0.1256772516501012,12.0,95.48267361391123
E01003239,0.21762272153625892,18.0,82.71195155052297
E01003240,0.21683020001520015,20.0,92.23807384118065
E01003241,0.2825623095815337,32.0,113.2493574510735
E01003243,0.23895053342871245,24.0,100.43919825422806
E01003244,0.06684601719629513,13.0,194.47680722435788
E01003245,0.10944328487698822,15.0,137.05728968990343
E01003246,0.23924261007259728,19.0,79.41729106798543
E01003247,0.20044981309171542,15.0,74.83169861144634
E01003248,0.2556830423509552,21.0,82.13294009219047
E01003249,0.11296198088080606,21.0,185.9032555578017
E01003250,0.1910136674920424,27.0,141.35114180311112
E01003251,0.2261076346706729,14.0,61.917413891800166
E01003252,0.07256243647562537,6.0,82.68741088945484
E01003253,0.1433860744445345,28.0,195.27698284836674
E01003254,0.3205700430078921,23.0,71.74719067381403
E01003255,0.1843797881850003,37.0,200.6727546669892
E01003256,0.2225692559914398,20.0,89.85967046935366
E01003257,0.21809138846054757,25.0,114.63084432846584
E01003258,0.1208306812061192,22.0,182.0729617709534
E01003259,0.20832120400162196,25.0,120.0069869018487
E01003260,0.2122673085287507,18.0,84.79873855639893
E01003261,0.1815513700340563,22.0,121.17782419308172
E01003262,0.16060751753525881,18.0,112.07445502075198
E01003263,0.353786638310828,31.0,87.62343357004958
E01003264,0.22451213358571678,32.0,142.53127209172717
E01003265,0.23283389201768437,18.0,77.3083327518008
E01003266,0.1715570712532886,18.0,104.92135280990324
E01003267,0.32977768470676133,64.0,194.07013563367354
E01003268,0.29608619924304935,29.0,97.94445021125306
E01003269,0.20722534150468971,21.0,101.33895713485771
E01003270,0.2796839687090607,16.0,57.2074262026934
E01003271,0.2999201721115175,34.0,113.36349856240409
E01003272,0.15110578975930053,15.0,99.2682015950137
E01003273,0.18312052363701461,13.0,70.99149642979874
E01003274,0.14936916551148893,14.0,93.72751030682548
E01003275,0.1941999337405096,13.0,66.94132047115232
E01003276,0.4619177246777698,31.0,67.11151866195513
E01003277,0.13475778173795805,10.0,74.20721735717945
E01003278,0.14782887449144472,20.0,135.29156647375717
E01003279,0.18044840697426792,14.0,77.58450315383726
E01003280,0.20155414788093673,12.0,59.5373507623803
E01003281,0.3519603358172928,29.0,82.3956481705776
E01003282,0.21627118397749096,18.0,83.22884107331377
E01003283,0.23016969413368427,20.0,86.89241246670751
E01003284,0.16066351289284728,21.0,130.70795989631893
E01003285,0.21903358417858215,26.0,118.7032577561335
E01003286,0.1898168717558059,25.0,131.70588983344854
E01003287,0.2452475815562556,18.0,73.39521917312408
E01003288,0.17075141946283695,23.0,134.69873382227323
E01003290,0.14438352850070502,17.0,117.74196251144389
E01003291,0.2795995348015153,29.0,103.71977199671234
E01003292,0.13178469704880766,21.0,159.35082350435923
E01003293,0.1121556886398978,10.0,89.16177254376592
E01003295,0.1827942697692543,21.0,114.88325113532724
E01003296,0.3634385542044867,40.0,110.05986992093916
E01003297,0.37059118040025407,15.0,40.475868809935974
E01003298,0.1375237021060357,7.0,50.90031676578012
E01003299,0.15269729748513203,22.0,144.07589631468178
E01003300,0.11540865412605121,16.0,138.63778345880837
E01003301,0.21658380958715046,17.0,78.49155498929123
E01003302,0.12404931968262108,15.0,120.91964743037163
E01003303,0.22682275848152822,38.0,167.5316897404482
E01003304,0.17293862098409415,27.0,156.12475597618703
E01003305,0.11234198377935484,12.0,106.81670018902807
E01003307,0.14412125291826228,17.0,117.95623237914448
E01003308,0.15975731138183333,16.0,100.1519108052505
E01003309,0.15983144559650872,23.0,143.9015952972298
E01003310,0.15892266580634343,17.0,106.97026703991673
E01003311,0.1876522583093153,29.0,154.54117238598883
E01003312,0.19903484530702695,25.0,125.60614681030113
E01003313,0.23406095198405663,16.0,68.35826251398764
E01003314,0.15161927714141063,15.0,98.93201103979649
E01003315,0.14507591780463977,16.0,110.28708445977719
E01003316,0.14510264816376015,21.0,144.72513262679942
E01003317,0.4003610168881345,35.0,87.42109876741422
E01003318,0.3477214386836579,47.0,135.16566645394158
E01003319,0.1336378662117267,15.0,112.2436359185429
E01003320,0.183497163808393,10.0,54.49675511302158
E01003321,0.1642422567746473,17.0,103.5056405936097
E01003322,0.14887263071889756,15.0,100.75727101459714
E01003323,0.17265833758674257,8.0,46.33428140115646
E01003324,0.09366531775693156,15.0,160.1446550250981
E01003325,0.13409921651302292,10.0,74.57165119998191
E01003326,0.13806802168062893,23.0,166.58455535201546
E01003327,0.20554557120973715,22.0,107.03222584908612
E01003328,0.19187198778789422,18.0,93.81254766536418
E01003329,0.1758503977870713,22.0,125.10634196368855
E01003330,0.26174821527128284,21.0,80.22977340355517
E01003331,0.15540422839566356,26.0,167.30561496565758
E01003332,0.20144080312595763,24.0,119.14170132152022
E01003333,0.12259588868176724,17.0,138.66696659076695
E01003334,0.17067076720544008,20.0,117.18468445111968
E01003335,0.11760190330371438,14.0,119.0456923460168
E01003336,0.12780198401546505,14.0,109.54446527454448
E01003337,0.1306146795714205,11.0,84.21718015229035
E01003338,0.13945749969714255,22.0,157.75415483410373
E01003339,0.1494298720580253,16.0,107.07363781846122
E01003340,0.1776219388259179,12.0,67.55922201570411
E01003341,0.17932227895485878,7.0,39.03586347886046
E01003342,0.16782495785979798,16.0,95.33742897386276
E01003343,0.12888437815602663,14.0,108.62449119358504
E01003344,0.1856596959478189,11.0,59.24818493234868
E01003345,0.15557574996412066,18.0,115.6992654970406
E01003346,0.34677570534571334,68.0,196.09216837208456
E01003347,0.14210505343979596,16.0,112.59275875631361
E01003348,0.3259849177410578,42.0,128.84031657367103
E01003349,0.1382679893064866,11.0,79.55565171065922
E01003350,0.24246076267788946,26.0,107.23384564512466
E01003351,0.18213848127739682,19.0,104.31623162083476
E01003352,0.2208119007661938,16.0,72.4598626454539
E01003353,0.2558611313610586,46.0,179.78502539757426
E01003354,0.3644832768737749,76.0,208.5143676600552
E01003355,0.14611601823769083,24.0,164.25303871173494
E01003356,0.4521030262120729,27.0,59.720900844699976
E01003357,0.3315191298433741,46.0,138.75519045230558
E01003358,0.15411548796157823,17.0,110.30688884583869
E01003359,0.16816370876262388,23.0,136.77148398568139
E01003360,0.13823673530969888,16.0,115.74347415073407
E01003361,0.21173264422229773,41.0,193.64042871421458
E01003362,0.42483751859087016,34.0,80.03059643313402
E01003363,0.4614256757303472,50.0,108.35981313969951
E01003364,0.22023621962483422,41.0,186.16374758812273
E01003365,0.334069847385602,34.0,101.77512357394922
E01003366,0.5624558814523595,25.0,44.4479306278132
E01003367,0.4633352202507278,41.0,88.48884826371149
E01003368,0.15320785644006413,21.0,137.0686888254672
E01003369,0.09255908541248564,16.0,172.86255507708051
E01003370,0.15221670926937095,23.0,151.10036283400368
E01003371,0.12458117019819326,13.0,104.34963790529986
E01003372,0.1276373373090187,13.0,101.85107488200035
E01003373,0.16826698045970126,16.0,95.08698590946598
E01003374,0.3363447517998004,30.0,89.19419684555281
E01003375,1.8244923612629909,70.0,38.36683643418657
E01003376,0.1979650200368064,24.0,121.23353911482862
E01003377,0.11151175042369231,13.0,116.57964250947637
E01003378,0.22375395539579715,27.0,120.66825791856884
E01003379,0.1347783347558873,17.0,126.13303192082522
E01003380,0.23044942142878588,16.0,69.42955161614222
E01003381,0.15710644247130667,17.0,108.20689293569113
E01003382,0.16392735094892658,12.0,73.20315939064211
E01003383,0.25230258366550273,35.0,138.7223209985128
E01003384,0.1516904748075633,12.0,79.10846093153422
E01003385,0.19829782446717445,15.0,75.64379508602752
E01003386,0.15927199023794109,42.0,263.6998504084426
E01003387,0.23040969087441668,29.0,125.86276163100389
E01003388,0.1455554108103239,18.0,123.66424511319715
E01003389,0.1862710970506579,32.0,171.79262111339446
E01003390,0.09310095281984308,14.0,150.37440086237342
E01003391,0.08711489049935715,13.0,149.22821948672404
E01003392,0.2433938452183043,31.0,127.36558712976307
E01003393,0.07589364556136269,13.0,171.29233816405673
E01003394,0.15786697758825038,32.0,202.70230347642809
E01003395,0.21701438273470197,39.0,179.71159104084418
E01003396,0.09828160549754508,13.0,132.27297146997378
E01003397,0.12749761742798,20.0,156.8656764217376
E01003398,0.20878023741884608,25.0,119.74313425961893
E01003399,0.12896078310270484,19.0,147.3316115401403
E01003400,0.17785422196549777,22.0,123.69681055009093
E01003401,0.1788966907487666,20.0,111.79636647436358
E01003402,0.23109748645359635,17.0,73.56202899858691
E01003403,0.24921824218112368,19.0,76.23839986075907
E01003404,0.21375197725049883,41.0,191.81109118794978
E01003405,0.2785318325666135,27.0,96.93685547967914
E01003406,0.18924323303111223,16.0,84.54727677036433
E01003407,0.19731833665960136,14.0,70.95133801047461
E01003408,0.16163769347884824,23.0,142.29354245895473
E01003409,0.22753624030985897,24.0,105.4777031004678
E01003410,0.12640292248670965,9.0,71.20088541422992
E01003411,0.21090136671645368,31.0,146.9881418154959
E01003412,0.20990153495664463,21.0,100.0469101111508
E01003413,0.3005724050897984,20.0,66.53970777531903
E01003414,0.22561461577319772,33.0,146.267119649614
E01003415,0.21687080620671917,23.0,106.05392400338394
E01003416,0.3205358843733074,24.0,74.87461207946613
E01003417,0.29636911310714203,42.0,141.71517254166884
E01003418,0.15349125031100158,28.0,182.42082166421105
E01003419,0.6028006351211715,91.0,150.96201745326246
E01003420,0.19260031165792713,26.0,134.9945894489412
E01003421,0.27045374894311536,40.0,147.8995952406384
E01003422,0.2906744695210434,47.0,161.6929071116699
E01003423,0.20364770681606784,15.0,73.65661138304797
E01003424,0.2986514527504857,21.0,70.31608186264162
E01003425,0.272435290171006,32.0,117.45908534798775
E01003426,0.3952434484618338,50.0,126.50431068392065
E01003427,0.3450291448712512,44.0,127.5254588026723
E01003428,0.30421450890401286,29.0,95.32747173853635
E01003429,0.1465584239645592,34.0,231.98939426519686
E01003430,0.11833029997640965,33.0,278.88038825709805
E01003431,0.12803100484624827,29.0,226.50763410648804
E01003432,0.49497227498209917,30.0,60.60945534996876
E01003433,0.2750898795104519,43.0,156.3125480171154
E01003434,0.183175362533412,44.0,240.20697648120776
E01003435,0.8076230113287115,40.0,49.52805880826934
E01003436,0.2151947345376654,19.0,88.29212313591457
E01003437,0.38861278308690167,32.0,82.34417752759346
E01003438,0.19308525267272608,15.0,77.68589155498357
E01003439,0.36894422292530965,35.0,94.86528809826498
E01003440,0.4532557066598809,28.0,61.77528399220124
E01003441,0.2184931932818657,25.0,114.42004038885054
E01003442,0.2562681787271568,32.0,124.86919038851761
E01003443,0.21944055893566017,19.0,86.58381154402176
E01003444,0.2659255786197993,33.0,124.09486959199572
E01003445,0.47981537562846405,24.0,50.01923910538446
E01003446,0.23746311282446855,30.0,126.33541118521359
E01003447,0.39749675218658487,21.0,52.83062033710053
E01003448,0.19993593378491525,29.0,145.04646288944377
E01003449,0.3032097882209995,35.0,115.43162971536285
E01003450,0.22772949160681014,30.0,131.73524337285644
E01003451,0.5752329977123,40.0,69.53704004999693
E01003452,0.33493918106084186,33.0,98.5253498724162
E01003453,0.20147572256043123,18.0,89.3407889111852
E01003454,0.15535659706977412,17.0,109.42567178119202
E01003455,0.21530765099473362,20.0,92.89033579438009
E01003456,0.23702207083547192,37.0,156.10360617296027
E01003457,0.14166097125681026,8.0,56.472858607591995
E01003458,0.13542477342819584,13.0,95.99425327370244
E01003459,0.1873115434340122,24.0,128.12878245517706
E01003460,3.560017192699238,78.0,21.910006547148072
E01003461,0.27299145195248625,39.0,142.86161607282813
E01003462,0.43971190714390906,31.0,70.50070624959062
E01003463,0.5425444311399023,23.0,42.392841359879604
E01003464,0.7886992313709971,61.0,77.34253765400989
E01003465,0.6157680809441951,33.0,53.5916053807126
E01003466,0.23640546424222258,14.0,59.22028936545861
E01003467,0.3934826242411018,21.0,53.36957391829454
E01003468,0.4693522947054047,12.0,25.567148888729655
E01003469,0.29811906980671665,36.0,120.75711903750518
E01003470,0.25632194281658827,26.0,101.43493652669588
E01003471,0.31484843153825054,30.0,95.28394298624714
E01003472,0.08970143458501557,4.0,44.59237489907649
E01003473,0.20659438890471127,16.0,77.44644026793861
E01003474,0.6044618934730853,13.0,21.50673208745267
E01003475,0.7167127216226039,32.0,44.648293569498115
E01003476,0.17185716868777987,12.0,69.82542591400946
E01003477,0.1840226710777202,20.0,108.68226117396804
E01003478,0.3332572283254677,30.0,90.0205530446926
E01003479,0.2991169072975925,15.0,50.14761664768233
E01003480,0.288479336203569,44.0,152.52392278437182
E01003481,0.5216146378843031,44.0,84.35346097353855
E01003482,3.591481153256172,215.0,59.863880896346316
E01003483,0.24458520845706447,20.0,81.77109370663715
E01003484,0.09974040035390426,16.0,160.41644051184815
E01003485,0.15254924621369725,24.0,157.3262444468576
E01003486,0.21908314718514088,23.0,104.98297242627869
E01003487,0.1245603756432691,24.0,192.6776462904549
E01003488,0.12828520461244608,12.0,93.54157430899693
E01003489,0.12221035036194074,14.0,114.55658181600255
E01003490,0.10082901127844075,10.0,99.1778048123953
E01003491,0.10303450961016122,19.0,184.4042357447803
E01003492,0.0970562646079136,14.0,144.24622724310464
E01003493,0.13967794536576109,19.0,136.02720136129253
E01003494,0.10467811147283443,11.0,105.08405095610335
E01003495,0.11829881225292886,11.0,92.98487271775343
E01003496,0.18811399572260382,7.0,37.211478992356966
E01003497,0.6808271029448058,55.0,80.78409299821722
E01003498,0.2345114485435256,19.0,81.01949869826325
E01003499,0.16969796684433902,36.0,212.14161058878312
E01003500,0.7325044894113882,45.0,61.433070582489165
E01003501,0.1577205932208453,18.0,114.1258705183529
E01003502,0.15461754232251668,29.0,187.5595716009307
E01003503,0.1473236971343197,23.0,156.11880808984972
E01003506,0.10633538819782445,11.0,103.44627678920772
E01003507,0.1453480423931027,22.0,151.36082769178032
E01003508,0.13193501981015798,14.0,106.1128426716779
E01003509,0.10248244323932212,19.0,185.39760957523475
E01003511,0.09127217760092166,19.0,208.16858433109346
E01003512,0.13039046926225512,13.0,99.70053849452006
E01003513,0.35454806532586075,24.0,67.691809227451
E01003514,0.17688800246846884,12.0,67.83953593539539
E01003515,0.745198739157178,34.0,45.6254126764279
E01003516,0.13569122740896622,21.0,154.76313687330062
E01003517,0.2749276623405187,29.0,105.48229215320396
E01003518,0.17998563364873155,24.0,133.34397592443145
E01003519,0.06252266677610528,9.0,143.94779468107384
E01003520,0.13282275971341828,19.0,143.04777314516636
E01003521,0.1346904687922145,22.0,163.3374669883966
E01003522,0.07715317625338959,4.0,51.8449167518786
E01003523,0.20637696811165968,25.0,121.13754857796836
E01003524,0.08847538588844177,16.0,180.84125702683377
E01003525,0.12930228180588352,14.0,108.2734179511051
E01003526,0.1072462262677423,12.0,111.89204895696531
E01003527,0.16521194689560123,21.0,127.10945179569896
E01003528,0.08536187803476673,7.0,82.00381904846324
E01003529,0.11727130511038782,6.0,51.16341115460583
E01003530,0.11905551316731151,11.0,92.39387330632427
E01003531,0.223966123339382,17.0,75.90433654218069
E01003532,0.11111623816399555,6.0,53.99750836727076
E01003533,0.11306543161504853,5.0,44.222181161642695
E01003534,0.1378433764933678,9.0,65.29149407794016
E01003535,0.49620372114480327,50.0,100.76506456792349
E01003536,0.17503931902250824,13.0,74.26902751106073
E01003537,0.19411092407180064,12.0,61.82032287663141
E01003538,0.17211167161033952,21.0,122.01380535971992
E01003539,0.25377737825186764,16.0,63.047384720478924
E01003540,0.2087699339503698,17.0,81.4293498988286
E01003541,0.15251342151734743,7.0,45.89759989879838
E01003542,0.13505807392154648,20.0,148.08444559647538
E01003543,0.16705576068687913,21.0,125.70653004514665
E01003544,0.15165759669006898,20.0,131.87601832351643
E01003545,0.17088783717383088,18.0,105.3322477344599
E01003546,0.1132241654606221,13.0,114.81647885955257
E01003547,0.1776784832457825,12.0,67.53772196152985
E01003548,0.2288333838514469,17.0,74.28985978302882
E01003549,0.11932676401532147,19.0,159.22664254567746
E01003550,0.11435618233648913,16.0,139.91372983159363
E01003551,0.09499770212107979,15.0,157.8985561238279
E01003552,0.1080601772507587,11.0,101.79513193351502
E01003553,0.10383738409293772,11.0,105.93487207030037
E01003554,0.09966657177301581,18.0,180.6021786421413
E01003555,0.16721443072723716,5.0,29.901725456674725
E01003556,0.13867081008883092,14.0,100.95852177564811
E01003557,0.17702004372237784,15.0,84.73616707227029
E01003558,0.14969154857318154,15.0,100.2060580104612
E01003559,0.15542486647596981,17.0,109.37760723525128
E01003560,0.07816944929632064,6.0,76.75632941017041
E01003561,0.07982999169992332,2.0,25.053240735861447
E01003562,0.1024710775648864,12.0,117.10621460383688
E01003563,0.08962005113642439,2.0,22.316434488030964
E01003564,0.10990670771251493,14.0,127.3807603865277
E01003565,0.08861316484860916,11.0,124.13505395945297
E01003566,0.09909862474071095,20.0,201.8191478673846
E01003567,0.098704446427912,13.0,131.70632601130532
E01003568,0.10834609663409432,10.0,92.29681835029028
E01003569,0.10433941272129914,14.0,134.17748514068583
E01003570,0.09977014054947514,9.0,90.2073501193173
E01003571,0.1075998799082955,15.0,139.40536005043964
E01003572,0.09250576936852373,10.0,108.10136565820108
E01003573,0.09852151508603982,19.0,192.85127703737717
E01003574,0.1907548868121842,12.0,62.90795586178145
E01003575,0.1465509229813973,17.0,116.00063414242656
E01003576,0.14452698693747992,22.0,152.22070608527147
E01003577,0.174605207829143,18.0,103.08970862778388
E01003578,0.8272671927055424,87.0,105.1655387366084
E01003579,0.09740233060206928,7.0,71.866863520936
E01003580,0.22549815999023984,11.0,48.780885841712006
E01003581,0.1028256895258443,7.0,68.07637305695494
E01003582,0.08436567705450725,9.0,106.67845401377211
E01003583,0.09904115298517858,7.0,70.6776909296234
E01003584,0.3268600152380258,27.0,82.60416918948644
E01003585,0.0734059851335256,2.0,27.245734749857206
E01003586,0.15099627421189174,9.0,59.60411968424055
E01003587,0.16143103987816013,18.0,111.50271975938132
E01003588,0.07430277654860888,1.0,13.458447267388452
E01003589,0.13530021312276702,8.0,59.12777086863167
E01003590,0.259007476787318,22.0,84.93963291285652
E01003591,0.16823493883326976,16.0,95.10509595071031
E01003592,0.14439605654821194,14.0,96.95555636815874
E01003593,0.10833899339599327,14.0,129.22401769811685
E01003594,0.11612823924500977,17.0,146.38988854496492
E01003595,0.0901926613995894,20.0,221.7475312253182
E01003596,0.1108774721395997,17.0,153.32239878806254
E01003597,0.09012658181436463,3.0,33.28651702534503
E01003598,0.0723178463548877,16.0,221.24552660878044
E01003599,0.13405641555048942,12.0,89.51455214376116
E01003600,0.11467852182835792,14.0,122.08040160261339
E01003601,0.3621937678723073,38.0,104.91621714870874
E01003602,0.11729005818417462,5.0,42.62935902162103
E01003603,0.20212413040852753,26.0,128.63382490477284
E01003604,0.2153979789748498,29.0,134.63450371271165
E01003605,0.10659197182734453,20.0,187.6313915310206
E01003606,0.16472103016515363,25.0,151.77175601035486
E01003607,0.12630844101998373,16.0,126.67403596144916
E01003608,0.09279740928828217,8.0,86.2093032699587
E01003609,0.9494517378085754,46.0,48.449013433976496
E01003611,0.14818340784641748,14.0,94.47751407168403
E01003615,0.10756431898267448,16.0,148.74821085026477
E01003616,0.14592009681450302,15.0,102.79598442885043
E01003617,0.2273192013732469,25.0,109.9775111340077
E01003618,0.16112198701244979,31.0,192.40080497272325
E01003619,0.25482643586522546,30.0,117.72718908907326
E01003621,0.066312633618932,3.0,45.24024814396018
E01003622,0.2459098709936242,25.0,101.66326345089328
E01003623,0.275595504334421,18.0,65.31311185017708
E01003624,0.14331738257307436,7.0,48.842644725463465
E01003625,0.3164558791200608,15.0,47.39997260189665
E01003626,0.1016485960794425,10.0,98.37814181107424
E01003627,0.07679966472315888,5.0,65.10445088560724
E01003628,0.09305198719670112,14.0,150.4535305667962
E01003629,0.06417233665476543,0.0,0.0
E01003630,0.1050036017944933,23.0,219.0401053576639
E01003631,0.1637639967607565,15.0,91.59522420494879
E01003632,0.13769635207564887,7.0,50.83649562592825
E01003633,0.09564039797708482,17.0,177.7491557916055
E01003634,0.14616895523109105,22.0,150.5107563040203
E01003635,0.39328328235206794,21.0,53.396625135977075
E01003636,0.1995011610223502,18.0,90.22503883064347
E01003637,0.0930399658966646,5.0,53.740346439435285
E01003638,0.26673067186021315,26.0,97.47660371667322
E01003639,1.0334788966841004,25.0,24.19014077618041
E01003640,6.111974794963271,69.0,11.289313571263614
E01003641,0.26199055614880973,30.0,114.50794425948737
E01003642,0.3086515398478577,38.0,123.11618473937042
E01003643,0.19836730072089276,20.0,100.82306875839606
E01003644,0.1554029231123325,15.0,96.52328089837344
E01003645,0.2548905636337998,20.0,78.46504678272011
E01003646,0.2098786873586892,26.0,123.88108734244746
E01003647,0.15945523048538163,22.0,137.96976074746507
E01003648,0.21889932436681087,22.0,100.50282276401398
E01003649,0.18316135205383716,14.0,76.43533880381565
E01003650,0.19678456650460868,19.0,96.55228729309431
E01003651,0.18961219779378616,14.0,73.83491232576598
E01003652,0.17117057717562742,17.0,99.31613411899268
E01003653,0.20371479281883426,26.0,127.62941581332328
E01003654,0.23209714934780054,32.0,137.87330042579538
E01003655,0.22832312939089003,17.0,74.45588208847619
E01003656,0.5459483378637169,37.0,67.77198030271533
E01003657,0.4318308227878972,44.0,101.89175408076771
E01003658,0.22929040191722166,24.0,104.67075725509204
E01003659,0.3735594204126721,27.0,72.27765791630426
E01003660,0.5402177282047698,18.0,33.319898737527346
E01003661,0.20805786030974247,25.0,120.1588825472957
E01003662,0.1830479599711363,30.0,163.8914741509849
E01003663,0.3191094361672602,36.0,112.81396260914929
E01003664,0.16597002733896465,19.0,114.47850135733144
E01003665,0.1688281517866201,13.0,77.00137602898447
E01003666,0.21765828408157673,27.0,124.0476562329261
E01003668,0.2200510844307915,32.0,145.42077846503116
E01003669,0.18410500507112884,18.0,97.77029143257519
E01003670,0.23791149229882746,28.0,117.69082581698386
E01003671,0.20638852891088547,23.0,111.44030204280854
E01003672,0.17967025876525713,18.0,100.18352577494402
E01003673,0.1950152680225491,10.0,51.27803633735861
E01003674,0.2706716296045069,41.0,151.47505506915275
E01003675,0.22936959859299147,29.0,126.43349501369408
E01003676,0.18712705838871993,18.0,96.19132665789313
E01003677,0.6065853064425594,31.0,51.10575490495424
E01003678,0.2684766532439167,15.0,55.87077989374438
E01003679,0.2205067761850739,17.0,77.09513645844473
E01003680,0.2071300230111302,19.0,91.72982131604856
E01003681,0.48156356149139473,55.0,114.21129918897076
E01003682,0.27653380539138556,36.0,130.18299859956815
E01003683,0.12128433648047714,10.0,82.45087774883179
E01003684,0.11262873431034683,9.0,79.90856023650795
E01003685,0.11393967636719118,8.0,70.21259191766137
E01003686,0.16669724110236567,17.0,101.98129187729398
E01003688,0.13289573074946984,10.0,75.24696198745191
E01003689,0.25098648826071945,31.0,123.51262498161995
E01003690,0.7719438542425008,38.0,49.22637804700051
E01003691,0.22734440443892673,13.0,57.18196597837221
E01003692,0.15364722812814882,15.0,97.62623239443873
E01003693,0.44694662338754926,27.0,60.409898155977764
E01003694,0.2106714526047165,16.0,75.9476417054989
E01003695,0.1281969184247944,10.0,78.00499515022597
E01003696,0.1923196201116939,34.0,176.78903473422912
E01003697,0.27298905755775627,33.0,120.88396617515775
E01003698,0.18727788705299062,27.0,144.17078505568733
E01003699,0.8548960396297747,26.0,30.41305468119806
E01003700,0.6616363730399327,33.0,49.87633894487887
E01003701,0.2967533140590201,36.0,121.31288276982848
E01003702,0.3072690027547438,27.0,87.87088758689688
E01003703,0.9896962061143711,53.0,53.55178657103513
E01003704,0.29243196376830843,30.0,102.58796478133549
E01003705,0.31781816483510456,38.0,119.56522378044616
E01003706,0.19344765998586633,18.0,93.0484245780751
E01003707,0.25012592679627504,16.0,63.96777897011785
E01003708,0.44323503600914527,28.0,63.17190141851123
E01003709,0.23429425004563406,19.0,81.0946064459513
E01003710,0.21940378441126518,20.0,91.15613048182732
E01003711,0.36165560766099325,48.0,132.72295239783472
E01003712,0.17056912590311987,15.0,87.94088567071466
E01003713,0.1457473941311374,10.0,68.61186136201117
E01003714,0.1780178699528516,31.0,174.13982095286508
E01003715,0.15909267496559523,19.0,119.42724581197008
E01003716,0.34739677227598686,12.0,34.5426352737287
E01003718,0.14324816480904276,7.0,48.86624557690748
E01003719,0.3868590020729439,29.0,74.96271211114774
E01003720,0.526117891248161,31.0,58.922155120890615
E01003721,0.18450082400659903,13.0,70.46038991964085
E01003722,0.28270844761793973,25.0,88.43032534275635
E01003723,0.2927730707336932,16.0,54.649834972539615
E01003724,0.21416766317902855,17.0,79.37706256704702
E01003725,0.15017669473582634,12.0,79.90587368505497
E01003726,3.80280154943769,66.0,17.3556256202113
E01003727,0.21154548037370502,30.0,141.81347645434727
E01003728,0.26822389802484353,36.0,134.21622855046866
E01003729,0.11593715711383,18.0,155.25652386255382
E01003730,0.08939770125379826,2.0,22.371939903936017
E01003731,0.13979133104673547,11.0,78.68871351058561
E01003732,0.11980034558797611,10.0,83.47221329721823
E01003733,0.09997831332967516,12.0,120.02602964935404
E01003734,0.125578789554518,28.0,222.96758950558487
E01003735,0.1994440472158792,11.0,55.15331319010764
E01003736,0.0990661650794027,13.0,131.2254288795811
E01003737,0.3538889089929549,30.0,84.77236567082477
E01003738,0.23254636945165763,19.0,81.70413515722407
E01003739,0.2889419949421584,25.0,86.52255621411005
E01003740,0.4461169015349362,16.0,35.86503883836154
E01003741,0.2394575449945514,22.0,91.87432369483528
E01003742,0.14410995185275904,8.0,55.51316822431397
E01003743,0.1725757108670297,18.0,104.3020475452022
E01003744,0.6679213165731633,36.0,53.898564257091806
E01003745,0.4925611285642592,40.0,81.20819463889471
E01003746,0.6337912403593716,48.0,75.73471664389538
E01003747,0.2930920342304082,10.0,34.11897572125317
E01003748,0.4082872168265775,33.0,80.82545482685772
E01003749,0.20580282454342244,16.0,77.74431685034601
E01003750,0.37475549875199204,49.0,130.75191735192527
E01003751,0.5997218178170299,31.0,51.69063235491265
E01003752,0.22758266172227476,42.0,184.54832930662235
E01003753,0.1715460631327054,24.0,139.90411415873746
E01003754,0.16685459988037768,15.0,89.8986303689193
E01003755,0.21910437430412888,28.0,127.79297578575253
E01003756,0.25035739175351074,12.0,47.93147873906034
E01003757,0.2266645743867548,16.0,70.58888687519122
E01003758,0.2580252172375917,19.0,73.63621355855558
E01003759,0.22480190203449776,15.0,66.72541408345434
E01003760,0.3037679640347652,29.0,95.46760499300397
E01003761,0.10025592192128972,5.0,49.87236568355002
E01003762,0.2511430215175861,24.0,95.56307738504857
E01003763,0.6998824024573869,31.0,44.29315538032473
E01003764,0.5372063300198285,34.0,63.29039346715264
E01003765,0.22784667271464526,25.0,109.72291015770045
E01003766,0.14921991465476325,5.0,33.50759187584346
E01003767,0.2014563018570961,16.0,79.42169022515696
E01003768,0.17607251003171706,8.0,45.43582640219594
E01003769,0.24199821766966706,21.0,86.77749862052896
E01003770,0.6916435812363569,39.0,56.38742418498993
E01003771,0.22996014494420833,10.0,43.485796212322555
E01003772,0.15215427552729174,8.0,52.57821360770798
E01003773,0.23663080996747088,17.0,71.84187047467299
E01003774,0.2598982196376875,31.0,119.27746193573667
E01003775,0.3301768322990022,32.0,96.91776305801304
E01003776,0.3375633620686916,46.0,136.27071290586136
E01003777,0.23694403489266327,30.0,126.612176641586
E01003778,0.3533310511518668,44.0,124.5291062208064
E01003779,0.16747494561828472,13.0,77.62355110495211
E01003780,0.2999090543564717,11.0,36.677785616053484
E01003781,0.16897528477102666,16.0,94.68840382000906
E01003782,0.1688830399519754,17.0,100.66138082802289
E01003783,0.23555563791818934,26.0,110.37731989683915
E01003784,0.1375834463491542,8.0,58.14653006799884
E01003785,0.3714795352388871,8.0,21.5355066460268
E01003786,0.13023368226528056,11.0,84.46355665190714
E01003787,0.13533506676656032,8.0,59.112543342511614
E01003788,0.15856308544746017,18.0,113.51948626128554
E01003789,0.3082637829409299,31.0,100.56322447045387
E01003790,0.8553121907231473,16.0,18.706619844237643
E01003791,1.2968447194217165,17.0,13.108739809327803
E01003792,0.7764589663315574,13.0,16.742674840139383
E01003793,0.5695345055774421,23.0,40.38385694766757
E01003794,0.3568037029369053,20.0,56.05322992832466
E01003795,0.7948814013392685,28.0,35.22538073330657
E01003796,0.24482348222198824,17.0,69.43778368688355
E01003797,0.42642094222597704,28.0,65.66281630971518
E01003798,0.21890790192941859,21.0,95.93075359504806
E01003799,0.83472923182013,25.0,29.949831690316405
E01003800,0.25611870064116254,23.0,89.8021110618719
E01003801,0.31420627805520174,27.0,85.93081006247898
E01003802,0.39265544246829853,24.0,61.122290446636725
E01003803,0.19875897554781163,18.0,90.56194795927637
E01003804,0.17805033847524182,32.0,179.72445474710315
E01003805,0.7982377255600257,37.0,46.35210641546869
E01003806,4.150736929527535,30.0,7.227632227565625
E01003807,0.18392177104239496,29.0,157.67573265328846
E01003808,0.13337161524092772,20.0,149.9569452156009
E01003809,0.39604010316294375,24.0,60.59992361461845
E01003810,0.18690200889599728,21.0,112.3583428773394
E01003811,0.17659437795991495,31.0,175.54352725224734
E01003812,0.29108203977370894,35.0,120.24101530691989
E01003813,0.314715555388372,33.0,104.85659013351481
E01003814,0.4225273731381907,43.0,101.7685544977379
E01003815,0.5198715376023302,33.0,63.477220069014386
E01003816,3.0465334910841055,47.0,15.427370202083386
E01003817,4.101020171442592,82.0,19.99502479188132
E01003818,0.48138935691349033,29.0,60.24229572905065
E01003819,1.0509301596296992,33.0,31.40075455787445
E01003820,0.30105978480574014,41.0,136.18557532171025
E01003821,0.2955302481786594,26.0,87.9774580105993
E01003822,0.3780116281564997,14.0,37.035897726944775
E01003823,4.282174602176328,65.0,15.179203567964061
E01003824,0.32500127195266576,31.0,95.38424207925851
E01003825,0.3459099965682772,37.0,106.96424031416156
E01003826,1.0790618264598355,37.0,34.28904543995302
E01003827,0.44704001602445015,42.0,93.95132089853647
E01003828,0.3119516362033999,43.0,137.8418799892525
E01003829,0.4017710513230809,27.0,67.20245251888039
E01003830,0.5066453352358252,38.0,75.00315774606385
E01003831,0.3167402767419358,25.0,78.92902114361905
E01003832,0.22354974598411165,20.0,89.46554563037374
E01003833,0.19477090016623802,21.0,107.81898108021468
E01003834,1.086742838843618,46.0,42.32832125118736
E01003835,0.3582779699537386,25.0,69.77822276716606
E01003836,0.2540986278898284,16.0,62.967675712665596
E01003837,0.5132884937852814,39.0,75.98066286737077
E01003838,0.3020030703021358,30.0,99.33673843112527
E01003839,0.2312674597708184,31.0,134.04393350763831
E01003840,0.19576485294197893,25.0,127.70423099088954
E01003841,0.2905832657231002,32.0,110.12334079311067
E01003842,0.392716414481539,34.0,86.57646776717118
E01003843,0.3279326491852612,33.0,100.63041933149232
E01003844,0.2854689723476038,22.0,77.06616876460923
E01003845,0.4116239650465726,20.0,48.588035921905394
E01003846,0.24262212230665062,19.0,78.31107822882639
E01003847,1.5965844789938766,50.0,31.316852103879036
E01003848,0.19975572479339926,16.0,80.0978295693316
E01003849,0.2001291230509104,14.0,69.95483609069016
E01003851,0.2462823509969641,26.0,105.56988714274739
E01003852,0.6719917953148212,42.0,62.50076309387592
E01003853,0.29747221294034587,17.0,57.148194891766664
E01003854,0.1435790609937435,17.0,118.40166583023397
E01003855,0.293050915013556,29.0,98.95891298840856
E01003856,0.1243316727384595,16.0,128.68804583412253
E01003857,0.1467713248160544,18.0,122.6397596571336
E01003858,0.16522741880174982,31.0,187.62019176245641
E01003859,0.19555047045704313,24.0,122.73046412983248
E01003860,1.5275495441058304,31.0,20.293940788772403
E01003861,0.1879754027924285,16.0,85.11751943241197
E01003862,0.21124767168312175,28.0,132.54583956788358
E01003863,0.2110264330354819,13.0,61.60365700639116
E01003864,0.25611685310824295,36.0,140.5608399568508
E01003865,0.13678209041338849,21.0,153.5288716273668
E01003866,0.152483383808234,8.0,52.46473287909817
E01003867,0.40940285760469747,28.0,68.3922925301993
E01003868,0.13196777339730878,17.0,128.81932885856116
E01003869,0.31939776562864186,29.0,90.79587624203292
E01003870,0.4295734334553975,33.0,76.82039304561971
E01003871,0.19663039933228113,18.0,91.54230506129532
E01003872,0.31813680377483694,39.0,122.5887716769873
E01003873,0.19128116872485465,20.0,104.55812317190869
E01003874,0.14166432212055186,22.0,155.29668776644198
E01003875,0.502811503348268,42.0,83.53030851585166
E01003876,0.4730004221175667,62.0,131.07810712395005
E01003877,0.15748191264661948,19.0,120.64877598124508
E01003878,0.9972511805383306,38.0,38.104743059303324
E01003879,0.18559388279434347,16.0,86.20973794556363
E01003880,0.22772521395964418,17.0,74.65137348828056
E01003881,0.32889863090625543,25.0,76.01126198401732
E01003882,0.21279750385352794,32.0,150.37770378183632
E01003883,0.19555300869864703,18.0,92.04665333346281
E01003884,0.2853840227538344,37.0,129.6498649187356
E01003885,0.44031323045954535,33.0,74.94664642613309
E01003886,0.2045055716493872,18.0,88.01716185444543
E01003887,0.21562378500616647,34.0,157.68204791984178
E01003888,0.7992500287520447,53.0,66.31216527167928
E01003889,2.5266802399525314,38.0,15.039497044039852
E01003890,0.21454069204076937,22.0,102.544649179277
E01003891,0.3009562778852643,39.0,129.5869296166277
E01003892,0.4071281777959386,26.0,63.8619516358599
E01003893,0.219529154089544,37.0,168.5425343774979
E01003894,0.16739839405270554,16.0,95.5803673657848
E01003895,0.4500442638339699,34.0,75.54812433415053
E01003896,0.3014995433128959,54.0,179.10474890490582
E01003897,0.19601928411795252,17.0,86.72616103306667
E01003898,0.1789577488722388,25.0,139.69777870779964
E01003899,0.16977612665898448,19.0,111.91208312911837
E01003900,0.7502743078305476,31.0,41.31822145108222
E01003901,0.27974919452584385,34.0,121.53743662292834
E01003902,0.1566199842033902,26.0,166.00691241441973
E01003903,0.6806609005830991,39.0,57.297253252816525
E01003904,0.24599707720631714,15.0,60.97633423270122
E01003905,0.3744308632120164,42.0,112.1702405611208
E01003906,0.2084065063240341,13.0,62.378090920958925
E01003907,0.24300769458535876,30.0,123.45288099287825
E01003908,0.2893293822065344,24.0,82.95044152435192
E01003909,0.22151441153172138,23.0,103.83071620920856
E01003910,0.2918653783186464,18.0,61.6722685770162
E01003911,0.11363395036457197,18.0,158.40336397925597
E01003912,0.08037446592859497,7.0,87.09233609363987
E01003913,0.233683134530612,28.0,119.8203715310574
E01003914,0.14689809093993889,18.0,122.5339273289775
E01003915,0.09740938496685216,12.0,123.19141532495591
E01003916,0.1495962150002022,23.0,153.74720543543773
E01003917,0.1105806244590732,16.0,144.69080888507492
E01003918,0.08719111286064452,14.0,160.56682316207923
E01003919,0.14796019653382633,17.0,114.89576520070042
E01003920,0.0868356600343794,17.0,195.77210552979585
E01003921,0.12555987602115412,15.0,119.46491566679171
E01003922,0.1341078898898817,27.0,201.33043642823822
E01003923,0.1197182935036299,13.0,108.58825012909021
E01003924,0.07888838000620119,12.0,152.11365728459268
E01003925,0.08764970362689545,17.0,193.95387886723583
E01003926,0.10581871006111007,14.0,132.30174504976512
E01003927,0.285408680135063,60.0,210.22486061603453
E01003929,0.23575479830313018,57.0,241.7766272850583
E01003930,0.10784921465886309,21.0,194.71629966360828
E01003932,0.12299144272506983,19.0,154.48229225566402
E01003933,0.2205169774141647,33.0,149.64834176019446
E01003934,0.23290993833439516,35.0,150.27267728588527
E01003935,0.14015099307761952,22.0,156.9735577101176
E01003936,0.09637066240603748,18.0,186.7788344564946
E01003937,0.09166425562632183,13.0,141.82191205474632
E01003938,0.07783522125322907,18.0,231.25777392523634
E01003939,0.15241725887576313,25.0,164.02341955498463
E01003940,0.0540220142324792,11.0,203.62069345771565
E01003941,0.0959775583231928,21.0,218.80114859022612
E01003942,0.11915478583234757,29.0,243.38090826501423
E01003943,0.0642216232328499,14.0,217.99511278685466
E01003945,0.8364694734936844,42.0,50.211037379019324
E01003946,0.4600406420082971,48.0,104.33860754227513
E01003947,0.13915821956868077,18.0,129.3491685636018
E01003948,0.2677767288765411,34.0,126.97145171145831
E01003949,0.2278905132484083,23.0,100.92565799318389
E01003950,0.24552556138638548,14.0,57.02053961692441
E01003951,1.0614020425376003,27.0,25.43805166932635
E01003952,0.13022969743926108,22.0,168.93228221052087
E01003953,0.20298155315758024,22.0,108.38423323581915
E01003954,0.10121265947150496,12.0,118.56224372187786
E01003955,0.13967417423228173,10.0,71.59519685700624
E01003956,0.11092486480608335,15.0,135.22666920732968
E01003957,0.168447542264214,7.0,41.555963986819904
E01003958,0.16211192557214965,14.0,86.36008702375909
E01003960,0.12463393503066594,22.0,176.51693332628022
E01003961,0.12143272939444447,27.0,222.34532761177687
E01003963,0.06035256964484016,6.0,99.41581668035852
E01003964,0.44875583741422614,30.0,66.85149807267769
E01003966,0.10144594940275553,23.0,226.7217186630742
E01003967,0.056796346987196746,5.0,88.03383078716523
E01003968,0.05452122062886278,11.0,201.75630466675122
E01003969,0.28566058494262636,30.0,105.01973874353497
E01003970,0.19743792535521282,20.0,101.29766084209896
E01003971,0.06284476426282579,3.0,47.736673614584205
E01003972,0.07171119287508441,14.0,195.22754313105574
E01003973,0.08585233922986642,11.0,128.12696891750278
E01003974,0.05717006598181553,11.0,192.408383847219
E01003975,0.08202517368847641,19.0,231.6362056380416
E01003976,0.12162811891122081,27.0,221.98814091425623
E01003977,0.13056511923917533,18.0,137.8622414997895
E01003978,0.13502970823559596,19.0,140.7097760061019
E01003979,0.1681546980558669,18.0,107.04428843266554
E01003980,0.19149277240435292,11.0,57.443421294108084
E01003981,0.19036737277237156,24.0,126.07202405791237
E01003983,0.11764067005113238,19.0,161.5087706635951
E01003984,0.16525262439577676,27.0,163.38621004490395
E01003986,0.1830799264398492,20.0,109.24190537388591
E01003987,0.13623092291319683,16.0,117.4476371285749
E01003988,0.3883425478387539,53.0,136.47744831196417
E01003989,0.24805150794539185,25.0,100.78551913300083
E01003990,0.13962179585932086,24.0,171.89293299293865
E01003991,0.07914773610051076,6.0,75.80760102071044
E01003992,0.0728368526651689,12.0,164.75176453826217
E01003993,0.08676185736511573,10.0,115.2580212514064
E01003994,0.14248388138689438,30.0,210.55013176219796
E01003995,0.06454498218452888,7.0,108.45149790246384
E01003997,0.07490954919631124,11.0,146.84376181697368
E01003998,0.0963158534966426,15.0,155.73760139625273
E01003999,0.08544109170063435,9.0,105.33573273541377
E01004000,0.15854090909726531,23.0,145.07296653565567
E01004001,0.19437585538340713,16.0,82.3147502987958
E01004002,0.3346965072468266,12.0,35.85337683595973
E01004003,0.12629318154426517,12.0,95.01700609065784
E01004004,0.1986196974945494,17.0,85.59070532501703
E01004005,0.15284673392199055,14.0,91.59502228647736
E01004006,0.1493267281417251,18.0,120.54104596007963
E01004007,0.07882020062406643,5.0,63.43551475905954
E01004008,0.1000096276656234,18.0,179.98267187017228
E01004010,0.128894270038252,20.0,155.16593556924286
E01004011,0.11388724109740524,17.0,149.27045238948475
E01004012,0.14062418236490346,19.0,135.11189669140407
E01004013,0.1061721119997197,15.0,141.2800378317764
E01004014,0.09282798133251374,16.0,172.36182205328075
E01004015,0.5721544382899756,33.0,57.676735146245875
E01004016,0.5711374271595169,41.0,71.78657543755897
E01004017,0.3543615148149903,26.0,73.37139873548182
E01004018,0.2741223131369163,28.0,102.14418403077897
E01004019,0.14158406317714128,17.0,120.07001083681745
E01004020,0.19795761963860403,12.0,60.619035639585256
E01004021,0.15078436629512076,15.0,99.4798092704216
E01004022,0.22663640433307664,22.0,97.07178361190225
E01004023,0.11352056110074814,25.0,220.22442240937127
E01004024,0.11984040727755954,4.0,33.37772368159342
E01004027,0.2964574861750772,64.0,215.8825564695097
E01004028,0.1234170692199041,22.0,178.25735239912785
E01004029,0.10940851429620857,19.0,173.66107310953973
E01004030,0.09339297213341276,13.0,139.19676933966053
E01004031,0.4248872988678393,26.0,61.19269761482625
E01004032,0.1374641317615038,19.0,138.21787368478374
E01004033,0.14670549351816303,27.0,184.04218787251642
E01004034,0.13337095162008172,19.0,142.4598067960337
E01004035,0.22348686095873646,18.0,80.54164760640418
E01004036,0.09668423380350269,12.0,124.11537567115997
E01004037,0.1498351399993927,24.0,160.17604415157402
E01004038,0.2140663216869318,27.0,126.12913506070807
E01004039,0.08550014708609692,18.0,210.52595362057522
E01004040,0.10823798819855908,21.0,194.01690986233208
E01004041,0.07890872003250403,7.0,88.71009436113734
E01004042,0.1473766576663518,21.0,142.49203593381938
E01004043,0.11855609933913606,15.0,126.52238124916457
E01004044,0.07036384659083571,8.0,113.69475075062101
E01004045,0.06192789780354961,7.0,113.03467820279813
E01004046,0.1493513522928691,11.0,73.65182725918447
E01004047,0.1060663991677073,21.0,197.98918568731432
E01004048,0.39882002584298754,28.0,70.20710642805933
E01004049,0.10588628641009734,21.0,198.32596563701412
E01004050,0.1878584978858793,23.0,122.43257695998449
E01004051,0.15217226138822035,23.0,151.14449762511336
E01004052,0.17632224454134862,28.0,158.800156343483
E01004053,0.1468280265909443,15.0,102.16033238524186
E01004054,0.12015999753802957,17.0,141.47803219303205
E01004055,0.19314972019370363,14.0,72.48263153557691
E01004056,0.18786274995437882,17.0,90.49159561503456
E01004057,0.24553829848585723,28.0,114.03516344564379
E01004058,0.14061970915990166,11.0,78.22516534642855
E01004059,0.30999833580661806,18.0,58.064827842265224
E01004060,0.10019759124908537,14.0,139.7239177656159
E01004061,0.20704920295018836,16.0,77.27631776418507
E01004062,0.1668530581845817,23.0,137.8458402276102
E01004063,0.17216883168401043,27.0,156.82281012137187
E01004064,0.16237042352589157,26.0,160.12768480494876
E01004065,0.11158816551930888,16.0,143.38438064233083
E01004066,0.1410304002026859,14.0,99.26937723979722
E01004067,0.23276653667963987,29.0,124.58835541258726
E01004068,0.18772185449770853,25.0,133.17575658355307
E01004069,0.9289849180474742,38.0,40.904862136909394
E01004070,0.3174610795405078,28.0,88.19978827176898
E01004071,0.12853397324229993,16.0,124.48070806803999
E01004072,0.28269054300577257,22.0,77.82361506005795
E01004073,0.19796134037726654,18.0,90.92684443182868
E01004074,0.34979108399873243,22.0,62.89468487447131
E01004075,0.5840276617500834,28.0,47.942934613911724
E01004076,3.4361776529531225,102.0,29.684146252548693
E01004077,0.26388573490411776,38.0,144.00172110026034
E01004078,0.3224377909194638,22.0,68.23021562474047
E01004079,0.3231088254150108,37.0,114.51250194876626
E01004080,0.2937363391390037,20.0,68.0882728321043
E01004081,0.1714824422642609,22.0,128.2930176962209
E01004082,0.17419058046840144,41.0,235.3743806912538
E01004083,0.24927434651396738,17.0,68.19795232738662
E01004084,0.5117963379001188,28.0,54.70926211563559
E01004085,0.8082161837402293,32.0,39.59336702701464
E01004086,0.5621557395984786,42.0,74.71239203214152
E01004087,0.35498018195481873,18.0,50.70705609782748
E01004088,0.467130747116355,26.0,55.658935234943556
E01004089,0.11318294219958475,13.0,114.85829708399024
E01004090,0.18867557127563955,30.0,159.00309614630746
E01004091,0.37622439115770706,14.0,37.21183508841518
E01004092,0.6440321546056292,36.0,55.89783016663892
E01004093,0.4018354719890874,22.0,54.74877539083322
E01004094,0.2788929847293904,30.0,107.56814133962162
E01004095,0.2880835495580886,21.0,72.8955194845848
E01004096,0.1552185196282362,12.0,77.31036237648183
E01004097,0.2766169922412454,21.0,75.91724510432574
E01004098,0.21953949377037812,24.0,109.31973827498301
E01004099,0.3849841316617952,42.0,109.09540561764398
E01004100,0.35955921738169216,25.0,69.52957619067544
E01004101,0.21800533526956098,19.0,87.15383032487131
E01004102,0.39219995783749795,33.0,84.140753563449
E01004103,0.1748515907473045,28.0,160.13580362826437
E01004104,0.3651818765760263,19.0,52.02886895194657
E01004105,0.38830621942423804,26.0,66.95746475179193
E01004106,0.8131168391979149,48.0,59.03210668635122
E01004107,0.24247524070263718,29.0,119.59984003300586
E01004108,4.578442348790985,56.0,12.231234060375957
E01004109,0.6625542303022892,30.0,45.27931243652697
E01004110,0.3151804104828015,56.0,177.67601709198155
E01004111,0.47972374282935565,38.0,79.21225615367786
E01004112,0.5226807708242333,16.0,30.611418848964064
E01004114,1.5430957494887034,21.0,13.60900644497157
E01004115,0.2612261882068509,33.0,126.32730365406199
E01004116,0.32304606291548893,29.0,89.77047959747647
E01004117,0.25153067446851773,51.0,202.7585705312586
E01004118,0.27316475896580633,43.0,157.4141560675569
E01004119,0.25613951890191083,40.0,156.164890804367
E01004120,0.2877645826551789,15.0,52.12594219064868
E01004121,0.25030707422404685,34.0,135.83315655540366
E01004122,0.26029918370723987,18.0,69.15119649489456
E01004123,0.41384047825047,40.0,96.65560065342538
E01004124,0.18348350310357936,14.0,76.30113750388108
E01004125,0.1354927360531166,14.0,103.32657238917697
E01004126,0.12734149062916497,14.0,109.940600905716
E01004127,0.20472970441763094,22.0,107.4587591604289
E01004128,0.17378049123788564,15.0,86.31578776852871
E01004129,0.2595017223450898,28.0,107.89909117738003
E01004130,0.6790939698804679,66.0,97.18831697418419
E01004131,0.20727791720161584,46.0,221.92426777067888
E01004132,0.17117928341748762,51.0,297.93324859069867
E01004133,0.19280193812421542,59.0,306.0135213059342
E01004134,0.22012457184069933,45.0,204.42969916400693
E01004135,0.27528821946360926,15.0,54.48834690139318
E01004136,0.23920629871455026,24.0,100.33180618140699
E01004137,0.23585795039837557,28.0,118.7155232745245
E01004138,0.16684007737634335,28.0,167.82538368667878
E01004139,0.15207768829469873,25.0,164.38966346959836
E01004140,0.13277548865471617,24.0,180.7562543596598
E01004141,0.1246380047940643,25.0,200.58087451982854
E01004142,0.38320987429427805,57.0,148.7435575739576
E01004143,0.11578753728307396,10.0,86.36508068698528
E01004144,0.4054304832916864,19.0,46.86376773087996
E01004145,0.4533070303296808,59.0,130.15461056734665
E01004146,0.21476972370791877,22.0,102.43529497630414
E01004147,0.2914160526781598,27.0,92.65103878755379
E01004148,0.23682279279430826,17.0,71.78363112525786
E01004149,0.27081574483193815,30.0,110.77642482942522
E01004150,0.16056201431357828,24.0,149.47495584558314
E01004151,0.1958432024665646,29.0,148.07764392512442
E01004152,0.2043428244517662,47.0,230.00562963782488
E01004153,0.17286254428636308,29.0,167.76335278253669
E01004154,0.34410113813633164,23.0,66.84081350201022
E01004155,0.1922877405709996,34.0,176.81834473189397
E01004156,0.21033095354491688,39.0,185.42206623748996
E01004157,0.26420968216010265,18.0,68.12770770865457
E01004158,0.23840712135300565,30.0,125.83516729594446
E01004159,0.33899700158023266,22.0,64.89732917237356
E01004160,0.2240393746041263,16.0,71.41601795787783
E01004161,0.3229260666779189,18.0,55.740312899400905
E01004162,0.17864064958305922,22.0,123.15226154487905
E01004163,0.21859458586321545,49.0,224.15925722269043
E01004164,0.2329802658982664,40.0,171.68836101108442
E01004165,0.24854629941291068,34.0,136.7954384366661
E01004166,0.2419953884493196,27.0,111.57237405643593
E01004167,0.16463296956385393,28.0,170.07528974407538
E01004168,0.22495414092339508,31.0,137.80586510988746
E01004169,0.15000307496443552,15.0,99.99795006573282
E01004170,0.2512681646746609,34.0,135.313600288452
E01004171,0.3744274152362654,37.0,98.8175504634265
E01004172,0.18077171496191732,27.0,149.35964957619623
E01004173,0.22666731974946455,18.0,79.41153590158213
E01004174,0.16867902810341537,20.0,118.56838532255597
E01004175,0.26336925071385214,17.0,64.54815797182913
E01004176,0.163807315212044,21.0,128.19940289489566
E01004177,0.22553104512922004,35.0,155.18927773312288
E01004178,0.23546235817848074,31.0,131.6558631273962
E01004179,0.23242282834548844,17.0,73.14255712752146
E01004180,0.5978837251944834,27.0,45.15928241936552
E01004181,0.27820308545356687,29.0,104.24039673291189
E01004182,0.14827894518819762,9.0,60.696412350230034
E01004183,0.2080864556990476,24.0,115.33667541875407
E01004184,0.2798237827029753,14.0,50.031487190853206
E01004185,0.4023346963156976,29.0,72.0792918571575
E01004186,0.2995323358355149,25.0,83.46344287091759
E01004187,0.177118456888073,31.0,175.02410841118564
E01004188,0.3440613925720848,41.0,119.1647795572124
E01004189,0.33939094509065143,16.0,47.143273064419546
E01004190,0.2655583649560937,31.0,116.73516669348905
E01004191,0.24525829985071831,22.0,89.70134757270506
E01004192,0.38923323059079434,20.0,51.38307428079347
E01004193,0.36948437753863034,42.0,113.67192377601626
E01004194,0.20626801602885486,21.0,101.80928873171645
E01004195,0.23833132250946032,33.0,138.46270667461303
E01004196,0.24391193515446585,22.0,90.1964882779013
E01004197,0.16747657687799927,37.0,220.92641663528377
E01004198,0.0963582963808064,9.0,93.40140224596902
E01004199,0.06714155337452424,10.0,148.93906228559698
E01004200,0.057714607323035357,13.0,225.24626958366866
E01004201,0.12846910981319673,13.0,101.19164069014667
E01004202,0.10937450858830931,20.0,182.85796442095042
E01004203,0.10606536606600983,22.0,207.41926244150508
E01004204,0.08346144878239702,20.0,239.631593888869
E01004205,0.13597706984274466,15.0,110.31271682311778
E01004206,0.07736272783289112,10.0,129.26121247431576
E01004207,0.06966046066136175,7.0,100.48742046121234
E01004208,0.16099927305606532,25.0,155.28020422361885
E01004209,0.08295144010175039,13.0,156.71819541714842
E01004211,0.16428992333250939,25.0,152.17001440436516
E01004212,0.08467091680243345,14.0,165.34603059356076
E01004214,0.06801814005578671,14.0,205.82744527441596
E01004215,0.30093688978161626,30.0,99.68867566143315
E01004216,0.0900094886671105,12.0,133.3192775306233
E01004217,0.4093445375944701,21.0,51.30152737204546
E01004218,0.14330382549453693,15.0,104.67271161977342
E01004219,0.20058914975398162,45.0,224.33915321537359
E01004221,0.13732596878664202,24.0,174.76665347460872
E01004222,0.13732431168773432,28.0,203.89688945734534
E01004223,0.5920075305484076,19.0,32.0941863398246
E01004224,0.4354921145100024,34.0,78.07259618984234
E01004225,0.12892048367362707,8.0,62.05375415944502
E01004226,0.09234756098245486,18.0,194.91581378548616
E01004228,0.12491340678196498,21.0,168.1164619635687
E01004229,0.10633040447412453,10.0,94.04647757578591
E01004230,0.1588336286035879,23.0,144.80560698769082
E01004231,0.10948947613395248,14.0,127.86617028719738
E01004232,0.1902117961375874,30.0,157.71892495195127
E01004233,0.08447803538984262,8.0,94.69917195732863
E01004234,0.5761397886243986,27.0,46.863626732785924
E01004235,0.03782872923790538,4.0,105.73974015473654
E01004236,0.10105994336397554,22.0,217.69258192402924
E01004237,0.0652552616354278,7.0,107.27104335445071
E01004238,0.3562390853153535,47.0,131.93386671312103
E01004239,0.10853622164679091,16.0,147.41622434645598
E01004240,0.08373834869032501,4.0,47.767839497199844
E01004241,0.11882451149309155,9.0,75.74194824712795
E01004242,0.20198925739103046,22.0,108.91668341257505
E01004243,0.11410249047044947,40.0,350.56202397579824
E01004244,0.13517753178864,21.0,155.35126083552882
E01004245,0.21354294617100952,24.0,112.38957048377667
E01004246,0.2029958209495809,29.0,142.8600838398682
E01004247,0.12053463864536336,19.0,157.63103630236733
E01004248,0.10576738344228884,14.0,132.36594821917848
E01004249,0.1825522638994984,22.0,120.5134328660629
E01004250,0.10050625943989433,17.0,169.14369408172527
E01004251,0.1290405319291798,17.0,131.7415524087421
E01004252,0.1603670967545051,18.0,112.24247594601624
E01004253,0.15199900556709067,21.0,138.15879861615826
E01004254,0.1667690831291063,25.0,149.9078817903313
E01004255,0.09538142623654558,30.0,314.52664511012983
E01004256,0.14197630829251012,17.0,119.73828735548848
E01004257,0.12386731774069631,17.0,137.24362737544521
E01004258,0.09970837085606263,10.0,100.29248210700219
E01004259,0.13200316224653325,22.0,166.66267402679424
E01004260,0.09876947278578652,25.0,253.1146445847754
E01004261,0.16724153930351918,15.0,89.69063584602132
E01004262,0.1460804408127317,19.0,130.06532492845577
E01004263,0.0824865625373895,15.0,181.8478008851539
E01004264,0.06153479343867218,14.0,227.51356131475293
E01004266,0.08221013810500669,18.0,218.95109794133506
E01004267,0.21130441473288356,16.0,75.72014063324751
E01004268,0.05114092067304722,5.0,97.76906504999914
E01004269,0.1544871732382382,13.0,84.14938099716798
E01004270,0.2910704077598725,16.0,54.969517936016686
E01004271,0.09753678110329612,22.0,225.55593644925546
E01004272,0.09284795867782036,10.0,107.70296022015627
E01004273,0.17034037793026183,22.0,129.15317124050827
E01004274,0.0837724784964124,12.0,143.24513510142722
E01004275,0.13604612130924898,23.0,169.06031409538144
E01004276,0.07895676845753792,10.0,126.65158662588743
E01004277,0.4343107623546786,67.0,154.26741818864863
E01004280,0.13574404823070463,9.0,66.30124942718663
E01004281,0.1241371283260412,8.0,64.44486116183
E01004283,0.15203700779677204,26.0,171.01099513056857
E01004284,0.19196258296126775,23.0,119.81501626616841
E01004285,0.1238395302892601,31.0,250.32394686568392
E01004286,0.1563077229308721,36.0,230.3149155075414
E01004287,0.08531064256244512,8.0,93.77493545596275
E01004288,0.10191344717023604,16.0,156.99596514750039
E01004289,0.1055277257155245,16.0,151.61892186639054
E01004290,0.09961114224345724,24.0,240.9369018311442
E01004291,0.11316951317046169,24.0,212.07124894007433
E01004292,0.14987927497180606,15.0,100.08054818000464
E01004293,0.32656411672785557,33.0,101.05213129555436
E01004294,0.21457410367845953,25.0,116.50986568939669
E01004295,0.0801722130964327,8.0,99.78519603016876
E01004296,0.1339600590291446,22.0,164.2280554326543
E01004297,0.11790770376625875,20.0,169.62420063449096
E01004298,0.09136076963625049,6.0,65.67370244240254
E01004300,0.04921574022022714,8.0,162.54962262483832
E01004301,0.08312734845014615,12.0,144.3568238820554
E01004302,0.04911688739814791,13.0,264.6747521808599
E01004303,0.22605450057800083,24.0,106.16908727158354
E01004304,0.1024774788519087,16.0,156.13186603782253
E01004305,0.09185868156774588,13.0,141.52173510581562
E01004306,0.11951153246368823,20.0,167.34786666781883
E01004307,0.21174950331371056,39.0,184.1798889238518
E01004308,0.08360238785383098,12.0,143.53657004367628
E01004309,0.13024258080100934,29.0,222.6614354663898
E01004310,0.09151998683326121,27.0,295.01752496086857
E01004311,0.08450042824675136,12.0,142.01111460593506
E01004312,0.06894863153285037,6.0,87.02130653806114
E01004313,0.08133390077632897,24.0,295.0799085119602
E01004314,0.0833157593424693,18.0,216.04556139266555
E01004315,0.09407270735180082,26.0,276.3819680746361
E01004316,0.03407454947286308,14.0,410.8638328776608
E01004317,0.2742900895164364,46.0,167.70565819966865
E01004318,0.0575739618816918,18.0,312.64132972102965
E01004319,0.09090269220465039,19.0,209.01471165699976
E01004321,0.10524548845614463,27.0,256.5430632330695
E01004322,0.13993129381669386,17.0,121.48819278602205
E01004323,0.07037999112369062,17.0,241.54592418352306
E01004324,0.07738665015236391,11.0,142.14337974757245
E01004325,0.13543907475853442,26.0,191.96823402960868
E01004326,0.08384599046286853,23.0,274.3124611329581
E01004327,0.11263749284708781,10.0,88.78038517401664
E01004328,0.10152839343702807,18.0,177.29030658959763
E01004329,0.11673170812575169,9.0,77.09987410022785
E01004330,0.09702378509835928,15.0,154.60126591426555
E01004331,0.10702735739219825,18.0,168.18129904898603
E01004332,0.11330759543204615,16.0,141.20853892443304
E01004333,0.09948090313199857,14.0,140.73052776193407
E01004334,0.10997236377684165,13.0,118.21151745342027
E01004335,0.11998172723996942,12.0,100.01522961908528
E01004336,0.2132441434559767,19.0,89.09975060544846
E01004337,0.11513816412156588,12.0,104.22261021402153
E01004338,0.0946288703335223,5.0,52.83799735088615
E01004339,0.10628565050865205,9.0,84.67747016580914
E01004340,0.2615885760787948,25.0,95.5699227189095
E01004341,0.1499011441078113,18.0,120.0791368680556
E01004342,0.36127035041506383,16.0,44.288162539819794
E01004343,0.2788842246489564,13.0,46.6143254117857
E01004344,0.3775947638450546,24.0,63.56020341915642
E01004345,0.14354057332623876,5.0,34.83335675855222
E01004346,0.18656417764903557,14.0,75.04120124462904
E01004347,0.23202907648948787,6.0,25.85882808645248
E01004348,0.2672855246680246,17.0,63.60239680437028
E01004349,0.6474700978504664,29.0,44.78971321807292
E01004350,0.31338996125919627,30.0,95.72738028831695
E01004351,0.42907706181664057,31.0,72.24809424384324
E01004352,1.4663579863199314,49.0,33.4161237959181
E01004353,0.5726081054805219,38.0,66.36301448808713
E01004354,0.3033936881666895,32.0,105.47351921974946
E01004355,0.2461389215598184,26.0,105.6314045549326
E01004356,0.4706675771510363,29.0,61.61461168737773
E01004357,0.3396143898341252,21.0,61.83483570957297
E01004358,0.24258280997324147,23.0,94.81298366746208
E01004359,0.22616913523023827,26.0,114.95821467209582
E01004360,0.2248997219004807,22.0,97.82137485138873
E01004361,0.20571236241018742,37.0,179.86279271939208
E01004362,0.8117918375843616,20.0,24.63685771898587
E01004363,0.2990156792361278,23.0,76.91904337176003
E01004364,0.19955471296725175,25.0,125.27892540479696
E01004365,0.11988320107562625,14.0,116.78033180952802
E01004366,0.2912723290333092,22.0,75.53069003504324
E01004367,0.12322750475292264,12.0,97.38085684734592
E01004368,0.14199918858922095,13.0,91.54981890499916
E01004369,0.09648021876630367,13.0,134.74264638110805
E01004370,0.14084755701520704,13.0,92.29837048999306
E01004371,0.10809705618803876,19.0,175.7679688052634
E01004372,0.09881368426024063,7.0,70.84039070504093
E01004373,0.09524351399478943,10.0,104.99402616063786
E01004374,0.12851873644223735,18.0,140.0573993978698
E01004375,0.11719446900203347,15.0,127.99238844402915
E01004376,0.1092684038751968,15.0,137.27664602049614
E01004377,0.8303213225554967,39.0,46.969768137434926
E01004378,0.2171385432782187,22.0,101.31780230196854
E01004379,0.21221385555476974,20.0,94.24455320184431
E01004380,0.5111191129950999,23.0,44.99929549733058
E01004381,0.23335192725832465,25.0,107.13431979640161
E01004382,0.11863546844067283,12.0,101.15018853742677
E01004383,0.2284584141190341,24.0,105.05194169602892
E01004384,0.27400702040221975,31.0,113.13578737688746
E01004385,0.4766764408672923,17.0,35.66360437085842
E01004386,0.37802994611622137,34.0,89.93996467556846
E01004387,0.2670920396204173,13.0,48.672360353663805
E01004388,0.27041718827216316,23.0,85.05376506189947
E01004389,0.41852540891220913,38.0,90.7949653493343
E01004390,0.32560830998746143,19.0,58.352319081572745
E01004391,0.7389879174584959,22.0,29.770446147024582
E01004392,0.2133342449887375,29.0,135.93691908924885
E01004393,0.14272256180423715,20.0,140.1320137977389
E01004394,0.11926582234272759,7.0,58.692422208639854
E01004395,1.5058308503285391,28.0,18.594385945732892
E01004396,0.11271030462221802,20.0,177.4460646436537
E01004397,0.2360686358035631,29.0,122.84562877777383
E01004398,0.43148818937563266,28.0,64.89169504388117
E01004399,0.7897164262611731,22.0,27.858101045405142
E01004400,0.17329328705109764,17.0,98.09958763715609
E01004401,1.1059215963847104,27.0,24.41402725859028
E01004402,0.1898336907222962,15.0,79.01653253922767
E01004403,0.3884588846425194,36.0,92.673900438985
E01004404,0.15142025058304073,21.0,138.686865984833
E01004405,0.1192182703422941,11.0,92.26773688644617
E01004406,0.1402665600449066,15.0,106.93924478648171
E01004407,0.09373348880114396,19.0,202.70236649687274
E01004408,0.11805410503461229,12.0,101.64830775246416
E01004409,0.15743785391403856,20.0,127.03425194629526
E01004410,0.19706680943850985,18.0,91.33958199905035
E01004411,0.12228513642252248,13.0,106.30891357950564
E01004412,0.150790098743041,17.0,112.73949776350653
E01004413,0.3237412848969579,24.0,74.13326974234641
E01004414,0.2868809622359294,45.0,156.85948502568195
E01004415,0.26422802930096617,33.0,124.89212475793661
E01004416,0.471958570583427,29.0,61.44607134509858
E01004417,0.2746934244260348,55.0,200.2232128960537
E01004418,0.18161846449332295,31.0,170.6874908698487
E01004419,0.26428301866996584,20.0,75.67644754722517
E01004420,0.16904110272608863,30.0,177.47162977640707
E01004421,0.1270922261662203,18.0,141.62943354582768
E01004422,1.3434206425302866,35.0,26.052897277265817
E01004423,0.12716041114892904,11.0,86.50491061338978
E01004424,0.21768217599627454,16.0,73.50165408248137
E01004425,0.13243925591085642,13.0,98.15820778055544
E01004426,0.12505198721049118,13.0,103.95676462236476
E01004427,0.40769968131492523,9.0,22.075072442963236
E01004428,0.157664133717866,19.0,120.50933558547806
E01004429,0.535128440730884,32.0,59.79872786483572
E01004430,0.5103400746934966,32.0,62.70328666471816
E01004432,0.1858275554122322,9.0,48.43199911893998
E01004434,0.3236648513656372,23.0,71.06116065107544
E01004435,0.159989451135973,17.0,106.25700556689776
E01004436,0.2283168863533592,18.0,78.83779551960927
E01004437,0.15361016971313887,24.0,156.2396555177244
E01004438,0.259546437834116,36.0,138.7035025424186
E01004439,0.1476425009276375,19.0,128.68923162790554
E01004440,0.23806842110874687,10.0,42.00473104928149
E01004441,0.12924092377720167,16.0,123.79979601184519
E01004442,0.1533162085459077,17.0,110.88194889002662
E01004443,0.12839753735393905,17.0,132.40129328289228
E01004444,0.1961598589782873,33.0,168.2301372558222
E01004445,0.17140070699406904,18.0,105.01706974069164
E01004446,0.1250866775757487,11.0,87.93902127058041
E01004447,0.12705270455411524,2.0,15.741498829315711
E01004448,0.5153119855246973,26.0,50.45487147659969
E01004449,0.17922617945669683,14.0,78.11358832978173
E01004450,0.29633138948950793,32.0,107.98721004591047
E01004451,0.19510371973603646,32.0,164.01532499377288
E01004452,0.23119226834087472,31.0,134.0875290617113
E01004453,0.33504689909662455,35.0,104.46298740376137
E01004454,0.1915837064170228,29.0,151.36986616636028
E01004455,0.4706532939414964,25.0,53.117656503871345
E01004456,0.2496556228335929,32.0,128.1765643280924
E01004457,0.12044723854453586,15.0,124.53585637377388
E01004458,0.13072267473157273,19.0,145.34586321014922
E01004459,0.11004082580602775,13.0,118.1379720188168
E01004460,0.13868853780002793,11.0,79.3144132492093
E01004461,0.22026280799972434,23.0,104.42071545745837
E01004462,0.13609856384048125,10.0,73.47616108367481
E01004463,0.14281305177869466,10.0,70.02161129849782
E01004464,0.11424232037629453,17.0,148.80650133860138
E01004465,0.11577419775023665,8.0,69.10002535503337
E01004466,0.1478188061502418,8.0,54.120312620228226
E01004467,0.199774236597706,24.0,120.13561112151731
E01004468,0.7798320033940028,46.0,58.98706362370067
E01004469,0.20749372462382637,17.0,81.93018863977683
E01004470,0.1444380676110851,15.0,103.85073857668256
E01004471,0.13548529989767558,13.0,95.95136896636143
E01004472,0.1316367859811184,17.0,129.14323206309848
E01004473,0.11092636354762753,11.0,99.16488423671278
E01004474,0.14744641420122295,31.0,210.24587249503202
E01004475,0.10436425142775348,5.0,47.90912531444034
E01004476,0.19173815950638834,20.0,104.30891822205918
E01004477,0.2052125764759197,23.0,112.07890079143806
E01004478,0.09565562890847015,15.0,156.8125176862621
E01004479,0.14531834783770695,20.0,137.62886997818202
E01004480,0.07717436387747148,8.0,103.6613662627848
E01004481,0.10227515001527863,15.0,146.66319235668865
E01004482,0.11929557175770063,12.0,100.59048984964012
E01004483,0.4514623800600602,17.0,37.6554077390422
E01004484,0.30999585944040436,11.0,35.48434491949952
E01004485,0.15217535670239488,18.0,118.28459213144544
E01004486,0.2685226306048145,14.0,52.13713260765659
E01004487,0.10538180959982502,7.0,66.42512618241871
E01004488,0.1076679977832664,7.0,65.01467607943137
E01004489,0.18182733048576313,5.0,27.498616333651196
E01004490,0.12618767347449125,14.0,110.94586035640074
E01004491,0.1716087273906324,15.0,87.40814192890987
E01004492,0.2789572425096311,27.0,96.78902672357687
E01004493,0.13960050417727396,18.0,128.93936240475472
E01004494,0.11991672114436425,16.0,133.4259296561158
E01004495,0.11727800851336298,8.0,68.21398232634942
E01004496,0.17650667981389948,23.0,130.3066831479134
E01004497,0.16807480066337957,19.0,113.04490575034639
E01004498,0.11417952660653685,13.0,113.85578821672695
E01004499,0.14257832074623616,20.0,140.27378002015055
E01004500,0.16006106596756045,31.0,193.67608114194843
E01004501,0.16145047218462105,30.0,185.81549867314448
E01004502,0.1416311534697081,15.0,105.90890233205778
E01004503,0.19909138627155132,23.0,115.52483726558154
E01004504,0.22514585707988588,32.0,142.1300858698271
E01004505,0.1974374160515951,30.0,151.94688321974536
E01004506,0.20164348031774032,32.0,158.69593179792327
E01004507,0.18088940878900878,27.0,149.26247026155673
E01004508,0.13733640941657752,19.0,138.3464157881687
E01004509,0.38672568358877846,55.0,142.2196723258851
E01004510,0.16601495554783122,28.0,168.6595036429282
E01004511,0.1589570240577292,15.0,94.36512849254385
E01004512,0.11483460051301232,14.0,121.914474709333
E01004513,0.151577464600869,17.0,112.15387488347353
E01004514,0.1644054346336061,30.0,182.47571965524128
E01004515,0.10568237804165072,10.0,94.62315463850442
E01004516,0.21480872005161153,18.0,83.79548090820143
E01004517,0.1514349422487091,16.0,105.65593225982421
E01004518,0.1289634160557486,10.0,77.54137030363074
E01004519,0.13106970959323153,18.0,137.3315013504045
E01004520,0.11417283234586706,4.0,35.03460427330632
E01004521,0.12048691413423085,12.0,99.5958779941128
E01004522,0.11552393949189137,11.0,95.2183594879232
E01004523,0.30608593035483667,31.0,101.27874863134868
E01004524,0.13054589294605,23.0,176.18325234869766
E01004525,0.13988627252703506,23.0,164.41927849321252
E01004526,0.10454412886268347,19.0,181.7414349968529
E01004527,0.09747589457826006,9.0,92.33051965246862
E01004528,0.14778060151954187,27.0,182.70327581817048
E01004529,0.12263400078143327,21.0,171.24125337334172
E01004530,0.1338583723773184,11.0,82.17640633634278
E01004531,0.08371589757643794,5.0,59.725812477070825
E01004532,0.09004294254700218,6.0,66.6348725428205
E01004533,0.08918501752970356,10.0,112.12645662898979
E01004534,0.2572209576143828,30.0,116.63124295250861
E01004535,0.0771602776563492,10.0,129.6003630849706
E01004536,0.1500900937038005,10.0,66.62664905609813
E01004537,0.11672114585067696,24.0,205.6182692954672
E01004538,0.11456174290266248,17.0,148.3915971359136
E01004539,0.1353905474505401,15.0,110.7906001006436
E01004540,0.13892977825756178,25.0,179.94702297481916
E01004541,0.09454873806895925,13.0,137.4952248492035
E01004542,0.1309684895366524,15.0,114.53136592678004
E01004543,0.208882586073113,15.0,71.81067738576209
E01004544,0.10324853695274393,8.0,77.48293812300255
E01004545,0.14587664422538807,18.0,123.39192538723972
E01004546,0.09213883085980058,11.0,119.38506162225691
E01004547,0.11575404115613995,16.0,138.2241158943012
E01004548,0.164110195028222,19.0,115.77586631185572
E01004549,0.12424054585379195,20.0,160.97804354092492
E01004550,0.1431751235013764,14.0,97.78234973804938
E01004551,0.21362014390472223,15.0,70.21809706621218
E01004552,0.10815788410009466,28.0,258.880804048343
E01004553,0.1987326942892156,19.0,95.60580893825808
E01004554,0.40570680206795146,35.0,86.26919692151941
E01004555,0.13917938192138832,16.0,114.95955635898113
E01004556,0.10056158934166928,14.0,139.21816562020942
E01004557,0.10863258306956723,11.0,101.25875395005299
E01004558,0.22419097876434796,20.0,89.20965558129097
E01004559,0.17742191395626436,9.0,50.72654104170333
E01004560,0.6955551313796131,28.0,40.255615603701784
E01004562,0.6650261493308125,49.0,73.68131320746802
E01004563,0.15272045782519092,11.0,72.02702346918693
E01004564,0.38356627537754395,22.0,57.35645027276034
E01004565,0.08704698809950134,13.0,149.34462735390693
E01004566,0.09537939786421078,11.0,115.32888911356329
E01004567,0.11744753775809605,9.0,76.62995897399816
E01004568,0.22509102573684972,13.0,57.75441272011479
E01004569,0.2902882085196999,29.0,99.90071642207943
E01004570,0.11713416019924885,13.0,110.98384944141483
E01004571,0.12224987514373331,19.0,155.419381636677
E01004572,0.7841894215334891,59.0,75.23692411538146
E01004573,1.6770226410645215,144.0,85.8664614740045
E01004574,0.21309765937278,13.0,61.00489342897284
E01004575,0.5443086622181156,26.0,47.76701493973518
E01004576,0.43978516012653457,14.0,31.833725348922492
E01004577,0.11540133983454234,17.0,147.31198116394398
E01004579,0.11760192516575585,19.0,161.56198100685984
E01004580,0.10865068675235416,16.0,147.26091917365008
E01004581,0.11121355568441695,14.0,125.88393486605928
E01004582,0.13135322929493398,12.0,91.3567185550939
E01004583,0.15051139470619648,23.0,152.812350486133
E01004584,0.05194007289691365,4.0,77.01182876540948
E01004585,0.12667524213748066,21.0,165.77825031673274
E01004586,0.08654425826703943,9.0,103.99303408701891
E01004587,0.1070352066091534,13.0,121.45536419124612
E01004588,0.1670835540568153,12.0,71.82035400036742
E01004589,0.09573426190076308,16.0,167.12929814600125
E01004590,0.14363252464639495,17.0,118.3575937403582
E01004591,0.12296894366654446,14.0,113.8498842273857
E01004592,0.09599718028282708,17.0,177.08853478731945
E01004593,0.21569527649900422,23.0,106.63191319401092
E01004594,0.14380824254599522,15.0,104.30556506663686
E01004595,0.22835208958050082,12.0,52.55042781541812
E01004596,0.1176363830931896,12.0,102.00925669819173
E01004597,0.13885634831533264,11.0,79.21856028519346
E01004598,0.14301318408914043,15.0,104.88543483271071
E01004599,0.10895828698506496,6.0,55.066945030279584
E01004600,0.1259165394251229,8.0,63.53414759112922
E01004601,0.3024485081033582,25.0,82.6586983575285
E01004602,0.14222225560503282,14.0,98.43747689447123
E01004604,0.3766869810401377,25.0,66.3681020537743
E01004605,0.1930936979428747,16.0,82.86132675719679
E01004606,0.1056764722612218,26.0,246.03395101731414
E01004607,0.1723943472531133,22.0,127.61439310825602
E01004608,0.0961971231958355,17.0,176.72046143616853
E01004609,0.2048826649847701,34.0,165.94864188499005
E01004610,0.2858300230086655,31.0,108.45606655904083
E01004611,0.1229681593393901,13.0,105.71842393867352
E01004612,0.12104790908311229,16.0,132.17906960304697
E01004613,0.09918783868384606,19.0,191.55574163241022
E01004614,0.14399409261099438,17.0,118.06039881043007
E01004615,0.17645966871444066,20.0,113.34034652623878
E01004616,0.10525951814601464,6.0,57.001970992085276
E01004617,0.42856816479013526,44.0,102.66744852956187
E01004618,0.11984843825777111,15.0,125.15807646769551
E01004619,0.5290494211499558,20.0,37.80365160692828
E01004620,0.1065184505397649,22.0,206.53698855473942
E01004621,0.4398461087593203,30.0,68.20567330837915
E01004622,0.20452301753259233,16.0,78.23080352044128
E01004623,0.1493947605389419,14.0,93.71145245987859
E01004624,0.3996962920611134,37.0,92.57028582677648
E01004625,0.24801999937296032,16.0,64.51092670127777
E01004626,0.5754599531085117,45.0,78.19831728849178
E01004627,0.10960532888651367,18.0,164.22559179250635
E01004628,0.22480075534971575,36.0,160.14181066249483
E01004629,0.24389357240423937,14.0,57.40208674624609
E01004630,0.11491055640835332,20.0,174.04841317560724
E01004631,0.16201925287052948,17.0,104.92580171064483
E01004632,0.2791871222451684,13.0,46.563752280035466
E01004633,0.08168083879409072,16.0,195.88437430637083
E01004634,0.12111008996296517,17.0,140.36815599095428
E01004635,0.16541136058612818,25.0,151.13834933352555
E01004636,0.15108440614052515,25.0,165.470419076521
E01004637,0.14204030716893312,18.0,126.72459218630117
E01004638,0.26997928287299383,26.0,96.30368568773169
E01004639,0.22444587466752433,21.0,93.56376022106744
E01004640,0.1675901417662325,33.0,196.90895688859143
E01004641,0.20716946651710025,25.0,120.67415348553037
E01004642,0.22243180071062468,37.0,166.343121270396
E01004643,0.20226864979482756,41.0,202.70071531890187
E01004644,0.39260622381572874,46.0,117.16574320429082
E01004645,0.15929852456789845,34.0,213.4357495916922
E01004646,0.2128088197409132,13.0,61.08769371413748
E01004647,0.19619779176111923,20.0,101.937946500188
E01004648,0.214710836802552,33.0,153.69508354320647
E01004649,0.1937233456177973,29.0,149.69801346098464
E01004650,0.17654960565411992,19.0,107.61847883831068
E01004651,0.10054632348003989,11.0,109.40230949552006
E01004652,0.04734387579837587,5.0,105.61028043613456
E01004653,0.0911114995839693,16.0,175.60900734878405
E01004654,0.11846795640584296,16.0,135.05761798733
E01004656,0.15207916212023093,21.0,138.08597908632476
E01004657,0.12355185137147723,18.0,145.68782094474886
E01004658,0.10123377441952658,28.0,276.58753376085906
E01004659,0.11261875110807534,18.0,159.8312876221312
E01004660,0.06921082418894206,18.0,260.07492629853544
E01004661,0.13180039733275906,27.0,204.85522461538997
E01004662,0.0901900870226405,26.0,288.28001899447327
E01004663,0.09408558860915311,24.0,255.08688795794131
E01004665,0.04651051780057796,12.0,258.0061579071666
E01004666,0.08717881492364878,23.0,263.82556381551416
E01004667,0.1313735978512685,28.0,213.13262678319532
E01004668,0.05520785254208158,10.0,181.1336529052205
E01004669,0.07412411505515762,12.0,161.890634256753
E01004670,0.0842036845301808,11.0,130.63561364772954
E01004674,0.08798259184918882,15.0,170.48827142659695
E01004675,0.0894648635427586,16.0,178.8411602768835
E01004676,0.08148148181914255,7.0,85.90909055308173
E01004677,0.06909477607547089,10.0,144.72874170801558
E01004678,0.08560765934571697,13.0,151.85557109441518
E01004679,0.0782092814794517,13.0,166.2206806415368
E01004680,0.11413562602584408,25.0,219.03765608066297
E01004681,0.177183603607328,37.0,208.82293421460668
E01004682,0.09088664705496298,27.0,297.07334217832863
E01004683,0.1312770920944804,44.0,335.16891102625203
E01004684,0.07946135047080255,30.0,377.5420354959014
E01004686,0.06311932281777884,22.0,348.5461981826468
E01004687,0.18403067916576782,36.0,195.61955736506613
E01004688,0.7498315136497582,33.0,44.00988675359156
E01004689,1.9227812813812128,65.0,33.805196997397346
E01004690,0.23341163482984822,50.0,214.21382887125085
E01004691,0.34984519483537835,61.0,174.3628350496679
E01004692,0.1491068254374251,35.0,234.73103861827084
E01004693,0.08235497227862748,20.0,242.85115332605534
E01004694,0.10352553304168943,25.0,241.4863199973341
E01004695,0.05743364654278748,11.0,191.52536295610471
E01004696,0.06684217732015704,9.0,134.6455241410268
E01004697,0.055931571779243315,8.0,143.0319182084718
E01004698,0.09109908424665983,15.0,164.65588127522784
E01004699,0.11675293263197728,28.0,239.82266970766543
E01004700,0.05715285684750167,6.0,104.98162875758815
E01004701,0.07833510377707305,6.0,76.59401354818996
E01004702,0.16607221171379424,25.0,150.53692452223456
E01004703,0.20740690938439263,35.0,168.75040520050172
E01004705,0.06813130335255808,4.0,58.71016409742313
E01004706,0.1386336381327337,8.0,57.70605249744988
E01004707,0.1275028560875757,5.0,39.21480783587888
E01004708,0.08125986786339132,6.0,73.83718627363265
E01004709,0.08943102615245617,14.0,156.5452237586284
E01004710,0.12673851053912097,15.0,118.35392365109008
E01004711,0.08220085494802694,5.0,60.82661796110692
E01004712,0.09945862744775585,28.0,281.52409417381097
E01004713,0.1787548848456632,39.0,218.17585591393802
E01004714,0.3385467176026007,74.0,218.58135421907733
E01004715,0.10874220900201928,22.0,202.31334457801452
E01004716,0.17916610392163748,28.0,156.27956062630273
E01004717,0.09856638310007076,25.0,253.6361710119609
E01004718,0.07256783295270808,10.0,137.80210312352756
E01004719,0.09806366169062676,13.0,132.56694453254931
E01004720,0.11801799090968956,27.0,228.7786785038656
E01004721,0.11969934361697343,16.0,133.66823506734076
E01004722,0.07984509131562957,12.0,150.2910172970272
E01004723,0.09427981462773906,15.0,159.10086437088404
E01004724,0.08178462019149214,20.0,244.5447561310623
E01004725,0.2706564605999575,31.0,114.53633854253123
E01004726,0.1892583221652898,28.0,147.94593801558722
E01004727,1.1315999394415905,47.0,41.53411321601258
E01004728,0.07529585052141523,19.0,252.33794250848027
E01004729,0.05825247280278551,5.0,85.83326611605938
E01004730,0.44856865511417604,28.0,62.420768104880274
E01004731,0.6786849103511734,72.0,106.08752147258569
E01004732,0.06913875187545858,14.0,202.49136150473996
E01004733,0.45483672037899536,61.0,134.114061743237
E01004734,0.32030766436619573,67.0,209.17388952454604
E01004735,0.4871415260354524,80.0,164.2233226369987
E01004736,1.1920574077656372,140.0,117.44400822307084
E01004737,0.08223701504568023,15.0,182.3996164217286
E01004738,0.08601210816528579,15.0,174.39405125584344
E01004739,0.028714673637536967,2.0,69.65080032759
E01004740,0.04849636933895562,3.0,61.860300902776935
E01004741,0.05678788403935545,11.0,193.70329051839155
E01004742,0.04661643403988813,6.0,128.7099737158359
E01004743,0.04825730962608533,10.0,207.22249287172306
E01004744,0.10689170279521683,20.0,187.10526146557893
E01004745,0.20260364120939184,24.0,118.45789077006708
E01004746,0.040182813627305025,8.0,199.09009046006275
E01004747,0.10724659955443872,31.0,289.0534537112694
E01004748,0.0882260841544692,13.0,147.34871353056045
E01004749,0.13753579724041654,38.0,276.29170559556144
E01004750,0.2565757960969025,48.0,187.07922076122705
E01004751,0.08447904671581152,23.0,272.2568600634458
E01004752,0.03553716904898016,6.0,168.837309233336
E01004753,0.05955791100613901,12.0,201.48456850279862
E01004754,0.08361119070973388,6.0,71.76072902525343
E01004755,0.11544476419165613,12.0,103.94581412179203
E01004756,0.058968702413808846,7.0,118.70703802973274
E01004757,0.12250640553775345,28.0,228.55947717257195
E01004760,0.07058301662335179,6.0,85.00628461400942
E01004761,0.5192637873371225,110.0,211.83838095874094
E01004762,0.29835873754724895,67.0,224.56188329121645
E01004763,0.2943896989297143,64.0,217.39891114627633
E01004765,0.2630573358177503,69.0,262.300231185357
E01032512,0.16475594731409707,11.0,66.76541987907227
E01032513,0.05297669508233211,6.0,113.25734817310297
E01032562,0.22689612917856822,18.0,79.33145472849351
E01032563,0.381430836970297,22.0,57.67756003878941
E01032564,0.1529847082776728,12.0,78.43921222648976
E01032565,0.21597282518522104,19.0,87.97403091664592
E01032566,0.5583261866506005,23.0,41.19455714226307
E01032567,0.4152777591478626,67.0,161.33779987996942
E01032568,0.36672247826052334,39.0,106.34744885284617
E01032569,0.3161346369762052,20.0,63.264184498408376
E01032570,0.46077835854982524,23.0,49.91553872535649
E01032572,0.22496163373114544,29.0,128.9108703516008
E01032573,0.22352631580781737,40.0,178.94984693610328
E01032574,0.3682644000570777,54.0,146.63377723078983
E01032575,0.14659505801125405,13.0,88.67966066770133
E01032576,0.22341536264182382,32.0,143.2309740100636
E01032577,0.3609940782404787,21.0,58.172699403702424
E01032579,0.173877775774515,21.0,120.77449177422673
E01032580,0.12951991120580847,14.0,108.09148855695135
E01032581,0.2878428946444118,25.0,86.85293423999184
E01032582,0.31506360972352615,41.0,130.13245178006505
E01032583,0.15322711864757857,24.0,156.63023759651745
E01032584,0.08659053160324637,25.0,288.7151693969127
E01032623,0.819388930757271,34.0,41.494336478987506
E01032637,0.038808388473993795,7.0,180.37337481021214
E01032638,0.04131714342521769,6.0,145.21817102045668
E01032639,0.08962037559062326,14.0,156.2144758681951
E01032640,0.044701190216280634,9.0,201.33692092883263
E01032646,0.12125799356452861,15.0,123.70318491223925
E01032719,0.04104625913706096,8.0,194.90204876616252
E01032720,0.16573144177558613,15.0,90.50787128438321
E01032722,0.19750317851610036,31.0,156.95949924913688
E01032739,1.6584962250735358,306.0,184.5044898950146
E01032740,0.6393493137863147,91.0,142.33220875937985
E01032741,0.27870739488012686,25.0,89.69980868556644
E01032742,0.22683529839004185,25.0,110.21212385125642
E01032743,0.09742885912911368,13.0,133.43069103141474
E01032744,0.19975104279294945,27.0,135.16825555692674
E01032764,0.32474607979773,34.0,104.69718378487309
E01032765,0.08180025115167155,19.0,232.27312547941662
E01032766,0.07988374059476894,9.0,112.66372772470486
E01032767,0.13366254322382387,29.0,216.96429905151672
E01032768,0.06988021284302987,3.0,42.93060764910409
E01032769,0.10371309940045904,24.0,231.40760558442798
E01032770,0.043909850016376,4.0,91.09573361121062
E01032771,0.3531482277487128,28.0,79.28682009392318
E01032772,0.08304280342247887,14.0,168.58775743366027
E01032773,0.03391435487963458,2.0,58.972078551934686
E01032774,0.20429714816177877,7.0,34.26381651914613
E01032775,0.032986443074544784,0.0,0.0
E01032776,0.08353320011203307,14.0,167.5980326531664
E01032777,0.11310982642388284,11.0,97.25061338859396
E01032778,0.30632675091211387,43.0,140.3729836586712
E01032779,0.02828604928993859,3.0,106.05934993781922
E01032780,0.35253873167743055,50.0,141.82838793936975
E01032781,0.05436793228516197,4.0,73.57278145175432
E01032782,0.07550773933025917,14.0,185.4114574767782
E01032783,0.08207343040186865,16.0,194.94737726517292
E01032784,0.06452570291661812,9.0,139.47930194003538
E01032785,0.0727731117183136,6.0,82.44803414789365
E01032786,0.055613261895785054,8.0,143.85058037040483
E01032787,0.10700343864965087,26.0,242.9828454871327
E01032788,0.11605719458223131,16.0,137.86306017127907
E01032789,0.03062377377532651,5.0,163.271843525323
E01032790,0.07466652460068529,4.0,53.57153050034001
E01032803,0.06060382445265281,10.0,165.00608815228443
E01032805,0.17529340766207488,31.0,176.84635385582112
E01032834,0.033646362697393364,2.0,59.441789235510534
E01033000,0.08184055806124367,16.0,195.50208819478888
E01033030,0.07130883759909627,7.0,98.16455064594565
E01033081,0.09492524483815844,13.0,136.94987062887412
E01033082,0.245139794467965,13.0,53.03096556890867
E01033083,0.13676574506497124,13.0,95.0530411970065
E01033084,0.13241381586536674,19.0,143.48955866749182
E01033085,0.1560517710662648,15.0,96.12194656624882
E01033086,0.060898779208535925,5.0,82.10345207214222
E01033093,0.27963577551716834,25.0,89.40200857263028
E01033098,0.3279126111103206,11.0,33.54552288414195
E01033099,0.10492278426715883,10.0,95.30818372621124
E01033100,0.11514628983818047,14.0,121.58446459434117
E01033101,0.1287436310437134,14.0,108.7432433472881
E01033132,0.2642964761563037,22.0,83.23985366717226
E01033133,0.05893676085149782,6.0,101.8040339053943
E01033135,0.09857957822926552,3.0,30.432266539251472
E01033146,0.1417926389324755,14.0,98.73573201967896
E01033148,0.4514460123754961,29.0,64.23802449245885
E01033150,0.169213479049987,24.0,141.8326727559937
E01033151,0.9853773814357636,45.0,45.6677825651243
E01033153,0.1636919198347735,40.0,244.3614812531675
E01033207,0.2373480866562736,26.0,109.54375224289497
E01033208,0.05314951075941939,22.0,413.9266699854064
E01033320,0.14252883627440782,17.0,119.27410932669268
E01033322,0.07075336896349864,10.0,141.33602606483598
E01033324,0.17794518411491617,17.0,95.53503841397293
E01033325,0.06171662615095712,2.0,32.40617844384521
E01033327,0.3311855845437374,35.0,105.68092825724361
E01033341,0.12835175813851235,10.0,77.91089226224996
E01033424,0.42626615644946203,34.0,79.76237260588393
E01033455,0.06114323926969492,9.0,147.19534174992208
E01033456,0.26616398009542647,31.0,116.46955380245562
E01033457,0.17549333539478057,15.0,85.47333131629637
E01033463,0.4271117327689708,46.0,107.70015541783742
E01033464,0.2441077997592266,15.0,61.44826185314482
E01033485,0.13853646226484453,11.0,79.40147900536793
E01033486,0.06764046087878475,9.0,133.05645590038884
E01033487,0.02412910487791359,2.0,82.88745107286123
E01033488,0.10097768466124862,12.0,118.83813775545144
E01033489,0.09281380002524442,29.0,312.45353591936
E01033490,0.12485020457264275,36.0,288.34554275042285
E01033491,0.18944878340050303,14.0,73.89860071259147
E01033492,0.14988108597679536,8.0,53.37564741983897
E01033493,0.03563629768476488,3.0,84.18382926693731
E01033494,0.1037238087444592,11.0,106.05086848575262
E01033568,0.12883967499473245,16.0,124.18534896687804
E01033569,0.16753283480503536,21.0,125.34856241427859
E01033570,0.47605229426384693,92.0,193.25607944451997
E01033571,0.3347769376403616,67.0,200.13326029039553
E01033572,0.6869220349164217,50.0,72.78846427758506
E01033573,0.14037382001745546,14.0,99.73369676951943
E01033574,0.1364606137737782,7.0,51.29685266991739
E01033575,0.1494032792286741,4.0,26.773174060508193
E01033576,0.3798036562939287,58.0,152.71048353234917
E01033577,0.6542668638927334,44.0,67.25084583714111
E01033578,0.5659538008002126,11.0,19.436215437456017
E01033579,0.44266807766421934,23.0,51.95766571052901
E01033580,0.08661571177086463,11.0,126.99774411713749
E01033581,1.3127418162890006,33.0,25.138225651474972
E01033582,0.16892623370280904,16.0,94.71589846813674
E01033583,1.5849955681664316,129.0,81.38824018872867
E01033584,0.14943552917905706,15.0,100.37773535118718
E01033585,0.2952651638975979,34.0,115.15073282329939
E01033586,0.7044868262245414,26.0,36.906296941474686
E01033587,0.27003345449274907,26.0,96.28436613100527
E01033588,0.1399228476298129,12.0,85.76154790494128
E01033589,0.1202695448000883,20.0,166.29313791154647
E01033590,0.09976129317034962,14.0,140.33498920361816
E01033591,0.2536220951716442,26.0,102.51472760054261
E01033592,0.1512579124055171,14.0,92.5571414900035
E01033593,0.0926282469598513,12.0,129.55011450450175
E01033594,0.2093796951398059,28.0,133.7283444858585
E01033595,0.5153996366243869,97.0,188.20346990405756
E01033596,0.1075072108034064,30.0,279.0510494673669
E01033597,0.06254228732324964,5.0,79.94590882417705
E01033598,0.054138073592788646,9.0,166.24160046209747
E01033599,0.06394281419502977,1.0,15.63897386420833
E01033600,0.06266175756096254,12.0,191.5043635398418
E01033601,0.054131788714813986,13.0,240.1546357259455
E01033602,0.0579538033724166,11.0,189.80635195438276
E01033603,0.048451367400388745,12.0,247.67102857666137
E01033604,0.07317041502575905,19.0,259.66779050400635
E01033605,0.07394414122755476,13.0,175.80838433154514
E01033606,0.02719047799199315,8.0,294.220646005406
E01033607,0.08453068982636006,7.0,82.81016059822949
E01033608,0.05420649053716677,6.0,110.6878519627846
E01033698,0.06018151101983247,17.0,282.4787831332076
E01033699,0.09544956465147314,16.0,167.62779441082617
E01033700,0.10894011484693177,15.0,137.69032666319487
E01033701,0.24775115027825226,21.0,84.76247224852297
E01033702,0.09880233516671441,11.0,111.33340099137452
E01033703,0.06499858136842918,10.0,153.8495116272977
E01033704,0.22087525383406087,36.0,162.98792814085942
E01033705,0.16594104384360206,11.0,66.2886031400851
E01033706,0.13331661151583632,28.0,210.02634016597366
E01033707,0.10457986958786387,23.0,219.9276026126262
E01033708,0.3557695016206266,78.0,219.2430763308514
E01033709,0.08697699113771165,21.0,241.4431647417012
E01033710,0.04139117265020311,5.0,120.7987036814591
E01033711,0.07790019729306084,21.0,269.57569723473125
E01033712,0.16276772058502456,29.0,178.16800466190313
E01033713,0.2614605487488938,15.0,57.370031814650446
E01033724,0.7981831562505873,60.0,75.17071680871598
E01033725,0.9167302399913159,100.0,109.08334386454547
E01033726,1.0309112797157851,74.0,71.78115271025192
E01033727,0.15962946036603906,23.0,144.0836794615464
E01033728,0.07536149646196692,12.0,159.23250682868408
E01033729,0.6911505749660888,29.0,41.959018845383845
E01033730,0.17064086601890796,23.0,134.786001364125
E01033731,0.20000040160850735,16.0,79.99983935691964
E01033732,0.10059520712042856,7.0,69.58582024310442
E01033733,0.4218366456522527,25.0,59.26464724596052
E01033734,0.09589528060112432,13.0,135.56454414136812
E01033735,0.10348111623759818,17.0,164.28118112842049
E01033736,0.13327610208177085,13.0,97.54186832402945
E01033737,0.23731246796656152,37.0,155.91258359511679
E01033738,0.28692217553464516,38.0,132.4400943537792
E01033739,0.11725156587907215,3.0,25.586012242208017
E01033740,0.16435624244308553,18.0,109.51820102746126
E01033741,0.5716697276246844,47.0,82.21530322287188
E01033742,0.12330918552666002,6.0,48.658175580137716
E01033743,1.0048530873220334,30.0,29.85511054153298
E01033744,0.1522619933098416,18.0,118.2172885611143
E01033745,0.5584777026159643,38.0,68.04210771890135
E01033746,0.12897668633233203,22.0,170.5734627366141
