LSOA11CD,LSOA11NM,LAD11NM,LSOA_code,population,area_km2,pop_density
E01000001,City of London 001A,City of London,E01000001,1475,0.13332076877860013,11063.54256364563
E01000002,City of London 001B,City of London,E01000002,1384,0.226191272927728,6118.715289436528
E01000003,City of London 001C,City of London,E01000003,1613,0.05730296649368689,28148.62996975393
E01000005,City of London 001E,City of London,E01000005,1100,0.19073876039384835,5767.050167090615
E01000006,Barking and Dagenham 016A,Barking and Dagenham,E01000006,1845,0.14419584677260047,12795.098064853417
E01000007,Barking and Dagenham 015A,Barking and Dagenham,E01000007,2908,0.19813480910875733,14676.875875978876
E01000008,Barking and Dagenham 015B,Barking and Dagenham,E01000008,1795,0.19342509882137435,9280.07797818245
E01000009,Barking and Dagenham 016B,Barking and Dagenham,E01000009,1804,0.12859152608990265,14028.918194335472
E01000011,Barking and Dagenham 016C,Barking and Dagenham,E01000011,1701,0.0902976797440953,18837.693336314445
E01000012,Barking and Dagenham 015D,Barking and Dagenham,E01000012,2347,0.1403534492452134,16722.06855350968
E01000013,Barking and Dagenham 013A,Barking and Dagenham,E01000013,1871,0.20862586045736115,8968.207469094628
E01000014,Barking and Dagenham 013B,Barking and Dagenham,E01000014,1751,0.34017682153235806,5147.323066023305
E01000015,Barking and Dagenham 009A,Barking and Dagenham,E01000015,2418,0.2799958674749959,8635.841742256898
E01000016,Barking and Dagenham 009B,Barking and Dagenham,E01000016,1851,0.19612992759389705,9437.621390615337
E01000017,Barking and Dagenham 009C,Barking and Dagenham,E01000017,1722,0.16078982064481395,10709.633191294568
E01000018,Barking and Dagenham 009D,Barking and Dagenham,E01000018,1776,0.17350149809473633,10236.22285399667
E01000019,Barking and Dagenham 023A,Barking and Dagenham,E01000019,1657,0.18181781292993737,9113.518490284101
E01000020,Barking and Dagenham 023B,Barking and Dagenham,E01000020,2191,0.18841442966472155,11628.621034486721
E01000021,Barking and Dagenham 008A,Barking and Dagenham,E01000021,1693,0.17135120294586015,9880.292468882857
E01000022,Barking and Dagenham 008B,Barking and Dagenham,E01000022,1477,0.12835300105479253,11507.327353954774
E01000024,Barking and Dagenham 008D,Barking and Dagenham,E01000024,1485,0.1279309578040817,11607.823669030799
E01000025,Barking and Dagenham 008E,Barking and Dagenham,E01000025,1920,0.15057811470384325,12750.856947413988
E01000027,Barking and Dagenham 001A,Barking and Dagenham,E01000027,2082,1.4819370966877128,1404.9179311682606
E01000028,Barking and Dagenham 001B,Barking and Dagenham,E01000028,1817,0.14712224159472131,12350.274032700663
E01000029,Barking and Dagenham 001C,Barking and Dagenham,E01000029,1819,0.25301378478627357,7189.3316071159925
E01000030,Barking and Dagenham 001D,Barking and Dagenham,E01000030,2563,0.2835606426066339,9038.630948355873
E01000031,Barking and Dagenham 002A,Barking and Dagenham,E01000031,1770,0.8435532686862103,2098.2670160909715
E01000032,Barking and Dagenham 002B,Barking and Dagenham,E01000032,2078,0.37926625344087594,5479.000520471935
E01000033,Barking and Dagenham 006A,Barking and Dagenham,E01000033,1543,0.14276809209340438,10807.737060676765
E01000034,Barking and Dagenham 003A,Barking and Dagenham,E01000034,1575,0.5149443663749216,3058.582835049935
E01000035,Barking and Dagenham 010A,Barking and Dagenham,E01000035,1859,0.3943782494923053,4713.748799263512
E01000036,Barking and Dagenham 010B,Barking and Dagenham,E01000036,1470,0.42981569165616257,3420.070575682817
E01000037,Barking and Dagenham 003B,Barking and Dagenham,E01000037,1696,0.2375153996983784,7140.589629782979
E01000038,Barking and Dagenham 003C,Barking and Dagenham,E01000038,1616,0.21230908586438454,7611.544241833546
E01000039,Barking and Dagenham 003D,Barking and Dagenham,E01000039,1752,1.5254465926672542,1148.5161187692684
E01000040,Barking and Dagenham 019A,Barking and Dagenham,E01000040,1879,0.16929417638605876,11099.02325119043
E01000041,Barking and Dagenham 017A,Barking and Dagenham,E01000041,1842,0.1516592531490753,12145.648628438013
E01000042,Barking and Dagenham 017B,Barking and Dagenham,E01000042,1882,0.23200035854633044,8112.056428672135
E01000043,Barking and Dagenham 019B,Barking and Dagenham,E01000043,1537,0.26531213180011337,5793.176473203941
E01000044,Barking and Dagenham 016D,Barking and Dagenham,E01000044,1988,0.17448581015454803,11393.476628495811
E01000045,Barking and Dagenham 017C,Barking and Dagenham,E01000045,1723,0.2995868206667736,5751.254331432923
E01000046,Barking and Dagenham 017D,Barking and Dagenham,E01000046,1956,0.15706861265027738,12453.156407226634
E01000049,Barking and Dagenham 021C,Barking and Dagenham,E01000049,1973,0.21358063944425904,9237.72868708411
E01000050,Barking and Dagenham 019C,Barking and Dagenham,E01000050,1839,0.13816281979840567,13310.382653475788
E01000051,Barking and Dagenham 021D,Barking and Dagenham,E01000051,1107,0.06579607550747271,16824.711678651318
E01000052,Barking and Dagenham 019D,Barking and Dagenham,E01000052,2368,0.20056595551814138,11806.589976262507
E01000053,Barking and Dagenham 020A,Barking and Dagenham,E01000053,1617,0.1780846873873167,9079.94967856604
E01000054,Barking and Dagenham 018A,Barking and Dagenham,E01000054,1871,0.17103239904073625,10939.447791727274
E01000055,Barking and Dagenham 018B,Barking and Dagenham,E01000055,1705,0.14723500137081905,11580.126900028808
E01000056,Barking and Dagenham 018C,Barking and Dagenham,E01000056,1702,0.24895114855069433,6836.682658057385
E01000057,Barking and Dagenham 012A,Barking and Dagenham,E01000057,1550,0.14645700495043423,10583.310784790185
E01000058,Barking and Dagenham 018D,Barking and Dagenham,E01000058,2135,0.18216735262677106,11719.99246415048
E01000059,Barking and Dagenham 013C,Barking and Dagenham,E01000059,1710,0.2093425657795498,8168.429548153776
E01000060,Barking and Dagenham 006B,Barking and Dagenham,E01000060,2180,0.5504013563014506,3960.7460538415366
E01000061,Barking and Dagenham 006C,Barking and Dagenham,E01000061,1925,0.605528214225634,3179.0426189500395
E01000062,Barking and Dagenham 006D,Barking and Dagenham,E01000062,2218,0.22591490877065987,9817.8558115951
E01000063,Barking and Dagenham 004A,Barking and Dagenham,E01000063,1778,0.1825215495831184,9741.315499791534
E01000064,Barking and Dagenham 006E,Barking and Dagenham,E01000064,2296,0.20930318208293527,10969.732887721804
E01000065,Barking and Dagenham 007A,Barking and Dagenham,E01000065,1982,0.23123397172509078,8571.404907391196
E01000066,Barking and Dagenham 011A,Barking and Dagenham,E01000066,2499,0.2458411994230616,10165.09846951868
E01000067,Barking and Dagenham 011B,Barking and Dagenham,E01000067,2237,0.1921496524085156,11641.967455887325
E01000068,Barking and Dagenham 016E,Barking and Dagenham,E01000068,1795,0.34169239824017644,5253.262903256894
E01000069,Barking and Dagenham 011C,Barking and Dagenham,E01000069,2096,0.19535639515448658,10729.108705873165
E01000070,Barking and Dagenham 011D,Barking and Dagenham,E01000070,2073,0.39581801067274175,5237.255365102461
E01000071,Barking and Dagenham 011E,Barking and Dagenham,E01000071,2607,0.27062163209937234,9633.37623742772
E01000072,Barking and Dagenham 017E,Barking and Dagenham,E01000072,2150,0.5225601228877429,4114.359105931751
E01000073,Barking and Dagenham 012B,Barking and Dagenham,E01000073,1848,0.2829285981230471,6531.683301934347
E01000074,Barking and Dagenham 012C,Barking and Dagenham,E01000074,1759,0.16457125577196918,10688.379278318687
E01000075,Barking and Dagenham 012D,Barking and Dagenham,E01000075,2080,0.5161598299549607,4029.759542081176
E01000076,Barking and Dagenham 012E,Barking and Dagenham,E01000076,2161,0.18998105044109664,11374.818672612904
E01000077,Barking and Dagenham 008F,Barking and Dagenham,E01000077,1719,0.17401923788150817,9878.218183960145
E01000078,Barking and Dagenham 007B,Barking and Dagenham,E01000078,1899,0.1717602996911844,11056.105534365613
E01000079,Barking and Dagenham 009E,Barking and Dagenham,E01000079,1716,0.30990890034291324,5537.111061028745
E01000080,Barking and Dagenham 007C,Barking and Dagenham,E01000080,1777,0.23296304409405239,7627.819283141687
E01000081,Barking and Dagenham 007D,Barking and Dagenham,E01000081,1976,0.18634207266798736,10604.153810828933
E01000082,Barking and Dagenham 007E,Barking and Dagenham,E01000082,1913,0.16335065056843162,11711.003251857861
E01000083,Barking and Dagenham 007F,Barking and Dagenham,E01000083,1919,0.17926800802651857,10704.64284802076
E01000084,Barking and Dagenham 013D,Barking and Dagenham,E01000084,1438,0.15248140797235663,9430.657934773892
E01000085,Barking and Dagenham 013E,Barking and Dagenham,E01000085,1646,0.14456950173640867,11385.527239355963
E01000086,Barking and Dagenham 013F,Barking and Dagenham,E01000086,1449,0.13909235827948088,10417.538518460498
E01000087,Barking and Dagenham 020B,Barking and Dagenham,E01000087,1636,0.37516218762107056,4360.780627637314
E01000088,Barking and Dagenham 020C,Barking and Dagenham,E01000088,1975,0.2243513945853797,8803.154549807754
E01000089,Barking and Dagenham 020D,Barking and Dagenham,E01000089,1824,0.15094191988680988,12084.118191737609
E01000090,Barking and Dagenham 020E,Barking and Dagenham,E01000090,1707,1.9434863630440857,878.3184860254554
E01000091,Barking and Dagenham 022A,Barking and Dagenham,E01000091,2091,0.247762283351394,8439.541207466174
E01000093,Barking and Dagenham 022B,Barking and Dagenham,E01000093,1809,0.2922224575125585,6190.48931214418
E01000094,Barking and Dagenham 022C,Barking and Dagenham,E01000094,2461,0.6002381002250448,4100.039632734589
E01000095,Barking and Dagenham 018E,Barking and Dagenham,E01000095,2250,2.297360768501893,979.3847056364696
E01000096,Barking and Dagenham 022D,Barking and Dagenham,E01000096,1658,0.5986500696562551,2769.56453200118
E01000097,Barking and Dagenham 023C,Barking and Dagenham,E01000097,1933,0.18142166228804496,10654.736461023915
E01000098,Barking and Dagenham 023D,Barking and Dagenham,E01000098,1936,0.17364951706217327,11148.893660941405
E01000099,Barking and Dagenham 023E,Barking and Dagenham,E01000099,2778,0.3103078188211444,8952.400911306677
E01000100,Barking and Dagenham 004B,Barking and Dagenham,E01000100,1942,0.2106054318272749,9221.034724273894
E01000101,Barking and Dagenham 004C,Barking and Dagenham,E01000101,1699,0.1609984445373069,10552.896985326488
E01000102,Barking and Dagenham 007G,Barking and Dagenham,E01000102,1784,0.2543907653094997,7012.833181383491
E01000103,Barking and Dagenham 014A,Barking and Dagenham,E01000103,1773,0.6982383012472748,2539.247699292434
E01000104,Barking and Dagenham 014B,Barking and Dagenham,E01000104,1915,0.21616918355333042,8858.802020351603
E01000105,Barking and Dagenham 014C,Barking and Dagenham,E01000105,2332,0.22361036613275567,10428.8546203422
E01000106,Barking and Dagenham 014D,Barking and Dagenham,E01000106,2207,0.22085178769708233,9993.127169190475
E01000107,Barking and Dagenham 010C,Barking and Dagenham,E01000107,1786,0.5394338046702892,3310.878896608329
E01000108,Barking and Dagenham 010D,Barking and Dagenham,E01000108,1915,0.23852925370536532,8028.36536924496
E01000110,Barking and Dagenham 002C,Barking and Dagenham,E01000110,1573,0.18838166418882415,8350.069561033844
E01000111,Barking and Dagenham 002D,Barking and Dagenham,E01000111,2155,0.301411063123134,7149.704385998693
E01000112,Barking and Dagenham 002E,Barking and Dagenham,E01000112,1971,0.27627958887862164,7134.077504603218
E01000113,Barking and Dagenham 002F,Barking and Dagenham,E01000113,1993,0.15467315980308216,12885.234920766683
E01000114,Barking and Dagenham 004E,Barking and Dagenham,E01000114,2419,0.2562110754118604,9441.434161702211
E01000115,Barnet 009A,Barnet,E01000115,1395,0.27982176926447977,4985.316202048186
E01000116,Barnet 009B,Barnet,E01000116,1745,0.2453263090652385,7112.975394481478
E01000117,Barnet 010A,Barnet,E01000117,1736,0.3293836261979263,5270.450204336627
E01000118,Barnet 010B,Barnet,E01000118,2049,0.2850845195483944,7187.342207306955
E01000119,Barnet 009C,Barnet,E01000119,1793,0.4005187223011232,4476.694596693444
E01000120,Barnet 009D,Barnet,E01000120,1495,0.24296999074844122,6153.023241244006
E01000121,Barnet 010C,Barnet,E01000121,1477,0.37664093352656336,3921.506847836632
E01000122,Barnet 009E,Barnet,E01000122,1511,0.23551850950634667,6415.6316340787735
E01000123,Barnet 010D,Barnet,E01000123,1762,0.5245520340864236,3359.056653109267
E01000124,Barnet 010E,Barnet,E01000124,1867,0.2600257774481877,7180.057370935137
E01000126,Barnet 026A,Barnet,E01000126,2274,0.15784449821449242,14406.583857676793
E01000127,Barnet 024B,Barnet,E01000127,1557,0.19629623756748021,7931.8891655514
E01000128,Barnet 024C,Barnet,E01000128,2049,0.24281352149452615,8438.57453814075
E01000129,Barnet 024D,Barnet,E01000129,1604,0.17327633077353924,9256.890383351449
E01000130,Barnet 021A,Barnet,E01000130,1939,0.17637404771983606,10993.680901852596
E01000131,Barnet 024E,Barnet,E01000131,2021,0.33418515507703356,6047.545707211728
E01000132,Barnet 021B,Barnet,E01000132,1617,0.15300403467218232,10568.348759328415
E01000133,Barnet 021C,Barnet,E01000133,1645,0.15936824500405106,10322.006118334208
E01000134,Barnet 024F,Barnet,E01000134,1824,0.16029775300245155,11378.824505244962
E01000135,Barnet 038A,Barnet,E01000135,1699,0.33370733234931266,5091.2875903534205
E01000136,Barnet 038B,Barnet,E01000136,1486,0.5201783159876616,2856.712697026854
E01000137,Barnet 041A,Barnet,E01000137,1658,0.12357233516664123,13417.242603404186
E01000138,Barnet 040A,Barnet,E01000138,1617,0.25894190932491606,6244.643843924912
E01000139,Barnet 041B,Barnet,E01000139,1388,0.3531865624001397,3929.9343399918976
E01000140,Barnet 041C,Barnet,E01000140,1957,0.14427233595054142,13564.624063970843
E01000141,Barnet 039A,Barnet,E01000141,1864,0.36954088156833237,5044.096859024581
E01000142,Barnet 040B,Barnet,E01000142,2237,0.19975443814728547,11198.74992890314
E01000143,Barnet 041D,Barnet,E01000143,1671,0.1713872697194472,9749.848998326115
E01000144,Barnet 038C,Barnet,E01000144,1660,0.19209982398792416,8641.340556898956
E01000145,Barnet 037A,Barnet,E01000145,1614,0.2098368495833182,7691.690011573217
E01000146,Barnet 038D,Barnet,E01000146,1872,0.21025984945456097,8903.269001933515
E01000147,Barnet 030A,Barnet,E01000147,1913,0.20346192698175716,9402.250476923497
E01000150,Barnet 036A,Barnet,E01000150,2255,0.46371233082408203,4862.928695453381
E01000151,Barnet 026B,Barnet,E01000151,1721,0.1428199697817905,12050.135584186539
E01000152,Barnet 026C,Barnet,E01000152,2693,0.18054501218597077,14915.947925640115
E01000153,Barnet 026D,Barnet,E01000153,1929,0.16588494884903804,11628.541428164574
E01000154,Barnet 026E,Barnet,E01000154,1915,0.13319291863853241,14377.641240800882
E01000156,Barnet 022A,Barnet,E01000156,2026,0.17855750247804444,11346.484868364007
E01000157,Barnet 022B,Barnet,E01000157,1582,0.12357215553399056,12802.236824013682
E01000158,Barnet 015A,Barnet,E01000158,1464,0.2700641280181955,5420.934689635505
E01000159,Barnet 015B,Barnet,E01000159,1786,0.49649894876037204,3597.1878781600135
E01000160,Barnet 015C,Barnet,E01000160,1955,0.3022501458921363,6468.1523783207
E01000161,Barnet 015D,Barnet,E01000161,2034,0.23914143266841814,8505.427007373688
E01000162,Barnet 015E,Barnet,E01000162,1651,0.1835397370670173,8995.327259279868
E01000163,Barnet 022C,Barnet,E01000163,1691,0.19685563140930157,8590.051439697341
E01000164,Barnet 022D,Barnet,E01000164,1712,0.5508124745185874,3108.135852399305
E01000165,Barnet 022E,Barnet,E01000165,1812,0.1888479024630531,9595.023171382623
E01000166,Barnet 003A,Barnet,E01000166,1620,0.3747436471587516,4322.9552049316635
E01000167,Barnet 002A,Barnet,E01000167,1389,0.5995909459641818,2316.57934354962
E01000168,Barnet 003B,Barnet,E01000168,1516,0.3124529542552822,4851.930440578867
E01000169,Barnet 003C,Barnet,E01000169,1631,0.23744519351755547,6868.953529183198
E01000170,Barnet 006A,Barnet,E01000170,1906,0.2963327821710499,6431.957969806439
E01000171,Barnet 006B,Barnet,E01000171,2289,0.3328647868609264,6876.666112947425
E01000172,Barnet 003D,Barnet,E01000172,1690,0.5455402224178622,3097.846740813782
E01000173,Barnet 006C,Barnet,E01000173,1690,0.36702673474598474,4604.569204392238
E01000174,Barnet 006D,Barnet,E01000174,1759,0.18762216419603114,9375.22497694976
E01000175,Barnet 006E,Barnet,E01000175,2031,0.5028377394343692,4039.076307766052
E01000176,Barnet 027A,Barnet,E01000176,1722,0.22191826796127023,7759.613554214149
E01000177,Barnet 029A,Barnet,E01000177,1663,0.16802517882819284,9897.326172171086
E01000178,Barnet 027B,Barnet,E01000178,1673,0.41979065681044825,3985.319760833611
E01000179,Barnet 029B,Barnet,E01000179,1789,0.1436969523485212,12449.811709722115
E01000180,Barnet 029C,Barnet,E01000180,1616,0.16989924473287704,9511.519621766096
E01000181,Barnet 029D,Barnet,E01000181,1688,0.14535047861200798,11613.308852637983
E01000182,Barnet 029E,Barnet,E01000182,1619,0.21674590237885816,7469.576043795699
E01000183,Barnet 033A,Barnet,E01000183,1522,0.22824415267872172,6668.297882497692
E01000184,Barnet 027C,Barnet,E01000184,1873,0.6827597672550474,2743.2782214601903
E01000185,Barnet 029F,Barnet,E01000185,1474,0.11898001883706702,12388.634784286907
E01000186,Barnet 014A,Barnet,E01000186,1771,0.24981660319438245,7089.200546938763
E01000187,Barnet 014B,Barnet,E01000187,1737,0.2131345352883165,8149.7820034199685
E01000188,Barnet 014C,Barnet,E01000188,1578,3.2012273297703535,492.9359390772167
E01000189,Barnet 014D,Barnet,E01000189,2469,0.16349117176014075,15101.732854556149
E01000190,Barnet 014E,Barnet,E01000190,1731,0.2447344609446564,7072.972042100127
E01000191,Barnet 014F,Barnet,E01000191,1549,0.2579362743166284,6005.359285365705
E01000192,Barnet 018A,Barnet,E01000192,1997,0.28389664339204684,7034.250127579861
E01000193,Barnet 018B,Barnet,E01000193,1948,0.3032965764458933,6422.7563094419365
E01000194,Barnet 018C,Barnet,E01000194,1906,0.33161387229466427,5747.64857335755
E01000195,Barnet 013A,Barnet,E01000195,2019,0.30714940947138064,6573.34814178806
E01000196,Barnet 028A,Barnet,E01000196,2124,0.24618158206295918,8627.777846747293
E01000197,Barnet 023A,Barnet,E01000197,1851,0.27895268032846604,6635.534018961396
E01000198,Barnet 025A,Barnet,E01000198,2193,0.33044532118064274,6636.4988681475825
E01000199,Barnet 025B,Barnet,E01000199,1580,0.3346328026345254,4721.593303348753
E01000200,Barnet 028B,Barnet,E01000200,1978,0.2752702369295301,7185.666064240621
E01000201,Barnet 028C,Barnet,E01000201,1541,0.39313173008056146,3919.8057091047185
E01000202,Barnet 028D,Barnet,E01000202,1673,0.22585534411134192,7407.396121542496
E01000203,Barnet 028E,Barnet,E01000203,1843,0.3026680081127771,6089.180060659995
E01000204,Barnet 025C,Barnet,E01000204,1701,0.3219478391564704,5283.464565119489
E01000205,Barnet 035A,Barnet,E01000205,1506,0.378946063197065,3974.1803550993172
E01000206,Barnet 033B,Barnet,E01000206,1501,1.3217957468601047,1135.5763578189678
E01000207,Barnet 033C,Barnet,E01000207,1579,0.34462303864004035,4581.817879126966
E01000208,Barnet 033D,Barnet,E01000208,1629,0.4074212969241628,3998.3182329892325
E01000209,Barnet 035B,Barnet,E01000209,1483,0.4011342979073954,3697.016205635851
E01000210,Barnet 033E,Barnet,E01000210,1548,0.5013929921075512,3087.398556356262
E01000211,Barnet 035C,Barnet,E01000211,2128,0.2770349744606499,7681.340611029102
E01000212,Barnet 035D,Barnet,E01000212,1347,0.3451048142522158,3903.1620086747353
E01000213,Barnet 033F,Barnet,E01000213,1351,0.42779661712843503,3158.0427378517506
E01000214,Barnet 038E,Barnet,E01000214,1627,0.3345473180859457,4863.288127098425
E01000215,Barnet 037B,Barnet,E01000215,2146,0.22287963360600752,9628.515469446449
E01000216,Barnet 035E,Barnet,E01000216,1978,0.19781747820128184,9999.116448079272
E01000217,Barnet 035F,Barnet,E01000217,1785,0.21217739279309822,8412.771862743253
E01000218,Barnet 037C,Barnet,E01000218,1844,0.15045916116194247,12255.817364389415
E01000219,Barnet 037D,Barnet,E01000219,2196,0.19178942404215477,11450.057848431337
E01000220,Barnet 037E,Barnet,E01000220,1888,0.15169105410074996,12446.350321661228
E01000221,Barnet 039B,Barnet,E01000221,1412,0.42158822439868726,3349.2396568095337
E01000222,Barnet 040C,Barnet,E01000222,2038,0.41283363873076223,4936.61322334521
E01000223,Barnet 039C,Barnet,E01000223,2032,0.54726657246597,3712.998568218514
E01000224,Barnet 040D,Barnet,E01000224,1692,0.16259863626695156,10405.991334528197
E01000225,Barnet 037F,Barnet,E01000225,1870,0.3090565288550914,6050.673017416806
E01000226,Barnet 018D,Barnet,E01000226,1735,0.17652639662478223,9828.558409243746
E01000227,Barnet 018E,Barnet,E01000227,1869,0.25537415883268166,7318.6731521435895
E01000228,Barnet 007A,Barnet,E01000228,1436,2.8999156908030073,495.18680993182994
E01000229,Barnet 013B,Barnet,E01000229,1670,0.28146582361469114,5933.224782153744
E01000230,Barnet 013C,Barnet,E01000230,1960,0.2707312202103737,7239.652665388821
E01000231,Barnet 013D,Barnet,E01000231,1787,0.36249482853561227,4929.725500413425
E01000232,Barnet 013E,Barnet,E01000232,1871,0.2973262055818531,6292.751748331578
E01000233,Barnet 013F,Barnet,E01000233,1938,0.26163277372959753,7407.328876935579
E01000234,Barnet 021D,Barnet,E01000234,1781,0.275321550356421,6468.799836752278
E01000235,Barnet 021E,Barnet,E01000235,1862,0.3526459178620062,5280.083805559941
E01000236,Barnet 034A,Barnet,E01000236,1952,0.22789947160570387,8565.180016640044
E01000237,Barnet 032A,Barnet,E01000237,2100,0.33064377093744823,6351.246218992832
E01000238,Barnet 034B,Barnet,E01000238,2096,0.21841234266672122,9596.527258527321
E01000239,Barnet 031A,Barnet,E01000239,2058,0.4334167463877126,4748.316757837081
E01000240,Barnet 031B,Barnet,E01000240,1734,0.43876183631708754,3952.0301367935303
E01000241,Barnet 031C,Barnet,E01000241,1788,0.3337551450445264,5357.220784600825
E01000242,Barnet 032B,Barnet,E01000242,1601,0.276179946920923,5796.945136130412
E01000243,Barnet 032C,Barnet,E01000243,2165,0.18614948171884008,11630.437968503255
E01000244,Barnet 032D,Barnet,E01000244,1638,0.22173854735049803,7387.078248559298
E01000245,Barnet 032E,Barnet,E01000245,2057,0.18010526269295682,11421.098802130899
E01000246,Barnet 002B,Barnet,E01000246,1520,1.080308090772709,1407.0060318744756
E01000247,Barnet 002C,Barnet,E01000247,1696,0.2678226276203188,6332.549325908153
E01000248,Barnet 001A,Barnet,E01000248,1703,0.27520562119602215,6188.100346929306
E01000249,Barnet 001B,Barnet,E01000249,1613,0.8097714971018621,1991.919949977072
E01000250,Barnet 001C,Barnet,E01000250,2610,0.5850894747560864,4460.856181164536
E01000251,Barnet 002D,Barnet,E01000251,2262,0.22650846581620548,9986.381709173918
E01000252,Barnet 002E,Barnet,E01000252,1715,0.22766213756482573,7533.092759052487
E01000253,Barnet 007B,Barnet,E01000253,1984,3.3193440062266673,597.7084617557771
E01000254,Barnet 001D,Barnet,E01000254,1600,1.5237603812714537,1050.0338633722256
E01000255,Barnet 017A,Barnet,E01000255,1700,1.0792415158187032,1575.1803234796753
E01000256,Barnet 016A,Barnet,E01000256,1928,0.5558636464423249,3468.476509193779
E01000257,Barnet 017B,Barnet,E01000257,2090,0.6734601642084816,3103.375835831922
E01000258,Barnet 016B,Barnet,E01000258,1891,0.7933227178386725,2383.6453406399837
E01000259,Barnet 025D,Barnet,E01000259,2643,1.2973515473761372,2037.2273076988306
E01000260,Barnet 025E,Barnet,E01000260,2166,0.8196596679593848,2642.560180364185
E01000261,Barnet 017C,Barnet,E01000261,1768,1.1941073358186538,1480.603918062272
E01000263,Barnet 016C,Barnet,E01000263,1525,0.39576455958318174,3853.301067700772
E01000264,Barnet 016D,Barnet,E01000264,1823,0.380178494726164,4795.11604493325
E01000265,Barnet 011A,Barnet,E01000265,1922,0.2089991122035608,9196.211312744774
E01000266,Barnet 011B,Barnet,E01000266,1436,0.6342592306369567,2264.0584963310553
E01000267,Barnet 005A,Barnet,E01000267,1527,0.2766076230638192,5520.4552321672245
E01000268,Barnet 005B,Barnet,E01000268,2075,0.25269841437928975,8211.369292114005
E01000269,Barnet 005C,Barnet,E01000269,1386,0.2730618689612275,5075.772773666909
E01000270,Barnet 005D,Barnet,E01000270,1545,0.25075122819180257,6161.485274234475
E01000271,Barnet 008A,Barnet,E01000271,1638,0.3494699262153831,4687.09859454538
E01000272,Barnet 008B,Barnet,E01000272,1426,0.47185708485907824,3022.101491653728
E01000273,Barnet 008C,Barnet,E01000273,1670,0.32929705904533846,5071.4087907176545
E01000274,Barnet 011C,Barnet,E01000274,1936,0.2662954609539545,7270.120163012302
E01000275,Barnet 012A,Barnet,E01000275,1740,0.33159636017269184,5247.343484391164
E01000276,Barnet 020A,Barnet,E01000276,1538,0.5116762568103547,3005.8068544893167
E01000277,Barnet 012B,Barnet,E01000277,1652,0.1843723350200188,8960.129510865223
E01000278,Barnet 020B,Barnet,E01000278,1476,0.27418518012677906,5383.2231170098985
E01000279,Barnet 007C,Barnet,E01000279,1365,5.027074923723473,271.5296709739442
E01000280,Barnet 007D,Barnet,E01000280,1337,1.0158176069131448,1316.1811637257013
E01000281,Barnet 008D,Barnet,E01000281,1789,0.2674748271792037,6688.47988002026
E01000282,Barnet 008E,Barnet,E01000282,1808,0.5277956942589429,3425.567922713999
E01000283,Barnet 012C,Barnet,E01000283,1371,0.3322297037701118,4126.662921593161
E01000284,Barnet 012D,Barnet,E01000284,1806,0.2791730350549151,6469.106157207298
E01000285,Barnet 004A,Barnet,E01000285,1513,0.20597552963188748,7345.532756750195
E01000286,Barnet 007E,Barnet,E01000286,1715,0.26762599542136917,6408.196622677791
E01000287,Barnet 004B,Barnet,E01000287,1631,0.27684396116687454,5891.405371912282
E01000288,Barnet 004C,Barnet,E01000288,1548,0.3351970503580454,4618.179063170402
E01000289,Barnet 004D,Barnet,E01000289,1583,0.28760609987800906,5504.055722988646
E01000290,Barnet 007F,Barnet,E01000290,1621,2.0476265853418343,791.6482485645142
E01000291,Barnet 004E,Barnet,E01000291,1561,0.24361668735452938,6407.607036082529
E01000292,Barnet 001E,Barnet,E01000292,1545,0.28646002041366564,5393.422781192734
E01000293,Barnet 001F,Barnet,E01000293,1772,0.27441520875411085,6457.368044741998
E01000294,Barnet 004F,Barnet,E01000294,1811,0.32725753767597765,5533.8679526248125
E01000295,Barnet 023B,Barnet,E01000295,1615,0.2036873520889697,7928.818276819541
E01000296,Barnet 023C,Barnet,E01000296,1785,0.22263090836076688,8017.7546466614585
E01000297,Barnet 027D,Barnet,E01000297,1421,0.23161356032510183,6135.219362827586
E01000298,Barnet 023D,Barnet,E01000298,1711,0.2678173906845232,6388.681465482131
E01000299,Barnet 019A,Barnet,E01000299,2219,0.16594671354778687,13371.762251627872
E01000300,Barnet 019B,Barnet,E01000300,1667,0.1700338055373718,9803.932781082227
E01000301,Barnet 020C,Barnet,E01000301,1495,0.28881845597173156,5176.262005037257
E01000302,Barnet 019C,Barnet,E01000302,1800,0.21775250306806035,8266.265483237155
E01000303,Barnet 020D,Barnet,E01000303,1502,0.2122780419599454,7075.625844916222
E01000304,Barnet 020E,Barnet,E01000304,1557,0.17695512063274338,8798.841166238035
E01000305,Barnet 036B,Barnet,E01000305,1621,0.6891887465951416,2352.0407261557384
E01000306,Barnet 036C,Barnet,E01000306,1971,0.14490800222658376,13601.733304680221
E01000307,Barnet 039D,Barnet,E01000307,1653,0.4991235537952707,3311.805238263758
E01000308,Barnet 036D,Barnet,E01000308,2110,0.5274151253327826,4000.6437029439676
E01000309,Barnet 031D,Barnet,E01000309,2051,0.28809077761248825,7119.283779221861
E01000310,Barnet 034C,Barnet,E01000310,2193,0.31016285153080064,7070.479231076532
E01000311,Barnet 034D,Barnet,E01000311,1771,0.33891743710042477,5225.461443210531
E01000312,Barnet 036E,Barnet,E01000312,1768,0.1470394251824187,12023.986069087254
E01000313,Barnet 036F,Barnet,E01000313,1901,0.2172058419466978,8752.06662473887
E01000314,Barnet 032F,Barnet,E01000314,2166,0.24636556454970293,8791.813108942102
E01000315,Barnet 022F,Barnet,E01000315,1699,0.5072591503241316,3349.372798724996
E01000316,Barnet 027E,Barnet,E01000316,2287,0.4055190691535466,5639.685464788946
E01000317,Barnet 019D,Barnet,E01000317,1584,0.1706830344945914,9280.359964834079
E01000318,Barnet 019E,Barnet,E01000318,1926,0.2716399435876568,7090.268001688381
E01000319,Barnet 027F,Barnet,E01000319,1402,0.15927168838143288,8802.568832210849
E01000320,Barnet 011D,Barnet,E01000320,1934,0.23740517534127387,8146.410444590531
E01000321,Barnet 012E,Barnet,E01000321,1961,0.1768306335260143,11089.707483921382
E01000322,Barnet 011E,Barnet,E01000322,1859,0.20012168883193374,9289.347950492393
E01000323,Barnet 019F,Barnet,E01000323,2367,0.21394302047800778,11063.693476475504
E01000324,Barnet 015F,Barnet,E01000324,1831,0.2727436922184063,6713.2624960352205
E01000325,Bexley 014A,Bexley,E01000325,1647,0.3914890433807053,4207.014290303822
E01000326,Bexley 014B,Bexley,E01000326,1381,0.2718258619099423,5080.458460783008
E01000327,Bexley 017A,Bexley,E01000327,1628,0.38652000115612806,4211.9424483350285
E01000328,Bexley 017B,Bexley,E01000328,1635,0.5522942757476424,2960.37831966789
E01000329,Bexley 017C,Bexley,E01000329,1695,0.4811079871485361,3523.117564615883
E01000330,Bexley 017D,Bexley,E01000330,1656,0.2559012356734361,6471.246594968676
E01000331,Bexley 017E,Bexley,E01000331,1689,0.5332003742291479,3167.664693487511
E01000332,Bexley 005A,Bexley,E01000332,1593,0.27888172701899366,5712.098878000373
E01000333,Bexley 003A,Bexley,E01000333,1917,0.2894050590285129,6623.933964510042
E01000334,Bexley 006A,Bexley,E01000334,1675,0.26884848752500495,6230.274960517352
E01000335,Bexley 003B,Bexley,E01000335,2726,1.3977987954907212,1950.2091494097983
E01000336,Bexley 003C,Bexley,E01000336,1998,0.18112186770657301,11031.246669987224
E01000337,Bexley 003D,Bexley,E01000337,1736,0.2750982317474391,6310.473131625866
E01000338,Bexley 003E,Bexley,E01000338,1854,0.17166461015679887,10800.129381976587
E01000339,Bexley 025A,Bexley,E01000339,1619,0.25914544171925363,6247.456985000535
E01000340,Bexley 018A,Bexley,E01000340,1584,0.23002550432238444,6886.192923111685
E01000341,Bexley 022A,Bexley,E01000341,1542,0.2382160902884707,6473.114381705686
E01000342,Bexley 022B,Bexley,E01000342,1524,0.22308758841882353,6831.397527767658
E01000343,Bexley 022C,Bexley,E01000343,1509,0.3082939118325722,4894.67985608326
E01000344,Bexley 025B,Bexley,E01000344,1592,0.22435835821959388,7095.790915183145
E01000345,Bexley 022D,Bexley,E01000345,1342,0.2099792842194227,6391.10665125254
E01000346,Bexley 021A,Bexley,E01000346,1588,0.35121539117822625,4521.441941005826
E01000347,Bexley 021B,Bexley,E01000347,1521,0.19653023872809564,7739.267045334131
E01000348,Bexley 020A,Bexley,E01000348,1515,0.2946573734139909,5141.564870570671
E01000349,Bexley 020B,Bexley,E01000349,1723,0.3299118585804302,5222.607054544372
E01000350,Bexley 021C,Bexley,E01000350,1486,0.2641372468208625,5625.863137006963
E01000351,Bexley 024A,Bexley,E01000351,1612,0.3110395072172459,5182.621379586024
E01000352,Bexley 021D,Bexley,E01000352,1618,0.34559162302409707,4681.826445449407
E01000353,Bexley 011A,Bexley,E01000353,1637,0.3349726938774019,4886.965504714043
E01000354,Bexley 011B,Bexley,E01000354,1492,0.20510287438544816,7274.3982963207845
E01000355,Bexley 011C,Bexley,E01000355,1441,0.421092372363259,3422.0520118016025
E01000356,Bexley 009A,Bexley,E01000356,1568,0.3125147716631455,5017.362832660343
E01000357,Bexley 009B,Bexley,E01000357,1403,0.19891530902827034,7053.252999248048
E01000358,Bexley 011D,Bexley,E01000358,1658,0.294250768030393,5634.6496938582195
E01000359,Bexley 009C,Bexley,E01000359,1263,0.20682434335983446,6106.63125763017
E01000360,Bexley 015A,Bexley,E01000360,1910,0.44405393758382816,4301.279277901756
E01000361,Bexley 020C,Bexley,E01000361,1591,0.2834119224056145,5613.7370174674115
E01000362,Bexley 015B,Bexley,E01000362,1864,0.3973676539993115,4690.869982092779
E01000363,Bexley 020D,Bexley,E01000363,1559,0.42061050043724013,3706.517070732571
E01000364,Bexley 023A,Bexley,E01000364,1698,0.43052570275746904,3944.015395885773
E01000365,Bexley 015C,Bexley,E01000365,1728,0.34130427147716075,5062.931068870708
E01000366,Bexley 015D,Bexley,E01000366,1640,0.2326591503336342,7048.938318773335
E01000367,Bexley 010A,Bexley,E01000367,2266,0.26230500413988084,8638.798209094011
E01000368,Bexley 010B,Bexley,E01000368,1680,0.24180145222788274,6947.8490907354235
E01000369,Bexley 014C,Bexley,E01000369,1727,0.2671347907138297,6464.901091262436
E01000370,Bexley 014D,Bexley,E01000370,1558,0.32668839726825966,4769.0705058026615
E01000371,Bexley 014E,Bexley,E01000371,1620,0.22793407668599097,7107.318148974109
E01000372,Bexley 010C,Bexley,E01000372,1689,0.2268548251276479,7445.290172027967
E01000373,Bexley 008A,Bexley,E01000373,1325,0.08972479590614876,14767.37825501366
E01000374,Bexley 019A,Bexley,E01000374,1579,0.7419311904235039,2128.229706987634
E01000375,Bexley 019B,Bexley,E01000375,2128,0.42530686696873754,5003.446135649674
E01000376,Bexley 019C,Bexley,E01000376,1614,0.5463720853913027,2954.030857641784
E01000377,Bexley 019D,Bexley,E01000377,1474,0.4300818399513391,3427.25468289192
E01000379,Bexley 019F,Bexley,E01000379,1712,0.3301716715356895,5185.181369549881
E01000380,Bexley 010D,Bexley,E01000380,1736,0.22258028387408346,7799.43294969503
E01000381,Bexley 028A,Bexley,E01000381,1617,2.054759917586316,786.9532523777553
E01000382,Bexley 027A,Bexley,E01000382,1572,0.5816990325731545,2702.428424276785
E01000383,Bexley 028B,Bexley,E01000383,1593,2.796792402574373,569.5810667011559
E01000384,Bexley 027B,Bexley,E01000384,1719,0.3031942815401877,5669.631997238545
E01000385,Bexley 028C,Bexley,E01000385,2006,0.5892310132109645,3404.437232637286
E01000386,Bexley 028D,Bexley,E01000386,1537,0.5513391629377219,2787.7577058200313
E01000387,Bexley 027C,Bexley,E01000387,1558,0.3094637722937132,5034.514988466231
E01000388,Bexley 016A,Bexley,E01000388,1513,0.5305680114221769,2851.6608001760865
E01000389,Bexley 020E,Bexley,E01000389,1700,0.44503995767218485,3819.8817222884404
E01000390,Bexley 020F,Bexley,E01000390,1332,0.5386434305234509,2472.87894833428
E01000391,Bexley 021E,Bexley,E01000391,1748,0.4680902133554824,3734.3228935925517
E01000392,Bexley 016B,Bexley,E01000392,1957,0.22071927459950233,8866.466254707475
E01000393,Bexley 020G,Bexley,E01000393,1695,0.278644048686517,6083.029614269373
E01000394,Bexley 015E,Bexley,E01000394,1628,0.23868418355811824,6820.7284443026
E01000395,Bexley 018B,Bexley,E01000395,1529,0.31725729373776107,4819.432146022915
E01000396,Bexley 018C,Bexley,E01000396,1452,0.21547486447193034,6738.60500415421
E01000398,Bexley 029A,Bexley,E01000398,1593,0.2330208127184502,6836.29921900907
E01000399,Bexley 029B,Bexley,E01000399,1571,0.2946466653493046,5331.809875185841
E01000400,Bexley 029C,Bexley,E01000400,1573,0.2816355539492316,5585.232325757966
E01000401,Bexley 013A,Bexley,E01000401,1816,0.2679188624415706,6778.171508532903
E01000402,Bexley 005B,Bexley,E01000402,1605,0.31585832817306114,5081.392057266284
E01000403,Bexley 004A,Bexley,E01000403,2403,0.6249249179673452,3845.261936131608
E01000404,Bexley 004B,Bexley,E01000404,2423,0.1692824853886928,14313.353176712302
E01000405,Bexley 004C,Bexley,E01000405,1576,0.39501839548188594,3989.6876146171007
E01000406,Bexley 005C,Bexley,E01000406,2144,0.4235083226076557,5062.474302272999
E01000407,Bexley 005D,Bexley,E01000407,1870,0.4362644836158573,4286.390641981724
E01000408,Bexley 004D,Bexley,E01000408,1774,1.0842676757754137,1636.1273508696313
E01000409,Bexley 016C,Bexley,E01000409,1742,0.2260384031368989,7706.65504544804
E01000410,Bexley 018D,Bexley,E01000410,1658,0.27847674224526076,5953.818572539038
E01000411,Bexley 016D,Bexley,E01000411,1494,0.18955558367320655,7881.593203688756
E01000412,Bexley 018E,Bexley,E01000412,1766,0.2420195572944684,7296.930957737785
E01000413,Bexley 018F,Bexley,E01000413,1347,0.20557984747324384,6552.198654468365
E01000414,Bexley 016E,Bexley,E01000414,1894,0.2924383616808561,6476.578480038678
E01000415,Bexley 016F,Bexley,E01000415,1465,0.22702526827340527,6453.026181366334
E01000416,Bexley 002A,Bexley,E01000416,1631,0.17651891902565056,9239.802787161832
E01000417,Bexley 006B,Bexley,E01000417,1739,0.7372639712304799,2358.720984422501
E01000418,Bexley 002B,Bexley,E01000418,1946,0.5174217206955505,3760.955371923826
E01000419,Bexley 006C,Bexley,E01000419,1495,0.2677976470166682,5582.573322262792
E01000420,Bexley 006D,Bexley,E01000420,1522,0.273389825581791,5567.142071805661
E01000421,Bexley 009D,Bexley,E01000421,1521,0.28399633937157304,5355.702835345231
E01000422,Bexley 002C,Bexley,E01000422,1338,0.10534506567903328,12701.11695669388
E01000423,Bexley 025C,Bexley,E01000423,1607,0.29022675404499865,5537.049832941453
E01000424,Bexley 026A,Bexley,E01000424,1727,0.3878983415111109,4452.197432121612
E01000425,Bexley 025D,Bexley,E01000425,1800,0.358781165684114,5016.985762248165
E01000426,Bexley 026B,Bexley,E01000426,1672,0.2591201323681662,6452.605533654053
E01000427,Bexley 026C,Bexley,E01000427,2011,0.4072628582428835,4937.842868059133
E01000428,Bexley 027D,Bexley,E01000428,1902,0.884199853868744,2151.09739238019
E01000429,Bexley 008B,Bexley,E01000429,1693,0.3116609631373431,5432.1849709933895
E01000430,Bexley 008C,Bexley,E01000430,2050,1.507468848907021,1359.8954309976868
E01000431,Bexley 008D,Bexley,E01000431,1199,0.1471614054783009,8147.51664067787
E01000433,Bexley 008F,Bexley,E01000433,1957,0.31249245422926125,6262.55121848235
E01000434,Bexley 008G,Bexley,E01000434,1593,1.5552285045921963,1024.2867818434872
E01000435,Bexley 010E,Bexley,E01000435,1490,0.1731062358101113,8607.431113194869
E01000436,Bexley 011E,Bexley,E01000436,1757,0.27713891427504495,6339.780916714841
E01000437,Bexley 007A,Bexley,E01000437,1373,0.26657651261754817,5150.491266159726
E01000438,Bexley 007B,Bexley,E01000438,1688,0.18622194847376577,9064.452465643699
E01000439,Bexley 007C,Bexley,E01000439,1424,0.24857285732040751,5728.702704513231
E01000440,Bexley 007D,Bexley,E01000440,1385,0.24017157419719343,5766.710755132256
E01000441,Bexley 007E,Bexley,E01000441,1802,0.2382657224104723,7562.984644915076
E01000442,Bexley 006E,Bexley,E01000442,1679,0.308784543713161,5437.448325003185
E01000443,Bexley 024B,Bexley,E01000443,1330,0.2725889707881543,4879.140913715196
E01000444,Bexley 023B,Bexley,E01000444,1642,1.3841857815704333,1186.2569474865309
E01000445,Bexley 024C,Bexley,E01000445,1666,0.5914382722559915,2816.862009360982
E01000446,Bexley 024D,Bexley,E01000446,1505,0.27566412308915406,5459.542515488168
E01000447,Bexley 023C,Bexley,E01000447,1959,0.9892530032987662,1980.2820850353878
E01000448,Bexley 023D,Bexley,E01000448,1346,0.46036530339792336,2923.7650840870724
E01000449,Bexley 023E,Bexley,E01000449,1562,0.4548165872179768,3434.3514372561594
E01000450,Bexley 009E,Bexley,E01000450,1801,0.22899149094672155,7864.921061276599
E01000451,Bexley 009F,Bexley,E01000451,1750,0.20786364397060705,8418.98066718901
E01000452,Bexley 009G,Bexley,E01000452,1420,0.16131736335507446,8802.524232152546
E01000453,Bexley 013B,Bexley,E01000453,1477,0.20922813591424042,7059.28002247939
E01000454,Bexley 013C,Bexley,E01000454,1631,0.2035342777987077,8013.392228767649
E01000455,Bexley 013D,Bexley,E01000455,1792,0.2622205942187225,6833.940733523254
E01000456,Bexley 013E,Bexley,E01000456,1422,0.16895797363599074,8416.294119765007
E01000457,Bexley 026D,Bexley,E01000457,2175,0.2996509531468154,7258.445124766043
E01000458,Bexley 027E,Bexley,E01000458,1542,0.33441435366722555,4611.046096228389
E01000459,Bexley 027F,Bexley,E01000459,1871,0.316464922503177,5912.187629519089
E01000460,Bexley 022E,Bexley,E01000460,1261,0.5092718565322042,2476.0842049795456
E01000461,Bexley 024E,Bexley,E01000461,1637,0.5482907835821791,2985.6420151819725
E01000462,Bexley 026E,Bexley,E01000462,2054,0.46282962096935654,4437.918203459137
E01000463,Bexley 025E,Bexley,E01000463,1251,0.23526407426058166,5317.428952685635
E01000464,Bexley 002D,Bexley,E01000464,1518,0.14582164881787785,10409.976929391927
E01000465,Bexley 002E,Bexley,E01000465,1690,0.26540286465051216,6367.678066419615
E01000466,Bexley 001A,Bexley,E01000466,1713,2.3635816118079926,724.7475574535638
E01000467,Bexley 001B,Bexley,E01000467,1677,0.17476778416600322,9595.589988181695
E01000468,Bexley 001C,Bexley,E01000468,2932,0.2905979703050114,10089.540532311961
E01000469,Bexley 001D,Bexley,E01000469,1738,0.3799782158117449,4573.9464202891795
E01000470,Bexley 002F,Bexley,E01000470,1307,0.3565822104320818,3665.353912121043
E01000471,Brent 026A,Brent,E01000471,1721,0.1394024593752964,12345.549768004877
E01000472,Brent 029A,Brent,E01000472,2404,0.4296022588903766,5595.873741933556
E01000473,Brent 029B,Brent,E01000473,2704,0.17363734813766693,15572.686573490837
E01000474,Brent 026B,Brent,E01000474,2272,0.19627712805045827,11575.469962123767
E01000475,Brent 029C,Brent,E01000475,2124,0.3128069512774675,6790.130434524645
E01000476,Brent 026C,Brent,E01000476,2196,0.2277964533273568,9640.1852088725
E01000477,Brent 026D,Brent,E01000477,2376,0.3792191180169774,6265.506898556808
E01000478,Brent 029D,Brent,E01000478,2528,0.1921985355433175,13153.06587978784
E01000479,Brent 009A,Brent,E01000479,1759,0.3102098503817576,5670.355076846525
E01000480,Brent 006A,Brent,E01000480,1688,0.2963005316102017,5696.918567195314
E01000481,Brent 009B,Brent,E01000481,1635,0.25790233545302954,6339.6091281142135
E01000483,Brent 009D,Brent,E01000483,1852,0.2237242659264023,8278.047051942256
E01000484,Brent 006B,Brent,E01000484,1765,0.30474708772426173,5791.687832623325
E01000485,Brent 006C,Brent,E01000485,1604,0.1759676728992784,9115.310633891879
E01000486,Brent 006D,Brent,E01000486,1698,0.7467369299001284,2273.8931637237993
E01000487,Brent 006E,Brent,E01000487,1987,0.3070415799462804,6471.4362150808465
E01000488,Brent 022A,Brent,E01000488,1647,0.16128776678876572,10211.561811485875
E01000489,Brent 030A,Brent,E01000489,1728,0.31971338073817773,5404.841036087594
E01000490,Brent 023A,Brent,E01000490,1771,0.1326177273043544,13354.172447365192
E01000491,Brent 030B,Brent,E01000491,2066,0.36617124440681237,5642.16888015569
E01000492,Brent 030C,Brent,E01000492,1273,0.16130278398963424,7891.990259026195
E01000493,Brent 030D,Brent,E01000493,1597,0.1836679146792149,8695.040735826067
E01000494,Brent 023B,Brent,E01000494,1761,0.22056377000637392,7984.0855093704195
E01000495,Brent 023C,Brent,E01000495,1591,0.17515112532394758,9083.584230802942
E01000497,Brent 011A,Brent,E01000497,2070,0.3049650909984554,6787.662132812716
E01000498,Brent 010B,Brent,E01000498,1683,0.2871984310808552,5860.05986754915
E01000499,Brent 011B,Brent,E01000499,1896,0.5237230010662962,3620.2343531595097
E01000501,Brent 011C,Brent,E01000501,2031,0.15823499006708616,12835.340648354237
E01000502,Brent 011D,Brent,E01000502,1882,0.3722564030897519,5055.655146235981
E01000503,Brent 011E,Brent,E01000503,2093,0.4035966451435866,5185.8706587002935
E01000504,Brent 018A,Brent,E01000504,1799,0.1477737835798451,12174.013254712158
E01000505,Brent 018B,Brent,E01000505,1677,0.15655576707614388,10711.837904919588
E01000506,Brent 014A,Brent,E01000506,1657,0.29737590289688076,5572.072195017724
E01000507,Brent 018C,Brent,E01000507,1617,0.23814179743714464,6790.07220656757
E01000508,Brent 025A,Brent,E01000508,2613,0.2302671717454191,11347.687906154963
E01000509,Brent 014B,Brent,E01000509,1438,0.12881569494209785,11163.235975603558
E01000510,Brent 014C,Brent,E01000510,1672,0.1791130421164046,9334.886953197836
E01000511,Brent 014D,Brent,E01000511,1770,0.1652022260357549,10714.141343452096
E01000512,Brent 018D,Brent,E01000512,1703,0.15323387558633284,11113.730521294034
E01000513,Brent 002A,Brent,E01000513,1678,0.16834063491163584,9967.884467590393
E01000514,Brent 002B,Brent,E01000514,1570,0.1579724661950939,9938.440779047349
E01000515,Brent 003A,Brent,E01000515,1875,0.3799883638853397,4934.361623151638
E01000516,Brent 002C,Brent,E01000516,2345,0.24769070833552975,9467.452435976678
E01000517,Brent 003B,Brent,E01000517,1623,0.22855197356064663,7101.229425915827
E01000518,Brent 005A,Brent,E01000518,1915,0.506151011727261,3783.455837547345
E01000519,Brent 005B,Brent,E01000519,2013,0.7323804329985371,2748.5715200750333
E01000520,Brent 002D,Brent,E01000520,1677,0.2425029925916292,6915.378577715281
E01000521,Brent 025B,Brent,E01000521,2275,0.1438750639859321,15812.330065913618
E01000522,Brent 025C,Brent,E01000522,2048,0.14529508153041526,14095.45304925744
E01000523,Brent 031A,Brent,E01000523,2297,0.13746314533803572,16709.933374152362
E01000524,Brent 031B,Brent,E01000524,2423,0.15514802153781926,15617.343849978542
E01000525,Brent 031C,Brent,E01000525,1851,0.15978541895506235,11584.286051285884
E01000526,Brent 025D,Brent,E01000526,2197,0.13958817359237158,15739.155713977083
E01000527,Brent 025E,Brent,E01000527,1875,0.1276979184934082,14683.089764668232
E01000528,Brent 025F,Brent,E01000528,1725,0.1075521102634316,16038.736904137815
E01000530,Brent 033A,Brent,E01000530,1819,0.17735801046384655,10256.091592608347
E01000531,Brent 033B,Brent,E01000531,1799,0.10682849153241988,16840.076782831355
E01000532,Brent 033C,Brent,E01000532,1509,0.10347569305628695,14583.134989771557
E01000533,Brent 031E,Brent,E01000533,2172,0.18477731479339551,11754.68970543582
E01000534,Brent 033D,Brent,E01000534,1748,0.15352912133492444,11385.462150771582
E01000535,Brent 031F,Brent,E01000535,2053,0.19026616826043527,10790.14739598826
E01000536,Brent 004A,Brent,E01000536,1562,0.335921888096048,4649.890511312521
E01000538,Brent 004B,Brent,E01000538,1622,0.3966391237749482,4089.3595784573126
E01000539,Brent 004C,Brent,E01000539,1581,0.2820268941357856,5605.8483530255335
E01000540,Brent 004D,Brent,E01000540,1456,0.3779773589438106,3852.0825799421655
E01000541,Brent 004E,Brent,E01000541,1411,0.24106657119001856,5853.154973062573
E01000543,Brent 003E,Brent,E01000543,1625,0.19557460013359168,8308.849916553616
E01000544,Brent 034A,Brent,E01000544,1768,0.07264647715565926,24337.03696617958
E01000545,Brent 028A,Brent,E01000545,1921,0.11514948800493824,16682.662105433043
E01000546,Brent 028B,Brent,E01000546,1640,0.09539410929385296,17191.83723334664
E01000547,Brent 028C,Brent,E01000547,1656,0.07654001275334674,21635.74241013686
E01000548,Brent 028D,Brent,E01000548,1984,0.10724347581966974,18499.95987948118
E01000549,Brent 028E,Brent,E01000549,1813,0.11193094611454486,16197.486601646886
E01000550,Brent 034B,Brent,E01000550,2021,0.14339106253343964,14094.323344097482
E01000551,Brent 034C,Brent,E01000551,2894,0.13621075435568744,21246.48684084732
E01000552,Brent 034D,Brent,E01000552,1512,0.08781229373089809,17218.545783959857
E01000553,Brent 015A,Brent,E01000553,2040,0.14359374488405457,14206.746969704058
E01000554,Brent 015B,Brent,E01000554,1970,0.21417864728106947,9197.929041986818
E01000555,Brent 015C,Brent,E01000555,1586,0.205370940940274,7722.6115473719365
E01000556,Brent 015D,Brent,E01000556,2089,0.0972134529298903,21488.795398581027
E01000557,Brent 015E,Brent,E01000557,1865,0.11650343755593574,16008.111340959998
E01000558,Brent 015F,Brent,E01000558,1389,0.17330091976249562,8014.960347028672
E01000559,Brent 018E,Brent,E01000559,1379,0.11248691684633258,12259.203458157184
E01000560,Brent 023D,Brent,E01000560,1561,0.21039662281100932,7419.320610493745
E01000561,Brent 023E,Brent,E01000561,1937,0.11477188396589727,16876.95568869071
E01000562,Brent 008A,Brent,E01000562,1507,0.3085479518960841,4884.16789267019
E01000563,Brent 008B,Brent,E01000563,1588,0.3814860292220098,4162.668822338043
E01000564,Brent 013A,Brent,E01000564,1624,0.20739849901427046,7830.3363221942
E01000565,Brent 013B,Brent,E01000565,1535,0.1875954378329002,8182.501758743699
E01000566,Brent 008C,Brent,E01000566,1550,0.2092541871211126,7407.259187138213
E01000567,Brent 016A,Brent,E01000567,1400,0.20300623125914855,6896.34003506436
E01000568,Brent 008D,Brent,E01000568,2218,0.8024636106512409,2763.9882613492937
E01000569,Brent 008E,Brent,E01000569,1456,0.37265558288389167,3907.092948218747
E01000570,Brent 012A,Brent,E01000570,1546,0.1318442961601149,11725.952847611248
E01000571,Brent 012B,Brent,E01000571,1761,0.35217287766844313,5000.385071271479
E01000572,Brent 007A,Brent,E01000572,1495,0.216659118993084,6900.240372747579
E01000573,Brent 007B,Brent,E01000573,1671,0.23416013249216966,7136.142187038942
E01000574,Brent 007C,Brent,E01000574,1655,0.21928957817300324,7547.0982879739395
E01000575,Brent 007D,Brent,E01000575,2154,0.27374202659224517,7868.722339841918
E01000576,Brent 012C,Brent,E01000576,1874,0.2920253824649076,6417.2503916682535
E01000577,Brent 007E,Brent,E01000577,2585,0.3437260161467985,7520.524716104114
E01000578,Brent 012D,Brent,E01000578,2323,0.33315018009587677,6972.831289874937
E01000579,Brent 032A,Brent,E01000579,1587,0.11285668022383731,14062.082960905647
E01000580,Brent 032B,Brent,E01000580,2086,0.4463440654999527,4673.524666813837
E01000581,Brent 030E,Brent,E01000581,1513,0.1642922548036945,9209.198582171852
E01000582,Brent 032C,Brent,E01000582,1851,0.19368651467219333,9556.679788124347
E01000583,Brent 032D,Brent,E01000583,2049,0.19907855404941197,10292.419541541532
E01000584,Brent 033E,Brent,E01000584,1560,0.12413786189023963,12566.673666244733
E01000585,Brent 033F,Brent,E01000585,1504,0.09927175757448883,15150.331138959331
E01000586,Brent 032E,Brent,E01000586,2380,0.15279987903161707,15575.928561484887
E01000587,Brent 001A,Brent,E01000587,1625,0.19693037165009683,8251.647454803353
E01000589,Brent 001B,Brent,E01000589,2551,0.2921779860919346,8730.97947631592
E01000590,Brent 001C,Brent,E01000590,1936,0.26819665720099856,7218.583632640414
E01000591,Brent 003F,Brent,E01000591,2183,0.3198650976964468,6824.752108689506
E01000592,Brent 001D,Brent,E01000592,1831,0.19981560333001155,9163.448546988375
E01000593,Brent 001E,Brent,E01000593,2121,0.18048822886863275,11751.4588806994
E01000594,Brent 001F,Brent,E01000594,1815,0.23957155936438063,7576.024486443499
E01000595,Brent 027A,Brent,E01000595,1785,0.18993426576554487,9397.98826086182
E01000596,Brent 021A,Brent,E01000596,1848,0.1970428230695932,9378.671961816686
E01000599,Brent 027D,Brent,E01000599,1889,0.08949885199787293,21106.415980004916
E01000601,Brent 021B,Brent,E01000601,1385,0.6997006754244047,1979.4178405786527
E01000602,Brent 021C,Brent,E01000602,1453,0.13041329783049527,11141.501857337718
E01000603,Brent 021D,Brent,E01000603,1446,0.12044845499738352,12005.135308970224
E01000604,Brent 021E,Brent,E01000604,1736,0.1677511850091616,10348.660129615118
E01000605,Brent 021F,Brent,E01000605,1762,0.17514510321969567,10060.22987573801
E01000606,Brent 016B,Brent,E01000606,1872,0.23360409944809904,8013.558000149357
E01000607,Brent 013C,Brent,E01000607,2591,0.19958564007747442,12981.895886869592
E01000608,Brent 013D,Brent,E01000608,2338,0.5641076636414467,4144.598896082468
E01000609,Brent 016C,Brent,E01000609,2059,0.24888970655514284,8272.740678987533
E01000610,Brent 019A,Brent,E01000610,2186,0.2871150144605,7613.673579933035
E01000611,Brent 016D,Brent,E01000611,1928,0.12084511319809432,15954.30670696251
E01000612,Brent 019B,Brent,E01000612,1766,0.25899692795870455,6818.613695223357
E01000613,Brent 013E,Brent,E01000613,1755,0.21997370204938244,7978.226413655646
E01000615,Brent 017B,Brent,E01000615,3191,0.6674996352420075,4780.52695690699
E01000616,Brent 020A,Brent,E01000616,1939,0.17042324330357084,11377.556032929768
E01000617,Brent 017C,Brent,E01000617,2266,0.27356198056671616,8283.314791425737
E01000618,Brent 017D,Brent,E01000618,1677,0.17996076408841835,9318.697931156017
E01000619,Brent 017E,Brent,E01000619,1696,0.21017725937514406,8069.379175664387
E01000620,Brent 020B,Brent,E01000620,1750,0.44029635267414724,3974.595722565826
E01000621,Brent 020C,Brent,E01000621,1811,0.21548918969708983,8404.1338804313
E01000622,Brent 010D,Brent,E01000622,1980,0.6287186278797682,3149.2625034463613
E01000623,Brent 005C,Brent,E01000623,1882,0.19211356224458787,9796.289121972277
E01000624,Brent 005D,Brent,E01000624,1745,0.2638024998086638,6614.797059412439
E01000625,Brent 009E,Brent,E01000625,1672,0.2690962520289593,6213.390143464594
E01000626,Brent 010E,Brent,E01000626,1547,0.2028198119486526,7627.459985968483
E01000627,Brent 014E,Brent,E01000627,2048,0.22532698496162967,9089.013463472866
E01000628,Brent 014F,Brent,E01000628,1768,0.35024720239835716,5047.863303099699
E01000629,Brent 005E,Brent,E01000629,1977,0.17912050276411826,11037.262454558251
E01000630,Brent 026E,Brent,E01000630,2728,0.2855934834522939,9552.038677576096
E01000631,Brent 019C,Brent,E01000631,2073,0.25322321905442174,8186.45307385686
E01000632,Brent 029E,Brent,E01000632,2480,0.28513752898664985,8697.557311426774
E01000633,Brent 019D,Brent,E01000633,2616,0.16654872434694762,15707.115201617838
E01000634,Brent 019E,Brent,E01000634,2642,0.16785937247618918,15739.365404661972
E01000636,Brent 020E,Brent,E01000636,2599,0.21382309857529846,12154.907572274069
E01000637,Brent 022B,Brent,E01000637,1508,0.0710325003214324,21229.71869462683
E01000638,Brent 024A,Brent,E01000638,2141,0.2888288866757705,7412.693462352378
E01000639,Brent 022C,Brent,E01000639,1715,0.09680975241718441,17715.157380110966
E01000640,Brent 024B,Brent,E01000640,2215,0.12634841049260692,17530.889319178314
E01000641,Brent 024C,Brent,E01000641,1951,0.10916908115147447,17871.360456839837
E01000642,Brent 022D,Brent,E01000642,2214,0.15871184260902035,13949.809690346117
E01000643,Brent 024D,Brent,E01000643,2243,0.5739363029318958,3908.099188955047
E01000644,Brent 022E,Brent,E01000644,1912,0.12042016958845948,15877.73880849307
E01000645,Bromley 007A,Bromley,E01000645,1450,0.7787118508074141,1862.049484024874
E01000646,Bromley 016A,Bromley,E01000646,1828,0.35275163178268054,5182.1163541099495
E01000647,Bromley 016B,Bromley,E01000647,1707,0.2534943630840354,6733.877547541821
E01000648,Bromley 016C,Bromley,E01000648,1888,0.3816865517950501,4946.467176065919
E01000649,Bromley 007B,Bromley,E01000649,2068,0.8480970507973077,2438.400178441659
E01000650,Bromley 022A,Bromley,E01000650,1805,0.8844397697495195,2040.8399325046075
E01000651,Bromley 020A,Bromley,E01000651,1681,0.28636730404588634,5870.083547424267
E01000652,Bromley 022B,Bromley,E01000652,1711,0.5863641285013675,2917.9820470481077
E01000653,Bromley 016D,Bromley,E01000653,1541,0.49799309823404764,3094.420395512707
E01000654,Bromley 039A,Bromley,E01000654,1299,1.056008433602938,1230.1038123038584
E01000655,Bromley 039B,Bromley,E01000655,1328,0.3760988172616639,3530.9869083583644
E01000656,Bromley 039C,Bromley,E01000656,1508,3.407990052273003,442.48955450859364
E01000657,Bromley 039D,Bromley,E01000657,1573,0.30882632189842996,5093.477752577531
E01000658,Bromley 042A,Bromley,E01000658,1330,2.1662971825853026,613.9508515691052
E01000659,Bromley 039E,Bromley,E01000659,1464,0.5092107688221547,2875.037390482431
E01000661,Bromley 026A,Bromley,E01000661,2817,0.9362902727203675,3008.682330764025
E01000662,Bromley 026B,Bromley,E01000662,1803,0.5199094165006587,3467.91179920419
E01000663,Bromley 026C,Bromley,E01000663,1681,0.3136154884740455,5360.066902879122
E01000664,Bromley 026D,Bromley,E01000664,1663,0.8026601462972323,2071.860684340214
E01000665,Bromley 033A,Bromley,E01000665,1859,0.8379706709502712,2218.454731705426
E01000666,Bromley 033B,Bromley,E01000666,1891,2.9739139170541904,635.862386317197
E01000667,Bromley 033C,Bromley,E01000667,1659,1.0605847446921248,1564.2314377071189
E01000668,Bromley 020B,Bromley,E01000668,2222,0.6997429918369943,3175.4515956876016
E01000669,Bromley 020C,Bromley,E01000669,1736,0.17232785387018693,10073.82127156132
E01000670,Bromley 018A,Bromley,E01000670,1941,0.48502300147447885,4001.872064003819
E01000671,Bromley 020D,Bromley,E01000671,2271,0.3463677686176709,6556.614690400898
E01000672,Bromley 011A,Bromley,E01000672,1674,0.3288714424237133,5090.134879644679
E01000673,Bromley 011B,Bromley,E01000673,1670,0.4742727645799939,3521.1804782400213
E01000674,Bromley 008A,Bromley,E01000674,1716,0.199970432083912,8581.26865115703
E01000676,Bromley 008B,Bromley,E01000676,2033,0.3264760094925372,6227.103802083417
E01000677,Bromley 018C,Bromley,E01000677,1902,0.38406706292186027,4952.260122308297
E01000678,Bromley 016E,Bromley,E01000678,1850,0.297025355324466,6228.424499245487
E01000679,Bromley 020E,Bromley,E01000679,1792,0.2921814705542735,6133.17468969043
E01000680,Bromley 037A,Bromley,E01000680,1642,8.25372719212775,198.9404255529682
E01000681,Bromley 035A,Bromley,E01000681,1755,0.3143559505514895,5582.843260708507
E01000682,Bromley 035B,Bromley,E01000682,1605,0.28717582012978715,5588.910651581429
E01000683,Bromley 035C,Bromley,E01000683,1705,0.2558477103460574,6664.120611803919
E01000684,Bromley 035D,Bromley,E01000684,2092,0.40940266548566867,5109.883682653335
E01000685,Bromley 037B,Bromley,E01000685,1627,1.1046725286253376,1472.8346707640594
E01000686,Bromley 037C,Bromley,E01000686,1494,0.44373002146747,3366.9121486510144
E01000687,Bromley 037D,Bromley,E01000687,1565,0.5744038680441121,2724.563825325448
E01000688,Bromley 037E,Bromley,E01000688,1388,0.9235423575948837,1502.9088688630056
E01000689,Bromley 002A,Bromley,E01000689,1636,1.384487948031577,1181.664313023465
E01000690,Bromley 002B,Bromley,E01000690,1391,0.3324537946291207,4184.040075559293
E01000691,Bromley 002C,Bromley,E01000691,1535,0.24339592376080985,6306.596989308974
E01000692,Bromley 002D,Bromley,E01000692,1670,0.3524967725228808,4737.632030068017
E01000693,Bromley 010A,Bromley,E01000693,1511,2.6686134881378507,566.2116326386293
E01000694,Bromley 007C,Bromley,E01000694,2298,1.0245895453690341,2242.849354052614
E01000695,Bromley 007D,Bromley,E01000695,1518,0.7553563076336139,2009.647612205162
E01000696,Bromley 007E,Bromley,E01000696,1635,2.0423040416668443,800.5664027700697
E01000697,Bromley 007F,Bromley,E01000697,1784,0.5115542586556838,3487.4111002187396
E01000698,Bromley 010B,Bromley,E01000698,1193,1.1323715297681183,1053.5411467332608
E01000699,Bromley 015A,Bromley,E01000699,1452,0.13660720385175668,10629.014862024997
E01000700,Bromley 013A,Bromley,E01000700,1519,0.20052355840155844,7575.169781089395
E01000701,Bromley 015B,Bromley,E01000701,1440,0.13230630914271754,10883.834711515427
E01000702,Bromley 013B,Bromley,E01000702,1434,0.1390948585114026,10309.511187880786
E01000703,Bromley 013C,Bromley,E01000703,1731,0.23716265289909502,7298.788316120263
E01000704,Bromley 015C,Bromley,E01000704,1470,0.33022325155999793,4451.533903368755
E01000705,Bromley 015D,Bromley,E01000705,1356,0.15038220559331167,9017.024285886047
E01000706,Bromley 013D,Bromley,E01000706,1375,0.29794095789321073,4615.008321524003
E01000707,Bromley 041A,Bromley,E01000707,1509,0.155468829197201,9706.125708877258
E01000708,Bromley 041B,Bromley,E01000708,1690,0.23664160423839478,7141.601348753026
E01000709,Bromley 006A,Bromley,E01000709,1372,0.25137675820036126,5457.942929260149
E01000710,Bromley 006B,Bromley,E01000710,2359,0.545033140990001,4328.177174171648
E01000711,Bromley 006C,Bromley,E01000711,1880,0.27874077113299406,6744.617919934669
E01000712,Bromley 012A,Bromley,E01000712,1794,0.3589449242366045,4997.981246887489
E01000713,Bromley 012B,Bromley,E01000713,1849,0.4181164866036201,4422.212611178081
E01000714,Bromley 006D,Bromley,E01000714,2167,0.32721924960865156,6622.471026969512
E01000715,Bromley 012C,Bromley,E01000715,1759,0.303312000803405,5799.3089470275045
E01000716,Bromley 011C,Bromley,E01000716,1651,0.40155254778091143,4111.54158807826
E01000717,Bromley 011D,Bromley,E01000717,1704,0.30932640775805387,5508.744023345137
E01000718,Bromley 006E,Bromley,E01000718,2057,0.33754688099687147,6093.968322044917
E01000719,Bromley 019A,Bromley,E01000719,2116,0.3480043510791008,6080.383746463666
E01000720,Bromley 019B,Bromley,E01000720,1802,7.518287697407189,239.6822351745665
E01000721,Bromley 019C,Bromley,E01000721,1604,0.2707367228525027,5924.574926888875
E01000722,Bromley 023A,Bromley,E01000722,1848,0.578632125013976,3193.7390271156555
E01000723,Bromley 029A,Bromley,E01000723,1241,0.4175045878799719,2972.4224260663077
E01000724,Bromley 019D,Bromley,E01000724,1675,0.41241471723552814,4061.4457486574497
E01000725,Bromley 023B,Bromley,E01000725,1752,0.34012672104118513,5151.021344741257
E01000726,Bromley 029B,Bromley,E01000726,1304,0.2801491706815809,4654.663074059689
E01000727,Bromley 028A,Bromley,E01000727,1691,0.38800289931765913,4358.214856058519
E01000728,Bromley 019E,Bromley,E01000728,1627,2.730343853719676,595.8956406840338
E01000729,Bromley 014A,Bromley,E01000729,1959,0.2618771447901247,7480.60699061766
E01000730,Bromley 014B,Bromley,E01000730,1808,0.3688138732831402,4902.201709239906
E01000731,Bromley 023C,Bromley,E01000731,1381,0.23350937387792625,5914.109472632809
E01000732,Bromley 023D,Bromley,E01000732,1515,0.35437530932666994,4275.128543460244
E01000733,Bromley 023E,Bromley,E01000733,1670,0.3718422272806606,4491.152100214564
E01000734,Bromley 028B,Bromley,E01000734,1388,0.3201491239904788,4335.479612436106
E01000735,Bromley 014C,Bromley,E01000735,1548,0.5118348131158781,3024.41326836738
E01000736,Bromley 010C,Bromley,E01000736,1636,0.3988285505542839,4102.013252878512
E01000737,Bromley 010D,Bromley,E01000737,1404,0.3632338425978179,3865.2786038842364
E01000738,Bromley 014D,Bromley,E01000738,1688,0.5145513230016859,3280.527956186927
E01000739,Bromley 014E,Bromley,E01000739,1677,0.22876293125207556,7330.73313417243
E01000741,Bromley 005B,Bromley,E01000741,1819,0.134822397600615,13491.823557302636
E01000742,Bromley 005C,Bromley,E01000742,2119,0.26635552983298133,7955.532221646467
E01000743,Bromley 009A,Bromley,E01000743,1867,0.3118470124185387,5986.910009239552
E01000744,Bromley 009B,Bromley,E01000744,1559,0.2111094630264259,7384.794493105457
E01000745,Bromley 005D,Bromley,E01000745,1883,0.47222446056094824,3987.5105109193473
E01000746,Bromley 005E,Bromley,E01000746,2021,0.1781766824546854,11342.673868192538
E01000747,Bromley 042B,Bromley,E01000747,2029,9.938749991096634,204.150421513533
E01000748,Bromley 042C,Bromley,E01000748,1687,9.882355833111946,170.70828337788814
E01000749,Bromley 036A,Bromley,E01000749,1652,9.214715982074136,179.2784501675061
E01000750,Bromley 036B,Bromley,E01000750,1456,0.3137629897905492,4640.4453277677685
E01000751,Bromley 036C,Bromley,E01000751,2264,1.8405164702257382,1230.0895083662695
E01000752,Bromley 036D,Bromley,E01000752,1747,1.3838402912540704,1262.4289168635387
E01000753,Bromley 031A,Bromley,E01000753,1935,0.8659983524478526,2234.415336392362
E01000754,Bromley 031B,Bromley,E01000754,1770,0.3847876660099025,4599.939541602795
E01000755,Bromley 031C,Bromley,E01000755,1640,0.3437524813669588,4770.874652245159
E01000756,Bromley 033D,Bromley,E01000756,1708,1.0084099377937312,1693.75562059303
E01000757,Bromley 031D,Bromley,E01000757,1571,0.5399780312903898,2909.3776208742584
E01000758,Bromley 031E,Bromley,E01000758,1451,0.3046247267521359,4763.237756403916
E01000759,Bromley 034A,Bromley,E01000759,1646,4.5913633985501505,358.4991770679206
E01000760,Bromley 034B,Bromley,E01000760,1629,0.5066674396486995,3215.1266738779887
E01000761,Bromley 034C,Bromley,E01000761,1545,0.5867029958181984,2633.3596572919987
E01000762,Bromley 018D,Bromley,E01000762,1748,0.3229319627426357,5412.904889173477
E01000763,Bromley 027A,Bromley,E01000763,1475,0.8487432683999042,1737.8635624182896
E01000764,Bromley 027B,Bromley,E01000764,1817,0.4979611470638167,3648.8790555523815
E01000765,Bromley 034D,Bromley,E01000765,1786,2.308994710215898,773.4967915249159
E01000766,Bromley 027C,Bromley,E01000766,1815,0.3704008696992615,4900.096485933329
E01000767,Bromley 027D,Bromley,E01000767,1631,0.3135482530612786,5201.751194835214
E01000768,Bromley 034E,Bromley,E01000768,1502,0.4751660541786379,3161.000216221939
E01000769,Bromley 024A,Bromley,E01000769,1389,1.1975757432332326,1159.8431312995347
E01000770,Bromley 012D,Bromley,E01000770,1522,0.6863351131109369,2217.5755996240123
E01000771,Bromley 041C,Bromley,E01000771,1666,0.3711500789522378,4488.750223907113
E01000772,Bromley 012E,Bromley,E01000772,1580,0.33173511406680745,4762.836169588629
E01000773,Bromley 024B,Bromley,E01000773,1586,0.30840376249628026,5142.6091146314375
E01000774,Bromley 041D,Bromley,E01000774,1504,0.37685949408996067,3990.877299328375
E01000775,Bromley 024C,Bromley,E01000775,2284,1.1070542889201758,2063.1327865843155
E01000777,Bromley 024D,Bromley,E01000777,1631,0.24606932123344255,6628.213512454456
E01000778,Bromley 024E,Bromley,E01000778,1626,0.20631036399336164,7881.329704077877
E01000779,Bromley 001A,Bromley,E01000779,1400,1.1594906612155187,1207.4267148752629
E01000780,Bromley 001B,Bromley,E01000780,1612,0.20904339528746285,7711.31753664488
E01000781,Bromley 001C,Bromley,E01000781,1572,0.172645255807844,9105.376181026675
E01000782,Bromley 001D,Bromley,E01000782,1545,0.2821513567889952,5475.784407286819
E01000783,Bromley 001E,Bromley,E01000783,1624,0.18870599727929266,8605.979796160973
E01000784,Bromley 002E,Bromley,E01000784,1557,0.2247568728136707,6927.485600366016
E01000785,Bromley 001F,Bromley,E01000785,1577,0.21035417969077988,7496.879797293242
E01000786,Bromley 032A,Bromley,E01000786,1461,0.945590500113472,1545.066283792697
E01000787,Bromley 029C,Bromley,E01000787,1482,0.34680043866374477,4273.350996066463
E01000788,Bromley 029D,Bromley,E01000788,1617,0.3729594723656526,4335.591719238276
E01000789,Bromley 032B,Bromley,E01000789,1873,0.14234562420901645,13158.114346035236
E01000790,Bromley 028C,Bromley,E01000790,2297,0.5158744424276906,4452.633840882643
E01000791,Bromley 029E,Bromley,E01000791,1512,0.4020895392309727,3760.356469088494
E01000792,Bromley 032C,Bromley,E01000792,1509,0.31469805947324864,4795.072465733697
E01000793,Bromley 032D,Bromley,E01000793,1560,0.4711541623197538,3311.0181863177286
E01000794,Bromley 035E,Bromley,E01000794,1545,0.45944341303397557,3362.7645019382358
E01000795,Bromley 032E,Bromley,E01000795,1385,0.2881941365421695,4805.788266956438
E01000796,Bromley 009C,Bromley,E01000796,1537,0.09995559962849206,15376.82736847774
E01000797,Bromley 013E,Bromley,E01000797,1654,0.6572062308502159,2516.7138142623053
E01000798,Bromley 009D,Bromley,E01000798,1527,0.13316577731754214,11466.910123302721
E01000799,Bromley 004A,Bromley,E01000799,1803,0.2172653945441746,8298.606429167956
E01000800,Bromley 009E,Bromley,E01000800,1665,0.23139691893575054,7195.428563430019
E01000801,Bromley 015E,Bromley,E01000801,1514,0.18778706983570595,8062.322934825022
E01000802,Bromley 004B,Bromley,E01000802,1848,0.18704778012212256,9879.828559277476
E01000803,Bromley 004C,Bromley,E01000803,1609,0.257424830741139,6250.368293406695
E01000804,Bromley 004D,Bromley,E01000804,1470,0.6665664510832008,2205.331512876448
E01000805,Bromley 004E,Bromley,E01000805,1696,0.1571455177474871,10792.54454285649
E01000806,Bromley 009F,Bromley,E01000806,1715,0.1639178171380963,10462.560019056129
E01000807,Bromley 022C,Bromley,E01000807,1665,0.8116486045934924,2051.3803517642978
E01000808,Bromley 025A,Bromley,E01000808,1561,0.3360600990760008,4645.002498933906
E01000809,Bromley 022D,Bromley,E01000809,1542,0.5486566667354367,2810.5007985687257
E01000810,Bromley 025B,Bromley,E01000810,1542,0.3710859060786703,4155.3720438875835
E01000811,Bromley 025C,Bromley,E01000811,1367,0.2955333791009672,4625.535038236654
E01000812,Bromley 028D,Bromley,E01000812,1632,0.38280914614437966,4263.221023941987
E01000813,Bromley 025D,Bromley,E01000813,1563,0.6105442084829932,2560.011180653985
E01000814,Bromley 028E,Bromley,E01000814,1521,0.4778706019292329,3182.8699942191515
E01000815,Bromley 025E,Bromley,E01000815,1510,0.4993076626720931,3024.1875158075673
E01000816,Bromley 040A,Bromley,E01000816,1525,0.29902089749795585,5099.978004080552
E01000818,Bromley 040B,Bromley,E01000818,1685,1.292308610837877,1303.868120872087
E01000819,Bromley 040C,Bromley,E01000819,1850,0.39771345176539374,4651.590213476843
E01000820,Bromley 008C,Bromley,E01000820,1611,0.5874584612460136,2742.321553396354
E01000822,Bromley 008D,Bromley,E01000822,1632,0.21852411843744554,7468.28318846267
E01000823,Bromley 008E,Bromley,E01000823,1693,0.24269234153122524,6975.910279320353
E01000824,Bromley 008F,Bromley,E01000824,1402,0.16885154407111358,8303.151787640942
E01000825,Bromley 008G,Bromley,E01000825,1663,0.1743919737336875,9535.98932563005
E01000826,Bromley 021A,Bromley,E01000826,1636,0.5139007599110306,3183.494027685878
E01000827,Bromley 021B,Bromley,E01000827,1780,0.37474922999961713,4749.842981670219
E01000828,Bromley 011E,Bromley,E01000828,1701,0.3460014505918252,4916.164360266381
E01000829,Bromley 018E,Bromley,E01000829,1769,0.22156831705608612,7983.993485639956
E01000830,Bromley 021C,Bromley,E01000830,1625,0.5912259495104892,2748.5261791121197
E01000831,Bromley 021D,Bromley,E01000831,1702,0.4067396898765874,4184.494511751286
E01000832,Bromley 030A,Bromley,E01000832,1571,0.864703688481177,1816.8073305659293
E01000833,Bromley 021E,Bromley,E01000833,1447,0.361081687284584,4007.403451783355
E01000834,Bromley 027E,Bromley,E01000834,1369,0.2098719480117514,6523.025173060982
E01000835,Bromley 030B,Bromley,E01000835,1757,0.334831864403579,5247.409780218097
E01000836,Bromley 030C,Bromley,E01000836,1388,0.2122696797189913,6538.851906864298
E01000837,Bromley 030D,Bromley,E01000837,1566,0.48490550071612315,3229.495226775699
E01000838,Bromley 030E,Bromley,E01000838,1431,0.544573771355878,2627.743154866054
E01000839,Bromley 030F,Bromley,E01000839,1390,0.2680860763157285,5184.9018759295
E01000840,Bromley 030G,Bromley,E01000840,1491,0.8004365954920881,1862.7334237302969
E01000841,Bromley 030H,Bromley,E01000841,1698,0.3375344991857724,5030.596884454925
E01000842,Camden 011A,Camden,E01000842,1432,0.10369864458981203,13809.245103100298
E01000843,Camden 014A,Camden,E01000843,1196,0.08452849397247772,14149.074989901213
E01000844,Camden 011B,Camden,E01000844,1635,0.11474630031845187,14248.825412779626
E01000845,Camden 014B,Camden,E01000845,1500,0.11842490967374665,12666.254119445037
E01000846,Camden 014C,Camden,E01000846,1453,0.08206295569509975,17705.91843411708
E01000847,Camden 014D,Camden,E01000847,1599,0.09882869857761632,16179.510840610796
E01000848,Camden 011C,Camden,E01000848,1485,0.09972396976209184,14891.103949659395
E01000849,Camden 011D,Camden,E01000849,1362,0.07900498131857084,17239.419303297138
E01000850,Camden 026A,Camden,E01000850,1424,0.19565136099690897,7278.252462667496
E01000851,Camden 026B,Camden,E01000851,1479,0.13556030850901185,10910.273193290042
E01000853,Camden 025A,Camden,E01000853,1405,0.05845080759406074,24037.306888173156
E01000855,Camden 028A,Camden,E01000855,1310,0.3217408204962347,4071.600233938394
E01000856,Camden 019A,Camden,E01000856,1591,0.11991418381533385,13267.821615248764
E01000857,Camden 018A,Camden,E01000857,1391,0.07557770040074045,18404.89976043743
E01000858,Camden 018B,Camden,E01000858,1932,0.21906184363951348,8819.427280906504
E01000859,Camden 018C,Camden,E01000859,1462,0.09524240562973228,15350.305258812157
E01000860,Camden 018D,Camden,E01000860,1120,0.20961592142025637,5343.1055828747185
E01000861,Camden 019B,Camden,E01000861,1366,0.11255639037140411,12136.13900990062
E01000862,Camden 018E,Camden,E01000862,1685,0.16964196748967286,9932.683668636279
E01000863,Camden 021A,Camden,E01000863,1476,0.1632700608192905,9040.236725541841
E01000866,Camden 009A,Camden,E01000866,1950,0.14168479478741092,13762.944731831329
E01000867,Camden 015C,Camden,E01000867,1736,0.08059743360335932,21539.14736967063
E01000868,Camden 015D,Camden,E01000868,1746,0.0830513644121546,21023.13444647602
E01000869,Camden 015E,Camden,E01000869,1946,0.11411825870836939,17052.48592140743
E01000870,Camden 009B,Camden,E01000870,1601,0.12770968812991887,12536.245475529666
E01000871,Camden 005A,Camden,E01000871,1657,0.3025265564910136,5477.205106286992
E01000872,Camden 005B,Camden,E01000872,1740,0.15150155020146605,11485.030995961139
E01000873,Camden 005C,Camden,E01000873,1582,0.12420657977031951,12736.845366206886
E01000874,Camden 005D,Camden,E01000874,1480,0.08590274048186139,17228.786784893156
E01000875,Camden 013A,Camden,E01000875,1570,0.11555253173667486,13586.893998807147
E01000876,Camden 013B,Camden,E01000876,1924,0.11742761408360522,16384.561800175597
E01000877,Camden 005E,Camden,E01000877,1458,0.11238553487761323,12973.199812482524
E01000878,Camden 004A,Camden,E01000878,1714,0.1872776633454136,9152.185954171751
E01000879,Camden 004B,Camden,E01000879,1303,0.17981377850709,7246.385737612556
E01000880,Camden 004C,Camden,E01000880,1412,0.20161130797206328,7003.57541550029
E01000881,Camden 008A,Camden,E01000881,1386,0.14710475154263786,9421.857455082083
E01000882,Camden 008B,Camden,E01000882,1452,0.12018308968647326,12081.566581354284
E01000883,Camden 008C,Camden,E01000883,1508,0.1398148609289518,10785.691806869543
E01000884,Camden 004D,Camden,E01000884,1471,0.24594213849454688,5981.081603194304
E01000885,Camden 004E,Camden,E01000885,1280,0.31035934876270876,4124.251468830889
E01000886,Camden 006A,Camden,E01000886,1330,0.09979865890842199,13326.832389806408
E01000887,Camden 006B,Camden,E01000887,1387,0.09779008243391743,14183.44238473547
E01000888,Camden 006C,Camden,E01000888,1470,0.09438845653990932,15573.938317112481
E01000889,Camden 007A,Camden,E01000889,1770,0.11413438474973608,15508.034707341714
E01000890,Camden 007B,Camden,E01000890,1317,0.07562626666469026,17414.584351218604
E01000891,Camden 007C,Camden,E01000891,1485,0.07856106586824778,18902.493029950045
E01000892,Camden 006D,Camden,E01000892,1791,0.12155879961956673,14733.61044700306
E01000893,Camden 002A,Camden,E01000893,1377,0.5347086950196781,2575.2339784736887
E01000894,Camden 002B,Camden,E01000894,1271,0.22324504395232053,5693.295481495452
E01000895,Camden 002C,Camden,E01000895,1552,0.09538915963052981,16270.192609006634
E01000896,Camden 002D,Camden,E01000896,1438,0.1462987935624966,9829.199304953316
E01000897,Camden 008D,Camden,E01000897,1560,0.19964216979155844,7813.980391160637
E01000898,Camden 008E,Camden,E01000898,1586,0.17254762033735832,9191.665448060745
E01000899,Camden 002E,Camden,E01000899,1560,1.081164640763933,1442.8884752443714
E01000900,Camden 012A,Camden,E01000900,1692,0.10143523957575487,16680.593520325485
E01000901,Camden 007D,Camden,E01000901,1971,0.10641055723752703,18522.598238071267
E01000902,Camden 012B,Camden,E01000902,1414,0.08058758773406441,17546.126391897218
E01000903,Camden 006E,Camden,E01000903,1411,0.10278954532054503,13727.076966824337
E01000904,Camden 012C,Camden,E01000904,2066,0.11586654570363163,17830.85866117475
E01000905,Camden 012D,Camden,E01000905,1874,0.08597901303524212,21796.01665387648
E01000906,Camden 012E,Camden,E01000906,1445,0.14139198108758488,10219.815783646873
E01000907,Camden 001A,Camden,E01000907,1483,0.10554246381211159,14051.216415035191
E01000908,Camden 001B,Camden,E01000908,1523,0.17297382827635072,8804.800212704937
E01000909,Camden 001C,Camden,E01000909,1549,0.22616124699161774,6849.095592656557
E01000910,Camden 003A,Camden,E01000910,1340,0.12971094194341218,10330.662779278788
E01000911,Camden 003B,Camden,E01000911,1438,0.08803681253453507,16334.076150654608
E01000912,Camden 001D,Camden,E01000912,1587,0.9026794585020812,1758.0991625017034
E01000913,Camden 001E,Camden,E01000913,1603,1.609173474108598,996.1635745257249
E01000914,Camden 028B,Camden,E01000914,1419,0.4482782151472535,3165.444922488319
E01000915,Camden 027A,Camden,E01000915,1530,0.07400790698077231,20673.466693194052
E01000916,Camden 027B,Camden,E01000916,1853,0.14768847273221694,12546.679952197679
E01000917,Camden 027C,Camden,E01000917,1653,0.07478880341893757,22102.238897185474
E01000918,Camden 028C,Camden,E01000918,1792,0.16657533605270894,10757.89515101421
E01000919,Camden 028D,Camden,E01000919,1440,0.14993440785305756,9604.199733868056
E01000920,Camden 027D,Camden,E01000920,1623,0.13603242139711869,11930.979271933897
E01000921,Camden 003C,Camden,E01000921,1875,0.12388622033200544,15134.855151566862
E01000922,Camden 007E,Camden,E01000922,1920,0.19018551716207,10095.405941788078
E01000923,Camden 003D,Camden,E01000923,1447,0.08543485907853236,16936.880514660963
E01000924,Camden 009C,Camden,E01000924,1569,0.097059096699999,16165.409048155876
E01000925,Camden 009D,Camden,E01000925,1495,0.08349915106430664,17904.373648645003
E01000926,Camden 009E,Camden,E01000926,1472,0.09173176521055733,16046.785937469225
E01000927,Camden 007F,Camden,E01000927,1535,0.10245989403807529,14981.471671535948
E01000928,Camden 003E,Camden,E01000928,1711,0.2552409583953249,6703.469579321793
E01000929,Camden 020A,Camden,E01000929,1915,0.09656795119863007,19830.59572280919
E01000930,Camden 020B,Camden,E01000930,2085,0.1169579763386448,17826.91583140091
E01000931,Camden 013C,Camden,E01000931,2059,0.14663082257331272,14042.068126369119
E01000932,Camden 013D,Camden,E01000932,1760,0.0667972341582268,26348.3963397493
E01000933,Camden 020C,Camden,E01000933,1772,0.10783782264660671,16432.082515306225
E01000934,Camden 020D,Camden,E01000934,1513,0.08849119382592523,17097.746505446477
E01000935,Camden 020E,Camden,E01000935,1598,0.06294018401549026,25389.185382850406
E01000937,Camden 025B,Camden,E01000937,1119,0.12692413744284464,8816.289970880427
E01000938,Camden 024B,Camden,E01000938,1365,0.08097357295310506,16857.35172869949
E01000939,Camden 024C,Camden,E01000939,1447,0.07702083212283506,18787.12499096715
E01000941,Camden 025C,Camden,E01000941,1195,0.04526025451355691,26402.85638787247
E01000942,Camden 025D,Camden,E01000942,1013,0.07315773114499555,13846.79355340144
E01000943,Camden 025E,Camden,E01000943,1585,0.06994128664960314,22661.865057482377
E01000944,Camden 023A,Camden,E01000944,1464,0.057567847785507595,25430.86212732369
E01000946,Camden 021B,Camden,E01000946,1551,0.4828230396902759,3212.3570594206612
E01000947,Camden 021C,Camden,E01000947,1665,0.15631754856082966,10651.395286896272
E01000948,Camden 021D,Camden,E01000948,1531,0.1991864075731727,7686.267444918775
E01000949,Camden 023C,Camden,E01000949,1600,0.061243988090668014,26125.013244259942
E01000951,Camden 023E,Camden,E01000951,1539,0.04922100938224822,31267.136113528122
E01000952,Camden 022A,Camden,E01000952,1691,0.08528584993439832,19827.439150817085
E01000954,Camden 022C,Camden,E01000954,1751,0.05390955920905199,32480.3249310558
E01000955,Camden 022D,Camden,E01000955,1348,0.06328840833741271,21299.319028744394
E01000956,Camden 022E,Camden,E01000956,1505,0.16009801099112916,9400.491553161084
E01000957,Camden 019C,Camden,E01000957,1320,0.11660347289398125,11320.417541938708
E01000958,Camden 019D,Camden,E01000958,2940,0.24407169999500414,12045.640686979188
E01000959,Camden 019E,Camden,E01000959,1691,0.07295054923234556,23180.085932104637
E01000960,Camden 017A,Camden,E01000960,1867,0.11535965778561783,16184.16728896333
E01000961,Camden 017B,Camden,E01000961,1791,0.121359391175765,14757.819585680782
E01000962,Camden 016A,Camden,E01000962,1543,0.0950219399412023,16238.355067837785
E01000963,Camden 017C,Camden,E01000963,1920,0.19146546503199585,10027.918087886754
E01000964,Camden 016B,Camden,E01000964,1730,0.12437333909513476,13909.73348939921
E01000965,Camden 016C,Camden,E01000965,1719,0.10841160730820643,15856.2357175741
E01000966,Camden 016D,Camden,E01000966,1615,0.1292485974187973,12495.300005206263
E01000967,Camden 017D,Camden,E01000967,1539,0.37364611903165623,4118.870561237148
E01000968,Camden 016E,Camden,E01000968,1469,0.08272312109657433,17758.034036034856
E01000969,Camden 010A,Camden,E01000969,1830,0.16782744901617486,10904.056581492987
E01000970,Camden 010B,Camden,E01000970,1408,0.06839517545377909,20586.247358214838
E01000971,Camden 010C,Camden,E01000971,1323,0.08180287079726135,16173.026534470868
E01000972,Camden 010D,Camden,E01000972,1959,0.14145309413380744,13849.113813989006
E01000973,Camden 010E,Camden,E01000973,2562,0.23208394320093514,11039.109232049952
E01000974,Camden 013E,Camden,E01000974,1590,0.11422432397192483,13919.977328040966
E01000975,Croydon 022A,Croydon,E01000975,2345,0.18683959426416794,12550.872898409647
E01000976,Croydon 022B,Croydon,E01000976,2140,0.16367630700211794,13074.586292885439
E01000977,Croydon 022C,Croydon,E01000977,1943,0.1684452842602934,11534.902912435002
E01000978,Croydon 022D,Croydon,E01000978,1731,0.1566138469419612,11052.662544209665
E01000979,Croydon 022E,Croydon,E01000979,1758,0.13574355628159254,12950.89099001595
E01000980,Croydon 017A,Croydon,E01000980,1495,0.1469157406587038,10175.900780250608
E01000981,Croydon 017B,Croydon,E01000981,1730,0.17242780649873773,10033.184525911513
E01000982,Croydon 017C,Croydon,E01000982,1684,0.13629465043347835,12355.583983994396
E01000983,Croydon 017D,Croydon,E01000983,1819,0.1560971906360211,11652.996396593997
E01000984,Croydon 022F,Croydon,E01000984,1902,0.17063918241679732,11146.326260250364
E01000985,Croydon 021A,Croydon,E01000985,1454,0.3923591090908271,3705.7888202702948
E01000986,Croydon 021B,Croydon,E01000986,1772,0.3235802279021211,5476.2307681420125
E01000987,Croydon 021C,Croydon,E01000987,1358,0.16269314574373164,8347.00192065296
E01000989,Croydon 018A,Croydon,E01000989,1734,0.2608265368884122,6648.096549860824
E01000990,Croydon 045A,Croydon,E01000990,1436,0.166045521956794,8648.230816930163
E01000991,Croydon 018B,Croydon,E01000991,1737,0.44504155898998315,3903.006280901276
E01000992,Croydon 014A,Croydon,E01000992,1876,0.4921505635895089,3811.8416167551663
E01000993,Croydon 021D,Croydon,E01000993,1652,0.16077004588156998,10275.54598831758
E01000994,Croydon 009A,Croydon,E01000994,1591,0.17786435275022472,8945.018916939724
E01000995,Croydon 009B,Croydon,E01000995,1714,0.144009918362054,11901.95800049583
E01000996,Croydon 009C,Croydon,E01000996,1329,0.10403231925687956,12774.876206675692
E01000997,Croydon 009D,Croydon,E01000997,1499,0.10566015094872694,14186.99468570143
E01000998,Croydon 010A,Croydon,E01000998,1493,0.14195331746429168,10517.54215166943
E01000999,Croydon 009E,Croydon,E01000999,1324,0.09664835944393607,13699.146137788588
E01001000,Croydon 010B,Croydon,E01001000,1338,0.13665792859008222,9790.869902714914
E01001001,Croydon 013A,Croydon,E01001001,1410,0.12141689178839243,11612.881694067524
E01001002,Croydon 009F,Croydon,E01001002,1472,0.10734379421838132,13712.949227463938
E01001003,Croydon 010C,Croydon,E01001003,1588,0.1592380394128561,9972.491534405268
E01001004,Croydon 015A,Croydon,E01001004,2180,0.15433956648404273,14124.699515891096
E01001005,Croydon 019A,Croydon,E01001005,1733,0.09202700303588948,18831.429285208276
E01001006,Croydon 016A,Croydon,E01001006,1790,0.29104807341391953,6150.1867337713575
E01001007,Croydon 016B,Croydon,E01001007,1984,0.1512769529742608,13115.018256201723
E01001008,Croydon 019B,Croydon,E01001008,1668,0.18311896174660267,9108.832772370968
E01001009,Croydon 019C,Croydon,E01001009,2049,0.11614532767294886,17641.691155839995
E01001010,Croydon 019D,Croydon,E01001010,1700,0.7270764704199736,2338.1309520552177
E01001011,Croydon 019E,Croydon,E01001011,2311,0.12564471494991353,18393.133375496513
E01001012,Croydon 020A,Croydon,E01001012,2097,0.14417180793379783,14545.146031344215
E01001013,Croydon 020B,Croydon,E01001013,2194,0.19514248740803017,11243.066690097527
E01001015,Croydon 041A,Croydon,E01001015,1493,0.40991275085435364,3642.238493162851
E01001016,Croydon 041B,Croydon,E01001016,1758,1.0482573510158466,1677.0690883267882
E01001017,Croydon 043A,Croydon,E01001017,1649,1.3431996372564907,1227.6656084929505
E01001018,Croydon 044A,Croydon,E01001018,1649,0.950438582636333,1734.9884886049056
E01001019,Croydon 044B,Croydon,E01001019,1460,0.592995168042595,2462.0773973914197
E01001020,Croydon 044C,Croydon,E01001020,1653,0.366027962486738,4516.048415453755
E01001021,Croydon 044D,Croydon,E01001021,1357,2.050217135569145,661.8811132037941
E01001022,Croydon 044E,Croydon,E01001022,1482,0.9887599241401387,1498.8471557327737
E01001023,Croydon 041C,Croydon,E01001023,2597,0.5673309730905469,4577.5748604959645
E01001024,Croydon 043B,Croydon,E01001024,1340,0.2822185077614085,4748.093987984852
E01001025,Croydon 043C,Croydon,E01001025,1349,0.22756717814076025,5927.919882917318
E01001026,Croydon 043D,Croydon,E01001026,1881,0.2779384186078504,6767.686199776309
E01001027,Croydon 043E,Croydon,E01001027,2910,1.4481747698159781,2009.425975823193
E01001028,Croydon 038A,Croydon,E01001028,1656,0.8695022402097533,1904.5379337959116
E01001029,Croydon 038B,Croydon,E01001029,1719,0.4977589020509851,3453.4791701704694
E01001030,Croydon 038C,Croydon,E01001030,1454,0.41555766392782784,3498.912729118922
E01001031,Croydon 038D,Croydon,E01001031,1456,0.404616861361419,3598.465953942157
E01001032,Croydon 035A,Croydon,E01001032,1556,0.6519369806837754,2386.7337581740035
E01001033,Croydon 031A,Croydon,E01001033,1669,0.29797732516879155,5601.097328646004
E01001034,Croydon 031B,Croydon,E01001034,1612,0.29571012059207286,5451.284510562041
E01001035,Croydon 027A,Croydon,E01001035,1860,0.21964439676959363,8468.23332329818
E01001036,Croydon 029A,Croydon,E01001036,1621,0.8409920070126158,1927.4856199384583
E01001037,Croydon 029B,Croydon,E01001037,1536,0.15720250339338537,9770.836766869392
E01001038,Croydon 029C,Croydon,E01001038,1903,0.20275998174134524,9385.481216049819
E01001039,Croydon 029D,Croydon,E01001039,1569,0.45975943363046845,3412.654282285121
E01001040,Croydon 029E,Croydon,E01001040,1721,0.19191718566008423,8967.409531776711
E01001041,Croydon 031C,Croydon,E01001041,1730,0.19793935204576077,8740.050839410895
E01001042,Croydon 024B,Croydon,E01001042,2172,0.20835661150149748,10424.435223570477
E01001044,Croydon 023A,Croydon,E01001044,2081,0.4492813869621445,4631.841114253284
E01001046,Croydon 023B,Croydon,E01001046,1926,0.1959692332761294,9828.073355199487
E01001047,Croydon 027D,Croydon,E01001047,1734,0.1838384519817098,9432.19430596879
E01001049,Croydon 023C,Croydon,E01001049,1440,1.3881802792370275,1037.329244290557
E01001050,Croydon 023D,Croydon,E01001050,1715,0.15421481121291133,11120.851405331261
E01001051,Croydon 030A,Croydon,E01001051,1604,0.2518573135305957,6368.685417607083
E01001052,Croydon 030B,Croydon,E01001052,1466,0.16071260319884687,9121.87327453183
E01001053,Croydon 032A,Croydon,E01001053,1600,0.22585727374992579,7084.119866653291
E01001054,Croydon 030C,Croydon,E01001054,1861,0.25340417815133176,7343.998877905714
E01001055,Croydon 032B,Croydon,E01001055,1568,0.2921833040502925,5366.494177675893
E01001056,Croydon 030D,Croydon,E01001056,1808,0.1581966869178812,11428.810774896445
E01001057,Croydon 030E,Croydon,E01001057,1791,0.1363555226118974,13134.781530614222
E01001058,Croydon 034A,Croydon,E01001058,1355,0.196098229154991,6909.802326307816
E01001059,Croydon 034B,Croydon,E01001059,1452,0.18498704055714463,7849.198493185583
E01001060,Croydon 034C,Croydon,E01001060,1618,1.5123217357084429,1069.8781626927107
E01001061,Croydon 034D,Croydon,E01001061,1621,0.4549219822660881,3563.248344090486
E01001062,Croydon 026A,Croydon,E01001062,1511,1.2419546524122838,1216.6305726744063
E01001063,Croydon 026B,Croydon,E01001063,1535,0.31973505841043626,4800.849827451693
E01001064,Croydon 026C,Croydon,E01001064,1603,3.4737476850766877,461.46126469879505
E01001065,Croydon 034E,Croydon,E01001065,1325,1.1715553895816546,1130.9751222886168
E01001066,Croydon 034F,Croydon,E01001066,1453,0.16195427604477453,8971.668025599385
E01001067,Croydon 041D,Croydon,E01001067,1654,0.6815377769969285,2426.8647400413347
E01001068,Croydon 042A,Croydon,E01001068,1836,0.7614559852635642,2411.170225898877
E01001069,Croydon 040A,Croydon,E01001069,1369,0.4042948793265577,3386.1423183998063
E01001070,Croydon 040B,Croydon,E01001070,1785,0.5318015663701504,3356.515123081801
E01001071,Croydon 042B,Croydon,E01001071,1897,0.7570827519573673,2505.6706087881175
E01001072,Croydon 042C,Croydon,E01001072,1482,2.166020438072621,684.204070262015
E01001073,Croydon 037A,Croydon,E01001073,1439,0.3036331444172012,4739.2718036828355
E01001074,Croydon 041E,Croydon,E01001074,1948,0.41123548635353047,4736.94528960311
E01001075,Croydon 040C,Croydon,E01001075,1629,0.44551717195578305,3656.4247183757843
E01001076,Croydon 036A,Croydon,E01001076,1667,0.3453288454167216,4827.282812092824
E01001077,Croydon 032C,Croydon,E01001077,1332,0.17772545337298695,7494.705877635729
E01001078,Croydon 032D,Croydon,E01001078,1448,0.3781076094771152,3829.597616409885
E01001079,Croydon 036B,Croydon,E01001079,1614,0.29350852307007924,5498.9885238005
E01001080,Croydon 036C,Croydon,E01001080,1481,0.21865219068987043,6773.3142546035815
E01001081,Croydon 036D,Croydon,E01001081,1473,0.46356500066071965,3177.547912160175
E01001082,Croydon 032E,Croydon,E01001082,1551,0.5624403353464161,2757.625836071508
E01001083,Croydon 003A,Croydon,E01001083,1615,0.32165106030784707,5020.968991845727
E01001084,Croydon 002A,Croydon,E01001084,1931,0.5967063962764051,3236.0973705827787
E01001085,Croydon 004A,Croydon,E01001085,1709,0.1822194402022237,9378.801724466852
E01001086,Croydon 003B,Croydon,E01001086,1731,0.2249960267414205,7693.4691917443215
E01001087,Croydon 003C,Croydon,E01001087,2829,0.3744893972391124,7554.285971396078
E01001088,Croydon 004B,Croydon,E01001088,1679,0.1559397135767378,10766.9814282028
E01001089,Croydon 004C,Croydon,E01001089,1786,0.15758792916549832,11333.35534934499
E01001090,Croydon 004D,Croydon,E01001090,2276,0.180911994029411,12580.702635061272
E01001091,Croydon 004E,Croydon,E01001091,1575,0.3195804584201444,4928.336381348409
E01001092,Croydon 037B,Croydon,E01001092,1933,0.5859942260141823,3298.667314775244
E01001093,Croydon 037C,Croydon,E01001093,1793,0.401517919406031,4465.554121849408
E01001094,Croydon 038E,Croydon,E01001094,1644,1.1713796998880073,1403.473186497238
E01001095,Croydon 031D,Croydon,E01001095,1530,0.24526635491293197,6238.116110720284
E01001096,Croydon 037D,Croydon,E01001096,1478,0.3914198623888745,3775.9964223062634
E01001097,Croydon 037E,Croydon,E01001097,2389,0.43890497901969167,5443.091589746619
E01001098,Croydon 037F,Croydon,E01001098,1470,0.4847148964934385,3032.7105905644453
E01001099,Croydon 040D,Croydon,E01001099,1581,0.21515634666799982,7348.144846684841
E01001100,Croydon 031E,Croydon,E01001100,1512,0.244519438309143,6183.5574727944395
E01001101,Croydon 035B,Croydon,E01001101,1431,0.5475068511897689,2613.6659237968283
E01001102,Croydon 035C,Croydon,E01001102,1516,0.6462873316063861,2345.7058894097318
E01001103,Croydon 039A,Croydon,E01001103,1633,0.7330891817724877,2227.559812097728
E01001104,Croydon 042D,Croydon,E01001104,1674,1.696742875685353,986.5961566650652
E01001105,Croydon 039B,Croydon,E01001105,1737,0.9924480281403933,1750.217594018214
E01001106,Croydon 039C,Croydon,E01001106,1503,0.42934073330843703,3500.716059289556
E01001107,Croydon 035D,Croydon,E01001107,1667,0.7627874200271983,2185.405731967316
E01001108,Croydon 035E,Croydon,E01001108,1786,0.5387221081517442,3315.252841817529
E01001109,Croydon 013B,Croydon,E01001109,2350,0.47508371319615683,4946.4966588524385
E01001110,Croydon 020D,Croydon,E01001110,2148,0.15371764265683446,13973.672526290837
E01001111,Croydon 010D,Croydon,E01001111,1752,0.20050341333836302,8738.005856505704
E01001112,Croydon 013C,Croydon,E01001112,2017,0.3576510189219746,5639.575712882368
E01001113,Croydon 013D,Croydon,E01001113,2006,0.176363366938099,11374.24418022183
E01001114,Croydon 013E,Croydon,E01001114,1510,0.18147385567084676,8320.757799618279
E01001115,Croydon 015B,Croydon,E01001115,1820,0.22098400614052904,8235.89015235165
E01001116,Croydon 013F,Croydon,E01001116,1525,0.15453123254045115,9868.55521003371
E01001118,Croydon 020E,Croydon,E01001118,2153,0.18423443003049583,11686.19784935758
E01001119,Croydon 034G,Croydon,E01001119,1439,0.6936532645256647,2074.523502724405
E01001120,Croydon 033A,Croydon,E01001120,1347,0.30827416556676557,4369.487133388311
E01001121,Croydon 039D,Croydon,E01001121,1324,2.2022780097410326,601.1956683687225
E01001122,Croydon 033B,Croydon,E01001122,1440,1.2353847201664498,1165.6287927909464
E01001123,Croydon 033C,Croydon,E01001123,1617,0.7438019945651461,2173.965668034216
E01001124,Croydon 033D,Croydon,E01001124,1566,0.5994803121196763,2612.262602024158
E01001125,Croydon 033E,Croydon,E01001125,1645,0.3872244308569489,4248.18236896759
E01001126,Croydon 034H,Croydon,E01001126,1417,0.2227187109463057,6362.285386707445
E01001127,Croydon 025A,Croydon,E01001127,1627,0.32904089118110785,4944.674183685214
E01001128,Croydon 025B,Croydon,E01001128,1602,0.22308356209177774,7181.165590949856
E01001129,Croydon 026D,Croydon,E01001129,1392,0.2889092694590746,4818.121629002228
E01001130,Croydon 025C,Croydon,E01001130,1764,0.13812510513734755,12771.031002987691
E01001131,Croydon 018C,Croydon,E01001131,1571,0.161636797543354,9719.321490384196
E01001132,Croydon 018D,Croydon,E01001132,1619,0.433945078996841,3730.886875690981
E01001133,Croydon 026E,Croydon,E01001133,1586,0.40004426474666377,3964.561274248906
E01001134,Croydon 018E,Croydon,E01001134,1612,0.3715291652387349,4338.824918264952
E01001135,Croydon 025D,Croydon,E01001135,1679,0.4540952031756191,3697.4625326545347
E01001136,Croydon 007A,Croydon,E01001136,2039,0.2782980595777062,7326.677027838463
E01001137,Croydon 001A,Croydon,E01001137,2131,0.3571994454740161,5965.854726263891
E01001138,Croydon 001B,Croydon,E01001138,1514,0.26062343243312147,5809.147649793566
E01001139,Croydon 007B,Croydon,E01001139,1699,0.18276091425117466,9296.298428804123
E01001140,Croydon 007C,Croydon,E01001140,1630,0.35378378077774886,4607.3338817756185
E01001141,Croydon 008A,Croydon,E01001141,1274,0.1533920399852745,8305.515723777471
E01001142,Croydon 007D,Croydon,E01001142,1923,0.31369054703377064,6130.245294873287
E01001143,Croydon 008B,Croydon,E01001143,1934,0.2212761203116066,8740.211086837986
E01001144,Croydon 007E,Croydon,E01001144,1758,0.12062299308159367,14574.335747172401
E01001145,Croydon 008C,Croydon,E01001145,1827,0.14023014603910575,13028.582309901522
E01001146,Croydon 006A,Croydon,E01001146,1530,0.13236740944679956,11558.736447244062
E01001147,Croydon 005A,Croydon,E01001147,1782,0.2004051947000304,8891.985073876578
E01001148,Croydon 005B,Croydon,E01001148,1762,0.1420931090521141,12400.319844882613
E01001149,Croydon 006B,Croydon,E01001149,1587,0.14087035756782898,11265.677374573715
E01001150,Croydon 006C,Croydon,E01001150,1704,0.2738905504951076,6221.463270345423
E01001151,Croydon 005C,Croydon,E01001151,1750,0.16572634814977472,10559.576190132679
E01001152,Croydon 005D,Croydon,E01001152,2062,0.17342182114590748,11890.083879727845
E01001153,Croydon 006D,Croydon,E01001153,1632,0.140284771091555,11633.47943829838
E01001154,Croydon 006E,Croydon,E01001154,1961,0.1780826626017116,11011.740117486048
E01001155,Croydon 010E,Croydon,E01001155,1794,0.13607394222855723,13184.008419383481
E01001156,Croydon 001C,Croydon,E01001156,1772,0.278895328150833,6353.638161488534
E01001157,Croydon 002B,Croydon,E01001157,1852,0.3361641716367203,5509.212927073577
E01001158,Croydon 005E,Croydon,E01001158,1534,0.20719802894580608,7403.545331993612
E01001159,Croydon 002C,Croydon,E01001159,1944,0.4020396941736531,4835.3434453671825
E01001160,Croydon 002D,Croydon,E01001160,1947,0.318656320954212,6110.031001957643
E01001161,Croydon 003D,Croydon,E01001161,1739,0.2953663408281889,5887.603831648358
E01001162,Croydon 001D,Croydon,E01001162,1813,0.3140671505290059,5772.65083898852
E01001163,Croydon 002E,Croydon,E01001163,1975,0.27990866180118007,7055.873109789108
E01001164,Croydon 001E,Croydon,E01001164,1981,0.187535988891577,10563.305804441117
E01001165,Croydon 024C,Croydon,E01001165,1847,0.1861329568922527,9923.014337913182
E01001166,Croydon 024D,Croydon,E01001166,1968,0.17085498143254033,11518.540363875998
E01001167,Croydon 028A,Croydon,E01001167,2325,0.5695832815194624,4081.9316076090904
E01001168,Croydon 024E,Croydon,E01001168,1817,0.2242009133421821,8104.338081918697
E01001169,Croydon 028B,Croydon,E01001169,1831,0.2279929912653037,8030.94862626439
E01001170,Croydon 027E,Croydon,E01001170,1940,0.25392380398906483,7640.087181757664
E01001171,Croydon 028C,Croydon,E01001171,1758,0.29658250016039267,5927.52437871172
E01001172,Croydon 028D,Croydon,E01001172,2202,0.6960456963260144,3163.585396221781
E01001173,Croydon 028E,Croydon,E01001173,2740,1.023216358189116,2677.830527308262
E01001174,Croydon 011A,Croydon,E01001174,1691,0.23202325810687216,7288.062471828186
E01001175,Croydon 011B,Croydon,E01001175,1639,0.14864310341973883,11026.41133219472
E01001176,Croydon 011C,Croydon,E01001176,1847,0.25294822659398586,7301.889500750169
E01001177,Croydon 016C,Croydon,E01001177,1649,0.291999382197877,5647.272222249206
E01001178,Croydon 015D,Croydon,E01001178,1626,0.18202531789305926,8932.823295247768
E01001179,Croydon 016D,Croydon,E01001179,1664,0.11162506898822044,14907.045658136152
E01001180,Croydon 016E,Croydon,E01001180,1980,0.15348469352159336,12900.309174617722
E01001181,Croydon 015E,Croydon,E01001181,2190,0.14377524912074266,15232.107149129923
E01001182,Croydon 011D,Croydon,E01001182,1358,0.12847139460897092,10570.44647279927
E01001183,Croydon 011E,Croydon,E01001183,1821,0.13670751936652537,13320.408478173995
E01001184,Croydon 011F,Croydon,E01001184,1299,0.18613921858871116,6978.647540528468
E01001185,Croydon 014B,Croydon,E01001185,1702,0.19839277303079708,8578.941530979022
E01001186,Croydon 014C,Croydon,E01001186,1683,0.17886833182297773,9409.155789889235
E01001187,Croydon 017E,Croydon,E01001187,1985,0.163070656603893,12172.637563002318
E01001188,Croydon 014D,Croydon,E01001188,1959,0.18860849133341978,10386.594930855492
E01001189,Croydon 045B,Croydon,E01001189,1218,0.1182860632588071,10297.071070283613
E01001190,Croydon 045C,Croydon,E01001190,1552,0.25055428064410307,6194.266551783725
E01001191,Croydon 008D,Croydon,E01001191,2072,0.1585698853420035,13066.79383371635
E01001192,Croydon 008E,Croydon,E01001192,1585,0.18713760571651908,8469.703317680569
E01001193,Croydon 014E,Croydon,E01001193,1682,0.18141556012456436,9271.531057452281
E01001194,Croydon 045D,Croydon,E01001194,1615,0.5431234557251009,2973.541251028981
E01001195,Ealing 021A,Ealing,E01001195,1824,0.41278588845246694,4418.755706107519
E01001196,Ealing 015A,Ealing,E01001196,1617,0.230658907414464,7010.351423777716
E01001197,Ealing 021B,Ealing,E01001197,1854,0.404208826212219,4586.738041753218
E01001198,Ealing 021C,Ealing,E01001198,1561,0.10839543179094586,14400.975891775435
E01001199,Ealing 021D,Ealing,E01001199,1663,0.10464384390709593,15892.000311804597
E01001200,Ealing 025A,Ealing,E01001200,1594,0.1351858980410974,11791.170699738323
E01001201,Ealing 025B,Ealing,E01001201,1595,0.12457322424481558,12803.714519465686
E01001202,Ealing 025C,Ealing,E01001202,2502,0.16168540850421542,15474.494718765969
E01001203,Ealing 025D,Ealing,E01001203,1688,0.09091057961957465,18567.695938840367
E01001204,Ealing 018A,Ealing,E01001204,1614,0.16854455418511174,9576.102934938799
E01001205,Ealing 018B,Ealing,E01001205,1781,0.2474190184562196,7198.314871316754
E01001206,Ealing 018C,Ealing,E01001206,1578,0.15395371173639816,10249.834071567402
E01001207,Ealing 018D,Ealing,E01001207,1762,0.15894811665808442,11085.378279695276
E01001208,Ealing 018E,Ealing,E01001208,1360,0.533405494114445,2549.6550279405346
E01001209,Ealing 013A,Ealing,E01001209,1683,0.2752725055899251,6113.94151549292
E01001210,Ealing 016A,Ealing,E01001210,1888,0.2291222727071125,8240.141727353737
E01001211,Ealing 013B,Ealing,E01001211,1737,0.18205849526021994,9540.889577919834
E01001212,Ealing 018F,Ealing,E01001212,1767,0.2857799848540705,6183.078219779084
E01001213,Ealing 023A,Ealing,E01001213,2010,0.14969986107379785,13426.86616795941
E01001214,Ealing 023B,Ealing,E01001214,1745,0.23379290069235953,7463.870779789797
E01001215,Ealing 023C,Ealing,E01001215,2057,0.17399792676201783,11821.979941251946
E01001216,Ealing 023D,Ealing,E01001216,1751,0.14336296986318206,12213.753674823147
E01001217,Ealing 014A,Ealing,E01001217,1450,0.18661517552463477,7770.000461771598
E01001218,Ealing 012A,Ealing,E01001218,2057,0.27542777047288547,7468.382714162448
E01001219,Ealing 029A,Ealing,E01001219,2195,0.16442285773260237,13349.725398701468
E01001220,Ealing 029B,Ealing,E01001220,1514,0.9386144952644827,1613.0157883118832
E01001223,Ealing 020B,Ealing,E01001223,1454,0.22460628321804604,6473.549978957926
E01001224,Ealing 019B,Ealing,E01001224,1560,0.2397719195895597,6506.183053755418
E01001225,Ealing 020C,Ealing,E01001225,1811,0.23326567062467113,7763.679906907233
E01001226,Ealing 019C,Ealing,E01001226,1513,0.22634115011460976,6684.599770010357
E01001227,Ealing 019D,Ealing,E01001227,1521,0.17197840725983168,8844.13354114865
E01001228,Ealing 019E,Ealing,E01001228,1834,0.26779775621974056,6848.451704334361
E01001229,Ealing 031A,Ealing,E01001229,1518,0.20278245502578884,7485.854729428877
E01001230,Ealing 031B,Ealing,E01001230,1370,0.19274124223777744,7107.975356462027
E01001231,Ealing 027A,Ealing,E01001231,2045,0.39780694901805735,5140.684457744786
E01001232,Ealing 031C,Ealing,E01001232,1558,0.21294634245220823,7316.397088856615
E01001233,Ealing 031D,Ealing,E01001233,1444,0.17122476385408147,8433.35956492008
E01001234,Ealing 027B,Ealing,E01001234,1370,0.30160721141508473,4542.3317087552905
E01001235,Ealing 020D,Ealing,E01001235,1775,0.2724253800022623,6515.5456513826275
E01001236,Ealing 020E,Ealing,E01001236,1476,0.13918499634677187,10604.591290304208
E01001237,Ealing 031E,Ealing,E01001237,1563,0.24256299707468165,6443.686872481934
E01001239,Ealing 015C,Ealing,E01001239,1481,0.41491110566728234,3569.4392841526287
E01001240,Ealing 024A,Ealing,E01001240,1825,0.19528783718650267,9345.180049575229
E01001241,Ealing 024B,Ealing,E01001241,1855,0.3543460799319916,5234.995122158608
E01001242,Ealing 024C,Ealing,E01001242,1624,0.2066030720137198,7860.483313104636
E01001243,Ealing 024D,Ealing,E01001243,2388,0.21962811778605162,10872.924760600301
E01001244,Ealing 024E,Ealing,E01001244,2792,0.2117188046289989,13187.302870392188
E01001245,Ealing 024F,Ealing,E01001245,2170,0.11259328799540437,19272.907281014577
E01001246,Ealing 015D,Ealing,E01001246,1827,1.0100089877637484,1808.894794139549
E01001247,Ealing 015E,Ealing,E01001247,2269,1.1421642834010444,1986.579367762714
E01001248,Ealing 035A,Ealing,E01001248,1593,0.6668755377533777,2388.751588289807
E01001249,Ealing 028A,Ealing,E01001249,2436,0.15552967765520295,15662.605598658927
E01001250,Ealing 028B,Ealing,E01001250,2181,0.24696923829460657,8831.059345934864
E01001251,Ealing 030A,Ealing,E01001251,1809,0.18814305896161043,9615.023854635618
E01001252,Ealing 030B,Ealing,E01001252,2466,0.1964135141230936,12555.144237450699
E01001253,Ealing 030C,Ealing,E01001253,2128,0.16264629967803365,13083.60537074917
E01001254,Ealing 030D,Ealing,E01001254,1747,0.20867714617034525,8371.784031270518
E01001255,Ealing 028C,Ealing,E01001255,1589,0.17538982374957307,9059.81867151439
E01001257,Ealing 008A,Ealing,E01001257,2233,0.1660698702182337,13446.14767907988
E01001258,Ealing 010B,Ealing,E01001258,1874,0.20611779984944767,9091.888237545738
E01001259,Ealing 014B,Ealing,E01001259,1599,0.2610360308957532,6125.591147371426
E01001260,Ealing 012B,Ealing,E01001260,2039,0.26650780127928314,7650.807932122251
E01001261,Ealing 012C,Ealing,E01001261,2319,0.4327342409028833,5358.947318708812
E01001262,Ealing 010C,Ealing,E01001262,1620,0.25840059611070204,6269.335382283606
E01001263,Ealing 010D,Ealing,E01001263,1947,0.3277837306939662,5939.8921230102405
E01001264,Ealing 010E,Ealing,E01001264,1821,0.30748461048424036,5922.247611456744
E01001265,Ealing 006A,Ealing,E01001265,1723,0.4982034667117132,3458.4263561478156
E01001266,Ealing 006B,Ealing,E01001266,1833,0.735737129982301,2491.378952213673
E01001267,Ealing 006C,Ealing,E01001267,2034,0.38332465193630266,5306.207126845553
E01001268,Ealing 012D,Ealing,E01001268,1963,0.30155754631037823,6509.536982303143
E01001269,Ealing 001A,Ealing,E01001269,2272,0.2879534523772768,7890.164126329779
E01001270,Ealing 004A,Ealing,E01001270,1760,0.2830359574399625,6218.291187872589
E01001271,Ealing 001B,Ealing,E01001271,1920,0.34129465048318497,5625.637545979043
E01001272,Ealing 006D,Ealing,E01001272,1720,0.5507261114077365,3123.14953725987
E01001273,Ealing 020F,Ealing,E01001273,1675,0.3933187951102513,4258.631982055372
E01001274,Ealing 020G,Ealing,E01001274,1611,0.2662671644298028,6050.31417767892
E01001275,Ealing 020H,Ealing,E01001275,1800,0.345800034018198,5205.320482719425
E01001276,Ealing 011A,Ealing,E01001276,1778,0.35936001445244076,4947.684573947801
E01001277,Ealing 011B,Ealing,E01001277,2041,0.5489024299339283,3718.32932174426
E01001278,Ealing 011C,Ealing,E01001278,2081,0.4525220379681976,4598.67105996338
E01001279,Ealing 013C,Ealing,E01001279,1492,0.2530900461348464,5895.135042984117
E01001280,Ealing 011D,Ealing,E01001280,1816,0.364162606580124,4986.7832863296435
E01001281,Ealing 013D,Ealing,E01001281,1573,0.28885816919079843,5445.579068809344
E01001282,Ealing 016B,Ealing,E01001282,1619,0.1488021640757063,10880.21810742147
E01001283,Ealing 016C,Ealing,E01001283,1781,0.2586419098836319,6885.968328958393
E01001284,Ealing 022A,Ealing,E01001284,1720,0.4739657125657266,3628.9544884778584
E01001285,Ealing 016D,Ealing,E01001285,1769,0.21633260301865556,8177.223290968534
E01001286,Ealing 016E,Ealing,E01001286,1669,0.2095482832212678,7964.7514851632395
E01001287,Ealing 016F,Ealing,E01001287,1618,0.09148892311127628,17685.201060155192
E01001288,Ealing 022B,Ealing,E01001288,1476,0.17253585470793412,8554.743606762482
E01001289,Ealing 022C,Ealing,E01001289,1337,0.12063155380828122,11083.335643051432
E01001290,Ealing 022D,Ealing,E01001290,2050,0.5060368087081061,4051.0887048584013
E01001291,Ealing 014C,Ealing,E01001291,1762,0.16388270036706484,10751.592425884297
E01001292,Ealing 014D,Ealing,E01001292,1675,0.1876218100022075,8927.533531311165
E01001293,Ealing 014E,Ealing,E01001293,1827,0.1442578370790192,12664.823187382435
E01001294,Ealing 017A,Ealing,E01001294,2029,0.2972383102001661,6826.172570533157
E01001295,Ealing 017B,Ealing,E01001295,1795,0.16178946723811125,11094.665373724456
E01001296,Ealing 017C,Ealing,E01001296,1439,0.15811557206856,9100.937884701449
E01001297,Ealing 017D,Ealing,E01001297,1836,0.25162839260833714,7296.473903315664
E01001298,Ealing 017E,Ealing,E01001298,2110,0.17570909077417562,12008.485108558263
E01001299,Ealing 035B,Ealing,E01001299,1755,0.22774100962681362,7706.121979856943
E01001300,Ealing 039A,Ealing,E01001300,1615,0.1366535712110294,11818.205596003132
E01001301,Ealing 039B,Ealing,E01001301,1886,0.2497580270092711,7551.308851146518
E01001302,Ealing 039C,Ealing,E01001302,1602,0.3346881770542101,4786.54493893437
E01001303,Ealing 032A,Ealing,E01001303,1725,0.16211881942983264,10640.343953075755
E01001304,Ealing 039D,Ealing,E01001304,1658,0.11611482549186802,14278.96905478376
E01001305,Ealing 035C,Ealing,E01001305,1728,0.15006651376948776,11514.894006629114
E01001306,Ealing 035D,Ealing,E01001306,1637,0.15501229282393147,10560.452788472481
E01001307,Ealing 002A,Ealing,E01001307,1883,0.5773848859135806,3261.256132502637
E01001308,Ealing 002B,Ealing,E01001308,1941,1.109999849771967,1748.648885311786
E01001309,Ealing 001C,Ealing,E01001309,1857,0.3356593327191156,5532.394958176133
E01001310,Ealing 001D,Ealing,E01001310,2142,0.23361818932808648,9168.80661630263
E01001311,Ealing 001E,Ealing,E01001311,2518,0.32089302254504637,7846.851826285902
E01001312,Ealing 002C,Ealing,E01001312,1968,0.20849045266250424,9439.281151092886
E01001313,Ealing 002D,Ealing,E01001313,1725,0.1723369598821705,10009.46054276117
E01001314,Ealing 002E,Ealing,E01001314,1525,0.2900114482476909,5258.413104773502
E01001315,Ealing 003A,Ealing,E01001315,1467,0.16624135543559662,8824.519002242669
E01001316,Ealing 003B,Ealing,E01001316,1726,0.17899311645637264,9642.82892085792
E01001317,Ealing 003C,Ealing,E01001317,2181,0.33842111873359115,6444.633266864493
E01001318,Ealing 003D,Ealing,E01001318,1949,0.25388506179397863,7676.702151076398
E01001319,Ealing 004B,Ealing,E01001319,1549,0.14001858027005834,11062.8174990233
E01001320,Ealing 003E,Ealing,E01001320,1623,0.46269383677667325,3507.7190811672026
E01001321,Ealing 003F,Ealing,E01001321,2263,0.3354867466110976,6745.422949966221
E01001322,Ealing 004C,Ealing,E01001322,2071,0.5465663604093408,3789.1098867646424
E01001323,Ealing 004D,Ealing,E01001323,2015,0.3380837110075447,5960.06235850574
E01001324,Ealing 008B,Ealing,E01001324,1663,0.31833751846148167,5224.0150895101615
E01001325,Ealing 009A,Ealing,E01001325,1983,0.9435002714985906,2101.748202838712
E01001326,Ealing 008C,Ealing,E01001326,1960,0.7342266683783073,2669.475360148752
E01001327,Ealing 009B,Ealing,E01001327,1896,0.2791388655899023,6792.318210483502
E01001328,Ealing 009C,Ealing,E01001328,1823,0.38143857073056736,4779.275458453028
E01001329,Ealing 009D,Ealing,E01001329,1963,0.30400013421797983,6457.233991194403
E01001330,Ealing 008D,Ealing,E01001330,1858,0.2995398869874337,6202.8467016078785
E01001331,Ealing 009E,Ealing,E01001331,1796,0.1426043808029237,12594.28349877999
E01001332,Ealing 008E,Ealing,E01001332,1594,0.1337970960021286,11913.562010154845
E01001333,Ealing 038A,Ealing,E01001333,2465,0.27738712580377606,8886.497500045274
E01001334,Ealing 029C,Ealing,E01001334,1667,0.1573826087853267,10592.02165261998
E01001335,Ealing 038B,Ealing,E01001335,1800,0.49120659303530256,3664.445928702418
E01001336,Ealing 038C,Ealing,E01001336,1841,0.2504074376704413,7352.018043581123
E01001337,Ealing 029D,Ealing,E01001337,2123,1.2219821520491194,1737.3412503938623
E01001338,Ealing 029E,Ealing,E01001338,1867,0.5494905737997201,3397.6924974157782
E01001339,Ealing 029F,Ealing,E01001339,2184,0.7271436181279968,3003.5332024540403
E01001340,Ealing 029G,Ealing,E01001340,1564,0.12003252245781094,13029.80199012076
E01001341,Ealing 005A,Ealing,E01001341,1792,0.23019040970413943,7784.859509582667
E01001342,Ealing 005B,Ealing,E01001342,1896,0.18657918444538757,10161.905282392132
E01001343,Ealing 005C,Ealing,E01001343,1439,0.288181072258133,4993.388319101824
E01001344,Ealing 007A,Ealing,E01001344,2289,0.48437582732496587,4725.669347789973
E01001345,Ealing 005D,Ealing,E01001345,1758,0.18160827877717858,9680.175440443167
E01001346,Ealing 007B,Ealing,E01001346,1958,0.22526977984910468,8691.800566021559
E01001347,Ealing 007C,Ealing,E01001347,1972,0.6743616728525296,2924.2468535593066
E01001348,Ealing 007D,Ealing,E01001348,1672,0.4122430926627124,4055.8593455148343
E01001349,Ealing 006E,Ealing,E01001349,1411,0.6772085598734,2083.553108460085
E01001350,Ealing 027C,Ealing,E01001350,1439,0.29895272019880764,4813.470166931565
E01001351,Ealing 025E,Ealing,E01001351,1972,0.20203928112721403,9760.478205019599
E01001352,Ealing 027D,Ealing,E01001352,1584,0.1592207339857089,9948.453071081649
E01001353,Ealing 033A,Ealing,E01001353,1415,0.19544517362283056,7239.882028146994
E01001354,Ealing 027E,Ealing,E01001354,2056,0.267353689452611,7690.18749735425
E01001355,Ealing 033B,Ealing,E01001355,1957,0.1448435276819852,13511.131849099533
E01001356,Ealing 033C,Ealing,E01001356,1495,0.08351198502414514,17901.62213923861
E01001357,Ealing 033D,Ealing,E01001357,2750,0.1120703445967346,24538.15958088994
E01001358,Ealing 033E,Ealing,E01001358,1990,0.2616701022106366,7604.995691858253
E01001359,Ealing 026A,Ealing,E01001359,2464,0.13512411389448842,18235.087202303603
E01001360,Ealing 026B,Ealing,E01001360,2213,0.13998656442741889,15808.659988562047
E01001361,Ealing 023E,Ealing,E01001361,2276,0.3854757565526593,5904.3920695673605
E01001362,Ealing 026C,Ealing,E01001362,2624,0.24658081453455397,10641.541617716948
E01001363,Ealing 026D,Ealing,E01001363,1994,0.13295505237730065,14997.549655664192
E01001364,Ealing 026E,Ealing,E01001364,1834,0.11903323858435862,15407.461158004602
E01001365,Ealing 026F,Ealing,E01001365,2577,0.4633824762460567,5561.280652813486
E01001366,Ealing 037A,Ealing,E01001366,2050,0.16916092927954798,12118.637611716233
E01001367,Ealing 037B,Ealing,E01001367,2710,0.20685868851698616,13100.730839147078
E01001368,Ealing 037C,Ealing,E01001368,1764,0.127792145508167,13803.665264288606
E01001369,Ealing 038D,Ealing,E01001369,2064,0.153102281532851,13481.183816043458
E01001370,Ealing 037D,Ealing,E01001370,2172,0.4489934847965121,4837.486675300801
E01001371,Ealing 037E,Ealing,E01001371,2309,0.20113275987365908,11479.97969823708
E01001372,Ealing 037F,Ealing,E01001372,2555,0.12833038017153664,19909.549060672794
E01001373,Ealing 037G,Ealing,E01001373,2078,0.15074286920981958,13785.063339265645
E01001374,Ealing 040A,Ealing,E01001374,1945,0.12938966717370726,15032.112242694102
E01001375,Ealing 034A,Ealing,E01001375,1698,0.1399377403846803,12133.96754393991
E01001376,Ealing 040B,Ealing,E01001376,1707,0.1550948026084536,11006.171524067295
E01001377,Ealing 034B,Ealing,E01001377,1637,0.1929106854022329,8485.792254517863
E01001379,Ealing 034C,Ealing,E01001379,1736,0.13095182945826975,13256.783102470583
E01001380,Ealing 040C,Ealing,E01001380,2306,0.1762966710922133,13080.224293026096
E01001381,Ealing 034D,Ealing,E01001381,1877,0.28525028934007546,6580.186138785087
E01001382,Ealing 032B,Ealing,E01001382,1481,0.20864015814264728,7098.3458466679285
E01001383,Ealing 028D,Ealing,E01001383,1755,0.11549678655763435,15195.22795661707
E01001384,Ealing 032C,Ealing,E01001384,1748,0.10841779364394499,16122.81472670998
E01001385,Ealing 032D,Ealing,E01001385,1678,0.15784828783393037,10630.460570883079
E01001386,Ealing 031F,Ealing,E01001386,1798,0.3078153892016215,5841.16344755686
E01001387,Ealing 032E,Ealing,E01001387,1535,0.24925529792987108,6158.344527673302
E01001388,Ealing 028E,Ealing,E01001388,1445,0.17624304281276157,8198.90519897089
E01001389,Ealing 028F,Ealing,E01001389,1827,0.1433292345311121,12746.87614133192
E01001390,Enfield 036A,Enfield,E01001390,1817,0.1521326826937307,11943.521719510685
E01001391,Enfield 036B,Enfield,E01001391,1781,0.1322881938927719,13463.030581879551
E01001392,Enfield 032A,Enfield,E01001392,1866,0.1605694878128774,11621.136901019312
E01001393,Enfield 036C,Enfield,E01001393,1970,0.17884067660788755,11015.39111440107
E01001394,Enfield 035A,Enfield,E01001394,1997,0.17229321690300112,11590.705866988865
E01001395,Enfield 035B,Enfield,E01001395,1633,0.24110610960691248,6772.9515550740825
E01001396,Enfield 036D,Enfield,E01001396,1461,0.14731433625115203,9917.56835878609
E01001397,Enfield 035C,Enfield,E01001397,2164,0.304001421401065,7118.387769460669
E01001398,Enfield 021A,Enfield,E01001398,1341,0.17598238345923703,7620.080906056242
E01001399,Enfield 021B,Enfield,E01001399,1482,0.2367771370071017,6259.05025600318
E01001400,Enfield 021C,Enfield,E01001400,1562,0.246147850333801,6345.779570618929
E01001401,Enfield 016A,Enfield,E01001401,1389,0.14268570701010164,9734.682114317615
E01001402,Enfield 021D,Enfield,E01001402,1852,0.3513780499739301,5270.676412876121
E01001403,Enfield 021E,Enfield,E01001403,1705,0.3721676452500613,4581.268742086384
E01001404,Enfield 026A,Enfield,E01001404,1480,0.520657432454071,2842.5600169081536
E01001405,Enfield 015A,Enfield,E01001405,1802,0.2793409942100095,6450.897066132908
E01001406,Enfield 015B,Enfield,E01001406,1658,0.20377579376091268,8136.393284990996
E01001407,Enfield 005A,Enfield,E01001407,1593,1.031240334755852,1544.7417505999176
E01001408,Enfield 004A,Enfield,E01001408,1670,0.1443834596398483,11566.42183367587
E01001409,Enfield 005B,Enfield,E01001409,2034,0.18939383119382902,10739.526135454582
E01001410,Enfield 005C,Enfield,E01001410,2188,0.15794299766918746,13853.099107203087
E01001411,Enfield 004B,Enfield,E01001411,1903,0.1842962280392292,10325.767489907217
E01001412,Enfield 004C,Enfield,E01001412,1756,14.329156565083043,122.54733849994913
E01001413,Enfield 004D,Enfield,E01001413,1635,0.5119780295392014,3193.496411304131
E01001414,Enfield 004E,Enfield,E01001414,1673,0.3918819391207664,4269.142905012601
E01001415,Enfield 011A,Enfield,E01001415,2051,1.0854357018614231,1889.5637912800566
E01001416,Enfield 013A,Enfield,E01001416,1726,0.32784332241334285,5264.7099452703505
E01001417,Enfield 011B,Enfield,E01001417,1887,5.691981881236534,331.5189751781265
E01001418,Enfield 011C,Enfield,E01001418,1740,0.6274714946950356,2773.034336556877
E01001419,Enfield 020A,Enfield,E01001419,1973,0.6670754261120647,2957.686526543623
E01001420,Enfield 020B,Enfield,E01001420,1783,0.3551992016561411,5019.718489474745
E01001421,Enfield 020C,Enfield,E01001421,1672,0.1907724680134688,8764.367402753076
E01001422,Enfield 011D,Enfield,E01001422,1677,1.4719123845680993,1139.3341190563317
E01001423,Enfield 027A,Enfield,E01001423,1731,0.1924952509464963,8992.429639114205
E01001424,Enfield 030A,Enfield,E01001424,1227,0.06959429677620695,17630.75505950783
E01001425,Enfield 027B,Enfield,E01001425,2023,0.40191587089980196,5033.391678390168
E01001426,Enfield 030B,Enfield,E01001426,1822,0.3076522514473909,5922.270977794438
E01001427,Enfield 030C,Enfield,E01001427,1744,1.3571810066520362,1285.0165095532752
E01001428,Enfield 027C,Enfield,E01001428,1723,0.15892612468310688,10841.51522246957
E01001429,Enfield 030D,Enfield,E01001429,2328,0.2440189105006429,9540.24421805566
E01001430,Enfield 030E,Enfield,E01001430,2013,0.116939870226542,17213.974977912254
E01001431,Enfield 033A,Enfield,E01001431,1786,0.13335729505597466,13392.59317797616
E01001432,Enfield 033B,Enfield,E01001432,1867,0.15544057486889554,12011.020942084771
E01001433,Enfield 007A,Enfield,E01001433,1822,0.3379245850576525,5391.735554514783
E01001434,Enfield 007B,Enfield,E01001434,1591,0.1783277730250964,8921.773501742186
E01001435,Enfield 007C,Enfield,E01001435,1517,0.15426947670461885,9833.442314091812
E01001436,Enfield 007D,Enfield,E01001436,1933,0.19499294375018375,9913.179230098056
E01001437,Enfield 014A,Enfield,E01001437,2275,2.630496540882499,864.8557276706266
E01001438,Enfield 007E,Enfield,E01001438,1676,0.2765751736570329,6059.835298443396
E01001439,Enfield 006A,Enfield,E01001439,2131,0.20926933791920402,10183.049371632023
E01001440,Enfield 012A,Enfield,E01001440,1677,0.3144983672733868,5332.301132559519
E01001441,Enfield 006B,Enfield,E01001441,1646,0.33517288544612706,4910.898439201355
E01001442,Enfield 002A,Enfield,E01001442,1732,0.11517796352698746,15037.59874686596
E01001444,Enfield 001A,Enfield,E01001444,1908,0.3486822021452014,5472.031518274779
E01001445,Enfield 003B,Enfield,E01001445,2799,1.423265348412613,1966.6044726809112
E01001446,Enfield 001B,Enfield,E01001446,1858,0.18080887876672705,10276.044034303886
E01001447,Enfield 003C,Enfield,E01001447,1991,0.18808146717311805,10585.838306798194
E01001448,Enfield 003D,Enfield,E01001448,1982,0.15737561998228383,12594.072704673816
E01001449,Enfield 003E,Enfield,E01001449,1643,0.23387450866670714,7025.135015212057
E01001450,Enfield 015C,Enfield,E01001450,2378,0.35932676024149995,6617.931818943209
E01001451,Enfield 017A,Enfield,E01001451,1664,0.6186150689100871,2689.879512524217
E01001452,Enfield 017B,Enfield,E01001452,1373,0.6315506359913023,2174.01411977821
E01001453,Enfield 017C,Enfield,E01001453,1660,0.5200292202243113,3192.128317874079
E01001454,Enfield 017D,Enfield,E01001454,1701,0.37740789594921115,4507.059916491276
E01001455,Enfield 021F,Enfield,E01001455,1456,0.23731941240763693,6135.191323915254
E01001456,Enfield 022A,Enfield,E01001456,1396,0.26350545101223255,5297.8031180660255
E01001457,Enfield 010A,Enfield,E01001457,1813,0.2673688368307125,6780.894967007396
E01001458,Enfield 037A,Enfield,E01001458,1786,0.16202318807096297,11023.113550992264
E01001459,Enfield 024A,Enfield,E01001459,1720,0.22184776530195152,7753.064348694026
E01001460,Enfield 024B,Enfield,E01001460,2113,0.12154587244204987,17384.383011503967
E01001461,Enfield 027D,Enfield,E01001461,1576,0.2906113279624438,5423.050818595994
E01001462,Enfield 024C,Enfield,E01001462,1455,0.1095859980332099,13277.243681798327
E01001463,Enfield 031A,Enfield,E01001463,1560,0.25620076956942617,6088.9746842749655
E01001464,Enfield 027E,Enfield,E01001464,1315,0.20406489990403934,6444.028348914357
E01001465,Enfield 031B,Enfield,E01001465,1561,0.2306957444570565,6766.48805843307
E01001466,Enfield 031C,Enfield,E01001466,1996,0.0988506595518862,20192.07569325635
E01001467,Enfield 031D,Enfield,E01001467,1999,0.10643690843982043,18781.079132247036
E01001468,Enfield 010B,Enfield,E01001468,1416,0.7881384945497291,1796.6385474027304
E01001469,Enfield 008A,Enfield,E01001469,1767,0.2258899233075079,7822.3940852578535
E01001470,Enfield 013B,Enfield,E01001470,1649,1.8964879045291094,869.5019863094989
E01001471,Enfield 010C,Enfield,E01001471,1908,0.36406810456032446,5240.777689944143
E01001472,Enfield 010D,Enfield,E01001472,1653,0.25190996511448055,6561.868242285666
E01001473,Enfield 013C,Enfield,E01001473,1596,0.8389288860059082,1902.4258511331795
E01001474,Enfield 010E,Enfield,E01001474,1898,0.38296450134252064,4956.072934557563
E01001475,Enfield 013D,Enfield,E01001475,1803,0.3350497761285249,5381.28997080234
E01001476,Enfield 018A,Enfield,E01001476,1751,0.20093675373789294,8714.18477420039
E01001477,Enfield 018B,Enfield,E01001477,1979,1.131215805063071,1749.4451466664761
E01001478,Enfield 016B,Enfield,E01001478,1658,0.31374510847033554,5284.544540259384
E01001479,Enfield 023A,Enfield,E01001479,1793,0.2450324513868286,7317.3981236037225
E01001480,Enfield 024D,Enfield,E01001480,1588,0.1991705987656713,7973.064347054144
E01001481,Enfield 018C,Enfield,E01001481,1796,0.17145603484271585,10474.988539467566
E01001482,Enfield 023B,Enfield,E01001482,1923,0.17304963436745666,11112.418740606337
E01001483,Enfield 025A,Enfield,E01001483,1187,1.146451185130666,1035.3689850865412
E01001484,Enfield 016C,Enfield,E01001484,1414,0.32999346937298935,4284.93328273041
E01001485,Enfield 025B,Enfield,E01001485,1858,0.12826823434247245,14485.26994640929
E01001486,Enfield 025C,Enfield,E01001486,2148,0.17721073113003613,12121.16211192544
E01001487,Enfield 023C,Enfield,E01001487,1941,0.12993935592087436,14937.737579536397
E01001488,Enfield 024E,Enfield,E01001488,1979,0.13186857160729343,15007.366621771649
E01001489,Enfield 023D,Enfield,E01001489,1888,0.1810884053057537,10425.846960285826
E01001491,Enfield 023E,Enfield,E01001491,1950,0.14823386419043377,13154.888801217952
E01001492,Enfield 025E,Enfield,E01001492,2038,0.15109706227562647,13488.018690147297
E01001493,Enfield 026B,Enfield,E01001493,1911,0.23216925890394358,8231.063875647062
E01001494,Enfield 026C,Enfield,E01001494,1477,0.16290348653422115,9066.718161920533
E01001495,Enfield 029A,Enfield,E01001495,1846,0.15518102790230653,11895.784072020328
E01001496,Enfield 026D,Enfield,E01001496,1901,0.2583298327619192,7358.8093936947325
E01001497,Enfield 031E,Enfield,E01001497,1457,0.20542034553462402,7092.773581935289
E01001498,Enfield 029B,Enfield,E01001498,1837,0.19216566217517292,9559.460203277324
E01001499,Enfield 031F,Enfield,E01001499,1540,0.20761273136666275,7417.656854965323
E01001500,Enfield 035D,Enfield,E01001500,1589,0.22261085635934044,7138.016653756643
E01001501,Enfield 036E,Enfield,E01001501,2220,0.304416270894029,7292.645670614659
E01001502,Enfield 018D,Enfield,E01001502,1954,0.2797725741594767,6984.244277232749
E01001503,Enfield 018E,Enfield,E01001503,1888,0.17388531645831287,10857.731052021449
E01001504,Enfield 012B,Enfield,E01001504,2139,0.17912665564188968,11941.271344206261
E01001505,Enfield 012C,Enfield,E01001505,1959,0.19408216899366065,10093.662958105066
E01001507,Enfield 012D,Enfield,E01001507,2583,0.2694799273667885,9585.129494577475
E01001508,Enfield 012E,Enfield,E01001508,2445,0.20628999042768045,11852.247386947982
E01001509,Enfield 014C,Enfield,E01001509,1773,0.14778220296662112,11997.385100562205
E01001511,Enfield 016D,Enfield,E01001511,1923,0.3872165707865531,4966.213083530516
E01001512,Enfield 015D,Enfield,E01001512,2277,0.1923368027970489,11838.60793611433
E01001513,Enfield 012F,Enfield,E01001513,1982,0.9506467310838694,2084.896455426975
E01001514,Enfield 016E,Enfield,E01001514,1765,0.13653371307028728,12927.210139603994
E01001515,Enfield 015E,Enfield,E01001515,2047,0.130692765845599,15662.687882957001
E01001516,Enfield 005D,Enfield,E01001516,2123,0.32508071521608256,6530.685767037373
E01001517,Enfield 006C,Enfield,E01001517,2045,0.1817162047879374,11253.811966778156
E01001518,Enfield 016F,Enfield,E01001518,1688,0.5587222630280259,3021.179057465496
E01001520,Enfield 019A,Enfield,E01001520,1857,0.3499489788021282,5306.487838188561
E01001521,Enfield 028A,Enfield,E01001521,1875,0.4804018635240229,3902.9823619871095
E01001522,Enfield 019B,Enfield,E01001522,1817,0.2047999697015117,8872.071625050577
E01001523,Enfield 019C,Enfield,E01001523,1847,0.5180353524757125,3565.393734564852
E01001524,Enfield 019D,Enfield,E01001524,1562,0.256310929195602,6094.160732443719
E01001525,Enfield 020E,Enfield,E01001525,1964,0.2358392849959905,8327.705030285306
E01001526,Enfield 019E,Enfield,E01001526,1608,0.2857449628805481,5627.395786053464
E01001527,Enfield 036F,Enfield,E01001527,2054,0.38686138386306207,5309.395265791268
E01001528,Enfield 032B,Enfield,E01001528,1688,0.20176345309683677,8366.232705136352
E01001529,Enfield 032C,Enfield,E01001529,1791,0.16777033523990434,10675.30798838154
E01001530,Enfield 032D,Enfield,E01001530,1727,0.20627026395179726,8372.510738647128
E01001531,Enfield 028B,Enfield,E01001531,1435,0.23326540879244512,6151.790818144126
E01001532,Enfield 028C,Enfield,E01001532,1663,0.29077163772552916,5719.264825855441
E01001533,Enfield 028D,Enfield,E01001533,1662,0.32782935016202386,5069.710808927223
E01001534,Enfield 032E,Enfield,E01001534,1691,0.4050963268679957,4174.315805512173
E01001535,Enfield 028E,Enfield,E01001535,1405,0.3990322441603885,3521.01871605962
E01001536,Enfield 008B,Enfield,E01001536,1970,0.4344263744279769,4534.715468401204
E01001537,Enfield 005E,Enfield,E01001537,1714,0.18508688087242808,9260.51588270798
E01001538,Enfield 009A,Enfield,E01001538,1677,0.25765708390210357,6508.650857188051
E01001539,Enfield 009B,Enfield,E01001539,1654,0.22060958474666817,7497.407702839983
E01001540,Enfield 008C,Enfield,E01001540,1906,0.26228874967015275,7266.800434242544
E01001541,Enfield 008D,Enfield,E01001541,1532,0.1782962576627058,8592.440582225681
E01001542,Enfield 008E,Enfield,E01001542,1566,0.1842885188898097,8497.545096319032
E01001543,Enfield 009C,Enfield,E01001543,1617,0.20892835807614524,7739.495082858375
E01001544,Enfield 009D,Enfield,E01001544,1695,0.3028152365365302,5597.472635084937
E01001545,Enfield 002B,Enfield,E01001545,1885,0.34150586690238127,5519.670912531711
E01001546,Enfield 001C,Enfield,E01001546,1813,0.24114992612124977,7518.144538383257
E01001547,Enfield 002C,Enfield,E01001547,2092,0.25309495413662214,8265.672490928942
E01001548,Enfield 002D,Enfield,E01001548,1927,0.2972409113082398,6482.956843049423
E01001549,Enfield 006D,Enfield,E01001549,2359,0.32045834133328366,7361.33124257355
E01001550,Enfield 006E,Enfield,E01001550,1770,0.220573550291817,8024.53420937508
E01001551,Enfield 002E,Enfield,E01001551,1794,0.30541091727871117,5874.0532787268885
E01001552,Enfield 001D,Enfield,E01001552,1945,0.28169658346139426,6904.592083086293
E01001553,Enfield 037B,Enfield,E01001553,1753,0.19292970943525845,9086.210750699624
E01001554,Enfield 037C,Enfield,E01001554,1798,0.11805361328795913,15230.368219346887
E01001555,Enfield 033C,Enfield,E01001555,2234,0.1420979657761072,15721.548072827034
E01001556,Enfield 035E,Enfield,E01001556,1590,0.2120780023160448,7497.241499052485
E01001557,Enfield 033D,Enfield,E01001557,1715,0.12637182264177627,13571.063265119448
E01001558,Enfield 033E,Enfield,E01001558,2063,0.14963601868236204,13786.78755399933
E01001559,Enfield 033F,Enfield,E01001559,2129,0.9215478879301081,2310.2434804358936
E01001560,Enfield 035F,Enfield,E01001560,1571,0.26882184882714977,5844.0190291606095
E01001562,Enfield 037D,Enfield,E01001562,2235,0.14049804623278414,15907.694519089191
E01001563,Enfield 029C,Enfield,E01001563,1733,0.1977850704764061,8762.03646627985
E01001564,Enfield 022B,Enfield,E01001564,1659,0.22750496391737374,7292.148581876759
E01001565,Enfield 029D,Enfield,E01001565,1678,0.22273843124341935,7533.500126730264
E01001566,Enfield 029E,Enfield,E01001566,1781,0.19754616484610646,9015.614154734134
E01001567,Enfield 022C,Enfield,E01001567,1541,0.3125888072964748,4929.799033202231
E01001568,Enfield 022D,Enfield,E01001568,1884,0.8935312345491453,2108.488127950694
E01001569,Enfield 022E,Enfield,E01001569,1770,0.2966711268362158,5966.202437277186
E01001570,Enfield 026E,Enfield,E01001570,1899,0.40927529012062586,4639.908750514372
E01001571,Greenwich 008A,Greenwich,E01001571,1809,0.1498666758694962,12070.728796141952
E01001572,Greenwich 008B,Greenwich,E01001572,1733,0.16711072733558968,10370.369560535817
E01001573,Greenwich 008C,Greenwich,E01001573,1575,0.1383144791996117,11387.094172020868
E01001574,Greenwich 008D,Greenwich,E01001574,1921,1.0066218769940964,1908.363054592411
E01001575,Greenwich 003A,Greenwich,E01001575,1816,0.2205398270590972,8234.340364805734
E01001576,Greenwich 003B,Greenwich,E01001576,1998,0.24046055087356707,8309.055238963243
E01001577,Greenwich 003C,Greenwich,E01001577,2017,0.20889831276863094,9655.415466346845
E01001578,Greenwich 003D,Greenwich,E01001578,2306,0.27053072872153366,8523.985467002689
E01001579,Greenwich 003E,Greenwich,E01001579,1734,0.25356074820852537,6838.597899127427
E01001580,Greenwich 021A,Greenwich,E01001580,1639,0.3021363736050367,5424.702694494369
E01001581,Greenwich 016A,Greenwich,E01001581,1578,0.20641084694515657,7644.947072085195
E01001582,Greenwich 021B,Greenwich,E01001582,1533,0.3421254411119084,4480.812637077637
E01001583,Greenwich 021C,Greenwich,E01001583,1568,0.28966816890426933,5413.0904542645785
E01001584,Greenwich 021D,Greenwich,E01001584,1502,0.32767415329132343,4583.822022314422
E01001585,Greenwich 016B,Greenwich,E01001585,1529,0.1828704564628418,8361.109987772594
E01001586,Greenwich 016C,Greenwich,E01001586,1426,0.21154300883348098,6740.9460036681985
E01001587,Greenwich 016D,Greenwich,E01001587,1981,0.270748743519491,7316.746789842034
E01001588,Greenwich 012A,Greenwich,E01001588,1692,0.5178094486278959,3267.6112892174965
E01001589,Greenwich 012B,Greenwich,E01001589,1853,0.21143744661019595,8763.821308418339
E01001590,Greenwich 014A,Greenwich,E01001590,1704,0.15328106423158835,11116.833044853283
E01001591,Greenwich 012C,Greenwich,E01001591,2100,0.20295354955625755,10347.19523059089
E01001592,Greenwich 014B,Greenwich,E01001592,1933,0.24456950851405118,7903.683544790474
E01001593,Greenwich 014C,Greenwich,E01001593,1793,0.1843746184630444,9724.765886685127
E01001594,Greenwich 014D,Greenwich,E01001594,2368,0.14747580211967368,16056.871472910621
E01001595,Greenwich 012D,Greenwich,E01001595,2222,0.3761397332186238,5907.3791034687265
E01001596,Greenwich 032A,Greenwich,E01001596,1737,0.2908297296824675,5972.566841417774
E01001597,Greenwich 031A,Greenwich,E01001597,1556,0.3225067308497389,4824.705505836297
E01001598,Greenwich 031B,Greenwich,E01001598,1609,0.463939984460273,3468.120993864839
E01001599,Greenwich 032B,Greenwich,E01001599,1677,0.45936126526017457,3650.7213969165973
E01001600,Greenwich 032C,Greenwich,E01001600,1509,0.3017005997764126,5001.647332217122
E01001601,Greenwich 032D,Greenwich,E01001601,1507,0.24494159377375957,6152.487116548859
E01001602,Greenwich 031C,Greenwich,E01001602,2126,0.25684487807517514,8277.369655694467
E01001603,Greenwich 031D,Greenwich,E01001603,1756,0.21006667373578689,8359.250750114812
E01001604,Greenwich 027A,Greenwich,E01001604,1549,0.24190976430367805,6403.214043297088
E01001605,Greenwich 023A,Greenwich,E01001605,1520,0.6671021737669868,2278.5115380705133
E01001606,Greenwich 023B,Greenwich,E01001606,1627,0.21338632914297226,7624.668396211474
E01001607,Greenwich 027B,Greenwich,E01001607,1610,0.20733546388145102,7765.193517113675
E01001608,Greenwich 027C,Greenwich,E01001608,1444,0.46457198349657924,3108.2373696575537
E01001609,Greenwich 027D,Greenwich,E01001609,1688,0.33583738355966775,5026.242111906209
E01001610,Greenwich 023C,Greenwich,E01001610,1761,0.22206774069618979,7930.012682072625
E01001611,Greenwich 023D,Greenwich,E01001611,1766,0.2036113853654275,8673.385316005322
E01001613,Greenwich 028A,Greenwich,E01001613,1753,0.7316412079919995,2395.983141533451
E01001614,Greenwich 028B,Greenwich,E01001614,1493,0.8898908591684631,1677.7338306352506
E01001615,Greenwich 028C,Greenwich,E01001615,1991,0.9502974744982942,2095.133422354027
E01001617,Greenwich 028D,Greenwich,E01001617,1628,0.6954172403263378,2341.040609283759
E01001618,Greenwich 030C,Greenwich,E01001618,1906,0.34574502614224256,5512.732956036379
E01001619,Greenwich 030D,Greenwich,E01001619,1964,0.3191437245430304,6153.967159505253
E01001620,Greenwich 025A,Greenwich,E01001620,1582,0.2635834260313828,6001.894822520608
E01001621,Greenwich 025B,Greenwich,E01001621,1673,0.3673580193537471,4554.140407614148
E01001623,Greenwich 025C,Greenwich,E01001623,1806,0.27452884218674045,6578.543753779866
E01001624,Greenwich 025D,Greenwich,E01001624,1628,0.22291163764104727,7303.34233433588
E01001625,Greenwich 025E,Greenwich,E01001625,1780,0.2646115797976986,6726.840909082094
E01001629,Greenwich 009A,Greenwich,E01001629,2141,0.2093113446363766,10228.781453386697
E01001631,Greenwich 007B,Greenwich,E01001631,2108,0.1930211658253813,10921.082105094241
E01001632,Greenwich 007C,Greenwich,E01001632,2038,0.12140815855955457,16786.35129780258
E01001633,Greenwich 009B,Greenwich,E01001633,2043,0.11527591898765695,17722.69540717131
E01001634,Greenwich 009C,Greenwich,E01001634,1737,0.11712966085974462,14829.719366130052
E01001635,Greenwich 007D,Greenwich,E01001635,1644,0.2104331312560837,7812.458001203987
E01001636,Greenwich 007E,Greenwich,E01001636,1684,0.12114547887980347,13900.642562739044
E01001637,Greenwich 009D,Greenwich,E01001637,1799,0.18492429568527735,9728.305268560915
E01001638,Greenwich 038A,Greenwich,E01001638,1763,0.1049509714856516,16798.3199683009
E01001641,Greenwich 038B,Greenwich,E01001641,1866,0.3684735079979952,5064.136116971949
E01001642,Greenwich 038C,Greenwich,E01001642,1732,1.1938236128162194,1450.8005884673594
E01001644,Greenwich 038D,Greenwich,E01001644,2629,0.18982426025984894,13849.65228575727
E01001645,Greenwich 022A,Greenwich,E01001645,1852,0.2839144244099788,6523.0923150479675
E01001646,Greenwich 019A,Greenwich,E01001646,2820,0.21296433700022152,13241.653695271367
E01001647,Greenwich 022B,Greenwich,E01001647,1486,0.35093470195018456,4234.405978497216
E01001648,Greenwich 022C,Greenwich,E01001648,1721,0.4158129903892546,4138.879832467287
E01001649,Greenwich 022D,Greenwich,E01001649,1576,0.33182089369031287,4749.550224136502
E01001650,Greenwich 019B,Greenwich,E01001650,1834,0.2090819221174863,8771.681365017525
E01001651,Greenwich 019C,Greenwich,E01001651,1875,0.3062470063295007,6122.508828649999
E01001652,Greenwich 019D,Greenwich,E01001652,1706,0.26354367178327465,6473.3104325985505
E01001653,Greenwich 029A,Greenwich,E01001653,1591,0.26618417354720936,5977.06459703483
E01001654,Greenwich 029B,Greenwich,E01001654,1606,0.29564000989316086,5432.282323966841
E01001655,Greenwich 029C,Greenwich,E01001655,1575,0.4401081906491888,3578.665504217884
E01001656,Greenwich 034A,Greenwich,E01001656,1341,0.2818323441307178,4758.147983817023
E01001657,Greenwich 034B,Greenwich,E01001657,1569,0.4018397736543221,3904.541319371023
E01001658,Greenwich 034C,Greenwich,E01001658,1654,0.43613212259887524,3792.428748756113
E01001659,Greenwich 034D,Greenwich,E01001659,1618,0.3775529585038058,4285.491514652481
E01001660,Greenwich 029D,Greenwich,E01001660,1559,0.33293954510838475,4682.531777630936
E01001661,Greenwich 029E,Greenwich,E01001661,1664,0.4516443870648309,3684.314579472771
E01001664,Greenwich 037B,Greenwich,E01001664,2076,0.15354133408007833,13520.789124557676
E01001665,Greenwich 037C,Greenwich,E01001665,1890,0.18825219350664044,10039.72365364939
E01001666,Greenwich 036A,Greenwich,E01001666,1984,0.4313588064030809,4599.41925503675
E01001669,Greenwich 033A,Greenwich,E01001669,2495,0.5018467702344929,4971.637057331636
E01001671,Greenwich 033B,Greenwich,E01001671,1670,0.19392098460507423,8611.754954735838
E01001672,Greenwich 006A,Greenwich,E01001672,1933,0.3612341639905727,5351.099626475104
E01001673,Greenwich 006B,Greenwich,E01001673,2403,0.17514062117397702,13720.403547118662
E01001674,Greenwich 006C,Greenwich,E01001674,2195,0.2120476686150776,10351.446041995885
E01001675,Greenwich 006D,Greenwich,E01001675,2370,0.157105445224039,15085.409653499151
E01001676,Greenwich 033C,Greenwich,E01001676,1802,0.1325849578154322,13591.285389316288
E01001677,Greenwich 006E,Greenwich,E01001677,2163,0.20349444854318355,10629.282594610879
E01001678,Greenwich 017A,Greenwich,E01001678,1774,0.26549958445305405,6681.743037958241
E01001679,Greenwich 020A,Greenwich,E01001679,1353,0.21324727137508825,6344.747068862419
E01001680,Greenwich 020B,Greenwich,E01001680,1518,0.6106797621778585,2485.754554214108
E01001681,Greenwich 020C,Greenwich,E01001681,1403,0.1556762214329426,9012.294794194635
E01001682,Greenwich 020D,Greenwich,E01001682,1377,0.8774896695754694,1569.2492433172397
E01001683,Greenwich 017B,Greenwich,E01001683,1551,0.13806378342259307,11233.93812302402
E01001684,Greenwich 017C,Greenwich,E01001684,1446,1.176790339684435,1228.766035237641
E01001685,Greenwich 017D,Greenwich,E01001685,1562,0.17578916547352227,8885.644321664817
E01001686,Greenwich 020E,Greenwich,E01001686,1799,0.17264034094160377,10420.507687762956
E01001687,Greenwich 002A,Greenwich,E01001687,1654,0.41388833375012607,3996.246970803864
E01001688,Greenwich 002B,Greenwich,E01001688,2670,0.3541968464791887,7538.181173944697
E01001690,Greenwich 001A,Greenwich,E01001690,1714,0.13435448416035287,12757.296570424332
E01001692,Greenwich 001B,Greenwich,E01001692,1470,0.07648200125358202,19220.208361521563
E01001693,Greenwich 001C,Greenwich,E01001693,1560,0.1376149993606494,11335.97360206127
E01001694,Greenwich 001D,Greenwich,E01001694,1743,0.38312343296366297,4549.447645415396
E01001695,Greenwich 011A,Greenwich,E01001695,1549,0.09963431710118195,15546.852179725778
E01001696,Greenwich 011B,Greenwich,E01001696,2572,0.140346854696202,18326.025229189567
E01001697,Greenwich 011C,Greenwich,E01001697,2643,0.15324103531467873,17247.338446732818
E01001698,Greenwich 015A,Greenwich,E01001698,1912,0.1277318500630643,14968.858581912024
E01001699,Greenwich 015B,Greenwich,E01001699,1465,0.6847265759241569,2139.5401485954144
E01001700,Greenwich 011D,Greenwich,E01001700,2366,0.13827188257970516,17111.215641662708
E01001701,Greenwich 015C,Greenwich,E01001701,1763,0.9517945761201382,1852.2904461030141
E01001702,Greenwich 015D,Greenwich,E01001702,1485,0.08819604175667775,16837.49032747905
E01001703,Greenwich 011E,Greenwich,E01001703,2079,0.0887189630604268,23433.547105188612
E01001704,Greenwich 011F,Greenwich,E01001704,1649,0.14153043736289672,11651.204014665878
E01001705,Greenwich 005A,Greenwich,E01001705,2248,0.1751276815536012,12836.348771692934
E01001708,Greenwich 005C,Greenwich,E01001708,1697,0.17502044285873453,9696.010204760547
E01001710,Greenwich 005D,Greenwich,E01001710,1759,0.08756752391144294,20087.35569340612
E01001712,Greenwich 004D,Greenwich,E01001712,2121,0.16529664100321728,12831.476714392022
E01001714,Hackney 002A,Hackney,E01001714,2051,0.15308039880259555,13398.188246457745
E01001715,Hackney 007A,Hackney,E01001715,1286,0.07685084181997869,16733.713900134306
E01001716,Hackney 007B,Hackney,E01001716,1788,0.08352123471861585,21407.729495664138
E01001717,Hackney 007C,Hackney,E01001717,1126,0.0977501373165977,11519.165403860854
E01001718,Hackney 007D,Hackney,E01001718,1740,0.10103185340937246,17222.29120106971
E01001719,Hackney 007E,Hackney,E01001719,1640,0.06257813338939595,26207.237435399482
E01001720,Hackney 007F,Hackney,E01001720,1707,0.1014056405808732,16833.38313551336
E01001722,Hackney 029A,Hackney,E01001722,2303,0.1054643768801296,21836.75728362365
E01001723,Hackney 006A,Hackney,E01001723,1970,0.11686971237836201,16856.37758414419
E01001724,Hackney 006B,Hackney,E01001724,2894,0.11739627404659894,24651.548982306405
E01001725,Hackney 004A,Hackney,E01001725,1830,0.09125436683436455,20053.83482986218
E01001726,Hackney 004B,Hackney,E01001726,1325,0.05366901576714496,24688.360333433524
E01001727,Hackney 006C,Hackney,E01001727,1988,0.10713850033176694,18555.421196338615
E01001728,Hackney 029B,Hackney,E01001728,1979,0.0935043107477815,21164.79961376491
E01001729,Hackney 019A,Hackney,E01001729,1985,0.12722597192510066,15602.160234771809
E01001730,Hackney 019B,Hackney,E01001730,2767,0.13152962143372557,21037.086321990373
E01001731,Hackney 017A,Hackney,E01001731,2666,0.17482399509165028,15249.622905610684
E01001732,Hackney 019C,Hackney,E01001732,1900,0.06352178358262402,29910.998917853638
E01001733,Hackney 015A,Hackney,E01001733,1872,0.14694690901644727,12739.294841448303
E01001734,Hackney 017B,Hackney,E01001734,1835,0.134460930260638,13647.086900581833
E01001735,Hackney 019D,Hackney,E01001735,1570,0.13433887653940546,11686.862659890368
E01001736,Hackney 012A,Hackney,E01001736,1549,0.09097729770245273,17026.225653196547
E01001737,Hackney 012B,Hackney,E01001737,1768,0.09881500263625057,17892.019964905656
E01001738,Hackney 012C,Hackney,E01001738,1740,0.09112544046940622,19094.55790871238
E01001739,Hackney 012D,Hackney,E01001739,1977,0.12425420216316521,15910.930701594218
E01001740,Hackney 014A,Hackney,E01001740,1545,0.08253314909647927,18719.750995977774
E01001741,Hackney 009A,Hackney,E01001741,1441,0.08430457479516416,17092.785338176665
E01001742,Hackney 008A,Hackney,E01001742,1753,0.12829710728967078,13663.597231713535
E01001744,Hackney 021B,Hackney,E01001744,2004,0.13730477701250846,14595.267867609848
E01001745,Hackney 016A,Hackney,E01001745,2162,0.11160689621790575,19371.562808975756
E01001746,Hackney 016B,Hackney,E01001746,1686,0.0509970792135526,33060.71692733221
E01001747,Hackney 014B,Hackney,E01001747,2329,0.14168389980855978,16438.000387813256
E01001749,Hackney 020B,Hackney,E01001749,1488,0.1049443845191264,14178.938747587852
E01001750,Hackney 021C,Hackney,E01001750,2122,0.14738150297234162,14398.007600711098
E01001751,Hackney 021D,Hackney,E01001751,1478,0.15336289379396745,9637.27250729627
E01001753,Hackney 025B,Hackney,E01001753,1538,0.07616662660152791,20192.57079673721
E01001755,Hackney 025D,Hackney,E01001755,1678,0.10249076913783489,16372.206142226709
E01001756,Hackney 021E,Hackney,E01001756,2037,0.16213977451358824,12563.234444545793
E01001757,Hackney 016C,Hackney,E01001757,1585,0.04931648591350853,32139.354024124506
E01001758,Hackney 016D,Hackney,E01001758,2614,0.12538716084181967,20847.429533057642
E01001759,Hackney 016E,Hackney,E01001759,1647,0.10405124180985627,15828.739487893241
E01001760,Hackney 017C,Hackney,E01001760,1885,0.14391850515601137,13097.690237656452
E01001761,Hackney 016F,Hackney,E01001761,1818,0.10668082170384319,17041.48853527725
E01001762,Hackney 017D,Hackney,E01001762,1675,0.14046552302678225,11924.634343764423
E01001763,Hackney 020C,Hackney,E01001763,1769,0.10987172914359172,16100.593062370832
E01001764,Hackney 010A,Hackney,E01001764,1752,0.10470941982907842,16732.018980334942
E01001765,Hackney 010B,Hackney,E01001765,1801,0.12492950459540969,14416.130167430236
E01001767,Hackney 010D,Hackney,E01001767,1608,0.10419412166885883,15432.732425255363
E01001768,Hackney 006D,Hackney,E01001768,1868,0.10379123003194464,17997.66704205231
E01001769,Hackney 006E,Hackney,E01001769,1521,0.12353806151095767,12311.99503535264
E01001770,Hackney 010E,Hackney,E01001770,1714,0.12829383155445856,13359.95643151741
E01001772,Hackney 024A,Hackney,E01001772,1789,0.06653913813452679,26886.431807743807
E01001773,Hackney 025E,Hackney,E01001773,2483,0.12198597782530439,20354.798512628182
E01001774,Hackney 024B,Hackney,E01001774,1987,0.17974392789133053,11054.615437141772
E01001775,Hackney 024C,Hackney,E01001775,1634,0.1292411441100381,12643.032613583062
E01001776,Hackney 025F,Hackney,E01001776,1709,0.10225311054351399,16713.427991735585
E01001777,Hackney 027B,Hackney,E01001777,2633,0.15659008595981416,16814.60217523419
E01001780,Hackney 027D,Hackney,E01001780,1816,0.10924116055498911,16623.77066276107
E01001781,Hackney 026B,Hackney,E01001781,1602,0.15078702773401956,10624.256105278793
E01001783,Hackney 026D,Hackney,E01001783,1606,0.06141092712500056,26151.697673135972
E01001784,Hackney 027E,Hackney,E01001784,1772,0.07688467079312533,23047.507152211725
E01001785,Hackney 015B,Hackney,E01001785,1593,0.09089888430351827,17524.967574748796
E01001786,Hackney 013A,Hackney,E01001786,2224,1.1278682290864477,1971.861554963206
E01001787,Hackney 013B,Hackney,E01001787,1611,0.22034308695833635,7311.325361909886
E01001788,Hackney 013C,Hackney,E01001788,1497,0.11259211193135168,13295.780444306196
E01001789,Hackney 015C,Hackney,E01001789,1773,0.09615697078200963,18438.600816777365
E01001790,Hackney 013D,Hackney,E01001790,1513,0.05548774656855304,27267.28140114223
E01001791,Hackney 015D,Hackney,E01001791,1459,0.10580391984245738,13789.659231647174
E01001792,Hackney 011A,Hackney,E01001792,1933,0.17382886007335518,11120.13275116848
E01001793,Hackney 011B,Hackney,E01001793,1582,0.15643694727383547,10112.700532507732
E01001794,Hackney 011C,Hackney,E01001794,1898,0.12892194671227636,14722.086102499617
E01001795,Hackney 011D,Hackney,E01001795,1308,0.1024898953719673,12762.23373292427
E01001796,Hackney 011E,Hackney,E01001796,1476,0.0916357268004321,16107.254796095971
E01001798,Hackney 028A,Hackney,E01001798,2329,0.10621741028734676,21926.725512318804
E01001799,Hackney 003A,Hackney,E01001799,1506,0.1079709321999092,13948.198550436025
E01001800,Hackney 004C,Hackney,E01001800,1750,0.08118182940965417,21556.54797047342
E01001801,Hackney 008B,Hackney,E01001801,1722,0.14576241986997446,11813.744595733857
E01001802,Hackney 003B,Hackney,E01001802,1377,0.10358917591207115,13292.894627995003
E01001803,Hackney 008C,Hackney,E01001803,1804,0.16014365622221868,11264.885806633089
E01001804,Hackney 003C,Hackney,E01001804,1671,0.11211448894444555,14904.407233466552
E01001805,Hackney 009B,Hackney,E01001805,1227,0.15237270659728402,8052.623251242232
E01001806,Hackney 008D,Hackney,E01001806,1469,0.3262893971568015,4502.138325058899
E01001807,Hackney 003D,Hackney,E01001807,1807,0.11711274781807336,15429.575632595102
E01001808,Hackney 001A,Hackney,E01001808,1634,0.1311501559286886,12459.001580512562
E01001809,Hackney 001B,Hackney,E01001809,1884,0.1124574984490535,16752.995807153813
E01001811,Hackney 002D,Hackney,E01001811,1792,0.08626712855685367,20772.68630564186
E01001812,Hackney 003E,Hackney,E01001812,1792,0.24749176770072082,7240.644877396384
E01001813,Hackney 002E,Hackney,E01001813,1955,0.09515064205889147,20546.36687359392
E01001814,Hackney 001C,Hackney,E01001814,1699,0.11352455009762032,14965.925859552155
E01001815,Hackney 024D,Hackney,E01001815,1772,0.1071623287054754,16535.661565083745
E01001816,Hackney 020D,Hackney,E01001816,1550,0.13528897838906698,11456.956941033854
E01001819,Hackney 020E,Hackney,E01001819,1587,0.13659222918847133,11618.52331885031
E01001820,Hackney 024E,Hackney,E01001820,1390,0.08414431322580766,16519.238754374634
E01001821,Hackney 024F,Hackney,E01001821,1350,0.06912044181340231,19531.125157510753
E01001822,Hackney 029C,Hackney,E01001822,1997,0.08231019106301667,24261.880263053907
E01001823,Hackney 001D,Hackney,E01001823,1632,0.1508696760573275,10817.283119106532
E01001824,Hackney 004D,Hackney,E01001824,1626,0.2156980790457887,7538.31469984872
E01001825,Hackney 001E,Hackney,E01001825,1350,0.10511264444766982,12843.36444101257
E01001826,Hackney 004E,Hackney,E01001826,1573,0.1107770011860778,14199.69834133487
E01001827,Hackney 029D,Hackney,E01001827,1647,0.17581432582579276,9367.8373037243
E01001828,Hackney 028B,Hackney,E01001828,2053,0.10935825426763782,18773.159957140433
E01001829,Hackney 009C,Hackney,E01001829,1756,0.11613834443838028,15119.898673359201
E01001830,Hackney 014C,Hackney,E01001830,1878,0.10242549259080273,18335.279162412684
E01001831,Hackney 009D,Hackney,E01001831,1679,0.10886024420820581,15423.445098917371
E01001832,Hackney 009E,Hackney,E01001832,1660,0.10368502076177115,16010.027174648982
E01001833,Hackney 014D,Hackney,E01001833,2117,0.11345168779844482,18659.92512831545
E01001834,Hackney 014E,Hackney,E01001834,1988,0.09544318644351217,20829.145317529747
E01001835,Hackney 014F,Hackney,E01001835,1233,0.07386960316289962,16691.574710113833
E01001836,Hackney 022A,Hackney,E01001836,1855,0.13104266321942798,14155.695209687889
E01001837,Hackney 023B,Hackney,E01001837,1446,0.11424969277060351,12656.48917676614
E01001838,Hackney 019E,Hackney,E01001838,1815,0.07099235726642962,25566.13232588439
E01001839,Hackney 023C,Hackney,E01001839,2354,0.10402754758852198,22628.621500443136
E01001840,Hackney 022B,Hackney,E01001840,1602,0.1084334974857459,14774.032352969067
E01001841,Hackney 022C,Hackney,E01001841,1368,0.13604976687154044,10055.14402161144
E01001842,Hackney 023D,Hackney,E01001842,1528,0.06545593403272643,23343.94921682786
E01001843,Hackney 023E,Hackney,E01001843,1205,0.07373075129498473,16343.2486287708
E01001844,Hackney 022D,Hackney,E01001844,1917,0.15497034933636916,12370.108270447769
E01001845,Hackney 022E,Hackney,E01001845,1585,0.10973651523347419,14443.688107169903
E01001846,Hackney 018A,Hackney,E01001846,1210,0.5416956103063831,2233.7267959687247
E01001847,Hackney 018B,Hackney,E01001847,1332,0.10652033458079913,12504.65467689303
E01001848,Hackney 018C,Hackney,E01001848,1970,0.15145885563552708,13006.83272518999
E01001849,Hackney 018D,Hackney,E01001849,2450,0.4956995038130704,4942.510495075867
E01001850,Hackney 019F,Hackney,E01001850,1845,0.07063400139079333,26120.564652599216
E01001851,Hammersmith and Fulham 010A,Hammersmith and Fulham,E01001851,1465,0.09946163952044604,14729.296712415888
E01001852,Hammersmith and Fulham 007A,Hammersmith and Fulham,E01001852,1629,0.07589237111558825,21464.608050247152
E01001853,Hammersmith and Fulham 007B,Hammersmith and Fulham,E01001853,1497,0.08082124463883343,18522.357663379924
E01001854,Hammersmith and Fulham 007C,Hammersmith and Fulham,E01001854,1760,0.06615009623101557,26606.15932973949
E01001855,Hammersmith and Fulham 010B,Hammersmith and Fulham,E01001855,1663,0.07587288289973951,21918.239250214512
E01001856,Hammersmith and Fulham 010C,Hammersmith and Fulham,E01001856,1645,0.0825362857267635,19930.627911289528
E01001857,Hammersmith and Fulham 007D,Hammersmith and Fulham,E01001857,1547,0.07096196567787047,21800.41075838508
E01001858,Hammersmith and Fulham 006A,Hammersmith and Fulham,E01001858,1755,0.11923945370876453,14718.282794942066
E01001859,Hammersmith and Fulham 008A,Hammersmith and Fulham,E01001859,2703,0.10762630747339959,25114.67747481777
E01001860,Hammersmith and Fulham 006B,Hammersmith and Fulham,E01001860,1710,0.09102157311822837,18786.755067162732
E01001861,Hammersmith and Fulham 006C,Hammersmith and Fulham,E01001861,1405,0.07202685445170036,19506.613341585846
E01001862,Hammersmith and Fulham 005A,Hammersmith and Fulham,E01001862,1759,0.09089836495275476,19351.283171201772
E01001863,Hammersmith and Fulham 006D,Hammersmith and Fulham,E01001863,1411,0.08471171408435105,16656.49214222023
E01001864,Hammersmith and Fulham 006E,Hammersmith and Fulham,E01001864,1514,0.07347250959342316,20606.346623765312
E01001865,Hammersmith and Fulham 008B,Hammersmith and Fulham,E01001865,1585,0.11821182370783061,13408.134231288457
E01001866,Hammersmith and Fulham 012A,Hammersmith and Fulham,E01001866,1505,0.15124498400668515,9950.74322553056
E01001867,Hammersmith and Fulham 012B,Hammersmith and Fulham,E01001867,1136,0.08651184650300196,13131.149616146278
E01001868,Hammersmith and Fulham 012C,Hammersmith and Fulham,E01001868,1261,0.05884998505425327,21427.36313080616
E01001869,Hammersmith and Fulham 010D,Hammersmith and Fulham,E01001869,1353,0.22896615020541064,5909.17041137388
E01001870,Hammersmith and Fulham 012D,Hammersmith and Fulham,E01001870,1687,0.10146301899629932,16626.747525239025
E01001871,Hammersmith and Fulham 012E,Hammersmith and Fulham,E01001871,1515,0.13281820941061845,11406.568472220948
E01001872,Hammersmith and Fulham 012F,Hammersmith and Fulham,E01001872,1361,0.07089663599696677,19196.961616884455
E01001873,Hammersmith and Fulham 010E,Hammersmith and Fulham,E01001873,1502,0.06184877697673629,24285.039630855757
E01001875,Hammersmith and Fulham 001B,Hammersmith and Fulham,E01001875,1835,0.17137086634700374,10707.7710413412
E01001876,Hammersmith and Fulham 001C,Hammersmith and Fulham,E01001876,2372,0.8965806401209337,2645.606980405083
E01001877,Hammersmith and Fulham 001D,Hammersmith and Fulham,E01001877,1360,1.2758702729416591,1065.9390918046633
E01001878,Hammersmith and Fulham 001E,Hammersmith and Fulham,E01001878,1618,0.1354639653705469,11944.135811868031
E01001879,Hammersmith and Fulham 019A,Hammersmith and Fulham,E01001879,1451,0.08059360063388858,18003.9108389193
E01001880,Hammersmith and Fulham 017A,Hammersmith and Fulham,E01001880,1468,0.12674665713387923,11582.159507760347
E01001881,Hammersmith and Fulham 017B,Hammersmith and Fulham,E01001881,1876,0.11119903514812847,16870.64997912056
E01001882,Hammersmith and Fulham 017C,Hammersmith and Fulham,E01001882,1644,0.0798530364736321,20587.820734191588
E01001883,Hammersmith and Fulham 017D,Hammersmith and Fulham,E01001883,1869,0.13356504958968657,13993.181642514943
E01001884,Hammersmith and Fulham 017E,Hammersmith and Fulham,E01001884,1800,0.0815294446335579,22077.913177138358
E01001885,Hammersmith and Fulham 015A,Hammersmith and Fulham,E01001885,1276,0.05772640276332667,22104.27012456486
E01001886,Hammersmith and Fulham 016A,Hammersmith and Fulham,E01001886,1523,0.09590541310738417,15880.229808245702
E01001887,Hammersmith and Fulham 016B,Hammersmith and Fulham,E01001887,1458,0.10887368897664959,13391.66527472676
E01001888,Hammersmith and Fulham 018A,Hammersmith and Fulham,E01001888,1551,0.09726136130947918,15946.72312949457
E01001889,Hammersmith and Fulham 014A,Hammersmith and Fulham,E01001889,1389,0.14578830838441872,9527.51297681187
E01001890,Hammersmith and Fulham 016C,Hammersmith and Fulham,E01001890,1714,0.13030378099901194,13153.877706841038
E01001891,Hammersmith and Fulham 018B,Hammersmith and Fulham,E01001891,2544,0.17539548447659792,14504.364280480848
E01001892,Hammersmith and Fulham 016D,Hammersmith and Fulham,E01001892,1330,0.07229743839687368,18396.225779107444
E01001893,Hammersmith and Fulham 013A,Hammersmith and Fulham,E01001893,1491,0.07758110731201039,19218.596532833675
E01001894,Hammersmith and Fulham 013B,Hammersmith and Fulham,E01001894,1374,0.15362313453935067,8943.965400263649
E01001895,Hammersmith and Fulham 009A,Hammersmith and Fulham,E01001895,1458,0.08632712847863452,16889.24473331517
E01001896,Hammersmith and Fulham 009B,Hammersmith and Fulham,E01001896,1398,0.08504923854651102,16437.536936153443
E01001897,Hammersmith and Fulham 009C,Hammersmith and Fulham,E01001897,1303,0.09453752681846506,13782.88647747339
E01001898,Hammersmith and Fulham 013C,Hammersmith and Fulham,E01001898,2090,0.2859574063141363,7308.780796899685
E01001899,Hammersmith and Fulham 013D,Hammersmith and Fulham,E01001899,1599,0.1259043581284686,12700.116372210356
E01001900,Hammersmith and Fulham 013E,Hammersmith and Fulham,E01001900,1713,0.13394959378461863,12788.39264532882
E01001901,Hammersmith and Fulham 019B,Hammersmith and Fulham,E01001901,1651,0.08317586018513216,19849.509176403073
E01001902,Hammersmith and Fulham 019C,Hammersmith and Fulham,E01001902,1657,0.07269036180688879,22795.31919791556
E01001903,Hammersmith and Fulham 019D,Hammersmith and Fulham,E01001903,1436,0.10960324937275118,13101.801344559486
E01001904,Hammersmith and Fulham 022A,Hammersmith and Fulham,E01001904,1617,0.13830495794365802,11691.554836802925
E01001905,Hammersmith and Fulham 022B,Hammersmith and Fulham,E01001905,1658,0.08826711555031373,18783.89238917536
E01001906,Hammersmith and Fulham 022C,Hammersmith and Fulham,E01001906,1453,0.06193992550122167,23458.2135551865
E01001907,Hammersmith and Fulham 022D,Hammersmith and Fulham,E01001907,1247,0.06741541391919614,18497.253484116398
E01001908,Hammersmith and Fulham 015B,Hammersmith and Fulham,E01001908,1379,0.045358096855822476,30402.51014903378
E01001909,Hammersmith and Fulham 015C,Hammersmith and Fulham,E01001909,1763,0.0859136111513962,20520.613397256195
E01001910,Hammersmith and Fulham 014B,Hammersmith and Fulham,E01001910,1335,0.08125926728747918,16428.89536866035
E01001911,Hammersmith and Fulham 015D,Hammersmith and Fulham,E01001911,1710,0.15748934751369958,10857.877227862993
E01001912,Hammersmith and Fulham 015E,Hammersmith and Fulham,E01001912,1454,0.09639893712237,15083.153854220142
E01001913,Hammersmith and Fulham 014C,Hammersmith and Fulham,E01001913,1386,0.10938772971583481,12670.525328576818
E01001914,Hammersmith and Fulham 014D,Hammersmith and Fulham,E01001914,1504,0.06542678140523035,22987.528466130036
E01001915,Hammersmith and Fulham 024A,Hammersmith and Fulham,E01001915,1453,0.41177430720798736,3528.6320068194277
E01001916,Hammersmith and Fulham 024B,Hammersmith and Fulham,E01001916,1224,0.356781705958895,3430.6691726537615
E01001917,Hammersmith and Fulham 018C,Hammersmith and Fulham,E01001917,1495,0.10802351635631938,13839.579106726074
E01001918,Hammersmith and Fulham 018D,Hammersmith and Fulham,E01001918,1510,0.10513012866223556,14363.151831111725
E01001919,Hammersmith and Fulham 018E,Hammersmith and Fulham,E01001919,1546,0.14435243220649546,10709.899212425145
E01001920,Hammersmith and Fulham 020A,Hammersmith and Fulham,E01001920,1449,0.16373908390382083,8849.444893994474
E01001921,Hammersmith and Fulham 020B,Hammersmith and Fulham,E01001921,1451,0.10132965415683381,14319.598858535555
E01001922,Hammersmith and Fulham 020C,Hammersmith and Fulham,E01001922,1625,0.19464363021743508,8348.59069461828
E01001923,Hammersmith and Fulham 020D,Hammersmith and Fulham,E01001923,1517,0.11158859159205221,13594.579681997231
E01001924,Hammersmith and Fulham 020E,Hammersmith and Fulham,E01001924,1545,0.0964443807681765,16019.595830198949
E01001925,Hammersmith and Fulham 025A,Hammersmith and Fulham,E01001925,1572,0.14163315555626702,11099.096068473084
E01001926,Hammersmith and Fulham 024C,Hammersmith and Fulham,E01001926,1356,0.09060171080823397,14966.604801426834
E01001927,Hammersmith and Fulham 008C,Hammersmith and Fulham,E01001927,1364,0.19982214432660103,6826.070276628592
E01001928,Hammersmith and Fulham 011A,Hammersmith and Fulham,E01001928,1806,0.18989795484828642,9510.370985526686
E01001929,Hammersmith and Fulham 009D,Hammersmith and Fulham,E01001929,1348,0.08618802924545009,15640.223030986192
E01001930,Hammersmith and Fulham 008D,Hammersmith and Fulham,E01001930,1736,0.25323037356764494,6855.417758708419
E01001931,Hammersmith and Fulham 011B,Hammersmith and Fulham,E01001931,1296,0.06816068478384267,19013.893479943643
E01001932,Hammersmith and Fulham 011C,Hammersmith and Fulham,E01001932,1592,0.1884236092747772,8449.047367935695
E01001933,Hammersmith and Fulham 011D,Hammersmith and Fulham,E01001933,1496,0.17794471145100582,8407.105711663138
E01001934,Hammersmith and Fulham 025B,Hammersmith and Fulham,E01001934,1961,0.18178221766503397,10787.633824632347
E01001935,Hammersmith and Fulham 023A,Hammersmith and Fulham,E01001935,2038,0.10661969261740047,19114.66775010563
E01001937,Hammersmith and Fulham 025C,Hammersmith and Fulham,E01001937,1789,0.19555432625887134,9148.352962704357
E01001938,Hammersmith and Fulham 025D,Hammersmith and Fulham,E01001938,1575,0.10344130027967553,15226.026700569819
E01001940,Hammersmith and Fulham 005B,Hammersmith and Fulham,E01001940,1538,0.0843783402319784,18227.426561978235
E01001941,Hammersmith and Fulham 005C,Hammersmith and Fulham,E01001941,1566,0.14300914234566,10950.348868010846
E01001942,Hammersmith and Fulham 005D,Hammersmith and Fulham,E01001942,1838,0.09200745929060954,19976.641178565726
E01001943,Hammersmith and Fulham 004A,Hammersmith and Fulham,E01001943,2263,0.44268734303160545,5111.960022399904
E01001944,Hammersmith and Fulham 004B,Hammersmith and Fulham,E01001944,1680,0.06628523551749682,25345.010648058163
E01001945,Hammersmith and Fulham 004C,Hammersmith and Fulham,E01001945,1665,0.11486333880749314,14495.486699985979
E01001946,Hammersmith and Fulham 004D,Hammersmith and Fulham,E01001946,1877,0.12365946236840393,15178.781825915408
E01001947,Hammersmith and Fulham 021A,Hammersmith and Fulham,E01001947,1417,0.05496628221047687,25779.440468140525
E01001948,Hammersmith and Fulham 021B,Hammersmith and Fulham,E01001948,1873,0.11485492529228872,16307.52878236169
E01001949,Hammersmith and Fulham 021C,Hammersmith and Fulham,E01001949,1473,0.08241537577869917,17872.87852639637
E01001950,Hammersmith and Fulham 021D,Hammersmith and Fulham,E01001950,1486,0.10940339085966443,13582.75998872964
E01001951,Hammersmith and Fulham 021E,Hammersmith and Fulham,E01001951,1515,0.10347586106313367,14641.095850129277
E01001952,Hammersmith and Fulham 024D,Hammersmith and Fulham,E01001952,1647,0.09457184473268283,17415.331218878273
E01001953,Hammersmith and Fulham 021F,Hammersmith and Fulham,E01001953,1463,0.08899713135823552,16438.732099252305
E01001954,Hammersmith and Fulham 003A,Hammersmith and Fulham,E01001954,1526,0.08598279837984152,17747.73592804776
E01001955,Hammersmith and Fulham 002A,Hammersmith and Fulham,E01001955,2108,0.21861380986802198,9642.574736118491
E01001956,Hammersmith and Fulham 003B,Hammersmith and Fulham,E01001956,1575,0.13364413248898324,11785.029171631106
E01001957,Hammersmith and Fulham 002B,Hammersmith and Fulham,E01001957,1626,0.07513994474407822,21639.621981863984
E01001958,Hammersmith and Fulham 002C,Hammersmith and Fulham,E01001958,1725,0.04576502928173678,37692.535699707005
E01001959,Hammersmith and Fulham 003C,Hammersmith and Fulham,E01001959,2019,0.19417341199160496,10397.922039333022
E01001960,Hammersmith and Fulham 003D,Hammersmith and Fulham,E01001960,1794,0.08286543480814212,21649.55755259884
E01001961,Hammersmith and Fulham 002D,Hammersmith and Fulham,E01001961,1575,0.06980171279131894,22563.916228082566
E01001962,Haringey 004A,Haringey,E01001962,1823,0.5148746844419646,3540.6673800165913
E01001963,Haringey 009A,Haringey,E01001963,1800,0.508767649460975,3537.9607998013425
E01001964,Haringey 009B,Haringey,E01001964,1628,0.635736738018414,2560.8084331801588
E01001965,Haringey 009C,Haringey,E01001965,1636,0.12159528132760865,13454.46946738171
E01001966,Haringey 009D,Haringey,E01001966,1410,0.5126266347469711,2750.539875275825
E01001967,Haringey 014A,Haringey,E01001967,1495,0.1764917466280249,8470.651056283506
E01001968,Haringey 014B,Haringey,E01001968,1648,0.1440766960020061,11438.352250783524
E01001969,Haringey 001A,Haringey,E01001969,1966,0.14554142274019596,13508.181815080097
E01001970,Haringey 004B,Haringey,E01001970,1904,0.2149683303613279,8857.118612772756
E01001971,Haringey 001B,Haringey,E01001971,1906,0.12594476004559643,15133.618892202907
E01001972,Haringey 004C,Haringey,E01001972,1713,0.20662117763821658,8290.534492061495
E01001973,Haringey 004D,Haringey,E01001973,2548,0.4006152948120373,6360.216479491836
E01001974,Haringey 001C,Haringey,E01001974,2213,0.17685556011951326,12513.036053288493
E01001975,Haringey 001D,Haringey,E01001975,1822,0.12006045843868682,15175.687513557761
E01001976,Haringey 011A,Haringey,E01001976,1868,0.10144031041114458,18414.770148364758
E01001977,Haringey 011B,Haringey,E01001977,1519,0.08953835322554672,16964.797154283657
E01001978,Haringey 011C,Haringey,E01001978,1927,0.13200323443238154,14598.127146551873
E01001979,Haringey 011D,Haringey,E01001979,2292,0.19586999105069747,11701.639376737177
E01001980,Haringey 018A,Haringey,E01001980,1816,0.11196316775762875,16219.619687173996
E01001981,Haringey 018B,Haringey,E01001981,1803,0.09515771713224591,18947.49111618842
E01001982,Haringey 018C,Haringey,E01001982,1801,0.10451880835084953,17231.34838998919
E01001983,Haringey 018D,Haringey,E01001983,1661,0.10098008462591002,16448.787958074376
E01001984,Haringey 033A,Haringey,E01001984,1749,0.19810226452313154,8828.773382324345
E01001985,Haringey 033B,Haringey,E01001985,1622,0.18913592551551844,8575.842984768731
E01001986,Haringey 034A,Haringey,E01001986,1565,0.13605940288815843,11502.328885615047
E01001987,Haringey 033C,Haringey,E01001987,1705,0.30216120054082096,5642.683431718959
E01001988,Haringey 034B,Haringey,E01001988,1667,0.17469028816034893,9542.602611484926
E01001989,Haringey 033D,Haringey,E01001989,1719,0.2868398757368748,5992.89061740105
E01001990,Haringey 034C,Haringey,E01001990,1950,0.1515915426152825,12863.51445706189
E01001991,Haringey 017A,Haringey,E01001991,1660,0.12609202536972228,13164.987992956816
E01001992,Haringey 017B,Haringey,E01001992,1751,0.4066555836255116,4305.855054021569
E01001993,Haringey 017C,Haringey,E01001993,1669,0.28113505484273,5936.648494203815
E01001994,Haringey 030A,Haringey,E01001994,1809,0.3358331761446395,5386.603017507968
E01001995,Haringey 017D,Haringey,E01001995,2683,0.41019236896974526,6540.833528275342
E01001996,Haringey 014C,Haringey,E01001996,1493,0.24303792427573717,6143.074190784012
E01001997,Haringey 014D,Haringey,E01001997,1782,0.19399192200065096,9185.94950563983
E01001998,Haringey 023A,Haringey,E01001998,1933,0.1551432312530423,12459.454301601021
E01001999,Haringey 023B,Haringey,E01001999,2436,0.14888882313109653,16361.201255886772
E01002000,Haringey 031A,Haringey,E01002000,1761,0.1642549582494047,10721.137545973486
E01002001,Haringey 031B,Haringey,E01002001,1596,0.1063161763314057,15011.826563673574
E01002002,Haringey 031C,Haringey,E01002002,1691,0.6541212679924252,2585.1475601609422
E01002003,Haringey 023C,Haringey,E01002003,2557,0.22070022304001458,11585.851453971558
E01002004,Haringey 023D,Haringey,E01002004,1810,0.11712685293407057,15453.330766249044
E01002005,Haringey 035A,Haringey,E01002005,1458,0.09560097310977693,15250.890786705739
E01002006,Haringey 035B,Haringey,E01002006,1537,0.10981321347374899,13996.494150200077
E01002007,Haringey 035C,Haringey,E01002007,1439,0.17240736788972627,8346.511043080252
E01002008,Haringey 030B,Haringey,E01002008,1341,0.6536744805762625,2051.4798112017606
E01002009,Haringey 035D,Haringey,E01002009,1414,0.23352537168727694,6055.016591060364
E01002010,Haringey 030C,Haringey,E01002010,1597,0.5885094863933709,2713.6351017671363
E01002011,Haringey 030D,Haringey,E01002011,1748,0.6456214195722577,2707.469032173838
E01002013,Haringey 022A,Haringey,E01002013,1361,0.12105068117153818,11243.224629784261
E01002014,Haringey 020B,Haringey,E01002014,1734,0.1672299224099701,10368.957749971549
E01002015,Haringey 020C,Haringey,E01002015,1425,0.11965899788906637,11908.841166471168
E01002016,Haringey 028A,Haringey,E01002016,1913,0.17091250647036024,11192.861420774692
E01002017,Haringey 028B,Haringey,E01002017,1571,0.13610785140339587,11542.317241816394
E01002018,Haringey 020D,Haringey,E01002018,1375,0.12068418720122215,11393.373331564979
E01002019,Haringey 022B,Haringey,E01002019,1370,0.2513670995870079,5450.196156342209
E01002020,Haringey 021A,Haringey,E01002020,1546,0.2906057624330766,5319.92203821501
E01002021,Haringey 022C,Haringey,E01002021,1429,0.184690817384703,7737.255269293951
E01002022,Haringey 021B,Haringey,E01002022,2168,0.20150228834602069,10759.183023654303
E01002023,Haringey 021C,Haringey,E01002023,1369,0.16543965848687545,8274.920369885825
E01002024,Haringey 022D,Haringey,E01002024,1271,0.15935838801668856,7975.733287832308
E01002025,Haringey 021D,Haringey,E01002025,1476,0.40189162906183057,3672.631857114195
E01002026,Haringey 016A,Haringey,E01002026,1781,0.11912161708466419,14951.10663863954
E01002027,Haringey 010A,Haringey,E01002027,1430,0.11030807846706979,12963.692413760042
E01002028,Haringey 010B,Haringey,E01002028,1660,0.12149755047254955,13662.826892753288
E01002029,Haringey 016B,Haringey,E01002029,2109,0.23570048171797367,8947.796731800974
E01002030,Haringey 016C,Haringey,E01002030,1564,0.2797310188897576,5591.085344083255
E01002031,Haringey 016D,Haringey,E01002031,1869,0.14015925646754307,13334.83101369625
E01002032,Haringey 010C,Haringey,E01002032,1844,0.1031692408231819,17873.544336343097
E01002033,Haringey 010D,Haringey,E01002033,1802,0.12341181699871204,14601.519075104503
E01002034,Haringey 037A,Haringey,E01002034,2489,0.28072489902843717,8866.331446245766
E01002036,Haringey 002A,Haringey,E01002036,1864,0.17039893912967555,10939.03524001094
E01002037,Haringey 002B,Haringey,E01002037,1717,0.7955842360785439,2158.1624196868697
E01002038,Haringey 037B,Haringey,E01002038,1795,0.14203966222654135,12637.315323498344
E01002039,Haringey 002C,Haringey,E01002039,1672,0.07476746480894231,22362.66809731425
E01002040,Haringey 002D,Haringey,E01002040,2267,0.14824999327659458,15291.73762436797
E01002041,Haringey 037C,Haringey,E01002041,1867,0.12675099585648575,14729.667308601798
E01002042,Haringey 027A,Haringey,E01002042,1567,0.23911260790560782,6553.3976385661335
E01002043,Haringey 026A,Haringey,E01002043,1810,0.10940871763900832,16543.471480691835
E01002044,Haringey 027B,Haringey,E01002044,1780,0.08904186287918846,19990.59703428594
E01002045,Haringey 026B,Haringey,E01002045,2131,0.1348782112639816,15799.43847141655
E01002046,Haringey 026C,Haringey,E01002046,1618,0.16950562749707296,9545.405800925046
E01002047,Haringey 027C,Haringey,E01002047,1655,0.10240123928997542,16161.913776389387
E01002048,Haringey 027D,Haringey,E01002048,1905,0.12224081986682726,15583.992336400908
E01002049,Haringey 026D,Haringey,E01002049,1899,0.1275624580475537,14886.82508212625
E01002050,Haringey 029A,Haringey,E01002050,1990,0.10957020502032569,18161.871647779135
E01002051,Haringey 029B,Haringey,E01002051,1871,0.12433858370982084,15047.621938227207
E01002052,Haringey 029C,Haringey,E01002052,2205,0.2185470432602199,10089.360931662422
E01002053,Haringey 032A,Haringey,E01002053,2025,0.144205990893849,14042.412436877301
E01002054,Haringey 032B,Haringey,E01002054,1694,0.0814637508206867,20794.524962749812
E01002055,Haringey 029D,Haringey,E01002055,2103,0.09389797540153035,22396.6490332413
E01002056,Haringey 032C,Haringey,E01002056,2921,0.21129974208166294,13823.963868687992
E01002057,Haringey 032D,Haringey,E01002057,1794,0.15865159917035454,11307.796513753798
E01002058,Haringey 031D,Haringey,E01002058,1574,0.15577331249031545,10104.426585252571
E01002059,Haringey 028C,Haringey,E01002059,1562,0.2339626394369085,6676.279613528708
E01002060,Haringey 028D,Haringey,E01002060,1708,0.1255881655287908,13600.007554919217
E01002061,Haringey 036A,Haringey,E01002061,1544,0.16513146538137163,9350.125952277642
E01002062,Haringey 034D,Haringey,E01002062,1740,0.19736524334413666,8816.141943321005
E01002063,Haringey 036B,Haringey,E01002063,1502,0.13832959297936842,10858.124914919834
E01002064,Haringey 036C,Haringey,E01002064,1478,0.09320697395709299,15857.182539585336
E01002065,Haringey 036D,Haringey,E01002065,1596,0.13597323532312217,11737.604067501372
E01002066,Haringey 025A,Haringey,E01002066,2611,0.19401682228728315,13457.595940489426
E01002067,Haringey 024A,Haringey,E01002067,1741,0.14966232798925794,11632.853927843224
E01002068,Haringey 025B,Haringey,E01002068,2245,0.29804913795319793,7532.315025022914
E01002069,Haringey 024B,Haringey,E01002069,2048,0.16466716254396346,12437.209510142724
E01002070,Haringey 024C,Haringey,E01002070,2550,0.1638757344277665,15560.57099548191
E01002071,Haringey 025C,Haringey,E01002071,1780,0.10880578234050198,16359.424671287998
E01002072,Haringey 025D,Haringey,E01002072,1875,0.1773554566827288,10571.989354430676
E01002073,Haringey 024D,Haringey,E01002073,1647,0.11117536077205051,14814.433598978309
E01002074,Haringey 012A,Haringey,E01002074,2246,0.1307943903141487,17171.990286475146
E01002075,Haringey 015A,Haringey,E01002075,1972,0.3693523353259612,5339.075488069322
E01002076,Haringey 015B,Haringey,E01002076,1855,0.10934713142167875,16964.32248274082
E01002077,Haringey 012B,Haringey,E01002077,2269,0.14438529544101117,15714.896680230178
E01002078,Haringey 015C,Haringey,E01002078,2552,0.2822564664701377,9041.422617929633
E01002079,Haringey 012C,Haringey,E01002079,1809,0.10294464427959177,17572.55088556972
E01002081,Haringey 012D,Haringey,E01002081,1930,0.13898478634369196,13886.411964740888
E01002082,Haringey 013A,Haringey,E01002082,1418,0.19414858577313962,7303.684414456238
E01002083,Haringey 019A,Haringey,E01002083,1393,0.15626465654647403,8914.363815759667
E01002084,Haringey 019B,Haringey,E01002084,1763,0.303528701156656,5808.346931547959
E01002085,Haringey 019C,Haringey,E01002085,2173,0.12942035130876925,16790.24958613879
E01002086,Haringey 013B,Haringey,E01002086,1497,0.2401910055163969,6232.5397938259
E01002087,Haringey 019D,Haringey,E01002087,1913,0.11268767487728991,16976.124514798463
E01002088,Haringey 013C,Haringey,E01002088,1800,0.2125700257318304,8467.797817697994
E01002089,Haringey 013D,Haringey,E01002089,1346,0.04601364417201369,29252.193001019925
E01002090,Haringey 005A,Haringey,E01002090,1736,0.22926047185762896,7572.173196424625
E01002091,Haringey 006A,Haringey,E01002091,1843,0.21571466376355553,8543.69363605299
E01002092,Haringey 006B,Haringey,E01002092,1597,0.2007572488737057,7954.880877076853
E01002093,Haringey 005B,Haringey,E01002093,1839,0.22332868691379373,8234.49967585161
E01002094,Haringey 006C,Haringey,E01002094,1443,0.24971147770958774,5778.669099376347
E01002095,Haringey 006D,Haringey,E01002095,1589,0.2857758022613492,5560.302823
E01002096,Haringey 005C,Haringey,E01002096,1692,0.18417174135972772,9187.077167800426
E01002097,Haringey 005D,Haringey,E01002097,1598,0.10774646861683347,14831.112522887279
E01002098,Haringey 007A,Haringey,E01002098,1530,0.19621680392825225,7797.4973058854475
E01002099,Haringey 008A,Haringey,E01002099,2020,0.15855887260663318,12739.747494366928
E01002100,Haringey 008B,Haringey,E01002100,1785,0.14112502495202017,12648.359145423472
E01002101,Haringey 007B,Haringey,E01002101,1980,0.20360400501736584,9724.75958825624
E01002102,Haringey 007C,Haringey,E01002102,1927,0.318399820020952,6052.139099429125
E01002103,Haringey 008C,Haringey,E01002103,1852,0.17294063587842684,10708.877012004928
E01002104,Haringey 008D,Haringey,E01002104,1454,0.1705263937455177,8526.53931197216
E01002105,Haringey 007D,Haringey,E01002105,2076,0.12467680085589915,16651.05284823141
E01002106,Harrow 008A,Harrow,E01002106,2029,0.26780121929795253,7576.515167925946
E01002107,Harrow 012A,Harrow,E01002107,1819,0.28272474582132934,6433.819560844295
E01002108,Harrow 008B,Harrow,E01002108,1840,0.19912080208927088,9240.621676358463
E01002109,Harrow 008C,Harrow,E01002109,1871,0.5076123968847628,3685.8831885950785
E01002110,Harrow 008D,Harrow,E01002110,1664,0.24577854622863216,6770.322412323518
E01002111,Harrow 008E,Harrow,E01002111,2200,0.27811471062637544,7910.405008944391
E01002112,Harrow 001A,Harrow,E01002112,1994,0.7770796181060895,2566.0176300335966
E01002113,Harrow 002A,Harrow,E01002113,1560,0.6178376826933011,2524.9350172355785
E01002114,Harrow 001B,Harrow,E01002114,2230,2.889128784625001,771.8589811113063
E01002115,Harrow 002B,Harrow,E01002115,1464,0.34762225097730876,4211.468040046618
E01002116,Harrow 002C,Harrow,E01002116,1590,0.30541675889107933,5206.001156495283
E01002118,Harrow 002E,Harrow,E01002118,1878,0.2709097397816702,6932.198161326741
E01002119,Harrow 007A,Harrow,E01002119,2508,0.23861354765288315,10510.719213849701
E01002120,Harrow 007B,Harrow,E01002120,1362,0.1715665971846783,7938.608227648832
E01002121,Harrow 007C,Harrow,E01002121,1822,0.28064960506783027,6492.0811114615335
E01002122,Harrow 007D,Harrow,E01002122,1859,0.20236680501620352,9186.289222934314
E01002123,Harrow 007E,Harrow,E01002123,1713,0.17231394938552844,9941.156859955669
E01002124,Harrow 010A,Harrow,E01002124,1793,0.16920870084835368,10596.381811399298
E01002125,Harrow 010B,Harrow,E01002125,1970,0.17318936290178383,11374.832535859563
E01002127,Harrow 023B,Harrow,E01002127,1840,0.2716623758903334,6773.113111337819
E01002128,Harrow 020A,Harrow,E01002128,2116,0.1876535341349356,11276.099913356562
E01002129,Harrow 023C,Harrow,E01002129,2731,0.4110801650905378,6643.473054455241
E01002130,Harrow 020B,Harrow,E01002130,2908,0.3333045714623607,8724.752820644686
E01002131,Harrow 023D,Harrow,E01002131,1711,0.1638205090979267,10444.357726768012
E01002132,Harrow 029A,Harrow,E01002132,2037,0.39990271926253834,5093.7388066688745
E01002133,Harrow 027A,Harrow,E01002133,2042,0.3912168742257792,5219.611255371158
E01002134,Harrow 029B,Harrow,E01002134,1491,1.2438204528326722,1198.7260674194592
E01002135,Harrow 029C,Harrow,E01002135,2015,0.4247169594331334,4744.336093122831
E01002136,Harrow 027B,Harrow,E01002136,2031,0.36993797742671486,5490.109488427269
E01002137,Harrow 029D,Harrow,E01002137,1747,0.5994829362409092,2914.178026408324
E01002138,Harrow 027C,Harrow,E01002138,1610,0.14245448704625718,11301.855303983566
E01002139,Harrow 006A,Harrow,E01002139,1503,0.23307914216250428,6448.4534568610125
E01002140,Harrow 005A,Harrow,E01002140,1796,0.25514607532291744,7039.104943029009
E01002141,Harrow 005B,Harrow,E01002141,1792,0.28904371479610513,6199.754252619186
E01002142,Harrow 005C,Harrow,E01002142,1858,0.36051232253957866,5153.776677899881
E01002143,Harrow 005D,Harrow,E01002143,1631,0.18297507322529594,8913.782469111304
E01002144,Harrow 004A,Harrow,E01002144,1620,2.9566622339374895,547.9151393774831
E01002145,Harrow 005E,Harrow,E01002145,1685,0.3158487282148554,5334.832308882316
E01002146,Harrow 004B,Harrow,E01002146,1462,0.8537600686972251,1712.4248996921397
E01002147,Harrow 004C,Harrow,E01002147,1356,0.624832616871814,2170.181202749515
E01002148,Harrow 006B,Harrow,E01002148,1464,0.33274514988064546,4399.763604443616
E01002149,Harrow 004D,Harrow,E01002149,1321,0.2915058452707044,4531.641548296449
E01002150,Harrow 006C,Harrow,E01002150,2400,0.4192357629140273,5724.702452190769
E01002151,Harrow 006D,Harrow,E01002151,1566,0.30416020945384536,5148.602451359213
E01002152,Harrow 006E,Harrow,E01002152,1615,0.46292939603308203,3488.652943276448
E01002153,Harrow 019A,Harrow,E01002153,1880,0.2923184977187497,6431.341207181547
E01002155,Harrow 019B,Harrow,E01002155,1726,0.7437672663121283,2320.618395265152
E01002156,Harrow 015B,Harrow,E01002156,1568,0.38191965899226027,4105.5755132829545
E01002157,Harrow 019C,Harrow,E01002157,1698,0.2635710424987151,6442.285859260422
E01002158,Harrow 019D,Harrow,E01002158,1407,0.29326621375987694,4797.688700519848
E01002159,Harrow 021A,Harrow,E01002159,1929,0.23203339314107504,8313.458567
E01002160,Harrow 021B,Harrow,E01002160,2475,0.29724208163624294,8326.54645121494
E01002161,Harrow 021C,Harrow,E01002161,2058,0.2373583131757225,8670.435732648679
E01002162,Harrow 015C,Harrow,E01002162,1927,0.18096058289472172,10648.72785650276
E01002163,Harrow 015D,Harrow,E01002163,1651,0.24509636888096098,6736.125906466863
E01002164,Harrow 021D,Harrow,E01002164,1924,0.2661191133031724,7229.8452227597445
E01002165,Harrow 017A,Harrow,E01002165,1763,0.20771809431450167,8487.464733479974
E01002166,Harrow 017B,Harrow,E01002166,1708,0.17000170193552303,10046.95823955808
E01002167,Harrow 017C,Harrow,E01002167,1610,0.16683029755617745,9650.525255808874
E01002168,Harrow 017D,Harrow,E01002168,1548,0.17306547084171908,8944.59184995809
E01002169,Harrow 017E,Harrow,E01002169,1667,0.20488960322469696,8136.088770555359
E01002170,Harrow 033A,Harrow,E01002170,1369,0.1712379132119977,7994.724849894292
E01002171,Harrow 033B,Harrow,E01002171,1703,0.1871547125498001,9099.423556042426
E01002172,Harrow 033C,Harrow,E01002172,1613,0.36707072326103884,4394.24856787865
E01002173,Harrow 033D,Harrow,E01002173,1909,0.19961764718800187,9563.282740238315
E01002174,Harrow 033E,Harrow,E01002174,1568,0.20707678517556571,7572.070421465178
E01002175,Harrow 033F,Harrow,E01002175,1420,0.2084382349891916,6812.569680767221
E01002176,Harrow 033G,Harrow,E01002176,1695,0.3870408847726069,4379.382299613751
E01002177,Harrow 033H,Harrow,E01002177,1478,0.19693281537239463,7505.097599936009
E01002178,Harrow 033I,Harrow,E01002178,1638,0.20578639238812785,7959.709973974444
E01002179,Harrow 013A,Harrow,E01002179,2632,0.2581583080295399,10195.294585285368
E01002181,Harrow 020C,Harrow,E01002181,2336,0.40395371136215624,5782.840791641367
E01002182,Harrow 020D,Harrow,E01002182,2142,0.20111044326513428,10650.864098469969
E01002183,Harrow 013C,Harrow,E01002183,2107,0.18525172171717352,11373.713455774448
E01002184,Harrow 013D,Harrow,E01002184,1928,0.21341413508807017,9034.078268547522
E01002185,Harrow 009A,Harrow,E01002185,1855,0.17129971368895794,10828.973149180309
E01002186,Harrow 009B,Harrow,E01002186,1935,0.31726295675876365,6099.041690112314
E01002187,Harrow 009C,Harrow,E01002187,1983,0.48273413595689524,4107.851200680509
E01002188,Harrow 016A,Harrow,E01002188,1608,0.4859577085314649,3308.929916677893
E01002189,Harrow 016B,Harrow,E01002189,1734,0.449174127082307,3860.4182553067235
E01002190,Harrow 009D,Harrow,E01002190,1708,1.357893894566651,1257.8302375717503
E01002191,Harrow 022A,Harrow,E01002191,2021,0.48967707817904327,4127.209726694724
E01002192,Harrow 016C,Harrow,E01002192,1683,0.45276700487378985,3717.1436564136143
E01002193,Harrow 016D,Harrow,E01002193,2045,0.336863254627739,6070.712587099741
E01002194,Harrow 022B,Harrow,E01002194,1838,0.4262232964716419,4312.2936151433205
E01002195,Harrow 022C,Harrow,E01002195,1658,0.27343083358323267,6063.690690155113
E01002196,Harrow 022D,Harrow,E01002196,1822,0.37396254416837144,4872.1456959060315
E01002197,Harrow 012B,Harrow,E01002197,1416,0.1852120289217754,7645.2917677288115
E01002198,Harrow 010C,Harrow,E01002198,1812,0.17449586715654195,10384.200093257436
E01002199,Harrow 012C,Harrow,E01002199,1570,0.16976514486342337,9248.07033424364
E01002200,Harrow 010D,Harrow,E01002200,2199,0.3476156870914732,6325.951565647682
E01002201,Harrow 012D,Harrow,E01002201,1713,0.2661137687550267,6437.0964644708665
E01002202,Harrow 012E,Harrow,E01002202,2196,0.19458860704284223,11285.347242947839
E01002203,Harrow 010E,Harrow,E01002203,1811,0.27780365598506973,6518.99268056188
E01002204,Harrow 032A,Harrow,E01002204,1881,0.17896286828641172,10510.560196150032
E01002206,Harrow 032B,Harrow,E01002206,1388,0.17489201311576935,7936.325823416629
E01002207,Harrow 032C,Harrow,E01002207,1773,0.17748570395170835,9989.536962832855
E01002208,Harrow 025A,Harrow,E01002208,1360,0.2937494250805012,4629.796295353755
E01002209,Harrow 025B,Harrow,E01002209,1861,0.2731570037715596,6812.9316631264155
E01002210,Harrow 032D,Harrow,E01002210,1548,0.20748185738056327,7460.8933019172755
E01002211,Harrow 028A,Harrow,E01002211,1486,0.17258190445888852,8610.40446076423
E01002212,Harrow 028B,Harrow,E01002212,1888,0.2752748193221222,6858.600451175639
E01002214,Harrow 031A,Harrow,E01002214,1909,0.1816214833605456,10510.871096732273
E01002215,Harrow 031B,Harrow,E01002215,1736,0.16941136468504556,10247.24641836996
E01002216,Harrow 028C,Harrow,E01002216,1732,0.2692193656781786,6433.415351221095
E01002217,Harrow 028D,Harrow,E01002217,2206,0.1490693841070534,14798.477992072287
E01002218,Harrow 030A,Harrow,E01002218,1817,0.32914170507282425,5520.418628195353
E01002219,Harrow 030B,Harrow,E01002219,1930,0.2916722390951959,6617.016435938859
E01002220,Harrow 031C,Harrow,E01002220,1643,0.1880911229359163,8735.127816530605
E01002221,Harrow 030C,Harrow,E01002221,1630,0.1719353703085497,9480.30644930624
E01002222,Harrow 030D,Harrow,E01002222,1605,0.2092778572086464,7669.229900418193
E01002223,Harrow 031D,Harrow,E01002223,1794,0.20280531024750836,8845.922218755319
E01002224,Harrow 031E,Harrow,E01002224,1624,0.1820609464545234,8920.089846976905
E01002225,Harrow 001C,Harrow,E01002225,1751,2.040908913271492,857.9510769019181
E01002226,Harrow 001D,Harrow,E01002226,2623,0.6054664344261743,4332.197213353249
E01002227,Harrow 003A,Harrow,E01002227,2275,0.32816451690803594,6932.498435342845
E01002228,Harrow 003B,Harrow,E01002228,2251,0.41940874583585747,5367.079304733827
E01002229,Harrow 003C,Harrow,E01002229,1828,0.6323387367987485,2890.8556342038382
E01002230,Harrow 003D,Harrow,E01002230,1838,0.4205712850031267,4370.246057065773
E01002231,Harrow 013E,Harrow,E01002231,2056,0.21387049508190603,9613.294247121901
E01002232,Harrow 011A,Harrow,E01002232,2153,0.21576594875811672,9978.40489841893
E01002233,Harrow 011B,Harrow,E01002233,2422,0.20550001820158978,11785.887033956784
E01002234,Harrow 011C,Harrow,E01002234,1962,0.1679365193251515,11682.985975202091
E01002235,Harrow 011D,Harrow,E01002235,1881,0.1719472195327372,10939.403411765403
E01002236,Harrow 011E,Harrow,E01002236,2327,0.2154932823436146,10798.480466270334
E01002237,Harrow 024A,Harrow,E01002237,2114,0.14639526583902907,14440.35767061264
E01002238,Harrow 024B,Harrow,E01002238,1886,0.3438986349444384,5484.174138419333
E01002239,Harrow 025C,Harrow,E01002239,1936,0.35787640417646,5409.688868577673
E01002240,Harrow 024C,Harrow,E01002240,1957,0.16986376543216541,11520.997400599377
E01002241,Harrow 025D,Harrow,E01002241,1902,0.2422604160074653,7851.055617527667
E01002242,Harrow 024D,Harrow,E01002242,1866,0.2715403647162032,6871.906509922475
E01002243,Havering 013A,Havering,E01002243,1972,0.234327377692796,8415.576615146092
E01002244,Havering 011A,Havering,E01002244,1814,0.3342446782401544,5427.161950792955
E01002245,Havering 011B,Havering,E01002245,1647,0.2573099036978116,6400.841849967268
E01002246,Havering 017A,Havering,E01002246,1841,0.5453506130376528,3375.809902817312
E01002247,Havering 017B,Havering,E01002247,2486,0.32766618908113565,7586.98969512666
E01002248,Havering 017C,Havering,E01002248,1754,0.5321680107448657,3295.9515878170855
E01002250,Havering 017E,Havering,E01002250,1833,1.0747952744622058,1705.4410672927236
E01002251,Havering 017F,Havering,E01002251,1596,0.32694887706029097,4881.497114625935
E01002252,Havering 018A,Havering,E01002252,1591,1.1585682695413118,1373.2466543640903
E01002253,Havering 019A,Havering,E01002253,1583,1.022472731502502,1548.2075474754374
E01002254,Havering 019B,Havering,E01002254,1630,0.5630750960507525,2894.8181360396748
E01002255,Havering 022A,Havering,E01002255,1543,0.5954408675645475,2591.3572347009494
E01002256,Havering 018B,Havering,E01002256,1518,0.278588111622901,5448.904445911089
E01002257,Havering 019C,Havering,E01002257,1736,0.7534156055568363,2304.1731379016933
E01002258,Havering 018C,Havering,E01002258,1839,0.30244757334311134,6080.392643500394
E01002259,Havering 018D,Havering,E01002259,1548,1.8885575179110252,819.6732084243199
E01002260,Havering 026A,Havering,E01002260,1810,1.1146962591224587,1623.76071973626
E01002261,Havering 026B,Havering,E01002261,1786,0.20759597181204345,8603.249785680027
E01002262,Havering 026C,Havering,E01002262,1758,0.2246407330274836,7825.829164227834
E01002263,Havering 026D,Havering,E01002263,1608,0.8473965260053218,1897.57681398602
E01002264,Havering 026E,Havering,E01002264,1673,0.20384222870808752,8207.32784665449
E01002265,Havering 025A,Havering,E01002265,1508,0.5141615830198869,2932.9301328638417
E01002266,Havering 027A,Havering,E01002266,1543,0.3433781197579688,4493.588587087578
E01002267,Havering 027B,Havering,E01002267,1798,0.2099000477108602,8565.981854738624
E01002268,Havering 010A,Havering,E01002268,1488,0.8430299618579911,1765.0618214334054
E01002269,Havering 010B,Havering,E01002269,1857,0.7757563078291877,2393.7929750084472
E01002270,Havering 015A,Havering,E01002270,1739,0.6778515732399187,2565.4583815275714
E01002271,Havering 015B,Havering,E01002271,1591,0.5449847018193041,2919.3480013086937
E01002272,Havering 014A,Havering,E01002272,1361,0.22328527639539378,6095.341448264327
E01002273,Havering 015C,Havering,E01002273,1341,0.8268424083311446,1621.8326327825928
E01002274,Havering 014B,Havering,E01002274,1665,0.3080588065557501,5404.812213017131
E01002275,Havering 015D,Havering,E01002275,1318,0.43678604949743877,3017.495640065603
E01002276,Havering 001A,Havering,E01002276,2074,4.376654693972278,473.877914759052
E01002277,Havering 002A,Havering,E01002277,1621,1.4705085677007792,1102.3397181116206
E01002278,Havering 001B,Havering,E01002278,1726,0.2259385459805919,7639.245408564607
E01002279,Havering 002B,Havering,E01002279,1746,0.3574099301948339,4885.14686496877
E01002280,Havering 004A,Havering,E01002280,1860,0.15371142739895238,12100.596757666157
E01002281,Havering 002C,Havering,E01002281,2463,0.40430286375015717,6091.967732195027
E01002282,Havering 004B,Havering,E01002282,1958,0.27509150483562494,7117.631644677509
E01002283,Havering 002D,Havering,E01002283,1699,0.2232442930532915,7610.496898993181
E01002284,Havering 004C,Havering,E01002284,2068,0.2786789611823519,7420.725236042546
E01002285,Havering 025B,Havering,E01002285,1365,0.46345610310953145,2945.2627570154173
E01002286,Havering 025C,Havering,E01002286,1618,0.23458552872890603,6897.2711520914345
E01002287,Havering 023A,Havering,E01002287,1597,0.22122501531901773,7218.89429048991
E01002288,Havering 025D,Havering,E01002288,1598,0.3407143026653359,4690.146517182237
E01002289,Havering 022B,Havering,E01002289,1664,0.26994104120552315,6164.309037887617
E01002290,Havering 025E,Havering,E01002290,1492,0.278666215608067,5354.075651920572
E01002291,Havering 023B,Havering,E01002291,1512,0.30741493451625457,4918.4337852006765
E01002292,Havering 022C,Havering,E01002292,1705,0.3443919180883459,4950.754969698856
E01002294,Havering 007B,Havering,E01002294,1540,1.2331129669311007,1248.8717913920423
E01002295,Havering 010C,Havering,E01002295,2002,0.27961606301247327,7159.8175670998335
E01002296,Havering 007C,Havering,E01002296,1696,4.0573659682911,418.00518199602516
E01002297,Havering 004D,Havering,E01002297,1642,0.21203172593619868,7744.124105720317
E01002298,Havering 007D,Havering,E01002298,1605,0.4550578148002881,3527.024364375302
E01002299,Havering 002E,Havering,E01002299,1817,0.3392749128276252,5355.538919328114
E01002300,Havering 007E,Havering,E01002300,2001,0.33369165003136636,5996.554003709442
E01002301,Havering 003A,Havering,E01002301,1637,0.273035238182581,5995.563103489682
E01002302,Havering 005A,Havering,E01002302,1723,0.2896150239181432,5949.276997753365
E01002303,Havering 003B,Havering,E01002303,2154,0.2797871970490087,7698.708242259908
E01002304,Havering 003C,Havering,E01002304,1541,5.3061346577769815,290.41856254843066
E01002305,Havering 005B,Havering,E01002305,1714,2.771501952289404,618.437233495054
E01002306,Havering 003D,Havering,E01002306,1839,0.175887143173607,10455.56808086217
E01002307,Havering 003E,Havering,E01002307,1898,0.24191713662588216,7845.661644611816
E01002308,Havering 005C,Havering,E01002308,1855,0.44674403453679257,4152.265853809017
E01002309,Havering 006A,Havering,E01002309,1787,0.276495307871533,6463.039151573188
E01002310,Havering 006B,Havering,E01002310,1875,0.2799565066274444,6697.46891253783
E01002311,Havering 006C,Havering,E01002311,1894,0.9496733126493142,1994.3700373302975
E01002312,Havering 001C,Havering,E01002312,1697,0.8713790036981505,1947.4878242393918
E01002313,Havering 001D,Havering,E01002313,2260,0.38788366056478685,5826.489305348092
E01002314,Havering 004E,Havering,E01002314,1855,0.19041671003272664,9741.792092097294
E01002315,Havering 006D,Havering,E01002315,1727,0.2173557323469759,7945.500131752233
E01002316,Havering 004F,Havering,E01002316,2074,0.2465820446847425,8410.993601142487
E01002317,Havering 014C,Havering,E01002317,1546,0.381688211917846,4050.426373484017
E01002318,Havering 014D,Havering,E01002318,1656,0.29127831701575996,5685.284153541715
E01002319,Havering 016A,Havering,E01002319,1861,0.3762402737498593,4946.307266502981
E01002320,Havering 021A,Havering,E01002320,1499,0.2024239948668365,7405.248577304825
E01002321,Havering 021B,Havering,E01002321,1796,0.46260555804050424,3882.357158888152
E01002322,Havering 021C,Havering,E01002322,1931,0.43418487406854267,4447.414259058602
E01002323,Havering 021D,Havering,E01002323,1725,0.2911009590908654,5925.779170866805
E01002324,Havering 021E,Havering,E01002324,1541,0.4665059338696273,3303.2805975639694
E01002325,Havering 011C,Havering,E01002325,2144,0.7513595223803159,2853.4941477919683
E01002326,Havering 005D,Havering,E01002326,1696,0.27581860089301957,6148.96890386961
E01002327,Havering 009A,Havering,E01002327,1556,0.2825977195478239,5506.060001084611
E01002328,Havering 009B,Havering,E01002328,1794,0.2847917682292709,6299.339377519314
E01002329,Havering 011D,Havering,E01002329,1737,0.38091559832883626,4560.065294308282
E01002330,Havering 011E,Havering,E01002330,1843,0.4815060937426177,3827.573573731654
E01002331,Havering 005E,Havering,E01002331,1663,0.30940872130617453,5374.767695556917
E01002332,Havering 009C,Havering,E01002332,1754,0.27947230210371304,6276.11390036457
E01002333,Havering 008A,Havering,E01002333,1328,0.2731989899143322,4860.925731886581
E01002334,Havering 008B,Havering,E01002334,1732,0.9666287170408034,1791.7944806174103
E01002335,Havering 009D,Havering,E01002335,1480,0.20708918147637356,7146.6794617122505
E01002336,Havering 008C,Havering,E01002336,1634,0.25468232757211556,6415.835820164312
E01002337,Havering 012A,Havering,E01002337,1322,1.1197284805679308,1180.6433639425481
E01002338,Havering 009E,Havering,E01002338,1410,0.24429338172269194,5771.748665711101
E01002339,Havering 008D,Havering,E01002339,1648,0.39858652136512257,4134.610458867876
E01002340,Havering 009F,Havering,E01002340,1478,0.23618701883689464,6257.75289124028
E01002341,Havering 008E,Havering,E01002341,1478,0.24540928160626724,6022.592097275651
E01002342,Havering 030A,Havering,E01002342,1723,0.1823250962754001,9450.152695366889
E01002343,Havering 029A,Havering,E01002343,1755,0.4742996431211458,3700.192537466736
E01002344,Havering 029B,Havering,E01002344,1968,10.242213921505218,192.14595741530638
E01002345,Havering 030B,Havering,E01002345,1957,0.44526762725134467,4395.10954811748
E01002346,Havering 030C,Havering,E01002346,1553,0.21065198785318973,7372.349132932639
E01002347,Havering 030D,Havering,E01002347,1504,0.4537305312997943,3314.742774067939
E01002348,Havering 029C,Havering,E01002348,1560,2.751360478550411,566.992225177962
E01002349,Havering 029D,Havering,E01002349,1545,0.5828781399562015,2650.6398063171387
E01002350,Havering 016B,Havering,E01002350,1723,0.2848688460489626,6048.397442884487
E01002351,Havering 016C,Havering,E01002351,1768,0.19500700090864515,9066.341166019236
E01002352,Havering 016D,Havering,E01002352,1987,0.28732311424805485,6915.5591787320045
E01002353,Havering 013B,Havering,E01002353,2045,0.4598311434735502,4447.284680528886
E01002354,Havering 012B,Havering,E01002354,1388,0.30780476610387164,4509.35187771461
E01002355,Havering 014E,Havering,E01002355,1492,0.22767469515918098,6553.209608809858
E01002356,Havering 013C,Havering,E01002356,2110,0.36853664038016754,5725.346597351648
E01002358,Havering 016E,Havering,E01002358,2109,0.22599729408386646,9331.970139506895
E01002359,Havering 020A,Havering,E01002359,1313,0.22688580822638724,5787.052131043319
E01002360,Havering 020B,Havering,E01002360,1484,0.38500867538249495,3854.45860025281
E01002361,Havering 020C,Havering,E01002361,1981,0.3648815888860141,5429.158555376845
E01002362,Havering 022D,Havering,E01002362,1507,0.3424143401123674,4401.100723484477
E01002363,Havering 020D,Havering,E01002363,1480,0.24711694934505224,5989.067135712569
E01002364,Havering 023C,Havering,E01002364,1355,0.23066621698329537,5874.288908540638
E01002365,Havering 023D,Havering,E01002365,1343,0.22880954320597316,5869.5104285534035
E01002366,Havering 023E,Havering,E01002366,1548,0.2808281617826734,5512.267680610901
E01002367,Havering 020E,Havering,E01002367,1743,0.37908237105316694,4597.945283389455
E01002368,Havering 028A,Havering,E01002368,2487,1.3091291939868834,1899.7361081116628
E01002369,Havering 028B,Havering,E01002369,2045,0.48147238109572943,4247.387971343262
E01002370,Havering 028C,Havering,E01002370,2469,2.4698865580180387,999.6410531426391
E01002371,Havering 028D,Havering,E01002371,1707,0.2825364345447217,6041.698667114046
E01002372,Havering 027C,Havering,E01002372,1695,0.21904047287929054,7738.2959309720145
E01002373,Havering 027D,Havering,E01002373,1701,0.30938863488184254,5497.939511092974
E01002374,Havering 027E,Havering,E01002374,1732,0.9687177913926088,1787.9304121276768
E01002375,Havering 028E,Havering,E01002375,1932,0.2613422851759069,7392.603912909041
E01002376,Havering 012C,Havering,E01002376,1455,0.33709543283437965,4316.285117736569
E01002377,Havering 010D,Havering,E01002377,1774,0.4372578056327501,4057.1031029002847
E01002378,Havering 010E,Havering,E01002378,1706,0.24138039887225465,7067.682413197368
E01002379,Havering 012D,Havering,E01002379,1600,0.3597498469054282,4447.534901719114
E01002380,Havering 012E,Havering,E01002380,2286,0.3033217685198688,7536.551072991181
E01002381,Havering 012F,Havering,E01002381,1561,0.36541630869186476,4271.839988719016
E01002382,Havering 014F,Havering,E01002382,1815,0.3164923166444596,5734.736372886204
E01002383,Havering 010F,Havering,E01002383,1666,0.2910181613164374,5724.728630212469
E01002384,Havering 019D,Havering,E01002384,1639,0.4825489350760406,3396.546714462699
E01002385,Havering 024A,Havering,E01002385,1575,9.936418586032632,158.50781510089934
E01002386,Havering 022E,Havering,E01002386,2057,0.5452096304444559,3772.860722073324
E01002387,Havering 024B,Havering,E01002387,1607,1.3548517064683807,1186.1076694429391
E01002388,Havering 024C,Havering,E01002388,1649,0.36535931787816694,4513.3651156801125
E01002389,Havering 024D,Havering,E01002389,1593,0.8801909822801819,1809.834492820238
E01002390,Havering 024E,Havering,E01002390,1488,0.3412648571136237,4360.249726811373
E01002391,Havering 018E,Havering,E01002391,1739,8.622694173026623,201.6771052184493
E01002392,Hillingdon 020A,Hillingdon,E01002392,1760,0.46475465828871976,3786.9442911675656
E01002393,Hillingdon 020B,Hillingdon,E01002393,2130,0.32823953249403715,6489.1635197496935
E01002394,Hillingdon 021A,Hillingdon,E01002394,1746,0.29446925744633873,5929.311654267252
E01002395,Hillingdon 021B,Hillingdon,E01002395,1386,0.17150664826999423,8081.319377299534
E01002396,Hillingdon 026A,Hillingdon,E01002396,1834,0.34477570457471635,5319.400339598331
E01002397,Hillingdon 021C,Hillingdon,E01002397,1958,0.18146143270180992,10790.171613036486
E01002398,Hillingdon 021D,Hillingdon,E01002398,1855,0.16076844424215234,11538.333960649426
E01002399,Hillingdon 021E,Hillingdon,E01002399,1677,0.17559028194721651,9550.642446739257
E01002400,Hillingdon 024A,Hillingdon,E01002400,1996,0.6055025818212189,3296.4351596924166
E01002401,Hillingdon 024B,Hillingdon,E01002401,2337,0.33323915206203314,7012.981474532628
E01002402,Hillingdon 024C,Hillingdon,E01002402,1638,0.20134162715782322,8135.426454639908
E01002403,Hillingdon 024D,Hillingdon,E01002403,2474,0.2046479016995193,12089.056273992626
E01002404,Hillingdon 024E,Hillingdon,E01002404,2025,0.21064299859242427,9613.42182522856
E01002405,Hillingdon 027A,Hillingdon,E01002405,1959,1.0002636758369996,1958.483595198786
E01002408,Hillingdon 019A,Hillingdon,E01002408,1651,0.20594726218519413,8016.615430970721
E01002409,Hillingdon 019B,Hillingdon,E01002409,2009,0.23753391842726046,8457.739481173136
E01002410,Hillingdon 017A,Hillingdon,E01002410,1939,0.40482775796444603,4789.691323909396
E01002411,Hillingdon 022A,Hillingdon,E01002411,2129,0.4817631322008267,4419.184154408291
E01002412,Hillingdon 017B,Hillingdon,E01002412,2323,0.7173153938275981,3238.4638890913266
E01002413,Hillingdon 022B,Hillingdon,E01002413,1634,0.3105619556193798,5261.4300317022935
E01002414,Hillingdon 015A,Hillingdon,E01002414,2696,0.9221595808003913,2923.5720759524056
E01002415,Hillingdon 010A,Hillingdon,E01002415,1714,0.26848534711557137,6383.961055655663
E01002416,Hillingdon 008A,Hillingdon,E01002416,1744,0.20704546693698817,8423.270626498506
E01002417,Hillingdon 008B,Hillingdon,E01002417,1780,0.32825706372820895,5422.579425354906
E01002418,Hillingdon 006A,Hillingdon,E01002418,1777,0.2794384566176919,6359.181987721779
E01002419,Hillingdon 006B,Hillingdon,E01002419,1690,0.2933144672817857,5761.734208549713
E01002420,Hillingdon 008C,Hillingdon,E01002420,1616,0.2880729344365129,5609.69048744891
E01002421,Hillingdon 008D,Hillingdon,E01002421,1703,0.34457486741287624,4942.322151311844
E01002422,Hillingdon 018A,Hillingdon,E01002422,1564,0.19538511796696742,8004.703819174273
E01002423,Hillingdon 018B,Hillingdon,E01002423,1819,0.6737481154997012,2699.82202273159
E01002424,Hillingdon 018C,Hillingdon,E01002424,1695,0.3692148741605497,4590.8226310052305
E01002425,Hillingdon 018D,Hillingdon,E01002425,1693,0.36030126415491964,4698.845572942693
E01002426,Hillingdon 021F,Hillingdon,E01002426,2053,0.21345652786287922,9617.883418954569
E01002427,Hillingdon 018E,Hillingdon,E01002427,1597,0.20528177732231687,7779.550726962577
E01002428,Hillingdon 018F,Hillingdon,E01002428,1565,0.585918773756439,2671.018697637014
E01002429,Hillingdon 019C,Hillingdon,E01002429,1573,0.3798613013084334,4140.985129524373
E01002430,Hillingdon 007A,Hillingdon,E01002430,1391,0.918396606791445,1514.5961883065588
E01002431,Hillingdon 006C,Hillingdon,E01002431,1339,0.27824692444860394,4812.2724182970505
E01002432,Hillingdon 006D,Hillingdon,E01002432,1503,0.3253492132925446,4619.6515577511045
E01002433,Hillingdon 004A,Hillingdon,E01002433,2497,0.46170932614154997,5408.164528247962
E01002434,Hillingdon 007B,Hillingdon,E01002434,1329,0.8190094470487304,1622.6919051898624
E01002435,Hillingdon 007C,Hillingdon,E01002435,1536,0.3551517306322787,4324.912051717868
E01002436,Hillingdon 004B,Hillingdon,E01002436,1679,0.458045633300723,3665.5736414316557
E01002437,Hillingdon 006E,Hillingdon,E01002437,1418,0.43732923112988253,3242.4084626963063
E01002438,Hillingdon 003A,Hillingdon,E01002438,1441,3.696309319703528,389.84832582019385
E01002439,Hillingdon 003B,Hillingdon,E01002439,1549,0.7007108390918076,2210.612300514234
E01002440,Hillingdon 003C,Hillingdon,E01002440,1584,1.7860138172452682,886.8912349419264
E01002441,Hillingdon 003D,Hillingdon,E01002441,1601,7.056743601889875,226.8751835579281
E01002442,Hillingdon 003E,Hillingdon,E01002442,1625,1.981901834082558,819.9195197537261
E01002443,Hillingdon 032A,Hillingdon,E01002443,2041,2.6079431176843246,782.6090937950628
E01002444,Hillingdon 031A,Hillingdon,E01002444,1894,15.808726759046742,119.80724500258282
E01002445,Hillingdon 029A,Hillingdon,E01002445,1769,0.18994590871837572,9313.177693249592
E01002446,Hillingdon 031B,Hillingdon,E01002446,1965,1.9585916433035064,1003.2719207796091
E01002447,Hillingdon 031C,Hillingdon,E01002447,2073,1.8679128563246945,1109.7948134897658
E01002448,Hillingdon 032B,Hillingdon,E01002448,2153,0.718583213292102,2996.1735261477806
E01002449,Hillingdon 032C,Hillingdon,E01002449,2146,0.37655264010465567,5699.070386025072
E01002450,Hillingdon 014A,Hillingdon,E01002450,1500,0.21569957606628515,6954.11658824515
E01002451,Hillingdon 014B,Hillingdon,E01002451,1504,0.21036114086869623,7149.6094468263545
E01002452,Hillingdon 014C,Hillingdon,E01002452,1538,0.33666740212111984,4568.306852133808
E01002453,Hillingdon 014D,Hillingdon,E01002453,1784,0.27385767831436214,6514.332594144541
E01002454,Hillingdon 014E,Hillingdon,E01002454,1920,1.6509983449243295,1162.9327224358906
E01002455,Hillingdon 019D,Hillingdon,E01002455,1982,0.3577657554070113,5539.937710766037
E01002456,Hillingdon 017C,Hillingdon,E01002456,1736,0.3136795079913391,5534.311154453648
E01002457,Hillingdon 019E,Hillingdon,E01002457,1608,0.22608103712630714,7112.493911206013
E01002458,Hillingdon 011A,Hillingdon,E01002458,1437,0.9818541434890543,1463.5575044716604
E01002459,Hillingdon 011B,Hillingdon,E01002459,1669,0.5058851268291783,3299.1679562929107
E01002460,Hillingdon 011C,Hillingdon,E01002460,1422,0.3793588028277875,3748.4302180422224
E01002461,Hillingdon 013A,Hillingdon,E01002461,1512,2.5229822036640908,599.290790796758
E01002462,Hillingdon 011D,Hillingdon,E01002462,1498,0.417521639983439,3587.8379862165184
E01002463,Hillingdon 013B,Hillingdon,E01002463,1489,0.6161349731922865,2416.6782682133276
E01002464,Hillingdon 011E,Hillingdon,E01002464,1617,0.7875084132420249,2053.3113968181156
E01002465,Hillingdon 009A,Hillingdon,E01002465,1714,0.2997272212663555,5718.532980615856
E01002466,Hillingdon 010B,Hillingdon,E01002466,1724,0.2309340047947398,7465.336261467151
E01002467,Hillingdon 009B,Hillingdon,E01002467,1604,0.36700514442556614,4370.510943410805
E01002468,Hillingdon 010C,Hillingdon,E01002468,1714,0.19757621970990222,8675.13308290156
E01002469,Hillingdon 010D,Hillingdon,E01002469,1656,0.23351537100533928,7091.61025619224
E01002470,Hillingdon 007D,Hillingdon,E01002470,1834,0.38229268993735377,4797.3713551795545
E01002471,Hillingdon 008E,Hillingdon,E01002471,1632,0.26673746611538707,6118.375583930975
E01002472,Hillingdon 002A,Hillingdon,E01002472,1673,0.5328535381812647,3139.699523644494
E01002473,Hillingdon 001A,Hillingdon,E01002473,1682,3.886820442217064,432.744456556521
E01002474,Hillingdon 002B,Hillingdon,E01002474,1741,0.9255576402898613,1881.028176110958
E01002475,Hillingdon 001B,Hillingdon,E01002475,1633,0.7508200986969312,2174.9550962129492
E01002476,Hillingdon 001C,Hillingdon,E01002476,1630,0.6272591364589131,2598.6070273952378
E01002477,Hillingdon 001D,Hillingdon,E01002477,1354,0.31507017564039624,4297.455312131418
E01002478,Hillingdon 002C,Hillingdon,E01002478,1599,0.3677369603800163,4348.21672085288
E01002479,Hillingdon 004C,Hillingdon,E01002479,1843,0.7813685801176671,2358.6819932309804
E01002480,Hillingdon 004D,Hillingdon,E01002480,1859,0.6369055106537554,2918.800306958906
E01002481,Hillingdon 004E,Hillingdon,E01002481,1642,0.368518723315102,4455.675915809596
E01002482,Hillingdon 001E,Hillingdon,E01002482,1661,0.6350512083070406,2615.5371067287597
E01002483,Hillingdon 002D,Hillingdon,E01002483,1945,0.3604146028273731,5396.562694024892
E01002484,Hillingdon 002E,Hillingdon,E01002484,1428,0.2350562930068125,6075.140476918068
E01002485,Hillingdon 002F,Hillingdon,E01002485,2031,0.30071745847104014,6753.847981844361
E01002486,Hillingdon 028A,Hillingdon,E01002486,2245,1.0249972910439022,2190.249691014884
E01002487,Hillingdon 028B,Hillingdon,E01002487,1922,0.19347644694049004,9934.025719374376
E01002488,Hillingdon 030B,Hillingdon,E01002488,1767,0.29996714893822807,5890.645046480995
E01002489,Hillingdon 030C,Hillingdon,E01002489,1934,0.2744970781570616,7045.612335783789
E01002490,Hillingdon 030D,Hillingdon,E01002490,2138,0.33776593371513,6329.827216391745
E01002491,Hillingdon 032D,Hillingdon,E01002491,1722,0.18893500126207477,9114.245579152304
E01002492,Hillingdon 030E,Hillingdon,E01002492,1702,0.2595791627138155,6556.7666611069435
E01002493,Hillingdon 032E,Hillingdon,E01002493,2000,0.1754825980278448,11397.141497088212
E01002494,Hillingdon 009C,Hillingdon,E01002494,1800,2.6574380847558134,677.3440970555663
E01002495,Hillingdon 010E,Hillingdon,E01002495,1880,0.45070348170423535,4171.256882443412
E01002496,Hillingdon 033A,Hillingdon,E01002496,1960,0.5889268686896509,3328.087245129359
E01002497,Hillingdon 033B,Hillingdon,E01002497,2481,0.6760122534540853,3670.0518183262625
E01002498,Hillingdon 033C,Hillingdon,E01002498,1414,0.3958434942408997,3572.118831235553
E01002499,Hillingdon 033D,Hillingdon,E01002499,2056,2.284489104576694,899.9824056420562
E01002501,Hillingdon 026B,Hillingdon,E01002501,1742,0.22173553897333423,7856.205676661925
E01002502,Hillingdon 026C,Hillingdon,E01002502,2007,0.18878632202819523,10631.066797838535
E01002503,Hillingdon 027C,Hillingdon,E01002503,1931,0.19187795540893757,10063.688639398828
E01002505,Hillingdon 026D,Hillingdon,E01002505,1783,0.7023525375117593,2538.611174263961
E01002506,Hillingdon 027E,Hillingdon,E01002506,2076,0.28415199353351384,7305.949095004852
E01002507,Hillingdon 027F,Hillingdon,E01002507,1971,1.0975201714394713,1795.8667651774465
E01002508,Hillingdon 026E,Hillingdon,E01002508,2188,0.35523276934818027,6159.341673390043
E01002509,Hillingdon 017D,Hillingdon,E01002509,1492,0.45325684970471614,3291.7318314593485
E01002511,Hillingdon 017E,Hillingdon,E01002511,1625,0.24694578548598936,6580.3917114924625
E01002512,Hillingdon 013C,Hillingdon,E01002512,2057,1.1836371862847788,1737.8636155024394
E01002513,Hillingdon 013D,Hillingdon,E01002513,1438,0.5643314182488398,2548.1480447468534
E01002514,Hillingdon 015C,Hillingdon,E01002514,1960,0.28634402413909127,6844.913232929674
E01002516,Hillingdon 013E,Hillingdon,E01002516,1467,0.5848481871308512,2508.343245786244
E01002518,Hillingdon 022C,Hillingdon,E01002518,1319,0.22415874839857855,5884.222719046749
E01002519,Hillingdon 022D,Hillingdon,E01002519,1981,0.6365005490359504,3112.3303868322514
E01002520,Hillingdon 016B,Hillingdon,E01002520,2036,0.5143304956261419,3958.54419933119
E01002521,Hillingdon 016C,Hillingdon,E01002521,2056,0.5405967122716583,3803.204779696899
E01002523,Hillingdon 016D,Hillingdon,E01002523,1557,0.1681434560773392,9259.950023174515
E01002525,Hillingdon 029B,Hillingdon,E01002525,1802,0.5071651799420722,3553.083041319639
E01002526,Hillingdon 028C,Hillingdon,E01002526,2963,0.29746795818869354,9960.736672419936
E01002527,Hillingdon 031D,Hillingdon,E01002527,1603,0.8728372804132664,1836.5393366802803
E01002528,Hillingdon 028D,Hillingdon,E01002528,1888,0.3473654335807484,5435.198259475396
E01002529,Hillingdon 029C,Hillingdon,E01002529,2534,0.2562777479293354,9887.709801081564
E01002530,Hillingdon 029D,Hillingdon,E01002530,1788,0.2675700189316608,6682.36302086097
E01002531,Hillingdon 029E,Hillingdon,E01002531,1682,0.34549933706056146,4868.316142977628
E01002533,Hillingdon 005A,Hillingdon,E01002533,1457,1.337664703285075,1089.211665989136
E01002534,Hillingdon 005B,Hillingdon,E01002534,1523,0.4042427217225425,3767.538456871295
E01002535,Hillingdon 007E,Hillingdon,E01002535,2188,0.4118473923912408,5312.647452485205
E01002536,Hillingdon 009D,Hillingdon,E01002536,1330,0.3940822784902369,3374.9297357276364
E01002537,Hillingdon 009E,Hillingdon,E01002537,2483,0.44837182589129926,5537.81450264889
E01002538,Hillingdon 005C,Hillingdon,E01002538,1688,1.030011442711579,1638.8167451384995
E01002539,Hillingdon 005D,Hillingdon,E01002539,1709,0.3720849422537798,4593.037250172784
E01002540,Hillingdon 020C,Hillingdon,E01002540,1825,0.22881803566842354,7975.769893613533
E01002541,Hillingdon 023A,Hillingdon,E01002541,2005,0.382601505323646,5240.439392165885
E01002542,Hillingdon 020D,Hillingdon,E01002542,2120,0.17982250333537464,11789.403220831227
E01002543,Hillingdon 020E,Hillingdon,E01002543,1923,0.2645797823131158,7268.129042922236
E01002544,Hillingdon 023B,Hillingdon,E01002544,1694,0.6146447459800518,2756.0635815716846
E01002545,Hillingdon 023C,Hillingdon,E01002545,1494,0.2893783768935158,5162.790724165806
E01002546,Hillingdon 023D,Hillingdon,E01002546,1736,0.18967641441620894,9152.429443286908
E01002547,Hillingdon 023E,Hillingdon,E01002547,1716,0.18033752488213703,9515.490473330628
E01002548,Hillingdon 025A,Hillingdon,E01002548,2120,1.153870656666643,1837.2943169595437
E01002549,Hillingdon 025B,Hillingdon,E01002549,1870,0.5992663500887971,3120.4822358587467
E01002550,Hillingdon 022E,Hillingdon,E01002550,1845,0.24343611116618946,7578.990607274578
E01002551,Hillingdon 025C,Hillingdon,E01002551,2136,0.3190022335052676,6695.877883139427
E01002552,Hillingdon 025D,Hillingdon,E01002552,1747,0.26300006687924493,6642.583862163524
E01002553,Hillingdon 025E,Hillingdon,E01002553,1759,0.18797567610932012,9357.593686626917
E01002555,Hounslow 022A,Hounslow,E01002555,2068,0.7092318722076503,2915.83060637541
E01002556,Hounslow 022B,Hounslow,E01002556,1855,0.19989811900665808,9279.727139094364
E01002557,Hounslow 023A,Hounslow,E01002557,2077,0.3342652203475828,6213.628800029657
E01002558,Hounslow 023B,Hounslow,E01002558,2198,0.23605869067768295,9311.243715238481
E01002559,Hounslow 023C,Hounslow,E01002559,2576,2.380585909175051,1082.0865527565295
E01002560,Hounslow 023D,Hounslow,E01002560,2011,0.34193694506703126,5881.201282902542
E01002561,Hounslow 023E,Hounslow,E01002561,1714,0.24048977131901267,7127.122249729106
E01002562,Hounslow 003A,Hounslow,E01002562,1484,0.9565772559955102,1551.3645037018998
E01002563,Hounslow 006A,Hounslow,E01002563,1910,0.5044668856242704,3786.1751770612314
E01002564,Hounslow 003B,Hounslow,E01002564,1895,0.24087511737455058,7867.147178400148
E01002565,Hounslow 006B,Hounslow,E01002565,2506,0.45311318854002386,5530.626923649217
E01002567,Hounslow 006C,Hounslow,E01002567,1826,0.218389663816166,8361.201570130503
E01002569,Hounslow 001A,Hounslow,E01002569,2120,0.20500088852721882,10341.418592039512
E01002570,Hounslow 001B,Hounslow,E01002570,1620,0.14702770781801758,11018.331333881248
E01002571,Hounslow 007A,Hounslow,E01002571,1283,0.1994020033094385,6434.238265946601
E01002572,Hounslow 007B,Hounslow,E01002572,1545,0.9046777468515101,1707.7904318714159
E01002573,Hounslow 001C,Hounslow,E01002573,1548,0.18088300954078493,8558.017715041178
E01002574,Hounslow 001D,Hounslow,E01002574,1733,0.16166077242213298,10719.978471182505
E01002575,Hounslow 001E,Hounslow,E01002575,1619,0.22714918289532632,7127.474461336975
E01002576,Hounslow 008A,Hounslow,E01002576,1682,0.18357737546644212,9162.349095177411
E01002577,Hounslow 007C,Hounslow,E01002577,1662,0.353470216584218,4701.952023174238
E01002578,Hounslow 007D,Hounslow,E01002578,1548,0.5010584023325608,3089.4602162016367
E01002579,Hounslow 008B,Hounslow,E01002579,1726,0.4063622229286993,4247.442066736715
E01002580,Hounslow 008C,Hounslow,E01002580,1451,0.11486910321587201,12631.769199705115
E01002581,Hounslow 008D,Hounslow,E01002581,1881,0.18391802404601296,10227.382605684194
E01002582,Hounslow 008E,Hounslow,E01002582,1662,0.17459412761010654,9519.2205072984
E01002583,Hounslow 013A,Hounslow,E01002583,1809,0.40580474102020053,4457.808934050748
E01002584,Hounslow 013B,Hounslow,E01002584,2125,0.33121727917402216,6415.728084293335
E01002585,Hounslow 013C,Hounslow,E01002585,1831,0.2043986497553637,8957.984811501681
E01002586,Hounslow 013D,Hounslow,E01002586,1837,0.42110050106594776,4362.379040988865
E01002587,Hounslow 016A,Hounslow,E01002587,2386,0.23018338671604752,10365.648164449642
E01002588,Hounslow 016B,Hounslow,E01002588,2026,0.13812698609026977,14667.662397816697
E01002589,Hounslow 013E,Hounslow,E01002589,2507,0.9860259118390834,2542.52953182952
E01002590,Hounslow 022C,Hounslow,E01002590,2666,0.35591573325511844,7490.537087578047
E01002591,Hounslow 024A,Hounslow,E01002591,1906,0.3258242484392711,5849.77947200038
E01002592,Hounslow 022D,Hounslow,E01002592,2151,1.72626738404321,1246.04103621653
E01002593,Hounslow 024B,Hounslow,E01002593,2263,0.4438392434713273,5098.692901287341
E01002594,Hounslow 024C,Hounslow,E01002594,2311,0.27089426629518226,8531.003744028303
E01002595,Hounslow 022E,Hounslow,E01002595,2259,0.27049619926210466,8351.318821345361
E01002596,Hounslow 027A,Hounslow,E01002596,2143,0.4595713784960365,4663.0406075614255
E01002598,Hounslow 025B,Hounslow,E01002598,1927,0.2231353636338229,8636.013443222342
E01002599,Hounslow 025C,Hounslow,E01002599,1579,0.18223130954900948,8664.811792812925
E01002600,Hounslow 025D,Hounslow,E01002600,1655,0.15914215727809014,10399.507134416932
E01002601,Hounslow 027B,Hounslow,E01002601,1875,1.5619226329353046,1200.4435818157858
E01002602,Hounslow 027C,Hounslow,E01002602,1494,0.21136948019179805,7068.191673861026
E01002603,Hounslow 025E,Hounslow,E01002603,1947,0.22214841790086465,8764.410831270754
E01002604,Hounslow 026A,Hounslow,E01002604,1638,0.2990876805690023,5476.654862158718
E01002605,Hounslow 026B,Hounslow,E01002605,2354,0.3272248536503709,7193.830094932741
E01002606,Hounslow 026C,Hounslow,E01002606,1689,0.20519954709054886,8231.012319216725
E01002607,Hounslow 026D,Hounslow,E01002607,2447,0.34567697012077675,7078.863249539123
E01002608,Hounslow 028A,Hounslow,E01002608,1898,0.3508782585077055,5409.28357337455
E01002609,Hounslow 028B,Hounslow,E01002609,1821,0.2136858554623415,8521.855581222222
E01002610,Hounslow 028C,Hounslow,E01002610,1762,1.5150695074690985,1162.9829465338494
E01002611,Hounslow 024D,Hounslow,E01002611,2025,0.8672527024383386,2334.9595732669127
E01002612,Hounslow 024E,Hounslow,E01002612,2104,0.3284704237546484,6405.447333582723
E01002613,Hounslow 024F,Hounslow,E01002613,1926,0.22107646303701728,8711.917919898639
E01002614,Hounslow 027D,Hounslow,E01002614,2122,0.5964023576498673,3558.000689939882
E01002615,Hounslow 026E,Hounslow,E01002615,1624,0.9501649062400693,1709.1769958400032
E01002616,Hounslow 027E,Hounslow,E01002616,1624,0.2292319923683298,7084.525956527734
E01002617,Hounslow 028D,Hounslow,E01002617,1634,0.4548202904342902,3592.627757305544
E01002618,Hounslow 011A,Hounslow,E01002618,2060,0.2333456318900717,8828.10611586875
E01002619,Hounslow 010A,Hounslow,E01002619,2091,0.23580914980748913,8867.340396702415
E01002620,Hounslow 004A,Hounslow,E01002620,2753,0.3058023283643445,9002.547543457456
E01002621,Hounslow 011B,Hounslow,E01002621,2007,0.2799935960709755,7168.021083922384
E01002622,Hounslow 010B,Hounslow,E01002622,1920,0.20372857506025377,9424.30387800116
E01002623,Hounslow 011C,Hounslow,E01002623,1925,0.20108620241364492,9573.008873279996
E01002624,Hounslow 017A,Hounslow,E01002624,1776,0.22187315894854,8004.573461776488
E01002625,Hounslow 004B,Hounslow,E01002625,1712,0.19501115870441726,8778.98480976115
E01002626,Hounslow 004C,Hounslow,E01002626,1623,0.35411759673590815,4583.223242674359
E01002627,Hounslow 004D,Hounslow,E01002627,1791,0.12298008812316782,14563.333197535734
E01002628,Hounslow 011D,Hounslow,E01002628,2169,0.3504797147845694,6188.660594332048
E01002629,Hounslow 011E,Hounslow,E01002629,2680,0.5361475625137889,4998.623862868116
E01002630,Hounslow 012A,Hounslow,E01002630,2070,0.23801133445509584,8697.06480466179
E01002631,Hounslow 004E,Hounslow,E01002631,1837,0.2069669523858174,8875.81316158899
E01002632,Hounslow 010C,Hounslow,E01002632,1918,0.36782380947435755,5214.453090301407
E01002633,Hounslow 005A,Hounslow,E01002633,2229,0.9809452024050929,2272.2981819319893
E01002634,Hounslow 005B,Hounslow,E01002634,1767,0.2412023603439437,7325.798957689873
E01002635,Hounslow 010D,Hounslow,E01002635,2001,0.5376505835235901,3721.7480298934775
E01002636,Hounslow 010E,Hounslow,E01002636,2122,0.2064904632158036,10276.503655194445
E01002637,Hounslow 005C,Hounslow,E01002637,1909,0.6936500783683388,2752.1081010911266
E01002638,Hounslow 005D,Hounslow,E01002638,2212,0.8030851801696437,2754.377810250137
E01002639,Hounslow 012B,Hounslow,E01002639,1782,0.18713422262828416,9522.576763202167
E01002640,Hounslow 012C,Hounslow,E01002640,2255,0.2223655104611644,10140.96113791815
E01002641,Hounslow 018A,Hounslow,E01002641,2691,0.20356288481066862,13219.502182349532
E01002643,Hounslow 015B,Hounslow,E01002643,2733,0.3263122565642541,8375.41325837954
E01002645,Hounslow 015C,Hounslow,E01002645,2258,0.26374757285741407,8561.216224805636
E01002646,Hounslow 017B,Hounslow,E01002646,2324,0.14182876851579815,16385.95627896982
E01002647,Hounslow 021A,Hounslow,E01002647,2216,0.17748084841869047,12485.854218886152
E01002649,Hounslow 018D,Hounslow,E01002649,2053,0.2037200968592495,10077.552640368223
E01002650,Hounslow 021B,Hounslow,E01002650,2525,1.7049140232045938,1481.0130983930524
E01002651,Hounslow 021C,Hounslow,E01002651,1909,0.1333728934937756,14313.25324054015
E01002652,Hounslow 021D,Hounslow,E01002652,1918,0.19268074125216833,9954.290125393713
E01002653,Hounslow 019A,Hounslow,E01002653,1899,0.21640364253341615,8775.268187580365
E01002654,Hounslow 019B,Hounslow,E01002654,1912,0.418373380270707,4570.080435717127
E01002655,Hounslow 019C,Hounslow,E01002655,1868,0.2561965172886722,7291.277882186083
E01002656,Hounslow 019D,Hounslow,E01002656,1418,0.21071552451785014,6729.451962519631
E01002657,Hounslow 018E,Hounslow,E01002657,1931,0.23348738592546353,8270.254053966048
E01002658,Hounslow 015D,Hounslow,E01002658,1348,0.1760876921976215,7655.276658899889
E01002659,Hounslow 019E,Hounslow,E01002659,1459,0.28370348134940465,5142.6933256526345
E01002660,Hounslow 016C,Hounslow,E01002660,2088,0.2670255367043601,7819.4768401935635
E01002661,Hounslow 016D,Hounslow,E01002661,2375,0.27498393718638714,8636.868117828275
E01002662,Hounslow 017C,Hounslow,E01002662,2508,0.24998583075420766,10032.56861572258
E01002663,Hounslow 017D,Hounslow,E01002663,2160,0.17474676403796535,12360.74391357954
E01002665,Hounslow 016E,Hounslow,E01002665,1743,0.13697658116611416,12724.80292004244
E01002666,Hounslow 021E,Hounslow,E01002666,1862,0.2617009629338936,7114.991015414591
E01002667,Hounslow 020A,Hounslow,E01002667,2193,0.31319899951412217,7001.93807579873
E01002668,Hounslow 014A,Hounslow,E01002668,2284,0.33848111851419255,6747.791457396262
E01002669,Hounslow 014B,Hounslow,E01002669,1910,0.3094015504367569,6173.207591570918
E01002670,Hounslow 020B,Hounslow,E01002670,1950,0.4429837072411342,4401.967765687001
E01002671,Hounslow 020C,Hounslow,E01002671,1847,0.24654391207037032,7491.566043913573
E01002672,Hounslow 020D,Hounslow,E01002672,1589,0.2624192723429604,6055.195511415441
E01002673,Hounslow 020E,Hounslow,E01002673,1658,0.05455692866578051,30390.27380293018
E01002674,Hounslow 012D,Hounslow,E01002674,2088,0.2854877698286666,7313.798420342483
E01002675,Hounslow 009A,Hounslow,E01002675,2572,0.30455782890797445,8445.029993883883
E01002676,Hounslow 012E,Hounslow,E01002676,1649,0.9566817333785599,1723.6662334677285
E01002677,Hounslow 015E,Hounslow,E01002677,2074,0.22894359048776555,9059.000060151637
E01002678,Hounslow 009B,Hounslow,E01002678,2052,3.686407426915784,556.6395035496107
E01002679,Hounslow 009C,Hounslow,E01002679,1856,0.46371793183389093,4002.433101217316
E01002680,Hounslow 009D,Hounslow,E01002680,2078,0.4079603024795131,5093.6328543985055
E01002681,Hounslow 014C,Hounslow,E01002681,2435,0.31080057058502897,7834.605951387182
E01002682,Hounslow 014D,Hounslow,E01002682,2337,0.43465978667116406,5376.6188445862035
E01002686,Hounslow 006E,Hounslow,E01002686,1775,0.9779512218840075,1815.0189501072362
E01002687,Hounslow 029A,Hounslow,E01002687,1673,0.17877836311255768,9357.955688109138
E01002689,Hounslow 007E,Hounslow,E01002689,1559,0.13839401692747227,11264.93785361415
E01002690,Hounslow 007F,Hounslow,E01002690,1379,0.18379463497036166,7502.939355234034
E01002691,Hounslow 029B,Hounslow,E01002691,1629,0.5064441877248073,3216.5439736178187
E01002692,Hounslow 029C,Hounslow,E01002692,2105,0.3342015812063642,6298.593778047375
E01002693,Hounslow 029D,Hounslow,E01002693,1790,0.2067530796424404,8657.670314249408
E01002694,Islington 019A,Islington,E01002694,1665,0.07313728974979981,22765.404702524644
E01002695,Islington 021A,Islington,E01002695,1476,0.1179691715944563,12511.743365241715
E01002696,Islington 020A,Islington,E01002696,1747,0.14778885924340107,11820.91809182163
E01002697,Islington 019B,Islington,E01002697,1966,0.11001032691646634,17871.04951967677
E01002698,Islington 017A,Islington,E01002698,2040,0.10893276771846772,18727.147420620917
E01002699,Islington 017B,Islington,E01002699,1485,0.09114625794368122,16292.495528643352
E01002700,Islington 017C,Islington,E01002700,1376,0.18028902176021924,7632.18961734704
E01002701,Islington 023A,Islington,E01002701,1470,0.08312763927722645,17683.64905801817
E01002702,Islington 023B,Islington,E01002702,2468,0.11640074823292824,21202.612847997443
E01002703,Islington 023C,Islington,E01002703,2341,0.0858781883344957,27259.541047626677
E01002704,Islington 023D,Islington,E01002704,2356,0.33302463103892255,7074.55179110953
E01002706,Islington 023E,Islington,E01002706,2038,0.1375272891975195,14818.87712534625
E01002707,Islington 022B,Islington,E01002707,1821,0.11818903205335399,15407.521056420424
E01002708,Islington 015A,Islington,E01002708,2115,0.33566785982362474,6300.871346787023
E01002709,Islington 019C,Islington,E01002709,1687,0.08131568313611122,20746.305447329207
E01002710,Islington 019D,Islington,E01002710,1599,0.1415221239368046,11298.586789963798
E01002711,Islington 021B,Islington,E01002711,2029,0.15101424594208054,13435.81850402508
E01002712,Islington 015B,Islington,E01002712,1378,0.11686756179379017,11791.124747100019
E01002713,Islington 015C,Islington,E01002713,2812,0.1392874075331656,20188.47252455637
E01002714,Islington 017D,Islington,E01002714,1539,0.11341946333072545,13569.099648376518
E01002715,Islington 019E,Islington,E01002715,1685,0.05771805824059625,29193.636296219818
E01002716,Islington 014A,Islington,E01002716,2260,0.13010070950891248,17371.15814764392
E01002717,Islington 016A,Islington,E01002717,1207,0.12235898995163617,9864.416177978266
E01002718,Islington 014B,Islington,E01002718,1577,0.09961965449471887,15830.20949027284
E01002719,Islington 016B,Islington,E01002719,1491,0.14897603443935403,10008.321174685076
E01002720,Islington 016C,Islington,E01002720,2123,0.10065941318935329,21090.923667579547
E01002721,Islington 014C,Islington,E01002721,1635,0.12123521001679508,13486.181116636813
E01002722,Islington 018A,Islington,E01002722,1444,0.0852414227716957,16940.120812712175
E01002723,Islington 022C,Islington,E01002723,1640,0.10337885735008329,15863.978786748301
E01002724,Islington 022D,Islington,E01002724,1923,0.2615700790443899,7351.758301352412
E01002725,Islington 022E,Islington,E01002725,1362,0.06324852773231691,21534.098086271886
E01002726,Islington 022F,Islington,E01002726,1709,0.16571002904939983,10313.19594718392
E01002727,Islington 021C,Islington,E01002727,1514,0.11464327630548228,13206.182244528194
E01002728,Islington 021D,Islington,E01002728,1317,0.09134258459375415,14418.247587993632
E01002729,Islington 021E,Islington,E01002729,1497,0.132605147355383,11289.154530238757
E01002730,Islington 007A,Islington,E01002730,1753,0.13910371970988805,12602.107288403371
E01002732,Islington 005A,Islington,E01002732,1807,0.13328494427586154,13557.420230900418
E01002733,Islington 007C,Islington,E01002733,1440,0.08916051776875873,16150.646452443176
E01002734,Islington 005B,Islington,E01002734,2366,0.11835145637106692,19991.304480292056
E01002735,Islington 003A,Islington,E01002735,2958,0.10721062374955263,27590.549299572966
E01002736,Islington 005C,Islington,E01002736,1477,0.07499750394609228,19693.98876343482
E01002737,Islington 005D,Islington,E01002737,1947,0.07544162471069175,25808.033793896633
E01002738,Islington 009A,Islington,E01002738,1873,0.25660615932546194,7299.123313811081
E01002739,Islington 013A,Islington,E01002739,1839,0.11989057403413511,15338.987362562815
E01002740,Islington 013B,Islington,E01002740,2260,0.21788847110198667,10372.278939633139
E01002741,Islington 009B,Islington,E01002741,1533,0.1060752239143832,14452.008145062551
E01002742,Islington 006A,Islington,E01002742,2000,0.10822899119904633,18479.33698579668
E01002743,Islington 009C,Islington,E01002743,1525,0.09576345771307855,15924.654731757128
E01002744,Islington 009D,Islington,E01002744,1313,0.09770199287170091,13438.82516013966
E01002745,Islington 013C,Islington,E01002745,1412,0.10978292365613988,12861.745278552075
E01002747,Islington 006B,Islington,E01002747,1556,0.10415007792879533,14939.979219831179
E01002748,Islington 006C,Islington,E01002748,1654,0.1445695547642729,11440.859748768824
E01002749,Islington 006D,Islington,E01002749,1524,0.08342253834222706,18268.44435910166
E01002751,Islington 005E,Islington,E01002751,1837,0.07603756409614625,24159.11164220348
E01002752,Islington 009E,Islington,E01002752,1621,0.08915514056081013,18181.789516605193
E01002753,Islington 002A,Islington,E01002753,1447,0.08148041828802169,17758.868086379487
E01002754,Islington 002B,Islington,E01002754,1549,0.12251847770544236,12642.990910514654
E01002755,Islington 001A,Islington,E01002755,1319,0.10064246751119113,13105.79949615535
E01002756,Islington 001B,Islington,E01002756,1314,0.11515573885976949,11410.63409440774
E01002757,Islington 002C,Islington,E01002757,1449,0.08820159018688671,16428.275237779428
E01002758,Islington 001C,Islington,E01002758,1736,0.11844337769673642,14656.792416414122
E01002759,Islington 002D,Islington,E01002759,1504,0.10799235924708414,13926.911223032743
E01002760,Islington 002E,Islington,E01002760,1736,0.09115330210377608,19044.83940717366
E01002762,Islington 011C,Islington,E01002762,1872,0.16301993074793192,11483.258466687505
E01002763,Islington 007D,Islington,E01002763,1302,0.09802757194643308,13281.97744927799
E01002764,Islington 010A,Islington,E01002764,1816,0.13032966891648323,13933.895597967903
E01002765,Islington 015D,Islington,E01002765,2857,0.17386638713465674,16432.158320442348
E01002766,Islington 015E,Islington,E01002766,2180,0.14065812331027913,15498.571633798332
E01002767,Islington 011D,Islington,E01002767,2151,0.11556088390557909,18613.564792023484
E01002768,Islington 004A,Islington,E01002768,1611,0.10413274978916481,15470.63727080822
E01002769,Islington 008A,Islington,E01002769,1858,0.2140976883594092,8678.28146224982
E01002770,Islington 004B,Islington,E01002770,1846,0.2114787242362813,8729.010479264562
E01002771,Islington 004C,Islington,E01002771,1544,0.12223377332997871,12631.533478328145
E01002772,Islington 002F,Islington,E01002772,1886,0.10598354097675523,17795.215961067443
E01002773,Islington 004D,Islington,E01002773,1645,0.09474169759753825,17362.99899319878
E01002774,Islington 004E,Islington,E01002774,2139,0.17730578639360103,12063.90408066906
E01002775,Islington 014D,Islington,E01002775,1408,0.11880357855241637,11851.494855256298
E01002776,Islington 014E,Islington,E01002776,1859,0.11310102460259022,16436.632705424894
E01002777,Islington 012A,Islington,E01002777,1678,0.11824238408482521,14191.188827825305
E01002778,Islington 012B,Islington,E01002778,1940,0.10178943579046777,19058.952286497242
E01002779,Islington 012C,Islington,E01002779,1753,0.11163042258458977,15703.604442343087
E01002780,Islington 014F,Islington,E01002780,1699,0.07934833082118287,21411.918592576545
E01002781,Islington 012D,Islington,E01002781,1740,0.0898571703632522,19364.06402478468
E01002782,Islington 012E,Islington,E01002782,1432,0.08887010224403652,16113.405564311613
E01002783,Islington 010B,Islington,E01002783,1701,0.09638885603542433,17647.268262784004
E01002784,Islington 010C,Islington,E01002784,1755,0.12840254637041568,13667.953242431624
E01002785,Islington 008B,Islington,E01002785,1861,0.14306362533650335,13008.198244820776
E01002786,Islington 010D,Islington,E01002786,1941,0.10819324639013268,17940.12163200069
E01002787,Islington 010E,Islington,E01002787,1472,0.11023176508740141,13353.682569020548
E01002788,Islington 008C,Islington,E01002788,1822,0.12529080060385295,14542.169027723252
E01002789,Islington 008D,Islington,E01002789,1849,0.13485329970107648,13711.195826120673
E01002790,Islington 016D,Islington,E01002790,1412,0.07811548229268656,18075.80211448296
E01002791,Islington 016E,Islington,E01002791,1861,0.14425201949707878,12901.03255738258
E01002792,Islington 017E,Islington,E01002792,1845,0.10581541940944195,17436.022181804725
E01002793,Islington 016F,Islington,E01002793,1845,0.10497615912373388,17575.419175179813
E01002794,Islington 020B,Islington,E01002794,2040,0.1828313384017133,11157.824571178018
E01002795,Islington 013D,Islington,E01002795,1935,0.17692519986214336,10936.825288357531
E01002796,Islington 013E,Islington,E01002796,1109,0.07732175228175864,14342.665126869219
E01002797,Islington 018B,Islington,E01002797,1824,0.10714482363518885,17023.687548457136
E01002798,Islington 018C,Islington,E01002798,1977,0.13935741733880969,14186.543047030369
E01002799,Islington 018D,Islington,E01002799,1908,0.08493355495806908,22464.61955986609
E01002800,Islington 018E,Islington,E01002800,1769,0.08597840637686541,20574.933573972274
E01002801,Islington 020C,Islington,E01002801,1460,0.10469019203462407,13945.910038231048
E01002802,Islington 020D,Islington,E01002802,1852,0.10870981299467919,17036.180534048442
E01002804,Islington 001D,Islington,E01002804,1539,0.10770707168133188,14288.75538045794
E01002805,Islington 003B,Islington,E01002805,1433,0.12837031941730104,11163.016548565729
E01002806,Islington 003C,Islington,E01002806,1646,0.11119382941357545,14802.979703827368
E01002807,Islington 001E,Islington,E01002807,1705,0.09098931692984065,18738.46356396629
E01002808,Islington 003D,Islington,E01002808,1913,0.13188144538449523,14505.452184139496
E01002809,Islington 003E,Islington,E01002809,1698,0.09051130688964353,18760.087091332105
E01002810,Islington 003F,Islington,E01002810,1748,0.08293647382601223,21076.37230474774
E01002811,Islington 001F,Islington,E01002811,1743,0.10256466633377136,16994.156587297202
E01002812,Kensington and Chelsea 013A,Kensington and Chelsea,E01002812,1500,0.09036473960880381,16599.39492432137
E01002813,Kensington and Chelsea 011A,Kensington and Chelsea,E01002813,1484,0.10969348600396585,13528.606429249114
E01002814,Kensington and Chelsea 015A,Kensington and Chelsea,E01002814,2231,0.14520897480010822,15364.064122559574
E01002815,Kensington and Chelsea 011B,Kensington and Chelsea,E01002815,1162,0.06432854326275365,18063.521122400423
E01002816,Kensington and Chelsea 011C,Kensington and Chelsea,E01002816,1056,0.05955396233624163,17731.817641919857
E01002817,Kensington and Chelsea 011D,Kensington and Chelsea,E01002817,1346,0.15803083567337117,8517.325079404149
E01002818,Kensington and Chelsea 012A,Kensington and Chelsea,E01002818,1385,0.1876783796768506,7379.645979386268
E01002819,Kensington and Chelsea 012B,Kensington and Chelsea,E01002819,1088,0.2166928679170743,5020.93128610197
E01002821,Kensington and Chelsea 014A,Kensington and Chelsea,E01002821,1080,0.189012064578759,5713.920973282514
E01002823,Kensington and Chelsea 014B,Kensington and Chelsea,E01002823,1224,0.08260895007572182,14816.796471545096
E01002824,Kensington and Chelsea 008A,Kensington and Chelsea,E01002824,1229,0.15084440810715422,8147.468079340167
E01002825,Kensington and Chelsea 008B,Kensington and Chelsea,E01002825,1785,0.19182193390978255,9305.505181902288
E01002826,Kensington and Chelsea 008C,Kensington and Chelsea,E01002826,1256,0.22242110457898154,5646.946149186107
E01002827,Kensington and Chelsea 008D,Kensington and Chelsea,E01002827,1715,0.25299447060216973,6778.80427946907
E01002828,Kensington and Chelsea 008E,Kensington and Chelsea,E01002828,1189,0.09713593741969025,12240.577808630691
E01002829,Kensington and Chelsea 004A,Kensington and Chelsea,E01002829,1391,0.056951876482080215,24424.12938645973
E01002830,Kensington and Chelsea 004B,Kensington and Chelsea,E01002830,1724,0.07504729765422992,22972.179597233368
E01002831,Kensington and Chelsea 004C,Kensington and Chelsea,E01002831,1718,0.1118443214441206,15360.636801380597
E01002832,Kensington and Chelsea 004D,Kensington and Chelsea,E01002832,1632,0.07619270051982091,21419.374675864765
E01002833,Kensington and Chelsea 007A,Kensington and Chelsea,E01002833,1210,0.0725584058483185,16676.220843791332
E01002834,Kensington and Chelsea 013B,Kensington and Chelsea,E01002834,1243,0.06111415080773205,20338.988328751155
E01002835,Kensington and Chelsea 016C,Kensington and Chelsea,E01002835,1411,0.1496950060251262,9425.832146752877
E01002836,Kensington and Chelsea 016D,Kensington and Chelsea,E01002836,1310,0.07376324332951772,17759.522776783586
E01002837,Kensington and Chelsea 016E,Kensington and Chelsea,E01002837,1045,0.06357812929486895,16436.46976703884
E01002839,Kensington and Chelsea 013C,Kensington and Chelsea,E01002839,1537,0.06381888004811165,24083.782085196253
E01002840,Kensington and Chelsea 021A,Kensington and Chelsea,E01002840,1047,0.09029331116203348,11595.543307976974
E01002841,Kensington and Chelsea 021B,Kensington and Chelsea,E01002841,1218,0.11302392691559102,10776.479222046777
E01002842,Kensington and Chelsea 021C,Kensington and Chelsea,E01002842,1015,0.016901713577983427,60053.082506507686
E01002843,Kensington and Chelsea 021D,Kensington and Chelsea,E01002843,1295,0.06762962784184498,19148.412335321696
E01002844,Kensington and Chelsea 019A,Kensington and Chelsea,E01002844,1147,0.12347462831404585,9289.35778678933
E01002845,Kensington and Chelsea 019B,Kensington and Chelsea,E01002845,1169,0.07080352386773368,16510.477673170335
E01002846,Kensington and Chelsea 017A,Kensington and Chelsea,E01002846,1289,0.10339758439119451,12466.442108774962
E01002847,Kensington and Chelsea 015B,Kensington and Chelsea,E01002847,1393,0.07197419060737817,19354.15998769428
E01002848,Kensington and Chelsea 015C,Kensington and Chelsea,E01002848,1252,0.08140652977818887,15379.601653717053
E01002849,Kensington and Chelsea 017B,Kensington and Chelsea,E01002849,1541,0.06482810868792452,23770.553100942783
E01002850,Kensington and Chelsea 013D,Kensington and Chelsea,E01002850,1405,0.07574720759736839,18548.538547694432
E01002851,Kensington and Chelsea 015D,Kensington and Chelsea,E01002851,1335,0.05928543688255486,22518.177653723807
E01002852,Kensington and Chelsea 001A,Kensington and Chelsea,E01002852,2216,0.5133739142233129,4316.541878355082
E01002853,Kensington and Chelsea 001B,Kensington and Chelsea,E01002853,1428,0.06375831622633606,22397.078287493252
E01002854,Kensington and Chelsea 001C,Kensington and Chelsea,E01002854,1103,0.13134142984445682,8397.959435238716
E01002855,Kensington and Chelsea 001D,Kensington and Chelsea,E01002855,1592,0.10563572430384478,15070.659196891185
E01002856,Kensington and Chelsea 004E,Kensington and Chelsea,E01002856,1433,0.0761549956503041,18816.887687581107
E01002857,Kensington and Chelsea 001E,Kensington and Chelsea,E01002857,1376,0.06075997012636861,22646.489080527765
E01002858,Kensington and Chelsea 014C,Kensington and Chelsea,E01002858,1323,0.057552465043609294,22987.720838673406
E01002859,Kensington and Chelsea 012C,Kensington and Chelsea,E01002859,1249,0.12847458508183723,9721.767143317858
E01002860,Kensington and Chelsea 012D,Kensington and Chelsea,E01002860,1144,0.10805996502021332,10586.714513427867
E01002861,Kensington and Chelsea 014D,Kensington and Chelsea,E01002861,1256,0.08722655364268164,14399.28493730394
E01002862,Kensington and Chelsea 014E,Kensington and Chelsea,E01002862,1089,0.04387474039553478,24820.659682144345
E01002863,Kensington and Chelsea 012E,Kensington and Chelsea,E01002863,1117,0.12534070356409277,8911.709989156267
E01002864,Kensington and Chelsea 009A,Kensington and Chelsea,E01002864,1480,0.29822632550560957,4962.673893697428
E01002865,Kensington and Chelsea 011E,Kensington and Chelsea,E01002865,1449,0.13049615921424718,11103.775074491254
E01002866,Kensington and Chelsea 009B,Kensington and Chelsea,E01002866,1833,0.15577381541088578,11767.061076119127
E01002867,Kensington and Chelsea 009C,Kensington and Chelsea,E01002867,1680,0.10457929027381951,16064.366048012595
E01002868,Kensington and Chelsea 009D,Kensington and Chelsea,E01002868,1355,0.24802510212373416,5463.15670630798
E01002869,Kensington and Chelsea 009E,Kensington and Chelsea,E01002869,1740,0.10138752398003029,17161.874870745614
E01002870,Kensington and Chelsea 005A,Kensington and Chelsea,E01002870,1593,0.12726458664638943,12517.229199244755
E01002871,Kensington and Chelsea 007B,Kensington and Chelsea,E01002871,1463,0.1305009354149967,11210.647612200008
E01002872,Kensington and Chelsea 005B,Kensington and Chelsea,E01002872,1349,0.09720289098895121,13878.188048474167
E01002873,Kensington and Chelsea 007C,Kensington and Chelsea,E01002873,1361,0.12973506843831412,10490.60995136502
E01002874,Kensington and Chelsea 007D,Kensington and Chelsea,E01002874,1134,0.0826322525025391,13723.455014918718
E01002875,Kensington and Chelsea 007E,Kensington and Chelsea,E01002875,1260,0.15897363984558135,7925.842304572619
E01002876,Kensington and Chelsea 003A,Kensington and Chelsea,E01002876,1831,0.12756130126746648,14353.883049223663
E01002877,Kensington and Chelsea 003B,Kensington and Chelsea,E01002877,2186,0.16822790522444134,12994.277002281799
E01002878,Kensington and Chelsea 003C,Kensington and Chelsea,E01002878,1447,0.12068961780200077,11989.432283843158
E01002879,Kensington and Chelsea 005C,Kensington and Chelsea,E01002879,1946,0.08497108121782741,22901.9093568003
E01002880,Kensington and Chelsea 005D,Kensington and Chelsea,E01002880,1144,0.06448795152333911,17739.747859504732
E01002881,Kensington and Chelsea 005E,Kensington and Chelsea,E01002881,1361,0.058663194712464534,23200.2366504397
E01002882,Kensington and Chelsea 006A,Kensington and Chelsea,E01002882,1046,0.11819977161697148,8849.424882051228
E01002883,Kensington and Chelsea 006B,Kensington and Chelsea,E01002883,1479,0.11523309255472892,12834.854703717703
E01002884,Kensington and Chelsea 006C,Kensington and Chelsea,E01002884,1384,0.07691248712824131,17994.477251689503
E01002885,Kensington and Chelsea 006D,Kensington and Chelsea,E01002885,1317,0.05300229213224193,24847.981983761285
E01002886,Kensington and Chelsea 006E,Kensington and Chelsea,E01002886,1319,0.12324121348393065,10702.588547393552
E01002887,Kensington and Chelsea 010A,Kensington and Chelsea,E01002887,1044,0.07378153691454668,14149.881442686052
E01002888,Kensington and Chelsea 013E,Kensington and Chelsea,E01002888,1562,0.08329556168882053,18752.499753052783
E01002889,Kensington and Chelsea 010B,Kensington and Chelsea,E01002889,1558,0.11576528339726797,13458.266194135784
E01002890,Kensington and Chelsea 010C,Kensington and Chelsea,E01002890,1398,0.15696647551488813,8906.360389466736
E01002891,Kensington and Chelsea 010D,Kensington and Chelsea,E01002891,1183,0.09906058633504719,11942.18653217743
E01002892,Kensington and Chelsea 010E,Kensington and Chelsea,E01002892,1290,0.07528270002849854,17135.410917935536
E01002893,Kensington and Chelsea 017C,Kensington and Chelsea,E01002893,1576,0.10120183990756013,15572.839401334515
E01002894,Kensington and Chelsea 017D,Kensington and Chelsea,E01002894,1319,0.0986704145497762,13367.735465777383
E01002896,Kensington and Chelsea 020C,Kensington and Chelsea,E01002896,1586,0.11538710169283518,13745.037155209877
E01002897,Kensington and Chelsea 020D,Kensington and Chelsea,E01002897,1492,0.14293361849517883,10438.41201046992
E01002898,Kensington and Chelsea 017E,Kensington and Chelsea,E01002898,1667,0.12855214092289252,12967.500875772199
E01002899,Kensington and Chelsea 018A,Kensington and Chelsea,E01002899,1250,0.07109060826908165,17583.19460805125
E01002900,Kensington and Chelsea 018B,Kensington and Chelsea,E01002900,1690,0.13100332362326272,12900.436059623
E01002901,Kensington and Chelsea 018C,Kensington and Chelsea,E01002901,1041,0.324982980413822,3203.244670457594
E01002902,Kensington and Chelsea 018D,Kensington and Chelsea,E01002902,1226,0.1388546523791541,8829.376466640137
E01002903,Kensington and Chelsea 018E,Kensington and Chelsea,E01002903,1276,0.10984584982925596,11616.278648518904
E01002904,Kensington and Chelsea 002A,Kensington and Chelsea,E01002904,1295,0.0997723179737237,12979.552107239351
E01002905,Kensington and Chelsea 002B,Kensington and Chelsea,E01002905,1672,0.16594270750771503,10075.766661347652
E01002906,Kensington and Chelsea 002C,Kensington and Chelsea,E01002906,1751,0.192720602341513,9085.691818755931
E01002907,Kensington and Chelsea 002D,Kensington and Chelsea,E01002907,1285,0.0511988755690219,25098.207445350516
E01002908,Kensington and Chelsea 003D,Kensington and Chelsea,E01002908,1393,0.09759475292073458,14273.308331764309
E01002909,Kensington and Chelsea 003E,Kensington and Chelsea,E01002909,2134,0.09963980515330118,21417.143447006212
E01002910,Kensington and Chelsea 019C,Kensington and Chelsea,E01002910,1369,0.14078283168796416,9724.197074216394
E01002911,Kensington and Chelsea 019D,Kensington and Chelsea,E01002911,1285,0.12168591288902776,10559.973373186294
E01002912,Kensington and Chelsea 020E,Kensington and Chelsea,E01002912,1481,0.11235334389617738,13181.628144228189
E01002913,Kensington and Chelsea 021E,Kensington and Chelsea,E01002913,1761,0.10858007092332057,16218.44584393043
E01002914,Kensington and Chelsea 019E,Kensington and Chelsea,E01002914,1194,0.1779429359468888,6710.016296215193
E01002915,Kingston upon Thames 014A,Kingston upon Thames,E01002915,1394,0.29287572555095603,4759.697982404024
E01002916,Kingston upon Thames 014B,Kingston upon Thames,E01002916,1478,0.4398654675645547,3360.1182838547984
E01002917,Kingston upon Thames 014C,Kingston upon Thames,E01002917,1429,0.2811964861017453,5081.85582192142
E01002918,Kingston upon Thames 017A,Kingston upon Thames,E01002918,1791,0.43320964458420375,4134.256987096879
E01002919,Kingston upon Thames 017B,Kingston upon Thames,E01002919,1990,0.7726700116351354,2575.4849677532243
E01002920,Kingston upon Thames 014D,Kingston upon Thames,E01002920,1593,0.4632037472254668,3439.091349199727
E01002921,Kingston upon Thames 011A,Kingston upon Thames,E01002921,1727,0.17265685361389882,10002.498967472075
E01002922,Kingston upon Thames 010A,Kingston upon Thames,E01002922,1640,0.31776674483074874,5161.01834656584
E01002923,Kingston upon Thames 013A,Kingston upon Thames,E01002923,1672,0.11730601332611226,14253.318756574039
E01002924,Kingston upon Thames 014E,Kingston upon Thames,E01002924,1546,0.3183813556505637,4855.811976932459
E01002925,Kingston upon Thames 013B,Kingston upon Thames,E01002925,1571,0.2310110285028893,6800.541126461204
E01002926,Kingston upon Thames 010B,Kingston upon Thames,E01002926,1604,0.28853029270038044,5559.2083069962
E01002927,Kingston upon Thames 008A,Kingston upon Thames,E01002927,1681,0.21930648750189657,7665.071923535607
E01002928,Kingston upon Thames 008B,Kingston upon Thames,E01002928,1946,0.25572729986417925,7609.668584595977
E01002929,Kingston upon Thames 007A,Kingston upon Thames,E01002929,1696,0.6043139651896554,2806.4881794809
E01002930,Kingston upon Thames 007B,Kingston upon Thames,E01002930,1967,0.26798112616985664,7340.069161263396
E01002931,Kingston upon Thames 007C,Kingston upon Thames,E01002931,2013,0.3053584360907749,6592.252782567923
E01002932,Kingston upon Thames 006A,Kingston upon Thames,E01002932,2046,0.23175515727996757,8828.28250302265
E01002933,Kingston upon Thames 004A,Kingston upon Thames,E01002933,2039,0.16501124563389732,12356.733579987835
E01002934,Kingston upon Thames 004B,Kingston upon Thames,E01002934,1899,0.20609945498157894,9213.998164962308
E01002935,Kingston upon Thames 003A,Kingston upon Thames,E01002935,1900,0.19253271125784763,9868.452937617665
E01002937,Kingston upon Thames 004D,Kingston upon Thames,E01002937,1825,0.14853012522594444,12287.06969191472
E01002938,Kingston upon Thames 003B,Kingston upon Thames,E01002938,2000,0.2385661953907446,8383.417427285642
E01002939,Kingston upon Thames 018A,Kingston upon Thames,E01002939,1646,0.2648462869689116,6214.9257172452335
E01002940,Kingston upon Thames 020A,Kingston upon Thames,E01002940,1673,0.22004213042745221,7603.089448143602
E01002941,Kingston upon Thames 018B,Kingston upon Thames,E01002941,1649,0.6232990793055957,2645.5999290695504
E01002942,Kingston upon Thames 018C,Kingston upon Thames,E01002942,1401,0.2134768431246257,6562.772708710658
E01002943,Kingston upon Thames 020B,Kingston upon Thames,E01002943,1477,0.3066659953418057,4816.314891234537
E01002944,Kingston upon Thames 019A,Kingston upon Thames,E01002944,1334,0.2992580305307295,4457.691570161614
E01002945,Kingston upon Thames 019B,Kingston upon Thames,E01002945,1573,0.24657211315294925,6379.472438654344
E01002946,Kingston upon Thames 019C,Kingston upon Thames,E01002946,1509,0.47040769166360724,3207.8557105717978
E01002947,Kingston upon Thames 019D,Kingston upon Thames,E01002947,1645,0.2915765556860679,5641.743027416526
E01002948,Kingston upon Thames 020C,Kingston upon Thames,E01002948,2211,5.2680678085177925,419.6984701725167
E01002949,Kingston upon Thames 020D,Kingston upon Thames,E01002949,1848,0.3004921896559216,6149.910259285112
E01002950,Kingston upon Thames 020E,Kingston upon Thames,E01002950,1654,0.9663055478550044,1711.6739148104168
E01002951,Kingston upon Thames 003C,Kingston upon Thames,E01002951,1502,0.2232405886040889,6728.167173325976
E01002952,Kingston upon Thames 002A,Kingston upon Thames,E01002952,1394,1.4251616031174978,978.1346879895356
E01002953,Kingston upon Thames 002B,Kingston upon Thames,E01002953,1333,1.1626739205845387,1146.495140554825
E01002954,Kingston upon Thames 003D,Kingston upon Thames,E01002954,1373,0.2281883954845645,6016.958036294509
E01002955,Kingston upon Thames 002C,Kingston upon Thames,E01002955,1501,0.4899286153411012,3063.7116367554163
E01002956,Kingston upon Thames 002D,Kingston upon Thames,E01002956,1391,0.640115274323369,2173.0460993457004
E01002957,Kingston upon Thames 003E,Kingston upon Thames,E01002957,1587,0.23249472380599598,6825.961355253223
E01002958,Kingston upon Thames 008C,Kingston upon Thames,E01002958,1738,0.17947605534898273,9683.74302979047
E01002959,Kingston upon Thames 002E,Kingston upon Thames,E01002959,1389,0.4245958490910328,3271.346158879194
E01002960,Kingston upon Thames 006B,Kingston upon Thames,E01002960,1591,0.26687847046772195,5961.514981750564
E01002961,Kingston upon Thames 008D,Kingston upon Thames,E01002961,1754,0.34289649909295417,5115.246159233946
E01002962,Kingston upon Thames 006C,Kingston upon Thames,E01002962,1612,0.24277002139391166,6640.029072553465
E01002963,Kingston upon Thames 007D,Kingston upon Thames,E01002963,1846,0.18872238694160856,9781.563437787376
E01002964,Kingston upon Thames 005A,Kingston upon Thames,E01002964,2513,0.3135975602388037,8013.455200628338
E01002965,Kingston upon Thames 009A,Kingston upon Thames,E01002965,2521,0.354258283871962,7116.276781014255
E01002966,Kingston upon Thames 010C,Kingston upon Thames,E01002966,1983,0.4984006619757155,3978.726657663672
E01002967,Kingston upon Thames 009B,Kingston upon Thames,E01002967,1860,0.1973144058584271,9426.579837939193
E01002968,Kingston upon Thames 009C,Kingston upon Thames,E01002968,2908,0.5572140061019192,5218.820719068756
E01002969,Kingston upon Thames 005B,Kingston upon Thames,E01002969,1892,0.06945669861951015,27239.993227500505
E01002970,Kingston upon Thames 006D,Kingston upon Thames,E01002970,1808,0.289542735030632,6244.3286646744
E01002971,Kingston upon Thames 005C,Kingston upon Thames,E01002971,1800,0.3173760828484505,5671.504871586413
E01002972,Kingston upon Thames 005D,Kingston upon Thames,E01002972,2050,0.16713675691384397,12265.404916626081
E01002973,Kingston upon Thames 006E,Kingston upon Thames,E01002973,1579,0.2969072171295232,5318.159710853963
E01002974,Kingston upon Thames 005E,Kingston upon Thames,E01002974,2058,0.20545086183716224,10016.993755086532
E01002975,Kingston upon Thames 012A,Kingston upon Thames,E01002975,1488,0.29571522769569797,5031.868029235233
E01002976,Kingston upon Thames 015A,Kingston upon Thames,E01002976,1712,0.28224714994025224,6065.6059781734075
E01002977,Kingston upon Thames 012B,Kingston upon Thames,E01002977,1699,0.30034529045073466,5656.822510685199
E01002978,Kingston upon Thames 015B,Kingston upon Thames,E01002978,1857,0.3623059158514078,5125.502838219208
E01002979,Kingston upon Thames 015C,Kingston upon Thames,E01002979,1529,0.33622787393513204,4547.511133163777
E01002980,Kingston upon Thames 012C,Kingston upon Thames,E01002980,1407,0.2310774266725423,6088.86822161927
E01002981,Kingston upon Thames 012D,Kingston upon Thames,E01002981,1603,0.38062149192455147,4211.533068967514
E01002982,Kingston upon Thames 015D,Kingston upon Thames,E01002982,1485,0.25811794079249384,5753.183972569427
E01002983,Kingston upon Thames 015E,Kingston upon Thames,E01002983,1669,0.6429182903805156,2595.9752972841866
E01002984,Kingston upon Thames 012E,Kingston upon Thames,E01002984,1431,0.27283697189836104,5244.890346214094
E01002985,Kingston upon Thames 007E,Kingston upon Thames,E01002985,1720,0.1685347594661801,10205.609842432254
E01002986,Kingston upon Thames 008E,Kingston upon Thames,E01002986,1370,0.43649883217576263,3138.6109171727394
E01002987,Kingston upon Thames 011B,Kingston upon Thames,E01002987,1895,0.21270723979065234,8908.958631897389
E01002988,Kingston upon Thames 011C,Kingston upon Thames,E01002988,1678,0.2847543465706975,5892.798547970167
E01002989,Kingston upon Thames 011D,Kingston upon Thames,E01002989,1900,0.1525947548078864,12451.279877817951
E01002990,Kingston upon Thames 009D,Kingston upon Thames,E01002990,1708,0.1678493443280387,10175.791909332374
E01002991,Kingston upon Thames 009E,Kingston upon Thames,E01002991,1564,0.23116138210246004,6765.835996372319
E01002992,Kingston upon Thames 010D,Kingston upon Thames,E01002992,1568,0.33021971512968523,4748.353681379104
E01002993,Kingston upon Thames 013C,Kingston upon Thames,E01002993,1576,0.16632964597280028,9475.159949884832
E01002994,Kingston upon Thames 016A,Kingston upon Thames,E01002994,1507,0.3173383479388237,4748.8745365578025
E01002995,Kingston upon Thames 013D,Kingston upon Thames,E01002995,1599,0.41562348500025675,3847.2320687051943
E01002996,Kingston upon Thames 016B,Kingston upon Thames,E01002996,1545,0.1971430242897582,7836.949877207827
E01002997,Kingston upon Thames 016C,Kingston upon Thames,E01002997,1522,0.23816675704319662,6390.480430163278
E01002998,Kingston upon Thames 016D,Kingston upon Thames,E01002998,1612,0.14589607349004732,11048.9608214848
E01002999,Kingston upon Thames 013E,Kingston upon Thames,E01002999,1535,0.1887624044625005,8131.915909690283
E01003000,Kingston upon Thames 017C,Kingston upon Thames,E01003000,1870,1.1560640749290982,1617.5574006265074
E01003001,Kingston upon Thames 017D,Kingston upon Thames,E01003001,1916,0.3679623479816468,5207.054500303292
E01003002,Kingston upon Thames 016E,Kingston upon Thames,E01003002,1907,0.3054085560246571,6244.094876785439
E01003003,Kingston upon Thames 017E,Kingston upon Thames,E01003003,1727,0.2279928531066582,7574.798843330785
E01003004,Kingston upon Thames 018D,Kingston upon Thames,E01003004,1644,0.3097277495841362,5307.8873372093985
E01003005,Kingston upon Thames 018E,Kingston upon Thames,E01003005,1541,0.2291905814668371,6723.661985311452
E01003006,Kingston upon Thames 001A,Kingston upon Thames,E01003006,1523,0.323248736571219,4711.542003705399
E01003007,Kingston upon Thames 001B,Kingston upon Thames,E01003007,1626,0.20101659844986686,8088.884263980425
E01003008,Kingston upon Thames 001C,Kingston upon Thames,E01003008,1447,0.2002389659777608,7226.3657222476295
E01003009,Kingston upon Thames 001D,Kingston upon Thames,E01003009,2056,0.29945098483687216,6865.898274203437
E01003010,Kingston upon Thames 001E,Kingston upon Thames,E01003010,1441,0.3044069197591884,4733.7951487435075
E01003011,Kingston upon Thames 004E,Kingston upon Thames,E01003011,1693,0.25039621242421023,6761.284380499311
E01003013,Lambeth 036A,Lambeth,E01003013,1947,0.34373128585940754,5664.308371383916
E01003014,Lambeth 036B,Lambeth,E01003014,1504,0.18753606748339563,8019.79064711466
E01003015,Lambeth 002A,Lambeth,E01003015,1719,0.0941144836402732,18264.98891042537
E01003016,Lambeth 036C,Lambeth,E01003016,1203,0.16113616322342458,7465.735660665888
E01003017,Lambeth 036D,Lambeth,E01003017,1631,0.1312618551367262,12425.544331223284
E01003018,Lambeth 020A,Lambeth,E01003018,2019,0.15240577550374187,13247.529454357387
E01003019,Lambeth 015A,Lambeth,E01003019,2035,0.14947490518986897,13614.325410777561
E01003020,Lambeth 016A,Lambeth,E01003020,1821,0.14402039352511167,12644.042662489232
E01003021,Lambeth 021A,Lambeth,E01003021,2154,0.16178786325502104,13313.730440983194
E01003022,Lambeth 021B,Lambeth,E01003022,1619,0.11474231749285989,14109.877117487593
E01003023,Lambeth 021C,Lambeth,E01003023,2595,0.12545271916989167,20685.08372852227
E01003024,Lambeth 021D,Lambeth,E01003024,1841,0.12639353500234338,14565.618407348662
E01003025,Lambeth 021E,Lambeth,E01003025,2046,0.155077114896055,13193.436061609682
E01003026,Lambeth 019A,Lambeth,E01003026,1501,0.3465144798874442,4331.709314103004
E01003027,Lambeth 019B,Lambeth,E01003027,1394,0.12323606389214115,11311.62385403723
E01003028,Lambeth 019C,Lambeth,E01003028,1482,0.13785840152386813,10750.1609159701
E01003029,Lambeth 017A,Lambeth,E01003029,1827,0.1488056377010534,12277.760629408374
E01003030,Lambeth 019D,Lambeth,E01003030,1722,0.1653024805295268,10417.2665436343
E01003031,Lambeth 023A,Lambeth,E01003031,1574,0.09037343178289435,17416.62310424647
E01003032,Lambeth 017B,Lambeth,E01003032,1721,0.1822758387283373,9441.734088328443
E01003033,Lambeth 019E,Lambeth,E01003033,1618,0.1487705316976568,10875.809755713095
E01003034,Lambeth 012A,Lambeth,E01003034,1642,0.11175031681374807,14693.470647932812
E01003035,Lambeth 012B,Lambeth,E01003035,1687,0.11562922718535795,14589.736877646654
E01003036,Lambeth 012C,Lambeth,E01003036,1759,0.11368334933021419,15472.802396863422
E01003037,Lambeth 013A,Lambeth,E01003037,1442,0.11502675304898843,12536.21407000744
E01003038,Lambeth 013B,Lambeth,E01003038,1702,0.13091833247132167,13000.47111715872
E01003039,Lambeth 013C,Lambeth,E01003039,2042,0.184872821649599,11045.431025390688
E01003040,Lambeth 013D,Lambeth,E01003040,1245,0.15491167440796677,8036.837796493228
E01003041,Lambeth 017C,Lambeth,E01003041,1520,0.09782513932308293,15537.928292439847
E01003042,Lambeth 013E,Lambeth,E01003042,1107,0.09362872456385885,11823.294668987806
E01003043,Lambeth 018A,Lambeth,E01003043,1618,0.10254074887322052,15779.092875559794
E01003044,Lambeth 018B,Lambeth,E01003044,1411,0.06657701687777084,21193.499891869043
E01003045,Lambeth 011A,Lambeth,E01003045,1990,0.11447217890912956,17384.136643189995
E01003046,Lambeth 009A,Lambeth,E01003046,1680,0.09501591887922452,17681.24773002997
E01003047,Lambeth 011B,Lambeth,E01003047,1789,0.18246699896139182,9804.512652605934
E01003048,Lambeth 009B,Lambeth,E01003048,1918,0.12382914335816243,15489.083974782834
E01003049,Lambeth 011C,Lambeth,E01003049,1768,0.11707176302237898,15101.84825406649
E01003050,Lambeth 016B,Lambeth,E01003050,1584,0.09817782196515781,16133.990022330538
E01003051,Lambeth 018C,Lambeth,E01003051,2099,0.17965174476238288,11683.716196445801
E01003052,Lambeth 016C,Lambeth,E01003052,2226,0.12628374003875759,17626.972398163223
E01003053,Lambeth 015B,Lambeth,E01003053,1674,0.11561252474056337,14479.400080194484
E01003054,Lambeth 015C,Lambeth,E01003054,2191,0.08947540080928432,24487.177259703913
E01003055,Lambeth 016D,Lambeth,E01003055,1600,0.13573995355630852,11787.244345389272
E01003056,Lambeth 015D,Lambeth,E01003056,1707,0.08524850199818605,20023.81226635891
E01003057,Lambeth 017D,Lambeth,E01003057,1705,0.09630914201045067,17703.40763512344
E01003058,Lambeth 015E,Lambeth,E01003058,1979,0.08883341495994447,22277.65307561736
E01003059,Lambeth 011D,Lambeth,E01003059,2213,0.07555828124347401,29288.64928609182
E01003060,Lambeth 011E,Lambeth,E01003060,1696,0.085400629403842,19859.338412834935
E01003061,Lambeth 011F,Lambeth,E01003061,1329,0.07985635738635642,16642.38194048983
E01003062,Lambeth 033A,Lambeth,E01003062,1834,0.13376169869872748,13710.950278305994
E01003063,Lambeth 033B,Lambeth,E01003063,1361,0.12121642269054678,11227.851555019857
E01003064,Lambeth 028A,Lambeth,E01003064,1462,0.1545010169505119,9462.720885962142
E01003065,Lambeth 031A,Lambeth,E01003065,1673,0.1276653679159462,13104.57195487416
E01003066,Lambeth 028B,Lambeth,E01003066,1887,0.3383086933079086,5577.746115683064
E01003067,Lambeth 033C,Lambeth,E01003067,1555,0.1496306261964652,10392.257517911361
E01003068,Lambeth 031B,Lambeth,E01003068,1576,0.17636963566228547,8935.778509049836
E01003069,Lambeth 033D,Lambeth,E01003069,1368,0.23840865995594085,5738.046597186585
E01003070,Lambeth 033E,Lambeth,E01003070,1547,0.12640740889928329,12238.206711701463
E01003071,Lambeth 018D,Lambeth,E01003071,2326,0.17342265610661017,13412.319083442651
E01003072,Lambeth 014A,Lambeth,E01003072,1737,0.2117412209808715,8203.409765720198
E01003073,Lambeth 014B,Lambeth,E01003073,1603,0.17339257233112834,9244.917348239956
E01003074,Lambeth 018E,Lambeth,E01003074,2358,0.7102376485750553,3320.015497250587
E01003075,Lambeth 009C,Lambeth,E01003075,1716,0.07905762602523024,21705.685918931595
E01003076,Lambeth 014C,Lambeth,E01003076,2701,0.379645662476043,7114.528801367362
E01003077,Lambeth 014D,Lambeth,E01003077,1863,0.1029324842279454,18099.242566363802
E01003078,Lambeth 014E,Lambeth,E01003078,1627,0.20049842021502914,8114.77715512714
E01003079,Lambeth 027A,Lambeth,E01003079,1681,0.2213987337914964,7592.636015629122
E01003080,Lambeth 027B,Lambeth,E01003080,1681,0.1284282866264521,13089.016790275922
E01003081,Lambeth 028C,Lambeth,E01003081,1858,0.20912770368502964,8884.523510086265
E01003082,Lambeth 031C,Lambeth,E01003082,1375,0.12621589864846483,10894.031692708026
E01003083,Lambeth 030A,Lambeth,E01003083,1540,0.1453140516551016,10597.736299137418
E01003084,Lambeth 030B,Lambeth,E01003084,1507,0.14367143235835284,10489.211218004435
E01003085,Lambeth 030C,Lambeth,E01003085,1793,0.22214915753203143,8071.153723558323
E01003086,Lambeth 031D,Lambeth,E01003086,1557,0.14480297176236379,10752.541754151243
E01003087,Lambeth 031E,Lambeth,E01003087,1644,0.13353103814583783,12311.744316736922
E01003088,Lambeth 010A,Lambeth,E01003088,1588,0.09346777153235673,16989.813429437174
E01003089,Lambeth 008A,Lambeth,E01003089,1935,0.13279620238625775,14571.199817685758
E01003090,Lambeth 012D,Lambeth,E01003090,2387,0.1384482110132777,17241.10396609659
E01003091,Lambeth 008B,Lambeth,E01003091,1711,0.07903964122406476,21647.36546753278
E01003092,Lambeth 008C,Lambeth,E01003092,2351,0.15951365844494964,14738.549807704163
E01003093,Lambeth 010B,Lambeth,E01003093,2297,0.07407112065188698,31010.736435259852
E01003094,Lambeth 010C,Lambeth,E01003094,1482,0.0790289966289814,18752.610601366578
E01003095,Lambeth 012E,Lambeth,E01003095,1642,0.15601573893582713,10524.579194381104
E01003096,Lambeth 010D,Lambeth,E01003096,2095,0.14495497001408733,14452.764191503053
E01003097,Lambeth 006A,Lambeth,E01003097,1558,0.09894443140964486,15746.212068768633
E01003098,Lambeth 005A,Lambeth,E01003098,1485,0.08088268590547021,18359.924418627244
E01003099,Lambeth 005B,Lambeth,E01003099,1701,0.29901438934339886,5688.689443124125
E01003100,Lambeth 005C,Lambeth,E01003100,2014,0.1054181467543096,19104.87010072263
E01003101,Lambeth 003A,Lambeth,E01003101,1432,0.11647866287338782,12294.097173458991
E01003102,Lambeth 004A,Lambeth,E01003102,1705,0.16884273968438326,10098.15407631472
E01003104,Lambeth 004C,Lambeth,E01003104,1733,0.08182763152498579,21178.665051191594
E01003105,Lambeth 003B,Lambeth,E01003105,1706,0.0979189565719853,17422.571274499143
E01003106,Lambeth 003C,Lambeth,E01003106,2135,0.12050619123395248,17716.932035924026
E01003107,Lambeth 003D,Lambeth,E01003107,1851,0.12607585833309484,14681.63710699968
E01003108,Lambeth 002B,Lambeth,E01003108,1554,0.07704450093716175,20170.161154881873
E01003110,Lambeth 002C,Lambeth,E01003110,2050,0.15252661374203147,13440.27740278276
E01003111,Lambeth 002D,Lambeth,E01003111,1981,0.07341859386001492,26982.265606681525
E01003112,Lambeth 002E,Lambeth,E01003112,1796,0.14705444147449515,12213.163927534246
E01003113,Lambeth 032A,Lambeth,E01003113,1796,0.16065082055018798,11179.525842751125
E01003114,Lambeth 032B,Lambeth,E01003114,2424,0.2012027725102328,12047.547704029375
E01003115,Lambeth 034A,Lambeth,E01003115,1618,0.10804836175988002,14974.775865604912
E01003116,Lambeth 029A,Lambeth,E01003116,1785,0.28073250250768383,6358.366003420439
E01003117,Lambeth 029B,Lambeth,E01003117,1851,0.16638290503507466,11124.940988437462
E01003118,Lambeth 029C,Lambeth,E01003118,1863,0.21560061860381152,8640.977062424183
E01003119,Lambeth 032C,Lambeth,E01003119,2066,0.16981974636881483,12165.84080577448
E01003120,Lambeth 032D,Lambeth,E01003120,2411,0.14653661597593748,16453.22559104208
E01003121,Lambeth 006B,Lambeth,E01003121,1569,0.06156510900197555,25485.214359803256
E01003122,Lambeth 004D,Lambeth,E01003122,1904,0.09868445500615058,19293.81886824355
E01003123,Lambeth 006C,Lambeth,E01003123,1597,0.14496273139121313,11016.624650167165
E01003124,Lambeth 006D,Lambeth,E01003124,1353,0.07990345988557003,16932.933842134436
E01003125,Lambeth 006E,Lambeth,E01003125,1782,0.07261926499510024,24538.9429391806
E01003126,Lambeth 008D,Lambeth,E01003126,1666,0.09882680462116278,16857.774632968783
E01003127,Lambeth 010E,Lambeth,E01003127,2092,0.13549177603559434,15440.051501357702
E01003128,Lambeth 008E,Lambeth,E01003128,1641,0.08679740415583144,18906.09536033861
E01003129,Lambeth 004E,Lambeth,E01003129,1798,0.08520335918235886,21102.45437802259
E01003130,Lambeth 026A,Lambeth,E01003130,1867,0.1495060830843734,12487.786192260572
E01003131,Lambeth 026B,Lambeth,E01003131,2150,0.18373740802522834,11701.4821483973
E01003132,Lambeth 024A,Lambeth,E01003132,1450,0.14323512381834475,10123.215321396554
E01003133,Lambeth 027C,Lambeth,E01003133,1656,0.17172702036992804,9643.211629903702
E01003134,Lambeth 027D,Lambeth,E01003134,1597,0.1576962549954366,10127.063575772385
E01003135,Lambeth 026C,Lambeth,E01003135,1930,0.1022250572722789,18879.911163653334
E01003136,Lambeth 022A,Lambeth,E01003136,1659,0.11456672511671025,14480.64434337248
E01003137,Lambeth 022B,Lambeth,E01003137,1581,0.1122120864783846,14089.391344706417
E01003138,Lambeth 026D,Lambeth,E01003138,1477,0.13546483728624334,10903.19842099712
E01003139,Lambeth 035A,Lambeth,E01003139,1529,0.13054685614318534,11712.26979470861
E01003140,Lambeth 035B,Lambeth,E01003140,1507,0.14255890794292472,10571.068632227083
E01003141,Lambeth 034B,Lambeth,E01003141,1845,0.16648413287183128,11082.137187334143
E01003142,Lambeth 035C,Lambeth,E01003142,1374,0.1304375105006489,10533.779698234617
E01003143,Lambeth 035D,Lambeth,E01003143,1500,0.16017066404684127,9365.010808479454
E01003144,Lambeth 034C,Lambeth,E01003144,1547,0.5056452905688638,3059.4569530343806
E01003145,Lambeth 034D,Lambeth,E01003145,1655,0.16461816234644852,10053.568673163512
E01003146,Lambeth 035E,Lambeth,E01003146,1649,0.12522438886893208,13168.361330363126
E01003147,Lambeth 034E,Lambeth,E01003147,2072,0.17728893857324127,11687.136358730126
E01003148,Lambeth 032E,Lambeth,E01003148,1837,0.19077280723202358,9629.254958573765
E01003149,Lambeth 030D,Lambeth,E01003149,1756,0.2698986497653411,6506.145923763327
E01003150,Lambeth 032F,Lambeth,E01003150,1943,0.16423691913885388,11830.470336315146
E01003151,Lambeth 026E,Lambeth,E01003151,1954,0.1329457431124306,14697.725209204526
E01003152,Lambeth 027E,Lambeth,E01003152,1906,0.22268979649961865,8558.991161515853
E01003153,Lambeth 029D,Lambeth,E01003153,2172,0.12285049303004052,17680.026725402582
E01003154,Lambeth 030E,Lambeth,E01003154,1996,0.18524016572506297,10775.200897641724
E01003155,Lambeth 029E,Lambeth,E01003155,1828,0.16325586990790977,11197.147159432294
E01003156,Lambeth 023B,Lambeth,E01003156,1597,0.11652322042981896,13705.422782765096
E01003157,Lambeth 023C,Lambeth,E01003157,1582,0.16571735089714063,9546.37514681208
E01003158,Lambeth 023D,Lambeth,E01003158,1624,0.12400507367400358,13096.238338354822
E01003159,Lambeth 022C,Lambeth,E01003159,1774,0.14190675154397692,12501.167003673094
E01003160,Lambeth 022D,Lambeth,E01003160,1449,0.10186150553820622,14225.197166917083
E01003161,Lambeth 023E,Lambeth,E01003161,1317,0.12129161003079898,10858.129425980747
E01003162,Lambeth 022E,Lambeth,E01003162,1858,0.10984116229913396,16915.33448034762
E01003163,Lambeth 023F,Lambeth,E01003163,1599,0.20076344635460097,7964.5972861800055
E01003164,Lambeth 025A,Lambeth,E01003164,2247,0.17936311025969293,12527.659655024132
E01003165,Lambeth 025B,Lambeth,E01003165,1643,0.18136156780277682,9059.251195858069
E01003166,Lambeth 028D,Lambeth,E01003166,2566,0.23446376083444814,10944.121986560727
E01003167,Lambeth 028E,Lambeth,E01003167,1760,0.20014211704232246,8793.75129037846
E01003168,Lambeth 025C,Lambeth,E01003168,1658,0.2016154635199959,8223.57556832719
E01003169,Lambeth 025D,Lambeth,E01003169,2352,0.19298635816712947,12187.38993956831
E01003170,Lambeth 025E,Lambeth,E01003170,1908,0.32460628612526515,5877.889867061001
E01003171,Lambeth 020B,Lambeth,E01003171,1646,0.1083522969489501,15191.186955413677
E01003172,Lambeth 024B,Lambeth,E01003172,1945,0.12429425954864266,15648.349385265235
E01003173,Lambeth 020C,Lambeth,E01003173,1633,0.12538470354080483,13023.917223431974
E01003174,Lambeth 024C,Lambeth,E01003174,2039,0.152634126711873,13358.742529768682
E01003175,Lambeth 024D,Lambeth,E01003175,1577,0.12134252107216789,12996.268629214377
E01003176,Lambeth 016E,Lambeth,E01003176,1929,0.12695844834237444,15193.947509487361
E01003177,Lambeth 020D,Lambeth,E01003177,1603,0.09758747069593528,16426.28903657781
E01003178,Lambeth 020E,Lambeth,E01003178,1501,0.1053350694596538,14249.765132351518
E01003179,Lambeth 024E,Lambeth,E01003179,1620,0.07383142450022126,21941.87652434019
E01003180,Lambeth 005D,Lambeth,E01003180,1600,0.14100291752553956,11347.282936256943
E01003181,Lambeth 007A,Lambeth,E01003181,1522,0.08192220738266262,18578.60095115191
E01003182,Lambeth 009D,Lambeth,E01003182,1787,0.1814606045137181,9847.867556645917
E01003183,Lambeth 005E,Lambeth,E01003183,1604,0.15171754603058063,10572.277511506105
E01003184,Lambeth 007B,Lambeth,E01003184,1422,0.055918254884557435,25429.9781517807
E01003185,Lambeth 007C,Lambeth,E01003185,1931,0.08642833410535962,22342.210109546173
E01003186,Lambeth 007D,Lambeth,E01003186,2440,0.20890887109054254,11679.733786615921
E01003187,Lambeth 007E,Lambeth,E01003187,2317,0.14190728854768211,16327.56163346372
E01003188,Lambeth 009E,Lambeth,E01003188,1266,0.08255068823222109,15336.032044198711
E01003189,Lewisham 034A,Lewisham,E01003189,1767,0.18856347540152213,9370.849769486887
E01003190,Lewisham 034B,Lewisham,E01003190,2318,0.3289339996645156,7047.006397527044
E01003191,Lewisham 034C,Lewisham,E01003191,1662,0.19715093436947612,8430.089389712368
E01003192,Lewisham 034D,Lewisham,E01003192,1789,1.0180741336430597,1757.2394198821967
E01003193,Lewisham 029A,Lewisham,E01003193,1799,0.3460606967843694,5198.510020688532
E01003194,Lewisham 029B,Lewisham,E01003194,1767,0.3341165943706409,5288.573000477308
E01003195,Lewisham 029C,Lewisham,E01003195,1486,0.1960637691253213,7579.166750845073
E01003196,Lewisham 029D,Lewisham,E01003196,1763,0.26732060806311797,6595.077022957138
E01003197,Lewisham 029E,Lewisham,E01003197,1658,0.21146047463962206,7840.708779385927
E01003198,Lewisham 009A,Lewisham,E01003198,1494,0.16853855377156612,8864.440607606843
E01003199,Lewisham 007A,Lewisham,E01003199,1971,0.3167205762965203,6223.151091246782
E01003200,Lewisham 009B,Lewisham,E01003200,1475,0.7468955364508858,1974.8410962648627
E01003201,Lewisham 007B,Lewisham,E01003201,1680,0.15648830859412158,10735.62629114587
E01003202,Lewisham 009C,Lewisham,E01003202,1558,0.22717141169769842,6858.257332455468
E01003203,Lewisham 009D,Lewisham,E01003203,1966,0.14522941142444357,13537.20283458439
E01003204,Lewisham 007C,Lewisham,E01003204,1612,0.2553535441499631,6312.8162382320825
E01003205,Lewisham 007D,Lewisham,E01003205,1391,0.08941387043803486,15556.870463000298
E01003206,Lewisham 007E,Lewisham,E01003206,1409,0.20633413491999772,6828.729529150927
E01003207,Lewisham 005A,Lewisham,E01003207,2333,0.12131655567211927,19230.68114714178
E01003209,Lewisham 005B,Lewisham,E01003209,1897,0.12622286718824607,15028.972501241435
E01003210,Lewisham 005C,Lewisham,E01003210,1774,0.19276003552191454,9203.15248540363
E01003211,Lewisham 008B,Lewisham,E01003211,1556,0.2024019096890853,7687.674500651752
E01003212,Lewisham 005D,Lewisham,E01003212,2011,0.22453378239609026,8956.336006723846
E01003213,Lewisham 008C,Lewisham,E01003213,1963,0.2166554118266464,9060.470649912337
E01003214,Lewisham 008D,Lewisham,E01003214,1780,0.15757690924411574,11296.071286957731
E01003215,Lewisham 005E,Lewisham,E01003215,1893,0.20897497798875114,9058.500774680775
E01003216,Lewisham 025A,Lewisham,E01003216,1672,0.21392335304532611,7815.883475076872
E01003217,Lewisham 022A,Lewisham,E01003217,1930,0.16139586529623867,11958.174990775173
E01003218,Lewisham 022B,Lewisham,E01003218,1551,0.14104830075950825,10996.233146009346
E01003219,Lewisham 025B,Lewisham,E01003219,1723,0.2097721499998704,8213.673740775715
E01003220,Lewisham 022C,Lewisham,E01003220,1668,0.18134066855648626,9198.157331599507
E01003221,Lewisham 025C,Lewisham,E01003221,2161,0.33033164612684385,6541.910305409246
E01003222,Lewisham 022D,Lewisham,E01003222,1573,0.1830772610152578,8592.000946905717
E01003223,Lewisham 025D,Lewisham,E01003223,1653,0.2972509136919049,5560.958516390984
E01003224,Lewisham 022E,Lewisham,E01003224,1732,0.15187326621222477,11404.245415909714
E01003225,Lewisham 015A,Lewisham,E01003225,1594,0.21408634146974942,7445.59409561975
E01003226,Lewisham 019A,Lewisham,E01003226,1838,0.17594658454811973,10446.352253557525
E01003227,Lewisham 019B,Lewisham,E01003227,1639,0.24511450666693135,6686.670741308349
E01003228,Lewisham 019C,Lewisham,E01003228,1578,0.1438551858928569,10969.36471358976
E01003229,Lewisham 019D,Lewisham,E01003229,1686,0.2115458627483297,7969.902970902285
E01003230,Lewisham 019E,Lewisham,E01003230,1997,0.2135143584106918,9353.000963798411
E01003231,Lewisham 015B,Lewisham,E01003231,1551,0.17514244702982396,8855.6487950399
E01003232,Lewisham 015C,Lewisham,E01003232,1706,0.20335519020485485,8389.262149057611
E01003233,Lewisham 015D,Lewisham,E01003233,1837,0.13990549684206355,13130.291814579321
E01003235,Lewisham 038A,Lewisham,E01003235,1422,0.4892912804665365,2906.2443104322865
E01003236,Lewisham 037A,Lewisham,E01003236,1689,0.17920735767270096,9424.836245198927
E01003237,Lewisham 037B,Lewisham,E01003237,1689,0.2650872015724376,6371.48828755682
E01003238,Lewisham 037C,Lewisham,E01003238,1480,0.12567725157454926,11776.196419461745
E01003239,Lewisham 037D,Lewisham,E01003239,1612,0.21762272140521907,7407.314776651537
E01003240,Lewisham 038B,Lewisham,E01003240,1997,0.21683019988502997,9209.971678570932
E01003241,Lewisham 038C,Lewisham,E01003241,1591,0.2825623094117572,5630.616494153695
E01003243,Lewisham 038D,Lewisham,E01003243,1509,0.23895053328508636,6315.114594030418
E01003244,Lewisham 001A,Lewisham,E01003244,1902,0.06684601715640223,28453.452889344422
E01003245,Lewisham 001B,Lewisham,E01003245,1993,0.10944328481119327,18210.345234412835
E01003246,Lewisham 002A,Lewisham,E01003246,2411,0.2392426099288601,10077.636256839542
E01003247,Lewisham 001C,Lewisham,E01003247,2103,0.20044981297165645,10491.40415160858
E01003248,Lewisham 002B,Lewisham,E01003248,1641,0.2556830421970366,6418.102608210516
E01003249,Lewisham 001D,Lewisham,E01003249,2057,0.11296198081290416,18209.666519631526
E01003251,Lewisham 002C,Lewisham,E01003251,1734,0.22610763453495694,7668.913982344627
E01003252,Lewisham 002D,Lewisham,E01003252,1579,0.0725624364317658,21760.570312227803
E01003253,Lewisham 002E,Lewisham,E01003253,1422,0.14338607435821973,9917.281063483433
E01003254,Lewisham 021A,Lewisham,E01003254,1438,0.32057004281571705,4485.759141338884
E01003255,Lewisham 021B,Lewisham,E01003255,1990,0.18437978807419253,10792.94005479193
E01003256,Lewisham 028A,Lewisham,E01003256,2133,0.22256925585835027,9583.533861287226
E01003257,Lewisham 028B,Lewisham,E01003257,1602,0.21809138832961822,7345.544508977928
E01003258,Lewisham 028C,Lewisham,E01003258,1547,0.12083068113392303,12803.039637634569
E01003259,Lewisham 028D,Lewisham,E01003259,1753,0.20832120387637967,8414.889926616646
E01003260,Lewisham 021C,Lewisham,E01003260,1661,0.2122673084014982,7825.039157034303
E01003261,Lewisham 021D,Lewisham,E01003261,1526,0.18155136992495255,8405.334537716784
E01003262,Lewisham 021E,Lewisham,E01003262,1524,0.16060751743880425,9488.970530789038
E01003263,Lewisham 023A,Lewisham,E01003263,1801,0.35378663809900285,5090.638837230513
E01003264,Lewisham 031A,Lewisham,E01003264,1643,0.22451213345075205,7318.090005858863
E01003265,Lewisham 031B,Lewisham,E01003265,1646,0.23283389187778042,7069.417543662506
E01003266,Lewisham 031C,Lewisham,E01003266,1721,0.17155707115027158,10031.647127459577
E01003267,Lewisham 031D,Lewisham,E01003267,1758,0.32977768450866274,5330.864041389738
E01003268,Lewisham 023B,Lewisham,E01003268,1853,0.29608619906523487,6258.312632774011
E01003269,Lewisham 023C,Lewisham,E01003269,1604,0.20722534138014767,7740.366063904887
E01003270,Lewisham 023D,Lewisham,E01003270,1645,0.2796839685414338,5881.63850998954
E01003271,Lewisham 023E,Lewisham,E01003271,1625,0.2999201719311805,5418.108390431544
E01003272,Lewisham 014A,Lewisham,E01003272,1994,0.1511057896685123,13196.052939959014
E01003273,Lewisham 011A,Lewisham,E01003273,1507,0.1831205235271962,8229.55270645121
E01003274,Lewisham 014B,Lewisham,E01003274,1590,0.14936916542173306,10644.767248385902
E01003275,Lewisham 014C,Lewisham,E01003275,1698,0.1941999336238197,8743.566325255071
E01003276,Lewisham 014D,Lewisham,E01003276,1907,0.46191772440029516,4128.440844039587
E01003277,Lewisham 011B,Lewisham,E01003277,1674,0.1347577816571802,12422.288193038132
E01003278,Lewisham 011C,Lewisham,E01003278,2085,0.14782887440282377,14104.145813344387
E01003279,Lewisham 011D,Lewisham,E01003279,1530,0.18044840686582037,8478.877849765073
E01003280,Lewisham 016A,Lewisham,E01003280,1644,0.2015541477601285,8156.6170593350425
E01003281,Lewisham 016B,Lewisham,E01003281,1496,0.3519603356060317,4250.4789564542125
E01003282,Lewisham 013A,Lewisham,E01003282,2415,0.21627118384723296,11166.53618406176
E01003283,Lewisham 013B,Lewisham,E01003283,2127,0.23016969399551385,9241.008071381702
E01003284,Lewisham 013C,Lewisham,E01003284,1877,0.16066351279631383,11682.801946323838
E01003285,Lewisham 016C,Lewisham,E01003285,1751,0.21903358404746368,7994.207863669735
E01003286,Lewisham 013D,Lewisham,E01003286,1736,0.18981687164185346,9145.656995525063
E01003287,Lewisham 016D,Lewisham,E01003287,1969,0.24524758140941533,8028.621479911597
E01003288,Lewisham 012A,Lewisham,E01003288,2158,0.17075141936034025,12638.255120128331
E01003290,Lewisham 012C,Lewisham,E01003290,1910,0.14438352841396518,13228.655795997707
E01003291,Lewisham 012D,Lewisham,E01003291,1544,0.2795995346336966,5522.183726173918
E01003292,Lewisham 017A,Lewisham,E01003292,1791,0.13178469696981518,13590.348812732196
E01003293,Lewisham 017B,Lewisham,E01003293,1569,0.11215568857244414,13989.482120530552
E01003295,Lewisham 017D,Lewisham,E01003295,1786,0.18279426965939236,9770.546983381497
E01003297,Lewisham 003A,Lewisham,E01003297,1701,0.37059118017795944,4589.9635257999735
E01003298,Lewisham 039A,Lewisham,E01003298,1280,0.1375237020231865,9307.486499921242
E01003299,Lewisham 003B,Lewisham,E01003299,1790,0.1526972973936549,11722.538843535423
E01003300,Lewisham 039B,Lewisham,E01003300,1487,0.11540865405682497,12884.649007931677
E01003301,Lewisham 003C,Lewisham,E01003301,2632,0.2165838094569228,12152.339579766644
E01003302,Lewisham 003D,Lewisham,E01003302,1867,0.12404931960823114,15050.46545919239
E01003303,Lewisham 039C,Lewisham,E01003303,1719,0.2268227583452563,7578.604600969709
E01003304,Lewisham 039D,Lewisham,E01003304,2246,0.17293862088070602,12987.266745635163
E01003305,Lewisham 003E,Lewisham,E01003305,2292,0.11234198371199781,20401.989748336808
E01003307,Lewisham 024A,Lewisham,E01003307,1599,0.14412125283182006,11094.82445219878
E01003308,Lewisham 024B,Lewisham,E01003308,1789,0.1597573112856144,11198.235533656563
E01003309,Lewisham 027A,Lewisham,E01003309,1620,0.159831445500723,10135.677587879112
E01003310,Lewisham 027B,Lewisham,E01003310,1589,0.1589226657110729,9998.573789901428
E01003311,Lewisham 027C,Lewisham,E01003311,1596,0.18765225819693668,8505.093492267144
E01003312,Lewisham 027D,Lewisham,E01003312,1756,0.19903484518765355,8822.57575724699
E01003313,Lewisham 027E,Lewisham,E01003313,1571,0.23406095184362796,6711.926904619091
E01003314,Lewisham 024C,Lewisham,E01003314,1645,0.15161927705015385,10849.543883894485
E01003315,Lewisham 024D,Lewisham,E01003315,1306,0.14507591771759637,9002.18327443049
E01003316,Lewisham 024E,Lewisham,E01003316,1477,0.14510264807663897,10179.00100086314
E01003318,Lewisham 020B,Lewisham,E01003318,2075,0.3477214384746978,5967.420384265404
E01003319,Lewisham 018A,Lewisham,E01003319,1794,0.13363786613189252,13424.338863877325
E01003320,Lewisham 018B,Lewisham,E01003320,1586,0.18349716369859198,8643.185366097132
E01003321,Lewisham 020C,Lewisham,E01003321,1748,0.16424225667603579,10642.815286250549
E01003322,Lewisham 020D,Lewisham,E01003322,1631,0.1488726306295491,10955.673941562429
E01003323,Lewisham 018C,Lewisham,E01003323,1510,0.17265833748319873,8745.595619713049
E01003324,Lewisham 020E,Lewisham,E01003324,1688,0.09366531770083472,18021.611856284315
E01003325,Lewisham 018D,Lewisham,E01003325,1816,0.13409921643236541,13542.211866062036
E01003326,Lewisham 035A,Lewisham,E01003326,1814,0.13806802159791137,13138.451460417256
E01003327,Lewisham 035B,Lewisham,E01003327,1631,0.20554557108620833,7934.980021126014
E01003328,Lewisham 035C,Lewisham,E01003328,1773,0.19187198767256675,9240.535950592532
E01003329,Lewisham 033A,Lewisham,E01003329,1641,0.17585039768140492,9331.79578571704
E01003330,Lewisham 033B,Lewisham,E01003330,1591,0.26174821511427493,6078.36045531541
E01003331,Lewisham 033C,Lewisham,E01003331,1522,0.1554042283023971,9793.813312713597
E01003332,Lewisham 033D,Lewisham,E01003332,1592,0.20144080300510264,7903.066192402308
E01003333,Lewisham 035D,Lewisham,E01003333,1535,0.12259588860796936,12520.811402644518
E01003334,Lewisham 033E,Lewisham,E01003334,1785,0.17067076710307374,10458.733093535457
E01003335,Lewisham 035E,Lewisham,E01003335,1514,0.11760190323262167,12873.941308630374
E01003336,Lewisham 010A,Lewisham,E01003336,1532,0.12780198393876765,11987.29435009405
E01003337,Lewisham 010B,Lewisham,E01003337,1433,0.13061467949301553,10971.201748243222
E01003338,Lewisham 006A,Lewisham,E01003338,2027,0.13945749961345713,14534.894183664268
E01003339,Lewisham 006B,Lewisham,E01003339,1690,0.1494298719685015,11309.653001350607
E01003340,Lewisham 006C,Lewisham,E01003340,2067,0.17762193871913606,11637.075999200948
E01003341,Lewisham 006D,Lewisham,E01003341,1383,0.17932227884726443,7712.371317665183
E01003342,Lewisham 010C,Lewisham,E01003342,1696,0.1678249577594741,10105.767477270567
E01003343,Lewisham 006E,Lewisham,E01003343,1451,0.12888437807889863,11258.152629729471
E01003344,Lewisham 010D,Lewisham,E01003344,1674,0.1856596958362496,9016.496512395748
E01003345,Lewisham 010E,Lewisham,E01003345,1960,0.1555757498707856,12598.364472791487
E01003346,Lewisham 026A,Lewisham,E01003346,1669,0.34677570513779826,4812.909253076969
E01003347,Lewisham 030A,Lewisham,E01003347,1750,0.1421050533542583,12314.8329963845
E01003348,Lewisham 030B,Lewisham,E01003348,1788,0.3259849175448846,5484.916337437027
E01003349,Lewisham 026B,Lewisham,E01003349,1545,0.13826798922366793,11173.952906053657
E01003350,Lewisham 030C,Lewisham,E01003350,1321,0.24246076253221702,5448.304237781451
E01003351,Lewisham 026C,Lewisham,E01003351,1690,0.18213848116817621,9278.654291838258
E01003352,Lewisham 030D,Lewisham,E01003352,2288,0.22081190063410872,10361.760364498097
E01003353,Lewisham 030E,Lewisham,E01003353,1785,0.25586113120755255,6976.440663634923
E01003354,Lewisham 026D,Lewisham,E01003354,2057,0.3644832766548045,5643.605980715947
E01003355,Merton 009A,Merton,E01003355,1768,0.1461160181496939,12099.973859051563
E01003356,Merton 009B,Merton,E01003356,1838,0.45210302594086454,4065.4450303113254
E01003357,Merton 012A,Merton,E01003357,1867,0.33151912964419544,5631.6508854368885
E01003358,Merton 009C,Merton,E01003358,1792,0.1541154878690799,11627.643819434245
E01003359,Merton 006A,Merton,E01003359,1748,0.16816370866178207,10394.632789145078
E01003360,Merton 006B,Merton,E01003360,1788,0.13823673522665786,12934.333244114394
E01003361,Merton 015A,Merton,E01003361,1672,0.2117326440954537,7896.751146442142
E01003362,Merton 021A,Merton,E01003362,1382,0.4248375183361373,3253.0083628502475
E01003363,Merton 021B,Merton,E01003363,1698,0.46142567545325003,3679.899256434063
E01003364,Merton 021C,Merton,E01003364,1817,0.22023621949339084,8250.232428524443
E01003365,Merton 021D,Merton,E01003365,1486,0.33406984718480737,4448.1715800526745
E01003366,Merton 016A,Merton,E01003366,1736,0.5624558811149184,3086.464304647049
E01003368,Merton 008A,Merton,E01003368,1672,0.15320785634774198,10913.27846925157
E01003369,Merton 005B,Merton,E01003369,1641,0.09255908535697165,17729.215815726493
E01003370,Merton 005C,Merton,E01003370,1989,0.15221670917763974,13066.896602519502
E01003371,Merton 005D,Merton,E01003371,1551,0.12458117012335612,12449.714499103287
E01003372,Merton 008B,Merton,E01003372,1704,0.12763733723242762,13350.325515620994
E01003373,Merton 018A,Merton,E01003373,1551,0.16826698035861976,9217.494702
E01003374,Merton 022A,Merton,E01003374,1811,0.33634475159803656,5384.356352806463
E01003375,Merton 022B,Merton,E01003375,1779,1.8244923601681358,975.0657436768091
E01003376,Merton 012B,Merton,E01003376,1571,0.1979650199177931,7935.745419328995
E01003377,Merton 012C,Merton,E01003377,1641,0.11151175035688711,14715.937959435409
E01003378,Merton 018B,Merton,E01003378,2240,0.2237539552615214,10010.996218511133
E01003379,Merton 018C,Merton,E01003379,2025,0.13477833467505557,15024.66998781505
E01003380,Merton 011A,Merton,E01003380,1746,0.2304494212905139,7576.499824657496
E01003381,Merton 016B,Merton,E01003381,1572,0.15710644237696977,10005.955046885076
E01003382,Merton 011B,Merton,E01003382,1783,0.16392735085066457,10876.769439312706
E01003383,Merton 009D,Merton,E01003383,1647,0.2523025835140816,6527.876080619195
E01003384,Merton 009E,Merton,E01003384,1683,0.1516904747167661,11094.961652288775
E01003385,Merton 011C,Merton,E01003385,1636,0.19829782434836246,8250.216588992596
E01003386,Merton 013A,Merton,E01003386,2272,0.1592719901424315,14264.906202077515
E01003387,Merton 014A,Merton,E01003387,2085,0.23040969073628292,9049.098557171372
E01003388,Merton 013B,Merton,E01003388,1727,0.14555541072291625,11864.897302152307
E01003389,Merton 013C,Merton,E01003389,1796,0.1862710969385718,9641.860865791123
E01003390,Merton 018D,Merton,E01003390,1787,0.09310095276383039,19194.218178766558
E01003391,Merton 014B,Merton,E01003391,1322,0.08711489044726292,15175.362021493951
E01003392,Merton 013D,Merton,E01003392,1416,0.2433938450719914,5817.731338198685
E01003393,Merton 008C,Merton,E01003393,1620,0.07589364551600367,21345.66061474002
E01003394,Merton 007A,Merton,E01003394,2064,0.15786697749336248,13074.29858208808
E01003395,Merton 007B,Merton,E01003395,1636,0.21701438260472503,7538.670849202875
E01003396,Merton 007C,Merton,E01003396,1507,0.09828160543867677,15333.489855742122
E01003397,Merton 007D,Merton,E01003397,1522,0.1274976173514251,11937.47798286199
E01003398,Merton 007E,Merton,E01003398,1911,0.20878023729356288,9153.16518829783
E01003399,Merton 011D,Merton,E01003399,1406,0.12896078302518355,10902.53926052415
E01003400,Merton 003A,Merton,E01003400,1461,0.17785422185866312,8214.59274191998
E01003401,Merton 004A,Merton,E01003401,1408,0.17889669064131156,7870.464204522624
E01003402,Merton 004B,Merton,E01003402,1487,0.23109748631433602,6434.5139521656265
E01003403,Merton 004C,Merton,E01003403,1481,0.24921824203145834,5942.582645346869
E01003404,Merton 004D,Merton,E01003404,1833,0.21375197712207591,8575.35927704264
E01003405,Merton 018E,Merton,E01003405,2432,0.278531832399596,8731.497506220145
E01003406,Merton 008D,Merton,E01003406,1688,0.18924323291748235,8919.737704629237
E01003407,Merton 008E,Merton,E01003407,1945,0.19731833654083364,9857.168036674057
E01003408,Merton 012D,Merton,E01003408,1948,0.16163769338164272,12051.644385945163
E01003409,Merton 013E,Merton,E01003409,1800,0.22753624017342547,7910.827737278514
E01003410,Merton 012E,Merton,E01003410,1633,0.12640292241050904,12919.005105725575
E01003411,Merton 014C,Merton,E01003411,2035,0.21090136658971487,9649.060283041532
E01003412,Merton 014D,Merton,E01003412,1755,0.20990153483064972,8361.063207164962
E01003413,Merton 017A,Merton,E01003413,2082,0.30057240490966475,6926.783583561946
E01003414,Merton 017B,Merton,E01003414,1724,0.22561461563761315,7641.34892204468
E01003415,Merton 017C,Merton,E01003415,2390,0.21687080607674722,11020.38602260839
E01003416,Merton 017D,Merton,E01003416,1586,0.3205358841805743,4947.963951226518
E01003417,Merton 025A,Merton,E01003417,1591,0.29636911292894313,5368.305705937228
E01003418,Merton 025B,Merton,E01003418,1442,0.15349125021870352,9394.672321356116
E01003419,Merton 025C,Merton,E01003419,1824,0.6028006347593446,3025.8760439563794
E01003420,Merton 025D,Merton,E01003420,1483,0.1926003115418759,7699.883702823401
E01003421,Merton 021E,Merton,E01003421,1594,0.27045374878062456,5893.7988738804825
E01003422,Merton 025E,Merton,E01003422,1465,0.290674469346506,5040.002320443248
E01003423,Merton 011E,Merton,E01003423,1643,0.20364770669378077,8067.854171667801
E01003424,Merton 015B,Merton,E01003424,1533,0.29865145257100595,5133.073979057648
E01003425,Merton 015C,Merton,E01003425,1488,0.27243529000742966,5461.8474719608475
E01003426,Merton 015D,Merton,E01003426,1756,0.3952434482245836,4442.831393886162
E01003427,Merton 023A,Merton,E01003427,1976,0.34502914466398676,5727.0524260330685
E01003428,Merton 015E,Merton,E01003428,1515,0.30421450872136907,4980.038612778962
E01003429,Merton 019A,Merton,E01003429,1630,0.14655842387674334,11121.844496436735
E01003430,Merton 019B,Merton,E01003430,1675,0.11833029990534023,14155.29244276349
E01003431,Merton 019C,Merton,E01003431,1702,0.1280310047695904,13293.65494758856
E01003432,Merton 019D,Merton,E01003432,1705,0.49497227468546734,3444.637381120894
E01003433,Merton 019E,Merton,E01003433,1595,0.27508987934544443,5798.10498225228
E01003434,Merton 017E,Merton,E01003434,1545,0.1831753624237738,8434.54042921811
E01003435,Merton 014E,Merton,E01003435,2124,0.8076230108438691,2629.9399242979407
E01003436,Merton 023B,Merton,E01003436,1742,0.215194734408167,8094.9936102799375
E01003437,Merton 022C,Merton,E01003437,2031,0.3886127828537151,5226.282020590471
E01003438,Merton 024A,Merton,E01003438,1827,0.1930852525565696,9462.141597089247
E01003439,Merton 023C,Merton,E01003439,1590,0.368944222703549,4309.594519054398
E01003440,Merton 022D,Merton,E01003440,1669,0.45325570638820745,3682.248180170784
E01003441,Merton 022E,Merton,E01003441,1898,0.21849319315087132,8686.769471529558
E01003442,Merton 010A,Merton,E01003442,1682,0.25626817857361045,6563.436823729024
E01003443,Merton 010B,Merton,E01003443,1630,0.21944055880389163,7427.979626394814
E01003444,Merton 010C,Merton,E01003444,1611,0.26592557846011167,6058.085910083474
E01003445,Merton 010D,Merton,E01003445,1808,0.4798153753403275,3768.116014868441
E01003446,Merton 016C,Merton,E01003446,1964,0.2374631126822093,8270.75825721349
E01003447,Merton 016D,Merton,E01003447,1608,0.3974967519479022,4045.3160739556233
E01003448,Merton 023D,Merton,E01003448,2301,0.19993593366483411,11508.686596864169
E01003449,Merton 024B,Merton,E01003449,1873,0.3032097880388374,6177.241216764717
E01003450,Merton 024C,Merton,E01003450,1798,0.2277294914702614,7895.332257547311
E01003451,Merton 024D,Merton,E01003451,1943,0.5752329973667627,3377.7617224575924
E01003452,Merton 024E,Merton,E01003452,2226,0.3349391808594036,6645.982695390902
E01003453,Merton 023E,Merton,E01003453,1839,0.20147572243971898,9127.650605894833
E01003454,Merton 003B,Merton,E01003454,1362,0.15535659697681758,8766.927356185837
E01003455,Merton 005E,Merton,E01003455,1670,0.21530765086500672,7756.343043504079
E01003456,Merton 003C,Merton,E01003456,1602,0.23702207069319842,6758.864249707911
E01003457,Merton 006C,Merton,E01003457,1629,0.14166097117186516,11499.285840866314
E01003458,Merton 006D,Merton,E01003458,1757,0.135424773346724,12973.992546412504
E01003459,Merton 006E,Merton,E01003459,2181,0.1873115433213615,11643.703112616835
E01003460,Merton 002A,Merton,E01003460,1405,3.560017190562724,394.66101560535293
E01003461,Merton 004E,Merton,E01003461,1448,0.2729914517883461,5304.195389688076
E01003462,Merton 002B,Merton,E01003462,1419,0.4397119068802297,3227.112975101928
E01003463,Merton 010E,Merton,E01003463,1505,0.5425444308144655,2773.966360212564
E01003464,Merton 002C,Merton,E01003464,1389,0.788699230897431,1761.1276207528558
E01003465,Merton 002D,Merton,E01003465,1312,0.6157680805746836,2130.672312172365
E01003466,Merton 020A,Merton,E01003466,1711,0.2364054641003718,7237.565368935603
E01003467,Merton 020B,Merton,E01003467,1766,0.393482624004654,4488.127028397351
E01003468,Merton 020C,Merton,E01003468,1761,0.4693522944237073,3751.979101672952
E01003469,Merton 020D,Merton,E01003469,1651,0.2981190696277426,5538.0556569614355
E01003470,Merton 020E,Merton,E01003470,1998,0.25632194266289177,7794.884742379312
E01003471,Merton 016E,Merton,E01003471,1723,0.31484843134915247,5472.474462130231
E01003472,Merton 001A,Merton,E01003472,1352,0.08970143453114635,15072.222724939313
E01003473,Merton 001B,Merton,E01003473,1472,0.206594388780664,7125.0725089285215
E01003474,Merton 001C,Merton,E01003474,1355,0.604461893109503,2241.663230463613
E01003476,Merton 003D,Merton,E01003476,1335,0.17185716858468159,7768.078637593676
E01003477,Merton 003E,Merton,E01003477,1596,0.1840226709670664,8672.844446897676
E01003478,Merton 001E,Merton,E01003478,1911,0.3332572281254175,5734.309232389153
E01003479,Newham 035A,Newham,E01003479,1547,0.2991169071180795,5171.890866701513
E01003480,Newham 033A,Newham,E01003480,2012,0.2884793360305929,6974.503018776463
E01003481,Newham 035B,Newham,E01003481,1476,0.5216146375713405,2829.6751925373824
E01003483,Newham 032A,Newham,E01003483,1654,0.24458520830999633,6762.469453605139
E01003484,Newham 032B,Newham,E01003484,1798,0.09974040029416915,18026.79751331529
E01003485,Newham 035C,Newham,E01003485,1688,0.1525492461223872,11065.279199385563
E01003486,Newham 033C,Newham,E01003486,1206,0.21908314705356113,5504.759340092732
E01003487,Newham 033D,Newham,E01003487,1353,0.12456037556842187,10862.202316151397
E01003488,Newham 019A,Newham,E01003488,1983,0.12828520453573936,15457.74516380453
E01003489,Newham 019B,Newham,E01003489,2993,0.12221035028840013,24490.560684401273
E01003490,Newham 019C,Newham,E01003490,1994,0.10082901121795035,19776.05429145588
E01003491,Newham 022A,Newham,E01003491,1980,0.1030345095483028,19216.862473361623
E01003492,Newham 025A,Newham,E01003492,2032,0.09705626454973736,20936.309566691423
E01003494,Newham 025C,Newham,E01003494,2116,0.1046781114102542,20214.350177822544
E01003495,Newham 025D,Newham,E01003495,2075,0.11829881218192291,17540.328273195275
E01003496,Newham 027A,Newham,E01003496,1342,0.1881139956100899,7133.972119658804
E01003497,Newham 034A,Newham,E01003497,1648,0.6808271025361107,2420.5851880178216
E01003498,Newham 027B,Newham,E01003498,1868,0.23451144840320445,7965.495982048077
E01003499,Newham 030A,Newham,E01003499,2373,0.16969796674264667,13983.667839690404
E01003500,Newham 027C,Newham,E01003500,2049,0.7325044889712233,2797.2524822035534
E01003501,Newham 030B,Newham,E01003501,2355,0.1577205931262958,14931.468068435543
E01003502,Newham 030C,Newham,E01003502,2671,0.15461754222965568,17274.883311964208
E01003503,Newham 030D,Newham,E01003503,2882,0.1473236970456481,19562.3654428589
E01003506,Newham 034D,Newham,E01003506,1425,0.10633538813388402,13400.994955750957
E01003507,Newham 031A,Newham,E01003507,2261,0.1453480423057447,15555.765073491031
E01003508,Newham 031B,Newham,E01003508,2558,0.13193501973093635,19388.33226550991
E01003509,Newham 031C,Newham,E01003509,2065,0.10248244317806773,20149.79284219417
E01003511,Newham 036A,Newham,E01003511,1922,0.09127217754623482,21057.895753899287
E01003512,Newham 036B,Newham,E01003512,1980,0.13039046918439792,15185.158949001772
E01003513,Newham 035D,Newham,E01003513,1562,0.3545480651129892,4405.608586531741
E01003514,Newham 036C,Newham,E01003514,1658,0.17688800236215124,9373.162554040819
E01003515,Newham 036D,Newham,E01003515,2108,0.745198738710214,2828.775587635206
E01003516,Newham 032C,Newham,E01003516,1889,0.13569122732773903,13921.31265374616
E01003517,Newham 036E,Newham,E01003517,1884,0.27492766217553255,6852.7116736515445
E01003518,Newham 032D,Newham,E01003518,1638,0.1799856335410571,9100.726362286858
E01003519,Newham 032E,Newham,E01003519,1619,0.06252266673870235,25894.608858675212
E01003520,Newham 018A,Newham,E01003520,1983,0.1328227596333599,14929.670227254845
E01003521,Newham 018B,Newham,E01003521,2172,0.13469046871164944,16125.862659591017
E01003522,Newham 018C,Newham,E01003522,1852,0.07715317620717312,24004.19647049884
E01003523,Newham 024A,Newham,E01003523,2464,0.20637696798758473,11939.316795022543
E01003524,Newham 019D,Newham,E01003524,1930,0.08847538583530126,21813.97664196384
E01003525,Newham 018D,Newham,E01003525,2076,0.12930228172834868,16055.401128662763
E01003526,Newham 018E,Newham,E01003526,1880,0.10724622620343675,17529.75434710219
E01003527,Newham 024B,Newham,E01003527,1828,0.1652119467965295,11064.575143898732
E01003528,Newham 005A,Newham,E01003528,1359,0.0853618779834301,15920.455736269067
E01003529,Newham 010A,Newham,E01003529,2417,0.11727130504016206,20610.32747245583
E01003530,Newham 010B,Newham,E01003530,1893,0.11905551309577878,15900.145661268987
E01003531,Newham 010C,Newham,E01003531,2253,0.22396612320483297,10059.557078368816
E01003532,Newham 010D,Newham,E01003532,2309,0.11111623809737114,20780.04114913091
E01003533,Newham 011A,Newham,E01003533,2315,0.11306543154703831,20474.86989015645
E01003534,Newham 010E,Newham,E01003534,2323,0.13784337641088804,16852.46009264548
E01003535,Newham 023A,Newham,E01003535,1856,0.49620372084678055,3740.3991990078243
E01003536,Newham 023B,Newham,E01003536,2120,0.17503931891728106,12111.56449370016
E01003537,Newham 024C,Newham,E01003537,2161,0.1941109239556307,11132.80981802938
E01003538,Newham 029A,Newham,E01003538,2137,0.17211167150680434,12416.357248122566
E01003539,Newham 029B,Newham,E01003539,2516,0.25377737809972967,9914.201253238813
E01003540,Newham 029C,Newham,E01003540,2031,0.20876993382531536,9728.412337858019
E01003541,Newham 029D,Newham,E01003541,2022,0.15251342142545174,13257.849578755597
E01003542,Newham 024D,Newham,E01003542,2234,0.13505807384002347,16541.032583110707
E01003543,Newham 001A,Newham,E01003543,2333,0.16705576058673205,13965.396893863786
E01003544,Newham 001B,Newham,E01003544,1811,0.15165759659910735,11941.373466356643
E01003545,Newham 006A,Newham,E01003545,1753,0.17088783707162702,10258.190577163408
E01003546,Newham 001C,Newham,E01003546,1788,0.11322416539267678,15791.681871082672
E01003547,Newham 007A,Newham,E01003547,1955,0.17767848313926102,11003.020542829085
E01003548,Newham 006B,Newham,E01003548,2248,0.22883338371403933,9823.741464266437
E01003549,Newham 006C,Newham,E01003549,2119,0.11932676394345688,17757.96082934161
E01003550,Newham 001D,Newham,E01003550,1779,0.11435618226779568,15556.65784499516
E01003551,Newham 009A,Newham,E01003551,1830,0.09499770206406026,19263.623858669416
E01003552,Newham 016A,Newham,E01003552,1597,0.10806017718579895,14778.802345049962
E01003553,Newham 009B,Newham,E01003553,2021,0.10383738403048468,19463.12514389493
E01003554,Newham 009C,Newham,E01003554,1899,0.09966657171291773,19053.529858235022
E01003555,Newham 007B,Newham,E01003555,1884,0.1672144306272854,11266.970158809825
E01003556,Newham 008A,Newham,E01003556,1969,0.13867081000545972,14199.094963983242
E01003557,Newham 006D,Newham,E01003557,1956,0.17702004361608328,11049.596192858955
E01003558,Newham 008B,Newham,E01003558,1715,0.14969154848332009,11456.892639407093
E01003559,Newham 009D,Newham,E01003559,2390,0.1554248663828304,15377.204791111986
E01003560,Newham 011B,Newham,E01003560,1676,0.0781694492495348,21440.601361406858
E01003561,Newham 007C,Newham,E01003561,1714,0.07982999165211786,21470.627323490746
E01003562,Newham 014A,Newham,E01003562,2100,0.10247107750331341,20493.587567985673
E01003563,Newham 011C,Newham,E01003563,2620,0.08962005108262043,29234.5291968717
E01003564,Newham 014B,Newham,E01003564,2367,0.10990670764649754,21536.44714400132
E01003565,Newham 014C,Newham,E01003565,2089,0.08861316479523079,23574.375261591278
E01003566,Newham 014D,Newham,E01003566,1962,0.09909862468119143,19798.45841768156
E01003567,Newham 007D,Newham,E01003567,1936,0.09870444636864523,19614.111331614702
E01003568,Newham 017A,Newham,E01003568,2586,0.10834609656908364,23867.957239706506
E01003569,Newham 017B,Newham,E01003569,2465,0.10433941265876387,23624.821505001593
E01003570,Newham 008C,Newham,E01003570,1908,0.09977014048963272,19123.958236765873
E01003571,Newham 008D,Newham,E01003571,2278,0.10759987984387308,21171.027359002328
E01003572,Newham 008E,Newham,E01003572,1674,0.09250576931306154,18096.16862203249
E01003573,Newham 017C,Newham,E01003573,2329,0.09852151502708954,23639.506552042127
E01003574,Newham 017D,Newham,E01003574,2549,0.1907548866976874,13362.698298994103
E01003575,Newham 005B,Newham,E01003575,1659,0.14655092289344113,11320.297185752137
E01003576,Newham 002A,Newham,E01003576,1801,0.14452698685085077,12461.340537449933
E01003577,Newham 005C,Newham,E01003577,2387,0.17460520772410001,13670.840813475534
E01003578,Newham 003A,Newham,E01003578,1994,0.8272671922087055,2410.3457973188274
E01003579,Newham 004A,Newham,E01003579,1986,0.09740233054371022,20389.65586258497
E01003580,Newham 005D,Newham,E01003580,2001,0.22549815985494262,8873.68660253012
E01003581,Newham 002B,Newham,E01003581,1802,0.1028256894640149,17524.803474628116
E01003582,Newham 002C,Newham,E01003582,1598,0.08436567700404046,18941.352179553636
E01003583,Newham 002D,Newham,E01003583,2096,0.09904115292570657,21162.920039635097
E01003584,Newham 003B,Newham,E01003584,1916,0.3268600150419276,5861.836602296636
E01003585,Newham 004B,Newham,E01003585,1628,0.07340598508927951,22178.028099751766
E01003586,Newham 003C,Newham,E01003586,1833,0.1509962741212656,12139.37238297623
E01003587,Newham 004C,Newham,E01003587,2486,0.16143103978091888,15399.764527155357
E01003588,Newham 011D,Newham,E01003588,1560,0.07430277650373081,20995.177749806848
E01003589,Newham 011E,Newham,E01003589,1856,0.13530021304177536,13717.642849734024
E01003590,Newham 003D,Newham,E01003590,1607,0.2590074766315129,6204.454098775926
E01003591,Newham 004D,Newham,E01003591,2256,0.16823493873240955,13409.818537089608
E01003592,Newham 022B,Newham,E01003592,1888,0.14439605646161113,13075.149323776306
E01003593,Newham 027D,Newham,E01003593,1508,0.10833899333097602,13919.272771836217
E01003594,Newham 026A,Newham,E01003594,1830,0.1161282391752996,15758.440952829325
E01003595,Newham 026B,Newham,E01003595,1810,0.09019266134525172,20068.1515879816
E01003596,Newham 016B,Newham,E01003596,1717,0.1108774720729906,15485.562286897193
E01003597,Newham 016C,Newham,E01003597,2189,0.09012658176026163,24288.061937406885
E01003598,Newham 021A,Newham,E01003598,1894,0.07231784631139467,26189.939228065403
E01003599,Newham 022C,Newham,E01003599,1650,0.13405641546990732,12308.250927165722
E01003600,Newham 021B,Newham,E01003600,1629,0.1146785217593656,14204.926737878553
E01003601,Newham 028A,Newham,E01003601,2201,0.36219376765479855,6076.857739025869
E01003602,Newham 026C,Newham,E01003602,2187,0.11729005811375308,18646.081647252242
E01003603,Newham 028B,Newham,E01003603,1940,0.20212413028721166,9598.062325578469
E01003604,Newham 031D,Newham,E01003604,2290,0.21539797884578926,10631.48323058077
E01003605,Newham 028C,Newham,E01003605,2070,0.10659197176330158,19419.849035128533
E01003607,Newham 026D,Newham,E01003607,1895,0.12630844094396146,15002.956143214085
E01003608,Newham 028D,Newham,E01003608,2034,0.09279740923241421,21918.71536958299
E01003611,Newham 037C,Newham,E01003611,1961,0.14818340775758906,13233.600371830897
E01003615,Newham 013C,Newham,E01003615,1703,0.10756431891806743,15832.387701884563
E01003616,Newham 012A,Newham,E01003616,1846,0.14592009672666972,12650.759157992032
E01003618,Newham 012C,Newham,E01003618,2269,0.16112198691576451,14082.497636937944
E01003619,Newham 012D,Newham,E01003619,2483,0.25482643571209007,9743.887022794455
E01003621,Newham 023C,Newham,E01003621,1652,0.06631263357921302,24912.296659529013
E01003622,Newham 023D,Newham,E01003622,1821,0.24590987084536983,7405.152114227492
E01003623,Newham 023E,Newham,E01003623,1756,0.2755955041693379,6371.656915422818
E01003624,Newham 024E,Newham,E01003624,1689,0.14331738248717665,11785.032427250222
E01003625,Newham 015A,Newham,E01003625,1682,0.3164558789300571,5315.1169309506
E01003626,Newham 015B,Newham,E01003626,1682,0.10164859601864645,16547.203462519574
E01003627,Newham 015C,Newham,E01003627,1525,0.07679966467708993,19856.857532021517
E01003628,Newham 015D,Newham,E01003628,1691,0.09305198714091945,18172.63716721194
E01003629,Newham 015E,Newham,E01003629,1947,0.06417233661617404,30340.17619843496
E01003630,Newham 021C,Newham,E01003630,1890,0.1050036017314804,17999.382581496462
E01003631,Newham 020A,Newham,E01003631,1866,0.16376399666227573,11394.44589794777
E01003632,Newham 020B,Newham,E01003632,2425,0.13769635199272504,17611.21456673101
E01003633,Newham 020C,Newham,E01003633,1857,0.09564039791959934,19416.481323729935
E01003634,Newham 020D,Newham,E01003634,1751,0.14616895514317998,11979.287929402011
E01003635,Newham 016D,Newham,E01003635,1825,0.3932832821159859,4640.420996745487
E01003636,Newham 020E,Newham,E01003636,2197,0.1995011609022663,11012.467246124394
E01003637,Newham 021D,Newham,E01003637,1889,0.09303996584085425,20303.102896997538
E01003638,Redbridge 017A,Redbridge,E01003638,1907,0.2667306717001787,7149.5339768933
E01003639,Redbridge 013A,Redbridge,E01003639,2256,1.0334788960643595,2182.9183049515395
E01003640,Redbridge 013B,Redbridge,E01003640,1958,6.111974791295257,320.3547244318818
E01003641,Redbridge 013C,Redbridge,E01003641,2035,0.26199055599145943,7767.455556933657
E01003642,Redbridge 013D,Redbridge,E01003642,1766,0.3086515396625061,5721.662694218297
E01003643,Redbridge 017B,Redbridge,E01003643,2275,0.19836730060191413,11468.624078146313
E01003644,Redbridge 017C,Redbridge,E01003644,1656,0.15540292301892686,10656.170217585368
E01003645,Redbridge 017D,Redbridge,E01003645,2787,0.25489056348098066,10934.10427572757
E01003646,Redbridge 012A,Redbridge,E01003646,1916,0.20987868723270714,9129.083211177118
E01003647,Redbridge 015A,Redbridge,E01003647,1969,0.1594552303898997,12348.293594292292
E01003648,Redbridge 012B,Redbridge,E01003648,1513,0.21889932423512867,6911.85322424671
E01003649,Redbridge 012C,Redbridge,E01003649,1676,0.1831613519438413,9150.401993723406
E01003650,Redbridge 015B,Redbridge,E01003650,1779,0.19678456638640224,9040.343115662796
E01003651,Redbridge 012D,Redbridge,E01003651,1516,0.18961219768002782,7995.2662252154405
E01003652,Redbridge 015C,Redbridge,E01003652,1615,0.17117057707292513,9435.032746965322
E01003653,Redbridge 015D,Redbridge,E01003653,2163,0.20371479269661186,10617.785637301806
E01003654,Redbridge 004A,Redbridge,E01003654,1702,0.2320971492085261,7333.136170797384
E01003655,Redbridge 004B,Redbridge,E01003655,1571,0.22832312925409495,6880.5994606515505
E01003656,Redbridge 005A,Redbridge,E01003656,1559,0.5459483375359673,2855.581550144921
E01003657,Redbridge 005B,Redbridge,E01003657,2168,0.4318308225284502,5020.484613177806
E01003658,Redbridge 004C,Redbridge,E01003658,1720,0.22929040177961363,7501.404274450211
E01003659,Redbridge 005C,Redbridge,E01003659,1756,0.37355942018891036,4700.724717668702
E01003660,Redbridge 004D,Redbridge,E01003660,1775,0.5402177278801333,3285.7122385917837
E01003661,Redbridge 019A,Redbridge,E01003661,2225,0.20805786018482528,10694.14055313004
E01003662,Redbridge 019B,Redbridge,E01003662,2142,0.1830479598616782,11701.851261377735
E01003663,Redbridge 019C,Redbridge,E01003663,1959,0.3191094359756575,6138.959802333886
E01003664,Redbridge 019D,Redbridge,E01003664,1911,0.16597002723933435,11514.127169746582
E01003665,Redbridge 019E,Redbridge,E01003665,1710,0.16882815168521434,10128.642545280905
E01003666,Redbridge 019F,Redbridge,E01003666,2903,0.21765828395092524,13337.420231864598
E01003668,Redbridge 007A,Redbridge,E01003668,1719,0.22005108429877251,7811.822447855073
E01003669,Redbridge 007B,Redbridge,E01003669,1549,0.1841050049607871,8413.676751101495
E01003670,Redbridge 007C,Redbridge,E01003670,1532,0.23791149215608487,6439.369473564194
E01003671,Redbridge 007D,Redbridge,E01003671,1557,0.2063885287869061,7544.023929777538
E01003672,Redbridge 007E,Redbridge,E01003672,1697,0.1796702586578772,9445.080185649298
E01003673,Redbridge 007F,Redbridge,E01003673,1917,0.19501526790593082,9829.99957174994
E01003674,Redbridge 007G,Redbridge,E01003674,2424,0.270671629442056,8955.500822146258
E01003675,Redbridge 036A,Redbridge,E01003675,1723,0.22936959845505187,7511.893518607025
E01003676,Redbridge 036B,Redbridge,E01003676,1941,0.187127058276275,10372.631397509072
E01003677,Redbridge 036C,Redbridge,E01003677,1808,0.6065853060787225,2980.6195136638507
E01003678,Redbridge 036D,Redbridge,E01003678,1639,0.2684766530826957,6104.813886722426
E01003679,Redbridge 036E,Redbridge,E01003679,1759,0.22050677605258412,7977.07912422851
E01003680,Redbridge 036F,Redbridge,E01003680,1667,0.20713002288712293,8048.084853968487
E01003681,Redbridge 036G,Redbridge,E01003681,2026,0.481563561202585,4207.128950829606
E01003682,Redbridge 036H,Redbridge,E01003682,1858,0.2765338052254324,6718.889209532066
E01003683,Redbridge 030A,Redbridge,E01003683,2187,0.12128433640763167,18032.006974499847
E01003684,Redbridge 030B,Redbridge,E01003684,1866,0.1126287342426469,16567.708165661323
E01003685,Redbridge 030C,Redbridge,E01003685,1925,0.11393967629865465,16894.90494034982
E01003686,Redbridge 030D,Redbridge,E01003686,2020,0.1666972410021924,12117.77704211333
E01003688,Redbridge 030F,Redbridge,E01003688,1842,0.13289573066991564,13860.490406385823
E01003689,Redbridge 030G,Redbridge,E01003689,2231,0.2509864881101686,8888.924725783325
E01003690,Redbridge 035A,Redbridge,E01003690,2155,0.7719438537794785,2791.653809339895
E01003691,Redbridge 035B,Redbridge,E01003691,1606,0.22734440430284225,7064.172108941244
E01003692,Redbridge 035C,Redbridge,E01003692,1642,0.15364722803607628,10686.818245848597
E01003693,Redbridge 035D,Redbridge,E01003693,1702,0.4469466231192294,3808.0609897481363
E01003694,Redbridge 035E,Redbridge,E01003694,1467,0.21067145247853303,6963.449403043747
E01003695,Redbridge 035F,Redbridge,E01003695,1523,0.12819691834758737,11880.16076853428
E01003696,Redbridge 035G,Redbridge,E01003696,1784,0.19231961999570998,9276.224651649141
E01003697,Redbridge 035H,Redbridge,E01003697,1728,0.2729890573941363,6329.92405078401
E01003698,Redbridge 006A,Redbridge,E01003698,1526,0.18727788694049954,8148.319189893619
E01003699,Redbridge 006B,Redbridge,E01003699,1554,0.8548960391158394,1817.764884730541
E01003700,Redbridge 006C,Redbridge,E01003700,2525,0.6616363726427155,3816.295633679594
E01003701,Redbridge 006D,Redbridge,E01003701,2053,0.29675331388110365,6918.204124327148
E01003702,Redbridge 006E,Redbridge,E01003702,2252,0.3072690025707291,7329.082924599987
E01003703,Redbridge 006F,Redbridge,E01003703,2651,0.9896962055203593,2678.59974122682
E01003704,Redbridge 006G,Redbridge,E01003704,2032,0.2924319635929284,6948.624818689751
E01003705,Redbridge 010A,Redbridge,E01003705,2420,0.3178181646442317,7614.416887433002
E01003706,Redbridge 010B,Redbridge,E01003706,1702,0.19344765986941015,8798.245484845676
E01003707,Redbridge 008A,Redbridge,E01003707,1529,0.25012592664634115,6112.920881496178
E01003708,Redbridge 008B,Redbridge,E01003708,2064,0.4432350357428939,4656.671593076091
E01003709,Redbridge 008C,Redbridge,E01003709,1772,0.23429424990479242,7563.139089926741
E01003710,Redbridge 008D,Redbridge,E01003710,1520,0.219403784279463,6927.865920780645
E01003711,Redbridge 010C,Redbridge,E01003711,1912,0.36165560744407216,5286.797607018106
E01003712,Redbridge 010D,Redbridge,E01003712,1500,0.17056912580088565,8794.08857234239
E01003713,Redbridge 034A,Redbridge,E01003713,1884,0.1457473940436607,12926.474688361297
E01003714,Redbridge 034B,Redbridge,E01003714,2424,0.17801786984612966,13616.6105239614
E01003715,Redbridge 034C,Redbridge,E01003715,2216,0.15909267487002185,13928.988256753268
E01003716,Redbridge 034D,Redbridge,E01003716,1819,0.34739677206729297,5236.087800054884
E01003718,Redbridge 034E,Redbridge,E01003718,2003,0.1432481647230638,13982.727135613384
E01003719,Redbridge 034F,Redbridge,E01003719,2404,0.3868590018412523,6214.150345625102
E01003720,Redbridge 002A,Redbridge,E01003720,1922,0.5261178909324631,3653.1736196873107
E01003721,Redbridge 003A,Redbridge,E01003721,1895,0.1845008238960167,10270.956844442104
E01003722,Redbridge 002B,Redbridge,E01003722,2418,0.2827084474486457,8552.981072273167
E01003723,Redbridge 002C,Redbridge,E01003723,1915,0.2927730705575745,6540.902127210537
E01003724,Redbridge 003B,Redbridge,E01003724,1483,0.2141676630505016,6924.48140338676
E01003725,Redbridge 003C,Redbridge,E01003725,1760,0.15017669464581254,11719.52814749925
E01003726,Redbridge 002D,Redbridge,E01003726,2527,3.802801547155204,664.5100904333005
E01003727,Redbridge 003D,Redbridge,E01003727,1781,0.211545480246609,8418.993390564528
E01003729,Redbridge 032B,Redbridge,E01003729,1773,0.11593715704439485,15292.767609620441
E01003730,Redbridge 032C,Redbridge,E01003730,1838,0.08939770120010225,20559.812784066286
E01003731,Redbridge 033A,Redbridge,E01003731,1413,0.13979133096295543,10107.922932463127
E01003732,Redbridge 032D,Redbridge,E01003732,1832,0.11980034551601954,15292.109485235396
E01003733,Redbridge 032E,Redbridge,E01003733,1838,0.0999783132695669,18383.986885678754
E01003734,Redbridge 033B,Redbridge,E01003734,1836,0.12557878947910905,14620.303377788428
E01003735,Redbridge 033C,Redbridge,E01003735,2109,0.19944404709613245,10574.39432616135
E01003736,Redbridge 033D,Redbridge,E01003736,2037,0.09906616501980633,20562.01529142409
E01003737,Redbridge 031A,Redbridge,E01003737,2973,0.35388890878057955,8400.941443020296
E01003738,Redbridge 031B,Redbridge,E01003738,2378,0.23254636931214354,10225.917553707519
E01003739,Redbridge 031C,Redbridge,E01003739,2395,0.28894199476895677,8288.860890280366
E01003740,Redbridge 031D,Redbridge,E01003740,2222,0.44611690126752884,4980.75727166298
E01003741,Redbridge 031E,Redbridge,E01003741,2047,0.23945754485084236,8548.488214372499
E01003742,Redbridge 031F,Redbridge,E01003742,2374,0.14410995176615513,16473.53268046506
E01003743,Redbridge 031G,Redbridge,E01003743,1902,0.17257571076338735,11021.249697228639
E01003744,Redbridge 001A,Redbridge,E01003744,1453,0.6679213161722863,2175.405942015492
E01003745,Redbridge 001B,Redbridge,E01003745,1412,0.49256112826871606,2866.64927247301
E01003746,Redbridge 001C,Redbridge,E01003746,1618,0.6337912399793142,2552.891075068833
E01003747,Redbridge 001D,Redbridge,E01003747,1361,0.29309203405431705,4643.59259845245
E01003748,Redbridge 001E,Redbridge,E01003748,1636,0.40828721658163547,4006.9831568505356
E01003749,Redbridge 001F,Redbridge,E01003749,1765,0.2058028244195568,8576.169957715496
E01003750,Redbridge 001G,Redbridge,E01003750,1913,0.3747554985268182,5104.661592745389
E01003751,Redbridge 020A,Redbridge,E01003751,2274,0.5997218174567118,3791.7580014739724
E01003752,Redbridge 023A,Redbridge,E01003752,2772,0.22758266158559573,12180.189741552116
E01003753,Redbridge 020B,Redbridge,E01003753,1987,0.17154606302964073,11582.89479168446
E01003754,Redbridge 020C,Redbridge,E01003754,1721,0.16685459978016529,10314.369530522123
E01003755,Redbridge 023B,Redbridge,E01003755,2413,0.21910437417245102,11013.016098440801
E01003756,Redbridge 023C,Redbridge,E01003756,2496,0.2503573916029806,9969.74758371897
E01003757,Redbridge 020D,Redbridge,E01003757,2141,0.22666457425040507,9445.675430668558
E01003759,Redbridge 009A,Redbridge,E01003759,1586,0.22480190189952312,7055.100453326567
E01003760,Redbridge 009B,Redbridge,E01003760,1895,0.3037679638525114,6238.314192078794
E01003761,Redbridge 009C,Redbridge,E01003761,1824,0.10025592186092094,18193.439012314167
E01003762,Redbridge 009D,Redbridge,E01003762,1730,0.2511430213667441,6888.505165642972
E01003763,Redbridge 009E,Redbridge,E01003763,2010,0.6998824020375922,2871.9110441242933
E01003764,Redbridge 009F,Redbridge,E01003764,2105,0.5372063296974539,3918.419950832491
E01003765,Redbridge 009G,Redbridge,E01003765,1939,0.22784667257795616,8510.108916936606
E01003766,Redbridge 024A,Redbridge,E01003766,2175,0.14921991456529873,14575.8024747308
E01003767,Redbridge 024B,Redbridge,E01003767,2196,0.20145630173567083,10900.62698997301
E01003768,Redbridge 024C,Redbridge,E01003768,1922,0.1760725099260701,10915.957299677364
E01003769,Redbridge 022A,Redbridge,E01003769,1877,0.2419982175247708,7756.255476583712
E01003770,Redbridge 022B,Redbridge,E01003770,2886,0.6916435808210315,4172.669392194904
E01003771,Redbridge 022C,Redbridge,E01003771,1793,0.22996014480596857,7797.003265556576
E01003772,Redbridge 024D,Redbridge,E01003772,1816,0.15215427543613658,11935.254496100086
E01003773,Redbridge 022D,Redbridge,E01003773,1827,0.23663080982549167,7720.88808446947
E01003774,Redbridge 014A,Redbridge,E01003774,1934,0.2598982194819979,7441.374565222676
E01003775,Redbridge 014B,Redbridge,E01003775,1658,0.330176832100553,5021.5516014614495
E01003776,Redbridge 014C,Redbridge,E01003776,1735,0.33756336186638963,5139.775805073085
E01003777,Redbridge 014D,Redbridge,E01003777,1824,0.23694403475049675,7698.020344427245
E01003778,Redbridge 014E,Redbridge,E01003778,1945,0.35333105094005157,5504.752539651549
E01003779,Redbridge 014F,Redbridge,E01003779,1649,0.16747494551751202,9846.248911468207
E01003780,Redbridge 014G,Redbridge,E01003780,1563,0.2999090541763796,5211.579904756006
E01003781,Redbridge 026A,Redbridge,E01003781,2018,0.16897528466946501,11942.57493897666
E01003782,Redbridge 026B,Redbridge,E01003782,1740,0.16888303985059772,10302.988396817644
E01003783,Redbridge 029A,Redbridge,E01003783,2530,0.2355556377764979,10740.562288730012
E01003784,Redbridge 029B,Redbridge,E01003784,2007,0.13758344626661095,14587.510739560992
E01003785,Redbridge 029C,Redbridge,E01003785,2047,0.3714795350160585,5510.397766357469
E01003786,Redbridge 026C,Redbridge,E01003786,1636,0.1302336821872467,12562.034433210607
E01003787,Redbridge 026D,Redbridge,E01003787,1645,0.13533506668513134,12155.016732117432
E01003788,Redbridge 029D,Redbridge,E01003788,1835,0.15856308535230546,11572.680967470338
E01003789,Redbridge 018A,Redbridge,E01003789,1424,0.30826378275623556,4619.420378442739
E01003790,Redbridge 027A,Redbridge,E01003790,1498,0.8553121902101163,1751.4072839672738
E01003791,Redbridge 027B,Redbridge,E01003791,1501,1.2968447186435037,1157.4246156240217
E01003792,Redbridge 027C,Redbridge,E01003792,1423,0.7764589658662617,1832.6789470611886
E01003793,Redbridge 027D,Redbridge,E01003793,1581,0.5695345052354923,2775.95121185201
E01003794,Redbridge 018B,Redbridge,E01003794,1549,0.35680370272278317,4341.322660554024
E01003795,Redbridge 018C,Redbridge,E01003795,1235,0.7948814008615122,1553.6909011350326
E01003796,Redbridge 018D,Redbridge,E01003796,1580,0.24482348207512916,6453.629311240432
E01003797,Richmond upon Thames 001A,Richmond upon Thames,E01003797,1425,0.42642094196971403,3341.7683320562824
E01003798,Richmond upon Thames 001B,Richmond upon Thames,E01003798,1406,0.21890790179810007,6422.792363597552
E01003799,Richmond upon Thames 001C,Richmond upon Thames,E01003799,1573,0.8347292313189725,1884.4434110860968
E01003800,Richmond upon Thames 001D,Richmond upon Thames,E01003800,1503,0.25611870048752694,5868.372739432967
E01003801,Richmond upon Thames 001E,Richmond upon Thames,E01003801,1281,0.31420627786639455,4076.9395465252333
E01003802,Richmond upon Thames 001F,Richmond upon Thames,E01003802,1387,0.392655442232867,3532.3590375131744
E01003803,Richmond upon Thames 001G,Richmond upon Thames,E01003803,1555,0.19875897542825746,7823.5460645211515
E01003804,Richmond upon Thames 005A,Richmond upon Thames,E01003804,1904,0.1780503383684228,10693.60506386813
E01003805,Richmond upon Thames 012A,Richmond upon Thames,E01003805,1727,0.7982377250803191,2163.5158872330026
E01003806,Richmond upon Thames 012B,Richmond upon Thames,E01003806,1473,4.150736927036883,354.8767425864162
E01003807,Richmond upon Thames 005B,Richmond upon Thames,E01003807,1964,0.18392177093214082,10678.453072989554
E01003808,Richmond upon Thames 005C,Richmond upon Thames,E01003808,1890,0.13337161516070364,14170.931331398211
E01003809,Richmond upon Thames 005D,Richmond upon Thames,E01003809,1710,0.39604010292494557,4317.74456013629
E01003810,Richmond upon Thames 019A,Richmond upon Thames,E01003810,1630,0.18690200878405525,8721.147571416881
E01003811,Richmond upon Thames 018A,Richmond upon Thames,E01003811,1841,0.17659437785408996,10425.020447259738
E01003812,Richmond upon Thames 018B,Richmond upon Thames,E01003812,1856,0.29108203959895745,6376.209272674917
E01003813,Richmond upon Thames 019B,Richmond upon Thames,E01003813,1618,0.3147155551996597,5141.150392053292
E01003814,Richmond upon Thames 019C,Richmond upon Thames,E01003814,1786,0.42252737288459546,4226.945080047651
E01003815,Richmond upon Thames 019D,Richmond upon Thames,E01003815,1988,0.5198715372900022,3824.021623424683
E01003816,Richmond upon Thames 012C,Richmond upon Thames,E01003816,1739,3.0465334892550433,570.8126978197869
E01003817,Richmond upon Thames 012D,Richmond upon Thames,E01003817,1987,4.101020168982426,484.51358884514536
E01003818,Richmond upon Thames 017A,Richmond upon Thames,E01003818,1607,0.4813893566247922,3338.2541136083714
E01003819,Richmond upon Thames 017B,Richmond upon Thames,E01003819,1773,1.0509301589989226,1687.0769049856697
E01003820,Richmond upon Thames 017C,Richmond upon Thames,E01003820,2031,0.30105978462524385,6746.1683815663655
E01003821,Richmond upon Thames 008A,Richmond upon Thames,E01003821,1691,0.295530248001545,5721.918522503184
E01003822,Richmond upon Thames 023A,Richmond upon Thames,E01003822,1480,0.3780116279299512,3915.2234763377614
E01003823,Richmond upon Thames 023B,Richmond upon Thames,E01003823,1702,4.2821745996073,397.4616075103717
E01003824,Richmond upon Thames 023C,Richmond upon Thames,E01003824,1630,0.32500127175797006,5015.36498975262
E01003825,Richmond upon Thames 023D,Richmond upon Thames,E01003825,1774,0.3459099963601266,5128.501687338027
E01003826,Richmond upon Thames 023E,Richmond upon Thames,E01003826,1782,1.0790618258116096,1651.4345678568325
E01003827,Richmond upon Thames 023F,Richmond upon Thames,E01003827,1934,0.44704001575616875,4326.234636352713
E01003828,Richmond upon Thames 020A,Richmond upon Thames,E01003828,1527,0.3119516360163981,4894.9895551108175
E01003829,Richmond upon Thames 020B,Richmond upon Thames,E01003829,1690,0.4017710510820413,4206.375734260912
E01003830,Richmond upon Thames 020C,Richmond upon Thames,E01003830,1858,0.5066453349315024,3667.2596625234855
E01003831,Richmond upon Thames 020D,Richmond upon Thames,E01003831,1681,0.31674027655150866,5307.187384887674
E01003832,Richmond upon Thames 020E,Richmond upon Thames,E01003832,1487,0.2235497458499965,6651.763321608908
E01003833,Richmond upon Thames 020F,Richmond upon Thames,E01003833,1473,0.1947709000492498,7562.731391740434
E01003834,Richmond upon Thames 022A,Richmond upon Thames,E01003834,1600,1.08674283819118,1472.2894357078135
E01003835,Richmond upon Thames 022B,Richmond upon Thames,E01003835,1644,0.3582779697385535,4588.615931924805
E01003836,Richmond upon Thames 022C,Richmond upon Thames,E01003836,1381,0.25409862773738096,5434.897513210137
E01003837,Richmond upon Thames 022D,Richmond upon Thames,E01003837,2058,0.5132884934771815,4009.441135254066
E01003838,Richmond upon Thames 022E,Richmond upon Thames,E01003838,1790,0.30200307012057326,5927.092063287142
E01003839,Richmond upon Thames 022F,Richmond upon Thames,E01003839,2282,0.23126745963200393,9867.363111226936
E01003840,Richmond upon Thames 013A,Richmond upon Thames,E01003840,1826,0.19576485282432451,9327.517037180398
E01003841,Richmond upon Thames 013B,Richmond upon Thames,E01003841,2161,0.290583265548279,7436.766862408876
E01003842,Richmond upon Thames 013C,Richmond upon Thames,E01003842,1716,0.39271641424596504,4369.565258164228
E01003843,Richmond upon Thames 013D,Richmond upon Thames,E01003843,2215,0.3279326489884927,6754.435725848466
E01003844,Richmond upon Thames 013E,Richmond upon Thames,E01003844,1462,0.28546897217627354,5121.397218249111
E01003845,Richmond upon Thames 013F,Richmond upon Thames,E01003845,1707,0.4116239648003316,4146.98886841543
E01003846,Richmond upon Thames 002A,Richmond upon Thames,E01003846,1710,0.24262212216084997,7047.997044829778
E01003847,Richmond upon Thames 002B,Richmond upon Thames,E01003847,1692,1.5965844780355898,1059.762275831347
E01003848,Richmond upon Thames 004A,Richmond upon Thames,E01003848,1905,0.19975572467332217,9536.64783883121
E01003849,Richmond upon Thames 002C,Richmond upon Thames,E01003849,1531,0.200129122930998,7650.061008501344
E01003851,Richmond upon Thames 002D,Richmond upon Thames,E01003851,1602,0.24628235084907885,6504.729204009025
E01003852,Richmond upon Thames 003A,Richmond upon Thames,E01003852,1360,0.671991794911247,2023.8342347314244
E01003853,Richmond upon Thames 003B,Richmond upon Thames,E01003853,1434,0.2974722127615867,4820.618324943512
E01003854,Richmond upon Thames 003C,Richmond upon Thames,E01003854,1416,0.14357906090800268,9862.162289160622
E01003855,Richmond upon Thames 003D,Richmond upon Thames,E01003855,1930,0.2930509148378583,6585.886282142634
E01003856,Richmond upon Thames 003E,Richmond upon Thames,E01003856,1691,0.12433167266389142,13600.717852250875
E01003857,Richmond upon Thames 003F,Richmond upon Thames,E01003857,1885,0.14677132472776075,12843.108171820335
E01003858,Richmond upon Thames 003G,Richmond upon Thames,E01003858,1658,0.16522741870255897,10034.654133190314
E01003859,Richmond upon Thames 005E,Richmond upon Thames,E01003859,1623,0.19555047033978457,8299.647641756666
E01003860,Richmond upon Thames 002E,Richmond upon Thames,E01003860,1716,1.5275495431895745,1123.3678198200594
E01003861,Richmond upon Thames 004C,Richmond upon Thames,E01003861,1955,0.18797540267989196,10400.296911874255
E01003862,Richmond upon Thames 004D,Richmond upon Thames,E01003862,1930,0.21124767155647578,9136.195375692112
E01003863,Richmond upon Thames 004E,Richmond upon Thames,E01003863,1451,0.21102643290907444,6875.915874601342
E01003864,Richmond upon Thames 002F,Richmond upon Thames,E01003864,1464,0.2561168529546384,5716.140828340154
E01003865,Richmond upon Thames 004F,Richmond upon Thames,E01003865,1445,0.1367820903311954,10564.248554040734
E01003866,Richmond upon Thames 007A,Richmond upon Thames,E01003866,1694,0.1524833837166372,11109.40719382246
E01003867,Richmond upon Thames 011A,Richmond upon Thames,E01003867,1598,0.4094028573593648,3903.2458403125183
E01003868,Richmond upon Thames 007B,Richmond upon Thames,E01003868,1568,0.13196777331822326,11881.688692427735
E01003869,Richmond upon Thames 011B,Richmond upon Thames,E01003869,1661,0.3193977654365831,5200.412087196628
E01003870,Richmond upon Thames 011C,Richmond upon Thames,E01003870,2100,0.4295734331969934,4888.57046948009
E01003871,Richmond upon Thames 007C,Richmond upon Thames,E01003871,1756,0.19663039921405495,8930.460432460348
E01003872,Richmond upon Thames 007D,Richmond upon Thames,E01003872,1567,0.3181368035839982,4925.553982899254
E01003873,Richmond upon Thames 006A,Richmond upon Thames,E01003873,1632,0.191281168610011,8531.942855950258
E01003874,Richmond upon Thames 006B,Richmond upon Thames,E01003874,1526,0.1416643220356069,10771.942985167745
E01003875,Richmond upon Thames 006C,Richmond upon Thames,E01003875,1675,0.5028115030465634,3331.268258285819
E01003876,Richmond upon Thames 008B,Richmond upon Thames,E01003876,1867,0.47300042183385915,3947.142357212911
E01003877,Richmond upon Thames 008C,Richmond upon Thames,E01003877,1498,0.15748191255222507,9512.20350148608
E01003878,Richmond upon Thames 006D,Richmond upon Thames,E01003878,1468,0.9972511799395398,1472.0463906485427
E01003879,Richmond upon Thames 008D,Richmond upon Thames,E01003879,1416,0.18559388268310534,7629.561812755259
E01003880,Richmond upon Thames 016A,Richmond upon Thames,E01003880,1563,0.22772521382250135,6863.535107791218
E01003881,Richmond upon Thames 016B,Richmond upon Thames,E01003881,1770,0.3288986307092452,5381.597351692003
E01003882,Richmond upon Thames 014A,Richmond upon Thames,E01003882,2000,0.2127975037259691,9398.60649199865
E01003883,Richmond upon Thames 014B,Richmond upon Thames,E01003883,2024,0.19555300858148178,10350.13480325286
E01003884,Richmond upon Thames 016C,Richmond upon Thames,E01003884,1735,0.28538402258260037,6079.527453215531
E01003885,Richmond upon Thames 016D,Richmond upon Thames,E01003885,1539,0.440313230195739,3495.2390581492305
E01003886,Richmond upon Thames 021A,Richmond upon Thames,E01003886,1646,0.20450557152690074,8048.680472177182
E01003887,Richmond upon Thames 021B,Richmond upon Thames,E01003887,1796,0.21562378487687975,8329.322300995265
E01003888,Richmond upon Thames 021C,Richmond upon Thames,E01003888,2045,0.7992500282721879,2558.6486426792676
E01003889,Richmond upon Thames 021D,Richmond upon Thames,E01003889,1662,2.526680238435661,657.7801079526356
E01003890,Richmond upon Thames 018C,Richmond upon Thames,E01003890,1670,0.21454069191195457,7784.071101464294
E01003891,Richmond upon Thames 018D,Richmond upon Thames,E01003891,1746,0.3009562777047553,5801.507160162528
E01003892,Richmond upon Thames 009A,Richmond upon Thames,E01003892,2090,0.40712817755141684,5133.518423042706
E01003893,Richmond upon Thames 009B,Richmond upon Thames,E01003893,1623,0.21952915395804193,7393.095498879388
E01003894,Richmond upon Thames 009C,Richmond upon Thames,E01003894,1662,0.16739839395215456,9928.410666084581
E01003895,Richmond upon Thames 009D,Richmond upon Thames,E01003895,1774,0.45004426356423266,3941.8344896797144
E01003896,Richmond upon Thames 014C,Richmond upon Thames,E01003896,1882,0.30149954313204136,6242.132178541247
E01003897,Richmond upon Thames 014D,Richmond upon Thames,E01003897,1960,0.19601928400013563,9999.016219234041
E01003898,Richmond upon Thames 015A,Richmond upon Thames,E01003898,1693,0.17895774876499695,9460.333579761373
E01003899,Richmond upon Thames 015B,Richmond upon Thames,E01003899,1484,0.16977612655685762,8740.922708605984
E01003900,Richmond upon Thames 015C,Richmond upon Thames,E01003900,1685,0.7502743073800012,2245.845264092958
E01003901,Richmond upon Thames 015D,Richmond upon Thames,E01003901,1789,0.2797491943584813,6395.013948485253
E01003902,Richmond upon Thames 015E,Richmond upon Thames,E01003902,1374,0.15661998410954592,8772.826838233956
E01003903,Richmond upon Thames 015F,Richmond upon Thames,E01003903,1657,0.6806609001745865,2434.3986845358486
E01003904,Richmond upon Thames 015G,Richmond upon Thames,E01003904,1626,0.24599707705892981,6609.834634785046
E01003905,Richmond upon Thames 010A,Richmond upon Thames,E01003905,1281,0.37443086298781164,3421.1923391627543
E01003906,Richmond upon Thames 010B,Richmond upon Thames,E01003906,1702,0.2084065061987932,8166.7316008671505
E01003907,Richmond upon Thames 010C,Richmond upon Thames,E01003907,1675,0.24300769443939021,6892.7858595760235
E01003908,Richmond upon Thames 010D,Richmond upon Thames,E01003908,1815,0.28932938203314923,6273.127144038384
E01003909,Richmond upon Thames 010E,Richmond upon Thames,E01003909,1634,0.2215144113988227,7376.4952342449915
E01003910,Richmond upon Thames 011D,Richmond upon Thames,E01003910,1655,0.29186537814371594,5670.422475340908
E01003911,Southwark 020A,Southwark,E01003911,2088,0.11363395029655869,18374.790232591546
E01003912,Southwark 019A,Southwark,E01003912,1952,0.08037446588039239,24286.32002239155
E01003913,Southwark 024A,Southwark,E01003913,2043,0.23368313439015923,8742.60782803859
E01003914,Southwark 024B,Southwark,E01003914,1855,0.14689809085140199,12627.801962902746
E01003915,Southwark 024C,Southwark,E01003915,1850,0.09740938490828073,18992.0098740171
E01003916,Southwark 020B,Southwark,E01003916,2412,0.14959621491059846,16123.402597060742
E01003917,Southwark 020C,Southwark,E01003917,1885,0.1105806243925209,17046.385932032157
E01003918,Southwark 020D,Southwark,E01003918,1465,0.08719111280827735,16802.17114812328
E01003919,Southwark 021A,Southwark,E01003919,1564,0.1479601964449765,10570.410404811953
E01003920,Southwark 021B,Southwark,E01003920,2107,0.08683565998238636,24264.225094015306
E01003921,Southwark 021C,Southwark,E01003921,1917,0.12555987594595472,15267.61623135995
E01003922,Southwark 021D,Southwark,E01003922,2234,0.13410788980946073,16658.229453718548
E01003923,Southwark 017A,Southwark,E01003923,1634,0.11971829343177876,13648.707755186402
E01003924,Southwark 021E,Southwark,E01003924,2092,0.0788883799588407,26518.480935867643
E01003925,Southwark 020E,Southwark,E01003925,2032,0.08764970357428299,23183.19306439962
E01003926,Southwark 021F,Southwark,E01003926,1397,0.1058187099975937,13201.824138961509
E01003929,Southwark 002B,Southwark,E01003929,1999,0.2357547981618663,8479.148740919842
E01003930,Southwark 034A,Southwark,E01003930,1967,0.10784921459417436,18238.426746097513
E01003932,Southwark 034B,Southwark,E01003932,1541,0.1229914426511778,12529.32697415793
E01003933,Southwark 034C,Southwark,E01003933,2370,0.22051697728208036,10747.471823760532
E01003934,Southwark 002C,Southwark,E01003934,1954,0.23290993819463265,8389.508902652009
E01003935,Southwark 002D,Southwark,E01003935,1284,0.14015099299358558,9161.547646392815
E01003936,Southwark 009A,Southwark,E01003936,1661,0.09637066234831605,17235.535789892012
E01003937,Southwark 009B,Southwark,E01003937,1536,0.0916642555711184,16756.80438825233
E01003938,Southwark 006A,Southwark,E01003938,1829,0.07783522120659958,23498.359375702792
E01003939,Southwark 002E,Southwark,E01003939,1975,0.15241725878433451,12957.850152616647
E01003940,Southwark 006B,Southwark,E01003940,1589,0.054022014200172906,29413.934736163803
E01003941,Southwark 006C,Southwark,E01003941,1988,0.09597755826568394,20713.17541228588
E01003942,Southwark 006D,Southwark,E01003942,1885,0.11915478576090133,15819.75904671159
E01003943,Southwark 009C,Southwark,E01003943,1494,0.06422162319412641,23263.192764281273
E01003945,Southwark 033A,Southwark,E01003945,1733,0.8364694729919011,2071.8030435723736
E01003946,Southwark 033B,Southwark,E01003946,1900,0.46004064173251785,4130.069884357565
E01003947,Southwark 033C,Southwark,E01003947,1608,0.1391582194852824,11555.192398606858
E01003948,Southwark 033D,Southwark,E01003948,1751,0.26777672871566344,6539.029767068689
E01003949,Southwark 032A,Southwark,E01003949,1880,0.22789051311163658,8249.575527872219
E01003950,Southwark 032B,Southwark,E01003950,1993,0.24552556123858904,8117.281108924157
E01003951,Southwark 033E,Southwark,E01003951,1488,1.0614020419009054,1401.9192928393882
E01003952,Southwark 030A,Southwark,E01003952,1655,0.13022969736125575,12708.314873903517
E01003953,Southwark 028A,Southwark,E01003953,2016,0.20298155303574378,9931.93701520746
E01003954,Southwark 030B,Southwark,E01003954,1592,0.10121265941078729,15729.257676538475
E01003955,Southwark 028B,Southwark,E01003955,1891,0.13967417414852415,13538.651733778524
E01003956,Southwark 030C,Southwark,E01003956,1848,0.11092486473953665,16659.92565633774
E01003957,Southwark 032C,Southwark,E01003957,1790,0.16844754216314098,10626.453654434388
E01003958,Southwark 032D,Southwark,E01003958,1936,0.16211192547497102,11942.366327015869
E01003960,Southwark 012A,Southwark,E01003960,1773,0.12463393495600741,14225.6601352258
E01003961,Southwark 012B,Southwark,E01003961,2074,0.1214327293215172,17079.41517569513
E01003963,Southwark 016A,Southwark,E01003963,1718,0.06035256960847869,28466.062193293008
E01003966,Southwark 015B,Southwark,E01003966,2137,0.10144594934181846,21065.40491626192
E01003969,Southwark 017B,Southwark,E01003969,2459,0.28566058477117356,8608.117924178321
E01003971,Southwark 015D,Southwark,E01003971,1426,0.06284476422511638,22690.83220508111
E01003972,Southwark 016D,Southwark,E01003972,1467,0.07171119283211667,20457.05756749018
E01003973,Southwark 016E,Southwark,E01003973,1651,0.08585233917857213,19230.69325538043
E01003975,Southwark 004A,Southwark,E01003975,1780,0.08202517363948716,21700.655067471904
E01003976,Southwark 003A,Southwark,E01003976,2395,0.1216281188380742,19691.170289236394
E01003977,Southwark 010A,Southwark,E01003977,1872,0.130565119160958,14337.673124567342
E01003979,Southwark 006E,Southwark,E01003979,1987,0.16815469795496762,11816.500069074043
E01003980,Southwark 013A,Southwark,E01003980,2000,0.19149277228930714,10444.258423385303
E01003981,Southwark 006F,Southwark,E01003981,1508,0.19036737265809917,7921.5255163939055
E01003983,Southwark 018A,Southwark,E01003983,1871,0.11764066998048849,15904.363689107842
E01003984,Southwark 023A,Southwark,E01003984,2290,0.1652526242967265,13857.571156559012
E01003986,Southwark 011A,Southwark,E01003986,1588,0.18307992632975884,8673.80729190231
E01003987,Southwark 011B,Southwark,E01003987,1839,0.136230922831334,13499.137800577373
E01003988,Southwark 018B,Southwark,E01003988,2023,0.3883425476056374,5209.318454732806
E01003989,Southwark 018C,Southwark,E01003989,2259,0.24805150779635732,9106.97951432962
E01003990,Southwark 018D,Southwark,E01003990,2306,0.13962179577533673,16516.045988339447
E01003991,Southwark 017C,Southwark,E01003991,1273,0.07914773605331554,16083.846026151412
E01003992,Southwark 014A,Southwark,E01003992,1586,0.07283685262129472,21774.691559589905
E01003993,Southwark 017D,Southwark,E01003993,2022,0.08676185731307359,23305.171911013455
E01003994,Southwark 012E,Southwark,E01003994,1829,0.1424838813012852,12836.5397074813
E01003995,Southwark 014B,Southwark,E01003995,1374,0.06454498214552098,21287.479744005894
E01003997,Southwark 017E,Southwark,E01003997,1296,0.07490954915133673,17300.865039005155
E01003998,Southwark 014D,Southwark,E01003998,1427,0.09631585343891538,14815.83715504343
E01003999,Southwark 014E,Southwark,E01003999,1499,0.08544109164950058,17544.251496098037
E01004000,Southwark 026A,Southwark,E01004000,1949,0.15854090900235546,12293.357041185147
E01004001,Southwark 026B,Southwark,E01004001,1768,0.19437585526672232,9095.779913477178
E01004002,Southwark 029A,Southwark,E01004002,1704,0.33469650704612836,5091.179513759169
E01004003,Southwark 023B,Southwark,E01004003,1823,0.12629318146865276,14434.666850581216
E01004004,Southwark 023C,Southwark,E01004004,2624,0.1986196973753016,13211.177112216741
E01004005,Southwark 023D,Southwark,E01004005,2326,0.1528467338302959,15217.858711868406
E01004006,Southwark 023E,Southwark,E01004006,1861,0.14932672805194203,12462.604814810293
E01004007,Southwark 018E,Southwark,E01004007,1443,0.07882020057679008,18307.489570445414
E01004008,Southwark 022B,Southwark,E01004008,2086,0.10000962760560636,20857.991874804888
E01004010,Southwark 022D,Southwark,E01004010,1507,0.12889426996114203,11691.753252136947
E01004011,Southwark 019B,Southwark,E01004011,2114,0.11388724102919943,18562.21979649146
E01004012,Southwark 019C,Southwark,E01004012,2346,0.14062418228036852,16682.76367518837
E01004013,Southwark 019D,Southwark,E01004013,1684,0.10617211193584584,15861.038923456204
E01004014,Southwark 019E,Southwark,E01004014,2129,0.09282798127691165,22934.894960702208
E01004015,Southwark 028C,Southwark,E01004015,1805,0.5721544379464569,3154.742636408449
E01004016,Southwark 029B,Southwark,E01004016,2589,0.5711374268166662,4533.059607790443
E01004017,Southwark 029C,Southwark,E01004017,1641,0.35436151460245585,4630.86405373612
E01004018,Southwark 032E,Southwark,E01004018,1899,0.27412231297256845,6927.5644853836975
E01004019,Southwark 026C,Southwark,E01004019,2125,0.1415840630923297,15008.751363592712
E01004020,Southwark 029D,Southwark,E01004020,1746,0.1979576195199476,8820.069690846434
E01004021,Southwark 028D,Southwark,E01004021,2115,0.1507843662046985,14026.653115540938
E01004023,Southwark 004D,Southwark,E01004023,1649,0.1135205610325569,14526.002910847828
E01004024,Southwark 011C,Southwark,E01004024,1968,0.11984040720574587,16421.840061184655
E01004028,Southwark 004E,Southwark,E01004028,2418,0.12341706914600525,19592.103561780827
E01004029,Southwark 001A,Southwark,E01004029,1996,0.10940851423071876,18243.552743901357
E01004030,Southwark 007A,Southwark,E01004030,1489,0.09339297207750574,15943.383820832858
E01004031,Southwark 007B,Southwark,E01004031,2600,0.42488729861240826,6119.269765161369
E01004032,Southwark 001B,Southwark,E01004032,1498,0.1374641316788225,10897.388152860092
E01004033,Southwark 007C,Southwark,E01004033,2416,0.14670549343026143,16468.367635793275
E01004034,Southwark 007D,Southwark,E01004034,1600,0.1333709515401267,11996.615316331572
E01004035,Southwark 011D,Southwark,E01004035,1426,0.22348686082452188,6380.688308650374
E01004036,Southwark 007E,Southwark,E01004036,2114,0.09668423374550024,21864.992027186512
E01004037,Southwark 010B,Southwark,E01004037,2025,0.1498351399093847,13514.853733407614
E01004038,Southwark 010C,Southwark,E01004038,2399,0.21406632155869773,11206.80722932956
E01004039,Southwark 013B,Southwark,E01004039,1543,0.08550014703474243,18046.75259064773
E01004040,Southwark 013C,Southwark,E01004040,1885,0.10823798813338359,17415.32739574835
E01004041,Southwark 013D,Southwark,E01004041,1631,0.07890871998530577,20669.45199850817
E01004042,Southwark 010D,Southwark,E01004042,1957,0.1473766575777684,13278.900690004595
E01004043,Southwark 010E,Southwark,E01004043,1356,0.11855609926809328,11437.623271778282
E01004044,Southwark 013E,Southwark,E01004044,1440,0.07036384654853926,20465.055147413543
E01004045,Southwark 027A,Southwark,E01004045,1587,0.061927897766301414,25626.576345105314
E01004046,Southwark 028E,Southwark,E01004046,1561,0.14935135220309229,10451.863856427004
E01004047,Southwark 027B,Southwark,E01004047,1643,0.1060663991039256,15490.296775231916
E01004048,Southwark 027C,Southwark,E01004048,1627,0.3988200256036178,4079.534365250392
E01004049,Southwark 027D,Southwark,E01004049,1345,0.10588628634665964,12702.305901980764
E01004050,Southwark 024D,Southwark,E01004050,1389,0.18785849777291122,7393.863021725338
E01004051,Southwark 027E,Southwark,E01004051,1285,0.1521722612969526,8444.377372380766
E01004052,Southwark 024E,Southwark,E01004052,1747,0.17632224443562838,9907.995474943002
E01004053,Southwark 001C,Southwark,E01004053,1872,0.14682802650268598,12749.609489341974
E01004054,Southwark 001D,Southwark,E01004054,1530,0.12015999746594934,12733.022905011028
E01004055,Southwark 001E,Southwark,E01004055,1331,0.19314972007762804,6891.0273308450205
E01004056,Southwark 008A,Southwark,E01004056,2317,0.18786274984174356,12333.472186220266
E01004057,Southwark 008B,Southwark,E01004057,2240,0.24553829833846122,9122.813081127904
E01004058,Southwark 008C,Southwark,E01004058,1693,0.14061970907554688,12039.564091904418
E01004059,Southwark 008D,Southwark,E01004059,2070,0.30999833562076873,6677.45520586375
E01004060,Southwark 008E,Southwark,E01004060,1969,0.10019759118919236,19651.171017496305
E01004061,Southwark 025A,Southwark,E01004061,1658,0.20704920282616052,8007.758433110533
E01004062,Southwark 025B,Southwark,E01004062,2214,0.1668530580843754,13269.160454226792
E01004063,Southwark 025C,Southwark,E01004063,1882,0.17216883158065352,10931.1306972445
E01004064,Southwark 026D,Southwark,E01004064,1941,0.16237042342824168,11954.14755358946
E01004065,Southwark 025D,Southwark,E01004065,1508,0.11158816545232182,13513.977883652204
E01004066,Southwark 025E,Southwark,E01004066,2091,0.14103040011818319,14826.590566627807
E01004067,Southwark 022E,Southwark,E01004067,2212,0.23276653653979848,9503.084218559019
E01004068,Southwark 026E,Southwark,E01004068,1906,0.1877218543849074,10153.319688031166
E01004069,Southwark 031A,Southwark,E01004069,1294,0.9289849174897888,1392.9182009720016
E01004070,Southwark 031B,Southwark,E01004070,1952,0.3174610793500929,6148.785243205684
E01004071,Southwark 030D,Southwark,E01004071,1527,0.12853397316501455,11880.127583386893
E01004072,Southwark 030E,Southwark,E01004072,1674,0.28269054283579936,5921.669622221292
E01004073,Southwark 031C,Southwark,E01004073,1894,0.19796134025858578,9567.52463650718
E01004074,Southwark 031D,Southwark,E01004074,1706,0.34979108378861856,4877.196930013656
E01004075,Southwark 031E,Southwark,E01004075,1713,0.5840276613993635,2933.080251533899
E01004076,Sutton 011A,Sutton,E01004076,1630,3.4361776508905053,474.3642982421401
E01004077,Sutton 011B,Sutton,E01004077,1626,0.2638857347457831,6161.7578591977435
E01004078,Sutton 011C,Sutton,E01004078,1763,0.32243779072583095,5467.721373575221
E01004079,Sutton 011D,Sutton,E01004079,1392,0.3231088252212233,4308.146021845543
E01004080,Sutton 011E,Sutton,E01004080,1394,0.29373633896238793,4745.752619251163
E01004081,Sutton 011F,Sutton,E01004081,1643,0.1714824421615831,9581.155827322818
E01004082,Sutton 011G,Sutton,E01004082,1389,0.17419058036368035,7974.024755529283
E01004083,Sutton 019A,Sutton,E01004083,1502,0.2492743463649079,6025.489673940419
E01004084,Sutton 024A,Sutton,E01004084,1449,0.5117963375934268,2831.20431618073
E01004085,Sutton 024B,Sutton,E01004085,1609,0.8082161832550627,1990.8039870221457
E01004086,Sutton 019B,Sutton,E01004086,2015,0.5621557392607828,3584.415953219053
E01004087,Sutton 017A,Sutton,E01004087,1565,0.35498018174176904,4408.696824484872
E01004088,Sutton 019C,Sutton,E01004088,1939,0.4671307468358147,4150.872134052679
E01004089,Sutton 019D,Sutton,E01004089,1345,0.11318294213169747,11883.416128509756
E01004090,Sutton 021A,Sutton,E01004090,1344,0.1886755711623278,7123.338711632594
E01004091,Sutton 022A,Sutton,E01004091,1282,0.37622439093202487,3407.5409008546394
E01004092,Sutton 022B,Sutton,E01004092,1507,0.6440321542188772,2339.9452808808664
E01004093,Sutton 025A,Sutton,E01004093,1716,0.4018354717477213,4270.404483050049
E01004094,Sutton 025B,Sutton,E01004094,1865,0.2788929845615089,6687.15279063852
E01004095,Sutton 025C,Sutton,E01004095,1562,0.28808354938538194,5422.038166818212
E01004096,Sutton 021B,Sutton,E01004096,1561,0.1552185195349907,10056.789645182165
E01004097,Sutton 015A,Sutton,E01004097,1656,0.2766169920749556,5986.617046111432
E01004098,Sutton 015B,Sutton,E01004098,1298,0.21953949363882438,5912.375848581513
E01004099,Sutton 015C,Sutton,E01004099,1616,0.38498413143092713,4197.575609138941
E01004100,Sutton 015D,Sutton,E01004100,1527,0.35955921716571215,4246.866516277464
E01004101,Sutton 013A,Sutton,E01004101,1409,0.21800533513856415,6463.14457902803
E01004102,Sutton 015E,Sutton,E01004102,1515,0.392199957601886,3862.8255068243657
E01004103,Sutton 013B,Sutton,E01004103,1776,0.17485159064233147,10157.185264804972
E01004104,Sutton 020A,Sutton,E01004104,1568,0.36518187635638044,4293.750871880047
E01004105,Sutton 022C,Sutton,E01004105,1876,0.3883062191915924,4831.238613446908
E01004106,Sutton 022D,Sutton,E01004106,1626,0.8131168387095025,1999.7126152013088
E01004107,Sutton 020B,Sutton,E01004107,1622,0.24247524055710923,6689.342781033252
E01004108,Sutton 024C,Sutton,E01004108,1967,4.578442346042972,429.6220966285677
E01004109,Sutton 024D,Sutton,E01004109,1714,0.662554229904189,2586.9580520946324
E01004110,Sutton 016A,Sutton,E01004110,2039,0.315180410293394,6469.310697647557
E01004111,Sutton 016B,Sutton,E01004111,1688,0.4797237425416314,3518.6918017790454
E01004112,Sutton 016C,Sutton,E01004112,1667,0.522680770511062,3189.327203237372
E01004114,Sutton 025D,Sutton,E01004114,1780,1.543095748562033,1153.5253088855513
E01004115,Sutton 009A,Sutton,E01004115,1838,0.2612261880503904,7036.048007734396
E01004116,Sutton 008A,Sutton,E01004116,1586,0.32304606272122177,4909.516576800585
E01004117,Sutton 006A,Sutton,E01004117,1432,0.2515306743176487,5693.142611272853
E01004118,Sutton 009B,Sutton,E01004118,1810,0.2731647588016386,6626.037736128144
E01004119,Sutton 009C,Sutton,E01004119,1441,0.25613951874786306,5625.8401946108215
E01004120,Sutton 016D,Sutton,E01004120,1514,0.28776458248222603,5261.245101604932
E01004121,Sutton 006B,Sutton,E01004121,1584,0.2503070740739114,6328.227062141567
E01004122,Sutton 008B,Sutton,E01004122,1390,0.26029918355093135,5340.009065867954
E01004123,Sutton 002A,Sutton,E01004123,2279,0.41384047800221,5506.952850532493
E01004124,Sutton 002B,Sutton,E01004124,2007,0.18348350299359906,10938.313075862823
E01004125,Sutton 001A,Sutton,E01004125,1609,0.1354927359720197,11875.17536240667
E01004126,Sutton 002C,Sutton,E01004126,1567,0.1273414905530487,12305.494408730905
E01004127,Sutton 005A,Sutton,E01004127,1844,0.20472970429444814,9006.997818684416
E01004128,Sutton 002D,Sutton,E01004128,1447,0.173780491133482,8326.596331739845
E01004129,Sutton 002E,Sutton,E01004129,1888,0.25950172218925915,7275.481580900833
E01004130,Sutton 003A,Sutton,E01004130,1764,0.6790939694727983,2597.578655233013
E01004131,Sutton 003B,Sutton,E01004131,1888,0.20727791707717555,9108.543865273612
E01004132,Sutton 009D,Sutton,E01004132,1486,0.17117928331458243,8680.957013175032
E01004133,Sutton 009E,Sutton,E01004133,1564,0.19280193800830195,8111.951654410523
E01004134,Sutton 003C,Sutton,E01004134,1610,0.22012457170831934,7314.040352266371
E01004135,Sutton 003D,Sutton,E01004135,1453,0.2752882192983544,5278.104539683387
E01004136,Sutton 003E,Sutton,E01004136,1564,0.23920629857064354,6538.289373421796
E01004137,Sutton 012A,Sutton,E01004137,2556,0.23585795025682815,10837.031345421026
E01004138,Sutton 013C,Sutton,E01004138,1808,0.16684007727602979,10836.724781712617
E01004139,Sutton 013D,Sutton,E01004139,1542,0.1520776882033703,10139.554448894012
E01004140,Sutton 012B,Sutton,E01004140,1882,0.13277548857500956,14174.302954545648
E01004141,Sutton 012C,Sutton,E01004141,1825,0.12463800471910176,14642.403848754042
E01004143,Sutton 014A,Sutton,E01004143,1533,0.11578753721370055,13239.766877247372
E01004144,Sutton 007A,Sutton,E01004144,1770,0.4054304830479249,4365.72994386999
E01004145,Sutton 007B,Sutton,E01004145,2280,0.45330703005760536,5029.703597824772
E01004146,Sutton 007C,Sutton,E01004146,1983,0.21476972357953528,9233.145002701645
E01004147,Sutton 007D,Sutton,E01004147,1583,0.29141605250337516,5432.096092172774
E01004148,Sutton 014B,Sutton,E01004148,1818,0.23682279265190434,7676.625968481843
E01004149,Sutton 012E,Sutton,E01004149,1862,0.2708157446696994,6875.523438531943
E01004150,Sutton 021C,Sutton,E01004150,1986,0.1605620142171958,12369.052603646924
E01004151,Sutton 021D,Sutton,E01004151,1966,0.195843202349044,10038.643039016855
E01004152,Sutton 018A,Sutton,E01004152,1774,0.20434282432907905,8681.48908984004
E01004153,Sutton 021E,Sutton,E01004153,1928,0.1728625441830057,11153.370495107776
E01004154,Sutton 022E,Sutton,E01004154,1485,0.3441011379301428,4315.591656954866
E01004155,Sutton 018B,Sutton,E01004155,1904,0.19228774045556263,9901.82731093047
E01004156,Sutton 018C,Sutton,E01004156,2018,0.21033095341874564,9594.4033305568
E01004157,Sutton 016E,Sutton,E01004157,1295,0.2642096820012278,4901.41008531997
E01004158,Sutton 018D,Sutton,E01004158,1605,0.23840712120996835,6732.181454372141
E01004159,Sutton 014C,Sutton,E01004159,1650,0.33899700137654193,4867.299690852597
E01004160,Sutton 014D,Sutton,E01004160,1650,0.22403937446943362,7364.776856333861
E01004161,Sutton 014E,Sutton,E01004161,1518,0.3229260664838993,4700.766390673778
E01004162,Sutton 018E,Sutton,E01004162,1694,0.17864064947594424,9482.724144641637
E01004163,Sutton 005B,Sutton,E01004163,1729,0.21859458573207546,7909.619509602956
E01004164,Sutton 004A,Sutton,E01004164,1443,0.23298026575864195,6193.6576271867125
E01004165,Sutton 005C,Sutton,E01004165,1776,0.24854629926363633,7145.549964983278
E01004166,Sutton 004B,Sutton,E01004166,1566,0.24199538830389283,6471.19769916214
E01004167,Sutton 005D,Sutton,E01004167,1632,0.16463296946501427,9912.959751034632
E01004168,Sutton 013E,Sutton,E01004168,1611,0.22495414078850032,7161.459639521135
E01004169,Sutton 004C,Sutton,E01004169,1807,0.15000307487453032,12046.419725138703
E01004170,Sutton 017B,Sutton,E01004170,2207,0.2512681645239313,8783.444588698783
E01004171,Sutton 010A,Sutton,E01004171,1609,0.37442741501144444,4297.228075435717
E01004172,Sutton 010B,Sutton,E01004172,1941,0.18077171485368906,10737.299259294987
E01004173,Sutton 010C,Sutton,E01004173,1365,0.22666731961361633,6022.041476145827
E01004174,Sutton 017C,Sutton,E01004174,1573,0.16867902800212345,9325.403511218941
E01004175,Sutton 010D,Sutton,E01004175,1737,0.2633692505556217,6595.302968495777
E01004176,Sutton 010E,Sutton,E01004176,1525,0.16380731511386554,9309.71854913771
E01004177,Sutton 020C,Sutton,E01004177,1804,0.22553104499387294,7998.898777101883
E01004178,Sutton 017D,Sutton,E01004178,2368,0.23546235803724,10056.809163634913
E01004179,Sutton 017E,Sutton,E01004179,1617,0.23242282820579388,6957.147938016921
E01004180,Sutton 020D,Sutton,E01004180,1761,0.5978837248357417,2945.388755119241
E01004181,Sutton 020E,Sutton,E01004181,1732,0.2782030852865086,6225.66783620064
E01004182,Sutton 019E,Sutton,E01004182,1767,0.14827894509901263,11916.72896526269
E01004183,Sutton 001B,Sutton,E01004183,1775,0.20808645557400993,8530.108291304368
E01004184,Sutton 001C,Sutton,E01004184,1705,0.27982378253519974,6093.12040796791
E01004185,Sutton 001D,Sutton,E01004185,2117,0.40233469607437017,5261.788308728611
E01004186,Sutton 004D,Sutton,E01004186,1719,0.2995323356558338,5738.946335246927
E01004187,Sutton 005E,Sutton,E01004187,1676,0.17711845678200394,9462.5937378328
E01004189,Sutton 001E,Sutton,E01004189,2115,0.3393909448870882,6231.7514119407
E01004190,Sutton 008C,Sutton,E01004190,1386,0.26555836479652184,5219.19164949668
E01004191,Sutton 008D,Sutton,E01004191,1886,0.24525829970336857,7689.851891989188
E01004192,Sutton 006C,Sutton,E01004192,1864,0.38923323035732205,4788.902525842461
E01004193,Sutton 006D,Sutton,E01004193,2845,0.36948437731704686,7699.91960325501
E01004194,Sutton 008E,Sutton,E01004194,1596,0.20626801590512056,7737.505948251959
E01004195,Sutton 006E,Sutton,E01004195,1695,0.2383313223664227,7111.948119827996
E01004196,Sutton 008F,Sutton,E01004196,1577,0.2439119350079121,6465.44827725976
E01004198,Tower Hamlets 002B,Tower Hamlets,E01004198,1490,0.09635829632289718,15463.121047792312
E01004199,Tower Hamlets 002C,Tower Hamlets,E01004199,1695,0.06714155333421125,25245.17107256634
E01004200,Tower Hamlets 005A,Tower Hamlets,E01004200,1502,0.05771460728848789,26024.60747055275
E01004201,Tower Hamlets 002D,Tower Hamlets,E01004201,1689,0.1284691097360312,13147.129325255168
E01004202,Tower Hamlets 005B,Tower Hamlets,E01004202,2019,0.10937450852266181,18459.5115193745
E01004203,Tower Hamlets 005C,Tower Hamlets,E01004203,1808,0.10606536600231795,17046.092123610717
E01004204,Tower Hamlets 005D,Tower Hamlets,E01004204,1868,0.08346144873248855,22381.590882604156
E01004205,Tower Hamlets 013A,Tower Hamlets,E01004205,2203,0.13597706976093418,16201.261020502705
E01004206,Tower Hamlets 013B,Tower Hamlets,E01004206,1464,0.07736272778649007,18923.841517590074
E01004207,Tower Hamlets 011A,Tower Hamlets,E01004207,1426,0.06966046061943354,20470.723094848174
E01004208,Tower Hamlets 013C,Tower Hamlets,E01004208,1978,0.16099927295935232,12285.769765552843
E01004209,Tower Hamlets 011B,Tower Hamlets,E01004209,1387,0.0829514400520136,16720.62593645511
E01004211,Tower Hamlets 013D,Tower Hamlets,E01004211,1629,0.16428992323418912,9915.398144522362
E01004212,Tower Hamlets 011D,Tower Hamlets,E01004212,2231,0.08467091675148283,26349.071034015098
E01004214,Tower Hamlets 030A,Tower Hamlets,E01004214,1620,0.06801814001491964,23817.175824635255
E01004216,Tower Hamlets 030B,Tower Hamlets,E01004216,1788,0.09000948861298706,19864.572364007603
E01004217,Tower Hamlets 030C,Tower Hamlets,E01004217,2077,0.40934453734878035,5073.96535312819
E01004218,Tower Hamlets 030D,Tower Hamlets,E01004218,1927,0.14330382540860048,13446.95436081743
E01004219,Tower Hamlets 028B,Tower Hamlets,E01004219,2721,0.20058914963375524,13565.040805886685
E01004221,Tower Hamlets 028D,Tower Hamlets,E01004221,1976,0.13732596870396574,14389.121144739003
E01004222,Tower Hamlets 001A,Tower Hamlets,E01004222,2730,0.13732431160571792,19879.94673396439
E01004223,Tower Hamlets 001B,Tower Hamlets,E01004223,2215,0.5920075301931021,3741.506462388252
E01004226,Tower Hamlets 001D,Tower Hamlets,E01004226,2407,0.09234756092688082,26064.575781333526
E01004228,Tower Hamlets 003A,Tower Hamlets,E01004228,1947,0.12491340670710824,15586.797697105842
E01004229,Tower Hamlets 004C,Tower Hamlets,E01004229,1419,0.10633040441014537,13345.195176033847
E01004230,Tower Hamlets 003B,Tower Hamlets,E01004230,2146,0.15883362850854613,13510.99272963177
E01004231,Tower Hamlets 004D,Tower Hamlets,E01004231,1646,0.10948947606828671,15033.408315639559
E01004232,Tower Hamlets 003C,Tower Hamlets,E01004232,1791,0.1902117960235176,9415.819825278148
E01004233,Tower Hamlets 003D,Tower Hamlets,E01004233,2204,0.08447803533924486,26089.621889870305
E01004234,Tower Hamlets 003E,Tower Hamlets,E01004234,2561,0.5761397882788213,4445.101782764934
E01004235,Tower Hamlets 008A,Tower Hamlets,E01004235,1312,0.037828729215084636,34682.634791676406
E01004236,Tower Hamlets 008B,Tower Hamlets,E01004236,1560,0.10105994330318897,15436.383091170543
E01004237,Tower Hamlets 008C,Tower Hamlets,E01004237,1530,0.06525526159616983,23446.38520443543
E01004239,Tower Hamlets 008E,Tower Hamlets,E01004239,1773,0.10853622158164601,16335.560370196476
E01004240,Tower Hamlets 012A,Tower Hamlets,E01004240,1684,0.08373834863998714,20110.260440410075
E01004241,Tower Hamlets 012B,Tower Hamlets,E01004241,1672,0.11882451142194078,14071.170838336539
E01004243,Tower Hamlets 020A,Tower Hamlets,E01004243,1553,0.11410249040205529,13610.57058901868
E01004244,Tower Hamlets 020B,Tower Hamlets,E01004244,2049,0.1351775317072461,15157.844459222099
E01004245,Tower Hamlets 018A,Tower Hamlets,E01004245,2966,0.2135429460431659,13889.477760602067
E01004247,Tower Hamlets 020C,Tower Hamlets,E01004247,2640,0.12053463857307628,21902.41768883268
E01004248,Tower Hamlets 018C,Tower Hamlets,E01004248,1888,0.10576738337846202,17850.49359918706
E01004249,Tower Hamlets 018D,Tower Hamlets,E01004249,2439,0.182552263790109,13360.557406202646
E01004251,Tower Hamlets 023A,Tower Hamlets,E01004251,2578,0.12904053185170103,19978.21895962696
E01004255,Tower Hamlets 023C,Tower Hamlets,E01004255,1586,0.09538142617925847,16627.975314809137
E01004256,Tower Hamlets 024C,Tower Hamlets,E01004256,1690,0.14197630820716056,11903.394456024917
E01004257,Tower Hamlets 024D,Tower Hamlets,E01004257,2232,0.123867317666152,18019.28096978495
E01004258,Tower Hamlets 023D,Tower Hamlets,E01004258,1472,0.09970837079606898,14763.053375033522
E01004259,Tower Hamlets 007A,Tower Hamlets,E01004259,1753,0.13200316216706398,13279.984897493538
E01004260,Tower Hamlets 007B,Tower Hamlets,E01004260,1785,0.09876947272637249,18072.38563422427
E01004263,Tower Hamlets 007C,Tower Hamlets,E01004263,1381,0.0824865624878046,16742.120878223974
E01004264,Tower Hamlets 010C,Tower Hamlets,E01004264,1441,0.061534793401789356,23417.64586079032
E01004266,Tower Hamlets 007D,Tower Hamlets,E01004266,1452,0.08221013805567937,17662.05524453186
E01004267,Tower Hamlets 012D,Tower Hamlets,E01004267,2200,0.21130441460634294,10411.519343306518
E01004268,Tower Hamlets 012E,Tower Hamlets,E01004268,1769,0.05114092064226427,34590.69523551067
E01004270,Tower Hamlets 014B,Tower Hamlets,E01004270,2420,0.2910704075850347,8314.139592816591
E01004271,Tower Hamlets 014C,Tower Hamlets,E01004271,2463,0.09753678104500682,25252.01235484168
E01004272,Tower Hamlets 014D,Tower Hamlets,E01004272,2668,0.09284795862207501,28735.149803990105
E01004274,Tower Hamlets 031A,Tower Hamlets,E01004274,1956,0.08377247844602963,23348.957035575255
E01004275,Tower Hamlets 031B,Tower Hamlets,E01004275,2514,0.13604612122751933,18479.027386570353
E01004276,Tower Hamlets 031C,Tower Hamlets,E01004276,2052,0.07895676841019955,25988.905591213694
E01004277,Tower Hamlets 033A,Tower Hamlets,E01004277,1593,0.43431076209388125,3667.880557046051
E01004280,Tower Hamlets 032A,Tower Hamlets,E01004280,1954,0.13574404814957905,14394.737939794228
E01004281,Tower Hamlets 031D,Tower Hamlets,E01004281,1991,0.12413712825146765,16038.714831285464
E01004283,Tower Hamlets 016A,Tower Hamlets,E01004283,2185,0.15203700770562262,14371.500945550342
E01004286,Tower Hamlets 019C,Tower Hamlets,E01004286,2476,0.15630772283676295,15840.548087222563
E01004287,Tower Hamlets 016B,Tower Hamlets,E01004287,2250,0.08531064251126008,26374.200612813627
E01004288,Tower Hamlets 019D,Tower Hamlets,E01004288,1853,0.10191344710917011,18182.095224539495
E01004289,Tower Hamlets 016C,Tower Hamlets,E01004289,1936,0.10552772565211256,18345.889556857357
E01004290,Tower Hamlets 016D,Tower Hamlets,E01004290,1975,0.09961114218367291,19827.09922508768
E01004291,Tower Hamlets 027A,Tower Hamlets,E01004291,1911,0.11316951310248904,16886.173206995707
E01004292,Tower Hamlets 026A,Tower Hamlets,E01004292,1672,0.14987927488196642,11155.645110484693
E01004293,Tower Hamlets 027B,Tower Hamlets,E01004293,1987,0.3265641165315977,6084.563181967795
E01004295,Tower Hamlets 026C,Tower Hamlets,E01004295,2003,0.08017221304861857,24983.718470953612
E01004296,Tower Hamlets 026D,Tower Hamlets,E01004296,2430,0.1339600589484679,18139.735224622276
E01004297,Tower Hamlets 027C,Tower Hamlets,E01004297,1917,0.11790770369558916,16258.479640560701
E01004298,Tower Hamlets 022A,Tower Hamlets,E01004298,1604,0.09136076958149673,17556.76979679096
E01004300,Tower Hamlets 022B,Tower Hamlets,E01004300,1450,0.04921574019069741,29462.119118429393
E01004301,Tower Hamlets 025B,Tower Hamlets,E01004301,1420,0.08312734840027881,17082.224169624027
E01004302,Tower Hamlets 025C,Tower Hamlets,E01004302,1669,0.0491168873686684,33980.166281152684
E01004303,Tower Hamlets 025D,Tower Hamlets,E01004303,2871,0.2260545004424682,12700.477072477845
E01004304,Tower Hamlets 022C,Tower Hamlets,E01004304,2136,0.10247747879035787,20843.604128568557
E01004305,Tower Hamlets 022D,Tower Hamlets,E01004305,1864,0.09185868151256327,20292.039568900906
E01004306,Tower Hamlets 015A,Tower Hamlets,E01004306,1842,0.11951153239202242,15412.738529348457
E01004307,Tower Hamlets 015B,Tower Hamlets,E01004307,2336,0.21174950318661032,11031.903097035052
E01004308,Tower Hamlets 015C,Tower Hamlets,E01004308,1441,0.08360238780365263,17236.349796423423
E01004309,Tower Hamlets 015D,Tower Hamlets,E01004309,2793,0.13024258072252268,21444.599642496258
E01004310,Tower Hamlets 015E,Tower Hamlets,E01004310,2021,0.09151998677828531,22082.608085335924
E01004311,Tower Hamlets 006A,Tower Hamlets,E01004311,1845,0.08450042819602488,21834.208883769817
E01004312,Tower Hamlets 009A,Tower Hamlets,E01004312,1525,0.06894863149151031,22117.91542501861
E01004313,Tower Hamlets 009B,Tower Hamlets,E01004313,2125,0.08133390072749695,26126.86691518277
E01004315,Tower Hamlets 006C,Tower Hamlets,E01004315,1580,0.09407270729563896,16795.51960840874
E01004316,Tower Hamlets 009C,Tower Hamlets,E01004316,1039,0.03407454945238905,30491.96590117065
E01004319,Tower Hamlets 021A,Tower Hamlets,E01004319,2506,0.09090269215004444,27567.940406688766
E01004321,Tower Hamlets 021C,Tower Hamlets,E01004321,2146,0.1052454883927784,20390.422741838418
E01004322,Tower Hamlets 017A,Tower Hamlets,E01004322,1401,0.13993129373252478,10012.056364446806
E01004323,Tower Hamlets 017B,Tower Hamlets,E01004323,1627,0.0703799910814733,23117.36581660762
E01004324,Tower Hamlets 017C,Tower Hamlets,E01004324,1599,0.07738665010576544,20662.478577566337
E01004326,Tower Hamlets 017D,Tower Hamlets,E01004326,1887,0.08384599041263006,22505.54845513225
E01004327,Waltham Forest 028A,Waltham Forest,E01004327,1506,0.11263749277928041,13370.326015255798
E01004328,Waltham Forest 028B,Waltham Forest,E01004328,1869,0.1015283933759556,18408.643511959926
E01004329,Waltham Forest 028C,Waltham Forest,E01004329,1810,0.11673170805544812,15505.641356162127
E01004330,Waltham Forest 028D,Waltham Forest,E01004330,1677,0.09702378503987902,17284.421539632927
E01004331,Waltham Forest 028E,Waltham Forest,E01004331,1656,0.10702735732803594,15472.679521782502
E01004332,Waltham Forest 028F,Waltham Forest,E01004332,1944,0.11330759536403198,17156.8374896172
E01004333,Waltham Forest 024A,Waltham Forest,E01004333,1696,0.09948090307217064,17048.49823055586
E01004334,Waltham Forest 024B,Waltham Forest,E01004334,1892,0.10997236371070933,17204.32239664367
E01004335,Waltham Forest 027A,Waltham Forest,E01004335,1740,0.11998172716779526,14502.208303491067
E01004336,Waltham Forest 026A,Waltham Forest,E01004336,1555,0.21324414332790106,7292.111172351913
E01004337,Waltham Forest 027B,Waltham Forest,E01004337,1742,0.11513816405257596,15129.648925134365
E01004338,Waltham Forest 027C,Waltham Forest,E01004338,2020,0.09462887027659553,21346.550942599646
E01004339,Waltham Forest 027D,Waltham Forest,E01004339,1883,0.106285650444924,17716.408490869133
E01004340,Waltham Forest 027E,Waltham Forest,E01004340,1880,0.26158857592185486,7186.858192773747
E01004341,Waltham Forest 027F,Waltham Forest,E01004341,1935,0.1499011440178385,12908.507221063848
E01004342,Waltham Forest 011A,Waltham Forest,E01004342,2091,0.36127035019784526,5787.909245402756
E01004343,Waltham Forest 008A,Waltham Forest,E01004343,1871,0.2788842244818335,6708.877145978105
E01004344,Waltham Forest 008B,Waltham Forest,E01004344,1904,0.37759476361816635,5042.4428076163
E01004345,Waltham Forest 010A,Waltham Forest,E01004345,1792,0.14354057324003422,12484.275069762658
E01004346,Waltham Forest 011B,Waltham Forest,E01004346,1796,0.18656417753740062,9626.714108285632
E01004347,Waltham Forest 011C,Waltham Forest,E01004347,2184,0.23202907635042758,9412.613429109897
E01004348,Waltham Forest 010B,Waltham Forest,E01004348,2947,0.26728552450732945,11025.662558539298
E01004349,Waltham Forest 001A,Waltham Forest,E01004349,1547,0.6474700974620691,2389.299530687019
E01004350,Waltham Forest 001B,Waltham Forest,E01004350,1901,0.3133899610714444,6065.925001237112
E01004351,Waltham Forest 001C,Waltham Forest,E01004351,1645,0.42907706155933145,3833.8101645933234
E01004352,Waltham Forest 002A,Waltham Forest,E01004352,1884,1.4663579854403908,1284.815862638194
E01004353,Waltham Forest 002B,Waltham Forest,E01004353,1815,0.572608105136841,3169.707141267681
E01004354,Waltham Forest 002C,Waltham Forest,E01004354,1965,0.30339368798463945,6476.733293474076
E01004355,Waltham Forest 004A,Waltham Forest,E01004355,1690,0.2461389214123062,6866.0413001854695
E01004356,Waltham Forest 001D,Waltham Forest,E01004356,1698,0.47066757686886734,3607.641748547892
E01004357,Waltham Forest 001E,Waltham Forest,E01004357,1583,0.3396143896305268,4661.168808901699
E01004358,Waltham Forest 002D,Waltham Forest,E01004358,1952,0.24258280982775698,8046.736705647008
E01004359,Waltham Forest 002E,Waltham Forest,E01004359,1712,0.22616913509454656,7569.556293719408
E01004360,Waltham Forest 004B,Waltham Forest,E01004360,1334,0.22489972176555237,5931.532460456459
E01004361,Waltham Forest 005A,Waltham Forest,E01004361,1383,0.20571236228697226,6722.979526484127
E01004362,Waltham Forest 021A,Waltham Forest,E01004362,1608,0.8117918370968777,1980.8033617959431
E01004363,Waltham Forest 019A,Waltham Forest,E01004363,1666,0.2990156790565539,5571.614188448303
E01004364,Waltham Forest 019B,Waltham Forest,E01004364,1984,0.19955471284736098,9942.135526097836
E01004365,Waltham Forest 020A,Waltham Forest,E01004365,2543,0.11988320100362176,21212.313140714137
E01004366,Waltham Forest 019C,Waltham Forest,E01004366,1936,0.2912723288584764,6646.7007270734075
E01004367,Waltham Forest 019D,Waltham Forest,E01004367,1607,0.12322750467890807,13040.919753973223
E01004368,Waltham Forest 019E,Waltham Forest,E01004368,2449,0.14199918850399978,17246.577433300034
E01004369,Waltham Forest 023A,Waltham Forest,E01004369,1757,0.09648021870830036,18210.986910302705
E01004370,Waltham Forest 023B,Waltham Forest,E01004370,2105,0.14084755693060536,14945.236153702825
E01004371,Waltham Forest 025A,Waltham Forest,E01004371,1646,0.10809705612314663,15227.056675112774
E01004372,Waltham Forest 023C,Waltham Forest,E01004372,1645,0.09881368420091345,16647.49182567968
E01004373,Waltham Forest 025B,Waltham Forest,E01004373,1798,0.09524351393777984,18877.925914982385
E01004374,Waltham Forest 025C,Waltham Forest,E01004374,1967,0.1285187363649096,15305.161376742763
E01004375,Waltham Forest 025D,Waltham Forest,E01004375,1933,0.11719446893144692,16493.952467421575
E01004376,Waltham Forest 025E,Waltham Forest,E01004376,1891,0.10926840380965304,17306.00918536475
E01004377,Waltham Forest 010C,Waltham Forest,E01004377,1837,0.8303213220566015,2212.3965159054114
E01004378,Waltham Forest 010D,Waltham Forest,E01004378,1849,0.2171385431478196,8515.300753129175
E01004379,Waltham Forest 007A,Waltham Forest,E01004379,1926,0.21221385542745488,9075.750478782482
E01004380,Waltham Forest 007B,Waltham Forest,E01004380,1796,0.5111191126885274,3513.858033116579
E01004381,Waltham Forest 007C,Waltham Forest,E01004381,1985,0.23335192711819217,8506.46499694259
E01004382,Waltham Forest 008C,Waltham Forest,E01004382,1753,0.11863546836953463,14776.356717702874
E01004383,Waltham Forest 007D,Waltham Forest,E01004383,1687,0.22845841398195404,7384.276072814094
E01004384,Waltham Forest 003A,Waltham Forest,E01004384,2002,0.2740070202379256,7306.382144010852
E01004385,Waltham Forest 003B,Waltham Forest,E01004385,1534,0.47667644058057246,3218.115831635502
E01004386,Waltham Forest 003C,Waltham Forest,E01004386,1698,0.37802994588931554,4491.707650317106
E01004387,Waltham Forest 007E,Waltham Forest,E01004387,1439,0.2670920394603635,5387.655891607163
E01004388,Waltham Forest 007F,Waltham Forest,E01004388,1660,0.2704171881100063,6138.6630472790375
E01004389,Waltham Forest 003D,Waltham Forest,E01004389,1733,0.4185254086605455,4140.728290658188
E01004390,Waltham Forest 003E,Waltham Forest,E01004390,1600,0.3256083097920028,4913.879504555867
E01004391,Waltham Forest 014A,Waltham Forest,E01004391,2326,0.7389879170151219,3147.5480808875027
E01004392,Waltham Forest 017A,Waltham Forest,E01004392,2565,0.21333424486092184,12023.386126649242
E01004393,Waltham Forest 014B,Waltham Forest,E01004393,1691,0.14272256171859765,11848.161773708214
E01004394,Waltham Forest 017B,Waltham Forest,E01004394,2003,0.11926582227123889,16794.41739348177
E01004395,Waltham Forest 018A,Waltham Forest,E01004395,1700,1.50583084942407,1128.9448616690204
E01004396,Waltham Forest 012A,Waltham Forest,E01004396,1995,0.11271030455477635,17700.24495879563
E01004397,Waltham Forest 017C,Waltham Forest,E01004397,2908,0.23606863566160632,12318.451334502928
E01004398,Waltham Forest 009A,Waltham Forest,E01004398,2029,0.4314881891165607,4702.330332967452
E01004399,Waltham Forest 009B,Waltham Forest,E01004399,1890,0.7897164257870475,2393.2641367012056
E01004400,Waltham Forest 009C,Waltham Forest,E01004400,1898,0.17329328694716262,10952.530438058475
E01004401,Waltham Forest 014C,Waltham Forest,E01004401,2368,1.1059215957206772,2141.200614187198
E01004402,Waltham Forest 009D,Waltham Forest,E01004402,1870,0.18983369060853425,9850.727729126978
E01004403,Waltham Forest 009E,Waltham Forest,E01004403,2588,0.38845888440935417,6662.22373555702
E01004404,Waltham Forest 014D,Waltham Forest,E01004404,2852,0.15142025049176058,18834.99723938965
E01004405,Waltham Forest 020B,Waltham Forest,E01004405,1716,0.11921827027112408,14393.766962878282
E01004406,Waltham Forest 016A,Waltham Forest,E01004406,1846,0.1402665599605269,13160.65639964003
E01004407,Waltham Forest 013A,Waltham Forest,E01004407,1632,0.09373348874472974,17411.06643799984
E01004408,Waltham Forest 016B,Waltham Forest,E01004408,1732,0.11805410496374148,14671.239094413171
E01004409,Waltham Forest 016C,Waltham Forest,E01004409,1774,0.15743785381951197,11267.938154401723
E01004410,Waltham Forest 013B,Waltham Forest,E01004410,1845,0.19706680932035536,9362.307160515978
E01004411,Waltham Forest 016D,Waltham Forest,E01004411,1981,0.12228513634932062,16199.84291746677
E01004412,Waltham Forest 015A,Waltham Forest,E01004412,1788,0.15079009865238896,11857.542477784385
E01004413,Waltham Forest 004C,Waltham Forest,E01004413,1543,0.3237412847023425,4766.151470050169
E01004414,Waltham Forest 005B,Waltham Forest,E01004414,1814,0.28688096206345737,6323.180133503413
E01004415,Waltham Forest 004D,Waltham Forest,E01004415,1618,0.26422802914236226,6123.498726655698
E01004416,Waltham Forest 004E,Waltham Forest,E01004416,1824,0.4719585702997423,3864.746006925083
E01004417,Waltham Forest 005C,Waltham Forest,E01004417,1886,0.2746934242607662,6865.835995439126
E01004418,Waltham Forest 008D,Waltham Forest,E01004418,1780,0.18161846438403065,9800.765610682654
E01004419,Waltham Forest 008E,Waltham Forest,E01004419,2652,0.2642830185115447,10034.696950777232
E01004420,Waltham Forest 020C,Waltham Forest,E01004420,2258,0.16904110262458893,13357.698009191454
E01004421,Waltham Forest 018B,Waltham Forest,E01004421,2132,0.12709222608984094,16775.219583398426
E01004422,Waltham Forest 022A,Waltham Forest,E01004422,2648,1.343420641724486,1971.0877723308513
E01004423,Waltham Forest 020D,Waltham Forest,E01004423,2102,0.12716041107260592,16530.30201986216
E01004424,Waltham Forest 022B,Waltham Forest,E01004424,2120,0.2176821758657495,9738.969171768393
E01004425,Waltham Forest 022C,Waltham Forest,E01004425,1989,0.13243925583129865,15018.20579944659
E01004426,Waltham Forest 022D,Waltham Forest,E01004426,1831,0.12505198713547527,14641.910472133348
E01004427,Waltham Forest 022E,Waltham Forest,E01004427,1975,0.4076996810701728,4844.2520112250595
E01004428,Waltham Forest 026B,Waltham Forest,E01004428,2091,0.1576641336232207,13262.369518973708
E01004429,Waltham Forest 026C,Waltham Forest,E01004429,1832,0.5351284404099486,3423.4771723150247
E01004430,Waltham Forest 026D,Waltham Forest,E01004430,2677,0.5103400743870051,5245.521828195597
E01004432,Waltham Forest 023D,Waltham Forest,E01004432,1932,0.1858275553007464,10396.735817103223
E01004434,Waltham Forest 026E,Waltham Forest,E01004434,2146,0.3236648511712307,6630.315254295828
E01004435,Waltham Forest 023E,Waltham Forest,E01004435,2147,0.15998945103998558,13419.634769941227
E01004436,Waltham Forest 021B,Waltham Forest,E01004436,1531,0.22831688621625845,6705.5925007222595
E01004437,Waltham Forest 021C,Waltham Forest,E01004437,1792,0.15361016962086418,11665.894285664539
E01004438,Waltham Forest 024C,Waltham Forest,E01004438,2142,0.2595464376787371,8252.858406214526
E01004439,Waltham Forest 021D,Waltham Forest,E01004439,1636,0.1476425008397879,11080.820161501339
E01004440,Waltham Forest 024D,Waltham Forest,E01004440,2066,0.23806842096589703,8678.177439988782
E01004441,Waltham Forest 024E,Waltham Forest,E01004441,1527,0.12924092369949722,11815.143038984179
E01004442,Waltham Forest 021E,Waltham Forest,E01004442,1544,0.15331620845412122,10070.689952276187
E01004443,Waltham Forest 016E,Waltham Forest,E01004443,2235,0.12839753727661504,17406.875921498373
E01004444,Waltham Forest 017D,Waltham Forest,E01004444,2820,0.19615985885994652,14376.029919624958
E01004445,Waltham Forest 018C,Waltham Forest,E01004445,2088,0.17140070689103326,12181.980097243302
E01004446,Waltham Forest 017E,Waltham Forest,E01004446,2668,0.1250866775007652,21329.20989914117
E01004447,Waltham Forest 016F,Waltham Forest,E01004447,1862,0.12705270447800968,14655.335418871588
E01004448,Waltham Forest 018D,Waltham Forest,E01004448,1931,0.5153119852149493,3747.2444953798863
E01004449,Waltham Forest 018E,Waltham Forest,E01004449,1892,0.17922617934908402,10556.493514906082
E01004450,Waltham Forest 006A,Waltham Forest,E01004450,1708,0.2963313893116717,5763.817339659489
E01004451,Waltham Forest 005D,Waltham Forest,E01004451,1841,0.19510371961910242,9436.0066717034
E01004452,Waltham Forest 005E,Waltham Forest,E01004452,1887,0.23119226820200905,8162.0376610137955
E01004453,Waltham Forest 006B,Waltham Forest,E01004453,1816,0.3350468988957811,5420.136721112827
E01004454,Waltham Forest 006C,Waltham Forest,E01004454,1971,0.1915837063019215,10287.93125493591
E01004455,Waltham Forest 006D,Waltham Forest,E01004455,1794,0.4706532936588332,3811.7230330070383
E01004456,Waltham Forest 006E,Waltham Forest,E01004456,1686,0.249655622683815,6753.302737087933
E01004457,Waltham Forest 012B,Waltham Forest,E01004457,1907,0.12044723847228836,15832.658549815975
E01004458,Waltham Forest 012C,Waltham Forest,E01004458,2038,0.13072267465295942,15590.256284232644
E01004459,Waltham Forest 012D,Waltham Forest,E01004459,1666,0.11004082573997227,15139.835500114994
E01004460,Waltham Forest 011D,Waltham Forest,E01004460,2047,0.138688537716878,14759.691274406492
E01004462,Waltham Forest 011E,Waltham Forest,E01004462,2355,0.136098563758821,17303.63594558774
E01004463,Waltham Forest 012E,Waltham Forest,E01004463,2047,0.1428130516930522,14333.423841398004
E01004464,Waltham Forest 013C,Waltham Forest,E01004464,1729,0.11424232030745435,15134.496527616328
E01004465,Waltham Forest 015B,Waltham Forest,E01004465,1607,0.11577419768095999,13880.467601498085
E01004466,Waltham Forest 015C,Waltham Forest,E01004466,1719,0.14781880606171627,11629.10218123596
E01004467,Waltham Forest 015D,Waltham Forest,E01004467,2354,0.19977423647743298,11783.301197929564
E01004468,Waltham Forest 015E,Waltham Forest,E01004468,1779,0.7798320029260627,2281.2605706419954
E01004469,Waltham Forest 013D,Waltham Forest,E01004469,1926,0.20749372449870096,9282.208436198069
E01004470,Waltham Forest 013E,Waltham Forest,E01004470,1671,0.1444380675241258,11568.972284407566
E01004471,Waltham Forest 013F,Waltham Forest,E01004471,1776,0.13548529981654236,13108.433183561923
E01004472,Wandsworth 021A,Wandsworth,E01004472,1782,0.13163678590220457,13537.249392611888
E01004473,Wandsworth 026A,Wandsworth,E01004473,1773,0.11092636348109246,15983.576350650043
E01004474,Wandsworth 021B,Wandsworth,E01004474,2017,0.14744641411268627,13679.545970229585
E01004475,Wandsworth 026B,Wandsworth,E01004475,1510,0.10436425136510095,14468.555853646825
E01004476,Wandsworth 021C,Wandsworth,E01004476,1812,0.19173815939119315,9450.3879965963
E01004477,Wandsworth 017A,Wandsworth,E01004477,1657,0.20521257635248677,8074.553857526873
E01004478,Wandsworth 017B,Wandsworth,E01004478,1566,0.09565562885135256,16371.2268562213
E01004479,Wandsworth 017C,Wandsworth,E01004479,1512,0.14531834775034347,10404.742576605757
E01004480,Wandsworth 026C,Wandsworth,E01004480,1721,0.07717436383097193,22300.151430718
E01004481,Wandsworth 029A,Wandsworth,E01004481,1640,0.10227514995368996,16035.175707320788
E01004482,Wandsworth 030A,Wandsworth,E01004482,1557,0.11929557168624949,13051.616065807968
E01004483,Wandsworth 026D,Wandsworth,E01004483,2101,0.451462379789301,4653.765394539726
E01004484,Wandsworth 026E,Wandsworth,E01004484,1498,0.3099958592544197,4832.322611027401
E01004485,Wandsworth 030B,Wandsworth,E01004485,1733,0.15217535661088055,11388.177682614942
E01004486,Wandsworth 026F,Wandsworth,E01004486,1425,0.2685226304432762,5306.815286471815
E01004487,Wandsworth 030C,Wandsworth,E01004487,1492,0.10538180953643934,14158.041189111393
E01004488,Wandsworth 029B,Wandsworth,E01004488,1331,0.1076679977185166,12362.076273394805
E01004489,Wandsworth 030D,Wandsworth,E01004489,1364,0.18182733037694246,7501.622540309644
E01004490,Wandsworth 031A,Wandsworth,E01004490,1570,0.12618767339877038,12441.785776005112
E01004491,Wandsworth 031B,Wandsworth,E01004491,2509,0.17160872728741072,14620.468548769786
E01004492,Wandsworth 031C,Wandsworth,E01004492,1740,0.27895724234231006,6237.515059260716
E01004493,Wandsworth 019A,Wandsworth,E01004493,1947,0.13960050409341226,13946.941041825929
E01004494,Wandsworth 018A,Wandsworth,E01004494,1785,0.11991672107242753,14885.330286189967
E01004495,Wandsworth 024A,Wandsworth,E01004495,1585,0.11727800844287414,13514.895256530981
E01004496,Wandsworth 024B,Wandsworth,E01004496,1930,0.17650667970805486,10934.430375055797
E01004497,Wandsworth 024C,Wandsworth,E01004497,1498,0.16807480056253415,8912.69836398022
E01004498,Wandsworth 031D,Wandsworth,E01004498,1687,0.1141795265377745,14774.978064407043
E01004499,Wandsworth 020A,Wandsworth,E01004499,1610,0.14257832066053738,11292.039298409365
E01004500,Wandsworth 014A,Wandsworth,E01004500,1927,0.16006106587139673,12039.155115637395
E01004501,Wandsworth 014B,Wandsworth,E01004501,1534,0.1614504720878755,9501.365837846934
E01004502,Wandsworth 020B,Wandsworth,E01004502,1641,0.1416311533844437,11586.433922102353
E01004503,Wandsworth 014C,Wandsworth,E01004503,1702,0.19909138615183306,8548.837962793648
E01004504,Wandsworth 020C,Wandsworth,E01004504,1525,0.225145856944832,6773.386908796968
E01004505,Wandsworth 014D,Wandsworth,E01004505,1618,0.1974374159332393,8195.001906564175
E01004506,Wandsworth 011A,Wandsworth,E01004506,2217,0.20164348019657377,10994.652531481503
E01004507,Wandsworth 014E,Wandsworth,E01004507,2585,0.1808894086804799,14290.49947620815
E01004508,Wandsworth 012A,Wandsworth,E01004508,2002,0.13733640933401817,14577.34339865332
E01004510,Wandsworth 012B,Wandsworth,E01004510,1843,0.16601495544813097,11101.409478592544
E01004511,Wandsworth 010B,Wandsworth,E01004511,1591,0.15895702396241762,10008.994634777271
E01004512,Wandsworth 019B,Wandsworth,E01004512,1454,0.11483460044408052,12661.689023841165
E01004513,Wandsworth 018B,Wandsworth,E01004513,1931,0.15157746450993953,12739.36073705321
E01004514,Wandsworth 012C,Wandsworth,E01004514,1822,0.1644054345346698,11082.358713730822
E01004515,Wandsworth 012D,Wandsworth,E01004515,1684,0.10568237797842922,15934.539250656533
E01004516,Wandsworth 036A,Wandsworth,E01004516,1746,0.21480871992278355,8128.16165297027
E01004517,Wandsworth 037A,Wandsworth,E01004517,2262,0.1514349421578893,14937.10743219085
E01004518,Wandsworth 036B,Wandsworth,E01004518,1734,0.12896341597826522,13445.673618727957
E01004519,Wandsworth 036C,Wandsworth,E01004519,1756,0.13106970951411664,13397.450917604063
E01004520,Wandsworth 036D,Wandsworth,E01004520,1402,0.11417283227721324,12279.628805177788
E01004521,Wandsworth 037B,Wandsworth,E01004521,2036,0.12048691406225431,16898.100643095735
E01004522,Wandsworth 037C,Wandsworth,E01004522,1729,0.11552393942249813,14966.594877591922
E01004523,Wandsworth 036E,Wandsworth,E01004523,1637,0.30608593017116387,5348.171342225976
E01004524,Wandsworth 037D,Wandsworth,E01004524,1839,0.1305458928675751,14087.000054957452
E01004525,Wandsworth 035A,Wandsworth,E01004525,1926,0.13988627244329674,13768.327415977927
E01004526,Wandsworth 035B,Wandsworth,E01004526,1775,0.10454412879996694,16978.476174365147
E01004527,Wandsworth 035C,Wandsworth,E01004527,1659,0.09747589451942847,17019.59246621056
E01004528,Wandsworth 035D,Wandsworth,E01004528,1653,0.14778060143091296,11185.500559576307
E01004529,Wandsworth 035E,Wandsworth,E01004529,2103,0.12263400070775782,17148.588383832808
E01004530,Wandsworth 035F,Wandsworth,E01004530,1745,0.13385837229674236,13036.166285748772
E01004531,Wandsworth 033A,Wandsworth,E01004531,1763,0.08371589752617263,21059.321492059764
E01004532,Wandsworth 032A,Wandsworth,E01004532,1441,0.09004294249299218,16003.475231966675
E01004533,Wandsworth 033B,Wandsworth,E01004533,1448,0.08918501747610845,16235.910929634578
E01004534,Wandsworth 008A,Wandsworth,E01004534,1920,0.25722095745999574,7464.399553440772
E01004535,Wandsworth 007A,Wandsworth,E01004535,1857,0.07716027760999852,24066.787439336113
E01004536,Wandsworth 008B,Wandsworth,E01004536,2350,0.15009009361344527,15657.262537608836
E01004537,Wandsworth 007B,Wandsworth,E01004537,2072,0.11672114578122222,17751.710593071795
E01004538,Wandsworth 007C,Wandsworth,E01004538,2478,0.11456174283382468,21630.25752492623
E01004539,Wandsworth 003A,Wandsworth,E01004539,2092,0.1353905473694081,15451.595703295709
E01004540,Wandsworth 003B,Wandsworth,E01004540,2235,0.13892977817431454,16087.263863588381
E01004541,Wandsworth 007D,Wandsworth,E01004541,1696,0.09454873801243258,17937.838575666516
E01004542,Wandsworth 021D,Wandsworth,E01004542,1572,0.13096848945823686,12002.887156313109
E01004543,Wandsworth 027A,Wandsworth,E01004543,1743,0.20888258594751843,8344.400717242783
E01004544,Wandsworth 021E,Wandsworth,E01004544,1537,0.10324853689060225,14886.409495841473
E01004545,Wandsworth 027B,Wandsworth,E01004545,1937,0.14587664413766477,13278.342201045152
E01004546,Wandsworth 027C,Wandsworth,E01004546,1500,0.09213883080464184,16279.781140053623
E01004547,Wandsworth 029C,Wandsworth,E01004547,1425,0.11575404108651852,12310.585329240526
E01004548,Wandsworth 029D,Wandsworth,E01004548,2036,0.16411019492983148,12406.298102750603
E01004549,Wandsworth 027D,Wandsworth,E01004549,1662,0.12424054577919756,13377.275426282617
E01004550,Wandsworth 017D,Wandsworth,E01004550,1361,0.14317512341534802,9505.841290960634
E01004551,Wandsworth 012E,Wandsworth,E01004551,1565,0.21362014377685273,7326.088131626747
E01004552,Wandsworth 008C,Wandsworth,E01004552,1971,0.10815788403509687,18223.359467354385
E01004553,Wandsworth 015A,Wandsworth,E01004553,1764,0.19873269416977313,8876.244582549925
E01004554,Wandsworth 009A,Wandsworth,E01004554,1657,0.40570680182460045,4084.2302681343067
E01004555,Wandsworth 017E,Wandsworth,E01004555,1724,0.13917938183810113,12386.892205092732
E01004556,Wandsworth 009B,Wandsworth,E01004556,1646,0.10056158928136355,16368.07862487753
E01004557,Wandsworth 015B,Wandsworth,E01004557,1728,0.10863258300447161,15906.829720958314
E01004558,Wandsworth 015C,Wandsworth,E01004558,1845,0.22419097863017065,8229.590732299466
E01004559,Wandsworth 015D,Wandsworth,E01004559,1468,0.17742191385002495,8274.06247709008
E01004560,Wandsworth 001A,Wandsworth,E01004560,1934,0.6955551309619239,2780.5128794397046
E01004563,Wandsworth 002C,Wandsworth,E01004563,2179,0.15272045773347936,14267.89856669163
E01004564,Wandsworth 002D,Wandsworth,E01004564,1874,0.38356627514734637,4885.72672162094
E01004565,Wandsworth 005A,Wandsworth,E01004565,1663,0.08704698804714632,19104.624264532707
E01004566,Wandsworth 001B,Wandsworth,E01004566,1681,0.09537939780695963,17624.3511560244
E01004567,Wandsworth 002E,Wandsworth,E01004567,2365,0.11744753768749584,20136.650342494086
E01004568,Wandsworth 013A,Wandsworth,E01004568,1762,0.22509102560188177,7827.944251835465
E01004569,Wandsworth 023A,Wandsworth,E01004569,2382,0.2902882083457435,8205.638160689441
E01004570,Wandsworth 023B,Wandsworth,E01004570,1931,0.11713416012893788,16485.370261539516
E01004571,Wandsworth 023C,Wandsworth,E01004571,1845,0.12224987507037896,15092.039962722562
E01004572,Wandsworth 016A,Wandsworth,E01004572,1684,0.7841894210624424,2147.440343837422
E01004573,Wandsworth 023D,Wandsworth,E01004573,1684,1.677022640057855,1004.1605639515424
E01004574,Wandsworth 013B,Wandsworth,E01004574,2116,0.21309765924459978,9929.719582565629
E01004575,Wandsworth 013C,Wandsworth,E01004575,1888,0.5443086618913501,3468.6201638600146
E01004576,Wandsworth 013D,Wandsworth,E01004576,1606,0.4397851598628329,3651.783067216057
E01004577,Wandsworth 003C,Wandsworth,E01004577,1848,0.11540133976541478,16013.678903178874
E01004579,Wandsworth 004B,Wandsworth,E01004579,1871,0.11760192509523268,15909.60350763719
E01004580,Wandsworth 004C,Wandsworth,E01004580,2114,0.10865068668715806,19456.848957493647
E01004581,Wandsworth 004D,Wandsworth,E01004581,1781,0.11121355561742242,16014.234866536299
E01004582,Wandsworth 001C,Wandsworth,E01004582,2201,0.13135322921631007,16756.34480500996
E01004583,Wandsworth 001D,Wandsworth,E01004583,1710,0.15051139461564697,11361.26606471714
E01004584,Wandsworth 003D,Wandsworth,E01004584,1726,0.051940072865866736,33230.60413213762
E01004585,Wandsworth 008D,Wandsworth,E01004585,1826,0.12667524206150946,14414.81358380474
E01004586,Wandsworth 009C,Wandsworth,E01004586,1897,0.0865442582150807,21919.420642390345
E01004587,Wandsworth 009D,Wandsworth,E01004587,1820,0.10703520654483695,17003.75099699185
E01004588,Wandsworth 008E,Wandsworth,E01004588,2014,0.1670835539563521,12053.849420309345
E01004589,Wandsworth 009E,Wandsworth,E01004589,1797,0.09573426184330397,18770.709309288828
E01004590,Wandsworth 005B,Wandsworth,E01004590,1850,0.14363252456040287,12880.091091220815
E01004591,Wandsworth 005C,Wandsworth,E01004591,1903,0.12296894359243493,15475.452129663354
E01004592,Wandsworth 005D,Wandsworth,E01004592,1685,0.09599718022522932,17552.59889974518
E01004593,Wandsworth 025A,Wandsworth,E01004593,1936,0.2156952763694243,8975.625394244546
E01004594,Wandsworth 020D,Wandsworth,E01004594,1701,0.1438082424598017,11828.25108564605
E01004595,Wandsworth 025B,Wandsworth,E01004595,1802,0.22835208944310328,7891.322581696763
E01004596,Wandsworth 020E,Wandsworth,E01004596,1617,0.11763638302270556,13745.747348317358
E01004597,Wandsworth 025C,Wandsworth,E01004597,1891,0.13885634823219248,13618.390689908625
E01004598,Wandsworth 025D,Wandsworth,E01004598,2146,0.14301318400334337,15005.60955240204
E01004599,Wandsworth 025E,Wandsworth,E01004599,1566,0.1089582869197439,14372.472661519345
E01004601,Wandsworth 018D,Wandsworth,E01004601,2464,0.30244850792133726,8146.841315020978
E01004602,Wandsworth 010C,Wandsworth,E01004602,1647,0.14222225551965334,11580.466038751616
E01004604,Wandsworth 006A,Wandsworth,E01004604,1564,0.3766869808143723,4151.9884669725925
E01004605,Wandsworth 006B,Wandsworth,E01004605,1821,0.193093697827101,9430.654757207823
E01004606,Wandsworth 006C,Wandsworth,E01004606,1673,0.10567647219784948,15831.33847303095
E01004607,Wandsworth 006D,Wandsworth,E01004607,1629,0.17239434714973934,9449.265749909266
E01004608,Wandsworth 006E,Wandsworth,E01004608,1669,0.096197123138066,17349.791194946483
E01004609,Wandsworth 010E,Wandsworth,E01004609,2136,0.20488266486196197,10425.479390553186
E01004610,Wandsworth 033C,Wandsworth,E01004610,1984,0.28583002283709164,6941.188263945169
E01004611,Wandsworth 032B,Wandsworth,E01004611,1547,0.12296815926572051,12580.492456239059
E01004612,Wandsworth 032C,Wandsworth,E01004612,1602,0.12104790901047294,13234.429351946894
E01004613,Wandsworth 033D,Wandsworth,E01004613,1694,0.09918783862415403,17078.706658978255
E01004614,Wandsworth 034A,Wandsworth,E01004614,1971,0.14399409252449807,13688.061540890429
E01004615,Wandsworth 034B,Wandsworth,E01004615,1644,0.17645966860827914,9316.57649006186
E01004616,Wandsworth 034C,Wandsworth,E01004616,1896,0.10525951808274737,18012.62284432561
E01004617,Wandsworth 034D,Wandsworth,E01004617,1909,0.4285681645326918,4454.367258196983
E01004618,Wandsworth 032D,Wandsworth,E01004618,1510,0.11984843818594386,12599.246371965628
E01004619,Wandsworth 015E,Wandsworth,E01004619,1357,0.5290494208318637,2564.977763072282
E01004620,Wandsworth 019C,Wandsworth,E01004620,1696,0.10651845047592197,15922.124218126637
E01004621,Wandsworth 019D,Wandsworth,E01004621,1719,0.4398461084952928,3908.1850829161003
E01004622,Wandsworth 024D,Wandsworth,E01004622,1848,0.20452301740990803,9035.65781203106
E01004623,Wandsworth 019E,Wandsworth,E01004623,1772,0.1493947604494633,11861.192418454499
E01004624,Wandsworth 024E,Wandsworth,E01004624,1574,0.39969629182100175,3937.9899994291
E01004625,Wandsworth 027E,Wandsworth,E01004625,1315,0.24801999922404722,5301.991791444622
E01004626,Wandsworth 027F,Wandsworth,E01004626,1847,0.5754599527628683,3209.6064915243537
E01004627,Wandsworth 019F,Wandsworth,E01004627,1588,0.10960532882069653,14488.34666239459
E01004628,Wandsworth 022A,Wandsworth,E01004628,2340,0.22480075521502837,10409.217699298753
E01004629,Wandsworth 020F,Wandsworth,E01004629,1592,0.24389357225799782,6527.437296772772
E01004630,Wandsworth 022B,Wandsworth,E01004630,1759,0.11491055633912546,15307.557948016694
E01004631,Wandsworth 022C,Wandsworth,E01004631,1885,0.16201925277344356,11634.419784887248
E01004632,Wandsworth 028A,Wandsworth,E01004632,1515,0.2791871220779667,5426.468057423208
E01004633,Wandsworth 022D,Wandsworth,E01004633,1655,0.08168083874489918,20261.78997951771
E01004634,Wandsworth 028B,Wandsworth,E01004634,1480,0.121110089890282,12220.286528899329
E01004635,Wandsworth 028C,Wandsworth,E01004635,1662,0.16541136048701666,10047.677469713166
E01004636,Wandsworth 028D,Wandsworth,E01004636,1464,0.1510844060499015,9689.947746933307
E01004637,Wandsworth 028E,Wandsworth,E01004637,1465,0.1420403070836319,10313.9737591346
E01004638,Wandsworth 011B,Wandsworth,E01004638,1375,0.2699792827109691,5092.98338077307
E01004639,Wandsworth 011C,Wandsworth,E01004639,1707,0.2244458745329728,7605.397085386076
E01004640,Wandsworth 011D,Wandsworth,E01004640,1679,0.16759014166563885,10018.489054981488
E01004641,Wandsworth 011E,Wandsworth,E01004641,1888,0.20716946639304432,9113.31207668443
E01004642,Wandsworth 016B,Wandsworth,E01004642,2111,0.22243180057708753,9490.549438178903
E01004643,Wandsworth 016C,Wandsworth,E01004643,2350,0.20226864967376734,11618.211738646794
E01004644,Wandsworth 016D,Wandsworth,E01004644,2507,0.39260622358002173,6385.5330084675
E01004645,Wandsworth 016E,Wandsworth,E01004645,2114,0.15929852447211884,13270.681614944915
E01004646,Westminster 002A,Westminster,E01004646,1723,0.212808819613586,8096.468948648787
E01004647,Westminster 001A,Westminster,E01004647,1392,0.19619779164347598,7094.881080667286
E01004648,Westminster 002B,Westminster,E01004648,2321,0.21471083667403967,10809.88754900897
E01004649,Westminster 001B,Westminster,E01004649,1408,0.19372334550163298,7268.096657912257
E01004650,Westminster 002C,Westminster,E01004650,1816,0.17654960554819932,10286.060930927533
E01004651,Westminster 003A,Westminster,E01004651,1775,0.10054632341970333,17653.554497370773
E01004652,Westminster 017A,Westminster,E01004652,1615,0.047343875770053494,34112.12060127825
E01004653,Westminster 014A,Westminster,E01004653,1958,0.09111149952943474,21490.152287170324
E01004654,Westminster 014B,Westminster,E01004654,2447,0.1184679563349558,20655.374463296746
E01004656,Westminster 014D,Westminster,E01004656,1967,0.15207916202893149,12934.053382183934
E01004657,Westminster 012A,Westminster,E01004657,1214,0.12355185129750289,9825.834151823317
E01004658,Westminster 012B,Westminster,E01004658,1523,0.10123377435871544,15044.386220386748
E01004659,Westminster 008A,Westminster,E01004659,1631,0.11261875104063919,14482.490570433012
E01004660,Westminster 008B,Westminster,E01004660,1431,0.0692108241473303,20675.956653164612
E01004661,Westminster 012C,Westminster,E01004661,1998,0.13180039725331505,15159.286630676268
E01004662,Westminster 012D,Westminster,E01004662,1320,0.09019008696857572,14635.7548192621
E01004663,Westminster 012E,Westminster,E01004663,1418,0.09408558855258105,15071.383639243866
E01004665,Westminster 024A,Westminster,E01004665,1453,0.04651051777270778,31240.245638645967
E01004668,Westminster 023D,Westminster,E01004668,1420,0.05520785250886979,25720.978728014466
E01004669,Westminster 024B,Westminster,E01004669,1721,0.07412411501043203,23217.815143665335
E01004670,Westminster 009A,Westminster,E01004670,2711,0.08420368447953155,32195.740801092816
E01004674,Westminster 005A,Westminster,E01004674,1902,0.08798259179606442,21617.912829945515
E01004675,Westminster 005B,Westminster,E01004675,2352,0.08946486348909381,26289.650576471508
E01004676,Westminster 006A,Westminster,E01004676,1498,0.08148148177020191,18384.545389401894
E01004677,Westminster 005C,Westminster,E01004677,1716,0.06909477603383583,24835.45209206079
E01004678,Westminster 005D,Westminster,E01004678,1963,0.08560765929421371,22930.19124905195
E01004679,Westminster 005E,Westminster,E01004679,1975,0.0782092814324681,25252.757266480792
E01004680,Westminster 015A,Westminster,E01004680,1242,0.11413562595715021,10881.79076063667
E01004681,Westminster 016A,Westminster,E01004681,1838,0.17718360350074372,10373.420359927859
E01004682,Westminster 016B,Westminster,E01004682,1278,0.09088664700021121,14061.471538245109
E01004683,Westminster 015B,Westminster,E01004683,1491,0.13127709201567186,11357.655605457838
E01004684,Westminster 015C,Westminster,E01004684,1341,0.07946135042325485,16876.128996765052
E01004686,Westminster 015E,Westminster,E01004686,1399,0.06311932277999299,22164.369615883184
E01004687,Westminster 019A,Westminster,E01004687,1319,0.18403067905537807,7167.283231091538
E01004690,Westminster 019D,Westminster,E01004690,1065,0.23341163468953496,4562.754557700501
E01004691,Westminster 019E,Westminster,E01004691,1151,0.34984519462528757,3290.026610863739
E01004692,Westminster 019F,Westminster,E01004692,1025,0.14910682534755781,6874.266135106794
E01004693,Westminster 017B,Westminster,E01004693,1211,0.08235497222945996,14704.637342671605
E01004694,Westminster 016C,Westminster,E01004694,1473,0.10352553297935733,14228.373982809744
E01004695,Westminster 017C,Westminster,E01004695,1071,0.05743364650850512,18647.605804402476
E01004696,Westminster 017D,Westminster,E01004696,1445,0.06684217728021061,21618.086944451
E01004697,Westminster 016D,Westminster,E01004697,1343,0.05593157174556629,24011.483283704787
E01004698,Westminster 017E,Westminster,E01004698,1336,0.09109908419184992,14665.350501070392
E01004699,Westminster 017F,Westminster,E01004699,1754,0.11675293256186689,15023.17724713735
E01004700,Westminster 016E,Westminster,E01004700,1485,0.05715285681330212,25982.953133050938
E01004701,Westminster 007A,Westminster,E01004701,1540,0.07833510373024087,19659.13015578852
E01004702,Westminster 009E,Westminster,E01004702,2808,0.16607221161406227,16908.307372491396
E01004703,Westminster 007B,Westminster,E01004703,1994,0.20740690925992913,9613.951662049281
E01004705,Westminster 007D,Westminster,E01004705,1245,0.06813130331142914,18273.53858635417
E01004706,Westminster 006B,Westminster,E01004706,1475,0.1386336380497463,10639.553435586258
E01004707,Westminster 006C,Westminster,E01004707,1840,0.12750285601103165,14431.049292266847
E01004708,Westminster 006D,Westminster,E01004708,1540,0.081259867814475,18951.54448830738
E01004709,Westminster 007E,Westminster,E01004709,1694,0.08943102609885305,18941.972086147467
E01004710,Westminster 002D,Westminster,E01004710,1953,0.1267385104629725,15409.68086863055
E01004711,Westminster 002E,Westminster,E01004711,2001,0.08220085489874912,24342.81252262803
E01004712,Westminster 008C,Westminster,E01004712,1449,0.09945862738832546,14568.871882200185
E01004713,Westminster 011A,Westminster,E01004713,1316,0.17875488473828344,7362.036578338919
E01004714,Westminster 011B,Westminster,E01004714,1668,0.3385467173998734,4926.9418791316975
E01004715,Westminster 013A,Westminster,E01004715,1805,0.10874220893683341,16598.890326464632
E01004716,Westminster 011C,Westminster,E01004716,1043,0.17916610381433257,5821.413636816297
E01004717,Westminster 011D,Westminster,E01004717,1262,0.09856638304116086,12803.553920336051
E01004718,Westminster 004A,Westminster,E01004718,1859,0.07256783290927607,25617.41098599585
E01004719,Westminster 004B,Westminster,E01004719,1824,0.09806366163170128,18600.162074820495
E01004720,Westminster 004C,Westminster,E01004720,2274,0.11801799083861973,19268.248712262142
E01004721,Westminster 004D,Westminster,E01004721,1881,0.11969934354511806,15714.371894537568
E01004722,Westminster 004E,Westminster,E01004722,2685,0.0798450912678171,33627.61514034657
E01004723,Westminster 005F,Westminster,E01004723,2234,0.09427981457136238,23695.422081139524
E01004724,Westminster 001C,Westminster,E01004724,1896,0.08178462014221685,23182.842895192385
E01004725,Westminster 003B,Westminster,E01004725,1295,0.2706564604375792,4784.663177469812
E01004726,Westminster 003C,Westminster,E01004726,1688,0.18925832205158807,8919.026554298018
E01004727,Westminster 008D,Westminster,E01004727,1545,1.1315999387623659,1365.3235097288632
E01004728,Westminster 003D,Westminster,E01004728,1454,0.07529585047632567,19310.493085633756
E01004729,Westminster 003E,Westminster,E01004729,1490,0.05825247276766235,25578.313318008066
E01004730,Westminster 001D,Westminster,E01004730,1461,0.44856865484455505,3257.0265091444885
E01004731,Westminster 020A,Westminster,E01004731,2002,0.6786849099440183,2949.822473826825
E01004732,Westminster 020B,Westminster,E01004732,1309,0.06913875183389745,18932.942312074276
E01004733,Westminster 020C,Westminster,E01004733,2102,0.4548367201057289,4621.438654977946
E01004734,Westminster 018A,Westminster,E01004734,1691,0.32030766417384393,5279.299214901788
E01004735,Westminster 018B,Westminster,E01004735,2027,0.487141525743328,4161.008439810189
E01004736,Westminster 018C,Westminster,E01004736,1466,1.192057407049444,1229.806543989029
E01004737,Westminster 024C,Westminster,E01004737,1218,0.08223701499648862,14810.84886230375
E01004740,Westminster 021A,Westminster,E01004740,1305,0.04849636930985859,26909.230908853067
E01004741,Westminster 024F,Westminster,E01004741,1289,0.05678788400527885,22698.503784366716
E01004742,Westminster 022A,Westminster,E01004742,1258,0.0466164340118409,26986.1911719901
E01004743,Westminster 021B,Westminster,E01004743,1500,0.04825730959691461,31083.373949547826
E01004744,Westminster 020D,Westminster,E01004744,1454,0.10689170273103239,13602.552516715408
E01004746,Westminster 021D,Westminster,E01004746,1249,0.040182813602991134,31082.940391885022
E01004747,Westminster 021E,Westminster,E01004747,2181,0.10724659948987028,20336.30912657516
E01004748,Westminster 020E,Westminster,E01004748,1218,0.08822608410169627,13805.441014428772
E01004749,Westminster 022B,Westminster,E01004749,2184,0.13753579715771017,15879.502246936054
E01004750,Westminster 023E,Westminster,E01004750,1585,0.2565757959429512,6177.511772592999
E01004751,Westminster 022C,Westminster,E01004751,1712,0.08447904666517005,20265.380204696867
E01004752,Westminster 022D,Westminster,E01004752,1362,0.035537169027680615,38326.06921893837
E01004753,Westminster 022E,Westminster,E01004753,1755,0.05955791097036184,29467.11816123556
E01004754,Westminster 010A,Westminster,E01004754,1878,0.08361119065962075,22461.108198366594
E01004755,Westminster 010B,Westminster,E01004755,2452,0.11544476412254678,21239.594698267614
E01004756,Westminster 006E,Westminster,E01004756,1523,0.05896870237857422,25827.259861044004
E01004757,Westminster 010C,Westminster,E01004757,1657,0.12250640546417005,13525.823353658267
E01004760,Westminster 014E,Westminster,E01004760,1688,0.07058301658089648,23915.10141912612
E01004761,Westminster 018D,Westminster,E01004761,1205,0.5192637870254604,2320.593174622664
E01004762,Westminster 011E,Westminster,E01004762,1549,0.2983587373678948,5191.736678017869
E01004763,Westminster 013B,Westminster,E01004763,2016,0.2943896987530657,6848.065705216888
E01004765,Westminster 013D,Westminster,E01004765,1869,0.26305733566008116,7104.914962018373
E01032512,Westminster 010F,Westminster,E01032512,2386,0.16475594721509376,14482.026538835691
E01032513,Westminster 010G,Westminster,E01032513,1234,0.05297669505052439,23293.261288253678
E01032562,Bromley 040D,Bromley,E01032562,1616,0.22689612904232068,7122.201717679298
E01032563,Bromley 040E,Bromley,E01032563,1450,0.381430836741163,3801.475550294751
E01032564,Lewisham 037E,Lewisham,E01032564,1302,0.15298470818590965,8510.65453167899
E01032565,Lewisham 038E,Lewisham,E01032565,1451,0.21597282505563647,6718.437838770733
E01032566,Bexley 029D,Bexley,E01032566,1886,0.5583261863159494,3377.953687690259
E01032567,Greenwich 033D,Greenwich,E01032567,1588,0.4152777588984137,3823.9466621386305
E01032568,Bromley 041E,Bromley,E01032568,1525,0.36672247804031344,4158.4579384096505
E01032569,Croydon 045E,Croydon,E01032569,1790,0.3161346367862427,5662.144516009882
E01032570,Bromley 042D,Bromley,E01032570,1736,0.46077835827341784,3767.5380556173773
E01032572,Ealing 040D,Ealing,E01032572,1608,0.2249616335963074,7147.885505159286
E01032573,Hounslow 029E,Hounslow,E01032573,1802,0.22352631567358028,8061.690609312842
E01032574,Enfield 037E,Enfield,E01032574,2072,0.3682643998360168,5626.392344529186
E01032575,Haringey 037D,Haringey,E01032575,2135,0.14659505792354538,14563.928895293862
E01032576,Harrow 032E,Harrow,E01032576,1679,0.2234153625076783,7515.1501721028535
E01032577,Hillingdon 033E,Hillingdon,E01032577,1784,0.36099407802345973,4941.909323742602
E01032579,Lewisham 039E,Lewisham,E01032579,2157,0.17387777567003618,12405.265662549587
E01032580,Barking and Dagenham 023F,Barking and Dagenham,E01032580,1546,0.1295199111277122,11936.388672129166
E01032581,Redbridge 034G,Redbridge,E01032581,1930,0.28784289447180067,6705.046527348195
E01032582,Lambeth 036E,Lambeth,E01032582,2283,0.31506360953412693,7246.155794938643
E01032583,Southwark 034D,Southwark,E01032583,2050,0.15322711855553608,13378.832802739105
E01032584,Southwark 034E,Southwark,E01032584,1348,0.08659053155146124,15567.52194319163
E01032623,Sutton 025E,Sutton,E01032623,1798,0.8193889302652319,2194.318148059429
E01032637,Southwark 003F,Southwark,E01032637,1048,0.03880838845065402,27004.470987826822
E01032638,Southwark 003G,Southwark,E01032638,1102,0.04131714340041747,26671.737426766667
E01032639,Southwark 014F,Southwark,E01032639,1915,0.08962037553666713,21367.90867626414
E01032640,Southwark 003H,Southwark,E01032640,1035,0.04470119018962281,23153.745920623624
E01032646,Southwark 003I,Southwark,E01032646,1515,0.12125799349203935,12494.021683605219
E01032719,Southwark 014G,Southwark,E01032719,1445,0.041046259112394144,35204.18257954412
E01032739,City of London 001F,City of London,E01032739,1619,1.6584962240781433,976.1855206513377
E01032740,City of London 001G,City of London,E01032740,1392,0.6393493134021232,2177.2135682649773
E01032741,Havering 013E,Havering,E01032741,1468,0.2787073947130119,5267.1727691746955
E01032742,Havering 013F,Havering,E01032742,1767,0.22683529825376875,7789.792918486584
E01032743,Ealing 010F,Ealing,E01032743,2281,0.09742885907040555,23411.954340465676
E01032744,Ealing 010G,Ealing,E01032744,1612,0.19975104267297578,8070.045484764254
E01032764,Tower Hamlets 004E,Tower Hamlets,E01032764,2361,0.3247460796026722,7270.295619545864
E01032765,Tower Hamlets 004F,Tower Hamlets,E01032765,1754,0.08180025110223005,21442.47696511267
E01032767,Tower Hamlets 021F,Tower Hamlets,E01032767,1564,0.13366254314357887,11701.109100699723
E01032768,Tower Hamlets 025E,Tower Hamlets,E01032768,1321,0.06988021280101453,18903.77757952136
E01032769,Tower Hamlets 025F,Tower Hamlets,E01032769,1339,0.10371309933815856,12910.616002653287
E01032770,Tower Hamlets 032B,Tower Hamlets,E01032770,2127,0.0439098499901569,48440.15637668544
E01032771,Tower Hamlets 033B,Tower Hamlets,E01032771,1546,0.35314822753671077,4377.765140671105
E01032772,Tower Hamlets 032C,Tower Hamlets,E01032772,2407,0.08304280337277077,28985.05231326572
E01032774,Tower Hamlets 032E,Tower Hamlets,E01032774,1803,0.20429714803914314,8825.380174443488
E01032775,Tower Hamlets 031F,Tower Hamlets,E01032775,1187,0.03298644305472854,35984.479988661464
E01032776,Tower Hamlets 028E,Tower Hamlets,E01032776,2067,0.08353320006208881,24744.652407230107
E01032777,Tower Hamlets 028F,Tower Hamlets,E01032777,1278,0.11310982635623933,11298.753089540955
E01032779,Tower Hamlets 028H,Tower Hamlets,E01032779,1405,0.028286049273105573,49671.12891710461
E01032780,Tower Hamlets 028I,Tower Hamlets,E01032780,2058,0.3525387314661182,5837.656451083561
E01032781,Tower Hamlets 033C,Tower Hamlets,E01032781,1689,0.054367932252436246,31066.106986702907
E01032782,Tower Hamlets 033D,Tower Hamlets,E01032782,2248,0.0755077392848207,29771.78261847279
E01032783,Tower Hamlets 031G,Tower Hamlets,E01032783,1308,0.08207343035234363,15936.948101044612
E01032784,Tower Hamlets 004G,Tower Hamlets,E01032784,1709,0.06452570287790764,26485.569684280475
E01032785,Tower Hamlets 010E,Tower Hamlets,E01032785,2516,0.07277311167464326,34573.20900676374
E01032786,Tower Hamlets 010F,Tower Hamlets,E01032786,1614,0.055613261862348023,29021.85460717833
E01032787,Tower Hamlets 011F,Tower Hamlets,E01032787,2452,0.10700343858500275,22915.15144209267
E01032788,Hammersmith and Fulham 023D,Hammersmith and Fulham,E01032788,1585,0.11605719451257464,13657.0594064142
E01032789,Hammersmith and Fulham 023E,Hammersmith and Fulham,E01032789,1202,0.03062377375690333,39250.551207100674
E01032790,Hammersmith and Fulham 023F,Hammersmith and Fulham,E01032790,1130,0.07466652455581398,15133.9573754409
E01032803,Southwark 003J,Southwark,E01032803,1506,0.06060382441611876,24849.916890714412
E01032834,Southwark 003K,Southwark,E01032834,1025,0.033646362677042366,30463.917001625243
E01033000,Hounslow 025F,Hounslow,E01033000,1752,0.08184055801211877,21407.478670179247
E01033030,Hounslow 025G,Hounslow,E01033030,1852,0.0713088375563887,25971.535415024806
E01033081,Hounslow 003F,Hounslow,E01033081,1595,0.09492524478111876,16802.69567571614
E01033082,Hounslow 003G,Hounslow,E01033082,1261,0.24513979432059854,5144.003663276473
E01033083,Hounslow 018F,Hounslow,E01033083,2217,0.13676574498291158,16210.199420015639
E01033084,Hounslow 018G,Hounslow,E01033084,1976,0.13241381578574132,14922.91411039286
E01033086,Haringey 020F,Haringey,E01033086,1190,0.06089877917195306,19540.621604908207
E01033098,Wandsworth 002F,Wandsworth,E01033098,1709,0.32791261091339413,5211.7544221297685
E01033099,Wandsworth 004E,Wandsworth,E01033099,1886,0.10492278420431057,17975.123461530457
E01033100,Wandsworth 002G,Wandsworth,E01033100,1869,0.11514628976899964,16231.52603309658
E01033132,Wandsworth 002H,Wandsworth,E01033132,2037,0.2642964759974915,7707.253728268906
E01033133,Wandsworth 004G,Wandsworth,E01033133,1194,0.058936760816160734,20259.002759320287
E01033135,Wandsworth 010G,Wandsworth,E01033135,1188,0.09857957816998891,12051.177556790042
E01033146,Enfield 025F,Enfield,E01033146,1538,0.14179263884731635,10846.825424104934
E01033148,Enfield 003F,Enfield,E01033148,2215,0.45144601210490887,4906.456011588976
E01033150,Enfield 003G,Enfield,E01033150,1690,0.1692134789485857,9987.384045886169
E01033151,Enfield 025G,Enfield,E01033151,1451,0.9853773808441987,1472.5322787061443
E01033208,Lambeth 004G,Lambeth,E01033208,1709,0.053149510727496706,32154.5763377245
E01033320,Lewisham 017E,Lewisham,E01033320,1569,0.14252883618891246,11008.298685049214
E01033322,Lewisham 017F,Lewisham,E01033322,1257,0.07075336892123206,17765.93848696288
E01033324,Lewisham 008E,Lewisham,E01033324,1539,0.1779451840083294,8648.730835716022
E01033325,Lewisham 008F,Lewisham,E01033325,1367,0.061716626113883774,22149.62297967354
E01033327,Lewisham 012F,Lewisham,E01033327,2205,0.33118558434521667,6657.898484197254
E01033341,Lewisham 012G,Lewisham,E01033341,1324,0.12835175806110868,10315.402141742688
E01033455,Brent 031G,Brent,E01033455,1144,0.06114323923298592,18710.16345144547
E01033456,Brent 027F,Brent,E01033456,2624,0.2661639799357314,9858.584172935789
E01033457,Brent 017G,Brent,E01033457,1982,0.17549333528962505,11293.876184693912
E01033463,Brent 003G,Brent,E01033463,3155,0.4271117325124292,7386.825881464607
E01033485,Brent 031H,Brent,E01033485,1638,0.13853646218118373,11823.602062666763
E01033486,Islington 011E,Islington,E01033486,1034,0.06764046083825331,15286.708387049202
E01033487,Islington 011F,Islington,E01033487,1199,0.024129104863321364,49691.026948231265
E01033488,Islington 011G,Islington,E01033488,1644,0.1009776846005266,16280.824882287176
E01033489,Islington 022G,Islington,E01033489,1460,0.0928137999696612,15730.419403981326
E01033490,Islington 022H,Islington,E01033490,1399,0.12485020449762188,11205.428181951018
E01033491,Islington 011H,Islington,E01033491,1932,0.18944878328684656,10198.006904455739
E01033493,Islington 006F,Islington,E01033493,1313,0.03563629766328934,36844.455964699846
E01033494,Islington 006G,Islington,E01033494,1534,0.10372380868242603,14789.2756685853
E01033569,Kingston upon Thames 004G,Kingston upon Thames,E01033569,1817,0.16753283470411406,10845.63514494977
E01033570,Richmond upon Thames 004G,Richmond upon Thames,E01033570,1904,0.4760522939781153,3999.5606030784697
E01033571,Richmond upon Thames 004H,Richmond upon Thames,E01033571,1496,0.33477693743921566,4468.6471279749485
E01033579,Newham 013F,Newham,E01033579,1887,0.4426680773984617,4262.787619766497
E01033580,Newham 037F,Newham,E01033580,1412,0.08661571171868221,16301.892254675598
E01033581,Newham 037G,Newham,E01033581,1923,1.3127418155010817,1464.8729683879071
E01033582,Newham 037H,Newham,E01033582,1449,0.16892623360077003,8577.708560201954
E01033584,Newham 034I,Newham,E01033584,1703,0.149435529089022,11396.218893737685
E01033586,Newham 013H,Newham,E01033586,2103,0.7044868258014648,2985.151635174307
E01033587,Barking and Dagenham 021E,Barking and Dagenham,E01033587,2456,0.27003345433118786,9095.169359970452
E01033589,Redbridge 030H,Redbridge,E01033589,1954,0.12026954472820194,16246.839583668996
E01033590,Redbridge 019H,Redbridge,E01033590,1250,0.09976129311037918,12529.909757855272
E01033591,Redbridge 030I,Redbridge,E01033591,2977,0.25362209501934263,11737.93631731083
E01033592,Redbridge 019I,Redbridge,E01033592,1985,0.15125791231494062,13123.280426262567
E01033593,Westminster 015F,Westminster,E01033593,1732,0.0926282469042585,18698.39987137199
E01033594,Westminster 015G,Westminster,E01033594,1500,0.20937969501422057,7164.01845889652
E01033597,Westminster 023F,Westminster,E01033597,1006,0.06254228728558349,16085.116865111699
E01033598,Westminster 009F,Westminster,E01033598,1366,0.054138073560273094,25231.780707512662
E01033599,Westminster 023G,Westminster,E01033599,1301,0.06394281415655413,20346.305009577805
E01033601,Westminster 009G,Westminster,E01033601,1981,0.05413178868230804,36595.87181990631
E01033602,Westminster 009H,Westminster,E01033602,1527,0.05795380333767001,26348.57269164678
E01033603,Westminster 009I,Westminster,E01033603,1266,0.04845136737108674,26129.293530640025
E01033604,Westminster 009J,Westminster,E01033604,1181,0.07317041498171067,16140.40319841287
E01033605,Westminster 009K,Westminster,E01033605,1640,0.07394414118312907,22178.903882843104
E01033699,Hackney 021G,Hackney,E01033699,1413,0.09544956459415599,14803.629602795618
E01033700,Hackney 021H,Hackney,E01033700,2491,0.10894011478172819,22865.773594887007
E01033702,Hackney 028C,Hackney,E01033702,1451,0.09880233510744356,14685.887721399458
E01033703,Hackney 010F,Hackney,E01033703,1411,0.06499858132930116,21708.166103679647
E01033704,Hackney 023F,Hackney,E01033704,2344,0.22087525370162006,10612.325105312635
E01033705,Hackney 028D,Hackney,E01033705,1434,0.1659410437439219,8641.623359998448
E01033706,Hackney 027F,Hackney,E01033706,1447,0.13331661143577156,10853.861228667116
E01033708,Hackney 027G,Hackney,E01033708,1869,0.3557695014070646,5253.401409081231
E01033709,Hackney 027H,Hackney,E01033709,1831,0.08697699108542897,21051.5445194188
E01033710,Hackney 028E,Hackney,E01033710,1131,0.04139117262548458,27324.66678906416
E01033711,Hackney 027I,Hackney,E01033711,1912,0.07790019724633564,24544.22540104594
E01033712,Hackney 023G,Hackney,E01033712,1543,0.16276772048701932,9479.766598580914
E01033713,Hackney 010G,Hackney,E01033713,1323,0.2614605485921502,5060.036809085623
E01033727,Greenwich 035B,Greenwich,E01033727,2711,0.15962946027003697,16983.080663268174
E01033728,Greenwich 035C,Greenwich,E01033728,1763,0.07536149641695097,23393.90914222147
E01033729,Greenwich 030E,Greenwich,E01033729,2478,0.6911505745513545,3585.3258193535326
E01033732,Greenwich 036D,Greenwich,E01033732,1067,0.10059520705976034,10606.867177738697
E01033734,Greenwich 004F,Greenwich,E01033734,1465,0.09589528054400627,15277.081329645964
E01033735,Greenwich 004G,Greenwich,E01033735,1262,0.103481116175367,12195.461806396816
E01033736,Greenwich 004H,Greenwich,E01033736,2244,0.1332761020010095,16837.227127058402
E01033737,Greenwich 004I,Greenwich,E01033737,1934,0.23731246782389004,8149.592887952371
E01033738,Greenwich 037D,Greenwich,E01033738,1861,0.28692217536252046,6486.079361585293
E01033739,Greenwich 002E,Greenwich,E01033739,1726,0.11725156580863265,14720.485718860424
E01033740,Greenwich 002F,Greenwich,E01033740,1634,0.16435624234411444,9941.818921479578
E01033741,Greenwich 002G,Greenwich,E01033741,2698,0.5716697272820103,4719.508260175985
E01033742,Greenwich 007F,Greenwich,E01033742,1341,0.12330918545284587,10875.102248670728
E01033743,Greenwich 002H,Greenwich,E01033743,1941,1.004853086718458,1931.6256531974348
E01033744,Greenwich 007G,Greenwich,E01033744,1803,0.15226199321855577,11841.431744637592
E01033745,Greenwich 002I,Greenwich,E01033745,1783,0.558477702280982,3192.6073193571024
E01033746,Greenwich 038E,Greenwich,E01033746,1471,0.12897668625489847,11405.161992554544
